ts,universe_id,playing,visits,favorites,up_votes,down_votes
2026-10-08T00:11:28Z,47545,4807,5610546017,13608817,3467082,264629
2026-10-08T00:11:28Z,65241,8296,4502385826,11888806,4412982,448806
2026-10-08T00:11:28Z,2471084,4976,1332516925,4648313,2034497,285451
2026-10-08T00:11:28Z,16680835,2543,551544844,2794097,599970,48337
2026-10-08T00:11:28Z,16876831,214,121292730,481573,179221,28989
2026-10-08T00:11:28Z,21164849,3169,805016683,2040846,877711,63441
2026-10-08T00:11:28Z,21449357,728,140867064,499650,157189,28242
2026-10-08T00:11:28Z,31970568,3047,1621748624,6099206,2083601,256880
2026-10-08T00:11:28Z,32211175,791,95209584,6544871,27942,8817
2026-10-08T00:11:28Z,52494682,365,171353849,519651,176603,28275
2026-10-08T00:11:28Z,63951305,292,890564563,3839258,1153058,144189
2026-10-08T00:11:28Z,66654135,193389,31118479903,24388522,10731210,1083703
2026-10-08T00:11:28Z,73754455,1102,1837370629,4034125,1017293,117555
2026-10-08T00:11:28Z,73885730,6885,3044858591,6008986,1539278,270643
2026-10-08T00:11:28Z,78084559,321,40756580,102616,35815,8230
2026-10-08T00:11:28Z,79301772,3962,504667287,2001333,400741,99023
2026-10-08T00:11:28Z,79609758,705,940781027,1682677,366272,183770
2026-10-08T00:11:28Z,83148140,905,426532400,355615,109347,32104
2026-10-08T00:11:28Z,83858907,880,1752512384,4568050,1039398,369566
2026-10-08T00:11:28Z,88070565,15859,10120308824,14007465,5638487,733842
2026-10-08T00:11:28Z,93740418,1506,3422611477,6952358,988237,96256
2026-10-08T00:11:28Z,97314177,1742,584380494,1261274,424931,49960
2026-10-08T00:11:28Z,98929893,1738,989471695,2120353,640374,67242
2026-10-08T00:11:28Z,102815652,237,62058364,365392,115086,14281
2026-10-08T00:11:28Z,104598338,779,418164047,535732,65476,24835
2026-10-08T00:11:28Z,107172930,1299,722465819,1984688,743197,207137
2026-10-08T00:11:28Z,110181652,1802,2357705166,8611049,2271959,236112
2026-10-08T00:11:28Z,111958650,3182,6312225115,11520092,5125652,665524
2026-10-08T00:11:28Z,113491250,2599,1801789813,5987413,2464289,251334
2026-10-08T00:11:28Z,114070244,405,354063362,1221803,276477,57410
2026-10-08T00:11:28Z,114967577,921,59782673,277046,92585,14859
2026-10-08T00:11:28Z,115797356,532,1238748258,2843589,936988,201801
2026-10-08T00:11:28Z,123956318,600,33614414,344841,78767,17766
2026-10-08T00:11:28Z,124283622,645,793504491,673001,256104,86662
2026-10-08T00:11:28Z,140733710,1645,413402141,1222197,275614,39091
2026-10-08T00:11:28Z,147332621,786,208612920,555005,195129,47760
2026-10-08T00:11:28Z,169302362,874,218093721,1858221,686699,30377
2026-10-08T00:11:28Z,170247232,256,473338961,2123456,749820,243799
2026-10-08T00:11:28Z,184199275,20079,992083352,1925785,571220,62069
2026-10-08T00:11:28Z,210851291,9692,5220080611,8539164,3659510,259230
2026-10-08T00:11:28Z,212154879,358,156066061,1220547,421785,59247
2026-10-08T00:11:28Z,228573408,440,2484930661,15003338,748483,169231
2026-10-08T00:11:28Z,245662005,5805,8067140630,18677231,5804635,811760
2026-10-08T00:11:28Z,274816972,2216,1370314585,7132769,1981214,138442
2026-10-08T00:11:28Z,279565647,649,1729235408,8396895,764255,274083
2026-10-08T00:11:28Z,300039023,115,129867966,421311,175486,29027
2026-10-08T00:11:28Z,301252049,281,300570741,1042998,440422,109042
2026-10-08T00:11:28Z,321778215,7825,10462310884,13329263,3264569,535002
2026-10-08T00:11:28Z,323675642,458,598623879,2220978,544471,123397
2026-10-08T00:11:28Z,341654025,2190,3208813037,5421433,859719,257857
2026-10-08T00:11:28Z,358276974,2943,196448232,1014454,262205,43018
2026-10-08T00:11:28Z,371263894,6587,1468971628,2701407,1060865,146404
2026-10-08T00:11:28Z,372226183,26516,6056049760,9718200,2803055,240577
2026-10-08T00:11:28Z,380704901,507,1048943664,2103772,840821,88287
2026-10-08T00:11:28Z,383310974,165546,44976147704,29716109,9535075,1513175
2026-10-08T00:11:28Z,433670627,358,43485734,437083,78273,8953
2026-10-08T00:11:28Z,465016798,872,129970173,419910,98355,17785
2026-10-08T00:11:28Z,484789923,525,667558202,2129681,614198,97975
2026-10-08T00:11:28Z,485929611,593,648452288,1439360,351431,43847
2026-10-08T00:11:28Z,504035427,327,1699557127,5963365,1370625,82494
2026-10-08T00:11:28Z,533435040,626,868992891,2279075,614552,53806
2026-10-08T00:11:28Z,537476076,240,212664015,257567,52841,6177
2026-10-08T00:11:28Z,540382210,1610,361558230,1050019,494564,26651
2026-10-08T00:11:28Z,547524060,5574,1469455691,2288740,469917,42869
2026-10-08T00:11:28Z,568307879,376,528952426,556201,99213,110017
2026-10-08T00:11:28Z,571251690,1483,106356514,1054370,54400,11343
2026-10-08T00:11:28Z,578392296,15835,1345696960,1004578,515311,123192
2026-10-08T00:11:28Z,601130232,23295,4595174683,6544587,3034177,139867
2026-10-08T00:11:28Z,605887098,2598,2532080671,3727116,1529956,116665
2026-10-08T00:11:28Z,616165168,1413,151077120,1230540,80545,15417
2026-10-08T00:11:28Z,625764726,482,25547089,200111,47706,9624
2026-10-08T00:11:28Z,648454481,17075,1324598342,1511380,1073486,121625
2026-10-08T00:11:28Z,703124385,10387,29089100534,12033082,4366031,1565752
2026-10-08T00:11:28Z,708100196,155,339041037,1297732,305049,41267
2026-10-08T00:11:28Z,725056461,285,19740643,43169,10618,3060
2026-10-08T00:11:28Z,757291724,723,249852695,464169,77824,17144
2026-10-08T00:11:28Z,767752328,312,255521148,1375667,415014,144503
2026-10-08T00:11:28Z,770538576,462,548498470,1237411,376833,45511
2026-10-08T00:11:28Z,807930589,611,343750160,1631256,625774,89248
2026-10-08T00:11:28Z,833209132,359,100700394,899454,256984,27883
2026-10-08T00:11:28Z,847722000,327,203998291,2238746,579785,45152
2026-10-08T00:11:28Z,850110028,4678,189476616,705940,380075,36918
2026-10-08T00:11:28Z,873703865,699,453462728,1476179,527108,80587
2026-10-08T00:11:28Z,892043755,2106,1252070351,3320253,1055515,136803
2026-10-08T00:11:28Z,903807016,8109,1597557600,2852474,1185881,119797
2026-10-08T00:11:28Z,905198065,669,500243139,808717,340605,86383
2026-10-08T00:11:28Z,911750776,3465,1527258280,4482363,1404760,185955
2026-10-08T00:11:28Z,918677693,1254,311640002,653028,268180,39372
2026-10-08T00:11:28Z,943733974,198,213687184,860563,563506,52269
2026-10-08T00:11:28Z,952510115,330,28700626,439083,46663,15133
2026-10-08T00:11:28Z,972475338,2552,715844516,1891210,503100,82022
2026-10-08T00:11:28Z,985731078,1657,451107869,2276026,935702,52301
2026-10-08T00:11:28Z,994732206,143819,64856658270,20039972,12746692,1065490
2026-10-08T00:11:28Z,1000233041,6213,3316982636,5807881,2005309,180583
2026-10-08T00:11:28Z,1001911915,1161,242106487,689070,274517,35924
2026-10-08T00:11:28Z,1003981402,1151,32559040,242693,54692,4746
2026-10-08T00:11:28Z,1008451066,2694,2954591078,3007013,1297521,542699
2026-10-08T00:11:28Z,1016936714,4077,2267228551,1970455,1451095,181976
2026-10-08T00:11:28Z,1024564064,511,461409002,843105,239242,37829
2026-10-08T00:11:28Z,1037979853,228,496706389,1867103,834442,71109
2026-10-08T00:11:28Z,1053132402,1306,572922234,976756,298230,71422
2026-10-08T00:11:28Z,1054526971,3307,631556920,1716336,618366,67744
2026-10-08T00:11:28Z,1072353049,2054,607562875,1328303,417386,37134
2026-10-08T00:11:28Z,1073273083,483,662776874,1724360,511872,111542
2026-10-08T00:11:28Z,1087859240,1281,385280696,345221,118572,23297
2026-10-08T00:11:28Z,1091907805,395,273664627,1089079,381950,37703
2026-10-08T00:11:28Z,1119466531,331,1944268294,3792671,1139520,103238
2026-10-08T00:11:28Z,1125307892,328,73773392,5728942,400915,14124
2026-10-08T00:11:28Z,1147304238,562,612932464,1275666,469511,45984
2026-10-08T00:11:28Z,1160789089,784,857332430,6352249,499494,65977
2026-10-08T00:11:28Z,1165835263,294,91945848,264677,114376,18237
2026-10-08T00:11:28Z,1171251167,2031,291962697,6151189,20616,3216
2026-10-08T00:11:28Z,1175471394,613,202609317,142992,46510,18990
2026-10-08T00:11:28Z,1176784616,8407,5003933454,3519007,2077782,129098
2026-10-08T00:11:28Z,1177208440,951,88231525,204086,99386,27352
2026-10-08T00:11:28Z,1180269832,603,155328723,882941,370755,30650
2026-10-08T00:11:28Z,1187091887,459,237354949,506042,172256,50631
2026-10-08T00:11:28Z,1198533421,596,184546674,734397,256575,28982
2026-10-08T00:11:28Z,1200145783,307,17586005,103186,32227,6515
2026-10-08T00:11:28Z,1202096104,17564,3341845379,31781861,2537048,190747
2026-10-08T00:11:28Z,1214576306,854,1650827681,4305291,1342389,99979
2026-10-08T00:11:28Z,1229590289,239,98819488,4191643,61334,8997
2026-10-08T00:11:28Z,1230230722,3029,2835692748,3429668,945106,94025
2026-10-08T00:11:28Z,1235188606,5136,1730168337,14549423,1117463,78724
2026-10-08T00:11:28Z,1247231049,270,53686787,705824,76467,11193
2026-10-08T00:11:28Z,1247975681,309,1870394729,5077046,2156199,379557
2026-10-08T00:11:28Z,1268927906,5833,2309909232,2608453,1165283,155254
2026-10-08T00:11:28Z,1271059807,2057,76571377,393582,90000,8652
2026-10-08T00:11:28Z,1275875292,276,573817312,1093942,286423,46749
2026-10-08T00:11:28Z,1278035280,7025,782591855,1518619,501617,37310
2026-10-08T00:11:28Z,1281592938,2919,314542174,2599868,471421,39667
2026-10-08T00:11:28Z,1312971993,1458,644735757,2033816,570497,90785
2026-10-08T00:11:28Z,1315450727,338,545196986,1043168,169458,27540
2026-10-08T00:11:28Z,1315966725,443,763626545,17702736,156590,125707
2026-10-08T00:11:28Z,1318971886,2022,3017493892,4161532,1099669,121839
2026-10-08T00:11:28Z,1325411718,760,400829309,441685,249121,32732
2026-10-08T00:11:28Z,1335695570,514,2161226143,4716796,1622079,131117
2026-10-08T00:11:28Z,1358133289,1327,1543352466,1594520,282765,46631
2026-10-08T00:11:28Z,1359546589,528,774077054,1235428,580529,88262
2026-10-08T00:11:28Z,1359573625,2987,1642377837,1041548,412951,65633
2026-10-08T00:11:28Z,1374118848,787,70530580,380431,155855,21448
2026-10-08T00:11:28Z,1390601379,1944,1453103254,2370587,1366433,271225
2026-10-08T00:11:28Z,1393178180,76,101263056,192555,92727,15677
2026-10-08T00:11:28Z,1415710834,1014,844552828,2007408,515562,65775
2026-10-08T00:11:28Z,1424449565,315,256838730,988783,317499,80402
2026-10-08T00:11:28Z,1430007363,1259,921441826,2426458,142516,29651
2026-10-08T00:11:28Z,1434220026,238,888791295,2678687,1087557,99197
2026-10-08T00:11:28Z,1451439645,4176,4063168931,2772492,1696269,158082
2026-10-08T00:11:28Z,1452258989,662,1977695073,20694096,1264981,307889
2026-10-08T00:11:28Z,1480782352,1260,1953803252,2746269,1422164,83505
2026-10-08T00:11:28Z,1489026993,3068,2692897756,4370869,1025936,110799
2026-10-08T00:11:28Z,1494262959,1758,366574617,826049,370410,122137
2026-10-08T00:11:28Z,1511883870,3161,2730915172,3078322,2243770,145921
2026-10-08T00:11:28Z,1516533665,18620,14398317356,12260310,4061571,435208
2026-10-08T00:11:28Z,1525626450,6081,340197556,886470,396322,22629
2026-10-08T00:11:28Z,1526814825,6183,1124728678,4423371,1108985,106117
2026-10-08T00:11:28Z,1527252839,396,605209644,2878308,82803,23600
2026-10-08T00:11:28Z,1531130248,3456,531955456,859355,363863,43666
2026-10-08T00:11:28Z,1536694921,276,480499080,1470437,228145,28137
2026-10-08T00:11:28Z,1586272220,194,33133683,199543,72948,18402
2026-10-08T00:11:28Z,1617287243,770,626555547,935057,190509,38673
2026-10-08T00:11:28Z,1638323641,1155,354778178,1385871,330988,44157
2026-10-08T00:11:28Z,1640395061,366,16918275,16091,2659,1018
2026-10-08T00:11:28Z,1648467492,1248,58726555,66999,17618,8084
2026-10-08T00:11:28Z,1648496580,3009,239470214,279150,73430,16986
2026-10-08T00:11:28Z,1650291138,597,1001745001,1515119,825507,131746
2026-10-08T00:11:28Z,1654971928,533,33385676,72925,26412,4952
2026-10-08T00:11:28Z,1659645941,550,2358561848,3408434,1242228,140794
2026-10-08T00:11:28Z,1668992109,2288,814433735,1046202,324169,66234
2026-10-08T00:11:28Z,1673554668,825,110145606,224691,54596,12168
2026-10-08T00:11:28Z,1686885941,312412,88322344801,30368741,8620489,1416093
2026-10-08T00:11:28Z,1699553764,405,298915940,710726,191027,49829
2026-10-08T00:11:28Z,1701332290,1363,1279881776,1823058,347994,99019
2026-10-08T00:11:28Z,1701518532,246,124487359,2090772,43353,6201
2026-10-08T00:11:28Z,1701623492,267,4040642937,2817462,765965,212175
2026-10-08T00:11:28Z,1707552920,471,299129949,935286,288782,40351
2026-10-08T00:11:28Z,1709832923,513,1254788583,3579841,1051737,53743
2026-10-08T00:11:28Z,1709917610,1738,264513772,1073834,406760,45240
2026-10-08T00:11:28Z,1718755273,536,86565765,322275,136565,45273
2026-10-08T00:11:28Z,1719305066,482,154703747,377305,133916,13824
2026-10-08T00:11:28Z,1720936166,1521,7934606130,2319740,1494847,129155
2026-10-08T00:11:28Z,1733898268,402,51610771,327900,63834,4293
2026-10-08T00:11:28Z,1742264997,1339,507960270,1293446,676487,73490
2026-10-08T00:11:28Z,1743990973,336,263809165,156954,76133,27067
2026-10-08T00:11:28Z,1751760283,199,286174519,1162696,417347,50473
2026-10-08T00:11:28Z,1769712451,803,781366282,1763981,741955,81159
2026-10-08T00:11:28Z,1775919872,585,135874880,522332,228005,18989
2026-10-08T00:11:28Z,1776914212,2739,3008327021,2995164,642741,218770
2026-10-08T00:11:28Z,1782832995,1159,992483197,1415887,910107,147240
2026-10-08T00:11:28Z,1784051919,431,232768610,2122125,355130,20983
2026-10-08T00:11:28Z,1787711941,574,99241147,247620,91422,27856
2026-10-08T00:11:28Z,1794056685,1207,140454525,606882,28097,6283
2026-10-08T00:11:28Z,1795206523,591,963198295,933860,264881,83607
2026-10-08T00:11:28Z,1802622907,1278,1306873212,1319284,641579,104348
2026-10-08T00:11:28Z,1802741133,2191,439048638,1126146,404184,30757
2026-10-08T00:11:28Z,1831550657,17499,2249364211,11285205,1415400,116069
2026-10-08T00:11:28Z,1836146838,2083,506062913,1366321,348659,65945
2026-10-08T00:11:28Z,1851087906,2374,121004715,437380,126315,49989
2026-10-08T00:11:28Z,1852226622,11705,3000182394,2748659,730294,198684
2026-10-08T00:11:28Z,1859597048,107,636233020,629755,185064,29448
2026-10-08T00:11:28Z,1871172282,320,102026964,355516,176024,51333
2026-10-08T00:11:28Z,1871908106,547,394000370,1090692,281194,49334
2026-10-08T00:11:28Z,1888174103,414,415107147,398528,56146,20086
2026-10-08T00:11:28Z,1892760830,487,609510286,1084402,160749,45986
2026-10-08T00:11:28Z,1921509404,260,260716737,176430,41872,12865
2026-10-08T00:11:28Z,1946714362,2565,62702497,164809,44689,9969
2026-10-08T00:11:28Z,1952819680,312,77664216,1956865,16608,7955
2026-10-08T00:11:28Z,1953956112,268,62611622,885761,45258,5258
2026-10-08T00:11:28Z,1954152886,2419,169799965,251715,64118,9119
2026-10-08T00:11:28Z,1998835206,1910,594481496,1178464,514435,77588
2026-10-08T00:11:28Z,2007050448,598,205282260,331735,126089,19593
2026-10-08T00:11:28Z,2017809925,1462,739451097,15978265,111476,52827
2026-10-08T00:11:28Z,2020908522,471,546650212,594081,106524,20184
2026-10-08T00:11:28Z,2023680558,2692,1583894238,1824929,402278,78925
2026-10-08T00:11:28Z,2026574412,321,120863709,1080678,176119,4878
2026-10-08T00:11:28Z,2027832238,61,205949027,107041,52371,15401
2026-10-08T00:11:28Z,2049551477,1731,1485858492,1946229,454258,69493
2026-10-08T00:11:28Z,2065706268,522,163566972,417645,74223,17913
2026-10-08T00:11:28Z,2073329983,595,246369156,4777177,506937,34659
2026-10-08T00:11:28Z,2082205150,559,185965294,558896,191769,11925
2026-10-08T00:11:28Z,2087494287,1016,692209518,554109,68039,19366
2026-10-08T00:11:28Z,2092410051,1131,338998702,1410711,514828,67735
2026-10-08T00:11:28Z,2113323331,1187,893801380,922030,150469,41833
2026-10-08T00:11:28Z,2114144926,297,1111964158,532872,439193,32468
2026-10-08T00:11:28Z,2126386806,845,2679517417,2600370,1055497,191498
2026-10-08T00:11:28Z,2137105308,413,55115187,171443,39346,13329
2026-10-08T00:11:28Z,2139712082,687,78070604,198450,85726,21548
2026-10-08T00:11:28Z,2149444938,332,98667623,437516,72721,14359
2026-10-08T00:11:28Z,2152417643,475,92819140,179200,58390,27116
2026-10-08T00:11:28Z,2153167977,634,165882511,368180,136338,19173
2026-10-08T00:11:28Z,2157233282,814,38231010,3436926,9642,2699
2026-10-08T00:11:28Z,2157872230,3514,1296145058,2179886,633834,171642
2026-10-08T00:11:28Z,2160907981,375,1322551813,2112959,518706,108002
2026-10-08T00:11:28Z,2165551367,271,678040093,2463238,131372,22462
2026-10-08T00:11:28Z,2171758161,312,242913053,96900,15944,11969
2026-10-08T00:11:28Z,2176187244,1106,316349042,243144,48660,15515
2026-10-08T00:11:28Z,2195939586,523,245150330,750654,200325,49725
2026-10-08T00:11:28Z,2198666251,149,82445381,51139,11665,2744
2026-10-08T00:11:28Z,2200020629,504,102830538,210775,74284,23834
2026-10-08T00:11:28Z,2220495353,2392,1167192216,1448238,315178,57888
2026-10-08T00:11:28Z,2233937689,1689,78258342,156184,57474,8803
2026-10-08T00:11:28Z,2236455574,749,828087829,695305,176063,80087
2026-10-08T00:11:28Z,2239430935,763,361768592,1136881,237254,20025
2026-10-08T00:11:28Z,2247578975,2017,1237007716,14951063,119611,94872
2026-10-08T00:11:28Z,2250844717,413,2538958,175003,1524,1203
2026-10-08T00:11:28Z,2251388500,2321,194426900,560796,216820,23169
2026-10-08T00:11:28Z,2274830359,8759,3040608491,2073390,311528,104155
2026-10-08T00:11:28Z,2278167893,150,148921479,190678,33333,14791
2026-10-08T00:11:28Z,2281570018,625,134455086,116909,59990,14005
2026-10-08T00:11:28Z,2283649692,771,110606776,260015,78698,29693
2026-10-08T00:11:28Z,2294168059,1825,1259118242,3400695,1130892,125422
2026-10-08T00:11:28Z,2297891297,317,39478667,54669,21025,5093
2026-10-08T00:11:28Z,2305929206,2429,258570296,1687427,176336,11844
2026-10-08T00:11:28Z,2309918273,1447,54455225,531266,205859,22356
2026-10-08T00:11:28Z,2316994223,407,8992476603,5968893,4219970,395255
2026-10-08T00:11:28Z,2324018757,331,74806322,232213,118538,18311
2026-10-08T00:11:28Z,2324662457,1843,1334191663,1566515,1151624,86920
2026-10-08T00:11:28Z,2327461601,888,382162193,493276,114659,24759
2026-10-08T00:11:28Z,2350840700,686,72709549,406449,147512,12921
2026-10-08T00:11:28Z,2360092394,3545,345524299,9059953,147398,15782
2026-10-08T00:11:28Z,2366560560,1310,981093728,2350847,258368,44696
2026-10-08T00:11:28Z,2369077151,4192,429883354,11366859,456383,18451
2026-10-08T00:11:28Z,2380077519,6914,3653885973,4663470,1958261,317470
2026-10-08T00:11:28Z,2401478287,267,107825633,413097,193346,28062
2026-10-08T00:11:28Z,2404080894,2782,2019870498,4117780,1975444,215105
2026-10-08T00:11:28Z,2408700413,543,306734066,667596,255343,77440
2026-10-08T00:11:28Z,2435789930,3832,2944178266,2338593,875978,106588
2026-10-08T00:11:28Z,2440500124,42739,7842236172,8248675,4725443,354709
2026-10-08T00:11:28Z,2443177453,2071,698739922,1212483,449305,53468
2026-10-08T00:11:28Z,2491559356,711,89199326,181007,60729,17606
2026-10-08T00:11:28Z,2492481398,398,414555735,1297550,600965,47906
2026-10-08T00:11:28Z,2516044547,338,641576457,1640361,719608,160555
2026-10-08T00:11:28Z,2520686564,809,88629503,139750,33635,5141
2026-10-08T00:11:28Z,2527789729,2108,117948622,372938,98144,26729
2026-10-08T00:11:28Z,2528641125,452,121383160,266870,87757,12484
2026-10-08T00:11:28Z,2538086639,519,656255744,279812,41023,21780
2026-10-08T00:11:28Z,2544016903,681,30430909,56962,10605,1242
2026-10-08T00:11:28Z,2544520106,336,289449475,540611,335167,35339
2026-10-08T00:11:28Z,2548183080,486,79365625,291428,150043,13012
2026-10-08T00:11:28Z,2549475383,2024,5502411062,57591444,1332728,150763
2026-10-08T00:11:28Z,2564505263,225,1656125420,2749627,778533,60697
2026-10-08T00:11:28Z,2577700536,426,73169986,169665,268825,19189
2026-10-08T00:11:28Z,2583564222,2628,1120668747,4164089,362789,85746
2026-10-08T00:11:28Z,2589957623,2521,638672002,9010194,123150,19091
2026-10-08T00:11:28Z,2605831977,592,492454990,4387745,264191,38122
2026-10-08T00:11:28Z,2619619496,25681,11754348298,4633909,2479946,533866
2026-10-08T00:11:28Z,2621511041,1463,76343519,280341,65207,26635
2026-10-08T00:11:28Z,2626227051,3130,1108695609,1070876,500377,80616
2026-10-08T00:11:28Z,2628404708,328,1016606806,2106558,621445,66634
2026-10-08T00:11:28Z,2640407187,1244,542836397,429440,167368,26313
2026-10-08T00:11:28Z,2643072291,888,98740829,1008703,108533,22346
2026-10-08T00:11:28Z,2644656496,848,307453920,4473538,1802074,42664
2026-10-08T00:11:28Z,2652888345,2338,265422522,128076,21509,5940
2026-10-08T00:11:28Z,2655311011,316,1427409517,3272036,2313538,60511
2026-10-08T00:11:28Z,2655478023,2274,1037980909,3519729,105228,124946
2026-10-08T00:11:28Z,2668101271,18120,3602088261,2580862,949227,231853
2026-10-08T00:11:28Z,2682938349,4764,682223820,661410,252636,21265
2026-10-08T00:11:28Z,2711375305,68008,8052775445,5897742,3026909,203189
2026-10-08T00:11:28Z,2727447177,1266,516473930,1904300,567767,30059
2026-10-08T00:11:28Z,2729513759,2005,1717014707,2317998,494070,77421
2026-10-08T00:11:28Z,2754593977,2920,755706158,1000979,210761,34098
2026-10-08T00:11:28Z,2765784373,4160,91488781,536657,212224,13878
2026-10-08T00:11:28Z,2783797267,15029,713786633,8208068,377126,45348
2026-10-08T00:11:28Z,2788648141,1599,1011208120,2170122,1281498,120723
2026-10-08T00:11:28Z,2799421838,228,77459763,1516619,4502,588
2026-10-08T00:11:28Z,2802559498,553,356194271,880375,339893,38882
2026-10-08T00:11:28Z,2805713501,225,797948486,806212,190459,42205
2026-10-08T00:11:28Z,2820580801,273,329413587,408278,398588,50671
2026-10-08T00:11:28Z,2821905072,2351,280893797,5800614,218865,8055
2026-10-08T00:11:28Z,2822776643,3748,144835869,241207,157789,15062
2026-10-08T00:11:28Z,2826640183,268,770412681,690919,188361,44662
2026-10-08T00:11:28Z,2827951974,517,816656811,692243,118775,28654
2026-10-08T00:11:28Z,2839156349,326,15579663,25364,5980,2053
2026-10-08T00:11:28Z,2851381018,4382,865300690,1444148,669134,45129
2026-10-08T00:11:28Z,2862098693,2480,158870756,458193,95196,27648
2026-10-08T00:11:28Z,2872881913,1412,379623463,1134684,156364,24511
2026-10-08T00:11:28Z,2916593387,1058,184005339,498177,190910,38380
2026-10-08T00:11:28Z,2936053166,11871,2273960651,1867083,1521428,101659
2026-10-08T00:11:28Z,2943850166,2283,140957947,97728,58615,4551
2026-10-08T00:11:28Z,2954818192,2076,447564577,8751392,71008,11690
2026-10-08T00:11:28Z,2955322961,570,1030208856,1163243,1217307,104566
2026-10-08T00:11:28Z,2970472544,170,583869024,26588124,103955,33475
2026-10-08T00:11:28Z,2979369058,2631,182174492,285447,93258,19891
2026-10-08T00:11:28Z,2992873140,1727,1440046469,1036029,494912,82695
2026-10-08T00:11:28Z,3012965062,4718,681990650,6506879,563689,53690
2026-10-08T00:11:28Z,3013715655,469,331049911,2673057,196552,18318
2026-10-08T00:11:28Z,3047037061,867,154771421,156995,84854,13154
2026-10-08T00:11:28Z,3056160040,958,984989522,1422199,460149,95017
2026-10-08T00:11:28Z,3060525991,529,70687093,83885,23722,11193
2026-10-08T00:11:28Z,3064619271,558,19596983,94005,41261,6011
2026-10-08T00:11:28Z,3079618996,2365,815651146,1159293,305319,41540
2026-10-08T00:11:28Z,3085257211,4656,5137413793,3871653,1537905,303788
2026-10-08T00:11:28Z,3088609243,1012,752727849,623211,107443,35795
2026-10-08T00:11:28Z,3097803944,1698,379964532,190682,35058,21020
2026-10-08T00:11:28Z,3108473052,363,334901093,1082137,483343,30209
2026-10-08T00:11:28Z,3110388936,2485,92832184,311243,180334,19288
2026-10-08T00:11:28Z,3114128441,134,119914748,141813,60285,19802
2026-10-08T00:11:28Z,3116863918,276,19412626,38721,10853,2250
2026-10-08T00:11:28Z,3124818385,1703,92020863,275519,70256,5978
2026-10-08T00:11:28Z,3132040251,184,514415459,547237,267289,55354
2026-10-08T00:11:28Z,3149100453,307,245622292,1335143,184947,54552
2026-10-08T00:11:28Z,3164075108,2672,289486381,749586,499241,28211
2026-10-08T00:11:28Z,3168615253,1376,547514673,739410,448807,113829
2026-10-08T00:11:28Z,3170483284,176,72412625,211860,55355,15661
2026-10-08T00:11:28Z,3171190217,311,239027157,885791,251692,12257
2026-10-08T00:11:28Z,3177453609,395,216833496,512848,110692,11914
2026-10-08T00:11:28Z,3178326002,22,29657057,20087,7280,1202
2026-10-08T00:11:28Z,3183403065,2126,2513074658,1398164,723576,65228
2026-10-08T00:11:28Z,3187874989,3490,189044946,252266,86023,14518
2026-10-08T00:11:28Z,3191268194,1095,1364365706,5591729,1054133,48570
2026-10-08T00:11:28Z,3541611379,4323,417255265,338230,333978,20160
2026-10-08T00:11:28Z,3551414857,1124,639011168,1334626,547866,68945
2026-10-08T00:11:28Z,3560583071,830,315993369,257365,55076,16499
2026-10-08T00:11:28Z,3608594708,1559,426260398,678110,1022879,37126
2026-10-08T00:11:28Z,3620011279,575,216568172,724364,423104,37686
2026-10-08T00:11:28Z,3623695803,259,70472950,66257,33106,3265
2026-10-08T00:11:28Z,3624423521,1732,934608269,627920,373178,53929
2026-10-08T00:11:28Z,3626363135,204,39312703,69951,25853,7866
2026-10-08T00:11:28Z,3634139746,597,164477512,98543,50631,20015
2026-10-08T00:11:28Z,3647333358,22859,9271838550,8299711,3241397,210967
2026-10-08T00:11:28Z,3661343497,1235,202340422,253738,72642,6224
2026-10-08T00:11:28Z,3666294218,809,60597170,422592,121015,15566
2026-10-08T00:11:28Z,3704826615,983,13344639,56946,17243,11068
2026-10-08T00:11:28Z,3706757136,173,39079003,116473,49125,7074
2026-10-08T00:11:28Z,3717250353,439,183106196,564629,218379,32949
2026-10-08T00:11:28Z,3717264063,238,631649738,2224203,760108,66494
2026-10-08T00:11:28Z,3725528263,662,107703908,139879,33795,14923
2026-10-08T00:11:28Z,3730079862,4235,60395575,492173,163299,14252
2026-10-08T00:11:28Z,3734304510,2186,441230252,462613,278135,50604
2026-10-08T00:11:28Z,3741075732,544,54410551,445887,105422,16237
2026-10-08T00:11:28Z,3746418487,2653,336153556,414779,71265,15821
2026-10-08T00:11:28Z,3747388906,865,48220489,284284,46735,8180
2026-10-08T00:11:28Z,3749444437,390,80343048,10121408,15753,2879
2026-10-08T00:11:28Z,3754482795,3721,1300274122,4621085,354155,44289
2026-10-08T00:11:28Z,3756501373,2170,718087934,443138,417333,32952
2026-10-08T00:11:28Z,3759884822,531,140665241,127110,46115,4084
2026-10-08T00:11:28Z,3761186887,666,437363175,2335344,589534,51649
2026-10-08T00:11:28Z,3764631130,867,38437455,67239,9245,2498
2026-10-08T00:11:28Z,3808081382,42754,19370530283,7692511,5316721,1030108
2026-10-08T00:11:28Z,3808223175,1250,723644219,3272252,1840081,60446
2026-10-08T00:11:28Z,3826087550,215,35001567,140944,43569,14639
2026-10-08T00:11:28Z,3835375262,319,250094176,237130,36117,5821
2026-10-08T00:11:28Z,3837114739,965,43866398,155249,43718,4229
2026-10-08T00:11:28Z,3841172115,1170,159816114,718794,98707,11380
2026-10-08T00:11:28Z,3846592040,470,136393902,183667,63701,17450
2026-10-08T00:11:28Z,3864279452,1315,532134587,667636,321291,108118
2026-10-08T00:11:28Z,3869462497,585,350502464,291407,47008,19713
2026-10-08T00:11:28Z,3873871110,1307,38899919,507151,37676,7882
2026-10-08T00:11:28Z,3876150506,2058,505667553,6763073,613946,41928
2026-10-08T00:11:28Z,3882062045,774,187345451,267689,104832,8970
2026-10-08T00:11:28Z,3887521769,714,149249554,8655848,10607,6800
2026-10-08T00:11:28Z,3891658292,304,400891236,14521264,109151,26370
2026-10-08T00:11:28Z,3913007563,2209,143367290,315096,183428,33411
2026-10-08T00:11:28Z,3916548970,300,142970615,265178,143713,9875
2026-10-08T00:11:28Z,3918560032,316,85496229,281967,77742,16591
2026-10-08T00:11:28Z,3936365689,1603,73603203,349245,203622,15411
2026-10-08T00:11:28Z,3945578236,5102,112306435,106780,28086,12863
2026-10-08T00:11:28Z,3951147015,992,141113797,193266,94545,13953
2026-10-08T00:11:28Z,3962631979,309,152194046,1108976,8715,6438
2026-10-08T00:11:28Z,3983828495,623,220265808,163483,100819,24551
2026-10-08T00:11:28Z,3989768869,374,334368857,876028,291175,62573
2026-10-08T00:11:28Z,3989869156,323,95596775,1591275,69295,8269
2026-10-08T00:11:28Z,3990106548,7690,1873622662,6417403,478923,96270
2026-10-08T00:11:28Z,4007686136,852,170170941,95732,44288,15070
2026-10-08T00:11:28Z,4018794732,851,295208691,278815,33188,9113
2026-10-08T00:11:28Z,4019583467,1262,386807252,797310,641049,49657
2026-10-08T00:11:28Z,4028801234,366,239535325,12771872,29286,23031
2026-10-08T00:11:28Z,4044579438,1222,350512524,22421102,16971,11178
2026-10-08T00:11:28Z,4048852641,523,25793320,200275,65341,11070
2026-10-08T00:11:28Z,4049246711,8142,930309777,622017,227644,124744
2026-10-08T00:11:28Z,4053293514,2542,333892735,889013,238128,14210
2026-10-08T00:11:28Z,4071487712,508,31303844,127673,37303,3618
2026-10-08T00:11:28Z,4075802159,377,261705443,90097,7312,2962
2026-10-08T00:11:28Z,4079077350,591,7646535,71018,19205,2351
2026-10-08T00:11:28Z,4082023366,95,158761563,186345,40163,3924
2026-10-08T00:11:28Z,4107809076,552,311612656,119351,16641,11858
2026-10-08T00:11:28Z,4130569984,1319,257540147,395082,200449,24199
2026-10-08T00:11:28Z,4139766490,790,422904261,502623,270629,561023
2026-10-08T00:11:28Z,4142544848,852,30911595,25592,18384,3346
2026-10-08T00:11:28Z,4147392742,410,518285455,8835843,812369,43297
2026-10-08T00:11:28Z,4150150482,826,14134877,13745,7360,1940
2026-10-08T00:11:28Z,4153755477,1607,933230008,601276,541705,96615
2026-10-08T00:11:28Z,4154513353,786,267705353,532932,192245,44000
2026-10-08T00:11:28Z,4161745937,223,90705475,297563,90132,20925
2026-10-08T00:11:28Z,4165164803,6861,568222621,571915,183659,57073
2026-10-08T00:11:28Z,4170977322,2583,317877218,15950091,359119,31041
2026-10-08T00:11:28Z,4181957649,2200,724890147,1119589,411205,85836
2026-10-08T00:11:28Z,4187559009,413,132802789,2663481,110944,15561
2026-10-08T00:11:28Z,4193032947,788,356337283,2410686,518201,21132
2026-10-08T00:11:28Z,4197966812,1048,558455345,24288761,79812,7971
2026-10-08T00:11:28Z,4201418016,485,149332272,285814,144947,13340
2026-10-08T00:11:28Z,4221956550,982,137881043,836168,179765,24320
2026-10-08T00:11:28Z,4228233498,473,147295955,483724,99036,20986
2026-10-08T00:11:28Z,4234745929,569,353879585,4030241,208190,53201
2026-10-08T00:11:28Z,4252393983,309,281969556,3024510,121785,24037
2026-10-08T00:11:28Z,4260784961,221,24000432,77657,27883,5061
2026-10-08T00:11:28Z,4263371487,932,124682261,226852,82466,13345
2026-10-08T00:11:28Z,4263576532,1608,191103415,491874,518235,36275
2026-10-08T00:11:28Z,4267277633,1993,612228296,15967316,28573,32451
2026-10-08T00:11:28Z,4275891591,341,55957714,101599,31819,10541
2026-10-08T00:11:28Z,4282689669,255,41508407,971903,24127,6372
2026-10-08T00:11:28Z,4283416256,364,24530479,140199,38703,8778
2026-10-08T00:11:28Z,4293374620,10571,1577346779,1106163,461517,105505
2026-10-08T00:11:28Z,4342047058,10687,607034625,1326625,524540,32738
2026-10-08T00:11:28Z,4343544885,951,130517419,2836767,396444,10743
2026-10-08T00:11:28Z,4346424098,340,104804692,175242,42534,9403
2026-10-08T00:11:28Z,4348829796,7004,2715489227,11604883,571017,105534
2026-10-08T00:11:28Z,4356309501,269,12953703,11196,5472,1228
2026-10-08T00:11:28Z,4362587875,1384,590733665,782467,207620,46060
2026-10-08T00:11:28Z,4362771421,520,402265154,501148,173586,30926
2026-10-08T00:11:28Z,4365819446,1530,552464695,21490932,134764,14778
2026-10-08T00:11:28Z,4367208330,972,490636706,1648132,730011,111532
2026-10-08T00:11:28Z,4391829435,1664,390826310,4263168,349981,21293
2026-10-08T00:11:28Z,4408288935,754,55728195,284216,76152,6908
2026-10-08T00:11:28Z,4420562665,8406,92560517,381071,80151,8037
2026-10-08T00:11:28Z,4429851038,374,357622359,11616555,122269,11885
2026-10-08T00:11:28Z,4430449940,362,315930760,528573,465650,38549
2026-10-08T00:11:28Z,4434528807,1418,796221983,722885,251078,43996
2026-10-08T00:11:28Z,4444526080,560,163887294,601936,164620,39841
2026-10-08T00:11:28Z,4452297356,6001,773025460,874818,259704,28540
2026-10-08T00:11:28Z,4457060041,254,145497101,233347,96020,13766
2026-10-08T00:11:28Z,4462613685,166,28828087,177744,18013,6111
2026-10-08T00:11:28Z,4491246195,1204,461849996,690543,214122,22539
2026-10-08T00:11:28Z,4497460596,945,183400833,160973,94471,15173
2026-10-08T00:11:28Z,4507116437,391,30363777,52032,7234,1450
2026-10-08T00:11:28Z,4512331818,35,26942041,82945,24488,8033
2026-10-08T00:11:28Z,4518152312,659,317702207,14820873,12505,11094
2026-10-08T00:11:28Z,4518160318,2421,658261406,1205961,722339,21988
2026-10-08T00:11:28Z,4523856444,3835,1365477448,1740176,1634531,180312
2026-10-08T00:11:28Z,4524605690,88,258008084,84019,18908,18629
2026-10-08T00:11:28Z,4535642329,32,31967429,600306,110414,14593
2026-10-08T00:11:28Z,4538598064,279,217887505,3905704,191181,13899
2026-10-08T00:11:28Z,4540138978,6639,2374446607,67377612,328990,50056
2026-10-08T00:11:28Z,4540494160,249,268608482,361035,505324,22286
2026-10-08T00:11:28Z,4543855070,825,231184295,288913,83418,13084
2026-10-08T00:11:28Z,4552793904,72,354793389,229114,189263,27847
2026-10-08T00:11:28Z,4557322431,1782,59634697,209860,96096,9247
2026-10-08T00:11:28Z,4568630521,4852,1747383210,1622970,1132849,191875
2026-10-08T00:11:28Z,4571439504,916,104256480,250159,171055,31683
2026-10-08T00:11:28Z,4576226059,509,270236050,234976,41745,7414
2026-10-08T00:11:28Z,4579085368,1047,192065307,1080881,198493,17090
2026-10-08T00:11:28Z,4582358979,1505,1321756521,1029318,1243563,67312
2026-10-08T00:11:28Z,4586990985,672,17982098,66746,26597,2835
2026-10-08T00:11:28Z,4590309504,334,24664413,23969,14467,4719
2026-10-08T00:11:28Z,4592676978,2391,33523217,97280,21387,19606
2026-10-08T00:11:28Z,4595016786,1946,615080049,770956,103861,14560
2026-10-08T00:11:28Z,4599924264,937,733870853,297407,40316,38376
2026-10-08T00:11:28Z,4601145322,517,106667009,8677354,94643,14630
2026-10-08T00:11:28Z,4652005960,306,58174498,88192,27606,4964
2026-10-08T00:11:28Z,4654951132,181,14859846,15319,8282,1335
2026-10-08T00:11:28Z,4658598196,12125,1153072371,1504127,1422365,59686
2026-10-08T00:11:28Z,4659996100,698,99235753,59612,11178,8094
2026-10-08T00:11:28Z,4666164093,225,61756363,42496,8367,2443
2026-10-08T00:11:28Z,4666414595,576,6327778,72319,47270,2713
2026-10-08T00:11:28Z,4669328522,3324,400173250,222848,44707,14063
2026-10-08T00:11:28Z,4669435504,522,379236313,558553,219384,34747
2026-10-08T00:11:28Z,4673599750,1473,559591110,518018,192258,28640
2026-10-08T00:11:28Z,4676287985,502,78241445,316626,121519,11186
2026-10-08T00:11:28Z,4679222104,422,115977414,120276,38161,20370
2026-10-08T00:11:28Z,4686994428,2308,204864063,6646656,44195,6248
2026-10-08T00:11:28Z,4689722433,5198,626252877,770856,238118,23383
2026-10-08T00:11:28Z,4712109542,192,36183235,307896,81773,14155
2026-10-08T00:11:28Z,4712126054,308,61582796,398163,170603,8307
2026-10-08T00:11:28Z,4720386144,533,124586369,630740,126261,11881
2026-10-08T00:11:28Z,4723764956,15000,597207252,935017,521557,35075
2026-10-08T00:11:28Z,4730278139,7753,1458235876,1369213,1398484,207448
2026-10-08T00:11:28Z,4734880740,41,16151255,381132,17942,2242
2026-10-08T00:11:28Z,4743794878,4199,112385894,36708,26182,4841
2026-10-08T00:11:28Z,4750561026,6750,50205191,331285,197857,22066
2026-10-08T00:11:28Z,4753878751,332,542506658,4554989,315745,23192
2026-10-08T00:11:28Z,4772345874,2135,41557103,41178,8232,1238
2026-10-08T00:11:28Z,4777817887,13134,6473597446,12993664,8455493,591642
2026-10-08T00:11:28Z,4778845442,2292,6191573746,1541117,1346720,227214
2026-10-08T00:11:28Z,4785126950,500,33649655,238739,68140,13556
2026-10-08T00:11:28Z,4785982047,1218,225156278,3127540,1660203,27119
2026-10-08T00:11:28Z,4793836769,2889,316540220,6647374,987377,25127
2026-10-08T00:11:28Z,4795326392,531,404637009,647740,1383401,38454
2026-10-08T00:11:28Z,4807308814,1937,1042316477,878515,346492,56193
2026-10-08T00:11:28Z,4835576249,186,298534518,282610,65392,9183
2026-10-08T00:11:28Z,4836254499,1732,37060672,125691,48932,12597
2026-10-08T00:11:28Z,4839802560,30736,4013567511,15790844,945083,100539
2026-10-08T00:11:28Z,4850044287,3567,722559993,1464633,188705,32318
2026-10-08T00:11:28Z,4851783408,384,248426357,238019,134113,26092
2026-10-08T00:11:28Z,4858558391,845,68808776,577916,105852,13897
2026-10-08T00:11:28Z,4862269388,667,143139835,149596,35792,16913
2026-10-08T00:11:28Z,4864117649,1491,440578175,961875,650935,70062
2026-10-08T00:11:28Z,4871329703,425,818643424,555089,398458,98357
2026-10-08T00:11:28Z,4885171702,420,115473838,8414423,34908,19996
2026-10-08T00:11:28Z,4901806610,838,450306074,410117,308043,52321
2026-10-08T00:11:28Z,4908792642,1048,1946271514,8521062,947872,293558
2026-10-08T00:11:28Z,4924789901,3862,119565966,173959,37640,5412
2026-10-08T00:11:28Z,4925010421,716,92883577,905599,192571,16084
2026-10-08T00:11:28Z,4925331346,3269,329448132,517238,236304,9694
2026-10-08T00:11:28Z,4931927012,4974,768865718,696530,666770,105674
2026-10-08T00:11:28Z,4931991343,751,75892126,3257797,6009,4805
2026-10-08T00:11:28Z,4938220315,821,481927718,754704,189235,15733
2026-10-08T00:11:28Z,4944984948,2247,306415435,181429,8773,4078
2026-10-08T00:11:28Z,4948814458,680,357039222,23022053,47579,15106
2026-10-08T00:11:28Z,4949420752,29843,1693887535,806727,493991,90179
2026-10-08T00:11:28Z,4956911744,641,173304445,23322062,10806,5169
2026-10-08T00:11:28Z,4960950398,235,75936207,171390,97212,11227
2026-10-08T00:11:28Z,4983034985,5805,293206914,873158,120846,28369
2026-10-08T00:11:28Z,4987467534,979,212630643,564572,146386,13657
2026-10-08T00:11:28Z,4987856151,4573,127732341,531308,376468,12312
2026-10-08T00:11:28Z,4990998060,324,436371824,20817581,310195,22088
2026-10-08T00:11:28Z,4991126644,1616,4593145,12097,8661,930
2026-10-08T00:11:28Z,4991821731,1581,654080868,932877,101536,19541
2026-10-08T00:11:28Z,4996628751,151,108771743,7534481,20621,4153
2026-10-08T00:11:28Z,4998493959,1963,263073728,19694323,6377,4389
2026-10-08T00:11:28Z,4998613478,393,186300238,347816,164066,7632
2026-10-08T00:11:28Z,5012222382,756,1046546218,1825503,695493,96589
2026-10-08T00:11:28Z,5026122481,3705,274734210,898907,167147,17637
2026-10-08T00:11:28Z,5026970880,2256,392989382,6399170,319592,35849
2026-10-08T00:11:28Z,5031482529,291,523966570,32117367,18817,14880
2026-10-08T00:11:28Z,5039839070,13080,355393075,521385,304805,40924
2026-10-08T00:11:28Z,5049569843,290,135429204,533597,146294,7067
2026-10-08T00:11:28Z,5056259915,580,59837620,229149,74319,6713
2026-10-08T00:11:28Z,5074882778,788,83114414,87852,15472,4504
2026-10-08T00:11:28Z,5091490171,2476,92938845,315790,107730,11841
2026-10-08T00:11:28Z,5092535555,408,74519913,334319,48065,5010
2026-10-08T00:11:28Z,5096440156,854,552303528,665292,145716,30929
2026-10-08T00:11:28Z,5108158764,777,13765102,194369,58404,4568
2026-10-08T00:11:28Z,5111507958,893,156460016,7746143,111636,9254
2026-10-08T00:11:28Z,5112244393,1843,403902352,2906609,201117,47625
2026-10-08T00:11:28Z,5114328099,714,127870933,100019,61923,6442
2026-10-08T00:11:28Z,5117983607,1423,230798677,185841,115539,17820
2026-10-08T00:11:28Z,5148099079,444,627702633,2126539,363753,143474
2026-10-08T00:11:28Z,5153268250,359,111618450,181943,27233,6512
2026-10-08T00:11:28Z,5166944221,4791,1635705045,1770922,2981161,121579
2026-10-08T00:11:28Z,5170731021,581,231663264,471423,712090,25520
2026-10-08T00:11:28Z,5174979552,664,92385719,5576798,337852,12525
2026-10-08T00:11:28Z,5195168716,542,103559620,667694,149567,41308
2026-10-08T00:11:28Z,5200655965,640,329168354,444066,241355,71224
2026-10-08T00:11:28Z,5203828273,49956,11116294008,7552119,4019478,418812
2026-10-08T00:11:28Z,5206433511,319,146840041,1931506,261346,48351
2026-10-08T00:11:28Z,5207621753,955,102066800,82467,172332,4707
2026-10-08T00:11:28Z,5208051158,972,172397947,2066332,116899,16638
2026-10-08T00:11:28Z,5216419122,1189,319364646,8991076,200750,42667
2026-10-08T00:11:28Z,5233689103,150,7767204,8109,1889,330
2026-10-08T00:11:28Z,5239362765,4760,398615284,504715,170551,70059
2026-10-08T00:11:28Z,5244979723,1549,23952485,238298,15174,3380
2026-10-08T00:11:28Z,5247232141,1255,76748019,3731260,12859,5378
2026-10-08T00:11:28Z,5252919404,140,118539656,77492,40499,6460
2026-10-08T00:11:28Z,5254920366,3973,1155673045,1043202,295272,51063
2026-10-08T00:11:28Z,5259044414,122,68712812,95029,50244,8544
2026-10-08T00:11:28Z,5265857965,3639,509672129,5782270,476728,72708
2026-10-08T00:11:28Z,5265950669,1527,304032264,205383,112916,14705
2026-10-08T00:11:28Z,5269058522,420,41716264,186124,50089,7764
2026-10-08T00:11:28Z,5270259419,527,123643905,119415,57031,35450
2026-10-08T00:11:28Z,5272606478,1641,135731677,8899693,228606,18184
2026-10-08T00:11:28Z,5283219861,8290,369094665,297626,76618,10502
2026-10-08T00:11:28Z,5295169598,465,255929674,2266708,489453,12440
2026-10-08T00:11:28Z,5295289103,207,118429096,6858946,152960,13787
2026-10-08T00:11:28Z,5326310507,351,138762195,7882014,60283,8152
2026-10-08T00:11:28Z,5329077236,338,739180178,1772070,499718,37390
2026-10-08T00:11:28Z,5329644515,220,64736360,86767,7965,1246
2026-10-08T00:11:28Z,5345619122,305,90847562,150472,52853,8842
2026-10-08T00:11:28Z,5351168809,3248,99407862,100396,8821,2506
2026-10-08T00:11:28Z,5351931175,459,26119486,338724,90758,5058
2026-10-08T00:11:28Z,5359468080,321,211179829,165820,21213,5539
2026-10-08T00:11:28Z,5361032378,28627,2217728820,1023600,1423908,134062
2026-10-08T00:11:28Z,5365966699,1396,122745688,145718,46621,6051
2026-10-08T00:11:28Z,5367389312,2913,404407421,2080673,168983,14549
2026-10-08T00:11:28Z,5369242581,232,77263205,1147544,52114,15472
2026-10-08T00:11:28Z,5371687033,418,9417813,111499,29470,15039
2026-10-08T00:11:28Z,5385674359,1799,526451817,378726,271378,103374
2026-10-08T00:11:28Z,5386253062,110,41277970,227041,31268,2688
2026-10-08T00:11:28Z,5407131262,936,260155823,753827,175894,32940
2026-10-08T00:11:28Z,5421899973,1301,389628369,14196990,372985,28590
2026-10-08T00:11:28Z,5422546686,1918,369150693,2251372,485978,21951
2026-10-08T00:11:28Z,5432177771,220,48884611,45019,22543,11021
2026-10-08T00:11:28Z,5451143054,2881,256005762,3596791,262127,55343
2026-10-08T00:11:28Z,5455619189,657,73698946,190784,94258,18404
2026-10-08T00:11:28Z,5456952508,1671,112915818,210044,84950,23605
2026-10-08T00:11:28Z,5479285260,231,58543098,10364528,5041,2541
2026-10-08T00:11:28Z,5484165112,354,219844481,12965512,115142,10835
2026-10-08T00:11:28Z,5488708927,235,7573157,21707,5895,992
2026-10-08T00:11:28Z,5508238359,2877,118373237,2001339,66006,20733
2026-10-08T00:11:28Z,5518683179,370,108960604,468101,230559,8182
2026-10-08T00:11:28Z,5544551093,1308,246971910,509040,261618,23031
2026-10-08T00:11:28Z,5549835355,263,115888334,248757,287643,7088
2026-10-08T00:11:28Z,5550530788,991,538449026,190186,68468,21721
2026-10-08T00:11:28Z,5568657754,855,51000899,99245,31186,5571
2026-10-08T00:11:28Z,5569032992,139490,7566820992,4690799,1721035,248441
2026-10-08T00:11:28Z,5576890130,185,172039300,7472184,22076,10348
2026-10-08T00:11:28Z,5576955991,976,93744036,235244,200572,7157
2026-10-08T00:11:28Z,5578556129,20748,2061010990,1998027,2589264,87359
2026-10-08T00:11:28Z,5580972377,2103,148933090,619416,695684,25217
2026-10-08T00:11:28Z,5595353122,72717,113006646,496572,918601,20339
2026-10-08T00:11:28Z,5596056495,274,111301234,222395,44242,5216
2026-10-08T00:11:28Z,5599532653,975,98253716,105551,48428,9036
2026-10-08T00:11:28Z,5620182793,682,599460758,2392281,232512,51991
2026-10-08T00:11:28Z,5620725145,250,67912236,86985,23650,10166
2026-10-08T00:11:28Z,5625220213,745,76500290,43568,27122,18659
2026-10-08T00:11:28Z,5633615594,995,27560792,146651,28506,4796
2026-10-08T00:11:28Z,5650396773,6565,2578390256,2319376,2030484,224016
2026-10-08T00:11:28Z,5655148138,41,24378747,47378,11670,819
2026-10-08T00:11:28Z,5665943560,1881,146670318,17447291,18374,3676
2026-10-08T00:11:28Z,5665954430,348,93426007,935093,217582,15866
2026-10-08T00:11:28Z,5666473198,5032,443892406,142993,106271,19094
2026-10-08T00:11:28Z,5668114043,851,248760792,758195,171727,25291
2026-10-08T00:11:28Z,5668874170,309,26586688,42702,17453,8125
2026-10-08T00:11:28Z,5677613211,2240,630839521,28266791,1103414,61412
2026-10-08T00:11:28Z,5678284602,789,153358301,887197,477935,24751
2026-10-08T00:11:28Z,5678463488,265,72716366,1774224,153103,11774
2026-10-08T00:11:28Z,5678594929,318,50708241,69459,11810,6360
2026-10-08T00:11:28Z,5679753654,207,70022171,1124671,27529,5802
2026-10-08T00:11:28Z,5683563195,519,169741402,252267,168247,13346
2026-10-08T00:11:28Z,5688684783,1339,144859250,13518471,29658,6332
2026-10-08T00:11:28Z,5698013839,418,72639336,285461,154224,10355
2026-10-08T00:11:28Z,5720553711,6115,767110298,3178658,242409,22590
2026-10-08T00:11:28Z,5728147388,851,296951402,345964,115306,18463
2026-10-08T00:11:28Z,5731967654,452,189324026,334526,95679,22875
2026-10-08T00:11:28Z,5747152246,316,61045787,1774081,16983,4310
2026-10-08T00:11:28Z,5750914919,60130,4988734591,3665987,3042527,309317
2026-10-08T00:11:28Z,5753515186,165,64663670,346014,70016,26371
2026-10-08T00:11:28Z,5782268341,343,46559068,438884,70390,7314
2026-10-08T00:11:28Z,5795519964,1463,161024894,68889,12350,5571
2026-10-08T00:11:28Z,5803199989,231,162235576,640859,55417,16098
2026-10-08T00:11:28Z,5805053299,863,137726292,329071,84771,9152
2026-10-08T00:11:28Z,5806843156,1267,177824154,211664,50004,11594
2026-10-08T00:11:28Z,5807622548,1545,325737822,412036,200202,14541
2026-10-08T00:11:28Z,5812546130,638,26197977,66175,22646,5796
2026-10-08T00:11:28Z,5822068820,1649,172224973,439730,105508,9106
2026-10-08T00:11:28Z,5827120940,261,197569779,3792910,359697,11249
2026-10-08T00:11:28Z,5829613337,2511,372398627,892482,360612,28716
2026-10-08T00:11:28Z,5830262966,579,305352868,1218189,246912,17333
2026-10-08T00:11:28Z,5835368537,645,158981620,140505,112072,16390
2026-10-08T00:11:28Z,5844427042,1578,85631462,2221821,43011,9874
2026-10-08T00:11:28Z,5845755850,726,126046395,3406501,43136,10117
2026-10-08T00:11:28Z,5851294352,710,8392483,121128,28010,779
2026-10-08T00:11:28Z,5866227438,991,370370128,10670952,651588,18392
2026-10-08T00:11:28Z,5866486371,358,15821991,65927,25291,1945
2026-10-08T00:11:28Z,5867087288,140,46771506,50630,7140,2688
2026-10-08T00:11:28Z,5877971206,386,65339714,207803,74176,10964
2026-10-08T00:11:28Z,5887211857,1928,305995726,218540,40521,5660
2026-10-08T00:11:28Z,5902539844,62,6968307,190520,17215,3427
2026-10-08T00:11:28Z,5903289376,951,92033637,213355,34205,4287
2026-10-08T00:11:28Z,5905501282,252,84980911,1756533,108452,25791
2026-10-08T00:11:28Z,5910910774,312,120535397,181162,130640,10752
2026-10-08T00:11:28Z,5927446137,727,47948854,620701,48693,11208
2026-10-08T00:11:28Z,5939817752,260,72554488,383744,120453,13554
2026-10-08T00:11:28Z,5944821008,1568,61477621,441321,16779,6867
2026-10-08T00:11:28Z,5972059550,1710,831267393,3947120,1111842,40410
2026-10-08T00:11:28Z,5974510967,449,16681075,156738,64080,3834
2026-10-08T00:11:28Z,5974860429,1000,152482178,128693,77201,9355
2026-10-08T00:11:28Z,5995470825,19890,1336434072,22173292,1871058,109652
2026-10-08T00:11:28Z,6010232141,3789,385184237,359452,100134,30564
2026-10-08T00:11:28Z,6011188518,618,47053413,231213,136748,9010
2026-10-08T00:11:28Z,6015491985,1661,380254459,231781,89267,11707
2026-10-08T00:11:28Z,6017624138,819,132567390,810988,41278,4188
2026-10-08T00:11:28Z,6019027471,1887,355530206,11319730,52461,7377
2026-10-08T00:11:28Z,6026405541,1047,57977933,134463,41095,6095
2026-10-08T00:11:28Z,6030909708,273,123298140,21695961,4220,1488
2026-10-08T00:11:28Z,6035872082,135601,18581173003,94107543,10723528,723236
2026-10-08T00:11:28Z,6048923315,1104,107603609,220989,196058,14493
2026-10-08T00:11:28Z,6049736902,1885,86559350,116801,67595,7783
2026-10-08T00:11:28Z,6061766680,4039,570484552,605949,313940,81525
2026-10-08T00:11:28Z,6069634717,1333,193193895,260262,408653,11666
2026-10-08T00:11:28Z,6072944764,982,60626631,74698,36992,4676
2026-10-08T00:11:28Z,6083162964,912,53117482,122822,46710,4913
2026-10-08T00:11:28Z,6097519616,580,126726892,533483,329318,32353
2026-10-08T00:11:28Z,6100103590,728,3930329,49745,9733,1101
2026-10-08T00:11:28Z,6113928308,1125,90457946,477276,137269,10730
2026-10-08T00:11:28Z,6118645803,475,24395642,196486,17722,3687
2026-10-08T00:11:28Z,6119928106,162,32094069,78369,12477,3606
2026-10-08T00:11:28Z,6128091457,3509,399528097,44219540,157172,11476
2026-10-08T00:11:28Z,6136243726,2557,297440506,186676,25520,13113
2026-10-08T00:11:28Z,6149186864,626,32643424,261251,127204,32760
2026-10-08T00:11:28Z,6153964325,510,192311042,538010,53030,18446
2026-10-08T00:11:28Z,6154386310,1941,49156258,220620,55091,15659
2026-10-08T00:11:28Z,6155282395,548,91994820,2850137,37604,12518
2026-10-08T00:11:28Z,6161049307,1636,239608998,987635,760178,25041
2026-10-08T00:11:28Z,6163740913,670,260109761,5533446,268471,48065
2026-10-08T00:11:28Z,6163884815,1468,167897314,20026457,2211,1192
2026-10-08T00:11:28Z,6164853651,1338,273576723,227089,45500,11415
2026-10-08T00:11:28Z,6170013953,494,155054949,1449317,83237,36970
2026-10-08T00:11:28Z,6170143659,3379,874677843,1240395,351782,16125
2026-10-08T00:11:28Z,6174407103,234,93568227,3080373,112752,6122
2026-10-08T00:11:28Z,6174994284,2924,210051713,352664,299485,19703
2026-10-08T00:11:28Z,6176333237,1426,119136781,43522,8774,986
2026-10-08T00:11:28Z,6190071862,2157,69579468,231494,83311,11562
2026-10-08T00:11:28Z,6190248755,771,81532089,67197,3985,2164
2026-10-08T00:11:28Z,6190384723,431,103630769,554870,34011,5472
2026-10-08T00:11:28Z,6193765296,299,26950719,1336957,203783,5436
2026-10-08T00:11:28Z,6215464786,776,439016842,10604256,140952,27799
2026-10-08T00:11:28Z,6215986499,687,10982204,762546,272900,4464
2026-10-08T00:11:28Z,6216142007,571,59110128,197962,68320,11916
2026-10-08T00:11:28Z,6217832823,264,95538813,3820314,239370,6531
2026-10-08T00:11:28Z,6231868526,158,7368437,39049,12816,2510
2026-10-08T00:11:28Z,6238541028,503,109250186,95755,29832,18102
2026-10-08T00:11:28Z,6268803418,510,80336836,168772,42213,27177
2026-10-08T00:11:28Z,6272727021,1879,16605877,34976,40257,2954
2026-10-08T00:11:28Z,6275120808,1329,270376576,387194,245146,71795
2026-10-08T00:11:28Z,6280758286,316,56420341,43267,35265,4985
2026-10-08T00:11:28Z,6283720248,332,61030799,147160,70847,8863
2026-10-08T00:11:28Z,6317476162,767,120076660,145332,125178,7744
2026-10-08T00:11:28Z,6318887244,457,155975008,1145082,182797,6466
2026-10-08T00:11:28Z,6324644175,4718,68129842,363024,153136,20293
2026-10-08T00:11:28Z,6325068386,18947,4985909060,6284419,10238199,356954
2026-10-08T00:11:28Z,6329693946,854,89580531,240595,113635,10486
2026-10-08T00:11:28Z,6331902150,55790,5789598929,3231781,2390900,441024
2026-10-08T00:11:28Z,6332376065,1364,56275205,2261017,7405,1334
2026-10-08T00:11:28Z,6332490386,288,59475853,39960,3739,1717
2026-10-08T00:11:28Z,6336741296,1951,130511232,7327717,349507,13653
2026-10-08T00:11:28Z,6353751159,4728,136590204,228942,106441,5420
2026-10-08T00:11:28Z,6355251723,88,38231731,302502,51506,10690
2026-10-08T00:11:28Z,6369934270,2260,807593297,9676958,374100,59391
2026-10-08T00:11:28Z,6371309794,1706,760206945,487565,221213,64063
2026-10-08T00:11:28Z,6375110339,1561,154148742,106063,70790,6187
2026-10-08T00:11:28Z,6385532960,3246,27132789,100034,50004,3026
2026-10-08T00:11:28Z,6389489439,743,163014629,20196119,7495,2375
2026-10-08T00:11:28Z,6395392848,2426,22692404,12111,6512,713
2026-10-08T00:11:28Z,6413074235,608,165600340,354599,101859,13126
2026-10-08T00:11:28Z,6417564879,2725,435738573,419897,135994,25241
2026-10-08T00:11:28Z,6418247233,139,119257651,4091860,41297,2740
2026-10-08T00:11:28Z,6421358579,1006,85269206,93436,43336,5346
2026-10-08T00:11:28Z,6421821251,399,109238337,5316347,281002,8008
2026-10-08T00:11:28Z,6431828693,731,140282838,446338,132122,5835
2026-10-08T00:11:28Z,6443367640,4778,716692342,6981947,254993,20657
2026-10-08T00:11:28Z,6451948378,1047,139048738,964888,68689,15433
2026-10-08T00:11:28Z,6466404775,2799,78768930,142182,252888,12022
2026-10-08T00:11:28Z,6466802953,648,78148048,601090,47782,5983
2026-10-08T00:11:28Z,6467516221,218,66195897,2573797,28526,5264
2026-10-08T00:11:28Z,6487579144,1021,31634487,56251,14573,3532
2026-10-08T00:11:28Z,6491900489,841,578765177,452452,60691,21213
2026-10-08T00:11:28Z,6495484417,887,151451015,11025519,29213,6670
2026-10-08T00:11:28Z,6500938341,523,76062630,1340098,221621,4677
2026-10-08T00:11:28Z,6504986360,6551,609675072,291748,494692,16381
2026-10-08T00:11:28Z,6505338302,4635,134003502,98668,70478,10841
2026-10-08T00:11:28Z,6508759464,1455,457530955,1058076,501010,37608
2026-10-08T00:11:28Z,6521100398,26853,350337215,592058,269304,14008
2026-10-08T00:11:28Z,6530766336,1714,92481263,46261,7273,2419
2026-10-08T00:11:28Z,6535370051,613,45402958,5232293,24593,2169
2026-10-08T00:11:28Z,6568417585,1995,225070105,1073427,174410,13014
2026-10-08T00:11:28Z,6579282112,1474,120896950,8646109,10205,2452
2026-10-08T00:11:28Z,6583326485,2580,140328767,224026,92680,22921
2026-10-08T00:11:28Z,6593476325,1774,172891496,309654,230328,23307
2026-10-08T00:11:28Z,6594435384,611,685247460,2924913,1553371,36243
2026-10-08T00:11:28Z,6596627293,256,43192029,1189682,80525,5860
2026-10-08T00:11:28Z,6599600818,979,122209639,4105790,208888,5970
2026-10-08T00:11:28Z,6601115643,1404,179086277,3658673,238269,10559
2026-10-08T00:11:28Z,6619936488,1429,41681574,123124,39502,6442
2026-10-08T00:11:28Z,6621384161,343,86513416,2832490,78683,4078
2026-10-08T00:11:28Z,6628327758,435,30371911,40939,30521,2866
2026-10-08T00:11:28Z,6635513269,6384,13251886,96809,143911,3781
2026-10-08T00:11:28Z,6638489184,387,25736929,705541,3079,1350
2026-10-08T00:11:28Z,6646518350,279,263323235,354979,33683,5842
2026-10-08T00:11:28Z,6649845578,451,57475004,4330661,102005,5801
2026-10-08T00:11:28Z,6651302260,1544,432206229,3475782,251347,20556
2026-10-08T00:11:28Z,6657933195,860,289355916,1065525,369787,27402
2026-10-08T00:11:28Z,6676099788,785,67714012,87206,47464,4888
2026-10-08T00:11:28Z,6676452674,418,137784286,155095,127537,10471
2026-10-08T00:11:28Z,6682487255,4943,521854600,232509,426242,10899
2026-10-08T00:11:28Z,6683166603,246,35773527,2039886,25103,1444
2026-10-08T00:11:28Z,6688157118,3495,533296821,1707804,63707,30555
2026-10-08T00:11:28Z,6690355795,986,32648129,418270,70003,2070
2026-10-08T00:11:28Z,6701277882,67172,4771454461,1287953,1345039,278824
2026-10-08T00:11:28Z,6707924214,491,182224342,3465136,367867,8687
2026-10-08T00:11:28Z,6710993025,450,60693926,1602693,7387,2077
2026-10-08T00:11:28Z,6714256816,313,64603755,139700,125716,7087
2026-10-08T00:11:28Z,6725604380,324,4949971,19525,6882,6272
2026-10-08T00:11:28Z,6726637224,3033,175050938,1643942,168433,25141
2026-10-08T00:11:28Z,6736482454,432,227643852,3807258,965828,40274
2026-10-08T00:11:28Z,6738135827,561,69674487,379435,70821,21767
2026-10-08T00:11:28Z,6739698191,21752,1541776555,1652334,765956,56017
2026-10-08T00:11:28Z,6745933496,739,42587809,127768,34454,12871
2026-10-08T00:11:28Z,6749060816,5070,293399714,1917881,303241,60709
2026-10-08T00:11:28Z,6751400610,960,320230293,7567076,66993,20015
2026-10-08T00:11:28Z,6751447237,1734,156950909,353277,263012,9005
2026-10-08T00:11:28Z,6755261897,268,118587339,118523,60732,22769
2026-10-08T00:11:28Z,6759889410,603,68679632,80898,43612,3903
2026-10-08T00:11:28Z,6760085372,4794,127152385,212062,223081,11008
2026-10-08T00:11:28Z,6760897304,942,49646282,1194382,103360,6449
2026-10-08T00:11:28Z,6764180126,254,248785103,193509,222612,16124
2026-10-08T00:11:28Z,6765805766,24021,1278082129,989125,277183,75604
2026-10-08T00:11:28Z,6770632849,998,142535950,491276,520037,36572
2026-10-08T00:11:28Z,6772885092,106,105336152,11277269,36098,5447
2026-10-08T00:11:28Z,6774320049,12325,279049992,961229,86391,11855
2026-10-08T00:11:28Z,6777528662,303,61753023,516019,184306,14074
2026-10-08T00:11:28Z,6786784563,1231,33875888,655086,133899,4039
2026-10-08T00:11:28Z,6787216875,1109,212734153,132893,63891,15860
2026-10-08T00:11:28Z,6787644864,1668,117235613,193227,52686,5100
2026-10-08T00:11:28Z,6795084137,217,138101412,9927196,59763,4975
2026-10-08T00:11:28Z,6797677834,367,116055852,16481608,4340,1109
2026-10-08T00:11:28Z,6805295218,369,35758607,129986,19882,3780
2026-10-08T00:11:28Z,6818915584,3177,500157290,44738181,37670,10281
2026-10-08T00:11:28Z,6845400164,576,70114260,585222,35680,9151
2026-10-08T00:11:28Z,6858584271,1505,44996493,64945,35870,4994
2026-10-08T00:11:28Z,6859793761,19,29278041,41872,10475,1886
2026-10-08T00:11:28Z,6925303818,1792,74131014,272287,930724,20862
2026-10-08T00:11:28Z,6925369391,211,162522058,707137,855047,16607
2026-10-08T00:11:28Z,6931042565,46807,3938330480,5455464,2572664,129950
2026-10-08T00:11:28Z,6935083490,630,103377607,316335,665574,20636
2026-10-08T00:11:28Z,6937137675,1559,110055130,155542,23932,4424
2026-10-08T00:11:28Z,6940206974,1398,47844692,3547459,11991,2788
2026-10-08T00:11:28Z,6945584306,12360,586142117,654907,1613504,53649
2026-10-08T00:11:28Z,6949043989,507,11793075,22382,6525,1311
2026-10-08T00:11:28Z,6961334611,482,97117337,305565,160665,4539
2026-10-08T00:11:28Z,6964415405,288,50919024,148698,43991,15064
2026-10-08T00:11:28Z,6983536246,786,60319227,206613,56395,4682
2026-10-08T00:11:28Z,6996253752,550,17301188,113295,51306,2211
2026-10-08T00:11:28Z,7000924848,198,173723272,180508,41574,3003
2026-10-08T00:11:28Z,7005891584,1418,287788910,21711125,138986,10618
2026-10-08T00:11:28Z,7008097940,9561,3344862646,22405955,1247436,327339
2026-10-08T00:11:28Z,7009714292,292,87058158,457993,96163,11830
2026-10-08T00:11:28Z,7015341259,2256,44946881,31782,20132,3961
2026-10-08T00:11:28Z,7018190066,12365,6593799741,6129881,3348648,268777
2026-10-08T00:11:28Z,7023305701,234,526114346,36192564,398127,47461
2026-10-08T00:11:28Z,7028566528,7920,1148517874,2237009,7122485,124394
2026-10-08T00:11:28Z,7030416430,320,95354274,7813712,545795,68944
2026-10-08T00:11:28Z,7037673488,395,5089459,5829,5322,993
2026-10-08T00:11:28Z,7037902226,624,20922924,122638,49156,5949
2026-10-08T00:11:28Z,7058980030,4403,633730338,1059237,679634,34467
2026-10-08T00:11:28Z,7069852763,862,127377770,203789,69316,13305
2026-10-08T00:11:28Z,7071645746,177,73331192,3072133,181666,4488
2026-10-08T00:11:28Z,7072674902,85,41300561,245103,54875,9507
2026-10-08T00:11:28Z,7073604286,1307,431403011,446740,39909,32587
2026-10-08T00:11:28Z,7074860883,247,1012973848,2740979,1292208,41386
2026-10-08T00:11:28Z,7076793942,388,88166109,215909,523727,16355
2026-10-08T00:11:28Z,7081611770,1626,239092828,5218069,24494,7478
2026-10-08T00:11:28Z,7082244450,524,47162292,187118,39542,5472
2026-10-08T00:11:28Z,7082423811,985,302133276,1590982,329241,16848
2026-10-08T00:11:28Z,7089588429,7057,628143340,3124652,192885,8823
2026-10-08T00:11:28Z,7091388561,366,133742994,119509,167039,14244
2026-10-08T00:11:28Z,7094518649,6315,375907470,903285,392384,19333
2026-10-08T00:11:28Z,7101140819,545,32750930,118301,60329,9302
2026-10-08T00:11:28Z,7108384194,8426,400548474,719799,136001,22720
2026-10-08T00:11:28Z,7114667385,1034,80503725,66474,6437,1496
2026-10-08T00:11:28Z,7115773109,1322,283386467,1037554,636522,37335
2026-10-08T00:11:28Z,7120911607,683,81664265,528162,110344,6380
2026-10-08T00:11:28Z,7126976930,172,106701684,72959,6392,690
2026-10-08T00:11:28Z,7127084123,2209,161297148,344783,157149,15322
2026-10-08T00:11:28Z,7128163167,789,82662736,139810,33815,4500
2026-10-08T00:11:28Z,7128251171,1228,102990348,236515,197837,17042
2026-10-08T00:11:28Z,7139435866,659,44059991,2806300,4416,1847
2026-10-08T00:11:28Z,7143545906,1701,89575209,215422,261621,17207
2026-10-08T00:11:28Z,7144947546,294,34395581,108401,21009,5099
2026-10-08T00:11:28Z,7155018773,3183,177557560,3918863,24422,5455
2026-10-08T00:11:28Z,7178032757,4744,245841334,152599,232217,5912
2026-10-08T00:11:28Z,7194739190,2110,553028755,325691,28819,18602
2026-10-08T00:11:28Z,7208219743,1383,13247135,146999,23929,5827
2026-10-08T00:11:28Z,7212930772,990,193710568,149055,132737,12478
2026-10-08T00:11:28Z,7219654364,76955,1889331887,16707407,267626,39201
2026-10-08T00:11:28Z,7229780065,697,153330369,785196,116097,21858
2026-10-08T00:11:28Z,7232697205,329,96218473,129590,39896,12281
2026-10-08T00:11:28Z,7243236309,851,69151437,597317,51877,18726
2026-10-08T00:11:28Z,7247232515,353,27430323,1093972,16975,2320
2026-10-08T00:11:28Z,7258574494,37,23239228,14991,5665,1056
2026-10-08T00:11:28Z,7261493599,312,225534407,307153,325664,19731
2026-10-08T00:11:28Z,7264587281,3321,407658931,1997382,127558,38809
2026-10-08T00:11:28Z,7265339759,876,67606495,371675,148144,15280
2026-10-08T00:11:28Z,7265977477,6153,121571314,8993775,93339,4871
2026-10-08T00:11:28Z,7266261686,187,23915905,49966,13481,4730
2026-10-08T00:11:28Z,7267853694,280,8673657,42771,4964,1501
2026-10-08T00:11:28Z,7274244096,3828,157337938,940276,91566,8409
2026-10-08T00:11:28Z,7283491781,1352,62063100,127042,56445,9437
2026-10-08T00:11:28Z,7284582661,542,149128345,383307,75222,15523
2026-10-08T00:11:28Z,7289427971,327,200360967,1516999,80130,32901
2026-10-08T00:11:28Z,7290225649,374,75161501,7729309,4603,1702
2026-10-08T00:11:28Z,7557272025,686,53004237,355701,51376,10353
2026-10-08T00:11:28Z,7561154969,436,60591365,118807,36999,10147
2026-10-08T00:11:28Z,7569509385,808,95920051,543678,110103,15783
2026-10-08T00:11:28Z,7577791613,824,113580719,608209,59758,23115
2026-10-08T00:11:28Z,7585140258,13035,144124142,658066,398443,15792
2026-10-08T00:11:28Z,7592844193,715,5319600,151805,8968,816
2026-10-08T00:11:28Z,7599404611,484,13945525,116512,33618,1943
2026-10-08T00:11:28Z,7613921865,6976,802242320,211886,271666,12192
2026-10-08T00:11:28Z,7613970129,642,66297661,170394,70721,6151
2026-10-08T00:11:28Z,7623259179,3251,87435960,295228,124187,8217
2026-10-08T00:11:28Z,7628118889,1754,297116295,783580,126658,18522
2026-10-08T00:11:28Z,7629331599,4366,267484493,481547,336058,12498
2026-10-08T00:11:28Z,7633926880,4567,288595377,958610,616775,34671
2026-10-08T00:11:28Z,7637748042,90,42283819,36893,45504,4435
2026-10-08T00:11:28Z,7641240255,385,37297972,2617945,3265,841
2026-10-08T00:11:28Z,7646154613,2316,313532087,246828,68814,21939
2026-10-08T00:11:28Z,7651243549,480,139787013,9339594,55444,4208
2026-10-08T00:11:28Z,7658304545,480,71570952,361009,340599,9592
2026-10-08T00:11:28Z,7658676858,582,369974491,27292210,991882,72101
2026-10-08T00:11:28Z,7661378108,716,6568902,14357,2547,837
2026-10-08T00:11:28Z,7661385356,323,53627811,215000,62663,9985
2026-10-08T00:11:28Z,7662333120,359,160026586,6008271,220048,4866
2026-10-08T00:11:28Z,7663926977,309,43389805,2423502,101626,8076
2026-10-08T00:11:28Z,7665084235,297,24297753,316922,56832,5687
2026-10-08T00:11:28Z,7671049560,1454,1032397378,1037521,1565158,92177
2026-10-08T00:11:28Z,7673659635,1765,142256417,337441,174392,30100
2026-10-08T00:11:28Z,7677035096,233,6377034,81720,5520,1748
2026-10-08T00:11:28Z,7685678300,1394,286181064,763706,334787,20526
2026-10-08T00:11:28Z,7687524641,1128,42862408,114468,39822,5840
2026-10-08T00:11:28Z,7703544118,214,85465262,1516810,1073030,17629
2026-10-08T00:11:28Z,7703614594,3256,810053638,483547,1428231,25855
2026-10-08T00:11:28Z,7706951053,433,74442350,753249,51611,14503
2026-10-08T00:11:28Z,7707504980,500,35424676,1509587,58940,3034
2026-10-08T00:11:28Z,7709344486,91686,73855948547,29499731,15450092,2691536
2026-10-08T00:11:28Z,7720654467,2549,98508200,261749,40361,4934
2026-10-08T00:11:28Z,7721537973,660,99428222,87087,11734,3534
2026-10-08T00:11:28Z,7735580090,246,171585116,12320607,19126,10875
2026-10-08T00:11:28Z,7738524573,1691,176543377,168657,106148,9620
2026-10-08T00:11:28Z,7738927312,869,79407433,279145,149209,7881
2026-10-08T00:11:28Z,7742376157,289,91420199,1582618,16567,2753
2026-10-08T00:11:28Z,7744877355,116,50465627,108387,190420,13534
2026-10-08T00:11:28Z,7747782974,1354,121725809,8732612,28169,3622
2026-10-08T00:11:28Z,7750955984,861,718215519,923413,812334,38042
2026-10-08T00:11:28Z,7760134732,813,41646874,1159098,61183,2907
2026-10-08T00:11:28Z,7761516673,840,10335008,30555,18136,4477
2026-10-08T00:11:28Z,7778848023,327,69107259,5074083,15964,1481
2026-10-08T00:11:28Z,7779759515,170,82737102,348002,238570,4634
2026-10-08T00:11:28Z,7780208150,446,54199714,108256,39701,55852
2026-10-08T00:11:28Z,7780633647,1713,432434061,339195,96410,19200
2026-10-08T00:11:28Z,7785400752,187,239327479,6365588,420683,21952
2026-10-08T00:11:28Z,7787359931,1009,149205181,160611,98920,8426
2026-10-08T00:11:28Z,7794218964,391,36024133,264039,76434,3232
2026-10-08T00:11:28Z,7798947148,712,154433896,317490,806896,12009
2026-10-08T00:11:28Z,7800961209,655,76360508,129132,23232,2769
2026-10-08T00:11:28Z,7812848099,1109,218778765,223153,83057,7080
2026-10-08T00:11:28Z,7822444776,3368,765492633,497064,204588,34902
2026-10-08T00:11:28Z,7823137182,2130,398020120,560783,131568,22184
2026-10-08T00:11:28Z,7843413523,1607,150602823,590638,168011,10689
2026-10-08T00:11:28Z,7848204961,247,9781269,85776,13127,1294
2026-10-08T00:11:28Z,7848646653,294,132998681,346407,929835,14372
2026-10-08T00:11:28Z,7856039629,7350,78248802,2244726,42368,5262
2026-10-08T00:11:28Z,7857274278,290,114442768,11708022,766576,44935
2026-10-08T00:11:28Z,7860226425,128,97239586,66554,32297,5095
2026-10-08T00:11:28Z,7872343282,430,62314719,1173731,178613,21257
2026-10-08T00:11:28Z,7874651625,1443,133314540,293254,56918,4780
2026-10-08T00:11:28Z,7877723741,1180,212107554,216349,82700,47853
2026-10-08T00:11:28Z,7882785167,2810,11681425,78999,30861,3059
2026-10-08T00:11:28Z,7882829745,319,361032874,984705,481528,9389
2026-10-08T00:11:28Z,7883776681,3947,573666639,4745131,1206764,64531
2026-10-08T00:11:28Z,7884563721,1039,140433838,876955,239085,28551
2026-10-08T00:11:28Z,7891669427,373,43226734,947853,7940,2032
2026-10-08T00:11:28Z,7893073096,154,42601352,300457,9280,1708
2026-10-08T00:11:28Z,7907828295,352,436180175,294319,683875,27074
2026-10-08T00:11:28Z,7911332924,1274,57012004,71998,15267,2390
2026-10-08T00:11:28Z,7917550094,2826,186398339,160548,33902,5660
2026-10-08T00:11:28Z,7921879545,665,53263508,90937,44924,4643
2026-10-08T00:11:28Z,7934320560,1872,110465877,137166,164541,8091
2026-10-08T00:11:28Z,7935634976,1126,88905087,219632,79098,16954
2026-10-08T00:11:28Z,7938305201,4161,38008417,741777,11884,1553
2026-10-08T00:11:28Z,7938992417,763,99340394,246491,32282,15720
2026-10-08T00:11:28Z,7939389895,361,84257157,1925621,62791,4358
2026-10-08T00:11:28Z,7940293048,31,2786328,3529,1071,412
2026-10-08T00:11:28Z,7943133183,468,33552940,1122875,75683,1768
2026-10-08T00:11:28Z,7948426536,5212,60258899,117702,14225,1714
2026-10-08T00:11:28Z,7959448908,13,29743215,23250,15613,4322
2026-10-08T00:11:28Z,7960300951,5729,201803658,7794380,375887,17319
2026-10-08T00:11:28Z,7964539330,350,213486382,13261323,145770,16549
2026-10-08T00:11:28Z,7968055762,678,9273873,24819,9962,1016
2026-10-08T00:11:28Z,7970033072,1224,7644470,109073,158151,3903
2026-10-08T00:11:28Z,7983308985,587,136955695,237836,491337,20160
2026-10-08T00:11:28Z,7990186056,1093,411192157,383618,286017,18438
2026-10-08T00:11:28Z,7996365376,7919,448545671,489838,206498,28120
2026-10-08T00:11:28Z,8000413855,263,96410151,79668,87611,8917
2026-10-08T00:11:28Z,8005378926,1494,40696269,831345,7324,1373
2026-10-08T00:11:28Z,8006379851,1959,129283623,7030436,7174,3356
2026-10-08T00:11:28Z,8014099969,1101,152554275,256776,142074,12500
2026-10-08T00:11:28Z,8017401632,551,65296827,156054,53571,3626
2026-10-08T00:11:28Z,8051653879,336,18706185,20730,7489,4256
2026-10-08T00:11:28Z,8058628992,367,177712075,585563,75323,6634
2026-10-08T00:11:28Z,8066283370,1246,529698304,3067943,434728,16516
2026-10-08T00:11:28Z,8072075666,395,2556081,35884,9941,3026
2026-10-08T00:11:28Z,8080493298,1958,261636502,308926,89539,15359
2026-10-08T00:11:28Z,8080863905,867,115306194,107187,145956,20966
2026-10-08T00:11:28Z,8081472583,236,181079853,17024164,265276,23846
2026-10-08T00:11:28Z,8087030587,256,59474482,4995795,6895,1042
2026-10-08T00:11:28Z,8093473699,332,26169260,93194,22864,4125
2026-10-08T00:11:28Z,8095834523,489,23914719,61258,24178,3556
2026-10-08T00:11:28Z,8104504677,461,62905016,281318,199650,13046
2026-10-08T00:11:28Z,8123308765,343,28036662,26989,6129,1871
2026-10-08T00:11:28Z,8156973419,4507,156748700,5101443,90971,10019
2026-10-08T00:11:28Z,8160348242,5051,212056440,4773893,144590,15362
2026-10-08T00:11:28Z,8178086002,15997,81302931,233623,64930,4429
2026-10-08T00:11:28Z,8181391950,1577,242094497,4578298,264097,27154
2026-10-08T00:11:28Z,8198412649,1141,54366169,95344,70965,8556
2026-10-08T00:11:28Z,8203127178,510,18079358,41845,30677,4105
2026-10-08T00:11:28Z,8204806107,689,55736048,141687,36751,3311
2026-10-08T00:11:28Z,8212026736,326,47362708,291922,96398,3546
2026-10-08T00:11:28Z,8212965377,160,54359072,56763,29621,2620
2026-10-08T00:11:28Z,8214054500,413,145597956,431369,1089143,27711
2026-10-08T00:11:28Z,8223345519,576,42216347,95081,27907,2733
2026-10-08T00:11:28Z,8232540509,361,44635634,59335,27395,5002
2026-10-08T00:11:28Z,8237105425,1340,44112333,931488,346764,7968
2026-10-08T00:11:28Z,8238863102,1962,322955429,2294021,215939,10777
2026-10-08T00:11:28Z,8239435378,67,38487120,91161,173322,5291
2026-10-08T00:11:28Z,8243724761,344,51291269,273861,79266,2945
2026-10-08T00:11:28Z,8246907060,894,117465827,294528,188480,18676
2026-10-08T00:11:28Z,8269273068,431,41472395,268249,284890,12345
2026-10-08T00:11:28Z,8279887603,561,103414581,387622,67991,8081
2026-10-08T00:11:28Z,8294794009,298,75411800,115164,23741,5575
2026-10-08T00:11:28Z,8296765616,1351,36004484,76923,47872,2506
2026-10-08T00:11:28Z,8299444324,273,167710096,10256153,338758,19721
2026-10-08T00:11:28Z,8300580369,253,7894875,82385,12993,2106
2026-10-08T00:11:28Z,8307114974,7076,400385508,255517,101012,16536
2026-10-08T00:11:28Z,8309394444,383,23549711,1682348,18856,1544
2026-10-08T00:11:28Z,8313824597,571,26403853,39941,26364,3576
2026-10-08T00:11:28Z,8316902627,1859,4712748848,2001297,3026586,166572
2026-10-08T00:11:28Z,8321616508,383,51274994,53459,89328,5285
2026-10-08T00:11:28Z,8322865535,1395,37352808,1997306,11150,1460
2026-10-08T00:11:28Z,8330409552,249,156013068,14716492,107214,11112
2026-10-08T00:11:28Z,8342498724,2669,55276106,109686,80428,3204
2026-10-08T00:11:28Z,8343243056,338,242480913,1694708,307136,8101
2026-10-08T00:11:28Z,8353962342,448,226627392,8348482,190728,10899
2026-10-08T00:11:28Z,8356066619,1829,89523422,47439,88513,4526
2026-10-08T00:11:28Z,8360491918,169,23753522,21186,15080,5341
2026-10-08T00:11:28Z,8365871374,1395,257834744,20544481,196554,10303
2026-10-08T00:11:28Z,8366716517,906,77968729,998350,178054,19021
2026-10-08T00:11:28Z,8374113155,1405,274899805,222628,111684,6038
2026-10-08T00:11:28Z,8375166760,754,56613805,67017,17381,5109
2026-10-08T00:11:28Z,8401518398,7579,120707702,108262,21181,8347
2026-10-08T00:11:28Z,8420907710,1186,76511472,5880976,201090,40201
2026-10-08T00:11:28Z,8430503828,1022,132082948,777549,34589,7287
2026-10-08T00:11:28Z,8438027136,34,24239202,22391,6334,2740
2026-10-08T00:11:28Z,8438735581,228,11357374,23432,7890,1446
2026-10-08T00:11:28Z,8446266018,591,81859848,68107,67153,15497
2026-10-08T00:11:28Z,8450202664,81,18691086,47248,40982,3173
2026-10-08T00:11:28Z,8450472355,594,134552446,168670,135643,16802
2026-10-08T00:11:28Z,8472682462,1124,78934580,68644,10735,1459
2026-10-08T00:11:28Z,8475779172,309,32720768,52841,27230,2074
2026-10-08T00:11:28Z,8485482226,205,23911610,184804,45463,3594
2026-10-08T00:11:28Z,8488806742,898,46013363,88314,41185,7774
2026-10-08T00:11:28Z,8494484575,162,78550658,3297478,126203,2770
2026-10-08T00:11:28Z,8497987845,901,25207473,138392,75896,6470
2026-10-08T00:11:28Z,8503596762,472,3088643,34330,12761,1013
2026-10-08T00:11:28Z,8504461817,2216,202280962,115828,43626,3737
2026-10-08T00:11:28Z,8520148363,4112,266139754,3338514,678627,79714
2026-10-08T00:11:28Z,8524572339,3359,96189495,139043,81686,22439
2026-10-08T00:11:28Z,8539298853,3319,1301169072,1831280,383431,43187
2026-10-08T00:11:28Z,8546873728,1615,33387650,699642,16183,2062
2026-10-08T00:11:28Z,8561270645,160,47662446,1002565,11688,2983
2026-10-08T00:11:28Z,8562618273,203,108150394,90626,105053,4236
2026-10-08T00:11:28Z,8570876289,197,61893843,23463,21606,5104
2026-10-08T00:11:28Z,8572854650,134,130327607,885729,476958,10654
2026-10-08T00:11:28Z,8600977079,1216,90454842,88971,18101,5358
2026-10-08T00:11:28Z,8601956127,337,28419393,119588,123944,5206
2026-10-08T00:11:28Z,8615117785,216,2123139,24663,6212,3125
2026-10-08T00:11:28Z,8618660961,1206,43058513,133142,54190,6840
2026-10-08T00:11:28Z,8640389608,269,2375568,4654,4364,458
2026-10-08T00:11:28Z,8641602265,682,78416246,212808,137842,8056
2026-10-08T00:11:28Z,8646185650,281,30752486,49687,35479,1617
2026-10-08T00:11:28Z,8646444640,784,12582845,45155,26522,3881
2026-10-08T00:11:28Z,8659262047,985,128345024,1280960,515341,10555
2026-10-08T00:11:28Z,8662243497,1309,271139651,283094,56889,7041
2026-10-08T00:11:28Z,8669550197,1766,111419482,138588,76592,3719
2026-10-08T00:11:28Z,8698022820,116,44309217,52092,90419,1092
2026-10-08T00:11:28Z,8705454731,303,79756574,526277,131957,12396
2026-10-08T00:11:28Z,8719555347,11100,437580041,638083,224688,18032
2026-10-08T00:11:28Z,8722889197,240,150809274,5299761,111681,6232
2026-10-08T00:11:28Z,8723526551,642,17227344,569223,41812,3515
2026-10-08T00:11:28Z,8724785394,1136,8347553,362525,11330,566
2026-10-08T00:11:28Z,8728034884,62,10052411,24351,10477,1790
2026-10-08T00:11:28Z,8744978097,33,18895986,51127,70156,4081
2026-10-08T00:11:28Z,8751492147,351,117459030,115268,32284,9098
2026-10-08T00:11:28Z,8752324161,3010,236063061,135179,22188,10474
2026-10-08T00:11:28Z,8759966530,943,128987998,416858,85249,9273
2026-10-08T00:11:28Z,8776018564,521,79758339,160819,133638,5138
2026-10-08T00:11:28Z,8786713187,696,120708989,295828,655972,12594
2026-10-08T00:11:28Z,8791358380,2617,465681540,14075197,297025,15845
2026-10-08T00:11:28Z,8794536584,427,14571072,88922,39277,4862
2026-10-08T00:11:28Z,8795154789,1373,486459546,396377,356030,27161
2026-10-08T00:11:28Z,8799094487,545,33898262,75706,22240,2906
2026-10-08T00:11:28Z,8807109250,516,56106264,1574316,150731,14796
2026-10-08T00:11:28Z,8813969120,4226,46465407,132616,95622,3385
2026-10-08T00:11:28Z,8824087733,227,13738705,8187,4071,616
2026-10-08T00:11:28Z,8828612659,421,151586455,164847,240446,4591
2026-10-08T00:11:28Z,8829204428,1323,9174756,163572,125257,2745
2026-10-08T00:11:28Z,8832884753,355,69725608,745274,85339,3368
2026-10-08T00:11:28Z,8834587397,288,577400528,14056980,517646,42787
2026-10-08T00:11:28Z,8836568224,2422,129868254,120357,139960,3018
2026-10-08T00:11:28Z,8836631593,583,43221877,51674,17534,8468
2026-10-08T00:11:28Z,8841437826,1819,56338721,825660,94474,2877
2026-10-08T00:11:28Z,8846911260,528,75989898,212177,65538,3481
2026-10-08T00:11:28Z,8847904177,316,31443698,4281928,9678,1553
2026-10-08T00:11:28Z,8851542818,1030,60542209,377614,92381,4279
2026-10-08T00:11:28Z,8869088870,1964,50286259,2679598,140356,3033
2026-10-08T00:11:28Z,8881105040,519,55032398,106342,168025,3021
2026-10-08T00:11:28Z,8881302585,1626,89928100,174105,138390,25096
2026-10-08T00:11:28Z,8883775493,951,135739929,399757,47238,10548
2026-10-08T00:11:28Z,8890288888,399,117929988,81775,16050,6282
2026-10-08T00:11:28Z,8902327228,279,111079826,125237,72560,10453
2026-10-08T00:11:28Z,8916086418,54,6632776,59679,14029,796
2026-10-08T00:11:28Z,8925924444,2140,110670785,148242,147480,11192
2026-10-08T00:11:28Z,8935993972,312,14236334,106170,104096,3830
2026-10-08T00:11:28Z,8937254139,1398,231121051,1823083,498768,8430
2026-10-08T00:11:28Z,8946565814,2339,27078438,27397,33644,2224
2026-10-08T00:11:28Z,8950496606,852,180946807,456256,148626,9301
2026-10-08T00:11:28Z,8959257868,368,14156129,49916,22466,2197
2026-10-08T00:11:28Z,8964956538,2506,69895023,1233723,203209,6501
2026-10-08T00:11:28Z,8965717730,2467,18985647,793516,4471,1271
2026-10-08T00:11:28Z,8995269203,102,30653707,27012,11387,997
2026-10-08T00:11:28Z,8997131346,406,11085203,23341,6974,1989
2026-10-08T00:11:28Z,8997725599,472,9342397,42130,57243,5602
2026-10-08T00:11:28Z,9001634416,541,3959476,22122,5589,2754
2026-10-08T00:11:28Z,9029936173,1048,39282327,3835952,10694,3011
2026-10-08T00:11:28Z,9031167776,221,2208798,15050,4938,348
2026-10-08T00:11:28Z,9050667716,605,62493806,87743,43625,10909
2026-10-08T00:11:28Z,9051406594,7178,398559340,7768815,2059424,76860
2026-10-08T00:11:28Z,9058303084,508,97500341,63919,21736,10545
2026-10-08T00:11:28Z,9065022692,64,11853568,435188,5078,931
2026-10-08T00:11:28Z,9067401541,566,25015172,126231,187116,4603
2026-10-08T00:11:28Z,9073513091,1716,145677631,180656,165117,8106
2026-10-08T00:11:28Z,9076692567,611,34665109,156653,41641,8814
2026-10-08T00:11:28Z,9081083593,162,23323088,336673,23277,5714
2026-10-08T00:11:28Z,9084112733,742,84898637,188119,18392,4918
2026-10-08T00:11:28Z,9086253192,166,100214030,3690073,43086,2381
2026-10-08T00:11:28Z,9091133975,1802,463941958,1289371,1231748,24689
2026-10-08T00:11:28Z,9098570654,5050,269524244,454494,193810,12100
2026-10-08T00:11:28Z,9102566780,356,7457813,39827,73471,4955
2026-10-08T00:11:28Z,9104763985,494,89287925,7211609,151161,2623
2026-10-08T00:11:28Z,9105075853,370,16081856,78705,164817,5727
2026-10-08T00:11:28Z,9112256336,1098,9743798,20517,8579,1616
2026-10-08T00:11:28Z,9119782663,1467,98060095,2655281,62966,9906
2026-10-08T00:11:28Z,9125259344,2182,134066928,260568,52807,15787
2026-10-08T00:11:28Z,9130827443,263,43117164,1963898,110548,8878
2026-10-08T00:11:28Z,9140218204,49,19865805,1570779,34302,1857
2026-10-08T00:11:28Z,9141743926,2506,459466340,603095,536237,11920
2026-10-08T00:11:28Z,9142917248,1470,65295104,4734033,44573,4188
2026-10-08T00:11:28Z,9145063979,5267,591841600,614743,1127306,25617
2026-10-08T00:11:28Z,9150731899,1092,17420439,85930,19033,5160
2026-10-08T00:11:28Z,9155036056,934,111266982,270053,411763,5730
2026-10-08T00:11:28Z,9156711629,687,50327239,399070,115978,3840
2026-10-08T00:11:28Z,9162763535,1926,77604953,96466,25683,7344
2026-10-08T00:11:28Z,9167377564,8759,383695979,9014231,660744,19542
2026-10-08T00:11:28Z,9169166771,1184,71911156,127176,19822,5455
2026-10-08T00:11:28Z,9175015027,363,58928881,4975325,26523,3781
2026-10-08T00:11:28Z,9186719164,1352,1597504039,843442,1244643,52645
2026-10-08T00:11:28Z,9198323655,858,121698343,84408,39087,3613
2026-10-08T00:11:28Z,9199655655,9526,263766419,746628,498699,63153
2026-10-08T00:11:28Z,9209811415,833,52440067,125275,19052,1852
2026-10-08T00:11:28Z,9210599831,938,19605429,517339,97448,4050
2026-10-08T00:11:28Z,9219116196,811,103093039,288381,44003,6072
2026-10-08T00:11:28Z,9219838330,385,14149817,40690,112921,3138
2026-10-08T00:11:28Z,9221949930,722,11237685,272778,9423,1699
2026-10-08T00:11:28Z,9226697658,239,4076819,43657,90107,1495
2026-10-08T00:11:28Z,9228045253,162,142528534,251943,331176,8782
2026-10-08T00:11:28Z,9229146348,629,10492260,39475,17023,4201
2026-10-08T00:11:28Z,9232634201,517,89679134,99570,27153,4641
2026-10-08T00:11:28Z,9237297311,398,2159985,18164,2986,718
2026-10-08T00:11:28Z,9237322219,521,18415371,44564,29456,2325
2026-10-08T00:11:28Z,9255588637,572,158845889,11274715,55432,19326
2026-10-08T00:11:28Z,9257800423,1035,39129452,383950,160702,9730
2026-10-08T00:11:28Z,9272395657,2526,8442291,11498,5470,2548
2026-10-08T00:11:28Z,9272693470,529,274114533,182753,127882,8729
2026-10-08T00:11:28Z,9273584416,330,14917735,609749,14558,6859
2026-10-08T00:11:28Z,9276049439,1582,59691400,212792,71584,2969
2026-10-08T00:11:28Z,9286558970,1139,22169053,84411,32109,12395
2026-10-08T00:11:28Z,9293574407,382,59365065,4207157,45709,3433
2026-10-08T00:11:28Z,9294074907,12910,584074080,651375,220471,30167
2026-10-08T00:11:28Z,9294646427,1006,112059329,285481,526261,14017
2026-10-08T00:11:28Z,9296042754,3883,88283257,419425,189609,4409
2026-10-08T00:11:28Z,9296252245,5504,247201803,15179235,247516,12313
2026-10-08T00:11:28Z,9297902951,305,29633708,407922,155434,22710
2026-10-08T00:11:28Z,9298096434,1802,13618883,155180,54345,5359
2026-10-08T00:11:28Z,9303771057,919,103581669,1929028,32413,11267
2026-10-08T00:11:28Z,9312646406,1984,203827265,993621,174949,12362
2026-10-08T00:11:28Z,9312746495,771,19531847,120254,16788,1775
2026-10-08T00:11:28Z,9315472782,183,26763620,151875,24573,1686
2026-10-08T00:11:28Z,9315739469,567,89962707,97737,14550,4833
2026-10-08T00:11:28Z,9316885643,117,226218918,6719449,32121,4510
2026-10-08T00:11:28Z,9317784977,774,143166000,1316919,147920,20120
2026-10-08T00:11:28Z,9320470390,992,194874212,257834,102973,9150
2026-10-08T00:11:28Z,9324506782,359,16295091,89677,60597,5633
2026-10-08T00:11:28Z,9328305853,449,36114797,815946,76674,4242
2026-10-08T00:11:28Z,9338511689,126,36720137,10648,11630,1991
2026-10-08T00:11:28Z,9344307274,521,589653724,419608,686146,43088
2026-10-08T00:11:28Z,9344916045,1520,85152608,219698,47476,3357
2026-10-08T00:11:28Z,9348272796,4049,748288655,689730,442286,21214
2026-10-08T00:11:28Z,9352840896,372,36933655,1010107,21594,5272
2026-10-08T00:11:28Z,9354709602,211,60663202,823085,294920,6237
2026-10-08T00:11:28Z,9357218675,247,44725844,3473334,34071,1161
2026-10-08T00:11:28Z,9362896961,3062,158300084,222629,598057,9232
2026-10-08T00:11:28Z,9363735110,3314,5728906593,2065659,1941862,393925
2026-10-08T00:11:28Z,9364041968,703,65123692,565390,27193,5753
2026-10-08T00:11:28Z,9382839773,1695,35875672,88963,287038,3338
2026-10-08T00:11:28Z,9384605736,1352,1049581773,17275762,2720871,110906
2026-10-08T00:11:28Z,9395278151,1480,36347545,1637096,12939,2453
2026-10-08T00:11:28Z,9399884981,1231,204977828,1057237,67592,4448
2026-10-08T00:11:28Z,9403708294,402,96008833,74337,41956,14818
2026-10-08T00:11:28Z,9404155369,636,49318111,3183158,50099,2090
2026-10-08T00:11:28Z,9442472087,613,11286231,281920,30749,2433
2026-10-08T00:11:28Z,9449993534,2311,55318133,77369,18408,8655
2026-10-08T00:11:28Z,9452898647,217,126182763,5377516,46429,5511
2026-10-08T00:11:28Z,9456449045,504,12486119,18382,5649,1049
2026-10-08T00:11:28Z,9463334671,367,8617301,56868,18397,2270
2026-10-08T00:11:28Z,9464360885,268,63868978,107200,30886,13568
2026-10-08T00:11:28Z,9472441390,3685,294485370,283538,215499,9195
2026-10-08T00:11:28Z,9480281767,3961,29117213,139459,18915,4655
2026-10-08T00:11:28Z,9481391333,2500,37774868,760942,11552,3621
2026-10-08T00:11:28Z,9484893818,949,11557485,102946,42544,2494
2026-10-08T00:11:28Z,9485131494,755,93204994,455217,362542,7359
2026-10-08T00:11:28Z,9490116046,5113,146815670,6549140,10363,5529
2026-10-08T00:11:28Z,9491545867,7415,129255412,1279502,29770,6704
2026-10-08T00:11:28Z,9496852407,1962,124823898,107447,61606,9418
2026-10-08T00:11:28Z,9497278040,209,82176411,246867,57277,3289
2026-10-08T00:11:28Z,9499439936,649,101032678,89877,14177,4475
2026-10-08T00:11:28Z,9501409571,503,44042304,226770,120060,3024
2026-10-08T00:11:28Z,9501701013,2264,104253539,153707,29647,11533
2026-10-08T00:11:28Z,9503696692,448,87140953,80617,35879,16565
2026-10-08T00:11:28Z,9506013695,4728,123874212,432651,74488,10869
2026-10-08T00:11:28Z,9507134447,88,31230282,1123790,80484,1628
2026-10-08T00:11:28Z,9508201896,699,11658723,252390,2912,538
2026-10-08T00:11:28Z,9510573507,626,7899885,332667,3002,1151
2026-10-08T00:11:28Z,9511365396,979,71111594,92428,11329,4253
2026-10-08T00:11:28Z,9511454418,685,4371395,34781,18649,1672
2026-10-08T00:11:28Z,9513686983,2285,437235610,14443985,101357,36884
2026-10-08T00:11:28Z,9514625031,1516,690413,2325,237,111
2026-10-08T00:11:28Z,9517627739,618,33300604,98037,73296,8253
2026-10-08T00:11:28Z,9520692022,3591,8219852,628733,2806,4354
2026-10-08T00:11:28Z,9522015993,1913,138272692,248106,50949,25435
2026-10-08T00:11:28Z,9529449775,452,3226529,106897,12435,649
2026-10-08T00:11:28Z,9534705677,13422,304290425,3003541,288545,25871
2026-10-08T00:11:28Z,9539483725,1323,63746148,83465,10415,2930
2026-10-08T00:11:28Z,9546331833,162,65202453,57442,45097,3655
2026-10-08T00:11:28Z,9549133757,843,28249758,44738,27911,3019
2026-10-08T00:11:28Z,9549278601,1819,11529874,866235,1972,884
2026-10-08T00:11:28Z,9550141430,562,21333954,422282,12306,1382
2026-10-08T00:11:28Z,9551044479,3012,54550307,263648,185574,5339
2026-10-08T00:11:28Z,9557528747,148,10057836,424352,13347,1478
2026-10-08T00:11:28Z,9560516761,103,30654195,23040,9019,1687
2026-10-08T00:11:28Z,9561553764,9738,268803360,225314,258814,17563
2026-10-08T00:11:28Z,9564490170,639,55353851,587203,109548,30003
2026-10-08T00:11:28Z,9564659718,581,126176108,180411,191382,19281
2026-10-08T00:11:28Z,9564673841,1636,175357211,304470,195822,29544
2026-10-08T00:11:28Z,9580564449,911,10323761,118086,2236,405
2026-10-08T00:11:28Z,9582986239,3029,16917218,72653,37969,1995
2026-10-08T00:11:28Z,9583356773,852,3283475,155577,530,259
2026-10-08T00:11:28Z,9584852943,71008,6336703075,6963644,9912729,320690
2026-10-08T00:11:28Z,9584946743,3107,38970819,289634,125816,2380
2026-10-08T00:11:28Z,9585346472,911,45916718,464859,45529,5270
2026-10-08T00:11:28Z,9588121608,981,152287239,2910898,53931,10280
2026-10-08T00:11:28Z,9592387369,3226,64268106,198425,84588,19845
2026-10-08T00:11:28Z,9599808796,871,133037261,182106,79816,22603
2026-10-08T00:11:28Z,9620363363,247,65955958,55743,14671,2276
2026-10-08T00:11:28Z,9627655329,834,36952142,506608,11906,3237
2026-10-08T00:11:28Z,9630276723,212,50651329,65213,39460,2595
2026-10-08T00:11:28Z,9639553972,402,43978469,220110,142359,12266
2026-10-08T00:11:28Z,9641502068,7791,120950547,230059,284594,19014
2026-10-08T00:11:28Z,9645309602,209,42891238,83913,34481,5888
2026-10-08T00:11:28Z,9649298941,571,751743898,5564451,1234161,84579
2026-10-08T00:11:28Z,9655781693,1015,18029879,36446,16527,5243
2026-10-08T00:11:28Z,9655921954,1031,48201046,53979,6261,2905
2026-10-08T00:11:28Z,9656201728,1574,31437042,110208,62208,3086
2026-10-08T00:11:28Z,9660713566,1150,110771902,6673139,80575,4410
2026-10-08T00:11:28Z,9661927199,512,135431157,137269,90211,19639
2026-10-08T00:11:28Z,9662130710,1593,16844065,538272,113942,9676
2026-10-08T00:11:28Z,9663968307,1796,166440698,2223494,166825,32217
2026-10-08T00:11:28Z,9668574764,267,21901727,1418578,70668,913
2026-10-08T00:11:28Z,9669297195,84,32931183,23035,2626,1221
2026-10-08T00:11:28Z,9671745030,364,17296827,111698,26074,2309
2026-10-08T00:11:28Z,9671940985,610,181016207,6061040,133961,8167
2026-10-08T00:11:28Z,9677121265,128,40103873,47987,13775,11338
2026-10-08T00:11:28Z,9681943457,185,46245290,34420,32202,2792
2026-10-08T00:11:28Z,9690128730,544,1674351,12892,3964,306
2026-10-08T00:11:28Z,9694335093,796,21226136,252380,128721,6371
2026-10-08T00:11:28Z,9697502306,1238,114121696,122650,27354,3886
2026-10-08T00:11:28Z,9701569269,358,16187312,1020776,4532,915
2026-10-08T00:11:28Z,9701909402,913,56216185,125579,52590,2260
2026-10-08T00:11:28Z,9702840627,232,11650091,201983,164748,5668
2026-10-08T00:11:28Z,9705384247,839,33177722,118970,48569,8051
2026-10-08T00:11:28Z,9707841805,595,9556526,178790,71233,2866
2026-10-08T00:11:28Z,9711289915,2160,161867151,1535014,57925,8312
2026-10-08T00:11:28Z,9711972386,252,14463513,27266,12619,2451
2026-10-08T00:11:28Z,9714537627,1239,30780083,72790,26482,56758
2026-10-08T00:11:28Z,9715999586,251,155831732,113159,103945,12679
2026-10-08T00:11:28Z,9722598100,187,39014731,162299,164834,2471
2026-10-08T00:11:28Z,9723617424,183,42645758,68499,12693,2854
2026-10-08T00:11:28Z,9732080947,1070,87207779,268217,63897,11164
2026-10-08T00:11:28Z,9735583968,2332,155518700,426296,120840,10158
2026-10-08T00:11:28Z,9736593239,491,61672390,38247,8670,1458
2026-10-08T00:11:28Z,9741874508,3530,112694266,5823462,81712,6045
2026-10-08T00:11:28Z,9747555206,311,41994931,126304,32291,6134
2026-10-08T00:11:28Z,9750146698,102,46210588,31613,3713,502
2026-10-08T00:11:28Z,9750361560,653,62919405,143660,139358,14596
2026-10-08T00:11:28Z,9751615286,292,15311384,17217,10495,1518
2026-10-08T00:11:28Z,9753458401,930,13148217,47602,11996,2290
2026-10-08T00:11:28Z,9753814298,432,398171185,338377,173786,37543
2026-10-08T00:11:28Z,9754968779,172,62163554,2969628,429853,9590
2026-10-08T00:11:28Z,9758027784,1712,89932644,130821,59694,12637
2026-10-08T00:11:28Z,9758688665,1033,124952077,6366957,35123,5576
2026-10-08T00:11:28Z,9759082891,1965,29039945,3671297,13825,1007
2026-10-08T00:11:28Z,9759989445,191,26562105,69308,27402,3491
2026-10-08T00:11:28Z,9765324104,1333,81827249,420666,49212,4619
2026-10-08T00:11:28Z,9774284077,1717,116903143,4174654,23909,4681
2026-10-08T00:11:28Z,9776222468,1556,90199369,179061,49117,8726
2026-10-08T00:11:28Z,9780429221,3064,81673198,1278742,55584,11980
2026-10-08T00:11:28Z,9781580133,1079,11166291,46500,32526,8452
2026-10-08T00:11:28Z,9784759642,356,49606878,53814,14856,2718
2026-10-08T00:11:28Z,9785048253,787,16570536,138686,28076,4317
2026-10-08T00:11:28Z,9787206684,878,779063594,2989591,765711,41608
2026-10-08T00:11:28Z,9788139379,2565,73210464,179059,119511,15063
2026-10-08T00:11:28Z,9792551117,1098,182149449,547177,44036,18340
2026-10-08T00:11:28Z,9792947201,319,536232207,3520840,814504,19917
2026-10-08T00:11:28Z,9793308933,739,59566296,1430747,291596,3788
2026-10-08T00:11:28Z,9796643263,638,26730550,980122,5566,1524
2026-10-08T00:11:28Z,9796898051,7661,68981777,1049286,84883,6952
2026-10-08T00:11:28Z,9800909176,262,28511020,40101,16340,1006
2026-10-08T00:11:28Z,9801436549,332,10856153,13838,2917,1542
2026-10-08T00:11:28Z,9802644580,351,54064102,796741,48352,4825
2026-10-08T00:11:28Z,9803970239,3276,59475889,60381,23625,9801
2026-10-08T00:11:28Z,9804429271,108,35933459,2020956,43988,1774
2026-10-08T00:11:28Z,9807649116,2523,192809184,373500,250291,10270
2026-10-08T00:11:28Z,9807783902,449,7470593,48042,8912,2614
2026-10-08T00:11:28Z,9811924734,60,25968094,89897,30125,2886
2026-10-08T00:11:28Z,9812090239,2458,46285867,1093707,64254,1338
2026-10-08T00:11:28Z,9813375035,123,54316937,1036847,28125,6206
2026-10-08T00:11:28Z,9813946433,2130,33986788,76180,115156,10507
2026-10-08T00:11:28Z,9815834699,1590,66325148,211620,123408,17374
2026-10-08T00:11:28Z,9825259729,10091,21044131,151743,51360,6267
2026-10-08T00:11:28Z,9826885587,3533,153798654,362392,306916,8854
2026-10-08T00:11:28Z,9829910038,264,2717949,9198,4765,480
2026-10-08T00:11:28Z,9830725726,4207,64007259,71524,13996,4441
2026-10-08T00:11:28Z,9833852980,318,8871187,177173,21873,3982
2026-10-08T00:11:28Z,9836330876,727,23358488,82659,16230,1152
2026-10-08T00:11:28Z,9837325548,1564,58579775,114195,55379,3899
2026-10-08T00:11:28Z,9837612476,7240,351997985,1244655,794392,28948
2026-10-08T00:11:28Z,9843234816,2592,24704925,983271,3660,1294
2026-10-08T00:11:28Z,9845995128,80,3492096,18356,2747,264
2026-10-08T00:11:28Z,9851352969,1804,37385883,885516,10500,1511
2026-10-08T00:11:28Z,9852933243,462,10283110,64176,14283,2152
2026-10-08T00:11:28Z,9855761734,7896,213507924,295050,146053,24599
2026-10-08T00:11:28Z,9857818180,360,4031455,9177,5557,2760
2026-10-08T00:11:28Z,9859948536,342,40755729,813642,32375,9381
2026-10-08T00:11:28Z,9860746424,196,33344958,53032,23781,4181
2026-10-08T00:11:28Z,9865931248,913,3067492,163733,1210,252
2026-10-08T00:11:28Z,9866884975,275,55146920,3968549,191223,7598
2026-10-08T00:11:28Z,9868545229,587,7961430,35742,8685,997
2026-10-08T00:11:28Z,9872734936,4652,54593210,121427,49701,6409
2026-10-08T00:11:28Z,9872977974,702,33999627,314233,7559,705
2026-10-08T00:11:28Z,9874419878,714,207952938,488305,120703,18689
2026-10-08T00:11:28Z,9875383684,331,181355749,206228,95440,10764
2026-10-08T00:11:28Z,9877481048,2925,26775803,65801,26042,3223
2026-10-08T00:11:28Z,9880286438,5644,25894406,65894,84962,2586
2026-10-08T00:11:28Z,9882110948,140,16817095,41628,67095,14544
2026-10-08T00:11:28Z,9882296644,434,12842014,689919,3192,1017
2026-10-08T00:11:28Z,9885372266,4056,88178954,2514438,150407,10183
2026-10-08T00:11:28Z,9889811676,748,31006498,210483,69555,11049
2026-10-08T00:11:28Z,9891331827,4409,2180349,112609,52642,1701
2026-10-08T00:11:28Z,9892207761,956,63046038,247788,27670,3882
2026-10-08T00:11:28Z,9893515490,84,58739576,1339881,433653,7271
2026-10-08T00:11:28Z,9896643509,214,12057073,15872,6603,1806
2026-10-08T00:11:28Z,9898409899,291,40435666,236681,68331,15745
2026-10-08T00:11:28Z,9898970160,178,61296470,137716,163348,4007
2026-10-08T00:11:28Z,9900286623,1341,21927331,158779,9867,1815
2026-10-08T00:11:28Z,9903325235,530,76942660,95641,38383,6369
2026-10-08T00:11:28Z,9903482381,846,51927654,2881974,13237,3490
2026-10-08T00:11:28Z,9903685259,674,26815577,1889300,40722,5626
2026-10-08T00:11:28Z,9906154135,2332,54156102,57031,17278,2329
2026-10-08T00:11:28Z,9906378607,1786,12809190,433531,60390,1123
2026-10-08T00:11:28Z,9908641400,7691,76304227,58769,36133,7771
2026-10-08T00:11:28Z,9910245722,2597,323785262,1492312,507757,9675
2026-10-08T00:11:28Z,9911988958,452,24425247,145140,169902,9499
2026-10-08T00:11:28Z,9912025777,1882,219725622,476807,179924,13008
2026-10-08T00:11:28Z,9914581074,290,42064210,67472,43117,8151
2026-10-08T00:11:28Z,9918481645,210,7668381,5797,3345,775
2026-10-08T00:11:28Z,9929436407,345,15443371,462082,20733,1667
2026-10-08T00:11:28Z,9929870476,380,1590090,36127,8715,555
2026-10-08T00:11:28Z,9930466428,1035,40600502,169075,36409,5439
2026-10-08T00:11:28Z,9931749389,5551,151036560,245556,164228,6184
2026-10-08T00:11:28Z,9933939850,963,60540408,55746,22798,3878
2026-10-08T00:11:28Z,9934614409,291,89744335,146146,112426,7062
2026-10-08T00:11:28Z,9938429322,515,14475456,39085,57927,1919
2026-10-08T00:11:28Z,9940076108,371,28534582,2542400,12325,2609
2026-10-08T00:11:28Z,9940725596,637,41094169,56691,8787,1865
2026-10-08T00:11:28Z,9940812243,2613,15616145,167670,29946,942
2026-10-08T00:11:28Z,9942734820,1234,35871426,1523499,8579,3006
2026-10-08T00:11:28Z,9943273705,932,20701905,47238,6008,5023
2026-10-08T00:11:28Z,9948575164,2001,54437719,249135,141017,5885
2026-10-08T00:11:28Z,9949148856,3738,5827457,889323,1542,443
2026-10-08T00:11:28Z,9949288829,1014,10166470,98112,28074,823
2026-10-08T00:11:28Z,9950184599,1021,13462728,122257,92937,2635
2026-10-08T00:11:28Z,9950410865,1540,35085848,1721340,18634,3820
2026-10-08T00:11:28Z,9952351777,625,32032942,514194,37011,4033
2026-10-08T00:11:28Z,9952820791,579,1001555,8342,2036,778
2026-10-08T00:11:28Z,9953328866,480,62029007,71597,52422,3169
2026-10-08T00:11:28Z,9954447663,219,22427492,1135947,3512,558
2026-10-08T00:11:28Z,9957338123,3985,57243957,71935,7109,2366
2026-10-08T00:11:28Z,9958694666,388,50111866,454501,54667,1682
2026-10-08T00:11:28Z,9960184903,977,26614902,636378,1207,582
2026-10-08T00:11:28Z,9961389755,428,23781751,827386,43074,4231
2026-10-08T00:11:28Z,9963622286,1827,118847728,2691910,53947,7175
2026-10-08T00:11:28Z,9965411707,3290,48347030,76995,73957,2926
2026-10-08T00:11:28Z,9968527241,251,37589427,1128876,9008,2506
2026-10-08T00:11:28Z,9969095451,212,43487325,1711991,21594,2978
2026-10-08T00:11:28Z,9970645639,6634,125618954,765685,539448,7088
2026-10-08T00:11:28Z,9971722694,185,17552910,1206998,71162,1933
2026-10-08T00:11:28Z,9975893742,292,32208595,3167542,46022,3624
2026-10-08T00:11:28Z,9978329815,15440,511174885,1078340,294884,22762
2026-10-08T00:11:28Z,9980643140,124,33309330,2877079,2662,1016
2026-10-08T00:11:28Z,9994252654,98,4705531,10870,4695,1443
2026-10-08T00:11:28Z,9994252977,430,35948993,217873,83690,7586
2026-10-08T00:11:28Z,9996384072,1154,6987252,74850,26188,553
2026-10-08T00:11:28Z,9998576154,1051,131372785,8225353,36646,6455
2026-10-08T00:11:28Z,10004244222,9399,1904893467,26556001,1300749,68166
2026-10-08T00:11:28Z,10004760418,914,129992955,184132,65430,4333
2026-10-08T00:11:28Z,10007524016,373,31540912,5592533,3351,572
2026-10-08T00:11:28Z,10008606756,386,22307736,79870,129691,7265
2026-10-08T00:11:28Z,10008717728,361,2697773,9454,4285,319
2026-10-08T00:11:28Z,10010371086,1187,44413582,149123,57697,2621
2026-10-08T00:11:28Z,10011808151,519,111496998,3665130,218191,9838
2026-10-08T00:11:28Z,10013279162,2394,62847907,103903,7874,13852
2026-10-08T00:11:28Z,10020287053,1317,48455108,203840,35343,3523
2026-10-08T00:11:28Z,10020612607,626,86727062,3419264,114780,2576
2026-10-08T00:11:28Z,10024034551,151,10472990,413208,7994,606
2026-10-08T00:11:28Z,10029297024,373,35116362,139802,85878,8809
2026-10-08T00:11:28Z,10030829154,1749,45552534,2665724,78603,2412
2026-10-08T00:11:28Z,10031505426,2928,46188223,1799286,207480,5916
2026-10-08T00:11:28Z,10031562156,3013,42009819,441847,27858,3821
2026-10-08T00:11:28Z,10035204815,54050,325214981,326562,400547,13838
2026-10-08T00:11:28Z,10039889230,3423,6223934,41459,26357,1138
2026-10-08T00:11:28Z,10040497010,276,52729875,91938,77653,7380
2026-10-08T00:11:28Z,10045085816,280,39211113,57166,38527,1074
2026-10-08T00:11:28Z,10126644530,2991,1291641,8165,10559,81
2026-10-08T00:11:28Z,10127797448,1942,225183350,6101815,49397,8368
2026-10-08T00:11:28Z,10130637063,1581,58291346,4106056,5401,905
2026-10-08T00:11:28Z,10130749197,1012,52289932,2856457,7759,3104
2026-10-08T00:11:28Z,10131390815,2700,91473335,145845,191884,4676
2026-10-08T00:11:28Z,10136067263,1862,52946697,2898745,255011,4724
2026-10-08T00:11:28Z,10138624079,5583,128020733,163675,111844,2973
2026-10-08T00:11:28Z,10138977250,366,83269579,1751385,26583,4185
2026-10-08T00:11:28Z,10138988383,173,30479318,62240,51848,2016
2026-10-08T00:11:28Z,10139325104,900,221751262,104565,37333,14665
2026-10-08T00:11:28Z,10140010190,1624,159666789,196195,27341,7537
2026-10-08T00:11:28Z,10141042381,633,4739121,31396,39813,1190
2026-10-08T00:11:28Z,10144280947,6724,628062552,11957791,2015580,44726
2026-10-08T00:11:28Z,10144587520,4510,83197375,2128058,104921,2726
2026-10-08T00:11:28Z,10147259486,294,22171746,1005869,44112,1469
2026-10-08T00:11:28Z,10148749921,29050,2402021661,3129824,1320676,89800
2026-10-08T00:11:28Z,10149910491,1490,42813922,59068,21129,4974
2026-10-08T00:11:28Z,10152905521,2213,87618151,101191,68409,1979
2026-10-08T00:11:28Z,10153098880,1603,35995158,253372,53763,2118
2026-10-08T00:11:28Z,10155360168,49561,145643491,236848,88862,13834
2026-10-08T00:11:28Z,10156435104,1053,64563961,101462,121794,3204
2026-10-08T00:11:28Z,0,0,0,0,,
2026-10-08T00:11:28Z,10160578219,542,7730075,28167,8492,5265
2026-10-08T00:11:28Z,10162859180,1150,8158874,106917,21377,1451
2026-10-08T00:11:28Z,10165276442,946,47634925,556833,24504,6969
2026-10-08T00:11:28Z,10168229420,163,27523679,105027,259908,3629
2026-10-08T00:11:28Z,10171934713,1267,22898916,924730,64873,2906
2026-10-08T00:11:28Z,10172066108,144,14559383,9409,357,213
2026-10-08T00:11:28Z,10173311467,10050,93442536,883638,511271,12735
2026-10-08T00:11:28Z,10175155684,861,9532393,78199,15753,1531
2026-10-08T00:11:28Z,10176502031,219,15599174,492640,142485,2847
2026-10-08T00:11:28Z,10178802449,780,90507332,3156438,51053,3521
2026-10-08T00:11:28Z,10179193118,418,44933753,4850461,2843,1689
2026-10-08T00:11:28Z,10180990272,294,53543311,5382950,10394,2490
2026-10-08T00:11:28Z,10181310479,614,17314857,20701,7890,1237
2026-10-08T00:11:28Z,10181483914,666,10641909,329135,4942,1971
2026-10-08T00:11:28Z,10182049622,494,141226707,4805430,45926,75785
2026-10-08T00:11:28Z,10183029417,367,20957340,1293195,7532,887
2026-10-08T00:11:28Z,10184247393,1701,106906793,2928636,96982,3726
2026-10-08T00:11:28Z,10187294555,1463,146630466,314111,421365,14364
2026-10-08T00:11:28Z,10187487133,467,34762429,66056,24918,4869
2026-10-08T00:11:28Z,10188144423,1420,66813431,79309,23894,2944
2026-10-08T00:11:28Z,10189601764,397,37936699,42505,24042,1142
2026-10-08T00:11:28Z,10189903609,4418,88516196,145034,88681,8353
2026-10-08T00:11:28Z,10191144118,854,76652723,325001,29513,14029
2026-10-08T00:11:28Z,10192659240,526,23280335,34092,10754,1196
2026-10-08T00:11:28Z,10195997258,1887,51680872,124791,77663,3915
2026-10-08T00:11:28Z,10196660716,199,39502294,2852588,21898,2388
2026-10-08T00:11:28Z,10196985448,224,54613143,263294,49524,9085
2026-10-08T00:11:28Z,10197758650,1537,16055896,349961,14792,947
2026-10-08T00:11:28Z,10198825880,527,13263837,102092,61314,1538
2026-10-08T00:11:28Z,10199301628,6073,439138981,2066647,776034,42811
2026-10-08T00:11:28Z,10200395747,2142,1676631039,663166,719798,99534
2026-10-08T00:11:28Z,10202515720,292,2852247,5461,2838,385
2026-10-08T00:11:28Z,10203815049,352,20010888,29297,18374,3069
2026-10-08T00:11:28Z,10204542673,1082,38830337,1359775,27158,3344
2026-10-08T00:11:28Z,10205419329,713,10348427,25248,5669,2511
2026-10-08T00:11:28Z,10205485380,540,39000279,52029,42453,5959
2026-10-08T00:11:28Z,10209534490,2346,124511247,399392,1145164,12033
2026-10-08T00:11:28Z,10211159992,1165,44262134,2367066,15464,1523
2026-10-08T00:11:28Z,10212081143,516,1498562,42121,3773,1088
2026-10-08T00:11:28Z,10213583516,302,20133813,1034619,59026,2170
2026-10-08T00:11:28Z,10217234318,368,59214409,119156,104993,3827
2026-10-08T00:11:28Z,10219827882,498,10940279,103523,232542,2548
2026-10-08T00:11:28Z,10222476236,9113,41955922,160731,69531,5289
2026-10-08T00:11:28Z,10223976219,2691,50921517,96812,65733,7208
2026-10-08T00:11:28Z,10226261982,3752,10055898,366724,126869,1267
2026-10-08T00:11:28Z,10226701629,1145,96069952,351128,143024,11316
2026-10-08T00:11:28Z,10230942274,6854,99662042,214150,239226,18232
2026-10-08T00:11:28Z,10231502419,2876,7013338,53819,20157,754
2026-10-08T00:11:28Z,10231871497,785,45731564,88819,166740,2443
2026-10-08T00:11:28Z,10232686472,1586,74340190,359132,62445,6189
2026-10-08T00:11:28Z,10232922349,255,7223598,74764,63983,846
2026-10-08T00:11:28Z,10236023188,1080,124527468,315420,338074,11359
2026-10-08T00:11:28Z,10236805062,416,852486,31178,5787,680
2026-10-08T00:11:28Z,10241000620,662,16332090,89323,53135,2800
2026-10-08T00:11:28Z,10241783978,630,2238600,114483,54884,1583
2026-10-08T00:11:28Z,10242984742,528,10098649,26161,2007,876
2026-10-08T00:11:28Z,10244001346,2250,122338124,130359,34582,3028
2026-10-08T00:11:28Z,10245012052,116,3687585,1983,1243,280
2026-10-08T00:11:28Z,10246108265,2304,22151652,162635,93728,3244
2026-10-08T00:11:28Z,10246872585,495,12735912,12097,5711,1197
2026-10-08T00:11:28Z,10247712813,238,33028853,49169,28643,1333
2026-10-08T00:11:28Z,10247797619,1715,72578342,205197,31314,10329
2026-10-08T00:11:28Z,10249209189,593,59707778,354455,865644,11384
2026-10-08T00:11:28Z,10253235584,1359,66463157,643242,274699,4225
2026-10-08T00:11:28Z,10253446435,1027,21899199,108606,442112,4466
2026-10-08T00:11:28Z,10253570298,264,2038325,9603,11337,691
2026-10-08T00:11:28Z,10254680421,4443,91385048,2433141,27765,6754
2026-10-08T00:11:28Z,10255492538,298,8033098,19273,25222,920
2026-10-08T00:11:28Z,10255788071,2583,14375587,40597,19147,2627
2026-10-08T00:11:28Z,10256263771,561,24744886,44904,63209,822
2026-10-08T00:11:28Z,10258084287,256,23090139,33415,14813,622
2026-10-08T00:11:28Z,10258991999,15847,61298812,863203,161623,8041
2026-10-08T00:11:28Z,10259258713,711,37259982,2514927,97996,2488
2026-10-08T00:11:28Z,10261267004,11929,127766535,376505,125596,7181
2026-10-08T00:11:28Z,10263732883,1642,6331665,38662,11286,2130
2026-10-08T00:11:28Z,10267363348,1204,143576810,402909,340560,15655
2026-10-08T00:11:28Z,10267571771,1524,42126039,659407,8711,1438
2026-10-08T00:11:28Z,10267638347,1497,8024751,476664,1611,482
2026-10-08T00:11:28Z,10268960646,2558,31329244,880784,58631,3591
2026-10-08T00:11:28Z,10269820836,1138,28758444,9929,11444,1963
2026-10-08T00:11:28Z,10270331873,569,9621404,39885,46141,3801
2026-10-08T00:11:28Z,10270349664,363,53330032,4491742,102616,4150
2026-10-08T00:11:28Z,10271723279,767,7636616,159686,31807,2101
2026-10-08T00:11:28Z,10272020404,635,34649802,58786,18864,4130
2026-10-08T00:11:28Z,10272236945,688,39625507,58332,21035,2418
2026-10-08T00:11:28Z,10272975313,963,27841266,60964,45594,3697
2026-10-08T00:11:28Z,10274447949,1253,59310945,4152792,27600,3769
2026-10-08T00:11:28Z,10275970697,374,36481151,244776,33886,6088
2026-10-08T00:11:28Z,10276281921,435,81306463,209045,31497,10277
2026-10-08T00:11:28Z,10278774552,6685,202663047,349250,67348,18489
2026-10-08T00:11:28Z,10281666052,1124,6336894,86657,20556,1916
2026-10-08T00:11:28Z,10282097014,13486,3694372,72278,27132,1345
2026-10-08T00:11:28Z,10284380969,327,12382336,472854,6187,812
2026-10-08T00:11:28Z,10286150288,1090,56246404,60067,16411,5694
2026-10-08T00:11:28Z,10289201563,3349,85012559,184458,17854,4912
2026-10-08T00:11:28Z,10290366643,178,12507740,30892,7544,2367
2026-10-08T00:11:28Z,10292947079,419,19992334,26790,7395,8954
2026-10-08T00:11:28Z,10297836599,994,20102182,42371,37295,2093
2026-10-08T00:11:28Z,10298144467,2003,40449620,42639,95467,3060
2026-10-08T00:11:28Z,10299262219,178,7623364,18404,6747,2154
2026-10-08T00:11:28Z,10299762956,414,36578039,121920,102187,5230
2026-10-08T00:11:28Z,10302179427,1593,2349828,6001,473,365
2026-10-08T00:11:28Z,10308844888,2771,2377957,3667,447,101
2026-10-08T00:11:28Z,10309128556,899,13342700,190236,224992,4110
2026-10-08T00:11:28Z,10310563053,3389,50223616,77986,75333,18086
2026-10-08T00:11:28Z,10310999762,2604,31018423,46607,41713,1611
2026-10-08T00:11:28Z,10313654312,117,2117458,5999,1244,348
2026-10-08T00:11:28Z,10320417842,2213,7723414,195915,24743,803
2026-10-08T00:11:28Z,10321202755,6281,53569458,491368,172687,2930
2026-10-08T00:11:28Z,10324001605,1843,20406955,489847,100210,2515
2026-10-08T00:11:28Z,10326559245,597,2935176,9407,6409,276
2026-10-08T00:11:28Z,10329213173,644,31557282,41353,38197,2242
2026-10-08T00:11:28Z,10329489265,3263,36776869,2690319,4760,935
2026-10-08T00:11:28Z,10329995185,424,30676615,444645,172005,4677
2026-10-08T00:11:28Z,10334731049,409,59813279,296760,81022,6116
2026-10-08T00:11:28Z,10335507006,896,1665234,174478,8306,342
2026-10-08T00:11:28Z,10336278580,1689,44413455,1180961,317581,3527
2026-10-08T00:11:28Z,10337157761,331,20938300,1220036,16876,950
2026-10-08T00:11:28Z,10338952197,4051,116523121,7261316,382798,8496
2026-10-08T00:11:28Z,10340721921,209,10993223,36359,47397,2491
2026-10-08T00:11:28Z,10343795685,362,22583693,52076,9388,2292
2026-10-08T00:11:28Z,10346503194,316,22912668,94996,55812,1362
2026-10-08T00:11:28Z,10350558449,1028,29959186,628410,22860,2054
2026-10-08T00:11:28Z,10351246089,294,4523243,84850,8851,2585
2026-10-08T00:11:28Z,10351850295,1431,37844541,1168935,10791,3351
2026-10-08T00:11:28Z,10352185757,571,36053422,202871,56774,5600
2026-10-08T00:11:28Z,10356701370,490,95554603,388868,275850,13754
2026-10-08T00:11:28Z,10364552556,624,6017227,176270,26852,1156
2026-10-08T00:11:28Z,10364947962,692,14756926,22229,10170,1072
2026-10-08T00:11:28Z,10368005384,645,38738356,191910,533297,6049
2026-10-08T00:11:28Z,10370802481,4054,112565507,338154,25249,9249
2026-10-08T00:11:28Z,10371406677,3238,18570176,75533,50906,1031
2026-10-08T00:11:28Z,10372351735,537,41744225,92638,167189,3258
2026-10-08T00:11:28Z,10372466625,400,29034462,63511,33785,17633
2026-10-08T00:11:28Z,10376944238,2863,59922945,325840,540686,11018
2026-10-08T00:11:28Z,10378885079,1712,81826489,43401,15778,5104
2026-10-08T00:11:28Z,10380743712,1509,11998336,38582,3226,1113
2026-10-08T00:11:28Z,10381830868,231,4950293,21676,6051,438
2026-10-08T00:11:28Z,10383037602,795,26880559,1684018,8106,1066
2026-10-08T00:11:28Z,10383973024,737,32138442,1129666,31963,1767
2026-10-08T00:11:28Z,10384841418,620,88296509,2374796,71788,6330
2026-10-08T00:11:28Z,10384890234,587,18482788,33098,7168,1286
2026-10-08T00:11:28Z,10387635049,1331,9190327,443012,11148,1140
2026-10-08T00:11:28Z,10389762549,452,883934,8398,11877,287
2026-10-08T00:11:28Z,10390151142,1192,10751926,36028,11727,2007
2026-10-08T00:11:28Z,10391036163,1532,8065067,170297,16401,2221
2026-10-08T00:11:28Z,10391461348,470,12206248,40159,60033,931
2026-10-08T00:11:28Z,10392686454,386,5725282,478167,2764,751
2026-10-08T00:11:28Z,10393438342,2604,19793416,16792,16178,1325
2026-10-08T00:11:28Z,10393620082,1265,88986447,180016,141572,9204
2026-10-08T00:11:28Z,10394064134,1991,28962454,2107250,7799,3092
2026-10-08T00:11:28Z,10397566868,1398,179770661,483235,244054,19231
2026-10-08T00:11:28Z,10398947938,831,3629661,20020,7088,1680
2026-10-08T00:11:28Z,10399125962,4020,125111483,217713,36271,22818
2026-10-08T00:11:28Z,10399136326,11763,109858990,174426,97927,12926
2026-10-08T00:11:28Z,10399413858,1127,18797622,24070,19019,992
2026-10-08T00:11:28Z,10399524075,415,6123570,33981,41368,1233
2026-10-08T00:11:28Z,10403820097,4896,40991618,1496068,14985,5192
2026-10-08T00:11:28Z,10404519332,1496,24003035,96067,30610,6324
2026-10-08T00:11:28Z,10405010493,1753,89166221,220954,174990,12984
2026-10-08T00:11:28Z,10405785379,814,20905059,41712,8747,837
2026-10-08T00:11:28Z,10406853972,503,25723010,2145680,7720,833
2026-10-08T00:11:28Z,10409732219,534,96784320,5900804,245086,7040
2026-10-08T00:11:28Z,10410945205,2083,75549046,129359,116147,3641
2026-10-08T00:11:28Z,10411998017,2447,6232784,15625,24527,4117
2026-10-08T00:11:28Z,10415694629,3077,25497554,124376,21739,2832
2026-10-08T00:11:28Z,10415845204,2266,11519072,794387,69221,1390
2026-10-08T00:11:28Z,10417857486,272,13837576,90844,27840,2262
2026-10-08T00:11:28Z,10417987249,440,5122408,73084,26164,3797
2026-10-08T00:11:28Z,10418117926,1763,24665330,128345,48399,2600
2026-10-08T00:11:28Z,10418224975,981,14290524,421024,21516,1062
2026-10-08T00:11:28Z,10418381226,743,11754609,61030,68619,1782
2026-10-08T00:11:28Z,10419655626,766,7026058,150258,3720,454
2026-10-08T00:11:28Z,10420582875,491,23161036,1328633,56991,3624
2026-10-08T00:11:28Z,10421154706,805,32869639,798998,117774,4324
2026-10-08T00:11:28Z,10421901778,5157,21146123,111639,41107,2175
2026-10-08T00:11:28Z,10422038064,528,2215560,8564,3610,211
2026-10-08T00:11:28Z,10424107160,2426,4371894,40528,8645,490
2026-10-08T00:11:28Z,10425789398,564,107827,6233,2901,112
2026-10-08T00:11:28Z,10426768719,404,615749,12866,3140,2880
2026-10-08T00:11:28Z,10428543942,633,4974817,26509,10950,1843
2026-10-08T00:11:28Z,10430019389,5598,10870022,283967,148216,2674
2026-10-08T00:11:28Z,10430413968,581,30368970,596179,30053,5373
2026-10-08T00:11:28Z,10431718987,2815,43540127,108718,130159,4187
2026-10-08T00:11:28Z,10435170241,289,9966526,33282,12779,1778
2026-10-08T00:11:28Z,10436530264,14793,12895308,266420,39097,1518
2026-10-08T00:11:28Z,10437809977,95,15667507,34602,44560,1062
2026-10-08T00:11:28Z,10438013523,1394,59830330,318000,207692,16827
2026-10-08T00:11:28Z,10439568447,2999,23206820,249739,50192,2911
2026-10-08T00:11:28Z,10440833423,1840,101825591,331574,718844,15479
2026-10-08T00:11:28Z,10441199872,1672,77775109,129201,68776,4242
2026-10-08T00:11:28Z,10445832507,546,805338,10934,12908,537
2026-10-08T00:11:28Z,10446291786,1080,22008141,133848,8880,2427
2026-10-08T00:11:28Z,10448889633,588,8071290,25587,42002,1030
2026-10-08T00:11:28Z,10452740285,1816,21532476,109375,267028,3893
2026-10-08T00:11:28Z,10454554751,1155,117593405,2277554,315328,10976
2026-10-08T00:11:28Z,10455462279,2345,62222118,2300415,24435,7701
2026-10-08T00:11:28Z,10455741150,2408,17062376,34276,14060,4680
2026-10-08T00:11:28Z,10456511458,1575,16130872,32249,14207,1242
2026-10-08T00:11:28Z,10456881513,1129,21912922,782296,65541,21005
2026-10-08T00:11:28Z,10458789587,1832,17392789,61785,30443,4836
2026-10-08T00:11:28Z,10460801145,11970,211756375,235572,77646,12617
2026-10-08T00:11:28Z,10461810987,335,35936864,65234,12489,2235
2026-10-08T00:11:28Z,10463578886,624,8955985,23285,42140,929
2026-10-08T00:11:28Z,10466601694,1195,2313663,18643,10909,1415
2026-10-08T00:11:28Z,10469426282,983,5450832,13908,20691,890
2026-10-08T00:11:28Z,10471583973,1696,32514385,103696,44471,3823
2026-10-08T00:11:28Z,10475794799,2254,124142914,1738459,245235,8888
2026-10-08T00:11:28Z,10480998942,393,16923608,26521,2894,2069
2026-10-08T00:11:28Z,10481791182,2636,31192962,560264,12572,2615
2026-10-08T00:11:28Z,10482775464,1996,34546959,278635,119583,5401
2026-10-08T00:11:28Z,10482905194,945,16211698,41013,6238,1264
2026-10-08T00:11:28Z,10485201326,1608,18477532,550327,19999,985
2026-10-08T00:11:28Z,10493730706,235,17490767,116002,29671,4146
2026-10-08T00:11:28Z,10495391267,1260,5071485,61794,11964,888
2026-10-08T00:11:28Z,10496189928,4093,6850304,15952,1959,893
2026-10-08T00:11:28Z,10496981141,238,20971310,190081,17742,1266
2026-10-08T00:11:28Z,10500388554,436,17801590,45881,7281,1234
2026-10-08T00:11:28Z,10501640692,1691,14231320,303323,46969,5429
2026-10-08T00:11:28Z,10501944811,1672,7354152,22311,72944,836
2026-10-08T00:11:28Z,10502841145,11336,105213953,127483,37787,1337
2026-10-08T00:11:28Z,10503838245,356,3484869,191831,86262,893
2026-10-08T00:11:28Z,10504837200,680,14262374,719287,73160,1587
2026-10-08T00:11:28Z,10504918958,1928,4375193,156953,127010,2335
2026-10-08T00:11:28Z,10506207587,535,35471583,73328,33683,3115
2026-10-08T00:11:28Z,10506291803,653,9732738,174599,50233,1358
2026-10-08T00:11:28Z,10507075860,1228,31027500,1402020,22399,2264
2026-10-08T00:11:28Z,10507650215,556,1046114,31355,10064,2244
2026-10-08T00:11:28Z,10508386614,590,333847,6413,10727,367
2026-10-08T00:11:28Z,10512942223,16515,6740064,33435,38889,952
2026-10-08T00:11:28Z,10514223296,1606,23528722,128811,87181,4261
2026-10-08T00:11:28Z,10514280922,830,16767611,32365,17516,1277
2026-10-08T00:11:28Z,10514488908,431,20947094,51239,6477,6425
2026-10-08T00:11:28Z,10515406328,496,8200778,81096,4884,736
2026-10-08T00:11:28Z,10516888336,1007,85554512,1500875,323327,6624
2026-10-08T00:11:28Z,10517428659,297,14889053,53992,46790,2059
2026-10-08T00:11:28Z,10520829450,3260,39422834,67109,34650,2220
2026-10-08T00:11:28Z,10521797740,3938,56816640,118232,67928,15643
2026-10-08T00:11:28Z,10522766429,273,667254,5564,9189,377
2026-10-08T00:11:28Z,10522965485,226,8161975,551645,5041,304
2026-10-08T00:11:28Z,10524813259,1774,10393627,44301,20589,2407
2026-10-08T00:11:28Z,10526166728,512,10533039,23148,18355,1352
2026-10-08T00:11:28Z,10526434002,514,31129280,48501,20854,4498
2026-10-08T00:11:28Z,10526463655,5181,14604896,30542,6631,2420
2026-10-08T00:11:28Z,10526853622,5649,9270918,156851,27377,922
2026-10-08T00:11:28Z,10528250136,785,29560826,1793265,108782,4063
2026-10-08T00:11:28Z,10529067596,2470,20597310,613013,20925,2612
2026-10-08T00:11:28Z,10529769390,5972,25844111,17294,11231,2841
2026-10-08T00:11:28Z,10530261598,1845,158337789,459374,67409,12086
2026-10-08T00:11:28Z,10531477636,421,5157413,26366,31797,607
2026-10-08T00:11:28Z,10532995815,5071,8077987,202654,63919,1505
2026-10-08T00:11:28Z,10533638982,1199,8530484,56573,29567,1691
2026-10-08T00:11:28Z,10534873486,3919,10909564,341989,7368,702
2026-10-08T00:11:28Z,10535292470,467,11631275,24621,11803,552
2026-10-08T00:11:28Z,10536000210,1198,15736688,32473,14194,843
2026-10-08T00:11:28Z,10537172776,2282,24209835,59182,20560,2066
2026-10-08T00:11:28Z,10537346933,744,2357166,56442,18064,1225
2026-10-08T00:11:28Z,10539411000,9315,220915721,348189,132468,19971
2026-10-08T00:11:28Z,10541331578,822,3223281,213756,11963,1334
2026-10-08T00:11:28Z,10544327471,1343,37195623,123581,127079,2830
2026-10-08T00:11:28Z,10544339689,991,14192653,1300325,5108,732
2026-10-08T00:11:28Z,10546705891,1350,31218503,117640,57029,5632
2026-10-08T00:11:28Z,10547918402,833,44565309,88039,113377,2693
2026-10-08T00:11:28Z,10549129889,306,14276032,53789,19851,2734
2026-10-08T00:11:28Z,10550257968,10409,29030037,909608,10325,4005
2026-10-08T00:11:28Z,10551923502,623,28543966,2254521,38284,748
2026-10-08T00:11:28Z,10552240401,3895,6146883,97050,23319,859
2026-10-08T00:11:28Z,10552540426,1509,12720745,386397,250113,4201
2026-10-08T00:11:28Z,10553704684,4241,5944573,315794,20478,1692
2026-10-08T00:11:28Z,10554316588,210,17729832,47822,72081,839
2026-10-08T00:11:28Z,10556383571,1479,1413878,19735,14594,295
2026-10-08T00:11:28Z,10561166339,6526,3207050,137903,6237,342
2026-10-08T00:11:28Z,10561309674,1059,1681353,26927,5920,293
2026-10-08T00:11:28Z,10561352230,582,45262600,1735753,443338,4766
2026-10-08T00:11:28Z,10563114921,1002493,7143631100,7058203,3277490,277002
2026-10-08T00:11:28Z,10565445771,656,34055950,107217,48229,30657
2026-10-08T00:11:28Z,10566677406,3465,6296112,139879,22721,2671
2026-10-08T00:11:28Z,10569930060,455,13638681,203305,70243,7711
2026-10-08T00:11:28Z,10571722689,573,13219832,62298,91219,6373
2026-10-08T00:11:28Z,10572887321,2953,10141398,503792,59314,3187
2026-10-08T00:11:28Z,10575619152,1538,9186479,550439,34355,1371
2026-10-08T00:11:28Z,10576739951,3282,37632141,373262,23688,4300
2026-10-08T00:11:28Z,10577377368,491,3842643,7066,2746,740
2026-10-08T00:11:28Z,10577588270,2518,41597022,636936,150378,3633
2026-10-08T00:11:28Z,10577682617,1715,36997455,87402,39747,4032
2026-10-08T00:11:28Z,10579389074,2376,22950575,53357,29299,3138
2026-10-08T00:11:28Z,10583634958,1034,21689485,36618,13260,2691
2026-10-08T00:11:28Z,10586746293,2805,13644641,62104,33730,1997
2026-10-08T00:11:28Z,10587328652,935,14967186,22125,8758,2386
2026-10-08T00:11:28Z,10588977897,658,17004913,50667,42572,2350
2026-10-08T00:11:28Z,10589388621,460,3772894,250338,13869,1105
2026-10-08T00:11:28Z,10589881655,3043,2299267,7544,4899,300
2026-10-08T00:11:28Z,10590149941,1420,6061134,11532,2275,499
2026-10-08T00:11:28Z,10590260635,2353,6150717,325364,4825,603
2026-10-08T00:11:28Z,10593319486,683,1023699,21248,18149,290
2026-10-08T00:11:28Z,10597001332,7598,3367892,80401,14136,8136
2026-10-08T00:11:28Z,10598641427,335,5360243,97360,18289,1391
2026-10-08T00:11:28Z,10598688389,2768,7779643,32186,12283,4624
2026-10-08T00:11:28Z,10599927450,450,5726291,568816,7258,908
2026-10-08T00:11:28Z,10601155553,4281,32211732,187619,124966,5575
2026-10-08T00:11:28Z,10601447895,207,38960779,733307,31880,5834
2026-10-08T00:11:28Z,10603011269,1104,5498292,156656,17916,843
2026-10-08T00:11:28Z,10603675889,3990,2198315,13400,1511,392
2026-10-08T00:11:28Z,10604542637,268,5882056,18378,26630,3547
2026-10-08T00:11:28Z,10604772590,2072,30939693,59030,40323,4472
2026-10-08T00:11:28Z,10608856704,4910,8371634,462234,64898,1039
2026-10-08T00:11:28Z,10608908197,243,4462365,212247,6412,1075
2026-10-08T00:11:28Z,10612017628,2567,11201497,510726,25421,997
2026-10-08T00:11:28Z,10614082913,215,13153351,599940,4462,1287
2026-10-08T00:11:28Z,10616474341,1446,18254028,56640,16020,2867
2026-10-08T00:11:28Z,10619854384,772,1319298,85817,10045,1003
2026-10-08T00:11:28Z,10624691669,7818,140843437,408236,80784,14362
2026-10-08T00:11:28Z,10626746750,643,1260898,22612,5074,1469
2026-10-08T00:11:28Z,10628006421,987,6487383,115306,20677,1820
2026-10-08T00:11:28Z,10628223804,2600,12111167,6189,15428,904
2026-10-08T00:11:28Z,10628526114,2262,5995965,20995,17757,397
2026-10-08T00:11:28Z,10628907188,1364,36122015,831596,59263,6885
2026-10-08T00:11:28Z,10630620554,523,7337849,72326,41331,4269
2026-10-08T00:11:28Z,10630800860,9998,53239404,1516328,6893,6651
2026-10-08T00:11:28Z,10631775021,2791,3691770,62659,4029,376
2026-10-08T00:11:28Z,10634461028,2003,75540823,93968,45991,5747
2026-10-08T00:11:28Z,10635348596,2470,24779630,137052,17911,2260
2026-10-08T00:11:28Z,10636331438,6167,9557050,309104,72313,1270
2026-10-08T00:11:28Z,10637513477,368,18092846,27367,15047,2403
2026-10-08T00:11:28Z,10637759898,1390,34133365,77566,4713,2124
2026-10-08T00:11:28Z,10638048650,498,4049201,35088,876,258
2026-10-08T00:11:28Z,10640957718,184,3868039,10062,3362,2772
2026-10-08T00:11:28Z,10641300771,1440,12905824,100822,8911,1025
2026-10-08T00:11:28Z,10642022844,471,6979208,68275,2791,768
2026-10-08T00:11:28Z,10642548584,753,648672,16298,4046,698
2026-10-08T00:11:28Z,10642702105,545,3822536,12987,25841,1290
2026-10-08T00:11:28Z,10643795368,3931,12239760,59159,26671,3532
2026-10-08T00:11:28Z,10643877552,1748,845989,3029,2013,157
2026-10-08T00:11:28Z,10647949490,1570,15848422,27963,10691,464
2026-10-08T00:11:28Z,10648555380,221,2043101,48160,9406,450
2026-10-08T00:11:28Z,10648640958,3749,41945030,482228,36757,3862
2026-10-08T00:11:28Z,10648820673,2948,72897085,1740581,141049,3581
2026-10-08T00:11:28Z,10649255304,4378,46768458,2736680,17751,2484
2026-10-08T00:11:28Z,10664667515,737,29573377,459204,15819,1617
2026-10-08T00:11:28Z,10665420648,9161,14594076,155687,177942,4516
2026-10-08T00:11:28Z,10667006841,1959,12884710,35079,13455,3094
2026-10-08T00:11:28Z,10667357873,6541,13085143,194867,31410,1500
2026-10-08T00:11:28Z,10667860714,298,2290421,130215,59907,1224
2026-10-08T00:11:28Z,10669713140,636,7307610,15604,2517,385
2026-10-08T00:11:28Z,10673920146,19234,5708211,116422,24127,817
2026-10-08T00:11:28Z,10675117523,13188,12970343,110295,23402,1105
2026-10-08T00:11:28Z,10677698797,3683,7399911,61944,19712,1639
2026-10-08T00:11:28Z,10681914462,12918,109301803,294980,280774,13549
2026-10-08T00:11:28Z,10682099418,800,27586249,1281685,27519,1929
2026-10-08T00:11:28Z,10683945170,602,22037600,1139594,16402,3114
2026-10-08T00:11:28Z,10684750879,23942,63826595,2715223,134787,4533
2026-10-08T00:11:28Z,10685282333,28629,85155938,136442,215503,27552
2026-10-08T00:11:28Z,10690360998,2158,102425078,124767,93899,6423
2026-10-08T00:11:28Z,10690942083,4432,11077692,13579,3465,855
2026-10-08T00:11:28Z,10694549945,943,20536303,31190,31678,1228
2026-10-08T00:11:28Z,10696894951,5032,21065971,33717,10873,2012
2026-10-08T00:11:28Z,10698216738,2578,30536403,113316,143457,3477
2026-10-08T00:11:28Z,10699057921,367,4080490,52251,10477,1589
2026-10-08T00:11:28Z,10700505394,1595,37063706,120279,156632,8143
2026-10-08T00:11:28Z,10700618962,8978,11915428,293400,29820,516
2026-10-08T00:11:28Z,10701628624,9153,24681189,379267,9439,2237
2026-10-08T00:11:28Z,10704015784,2047,10232733,30993,12676,2025
2026-10-08T00:11:28Z,10705618167,74,7025420,7904,5246,1403
2026-10-08T00:11:28Z,10708913337,55638,76439256,140641,570965,4144
2026-10-08T00:11:28Z,10714746778,5101,17635999,728951,122589,4093
2026-10-08T00:11:28Z,10717002748,3982,10034555,392665,95000,3707
2026-10-08T00:11:28Z,10717199977,5048,15298379,367837,7535,1420
2026-10-08T00:11:28Z,10718240577,1785,24355574,199967,86999,1522
2026-10-08T00:11:28Z,10723087263,449,2655892,8617,2528,434
2026-10-08T00:11:28Z,10724269636,1374,13813051,27727,22226,1238
2026-10-08T00:11:28Z,10727829780,641,8636468,59991,22372,2481
2026-10-08T00:11:28Z,10730414817,602,273642,3940,1087,24
2026-10-08T00:11:28Z,10732236937,12470,34605291,68945,40613,3549
2026-10-08T00:11:28Z,10733110573,926,4311250,18568,4119,2567
2026-10-08T00:11:28Z,10737127681,439,8414725,48903,26491,2752
2026-10-08T00:11:28Z,10737231383,1596,24228966,621114,20732,1739
2026-10-08T00:11:28Z,10737256446,558,6849710,583054,10388,1315
2026-10-08T00:11:28Z,10737656087,8475,5907395,14554,9563,743
2026-10-08T00:11:28Z,10737986845,5009,3959945,128533,3967,417
2026-10-08T00:11:28Z,10739044772,1729,8050808,186102,53314,830
2026-10-08T00:11:28Z,10739112966,7795,2932762,22431,2488,707
2026-10-08T00:11:28Z,10739681803,445,2842417,50731,1063,245
2026-10-08T00:11:28Z,10740316645,6301,5344186,21049,51857,675
2026-10-08T00:11:28Z,10741302505,1316,5102494,184304,43646,976
2026-10-08T00:11:28Z,10741514942,7121,4374595,64371,3701,806
2026-10-08T00:11:28Z,10741654282,8859,47605456,1116978,246403,4987
2026-10-08T00:11:28Z,10741792653,2677,11681495,101241,28291,922
2026-10-08T00:11:28Z,10742019356,974,22513579,35636,8594,1710
2026-10-08T00:11:28Z,10742937135,3769,5638201,67790,9952,2362
2026-10-08T00:11:28Z,10743048214,6844,1209815,25259,8904,358
2026-10-08T00:11:28Z,10744310825,11546,20187608,1174895,8114,3113
2026-10-08T00:11:28Z,10747748563,234,15087739,364429,16111,3210
2026-10-08T00:11:28Z,10748543623,3341,1609085,48641,39883,625
2026-10-08T00:11:28Z,10748586525,1199,319819,2507,459,122
2026-10-08T00:11:28Z,10749831764,284,4162418,452272,4594,532
2026-10-08T00:11:28Z,10750406988,380,342475,1469,839,98
2026-10-08T00:11:28Z,10751939592,1481,12911558,951430,868,322
2026-10-08T00:11:28Z,10752743876,4340,5470883,228064,3300,525
2026-10-08T00:11:28Z,10752833252,3464,6564430,44261,2849,466
2026-10-08T00:11:28Z,10753487407,2049,17116593,84567,23195,1199
2026-10-08T00:11:28Z,10753751277,6203,18393442,1700445,48292,2224
2026-10-08T00:11:28Z,10755094976,458,22689257,76797,8107,1426
2026-10-08T00:11:28Z,10756011174,11400,96756600,224518,370841,15957
2026-10-08T00:11:28Z,10756631918,644,1054389,52048,623,126
2026-10-08T00:11:28Z,10756780270,3022,4786312,12123,816,223
2026-10-08T00:11:28Z,10757247806,1168,1194021,11447,4878,500
2026-10-08T00:11:28Z,10757498504,2183,13500841,38883,19914,661
2026-10-08T00:11:28Z,10757504146,1078,19944739,29652,8879,661
2026-10-08T00:11:28Z,10757704931,2651,1293460,57032,12722,313
2026-10-08T00:11:28Z,10758397570,3596,14290945,29646,14269,366
2026-10-08T00:11:28Z,10759337137,4090,36990732,370902,180880,5277
2026-10-08T00:11:28Z,10759415852,1488,4099629,204437,48621,1029
2026-10-08T00:11:28Z,10759430423,2864,4160787,115913,10021,383
2026-10-08T00:11:28Z,10759478428,3306,3967225,150345,38307,755
2026-10-08T00:11:28Z,10759485670,101,9203810,37149,4495,657
2026-10-08T00:11:28Z,10759518799,5762,10327808,100907,11590,978
2026-10-08T00:11:28Z,10759594563,2076,6539660,14774,8743,2153
2026-10-08T00:11:28Z,10759638075,4633,4986466,150866,72426,1077
2026-10-08T00:11:28Z,10759661128,492,10151189,45014,5237,2383
2026-10-08T00:11:28Z,10759860151,1136,23260715,39750,27933,3609
2026-10-08T00:11:28Z,10761115872,331,8770087,545371,13714,10189
2026-10-08T00:11:28Z,10761143648,524,4033283,24533,17629,552
2026-10-08T00:11:28Z,10761200080,1199,5104210,28607,51446,4171
2026-10-08T00:11:28Z,10761375767,1528,5410561,364234,86695,2020
2026-10-08T00:11:28Z,10761375938,1387,8248483,31404,58124,952
2026-10-08T00:11:28Z,10761687472,9333,135196084,455443,99397,13550
2026-10-08T00:11:28Z,10762175328,214,1020929,2588,3188,239
2026-10-08T00:11:28Z,10762388019,6474,28251841,112301,216466,16580
2026-10-08T00:11:28Z,10762636904,951,3709628,29205,24551,297
2026-10-08T00:11:28Z,10762757054,5882,18315196,63101,21896,5795
2026-10-08T00:11:28Z,10762798338,2168,6009350,19631,4368,426
2026-10-08T00:11:28Z,10763714513,3284,3207695,14314,3631,227
2026-10-08T00:11:28Z,10763764817,6588,28625955,1079638,15590,2910
2026-10-08T00:11:28Z,10763860058,632,3990469,127331,1399,514
2026-10-08T00:11:28Z,10764221401,7950,3100839,397347,9966,455
2026-10-08T00:11:28Z,10764297006,4422,41141170,27906,16662,3770
2026-10-08T00:11:28Z,10764300350,1246,3247902,16429,4033,550
2026-10-08T00:11:28Z,10764328008,745,10644962,76647,67321,1377
2026-10-08T00:11:28Z,10764332301,485,227532,4599,765,314
2026-10-08T00:11:28Z,10764385875,426,3155115,8428,1435,1510
2026-10-08T00:11:28Z,10764404786,852,2293773,7976,5734,859
2026-10-08T00:11:28Z,10764412489,982,4063046,206580,6777,4281
2026-10-08T00:11:28Z,10764415267,2753,6007148,14985,5255,633
2026-10-08T00:11:28Z,10764479526,3748,36426970,382053,292059,5853
2026-10-08T00:11:28Z,10764533320,3967,27351035,82478,67373,8065
2026-10-08T00:11:28Z,10764613327,2721,4023341,34007,4779,1847
2026-10-08T00:11:28Z,10764627709,99808,41716258,100895,80479,9353
2026-10-08T00:11:28Z,10764640833,3339,20807257,61295,13037,3172
2026-10-08T00:11:28Z,10764706572,3524,4472883,9314,5343,1557
2026-10-08T00:11:28Z,10764794065,2375,3164093,143403,3436,2557
2026-10-08T00:11:28Z,10764839604,2530,6240864,35330,27137,652
2026-10-08T00:11:28Z,10764883692,823,596949,1568,1404,109
2026-10-08T00:11:28Z,10764887435,1129,3702981,192252,14122,865
2026-10-08T00:11:28Z,10764888929,900,2594969,135725,10933,371
2026-10-08T00:11:28Z,10764891927,1321,2042172,4541,1228,461
2026-10-08T00:11:28Z,10764897725,7261,32378244,1490565,141464,3338
2026-10-08T00:11:28Z,10764967952,443,2554895,25539,5169,747
2026-10-08T00:11:28Z,10764980068,2895,3652576,17775,19683,558
2026-10-08T00:11:28Z,10764989090,1200,332980,8855,1159,353
2026-10-08T00:11:28Z,10765012427,13636,32287348,147071,99059,5145
2026-10-08T00:11:28Z,10765013362,5975,6475075,12669,4945,588
2026-10-08T00:11:28Z,10765032875,2261,8248160,12389,1455,301
2026-10-08T00:11:28Z,10765035506,495,4668194,337883,2399,637
2026-10-08T00:11:28Z,10765061113,729,3326850,5895,1648,495
2026-10-08T00:11:28Z,10765067592,5023,2066642,33595,4921,559
2026-10-08T00:11:28Z,10765078176,1184,17842375,60072,40360,9499
2026-10-08T00:11:28Z,10765091041,2697,11382921,56369,65721,1709
2026-10-08T00:11:28Z,10765153945,6111,10360072,29049,7496,816
2026-10-08T00:11:28Z,10765158636,687,5237102,14652,4925,375
2026-10-08T00:11:28Z,10765167636,3855,7096198,34684,10069,1152
2026-10-08T00:11:28Z,10765190004,3947,3527076,16127,4295,990
2026-10-08T00:11:28Z,10765279487,1731,7871301,69765,5584,1185
2026-10-08T00:11:28Z,10765288803,46321,38904076,224726,147152,3126
2026-10-08T00:11:28Z,10765298801,25071,18541271,696181,31368,1104
2026-10-08T00:11:28Z,10765312940,3407,4173218,8803,4567,285
2026-10-08T00:11:28Z,10765332568,807,6419217,14899,6795,343
2026-10-08T00:11:28Z,10765361336,1008,2445032,5306,1570,313
2026-10-08T00:11:28Z,10765481558,1912,5173597,7856,1008,310
2026-10-08T00:11:28Z,10765490774,5023,2326692,6484,6435,93
2026-10-08T00:11:28Z,10765563835,2258,3986968,19078,8408,2119
2026-10-08T00:11:28Z,10765579304,1108,1172456,16835,5462,702
2026-10-08T00:11:28Z,10765582175,10343,3564170,40590,33655,3616
2026-10-08T00:11:28Z,10765629147,3141,4850368,6532,1290,181
2026-10-08T00:11:28Z,10765629453,483,5010929,427684,10644,894
2026-10-08T00:11:28Z,10765637643,9427,3381465,824346,5495,399
2026-10-08T00:11:28Z,10765686447,12896,11128716,58609,22650,1202
2026-10-08T00:11:28Z,10765708310,589,1137313,17723,8941,668
2026-10-08T00:11:28Z,10765718108,418,1871746,49097,9635,1281
2026-10-08T00:11:28Z,10765748731,3048,842384,9080,2272,628
2026-10-08T00:11:28Z,10765751583,1070,3881976,15298,4968,878
2026-10-08T00:11:28Z,10765763629,1630,1702700,4434,1263,396
2026-10-08T00:11:28Z,10765764482,2863,11769907,73259,10589,2115
2026-10-08T00:11:28Z,10765799968,439,118536,4175,1556,106
2026-10-08T00:11:28Z,10765834825,472,2622062,5395,3130,1612
2026-10-08T00:11:28Z,10765855425,654,1663470,6837,1019,378
2026-10-08T00:11:28Z,10765902945,4163,753514,1556,1951,72
2026-10-08T00:11:28Z,10765906597,5689,2233485,9350,10242,496
2026-10-08T00:11:28Z,10765927544,88,835188,2432,1694,165
2026-10-08T00:11:28Z,10765950109,2672,3532869,25813,7217,1031
2026-10-08T00:11:28Z,10765951887,1900,759637,22472,7614,781
2026-10-08T00:11:28Z,10766008884,6291,7636217,39217,26997,747
2026-10-08T00:11:28Z,10766009412,503,1276346,35351,2312,566
2026-10-08T00:11:28Z,10766056678,16178,13795969,290929,18627,1206
2026-10-08T00:11:28Z,10766057873,855,236056,8696,1460,525
2026-10-08T00:11:28Z,10766105412,782,1058412,6215,2256,413
2026-10-08T00:11:28Z,10766135603,3008,4177915,292265,10208,419
2026-10-08T00:11:28Z,10766138478,5920,17662605,942343,22682,615
2026-10-08T00:11:28Z,10766142497,2772,1619554,14535,1726,289
2026-10-08T00:11:28Z,10766222230,1618,2003061,8558,2954,520
2026-10-08T00:11:28Z,10766240516,6038,1553909,121002,2508,268
2026-10-08T00:11:28Z,10766257839,1141,2145077,9891,4177,1094
2026-10-08T00:11:28Z,10766309747,6243,7759857,28700,30564,883
2026-10-08T00:11:28Z,10766349481,4909,3455005,13019,14349,594
2026-10-08T00:11:28Z,10766364164,3514,7528163,24759,5025,1654
2026-10-08T00:11:28Z,10766390665,2314,2426449,39023,6269,1360
2026-10-08T00:11:28Z,10766395909,4832,2743948,30622,10770,715
2026-10-08T00:11:28Z,10766399546,1363,6297767,25099,28570,1399
2026-10-08T00:11:28Z,10766420770,872,1267388,62951,9789,155
2026-10-08T00:11:28Z,10766440903,2099,856591,3992,618,324
2026-10-08T00:11:28Z,10766494202,517,3741456,20641,5716,2161
2026-10-08T00:11:28Z,10766502612,3134,1134253,17461,1887,733
2026-10-08T00:11:28Z,10766506199,18868,25270009,94224,10102,3567
2026-10-08T00:11:28Z,10766578375,6815,3998676,36498,7239,543
2026-10-08T00:11:28Z,10766687030,3143,5908186,19129,10075,2554
2026-10-08T00:11:28Z,10766721625,10676,12278420,692206,9583,608
2026-10-08T00:11:28Z,10766725034,6985,15208344,38028,5701,4145
2026-10-08T00:11:28Z,10766735253,927,280649,11910,415,55
2026-10-08T00:11:28Z,10766773917,1261,2803489,10526,2997,843
2026-10-08T00:11:28Z,10751572992,859,4474239,16568,9068,1418
2026-10-08T00:11:28Z,3536173216,300,96223742,55466,10182,7641
2026-10-08T00:11:28Z,1267991351,467,120294456,380616,126151,6101
2026-10-08T00:11:28Z,5080118977,480,33299190,86195,27685,4122
2026-10-08T00:11:28Z,10232632495,353,19215853,33966,9420,2432
2026-10-08T00:11:28Z,4403361086,511,185443209,955617,319838,18665
2026-10-08T00:11:28Z,5493012775,296,100568482,1687874,106660,42240
2026-10-08T00:11:28Z,9282371706,387,28128689,266763,13561,3217
2026-10-08T00:11:28Z,3032132418,445,79093181,96486,39083,9541
2026-10-08T00:11:28Z,905954377,372,165336018,426862,102860,17166
2026-10-08T00:11:28Z,7079152534,367,75921762,4130624,89124,12832
2026-10-08T00:11:28Z,10649457157,362,5346824,118748,27919,9527
2026-10-08T00:11:28Z,32095083,302,369434602,1566671,359222,73099
2026-10-08T00:11:28Z,7113705633,325,19670488,475280,361548,8349
2026-10-08T00:11:28Z,5315312115,379,10674032,93441,14847,2229
2026-10-08T00:11:28Z,9679514364,347,10281899,68910,14744,2695
2026-10-08T00:11:28Z,7325821778,375,23316225,153920,40165,4289
2026-10-08T00:11:28Z,4511892440,391,41416818,102467,4377,846
2026-10-08T00:11:28Z,9710205604,374,29218233,497865,76469,4307
2026-10-08T00:11:28Z,7510907928,385,30374681,129642,38889,11529
2026-10-08T00:11:28Z,10310095331,375,3195489,27193,2988,355
2026-10-08T00:11:28Z,1316421563,370,333046773,464068,173014,18020
2026-10-08T00:11:28Z,4419888429,342,27016239,54025,14749,3885
2026-10-08T00:11:28Z,4563062026,319,94641922,149507,38164,4461
2026-10-08T00:11:28Z,3264293423,347,235215938,686039,173730,18157
2026-10-08T00:11:28Z,7866302411,339,53140892,129429,53510,3814
2026-10-08T00:11:28Z,6289989379,338,158763447,22985561,22943,11822
2026-10-08T00:11:28Z,5371127625,336,93874759,32562,42624,5205
2026-10-08T00:11:28Z,9513407177,451,20725683,16437,23561,2043
2026-10-08T00:11:28Z,8726258,375,630666283,2390318,453784,154251
2026-10-08T00:11:28Z,7221312013,317,11997167,59425,32171,9514
2026-10-08T00:11:28Z,6500439907,390,48696381,159446,48114,13327
2026-10-08T00:11:28Z,2719766208,368,74353696,352550,137427,15584
2026-10-08T00:11:28Z,10536853610,386,5342885,14708,19688,2648
2026-10-08T00:11:28Z,7139547730,365,54375169,904318,90599,6179
2026-10-08T00:11:28Z,1404342734,341,75389786,292980,116981,22426
2026-10-08T00:11:28Z,5195680485,303,73854136,150620,46352,6399
2026-10-08T00:11:28Z,8913675853,307,40489654,48947,30348,19390
2026-10-08T00:11:28Z,5379950946,355,61071929,810105,33057,5643
2026-10-08T00:11:28Z,5027504417,310,6793663,57975,20794,2743
2026-10-08T00:11:28Z,9098253051,357,32768182,2342998,46263,4934
2026-10-08T00:11:28Z,3371147486,329,207866644,193211,36111,13467
2026-10-08T00:11:28Z,9395554342,377,4544333,403262,1211,563
2026-10-08T00:11:28Z,4330936850,321,74220114,115966,54113,14519
2026-10-08T00:11:28Z,3322582746,309,72861202,91052,29172,13678
2026-10-08T00:11:28Z,9713717379,315,44039871,5960314,17551,2773
2026-10-08T00:11:28Z,7972256224,316,3916223,46143,15888,896
2026-10-08T00:11:28Z,3195917432,368,68256582,122036,52086,7365
2026-10-08T00:11:28Z,3198546127,265,81980825,147662,27907,3383
2026-10-08T00:11:28Z,3204175584,2967,1210740195,1050365,225517,36755
2026-10-08T00:11:28Z,3210778402,696,121822696,108234,10899,3681
2026-10-08T00:11:28Z,3218272328,454,86089416,267848,35260,7649
2026-10-08T00:11:28Z,3219620210,824,38662419,81125,19496,4242
2026-10-08T00:11:28Z,3227754471,387,77342601,160136,35434,6645
2026-10-08T00:11:28Z,3232838484,471,91605165,137023,46772,3871
2026-10-08T00:11:28Z,3240075297,44623,8820056554,3657213,1146949,186104
2026-10-08T00:11:28Z,3258873704,1274,431521994,285156,143507,49638
2026-10-08T00:11:28Z,3261058889,437,16423805,73054,18510,3349
2026-10-08T00:11:28Z,3262314006,618,549025946,854743,556031,38181
2026-10-08T00:11:28Z,3264581003,823,120498876,197582,103527,26034
2026-10-08T00:11:28Z,3267012194,910,327842398,1088850,266403,40320
2026-10-08T00:11:28Z,3274669156,252,70646037,683048,87252,14303
2026-10-08T00:11:28Z,3289847355,387,31548458,43340,15919,3678
2026-10-08T00:11:28Z,3293514480,1012,210946303,600080,190259,40278
2026-10-08T00:11:28Z,3293525400,200,75743476,312154,120604,15086
2026-10-08T00:11:28Z,3308103880,6395,1838116218,2118020,493906,77313
2026-10-08T00:11:28Z,3310460039,8474,4724119125,105230007,405285,263465
2026-10-08T00:11:28Z,3311164447,899,42361274,20337,4286,1639
2026-10-08T00:11:28Z,3317064564,470,79620137,626359,230793,19911
2026-10-08T00:11:28Z,3317679266,2358,5244716111,4439127,3697599,279168
2026-10-08T00:11:28Z,3317771874,52997,2661061499,2204110,3069319,170500
2026-10-08T00:11:28Z,3344795851,471,448567981,276328,47069,33341
2026-10-08T00:11:28Z,3346892457,1058,455666014,198643,25293,10936
2026-10-08T00:11:28Z,3347455347,493,67892809,316988,122518,19623
2026-10-08T00:11:28Z,3354479870,500,166436290,291462,94461,16988
2026-10-08T00:11:28Z,3359505957,2852,210425522,329118,126495,9919
2026-10-08T00:11:28Z,3365661357,731,499100754,734824,404970,53594
2026-10-08T00:11:28Z,3384187191,404,67440742,73580,29818,8270
2026-10-08T00:11:28Z,3405618667,3297,1535532228,3296127,1593348,137793
2026-10-08T00:11:28Z,3408154779,395,101695539,178701,69730,11441
2026-10-08T00:11:28Z,3417194043,1177,8017880,34528,8462,11036
2026-10-08T00:11:28Z,3419284255,2404,420285351,866392,456645,45940
2026-10-08T00:11:28Z,3420059569,1055,970708837,27491566,97076,96103
2026-10-08T00:11:28Z,3421408084,422,616845694,635140,355020,81319
2026-10-08T00:11:28Z,3426175130,1155,257328347,110052,25071,11107
2026-10-08T00:11:28Z,3448264866,2043,70561375,357104,131696,6982
2026-10-08T00:11:28Z,3457700596,2375,1072878473,1008944,1137243,129895
2026-10-08T00:11:28Z,3472652814,63,42747333,73527,21022,3402
2026-10-08T00:11:28Z,3472976893,1194,193572670,3675239,64160,14636
2026-10-08T00:11:28Z,3475191052,183,401776445,693218,267053,25170
2026-10-08T00:11:28Z,3476371299,299,978617163,1366032,1570634,63821
2026-10-08T00:11:28Z,3494556606,407,521584589,1991312,882160,32600
2026-10-08T00:11:28Z,3502524667,846,767470601,3696934,80293,47833
2026-10-08T00:11:28Z,3507461489,263,21153573,35964,11620,1668
2026-10-08T00:11:28Z,3508322461,143440,7525865734,3083688,2630335,420730
2026-10-08T00:11:28Z,3512256796,1436,41931293,342906,183307,6223
2026-10-08T00:11:28Z,3515267380,1378,183694220,440623,124014,41125
2026-10-08T00:11:28Z,7294208165,280,212231374,311598,242243,21052
2026-10-08T00:11:28Z,7307246329,418,206888626,2353590,265635,45710
2026-10-08T00:11:28Z,7317454210,810,69150664,70980,38208,16912
2026-10-08T00:11:28Z,7326934954,141050,29923629002,9806822,5441383,571842
2026-10-08T00:11:28Z,7332711118,1749,1888454015,2481224,1978201,65428
2026-10-08T00:11:28Z,7339682753,1148,78631344,5887900,20332,3202
2026-10-08T00:11:28Z,7344582593,2472,338983798,658841,377861,55274
2026-10-08T00:11:28Z,7350402084,513,14647586,23643,8624,1364
2026-10-08T00:11:28Z,7356195012,735,179516526,4891476,245604,42325
2026-10-08T00:11:28Z,7359962123,2808,58153892,275106,88642,5261
2026-10-08T00:11:28Z,7364297396,1882,465440229,682859,107487,16584
2026-10-08T00:11:28Z,7372152033,640,33839226,59274,17154,6364
2026-10-08T00:11:28Z,7373459570,786,167849893,3639307,316359,5865
2026-10-08T00:11:28Z,7373989866,270,187522362,141986,102377,4230
2026-10-08T00:11:28Z,7374930268,399,6760155,294048,3209,634
2026-10-08T00:11:28Z,7378605382,645,74796621,82357,34682,16372
2026-10-08T00:11:28Z,7381952833,806,114058054,231157,30636,7755
2026-10-08T00:11:28Z,7383133134,447,117500397,883613,34986,4989
2026-10-08T00:11:28Z,7391615616,341,23935063,1402502,130413,5774
2026-10-08T00:11:28Z,7395930870,9769,470501803,504596,358450,20419
2026-10-08T00:11:28Z,7396511690,339,41353365,1425794,94802,15333
2026-10-08T00:11:28Z,7398552394,6547,260960756,403149,132479,15636
2026-10-08T00:11:28Z,7407722254,216,37079227,48745,7663,1539
2026-10-08T00:11:28Z,7411615879,1075,40039714,54180,22023,1606
2026-10-08T00:11:28Z,7414497778,1117,78861466,200153,71618,13942
2026-10-08T00:11:28Z,7428819247,572,38129429,255493,54524,4495
2026-10-08T00:11:28Z,7429689898,277,513133923,819924,1433740,79570
2026-10-08T00:11:28Z,7434179990,2585,256547645,8963732,390309,13323
2026-10-08T00:11:28Z,7436755782,13776,35960329319,11438516,9435757,1054863
2026-10-08T00:11:28Z,7447878628,403,68938211,152657,40579,4597
2026-10-08T00:11:28Z,7448595637,479,42050401,1400632,7834,3197
2026-10-08T00:11:28Z,7450124099,731,143957277,810022,85194,11978
2026-10-08T00:11:28Z,7450497506,2652,227332573,1631892,216279,13341
2026-10-08T00:11:28Z,7453941040,2748,206274201,367964,59362,13469
2026-10-08T00:11:28Z,7458874788,998,25061485,350462,68001,9920
2026-10-08T00:11:28Z,7462622504,170,45215626,79022,19501,4309
2026-10-08T00:11:28Z,7468338447,234,343191403,2562659,295986,13812
2026-10-08T00:11:28Z,7474367816,2664,1118459340,1434889,1301040,36651
2026-10-08T00:11:28Z,7483856345,574,106449668,5434950,43777,17755
2026-10-08T00:11:28Z,7488668004,6808,351581122,453945,140825,11696
2026-10-08T00:11:28Z,7497471789,3843,95117083,308088,150451,5144
2026-10-08T00:11:28Z,7497802350,415,101743009,149746,136541,12393
2026-10-08T00:11:28Z,7498824809,173,72593787,89053,46258,2513
2026-10-08T00:11:28Z,7498898979,2896,79348537,283381,63758,7021
2026-10-08T00:11:28Z,7521520342,917,276433906,259008,119914,27222
2026-10-08T00:11:28Z,7528417535,1620,61855657,1561173,25284,6082
2026-10-08T00:11:28Z,7534782259,365,112991797,53926,39428,10747
2026-10-08T00:11:28Z,7541395924,474,189867444,3571643,377779,16792
2026-10-08T00:11:28Z,7546582051,746,285702466,497826,270017,10307
2026-10-08T00:11:28Z,7554119808,17190,446081242,5555755,159820,15605
2026-10-08T00:11:28Z,10047813675,1604,24725384,2770299,1395,603
2026-10-08T00:11:28Z,10051853469,228,113962335,2490774,307658,6049
2026-10-08T00:11:28Z,10052184484,232,47228170,2906447,24350,2059
2026-10-08T00:11:28Z,10057343903,2201,111869560,4336441,216950,11897
2026-10-08T00:11:28Z,10057403337,7007,236507863,8804496,79028,11275
2026-10-08T00:11:28Z,10059548251,2300,58689358,127316,136835,10418
2026-10-08T00:11:28Z,10059591740,258,26350921,1183351,60965,2874
2026-10-08T00:11:28Z,10060242820,2484,95842830,80821,23816,8314
2026-10-08T00:11:28Z,10061100187,764,28454004,413422,9256,2158
2026-10-08T00:11:28Z,10061124506,1186,67536062,163183,241092,12956
2026-10-08T00:11:28Z,10061909806,1758,58288021,63215,16099,1925
2026-10-08T00:11:28Z,10064401653,390,11437552,127133,30085,9681
2026-10-08T00:11:28Z,10065013948,1761,76305997,119816,133092,8632
2026-10-08T00:11:28Z,10065930742,313,5049208,347116,1677,558
2026-10-08T00:11:28Z,10066618669,1752,28512379,37522,3985,1717
2026-10-08T00:11:28Z,10066929248,193,29882870,117853,102574,4259
2026-10-08T00:11:28Z,10067173115,319,22637651,73815,128643,80049
2026-10-08T00:11:28Z,10067258922,2139,108511203,6862364,399964,4579
2026-10-08T00:11:28Z,10067540823,376,10309971,12621,3471,477
2026-10-08T00:11:28Z,10067868611,320,20780963,34860,25384,1579
2026-10-08T00:11:28Z,10069043526,1450,42228496,959634,60313,5712
2026-10-08T00:11:28Z,10074335448,426,1169471,24815,7088,1088
2026-10-08T00:11:28Z,10075660664,223,2689728,7659,7134,288
2026-10-08T00:11:28Z,10080411105,245,4264329,9167,6425,599
2026-10-08T00:11:28Z,10081194651,373,50864738,193605,510339,5178
2026-10-08T00:11:28Z,10083552936,359,12730463,566246,12571,1686
2026-10-08T00:11:28Z,10090256806,3368,55429995,687802,195978,19204
2026-10-08T00:11:28Z,10090384240,368,5816664,94513,27936,2423
2026-10-08T00:11:28Z,10090818841,92,1934820,1904,2744,908
2026-10-08T00:11:28Z,10091482757,480,7263914,25038,26942,629
2026-10-08T00:11:28Z,10091766471,2383,44751251,110830,29084,3078
2026-10-08T00:11:28Z,10092619788,1113,13518127,8666,23998,739
2026-10-08T00:11:28Z,10094225577,1411,61433109,716750,53767,13081
2026-10-08T00:11:28Z,10096155511,2559,68046393,160786,50060,5878
2026-10-08T00:11:28Z,10098095975,632,31059262,1048971,177314,2307
2026-10-08T00:11:28Z,10101367087,557,13868631,403558,7478,1417
2026-10-08T00:11:28Z,10103595714,1224,40307074,144968,110129,7287
2026-10-08T00:11:28Z,10107805924,507,17765382,385375,21835,740
2026-10-08T00:11:28Z,10108046010,1444,23916029,59409,13226,1693
2026-10-08T00:11:28Z,10110316965,1331,24576329,681548,11271,3768
2026-10-08T00:11:28Z,10112019404,1423,16900024,239405,22931,5922
2026-10-08T00:11:28Z,10112435932,165,4740963,85143,8129,320
2026-10-08T00:11:28Z,10113997049,597,22180481,233797,45055,6376
2026-10-08T00:11:28Z,10116272705,6779,3383891,7293,23241,689
2026-10-08T00:11:28Z,10117986107,1823,77333203,568454,14314,4613
2026-10-08T00:11:28Z,10121169692,163,14593864,333244,70801,1008
2026-10-08T00:11:28Z,10122742965,430,17610325,23221,6320,2362
2026-10-08T00:11:28Z,10123059921,3625,198711450,568558,184742,9956
2026-10-08T00:11:28Z,10124403207,1311,1048171,4176,1240,306
2026-10-08T00:11:28Z,10124421343,1873,23898769,44361,46061,1150
2026-10-08T00:11:28Z,10766812776,4855,1551105,8020,2746,118
2026-10-08T00:11:28Z,10767012496,11323,15165621,44199,16873,1907
2026-10-08T00:11:28Z,10767138232,1167,794568,9855,469,53
2026-10-08T00:11:28Z,10767183467,725,384068,1471,1444,88
2026-10-08T00:11:28Z,10767240772,5945,2158320,15246,10430,1394
2026-10-08T00:11:28Z,10767357183,375,241390,20461,430,31
2026-10-08T00:11:28Z,10767408330,14180,6241795,19225,16406,1030
2026-10-08T00:11:28Z,10767545737,739,774109,8666,7670,694
2026-10-08T00:11:28Z,10767566226,6328,1733289,6976,2164,113
2026-10-08T00:11:28Z,10767582899,3502,999424,11351,4278,1169
2026-10-08T00:11:28Z,10767628417,3508,747649,17633,4592,351
2026-10-08T00:11:28Z,10767634248,16691,4181737,19145,4085,355
2026-10-08T00:11:28Z,10767657583,1702,1119767,29509,1149,424
2026-10-08T00:11:28Z,10767698786,1851,3264573,1398,2584,234
2026-10-08T00:11:28Z,10767824942,3665,1052434,104828,2586,145
2026-10-08T00:11:28Z,10767825538,6752,9784519,55000,20252,1010
2026-10-08T00:11:28Z,10767826343,1498,191988,3812,1040,171
2026-10-08T00:11:28Z,10767858548,241,607390,7390,5485,404
2026-10-08T00:11:28Z,10767922762,8064,1283613,66730,6307,732
2026-10-08T00:11:28Z,10767957681,1364,517604,3322,2007,340
2026-10-08T00:11:28Z,10768023539,9730,10950281,62196,10449,891
2026-10-08T00:11:28Z,10768176407,5348,1207922,9423,3627,458
2026-10-08T00:11:28Z,10768202113,3671,1401983,16424,3533,396
2026-10-08T00:11:28Z,10768462078,2340,1338432,6923,2789,76
2026-10-08T00:11:28Z,10768565603,11593,2593956,8740,4121,4439
2026-10-08T00:11:28Z,10768944292,3174,571118,5060,5905,184
2026-10-08T00:11:28Z,10769066324,1622,2842196,3376,1184,157
2026-10-08T00:11:28Z,5693963765,394,68060721,62133,17638,4932
2026-10-08T00:11:28Z,3183742847,503,631694492,517729,178635,74330
2026-10-08T00:11:28Z,9250508067,445,7503922,37227,12151,2024
2026-10-08T00:11:28Z,10454932245,1267,16607544,38270,7372,1512
2026-10-08T00:11:28Z,7346697338,517,127816827,96479,93757,20968
2026-10-08T00:11:28Z,3441153192,383,30341226,27419,4874,4706
2026-10-08T00:11:28Z,10550305160,698,951935,6643,1788,419
2026-10-08T00:11:28Z,10389353525,786,13208144,78298,31317,2228
2026-10-08T00:11:28Z,10406744768,349,22422494,40493,12769,1232
2026-10-08T00:11:28Z,10127764368,605,4956658,139178,1181,316
2026-10-08T00:11:28Z,5492723512,726,86850095,1841289,56563,18512
2026-10-08T00:11:28Z,9971895648,366,1793924,3104,181,101
2026-10-08T00:11:28Z,9948825950,297,23673636,1955859,6708,3102
2026-10-08T00:11:28Z,8140627455,376,96909726,100049,108173,8386
2026-10-08T00:11:28Z,10766426236,381,1231392,26307,2404,548
2026-10-08T00:11:28Z,10662463285,486,9221244,41182,17259,2940
2026-10-08T00:11:28Z,10435851846,471,23772650,230720,19454,2788
2026-10-08T00:11:28Z,2588044974,345,639939773,774599,285612,18870
2026-10-08T00:11:28Z,8957522683,324,96618394,49774,6535,2544
2026-10-08T00:11:28Z,8228371304,401,83073458,63118,7135,2228
2026-10-08T00:11:28Z,9569441921,286,13786704,99968,26163,25444
2026-10-08T06:00:24Z,47545,8690,5610811272,13609838,3467246,264638
2026-10-08T06:00:24Z,65241,4856,4502690365,11889130,4413099,448812
2026-10-08T06:00:24Z,2471084,4223,1332616482,4648405,2034553,285450
2026-10-08T06:00:24Z,8726258,215,630677838,2390339,453785,154254
2026-10-08T06:00:24Z,16680835,2244,551660038,2794730,600020,48337
2026-10-08T06:00:24Z,16876831,88,121296485,481572,179221,28988
2026-10-08T06:00:24Z,21164849,2192,805086989,2044174,877760,63446
2026-10-08T06:00:24Z,21449357,633,140879517,499690,157203,28244
2026-10-08T06:00:24Z,31970568,1860,1621785062,6099255,2083622,256886
2026-10-08T06:00:24Z,32095083,118,369441401,1566692,359225,73099
2026-10-08T06:00:24Z,32211175,723,95235728,6547211,27943,8817
2026-10-08T06:00:24Z,52494682,82,171358959,519665,176604,28277
2026-10-08T06:00:24Z,63951305,168,890568299,3839261,1153060,144190
2026-10-08T06:00:24Z,66654135,90044,31123095734,24390879,10732122,1083828
2026-10-08T06:00:24Z,73754455,504,1837396363,4034199,1017323,117554
2026-10-08T06:00:24Z,73885730,3490,3045024391,6009110,1539352,270661
2026-10-08T06:00:24Z,78084559,243,40764885,102628,35819,8231
2026-10-08T06:00:24Z,79301772,2663,504711239,2001407,400753,99032
2026-10-08T06:00:24Z,79609758,346,940805954,1682724,366279,183777
2026-10-08T06:00:24Z,83148140,532,426552628,355658,109352,32106
2026-10-08T06:00:24Z,83858907,516,1752538714,4568104,1039414,369568
2026-10-08T06:00:24Z,88070565,8767,10120513988,14007563,5638550,733840
2026-10-08T06:00:24Z,93740418,1048,3422658389,6952482,988263,96260
2026-10-08T06:00:24Z,97314177,660,584404475,1261315,424953,49962
2026-10-08T06:00:24Z,98929893,825,989496336,2120378,640394,67242
2026-10-08T06:00:24Z,102815652,359,62063040,365400,115087,14281
2026-10-08T06:00:24Z,104598338,101,418171357,535747,65476,24836
2026-10-08T06:00:24Z,107172930,645,722493419,1984731,743213,207139
2026-10-08T06:00:24Z,110181652,1265,2357753008,8611288,2271991,236114
2026-10-08T06:00:24Z,111958650,1937,6312350489,11520119,5125687,665530
2026-10-08T06:00:24Z,113491250,1734,1801845647,5987443,2464315,251335
2026-10-08T06:00:24Z,114070244,212,354073169,1221827,276483,57412
2026-10-08T06:00:24Z,114967577,468,59795584,277073,92598,14864
2026-10-08T06:00:24Z,115797356,326,1238761009,2843591,936993,201799
2026-10-08T06:00:24Z,123956318,381,33620040,344845,78770,17766
2026-10-08T06:00:24Z,124283622,235,793520369,673075,256106,86661
2026-10-08T06:00:24Z,140733710,1018,413431018,1222305,275647,39098
2026-10-08T06:00:24Z,147332621,492,208632715,555011,195133,47763
2026-10-08T06:00:24Z,169302362,515,218110130,1858254,686718,30379
2026-10-08T06:00:24Z,170247232,158,473344609,2123452,749824,243800
2026-10-08T06:00:24Z,184199275,5454,992377624,1926308,571418,62081
2026-10-08T06:00:24Z,210851291,6578,5220228605,8539326,3659591,259234
2026-10-08T06:00:24Z,212154879,331,156067185,1220549,421785,59248
2026-10-08T06:00:24Z,228573408,300,2484941260,15003319,748489,169231
2026-10-08T06:00:24Z,245662005,4004,8067305954,18677289,5804684,811759
2026-10-08T06:00:24Z,274816972,1483,1370361111,7133076,1981251,138443
2026-10-08T06:00:24Z,279565647,291,1729250595,8397007,764265,274085
2026-10-08T06:00:24Z,300039023,147,129869926,421311,175486,29028
2026-10-08T06:00:24Z,301252049,271,300580526,1043023,440426,109044
2026-10-08T06:00:24Z,321778215,4816,10462410349,13329290,3264589,535002
2026-10-08T06:00:24Z,323675642,246,598633899,2220989,544479,123397
2026-10-08T06:00:24Z,341654025,1362,3208895234,5421510,859743,257861
2026-10-08T06:00:24Z,358276974,1763,196495410,1014636,262242,43028
2026-10-08T06:00:24Z,371263894,2959,1469075902,2701458,1060911,146407
2026-10-08T06:00:24Z,372226183,6607,6056508850,9718383,2803180,240588
2026-10-08T06:00:24Z,380704901,487,1048956902,2103776,840833,88286
2026-10-08T06:00:24Z,383310974,125463,44977959946,29716834,9535569,1513200
2026-10-08T06:00:24Z,433670627,76,43494555,437142,78284,8954
2026-10-08T06:00:24Z,465016798,830,129987495,419974,98366,17788
2026-10-08T06:00:24Z,484789923,190,667567854,2129726,614207,97978
2026-10-08T06:00:24Z,485929611,209,648459878,1439368,351436,43847
2026-10-08T06:00:24Z,504035427,180,1699566241,5963388,1370638,82494
2026-10-08T06:00:24Z,533435040,331,869004726,2279100,614557,53805
2026-10-08T06:00:24Z,537476076,208,212668492,257566,52842,6177
2026-10-08T06:00:24Z,540382210,646,361588555,1050068,494582,26653
2026-10-08T06:00:24Z,547524060,3290,1469575197,2289004,469958,42868
2026-10-08T06:00:24Z,568307879,155,528962517,556223,99215,110020
2026-10-08T06:00:24Z,571251690,1245,106399949,1054387,54408,11343
2026-10-08T06:00:24Z,578392296,11394,1345990663,1001483,515367,123214
2026-10-08T06:00:24Z,601130232,23524,4595525213,6544692,3034251,139866
2026-10-08T06:00:24Z,605887098,1424,2532127122,3727190,1529970,116669
2026-10-08T06:00:24Z,616165168,1211,151123476,1230905,80559,15425
2026-10-08T06:00:24Z,625764726,178,25553291,200153,47715,9623
2026-10-08T06:00:24Z,648454481,14632,1324756261,1511428,1073525,121629
2026-10-08T06:00:24Z,703124385,19477,29090178299,12033431,4366157,1565779
2026-10-08T06:00:24Z,708100196,260,339045530,1297748,305054,41268
2026-10-08T06:00:24Z,725056461,161,19745481,43185,10618,3060
2026-10-08T06:00:24Z,757291724,737,249878177,464220,77827,17145
2026-10-08T06:00:24Z,767752328,329,255521963,1375665,415014,144503
2026-10-08T06:00:24Z,770538576,334,548509325,1237424,376843,45511
2026-10-08T06:00:24Z,807930589,351,343761778,1631267,625782,89249
2026-10-08T06:00:24Z,833209132,359,100705113,899501,256988,27884
2026-10-08T06:00:24Z,847722000,194,204004660,2238787,579788,45153
2026-10-08T06:00:24Z,850110028,2016,189566074,706171,380202,36921
2026-10-08T06:00:24Z,873703865,290,453473971,1476189,527115,80589
2026-10-08T06:00:24Z,892043755,2186,1252083397,3320248,1055515,136802
2026-10-08T06:00:24Z,903807016,2825,1597682085,2852565,1185916,119805
2026-10-08T06:00:24Z,905198065,261,500263448,808733,340615,86384
2026-10-08T06:00:24Z,905954377,130,165339711,426871,102863,17166
2026-10-08T06:00:24Z,911750776,2256,1527388082,4482763,1404829,185960
2026-10-08T06:00:24Z,918677693,564,311651194,653046,268188,39372
2026-10-08T06:00:24Z,943733974,206,213689769,860569,563513,52270
2026-10-08T06:00:24Z,952510115,178,28707192,439229,46684,15137
2026-10-08T06:00:24Z,972475338,2962,715936209,1891457,503138,82030
2026-10-08T06:00:24Z,985731078,1416,451120455,2276060,935717,52301
2026-10-08T06:00:24Z,994732206,122585,64859104984,20040799,12747189,1065528
2026-10-08T06:00:24Z,1000233041,8506,3317098836,5808034,2005344,180586
2026-10-08T06:00:24Z,1001911915,669,242121077,689095,274530,35925
2026-10-08T06:00:24Z,1003981402,769,32579024,242818,54712,4747
2026-10-08T06:00:24Z,1008451066,2033,2954658754,3007011,1297539,542709
2026-10-08T06:00:24Z,1016936714,4152,2267394412,1970497,1451143,181983
2026-10-08T06:00:24Z,1024564064,315,461417260,843115,239251,37828
2026-10-08T06:00:24Z,1037979853,236,496712110,1867113,834451,71108
2026-10-08T06:00:24Z,1053132402,814,572939333,976772,298237,71422
2026-10-08T06:00:24Z,1054526971,2643,631633834,1716437,618403,67748
2026-10-08T06:00:24Z,1072353049,656,607587992,1328375,417424,37137
2026-10-08T06:00:24Z,1073273083,283,662788377,1724389,511879,111542
2026-10-08T06:00:24Z,1087859240,921,385292292,345232,118575,23297
2026-10-08T06:00:24Z,1091907805,372,273669460,1089080,381950,37703
2026-10-08T06:00:24Z,1119466531,255,1944276936,3792686,1139531,103239
2026-10-08T06:00:24Z,1125307892,316,73783221,5729167,400932,14126
2026-10-08T06:00:24Z,1147304238,401,612940493,1275668,469515,45984
2026-10-08T06:00:24Z,1160789089,431,857353344,6352387,499505,65978
2026-10-08T06:00:24Z,1165835263,182,91950029,264686,114379,18239
2026-10-08T06:00:24Z,1171251167,1147,292008967,6152881,20620,3216
2026-10-08T06:00:24Z,1175471394,355,202631170,142995,46511,18992
2026-10-08T06:00:24Z,1176784616,6641,5004136223,3519089,2077850,129095
2026-10-08T06:00:24Z,1177208440,567,88249745,204119,99401,27361
2026-10-08T06:00:24Z,1180269832,389,155333616,882955,370757,30651
2026-10-08T06:00:24Z,1187091887,269,237370685,506053,172260,50633
2026-10-08T06:00:24Z,1198533421,566,184557980,734409,256584,28983
2026-10-08T06:00:24Z,1200145783,259,17590735,103213,32240,6516
2026-10-08T06:00:24Z,1202096104,14211,3342205598,31782036,2537167,190758
2026-10-08T06:00:24Z,1214576306,667,1650841999,4305305,1342399,99978
2026-10-08T06:00:24Z,1229590289,232,98830287,4192559,61340,8997
2026-10-08T06:00:24Z,1230230722,1116,2835731047,3429725,945121,94026
2026-10-08T06:00:24Z,1235188606,5464,1730267970,14549424,1117497,78726
2026-10-08T06:00:24Z,1247231049,241,53691403,705828,76473,11194
2026-10-08T06:00:24Z,1247975681,187,1870407347,5077036,2156203,379558
2026-10-08T06:00:24Z,1267991351,121,120300810,380630,126154,6103
2026-10-08T06:00:24Z,1268927906,5163,2309988879,2608607,1165355,155261
2026-10-08T06:00:24Z,1271059807,988,76605669,393777,90043,8652
2026-10-08T06:00:24Z,1275875292,271,573818324,1093940,286425,46749
2026-10-08T06:00:24Z,1278035280,2586,782659126,1518737,501649,37310
2026-10-08T06:00:24Z,1281592938,1892,314606954,2600590,471523,39672
2026-10-08T06:00:24Z,1312971993,1505,644750586,2033833,570498,90785
2026-10-08T06:00:24Z,1315450727,131,545206121,1043185,169461,27540
2026-10-08T06:00:24Z,1315966725,446,763652842,17704966,156595,125707
2026-10-08T06:00:24Z,1316421563,155,333055367,464074,173015,18019
2026-10-08T06:00:24Z,1318971886,1408,3017550141,4161636,1099697,121838
2026-10-08T06:00:24Z,1325411718,783,400850882,441714,249131,32732
2026-10-08T06:00:24Z,1335695570,451,2161237324,4716812,1622090,131119
2026-10-08T06:00:24Z,1358133289,1966,1543411602,1594630,282788,46631
2026-10-08T06:00:24Z,1359546589,272,774087337,1235435,580537,88261
2026-10-08T06:00:24Z,1359573625,1631,1642449502,1041574,412958,65639
2026-10-08T06:00:24Z,1374118848,394,70537946,380441,155869,21447
2026-10-08T06:00:24Z,1390601379,1250,1453140175,2370610,1366444,271240
2026-10-08T06:00:24Z,1393178180,206,101264831,192558,92726,15677
2026-10-08T06:00:24Z,1404342734,275,75394901,292988,116981,22426
2026-10-08T06:00:24Z,1415710834,459,844574074,2007432,515575,65778
2026-10-08T06:00:24Z,1424449565,215,256846680,988809,317506,80402
2026-10-08T06:00:24Z,1430007363,794,921475892,2426645,142525,29652
2026-10-08T06:00:24Z,1434220026,220,888794506,2678682,1087559,99197
2026-10-08T06:00:24Z,1451439645,4370,4063235915,2772527,1696300,158085
2026-10-08T06:00:24Z,1452258989,480,1977716811,20694838,1264991,307893
2026-10-08T06:00:24Z,1480782352,782,1953829260,2746303,1422183,83504
2026-10-08T06:00:24Z,1489026993,3601,2692985169,4370957,1025962,110803
2026-10-08T06:00:24Z,1494262959,1180,366606768,826084,370418,122143
2026-10-08T06:00:24Z,1511883870,1765,2730952640,3078355,2243791,145923
2026-10-08T06:00:24Z,1516533665,6498,14398672470,12260502,4061701,435216
2026-10-08T06:00:24Z,1525626450,2113,340304846,886652,396400,22638
2026-10-08T06:00:24Z,1526814825,4513,1124816242,4423607,1109039,106124
2026-10-08T06:00:24Z,1527252839,194,605219964,2878552,82810,23602
2026-10-08T06:00:24Z,1531130248,1150,532016650,859381,363883,43667
2026-10-08T06:00:24Z,1536694921,144,480507236,1470448,228149,28137
2026-10-08T06:00:24Z,1586272220,163,33137056,199567,72961,18405
2026-10-08T06:00:24Z,1617287243,471,626574041,935089,190511,38673
2026-10-08T06:00:24Z,1638323641,830,354803837,1385941,331003,44157
2026-10-08T06:00:24Z,1640395061,393,16928533,16123,2660,1019
2026-10-08T06:00:24Z,1648467492,636,58750694,67031,17621,8086
2026-10-08T06:00:24Z,1648496580,2141,239532608,279259,73443,16990
2026-10-08T06:00:24Z,1650291138,277,1001760323,1515119,825517,131744
2026-10-08T06:00:24Z,1654971928,276,33411376,72955,26421,4950
2026-10-08T06:00:24Z,1659645941,410,2358572849,3408444,1242237,140796
2026-10-08T06:00:24Z,1668992109,1158,814473010,1046265,324181,66237
2026-10-08T06:00:24Z,1673554668,145,110160684,224739,54607,12170
2026-10-08T06:00:24Z,1686885941,177032,88327369981,30371217,8620912,1416181
2026-10-08T06:00:24Z,1699553764,135,298925652,710744,191028,49829
2026-10-08T06:00:24Z,1701332290,615,1279909191,1823100,347999,99019
2026-10-08T06:00:24Z,1701518532,533,124498120,2090927,43355,6202
2026-10-08T06:00:24Z,1701623492,201,4040657078,2817458,765968,212175
2026-10-08T06:00:24Z,1707552920,164,299139102,935309,288786,40355
2026-10-08T06:00:24Z,1709832923,374,1254798731,3579870,1051747,53743
2026-10-08T06:00:24Z,1709917610,908,264537205,1073885,406787,45238
2026-10-08T06:00:24Z,1718755273,308,86572111,322300,136577,45275
2026-10-08T06:00:24Z,1719305066,329,154719880,377332,133924,13826
2026-10-08T06:00:24Z,1720936166,1898,7934698773,2319733,1494854,129155
2026-10-08T06:00:24Z,1733898268,189,51619905,327918,63843,4293
2026-10-08T06:00:24Z,1742264997,849,507984799,1293472,676511,73492
2026-10-08T06:00:24Z,1743990973,306,263828231,156982,76153,27069
2026-10-08T06:00:24Z,1751760283,156,286178549,1162707,417350,50476
2026-10-08T06:00:24Z,1769712451,459,781377827,1763976,741966,81163
2026-10-08T06:00:24Z,1775919872,384,135882344,522347,228010,18990
2026-10-08T06:00:24Z,1776914212,779,3008401625,2995267,642762,218775
2026-10-08T06:00:24Z,1782832995,713,992495032,1415892,910114,147240
2026-10-08T06:00:24Z,1784051919,191,232784553,2122182,355136,20983
2026-10-08T06:00:24Z,1787711941,349,99257572,247649,91432,27857
2026-10-08T06:00:24Z,1794056685,1789,140502071,606968,28102,6285
2026-10-08T06:00:24Z,1795206523,324,963226201,933860,264880,83607
2026-10-08T06:00:24Z,1802622907,757,1306904310,1319336,641589,104351
2026-10-08T06:00:24Z,1802741133,2486,439112125,1126464,404225,30760
2026-10-08T06:00:24Z,1831550657,10581,2249611693,11285962,1415449,116081
2026-10-08T06:00:24Z,1836146838,1376,506101244,1366395,348673,65946
2026-10-08T06:00:24Z,1851087906,982,121035828,437507,126344,49996
2026-10-08T06:00:24Z,1852226622,6077,3000308334,2748775,730330,198680
2026-10-08T06:00:24Z,1859597048,181,636237382,629761,185067,29451
2026-10-08T06:00:24Z,1871172282,130,102034350,355531,176040,51335
2026-10-08T06:00:24Z,1871908106,413,394013339,1090705,281198,49335
2026-10-08T06:00:24Z,1888174103,185,415120444,398549,56147,20087
2026-10-08T06:00:24Z,1892760830,254,609525451,1084437,160753,45987
2026-10-08T06:00:24Z,1921509404,1412,260770080,176449,41876,12868
2026-10-08T06:00:24Z,1946714362,1093,62734842,164835,44702,9969
2026-10-08T06:00:24Z,1952819680,350,77678131,1956878,16611,7957
2026-10-08T06:00:24Z,1953956112,204,62618619,885771,45261,5258
2026-10-08T06:00:24Z,1954152886,1425,169835612,251765,64132,9120
2026-10-08T06:00:24Z,1998835206,1006,594513461,1178492,514447,77592
2026-10-08T06:00:24Z,2007050448,514,205299945,331761,126095,19593
2026-10-08T06:00:24Z,2017809925,1051,739499241,15982348,111479,52828
2026-10-08T06:00:24Z,2020908522,608,546664357,594091,106525,20184
2026-10-08T06:00:24Z,2023680558,2022,1583934212,1824965,402283,78928
2026-10-08T06:00:24Z,2026574412,162,120873748,1080685,176125,4878
2026-10-08T06:00:24Z,2027832238,514,205954040,107050,52370,15402
2026-10-08T06:00:24Z,2049551477,895,1485909393,1946300,454270,69497
2026-10-08T06:00:24Z,2065706268,294,163600668,417726,74240,17916
2026-10-08T06:00:24Z,2073329983,494,246380570,4777347,506951,34661
2026-10-08T06:00:24Z,2082205150,243,185983689,558910,191785,11926
2026-10-08T06:00:24Z,2087494287,555,692238752,554166,68043,19368
2026-10-08T06:00:24Z,2092410051,904,339009169,1410735,514837,67737
2026-10-08T06:00:24Z,2113323331,1293,893855719,922134,150474,41836
2026-10-08T06:00:24Z,2114144926,292,1111976071,532869,439197,32468
2026-10-08T06:00:24Z,2126386806,383,2679546184,2600411,1055507,191500
2026-10-08T06:00:24Z,2137105308,306,55128151,171484,39352,13330
2026-10-08T06:00:24Z,2139712082,535,78076663,198451,85728,21547
2026-10-08T06:00:24Z,2149444938,283,98676442,437547,72723,14360
2026-10-08T06:00:24Z,2152417643,303,92833515,179230,58392,27117
2026-10-08T06:00:24Z,2153167977,578,165906325,368214,136354,19176
2026-10-08T06:00:24Z,2157233282,359,38259569,3439152,9646,2702
2026-10-08T06:00:24Z,2157872230,1890,1296222682,2179957,633856,171646
2026-10-08T06:00:24Z,2160907981,225,1322562047,2112978,518712,108005
2026-10-08T06:00:24Z,2165551367,265,678050934,2463357,131374,22463
2026-10-08T06:00:24Z,2171758161,354,242929048,96937,15944,11970
2026-10-08T06:00:24Z,2176187244,901,316380155,243195,48663,15517
2026-10-08T06:00:24Z,2195939586,215,245162766,750682,200334,49726
2026-10-08T06:00:24Z,2198666251,143,82448945,51141,11666,2744
2026-10-08T06:00:24Z,2200020629,236,102840451,210788,74285,23836
2026-10-08T06:00:24Z,2220495353,1066,1167242100,1448324,315189,57891
2026-10-08T06:00:24Z,2233937689,840,78292029,156235,57482,8805
2026-10-08T06:00:24Z,2236455574,861,828131133,695380,176067,80089
2026-10-08T06:00:24Z,2239430935,603,361794105,1136931,237265,20023
2026-10-08T06:00:24Z,2247578975,1847,1237091205,14951180,119624,94878
2026-10-08T06:00:24Z,2250844717,182,2546836,175062,1527,1204
2026-10-08T06:00:24Z,2251388500,1075,194476461,560899,216860,23168
2026-10-08T06:00:24Z,2274830359,5994,3040843857,2073750,311566,104172
2026-10-08T06:00:24Z,2278167893,107,148926810,190682,33335,14791
2026-10-08T06:00:24Z,2281570018,583,134478881,116912,59993,14005
2026-10-08T06:00:24Z,2283649692,359,110625485,260045,78702,29698
2026-10-08T06:00:24Z,2294168059,2026,1259164450,3400814,1130923,125423
2026-10-08T06:00:24Z,2297891297,264,39485764,54679,21027,5093
2026-10-08T06:00:24Z,2305929206,1475,258648256,1689489,176365,11848
2026-10-08T06:00:24Z,2309918273,854,54469731,531325,205882,22359
2026-10-08T06:00:24Z,2316994223,542,8992488384,5968879,4219975,395256
2026-10-08T06:00:24Z,2324018757,143,74811452,232225,118546,18313
2026-10-08T06:00:24Z,2324662457,1517,1334205124,1566514,1151629,86921
2026-10-08T06:00:24Z,2327461601,411,382181085,493306,114663,24760
2026-10-08T06:00:24Z,2350840700,439,72721106,406515,147530,12924
2026-10-08T06:00:24Z,2360092394,4135,345594061,9061181,147406,15783
2026-10-08T06:00:24Z,2366560560,735,981127293,2350934,258382,44698
2026-10-08T06:00:24Z,2369077151,3598,429997968,11370375,456447,18457
2026-10-08T06:00:24Z,2380077519,3726,3654030156,4663647,1958294,317479
2026-10-08T06:00:24Z,2401478287,231,107829437,413107,193352,28063
2026-10-08T06:00:24Z,2404080894,1408,2019929989,4117818,1975478,215105
2026-10-08T06:00:24Z,2408700413,269,306742359,667604,255351,77438
2026-10-08T06:00:24Z,2435789930,2687,2944264978,2338717,875991,106591
2026-10-08T06:00:24Z,2440500124,20273,7842985395,8249376,4725766,354728
2026-10-08T06:00:24Z,2443177453,732,698783622,1212533,449333,53478
2026-10-08T06:00:24Z,2491559356,601,89214995,181019,60735,17609
2026-10-08T06:00:24Z,2492481398,332,414562671,1297557,600971,47907
2026-10-08T06:00:24Z,2516044547,294,641585763,1640357,719609,160558
2026-10-08T06:00:24Z,2520686564,275,88640250,139774,33640,5140
2026-10-08T06:00:24Z,2527789729,1547,117981220,372982,98153,26730
2026-10-08T06:00:24Z,2528641125,181,121390846,266879,87759,12484
2026-10-08T06:00:24Z,2538086639,682,656276338,279834,41024,21780
2026-10-08T06:00:24Z,2544016903,224,30444538,56997,10607,1242
2026-10-08T06:00:24Z,2544520106,396,289458252,540620,335172,35340
2026-10-08T06:00:24Z,2548183080,230,79369684,291442,150051,13012
2026-10-08T06:00:24Z,2549475383,3404,5502473904,57593510,1332736,150766
2026-10-08T06:00:24Z,2564505263,231,1656131885,2749642,778541,60698
2026-10-08T06:00:24Z,2577700536,125,73176962,169678,268834,19190
2026-10-08T06:00:24Z,2583564222,2601,1120761783,4165223,362807,85753
2026-10-08T06:00:24Z,2588044974,128,639966399,774628,285624,18871
2026-10-08T06:00:24Z,2589957623,1807,638740604,9011420,123153,19092
2026-10-08T06:00:24Z,2605831977,216,492466059,4388034,264195,38122
2026-10-08T06:00:24Z,2619619496,13086,11754798335,4634039,2480012,533894
2026-10-08T06:00:24Z,2621511041,1663,76378935,280393,65231,26638
2026-10-08T06:00:24Z,2626227051,2768,1108801364,1070974,500404,80614
2026-10-08T06:00:24Z,2628404708,220,1016614495,2106559,621447,66636
2026-10-08T06:00:24Z,2640407187,3197,542881200,429462,167378,26314
2026-10-08T06:00:24Z,2643072291,642,98756895,1008924,108551,22347
2026-10-08T06:00:24Z,2644656496,738,307469286,4473748,1802148,42665
2026-10-08T06:00:24Z,2652888345,1503,265469540,128120,21518,5945
2026-10-08T06:00:24Z,2655311011,320,1427417424,3272056,2313556,60511
2026-10-08T06:00:24Z,2655478023,1502,1038055255,3519820,105232,124951
2026-10-08T06:00:24Z,2668101271,19588,3602588151,2581159,949320,231855
2026-10-08T06:00:24Z,2682938349,1883,682282795,661440,252650,21265
2026-10-08T06:00:24Z,2711375305,37523,8054292258,5898515,3027253,203218
2026-10-08T06:00:24Z,2719766208,232,74364063,352579,137438,15584
2026-10-08T06:00:24Z,2727447177,2599,516582111,1904912,567785,30061
2026-10-08T06:00:24Z,2729513759,1075,1717058647,2318129,494087,77426
2026-10-08T06:00:24Z,2754593977,2066,755771432,1001073,210773,34100
2026-10-08T06:00:24Z,2765784373,2065,91550148,536756,212280,13879
2026-10-08T06:00:24Z,2783797267,4689,713992880,8213139,377245,45360
2026-10-08T06:00:24Z,2788648141,1420,1011232368,2170299,1281511,120727
2026-10-08T06:00:24Z,2799421838,621,77478741,1518418,4502,588
2026-10-08T06:00:24Z,2802559498,157,356206816,880384,339899,38883
2026-10-08T06:00:24Z,2805713501,387,797964533,806234,190463,42207
2026-10-08T06:00:24Z,2820580801,214,329420818,408279,398592,50675
2026-10-08T06:00:24Z,2821905072,974,280929910,5801106,218882,8056
2026-10-08T06:00:24Z,2822776643,2708,144926563,241358,157856,15078
2026-10-08T06:00:24Z,2826640183,213,770417399,690921,188362,44663
2026-10-08T06:00:24Z,2827951974,500,816672120,692263,118778,28655
2026-10-08T06:00:24Z,2839156349,226,15586739,25374,5981,2054
2026-10-08T06:00:24Z,2851381018,4215,865407997,1444308,669175,45132
2026-10-08T06:00:24Z,2862098693,1306,158917620,458233,95202,27653
2026-10-08T06:00:24Z,2872881913,787,379656090,1134812,156367,24513
2026-10-08T06:00:24Z,2916593387,457,184027632,498200,190941,38386
2026-10-08T06:00:24Z,2936053166,9710,2274475830,1867697,1521796,101691
2026-10-08T06:00:24Z,2943850166,2732,141111145,97913,58671,4554
2026-10-08T06:00:24Z,2954818192,1493,447649815,8753966,71012,11692
2026-10-08T06:00:24Z,2955322961,507,1030245315,1163330,1217343,104572
2026-10-08T06:00:24Z,2970472544,303,583875523,26588509,103956,33476
2026-10-08T06:00:24Z,2979369058,1111,182240835,285549,93282,19896
2026-10-08T06:00:24Z,2992873140,1831,1440078110,1036060,494925,82695
2026-10-08T06:00:24Z,3012965062,1860,682084253,6508541,563729,53699
2026-10-08T06:00:24Z,3013715655,255,331058367,2673098,196555,18318
2026-10-08T06:00:24Z,3032132418,117,79099265,96492,39085,9541
2026-10-08T06:00:24Z,3047037061,1053,154814352,157014,84863,13155
2026-10-08T06:00:24Z,3056160040,397,985005210,1422238,460156,95020
2026-10-08T06:00:24Z,3060525991,426,70706623,83938,23722,11193
2026-10-08T06:00:24Z,3064619271,248,19602163,94010,41267,6010
2026-10-08T06:00:24Z,3079618996,3924,815755163,1159930,305335,41543
2026-10-08T06:00:24Z,3085257211,2723,5137561326,3871831,1537939,303794
2026-10-08T06:00:24Z,3088609243,690,752756065,623267,107445,35798
2026-10-08T06:00:24Z,3097803944,1122,380016845,190756,35059,21023
2026-10-08T06:00:24Z,3108473052,325,334907608,1082141,483346,30209
2026-10-08T06:00:24Z,3110388936,1875,92862760,311429,180362,19292
2026-10-08T06:00:24Z,3114128441,165,119923543,141835,60285,19806
2026-10-08T06:00:24Z,3116863918,205,19419241,38730,10856,2252
2026-10-08T06:00:24Z,3124818385,488,92072037,275562,70274,5980
2026-10-08T06:00:24Z,3132040251,178,514418368,547244,267290,55354
2026-10-08T06:00:24Z,3149100453,436,245636895,1335383,184950,54554
2026-10-08T06:00:24Z,3164075108,1799,289518790,749646,499278,28216
2026-10-08T06:00:24Z,3168615253,592,547536327,739421,448819,113828
2026-10-08T06:00:24Z,3170483284,185,72416814,211870,55359,15662
2026-10-08T06:00:24Z,3171190217,188,239035208,885813,251698,12259
2026-10-08T06:00:24Z,3177453609,585,216849187,512861,110696,11915
2026-10-08T06:00:24Z,3178326002,115,29659095,20095,7280,1202
2026-10-08T06:00:24Z,3183403065,1749,2513110124,1398171,723581,65228
2026-10-08T06:00:24Z,3183742847,86,631707246,517743,178637,74333
2026-10-08T06:00:24Z,3187874989,2377,189102706,252317,86033,14519
2026-10-08T06:00:24Z,3191268194,736,1364385588,5591892,1054155,48572
2026-10-08T06:00:24Z,3195917432,234,68268592,122045,52088,7369
2026-10-08T06:00:24Z,3198546127,451,81987997,147703,27911,3385
2026-10-08T06:00:24Z,3204175584,1438,1210787841,1050431,225523,36756
2026-10-08T06:00:24Z,3210778402,403,121835866,108264,10902,3681
2026-10-08T06:00:24Z,3218272328,403,86102732,267931,35262,7649
2026-10-08T06:00:24Z,3219620210,383,38682677,81148,19503,4243
2026-10-08T06:00:24Z,3227754471,140,77352287,160150,35436,6648
2026-10-08T06:00:24Z,3232838484,226,91612517,137023,46775,3871
2026-10-08T06:00:24Z,3240075297,13397,8820813702,3657552,1147040,186121
2026-10-08T06:00:24Z,3258873704,503,431541555,285171,143513,49638
2026-10-08T06:00:24Z,3261058889,260,16425112,73053,18510,3349
2026-10-08T06:00:24Z,3262314006,611,549030814,854739,556033,38181
2026-10-08T06:00:24Z,3264293423,69,235222533,686049,173733,18157
2026-10-08T06:00:24Z,3264581003,530,120510711,197603,103533,26036
2026-10-08T06:00:24Z,3267012194,840,327863389,1088880,266411,40323
2026-10-08T06:00:24Z,3274669156,160,70649542,683084,87262,14304
2026-10-08T06:00:24Z,3289847355,155,31551929,43343,15921,3676
2026-10-08T06:00:24Z,3293514480,475,210979059,600111,190267,40283
2026-10-08T06:00:24Z,3293525400,204,75747296,312166,120606,15087
2026-10-08T06:00:24Z,3308103880,3115,1838233555,2118322,493944,77318
2026-10-08T06:00:24Z,3310460039,6649,4724374827,105230129,405303,263472
2026-10-08T06:00:24Z,3311164447,464,42377183,20380,4295,1642
2026-10-08T06:00:24Z,3317064564,298,79629815,626397,230810,19911
2026-10-08T06:00:24Z,3317679266,2075,5244827443,4439207,3697670,279176
2026-10-08T06:00:24Z,3317771874,50406,2661230942,2204163,3069359,170500
2026-10-08T06:00:24Z,3322582746,124,72868137,91064,29174,13681
2026-10-08T06:00:24Z,3344795851,244,448582564,276351,47071,33342
2026-10-08T06:00:24Z,3346892457,889,455698268,198705,25296,10936
2026-10-08T06:00:24Z,3347455347,240,67901283,317018,122526,19625
2026-10-08T06:00:24Z,3354479870,182,166449568,291484,94468,16991
2026-10-08T06:00:24Z,3359505957,2788,210432894,329129,126499,9919
2026-10-08T06:00:24Z,3365661357,391,499118168,734858,404985,53593
2026-10-08T06:00:24Z,3371147486,230,207877719,193252,36113,13468
2026-10-08T06:00:24Z,3384187191,85,67447275,73599,29821,8270
2026-10-08T06:00:24Z,3405618667,1491,1535579943,3296310,1593381,137792
2026-10-08T06:00:24Z,3408154779,273,101704889,178718,69733,11442
2026-10-08T06:00:24Z,3417194043,361,8054997,34642,8492,11055
2026-10-08T06:00:24Z,3419284255,1629,420319866,866438,456672,45941
2026-10-08T06:00:24Z,3420059569,1052,970751083,27491597,97076,96109
2026-10-08T06:00:24Z,3421408084,327,616857657,635145,355024,81317
2026-10-08T06:00:24Z,3426175130,764,257351932,110080,25077,11107
2026-10-08T06:00:24Z,3441153192,88,30346215,27438,4876,4706
2026-10-08T06:00:24Z,3448264866,1561,70577010,357143,131713,6982
2026-10-08T06:00:24Z,3457700596,1861,1072914873,1008963,1137259,129900
2026-10-08T06:00:24Z,3472652814,202,42750897,73531,21022,3402
2026-10-08T06:00:24Z,3472976893,1110,193614942,3676280,64176,14637
2026-10-08T06:00:24Z,3475191052,73,401780397,693220,267056,25172
2026-10-08T06:00:24Z,3476371299,282,978624858,1366039,1570644,63821
2026-10-08T06:00:24Z,3494556606,277,521591772,1991333,882165,32601
2026-10-08T06:00:24Z,3502524667,411,767503823,3696993,80294,47841
2026-10-08T06:00:24Z,3507461489,129,21158176,35972,11623,1669
2026-10-08T06:00:24Z,3508322461,63537,7528250291,3084486,2630796,420829
2026-10-08T06:00:24Z,3512256796,1436,41952130,342966,183342,6226
2026-10-08T06:00:24Z,3515267380,769,183728192,440673,124027,41128
2026-10-08T06:00:24Z,3536173216,54,96231177,55478,10183,7641
2026-10-08T06:00:24Z,3541611379,3179,417344869,338271,333998,20165
2026-10-08T06:00:24Z,3551414857,316,639032095,1334662,547885,68947
2026-10-08T06:00:24Z,3560583071,334,316013789,257402,55079,16501
2026-10-08T06:00:24Z,3608594708,898,426301499,678213,1022930,37128
2026-10-08T06:00:24Z,3620011279,319,216577261,724386,423116,37686
2026-10-08T06:00:24Z,3623695803,552,70479642,66258,33108,3264
2026-10-08T06:00:24Z,3624423521,806,934649939,627964,373193,53930
2026-10-08T06:00:24Z,3626363135,184,39315696,69959,25856,7867
2026-10-08T06:00:24Z,3634139746,488,164490783,98543,50634,20017
2026-10-08T06:00:24Z,3647333358,26046,9272577110,8300327,3241665,210971
2026-10-08T06:00:24Z,3661343497,493,202357312,253756,72648,6225
2026-10-08T06:00:24Z,3666294218,528,60604664,422628,121025,15571
2026-10-08T06:00:24Z,3704826615,563,13360548,56977,17255,11072
2026-10-08T06:00:24Z,3706757136,249,39081688,116480,49131,7075
2026-10-08T06:00:24Z,3717250353,605,183113282,564633,218381,32951
2026-10-08T06:00:24Z,3717264063,238,631660230,2224215,760122,66496
2026-10-08T06:00:24Z,3725528263,306,107717786,139906,33799,14926
2026-10-08T06:00:24Z,3730079862,2435,60465629,492397,163409,14259
2026-10-08T06:00:24Z,3734304510,1112,441264414,462620,278145,50608
2026-10-08T06:00:24Z,3741075732,290,54419906,445905,105442,16237
2026-10-08T06:00:24Z,3746418487,2769,336235846,414970,71275,15823
2026-10-08T06:00:24Z,3747388906,540,48227934,284330,46739,8181
2026-10-08T06:00:24Z,3749444437,651,80378180,10124765,15761,2880
2026-10-08T06:00:24Z,3754482795,3396,1300396747,4621661,354183,44293
2026-10-08T06:00:24Z,3756501373,1436,718121969,443236,417369,32954
2026-10-08T06:00:24Z,3759884822,654,140676792,127133,46119,4084
2026-10-08T06:00:24Z,3761186887,483,437377655,2335420,589551,51651
2026-10-08T06:00:24Z,3764631130,698,38467613,67312,9251,2500
2026-10-08T06:00:24Z,3808081382,31697,19371779419,7692983,5316924,1030166
2026-10-08T06:00:24Z,3808223175,647,723663332,3272380,1840155,60448
2026-10-08T06:00:24Z,3826087550,185,35005970,140956,43574,14643
2026-10-08T06:00:24Z,3835375262,471,250112552,237143,36120,5821
2026-10-08T06:00:24Z,3837114739,309,43877712,155313,43733,4236
2026-10-08T06:00:24Z,3841172115,333,159833517,718858,98715,11380
2026-10-08T06:00:24Z,3846592040,333,136410999,183669,63703,17450
2026-10-08T06:00:24Z,4260784961,11,24001351,77661,27883,5061
2026-10-08T06:00:24Z,4263371487,448,124699802,226879,82470,13347
2026-10-08T06:00:24Z,4263576532,511,191136505,491961,518297,36275
2026-10-08T06:00:24Z,4267277633,1472,612314466,15972033,28575,32459
2026-10-08T06:00:24Z,4275891591,188,55965575,101605,31824,10542
2026-10-08T06:00:24Z,4282689669,187,41514548,972006,24133,6371
2026-10-08T06:00:24Z,4283416256,258,24537378,140222,38710,8782
2026-10-08T06:00:24Z,4293374620,4590,1577594973,1106361,461563,105520
2026-10-08T06:00:24Z,4330936850,125,74227137,115973,54112,14519
2026-10-08T06:00:24Z,4342047058,7678,607203690,1326754,524601,32744
2026-10-08T06:00:24Z,4343544885,794,130533833,2836936,396470,10743
2026-10-08T06:00:24Z,4346424098,209,104813262,175271,42536,9403
2026-10-08T06:00:24Z,4348829796,4041,2715684687,11606101,571048,105538
2026-10-08T06:00:24Z,4356309501,201,12957260,11202,5476,1228
2026-10-08T06:00:24Z,4362587875,552,590756802,783246,207630,46064
2026-10-08T06:00:24Z,4362771421,294,402280890,501176,173589,30928
2026-10-08T06:00:24Z,4365819446,1065,552501472,21491991,134772,14778
2026-10-08T06:00:24Z,4367208330,540,490656214,1648151,730029,111535
2026-10-08T06:00:24Z,4391829435,819,390856564,4263432,350010,21294
2026-10-08T06:00:24Z,4403361086,154,185461377,955830,319888,18667
2026-10-08T06:00:24Z,4408288935,359,55736839,284230,76161,6909
2026-10-08T06:00:24Z,4419888429,149,27020951,54033,14748,3885
2026-10-08T06:00:24Z,4420562665,4787,92750903,382495,80294,8049
2026-10-08T06:00:24Z,4429851038,242,357639902,11617610,122274,11885
2026-10-08T06:00:24Z,4430449940,216,315941163,528577,465651,38548
2026-10-08T06:00:24Z,4434528807,564,796247893,722910,251087,43997
2026-10-08T06:00:24Z,4444526080,257,163902984,601951,164625,39841
2026-10-08T06:00:24Z,4452297356,4622,773138708,874924,259731,28542
2026-10-08T06:00:24Z,4457060041,397,145505369,233361,96026,13766
2026-10-08T06:00:24Z,4462613685,2873,28862849,177800,18028,6114
2026-10-08T06:00:24Z,4491246195,1602,461911502,690674,214138,22540
2026-10-08T06:00:24Z,4497460596,467,183417930,161010,94481,15173
2026-10-08T06:00:24Z,4507116437,183,30374691,52067,7235,1451
2026-10-08T06:00:24Z,4511892440,62,41421948,102469,4378,846
2026-10-08T06:00:24Z,4512331818,74,26943145,82948,24488,8033
2026-10-08T06:00:24Z,4518152312,437,317729437,14822212,12506,11095
2026-10-08T06:00:24Z,4518160318,2145,658302392,1206083,722390,21988
2026-10-08T06:00:24Z,4523856444,1565,1365543464,1740300,1634606,180319
2026-10-08T06:00:24Z,4524605690,329,258020733,84028,18908,18631
2026-10-08T06:00:24Z,4535642329,13,31968421,600308,110417,14593
2026-10-08T06:00:24Z,4538598064,472,217903389,3905752,191215,13899
2026-10-08T06:00:24Z,4540138978,5940,2374571709,67380623,329015,50060
2026-10-08T06:00:24Z,4540494160,292,268612911,361037,505326,22286
2026-10-08T06:00:24Z,4543855070,678,231197134,288988,83421,13085
2026-10-08T06:00:24Z,4552793904,139,354797089,229116,189266,27848
2026-10-08T06:00:24Z,4557322431,787,59664095,209906,96120,9255
2026-10-08T06:00:24Z,4563062026,132,94648895,149546,38173,4461
2026-10-08T06:00:24Z,4568630521,2629,1747487552,1623036,1132899,191880
2026-10-08T06:00:24Z,4571439504,394,104270996,250185,171070,31682
2026-10-08T06:00:24Z,4576226059,278,270247067,235012,41747,7415
2026-10-08T06:00:24Z,4579085368,918,192087215,1081017,198508,17095
2026-10-08T06:00:24Z,4582358979,1407,1321779423,1029324,1243570,67313
2026-10-08T06:00:24Z,4586990985,340,17997602,66769,26601,2839
2026-10-08T06:00:24Z,4590309504,237,24673476,23975,14473,4720
2026-10-08T06:00:24Z,4592676978,974,33567927,97408,21412,19625
2026-10-08T06:00:24Z,4595016786,2402,615160013,771188,103873,14563
2026-10-08T06:00:24Z,4599924264,905,733906510,297434,40320,38378
2026-10-08T06:00:24Z,4601145322,341,106680239,8678059,94649,14632
2026-10-08T06:00:24Z,4652005960,332,58178582,88192,27607,4964
2026-10-08T06:00:24Z,4654951132,34,14861370,15319,8282,1335
2026-10-08T06:00:24Z,4658598196,10477,1153258666,1504290,1422503,59689
2026-10-08T06:00:24Z,4659996100,319,99248960,59635,11179,8097
2026-10-08T06:00:24Z,4666164093,212,61763284,42506,8368,2445
2026-10-08T06:00:24Z,4666414595,263,6336881,72752,47618,2719
2026-10-08T06:00:24Z,4669328522,2098,400278589,222981,44726,14071
2026-10-08T06:00:24Z,4669435504,287,379255006,558568,219393,34747
2026-10-08T06:00:24Z,4673599750,2520,559648741,518160,192267,28644
2026-10-08T06:00:24Z,4676287985,455,78248902,316638,121523,11188
2026-10-08T06:00:24Z,4679222104,150,115985291,120283,38166,20372
2026-10-08T06:00:24Z,4686994428,1832,204925057,6649324,44205,6248
2026-10-08T06:00:24Z,4689722433,4124,626370477,771049,238139,23385
2026-10-08T06:00:24Z,4712109542,181,36185164,307906,81779,14154
2026-10-08T06:00:24Z,4712126054,198,61586970,398177,170616,8307
2026-10-08T06:00:24Z,4720386144,589,124599186,630789,126275,11882
2026-10-08T06:00:24Z,4723764956,4184,597390974,935184,521633,35097
2026-10-08T06:00:24Z,4730278139,8153,1458475002,1369361,1398588,207459
2026-10-08T06:00:24Z,4734880740,260,16153840,381208,17942,2242
2026-10-08T06:00:24Z,4743794878,206,112425270,36713,26186,4841
2026-10-08T06:00:24Z,4750561026,4465,50306168,331856,198283,22098
2026-10-08T06:00:24Z,4753878751,316,542516054,4555116,315750,23192
2026-10-08T06:00:24Z,4772345874,1403,41593851,41211,8240,1240
2026-10-08T06:00:24Z,4777817887,10234,6473897208,12994072,8455758,591662
2026-10-08T06:00:24Z,4778845442,2460,6191632128,1541136,1346733,227219
2026-10-08T06:00:24Z,4785126950,251,33656012,238769,68144,13557
2026-10-08T06:00:24Z,4785982047,668,225186655,3127784,1660291,27121
2026-10-08T06:00:24Z,4793836769,2598,316585825,6647828,987454,25127
2026-10-08T06:00:24Z,4795326392,440,404646691,647763,1383418,38455
2026-10-08T06:00:24Z,4807308814,1823,1042390213,878694,346507,56193
2026-10-08T06:00:24Z,4835576249,285,298546002,282634,65395,9183
2026-10-08T06:00:24Z,4836254499,832,37086419,125748,48957,12600
2026-10-08T06:00:24Z,4839802560,10452,4014045667,15792468,945176,100552
2026-10-08T06:00:24Z,4850044287,3322,722670034,1464818,188733,32321
2026-10-08T06:00:24Z,4851783408,126,248435821,238027,134113,26092
2026-10-08T06:00:24Z,4858558391,623,68823537,577969,105867,13897
2026-10-08T06:00:24Z,4862269388,472,143163824,149604,35794,16917
2026-10-08T06:00:24Z,4864117649,818,440620067,961956,650957,70071
2026-10-08T06:00:24Z,4871329703,363,818654412,555084,398464,98357
2026-10-08T06:00:24Z,4885171702,148,115484572,8414960,34910,19996
2026-10-08T06:00:24Z,4901806610,313,450334911,410156,308049,52325
2026-10-08T06:00:24Z,4908792642,495,1946303078,8521132,947886,293564
2026-10-08T06:00:24Z,4924789901,3807,119636251,174003,37661,5417
2026-10-08T06:00:24Z,4925010421,675,92897770,905813,192595,16087
2026-10-08T06:00:24Z,4925331346,2627,329499503,517335,236335,9697
2026-10-08T06:00:24Z,4931927012,1940,768950816,696622,666874,105685
2026-10-08T06:00:24Z,4931991343,267,75905234,3258244,6012,4805
2026-10-08T06:00:24Z,4938220315,834,481953790,754704,189238,15737
2026-10-08T06:00:24Z,4944984948,1587,306487862,181516,8777,4078
2026-10-08T06:00:24Z,4948814458,245,357056325,23022576,47583,15107
2026-10-08T06:00:24Z,4949420752,7397,1694499102,807022,494087,90208
2026-10-08T06:00:24Z,4956911744,353,173326836,23324449,10807,5169
2026-10-08T06:00:24Z,4960950398,271,75940548,171408,97216,11228
2026-10-08T06:00:24Z,4983034985,5259,293304136,873347,120887,28370
2026-10-08T06:00:24Z,4987467534,349,212654874,564602,146405,13659
2026-10-08T06:00:24Z,4987856151,6910,127887550,532201,376741,12325
2026-10-08T06:00:24Z,4990998060,145,436380020,20818140,310196,22091
2026-10-08T06:00:24Z,4991126644,693,4615240,12138,8695,931
2026-10-08T06:00:24Z,4991821731,1969,654172307,932938,101546,19541
2026-10-08T06:00:24Z,4996628751,224,108776910,7534691,20621,4153
2026-10-08T06:00:24Z,4998493959,1672,263139443,19697907,6380,4390
2026-10-08T06:00:24Z,4998613478,248,186307741,347838,164071,7633
2026-10-08T06:00:24Z,5012222382,364,1046562295,1825521,695504,96591
2026-10-08T06:00:24Z,5026122481,2045,274899543,899346,167221,17653
2026-10-08T06:00:24Z,5026970880,784,393045742,6399333,319659,35851
2026-10-08T06:00:24Z,5027504417,76,6800330,57998,20801,2743
2026-10-08T06:00:24Z,5031482529,251,523977330,32117663,18818,14880
2026-10-08T06:00:24Z,5039839070,3914,355555016,521442,304851,40943
2026-10-08T06:00:24Z,5049569843,337,135436422,533607,146300,7066
2026-10-08T06:00:24Z,5056259915,377,59853442,229173,74323,6714
2026-10-08T06:00:24Z,5074882778,980,83139638,87894,15475,4506
2026-10-08T06:00:24Z,5080118977,147,33306558,86196,27687,4124
2026-10-08T06:00:24Z,5091490171,850,93003076,315951,107754,11844
2026-10-08T06:00:24Z,5092535555,250,74531298,334352,48070,5011
2026-10-08T06:00:24Z,5096440156,1469,552368380,665530,145724,30938
2026-10-08T06:00:24Z,5108158764,508,13773377,194400,58429,4571
2026-10-08T06:00:24Z,5111507958,850,156479627,7746573,111646,9253
2026-10-08T06:00:24Z,5112244393,1149,403943376,2906858,201130,47634
2026-10-08T06:00:24Z,5114328099,148,127882102,100029,61925,6442
2026-10-08T06:00:24Z,5117983607,1329,230832562,185886,115560,17822
2026-10-08T06:00:24Z,5148099079,326,627717633,2126552,363759,143478
2026-10-08T06:00:24Z,5153268250,200,111628713,181963,27236,6512
2026-10-08T06:00:24Z,5166944221,3520,1635782377,1771009,2981230,121587
2026-10-08T06:00:24Z,5170731021,424,231676997,471455,712125,25521
2026-10-08T06:00:24Z,5174979552,347,92398285,5577054,337859,12525
2026-10-08T06:00:24Z,5195168716,355,103571032,667761,149575,41312
2026-10-08T06:00:24Z,5195680485,114,73859861,150629,46357,6400
2026-10-08T06:00:24Z,5200655965,411,329183244,444076,241363,71222
2026-10-08T06:00:24Z,5203828273,24206,11117101421,7552990,4019737,418844
2026-10-08T06:00:24Z,5206433511,386,146877097,1932154,261401,48360
2026-10-08T06:00:24Z,5207621753,914,102091464,82483,172354,4710
2026-10-08T06:00:24Z,5208051158,596,172424050,2066580,116905,16638
2026-10-08T06:00:24Z,5216419122,564,319382433,8991287,200760,42666
2026-10-08T06:00:24Z,5233689103,784,7779451,8122,1889,331
2026-10-08T06:00:24Z,5239362765,2165,398720214,504895,170581,70081
2026-10-08T06:00:24Z,5244979723,269,23983671,238369,15189,3381
2026-10-08T06:00:24Z,5247232141,811,76780023,3733431,12867,5381
2026-10-08T06:00:24Z,5252919404,249,118544414,77501,40502,6460
2026-10-08T06:00:24Z,5254920366,2530,1155786133,1043349,295294,51069
2026-10-08T06:00:24Z,5259044414,197,68716289,95042,50247,8544
2026-10-08T06:00:24Z,5265857965,2876,509759794,5783463,476781,72715
2026-10-08T06:00:24Z,5265950669,1175,304065095,205421,112922,14705
2026-10-08T06:00:24Z,5269058522,232,41724747,186159,50093,7766
2026-10-08T06:00:24Z,5270259419,236,123654460,119432,57038,35450
2026-10-08T06:00:24Z,5272606478,781,135769360,8900713,228626,18186
2026-10-08T06:00:24Z,5283219861,7763,369378581,297923,76666,10506
2026-10-08T06:00:24Z,5295169598,339,255942758,2266846,489466,12442
2026-10-08T06:00:24Z,5295289103,179,118435491,6859172,152960,13789
2026-10-08T06:00:24Z,5315312115,276,10677136,93444,14847,2229
2026-10-08T06:00:24Z,5326310507,232,138774423,7882667,60286,8155
2026-10-08T06:00:24Z,5329077236,359,739190080,1772058,499726,37391
2026-10-08T06:00:24Z,5329644515,186,64740872,86772,7966,1246
2026-10-08T06:00:24Z,5345619122,285,90859250,150507,52857,8845
2026-10-08T06:00:24Z,5351168809,1526,99458873,100504,8827,2510
2026-10-08T06:00:24Z,5351931175,306,26130670,338816,90782,5059
2026-10-08T06:00:24Z,5359468080,169,211187534,165831,21213,5539
2026-10-08T06:00:24Z,5361032378,31641,2218039787,1023650,1423973,134064
2026-10-08T06:00:24Z,5365966699,1777,122792309,145749,46637,6051
2026-10-08T06:00:24Z,5367389312,1579,404502650,2081094,169018,14559
2026-10-08T06:00:24Z,5369242581,125,77268097,1147578,52116,15471
2026-10-08T06:00:24Z,5371127625,132,93880494,32563,42626,5205
2026-10-08T06:00:24Z,5371687033,177,9425741,111566,29482,15051
2026-10-08T06:00:24Z,5379950946,116,61079288,810110,33059,5645
2026-10-08T06:00:24Z,5385674359,864,526500683,378793,271409,103385
2026-10-08T06:00:24Z,5386253062,199,41282005,227061,31273,2688
2026-10-08T06:00:24Z,5407131262,495,260179340,753896,175911,32942
2026-10-08T06:00:24Z,5421899973,999,389671592,14197676,373011,28592
2026-10-08T06:00:24Z,5422546686,1214,369176769,2251414,485994,21951
2026-10-08T06:00:24Z,5432177771,115,48890542,45028,22547,11022
2026-10-08T06:00:24Z,5451143054,1884,256064720,3597550,262148,55343
2026-10-08T06:00:24Z,5455619189,371,73709049,190811,94269,18412
2026-10-08T06:00:24Z,5456952508,926,112945682,210070,84959,23610
2026-10-08T06:00:24Z,5479285260,199,58551554,10365746,5041,2541
2026-10-08T06:00:24Z,5484165112,164,219851819,12965893,115147,10835
2026-10-08T06:00:24Z,5488708927,135,7575978,21711,5895,992
2026-10-08T06:00:24Z,5492723512,384,86885501,1842402,56576,18515
2026-10-08T06:00:24Z,5493012775,104,100576017,1687877,106664,42242
2026-10-08T06:00:24Z,5508238359,1234,118423760,2001781,66016,20741
2026-10-08T06:00:24Z,5518683179,102,108967497,468128,230563,8182
2026-10-08T06:00:24Z,5544551093,548,246995161,509090,261629,23035
2026-10-08T06:00:24Z,5549835355,239,115895010,248773,287653,7088
2026-10-08T06:00:24Z,5550530788,234,538496422,190223,68478,21722
2026-10-08T06:00:24Z,5568657754,609,51027410,99293,31203,5574
2026-10-08T06:00:24Z,5569032992,70043,7569166845,4691491,1721635,248246
2026-10-08T06:00:24Z,5576890130,194,172047727,7472313,22077,10349
2026-10-08T06:00:24Z,5576955991,612,93763051,235296,200616,7160
2026-10-08T06:00:24Z,5578556129,22230,2061203964,1998076,2589314,87362
2026-10-08T06:00:24Z,5580972377,1734,148989561,619603,695840,25220
2026-10-08T06:00:24Z,5595353122,50935,113631679,497252,919221,20389
2026-10-08T06:00:24Z,5596056495,130,111311450,222418,44245,5216
2026-10-08T06:00:24Z,5599532653,491,98275809,105573,48434,9036
2026-10-08T06:00:24Z,5620182793,310,599477634,2392443,232519,51993
2026-10-08T06:00:24Z,5620725145,212,67921272,87013,23653,10167
2026-10-08T06:00:24Z,5625220213,156,76516564,43589,27127,18664
2026-10-08T06:00:24Z,5633615594,1408,27590373,146744,28533,4798
2026-10-08T06:00:24Z,5650396773,7266,2578622180,2319656,2030508,224021
2026-10-08T06:00:24Z,5655148138,163,24381394,47394,11674,819
2026-10-08T06:00:24Z,5665943560,1103,146730306,17452095,18382,3677
2026-10-08T06:00:24Z,5665954430,260,93436879,935130,217594,15866
2026-10-08T06:00:24Z,5666473198,1731,444008180,143024,106287,19104
2026-10-08T06:00:24Z,5668114043,646,248787559,758296,171742,25293
2026-10-08T06:00:24Z,5668874170,179,26593368,42714,17455,8125
2026-10-08T06:00:24Z,5677613211,1634,630881943,28267641,1103471,61415
2026-10-08T06:00:24Z,5678284602,507,153366327,887230,477956,24752
2026-10-08T06:00:24Z,5678463488,177,72720269,1774250,153106,11773
2026-10-08T06:00:24Z,5678594929,113,50715160,69480,11811,6361
2026-10-08T06:00:24Z,5679753654,173,70032567,1124808,27535,5802
2026-10-08T06:00:24Z,5683563195,317,169756396,252296,168254,13348
2026-10-08T06:00:24Z,5688684783,678,144898620,13521081,29664,6335
2026-10-08T06:00:24Z,5693963765,77,68076176,62160,17643,4935
2026-10-08T06:00:24Z,5698013839,455,72655967,285612,154263,10356
2026-10-08T06:00:24Z,5720553711,4611,767245579,3179846,242437,22595
2026-10-08T06:00:24Z,5728147388,515,296974001,346007,115311,18464
2026-10-08T06:00:24Z,5731967654,229,189337984,334543,95687,22877
2026-10-08T06:00:24Z,5747152246,136,61051847,1774238,16984,4310
2026-10-08T06:00:24Z,5750914919,48706,4989402333,3666278,3042797,309328
2026-10-08T06:00:24Z,5753515186,138,64670025,346050,70022,26375
2026-10-08T06:00:24Z,5782268341,250,46566959,438958,70399,7315
2026-10-08T06:00:24Z,5795519964,534,161047354,68922,12355,5573
2026-10-08T06:00:24Z,5803199989,223,162248477,640884,55420,16098
2026-10-08T06:00:24Z,5805053299,398,137756103,329139,84786,9154
2026-10-08T06:00:24Z,5806843156,799,177852973,211707,50011,11598
2026-10-08T06:00:24Z,5807622548,1529,325797816,412110,200218,14542
2026-10-08T06:00:24Z,5812546130,263,26210689,66204,22648,5798
2026-10-08T06:00:24Z,5822068820,981,172254022,439785,105519,9112
2026-10-08T06:00:24Z,5827120940,369,197576461,3792986,359704,11249
2026-10-08T06:00:24Z,5829613337,1525,372474714,892548,360658,28720
2026-10-08T06:00:24Z,5830262966,887,305389386,1218271,246948,17334
2026-10-08T06:00:24Z,5835368537,251,158994638,140521,112076,16392
2026-10-08T06:00:24Z,5844427042,923,85677978,2221864,43031,9876
2026-10-08T06:00:24Z,5845755850,334,126057447,3406743,43139,10118
2026-10-08T06:00:24Z,5851294352,208,8401802,121191,28028,779
2026-10-08T06:00:24Z,5866227438,1068,370392690,10671185,651612,18393
2026-10-08T06:00:24Z,5866486371,291,15824895,65941,25295,1946
2026-10-08T06:00:24Z,5867087288,149,46776394,50639,7140,2688
2026-10-08T06:00:24Z,5877971206,194,65348270,207821,74182,10965
2026-10-08T06:00:24Z,5887211857,1679,306032260,218591,40523,5661
2026-10-08T06:00:24Z,5902539844,32,6969722,190518,17220,3427
2026-10-08T06:00:24Z,5903289376,1077,92047741,213378,34217,4287
2026-10-08T06:00:24Z,5905501282,88,84986740,1756531,108455,25793
2026-10-08T06:00:24Z,5910910774,227,120542447,181173,130643,10754
2026-10-08T06:00:24Z,5927446137,169,47954051,620728,48703,11209
2026-10-08T06:00:24Z,5939817752,185,72559691,383756,120460,13554
2026-10-08T06:00:24Z,5944821008,571,61506635,441906,16790,6869
2026-10-08T06:00:24Z,5972059550,1393,831305508,3947159,1111861,40415
2026-10-08T06:00:24Z,5974510967,296,16687957,156760,64094,3839
2026-10-08T06:00:24Z,5974860429,853,152507011,128728,77209,9354
2026-10-08T06:00:24Z,5995470825,13100,1336832398,22180494,1871387,109676
2026-10-08T06:00:24Z,6010232141,1823,385264080,359555,100153,30574
2026-10-08T06:00:24Z,6011188518,267,47065025,231258,136769,9012
2026-10-08T06:00:24Z,6015491985,1839,380319299,231846,89278,11712
2026-10-08T06:00:24Z,6017624138,2012,132599082,811112,41287,4189
2026-10-08T06:00:24Z,6019027471,1260,355589364,11321114,52464,7379
2026-10-08T06:00:24Z,6026405541,632,58002959,134487,41100,6098
2026-10-08T06:00:24Z,6030909708,407,123315894,21698863,4221,1489
2026-10-08T06:00:24Z,6035872082,66450,18583998080,94120593,10724639,723354
2026-10-08T06:00:24Z,6048923315,792,107619797,221018,196081,14492
2026-10-08T06:00:24Z,6049736902,2493,86679274,117185,67677,7800
2026-10-08T06:00:24Z,6061766680,2268,570609913,606041,313967,81531
2026-10-08T06:00:24Z,6069634717,1153,193227901,260291,408691,11668
2026-10-08T06:00:24Z,6072944764,532,60645698,74722,37001,4682
2026-10-08T06:00:24Z,6083162964,325,53136232,122843,46724,4913
2026-10-08T06:00:24Z,6097519616,393,126738123,533515,329330,32353
2026-10-08T06:00:24Z,6100103590,398,3950204,49941,9774,1110
2026-10-08T06:00:24Z,6113928308,489,90482150,477411,137292,10733
2026-10-08T06:00:24Z,6118645803,285,24405462,196605,17724,3690
2026-10-08T06:00:24Z,6119928106,326,32100909,78381,12477,3606
2026-10-08T06:00:24Z,6128091457,3015,399682789,44236088,157197,11483
2026-10-08T06:00:24Z,6136243726,5209,297659686,187057,25539,13120
2026-10-08T06:00:24Z,6149186864,591,32665231,261307,127258,32779
2026-10-08T06:00:24Z,6153964325,391,192330069,538044,53033,18446
2026-10-08T06:00:24Z,6154386310,795,49185545,221004,55130,15671
2026-10-08T06:00:24Z,6155282395,247,92006540,2850155,37609,12520
2026-10-08T06:00:24Z,6161049307,1413,239695195,987780,760221,25043
2026-10-08T06:00:24Z,6163740913,525,260132047,5533877,268479,48070
2026-10-08T06:00:24Z,6163884815,1108,167958349,20033325,2213,1194
2026-10-08T06:00:24Z,6164853651,431,273603474,227143,45505,11416
2026-10-08T06:00:24Z,6170013953,213,155069870,1449330,83242,36973
2026-10-08T06:00:24Z,6170143659,2354,874812751,1240533,351837,16129
2026-10-08T06:00:24Z,6174407103,230,93574142,3080500,112756,6122
2026-10-08T06:00:24Z,6174994284,1623,210096744,352714,299504,19704
2026-10-08T06:00:24Z,6176333237,12486,119228085,43560,8774,988
2026-10-08T06:00:24Z,6190071862,1262,69608775,231537,83324,11566
2026-10-08T06:00:24Z,6190248755,432,81553580,67239,3987,2164
2026-10-08T06:00:24Z,6190384723,316,103649403,554892,34015,5473
2026-10-08T06:00:24Z,6193765296,142,26956584,1337172,203808,5437
2026-10-08T06:00:24Z,6215464786,766,439052707,10604942,140964,27802
2026-10-08T06:00:24Z,6215986499,544,10988329,762740,272950,4466
2026-10-08T06:00:24Z,6216142007,258,59124059,197995,68336,11919
2026-10-08T06:00:24Z,6217832823,276,95545134,3820495,239377,6531
2026-10-08T06:00:24Z,6231868526,161,7372586,39064,12820,2512
2026-10-08T06:00:24Z,6238541028,187,109261498,95767,29835,18103
2026-10-08T06:00:24Z,6268803418,286,80349135,168793,42223,27179
2026-10-08T06:00:24Z,6272727021,1468,16634162,35018,40274,2957
2026-10-08T06:00:24Z,6275120808,585,270399193,387219,245161,71808
2026-10-08T06:00:24Z,6280758286,789,56426680,43280,35266,4985
2026-10-08T06:00:24Z,6283720248,222,61039391,147200,70847,8863
2026-10-08T06:00:24Z,6289989379,265,158778738,22987902,22944,11822
2026-10-08T06:00:24Z,6317476162,801,120085857,145328,125181,7744
2026-10-08T06:00:24Z,6318887244,772,155990962,1145137,182825,6466
2026-10-08T06:00:24Z,6324644175,2833,68241004,363568,153242,20324
2026-10-08T06:00:24Z,6325068386,7915,4986227398,6284627,10238505,356963
2026-10-08T06:00:24Z,6329693946,699,89592761,240625,113650,10487
2026-10-08T06:00:24Z,6331902150,29464,5790431510,3232113,2391082,441076
2026-10-08T06:00:24Z,6332376065,2534,56327951,2263082,7419,1334
2026-10-08T06:00:24Z,6332490386,162,59482648,39970,3739,1717
2026-10-08T06:00:24Z,6336741296,1321,130548600,7328943,349590,13656
2026-10-08T06:00:24Z,6353751159,5349,136724069,229491,106576,5427
2026-10-08T06:00:24Z,6355251723,30,38233901,302503,51507,10692
2026-10-08T06:00:24Z,6369934270,1011,807641012,9677019,374119,59397
2026-10-08T06:00:24Z,6371309794,875,760268594,487686,221221,64070
2026-10-08T06:00:24Z,6375110339,938,154177431,106079,70800,6187
2026-10-08T06:00:24Z,6385532960,3074,27158712,100064,50031,3026
2026-10-08T06:00:24Z,6389489439,476,163042118,20200032,7497,2375
2026-10-08T06:00:24Z,6395392848,533,22743728,12132,6522,714
2026-10-08T06:00:24Z,6413074235,439,165611511,354619,101863,13127
2026-10-08T06:00:24Z,6417564879,852,435833574,420002,136019,25245
2026-10-08T06:00:24Z,6418247233,222,119264007,4092174,41298,2740
2026-10-08T06:00:24Z,6421358579,818,85306870,93487,43344,5347
2026-10-08T06:00:24Z,6421821251,231,109252361,5316941,281021,8009
2026-10-08T06:00:24Z,6431828693,1056,140313448,446426,132133,5835
2026-10-08T06:00:24Z,6443367640,4589,716791053,6982746,255017,20660
2026-10-08T06:00:24Z,6451948378,865,139072867,964932,68700,15436
2026-10-08T06:00:24Z,6466404775,2813,78805986,142243,252937,12026
2026-10-08T06:00:24Z,6466802953,1534,78170799,601474,47804,5982
2026-10-08T06:00:24Z,6467516221,240,66202520,2573949,28527,5264
2026-10-08T06:00:24Z,6487579144,608,31653374,56292,14579,3534
2026-10-08T06:00:24Z,6491900489,513,578795801,452474,60693,21214
2026-10-08T06:00:24Z,6495484417,502,151468223,11026431,29217,6673
2026-10-08T06:00:24Z,6500439907,61,48702993,159455,48116,13330
2026-10-08T06:00:24Z,6500938341,447,76077572,1340309,221633,4683
2026-10-08T06:00:24Z,6504986360,6725,609735896,291718,494706,16384
2026-10-08T06:00:24Z,6505338302,693,134053306,98721,70522,10845
2026-10-08T06:00:24Z,6508759464,487,457564984,1058141,501042,37608
2026-10-08T06:00:24Z,6521100398,12240,350694145,592692,269587,14018
2026-10-08T06:00:24Z,6530766336,1243,92539131,46387,7289,2422
2026-10-08T06:00:24Z,6535370051,1467,45462974,5239491,24606,2173
2026-10-08T06:00:24Z,6568417585,1571,225108151,1073569,174444,13017
2026-10-08T06:00:24Z,6579282112,674,120923881,8646123,10208,2453
2026-10-08T06:00:24Z,6583326485,1900,140385456,224187,92740,22930
2026-10-08T06:00:24Z,6593476325,1089,172939053,309759,230372,23312
2026-10-08T06:00:24Z,6594435384,507,685261254,2924908,1553376,36245
2026-10-08T06:00:24Z,6596627293,266,43196470,1189757,80533,5860
2026-10-08T06:00:24Z,6599600818,862,122233086,4107101,208905,5972
2026-10-08T06:00:24Z,6601115643,955,179109538,3659247,238290,10562
2026-10-08T06:00:24Z,6619936488,1310,41706041,123168,39518,6443
2026-10-08T06:00:24Z,6621384161,176,86520721,2832786,78687,4078
2026-10-08T06:00:24Z,6628327758,301,30378599,40946,30523,2866
2026-10-08T06:00:24Z,6635513269,2557,13455391,99206,146047,3871
2026-10-08T06:00:24Z,6638489184,207,25742520,705657,3080,1351
2026-10-08T06:00:24Z,6646518350,404,263339445,354997,33685,5842
2026-10-08T06:00:24Z,6649845578,292,57484086,4330689,102017,5802
2026-10-08T06:00:24Z,6651302260,860,432237954,3476017,251358,20559
2026-10-08T06:00:24Z,6657933195,720,289376078,1065589,369796,27402
2026-10-08T06:00:24Z,6676099788,415,67733184,87229,47478,4888
2026-10-08T06:00:24Z,6676452674,223,137794484,155139,127549,10472
2026-10-08T06:00:24Z,6682487255,5039,521965625,232523,426251,10901
2026-10-08T06:00:24Z,6683166603,160,35780865,2040036,25107,1444
2026-10-08T06:00:24Z,6688157118,7895,533746339,1708449,63737,30609
2026-10-08T06:00:24Z,6690355795,1164,32669612,418387,70024,2071
2026-10-08T06:00:24Z,6701277882,72290,4771729922,1288024,1345073,278835
2026-10-08T06:00:24Z,6707924214,417,182233479,3465231,367885,8687
2026-10-08T06:00:24Z,6710993025,392,60708224,1603080,7389,2078
2026-10-08T06:00:24Z,6714256816,144,64610659,139718,125727,7088
2026-10-08T06:00:24Z,6725604380,232,4959496,19582,6896,6290
2026-10-08T06:00:24Z,6726637224,1505,175105633,1644006,168465,25144
2026-10-08T06:00:24Z,6736482454,546,227654967,3807243,965841,40276
2026-10-08T06:00:24Z,6738135827,341,69686840,379435,70824,21768
2026-10-08T06:00:24Z,6739698191,44308,1542534459,1652882,766229,56034
2026-10-08T06:00:24Z,6745933496,343,42597681,127783,34470,12875
2026-10-08T06:00:24Z,6749060816,3486,293486684,1918203,303290,60717
2026-10-08T06:00:24Z,6751400610,493,320260933,7567647,67000,20022
2026-10-08T06:00:24Z,6751447237,1620,156994289,353368,263060,9004
2026-10-08T06:00:24Z,6755261897,156,118600394,118576,60739,22776
2026-10-08T06:00:24Z,6759889410,269,68691862,80931,43616,3906
2026-10-08T06:00:24Z,6760085372,4464,127196098,212121,223113,11010
2026-10-08T06:00:24Z,6760897304,464,49662722,1194403,103368,6449
2026-10-08T06:00:24Z,6764180126,383,248791348,193517,222615,16123
2026-10-08T06:00:24Z,6765805766,21214,1278563027,989240,277250,75613
2026-10-08T06:00:24Z,6770632849,418,142563550,491375,520129,36581
2026-10-08T06:00:24Z,6772885092,328,105349521,11278574,36098,5447
2026-10-08T06:00:24Z,6774320049,5399,279227855,961509,86452,11861
2026-10-08T06:00:24Z,6777528662,188,61760449,516031,184324,14075
2026-10-08T06:00:24Z,6786784563,723,33899899,655396,133949,4039
2026-10-08T06:00:24Z,6787216875,1341,212785687,132963,63898,15861
2026-10-08T06:00:24Z,6787644864,666,117265547,193294,52696,5100
2026-10-08T06:00:24Z,6795084137,141,138107439,9927378,59764,4975
2026-10-08T06:00:24Z,6797677834,285,116070027,16483329,4340,1109
2026-10-08T06:00:24Z,6805295218,216,35769749,130004,19887,3780
2026-10-08T06:00:24Z,6818915584,6229,500751467,44792244,37703,10307
2026-10-08T06:00:24Z,6845400164,339,70143818,585249,35693,9154
2026-10-08T06:00:24Z,6858584271,716,45005505,64967,35879,4998
2026-10-08T06:00:24Z,6859793761,144,29279654,41873,10475,1887
2026-10-08T06:00:24Z,6925303818,544,74156092,272342,930867,20864
2026-10-08T06:00:24Z,6925369391,157,162526397,707154,855054,16607
2026-10-08T06:00:24Z,6931042565,28809,3939370582,5458029,2573027,129984
2026-10-08T06:00:24Z,6935083490,604,103390539,316371,665610,20636
2026-10-08T06:00:24Z,6937137675,896,110091104,155669,23940,4428
2026-10-08T06:00:24Z,6940206974,1594,47902584,3553020,12001,2793
2026-10-08T06:00:24Z,6945584306,4534,586313706,655008,1613610,53648
2026-10-08T06:00:24Z,6949043989,1428,11819182,22397,6534,1316
2026-10-08T06:00:24Z,6961334611,460,97127979,305597,160679,4539
2026-10-08T06:00:24Z,6964415405,144,50925134,148717,43997,15065
2026-10-08T06:00:24Z,6983536246,345,60340561,206700,56422,4684
2026-10-08T06:00:24Z,6996253752,276,17307946,113301,51318,2211
2026-10-08T06:00:24Z,7000924848,302,173759410,180565,41582,3004
2026-10-08T06:00:24Z,7005891584,914,287839093,21714320,138999,10622
2026-10-08T06:00:24Z,7008097940,6944,3345052912,22407270,1247487,327368
2026-10-08T06:00:24Z,7009714292,229,87064399,458026,96170,11831
2026-10-08T06:00:24Z,7015341259,500,44979999,31797,20137,3962
2026-10-08T06:00:24Z,7018190066,9589,6594029523,6130055,3348718,268785
2026-10-08T06:00:24Z,7023305701,205,526129849,36193300,398145,47462
2026-10-08T06:00:24Z,7028566528,5754,1148657671,2237203,7122837,124407
2026-10-08T06:00:24Z,7030416430,240,95375119,7815509,545829,68949
2026-10-08T06:00:24Z,7037673488,315,5092969,5829,5323,994
2026-10-08T06:00:24Z,7037902226,368,20930405,122666,49170,5949
2026-10-08T06:00:24Z,7058980030,2610,633839761,1059438,679708,34471
2026-10-08T06:00:24Z,7069852763,749,127396658,203815,69328,13305
2026-10-08T06:00:24Z,7071645746,152,73334234,3072190,181667,4488
2026-10-08T06:00:24Z,7072674902,296,41305482,245128,54879,9508
2026-10-08T06:00:24Z,7073604286,1217,431451824,446817,39916,32589
2026-10-08T06:00:24Z,7074860883,251,1012977284,2740976,1292212,41385
2026-10-08T06:00:24Z,7076793942,128,88173205,215913,523734,16356
2026-10-08T06:00:24Z,7079152534,124,75934373,4130934,89142,12837
2026-10-08T06:00:24Z,7081611770,494,239166297,5218118,24495,7478
2026-10-08T06:00:24Z,7082244450,211,47174196,187163,39548,5473
2026-10-08T06:00:24Z,7082423811,1132,302159810,1591023,329253,16849
2026-10-08T06:00:24Z,7089588429,26684,628625623,3126553,192964,8824
2026-10-08T06:00:24Z,7091388561,173,133756006,119555,167053,14247
2026-10-08T06:00:24Z,7094518649,5535,375987106,903446,392458,19337
2026-10-08T06:00:24Z,7101140819,422,32758730,118312,60334,9306
2026-10-08T06:00:24Z,7108384194,5133,400739605,719990,136053,22724
2026-10-08T06:00:24Z,7113705633,152,19674335,475388,361581,8351
2026-10-08T06:00:24Z,7114667385,547,80520674,66521,6439,1497
2026-10-08T06:00:24Z,7115773109,811,283417910,1037629,636549,37336
2026-10-08T06:00:24Z,7120911607,456,81682648,528267,110357,6381
2026-10-08T06:00:24Z,7126976930,360,106717755,72975,6393,690
2026-10-08T06:00:24Z,7127084123,1887,161335808,344896,157173,15325
2026-10-08T06:00:24Z,7128163167,589,82679558,139821,33820,4501
2026-10-08T06:00:24Z,7128251171,295,103013587,236538,197855,17046
2026-10-08T06:00:24Z,7139435866,361,44081973,2806318,4416,1847
2026-10-08T06:00:24Z,7139547730,219,54381875,904374,90603,6180
2026-10-08T06:00:24Z,7143545906,1546,89638378,215628,261710,17224
2026-10-08T06:00:24Z,7144947546,190,34403304,108445,21021,5100
2026-10-08T06:00:24Z,7155018773,821,177633880,3918872,24428,5455
2026-10-08T06:00:24Z,7178032757,4856,245889245,152605,232218,5915
2026-10-08T06:00:24Z,7194739190,1326,553119581,325797,28824,18604
2026-10-08T06:00:24Z,7208219743,756,13267766,147157,23955,5835
2026-10-08T06:00:24Z,7212930772,661,193733709,149092,132738,12479
2026-10-08T06:00:24Z,7219654364,20039,1891067302,16707676,267841,39238
2026-10-08T06:00:24Z,7221312013,94,12000986,59425,32171,9518
2026-10-08T06:00:24Z,7229780065,497,153357813,785228,116114,21863
2026-10-08T06:00:24Z,7232697205,257,96229482,129609,39899,12284
2026-10-08T06:00:24Z,7243236309,417,69174182,597390,51891,18731
2026-10-08T06:00:24Z,7247232515,265,27437917,1094251,16979,2319
2026-10-08T06:00:24Z,7258574494,213,23241721,14998,5666,1056
2026-10-08T06:00:24Z,7261493599,195,225541246,307166,325670,19731
2026-10-08T06:00:24Z,7264587281,1970,407808659,1997579,127584,38813
2026-10-08T06:00:24Z,7265339759,513,67636674,372021,148282,15284
2026-10-08T06:00:24Z,7265977477,14627,122120003,9063359,93671,4888
2026-10-08T06:00:24Z,7266261686,304,23922153,49974,13484,4729
2026-10-08T06:00:24Z,7267853694,180,8676727,42779,4964,1501
2026-10-08T06:00:24Z,7274244096,2808,157410592,940330,91573,8413
2026-10-08T06:00:24Z,7283491781,863,62088242,127078,56457,9444
2026-10-08T06:00:24Z,7284582661,734,149173277,383647,75235,15530
2026-10-08T06:00:24Z,7289427971,182,200369914,1517006,80131,32905
2026-10-08T06:00:24Z,7290225649,425,75173072,7730552,4605,1702
2026-10-08T06:00:24Z,7294208165,292,212239999,311612,242247,21054
2026-10-08T06:00:24Z,7307246329,242,206907875,2353763,265649,45714
2026-10-08T06:00:24Z,7317454210,411,69170276,71005,38215,16917
2026-10-08T06:00:24Z,7325821778,189,23321231,153931,40170,4289
2026-10-08T06:00:24Z,7326934954,121092,29926035741,9808729,5441905,571884
2026-10-08T06:00:24Z,7332711118,1675,1888493082,2481244,1978207,65431
2026-10-08T06:00:24Z,7339682753,179,78673432,5890570,20338,3204
2026-10-08T06:00:24Z,7344582593,1145,339022417,658906,377880,55277
2026-10-08T06:00:24Z,7346697338,109,127830504,96492,93764,20970
2026-10-08T06:00:24Z,7350402084,235,14653241,23646,8629,1363
2026-10-08T06:00:24Z,7356195012,342,179533757,4891834,245619,42330
2026-10-08T06:00:24Z,7359962123,2030,58188364,275169,88667,5265
2026-10-08T06:00:24Z,7364297396,787,465499984,682940,107506,16588
2026-10-08T06:00:24Z,7372152033,257,33850563,59287,17161,6364
2026-10-08T06:00:24Z,7373459570,1010,167886923,3640157,316395,5865
2026-10-08T06:00:24Z,7373989866,419,187535330,142004,102381,4230
2026-10-08T06:00:24Z,7374930268,126,6767228,294293,3212,635
2026-10-08T06:00:24Z,7378605382,248,74809019,82371,34688,16375
2026-10-08T06:00:24Z,7381952833,676,114078092,231203,30639,7755
2026-10-08T06:00:24Z,7383133134,271,117516005,883764,34987,4989
2026-10-08T06:00:24Z,7391615616,169,23939556,1402707,130430,5775
2026-10-08T06:00:24Z,7395930870,7105,470675729,504809,358560,20428
2026-10-08T06:00:24Z,7396511690,125,41359867,1425952,94805,15335
2026-10-08T06:00:24Z,7398552394,4528,261067575,403314,132531,15645
2026-10-08T06:00:24Z,7407722254,132,37087386,48762,7665,1539
2026-10-08T06:00:24Z,7411615879,332,40054618,54188,22026,1607
2026-10-08T06:00:24Z,7414497778,1002,78879476,200200,71637,13942
2026-10-08T06:00:24Z,7428819247,402,38140444,255517,54527,4496
2026-10-08T06:00:24Z,7429689898,351,513154794,819944,1433747,79575
2026-10-08T06:00:24Z,7434179990,1966,256599149,8965244,390358,13324
2026-10-08T06:00:24Z,7436755782,15520,35960597579,11438615,9435843,1054874
2026-10-08T06:00:24Z,7447878628,104,68943459,152657,40580,4598
2026-10-08T06:00:24Z,7448595637,242,42065168,1400670,7836,3199
2026-10-08T06:00:24Z,7450124099,1063,143982544,810133,85198,11978
2026-10-08T06:00:24Z,7450497506,1454,227386712,1632268,216326,13345
2026-10-08T06:00:24Z,7453941040,6549,206432965,368414,59379,13475
2026-10-08T06:00:24Z,7458874788,671,25102985,351522,68097,9940
2026-10-08T06:00:24Z,7462622504,116,45221766,79028,19503,4310
2026-10-08T06:00:24Z,7468338447,208,343198824,2562667,295987,13812
2026-10-08T06:00:24Z,7474367816,3302,1118530935,1435029,1301083,36653
2026-10-08T06:00:24Z,7483856345,320,106475416,5436120,43787,17757
2026-10-08T06:00:24Z,7488668004,5324,351693872,454147,140877,11695
2026-10-08T06:00:24Z,7497471789,2475,95204203,308226,150519,5147
2026-10-08T06:00:24Z,7497802350,295,101755177,149781,136553,12398
2026-10-08T06:00:24Z,7498824809,205,72600845,89074,46264,2513
2026-10-08T06:00:24Z,7498898979,2910,79438121,284272,63815,7033
2026-10-08T06:00:24Z,7510907928,145,30379959,129652,38892,11530
2026-10-08T06:00:24Z,7521520342,687,276457904,259052,119927,27223
2026-10-08T06:00:24Z,7528417535,702,61894915,1561373,25287,6085
2026-10-08T06:00:24Z,7534782259,398,113002399,53927,39429,10748
2026-10-08T06:00:24Z,7541395924,431,189875152,3571688,377787,16794
2026-10-08T06:00:24Z,7546582051,405,285720563,497852,270026,10307
2026-10-08T06:00:24Z,7554119808,10416,446453549,5558169,159929,15612
2026-10-08T06:00:24Z,7557272025,657,53039749,355823,51394,10357
2026-10-08T06:00:24Z,7561154969,261,60599024,118823,37001,10147
2026-10-08T06:00:24Z,7569509385,368,95943539,543752,110109,15786
2026-10-08T06:00:24Z,7577791613,534,113607494,608313,59771,23117
2026-10-08T06:00:24Z,7585140258,7279,144392604,658854,398883,15808
2026-10-08T06:00:24Z,7592844193,619,5346944,152463,9021,821
2026-10-08T06:00:24Z,7599404611,254,13952440,116595,33626,1943
2026-10-08T06:00:24Z,7613921865,6587,802378651,211898,271687,12202
2026-10-08T06:00:24Z,7613970129,557,66311395,170456,70735,6153
2026-10-08T06:00:24Z,7623259179,1442,87474075,295318,124230,8216
2026-10-08T06:00:24Z,7628118889,1215,297156383,783713,126690,18528
2026-10-08T06:00:24Z,7629331599,4318,267536596,481635,336082,12499
2026-10-08T06:00:24Z,7860226425,248,97246463,66563,32300,5096
2026-10-08T06:00:24Z,7866302411,215,53147556,129432,53513,3813
2026-10-08T06:00:24Z,7872343282,212,62322844,1173792,178619,21258
2026-10-08T06:00:24Z,7874651625,780,133341958,293336,56934,4782
2026-10-08T06:00:24Z,7877723741,538,212132110,216367,82705,47860
2026-10-08T06:00:24Z,7882785167,1247,11726055,79200,30924,3065
2026-10-08T06:00:24Z,7882829745,344,361037203,984706,481528,9390
2026-10-08T06:00:24Z,7883776681,4085,573795108,4745852,1206888,64546
2026-10-08T06:00:24Z,7884563721,355,140463693,877186,239115,28560
2026-10-08T06:00:24Z,7891669427,298,43237600,948207,7942,2032
2026-10-08T06:00:24Z,7893073096,346,42613963,300485,9282,1708
2026-10-08T06:00:24Z,7907828295,494,436197518,294356,683885,27075
2026-10-08T06:00:24Z,7911332924,1741,57049788,72017,15278,2392
2026-10-08T06:00:24Z,7917550094,1089,186469182,160589,33917,5665
2026-10-08T06:00:24Z,7921879545,379,53275935,90957,44929,4642
2026-10-08T06:00:24Z,7934320560,1800,110491791,137210,164565,8091
2026-10-08T06:00:24Z,7935634976,1355,88937579,219691,79120,16963
2026-10-08T06:00:24Z,7938305201,692,38066113,741802,11910,1556
2026-10-08T06:00:24Z,7938992417,356,99357697,246571,32289,15726
2026-10-08T06:00:24Z,7939389895,440,84266994,1925841,62792,4358
2026-10-08T06:00:24Z,7940293048,235,2791025,3531,1071,412
2026-10-08T06:00:24Z,7943133183,289,33560666,1123099,75694,1770
2026-10-08T06:00:24Z,7948426536,2825,60419270,117997,14265,1717
2026-10-08T06:00:24Z,7959448908,111,29744345,23252,15615,4322
2026-10-08T06:00:24Z,7960300951,3122,201906167,7800678,376051,17328
2026-10-08T06:00:24Z,7964539330,164,213497051,13261432,145778,16550
2026-10-08T06:00:24Z,7968055762,435,9288053,24848,9970,1016
2026-10-08T06:00:24Z,7970033072,837,7663562,109212,158319,3906
2026-10-08T06:00:24Z,7972256224,160,3917945,46157,15895,896
2026-10-08T06:00:24Z,7983308985,500,136974704,237876,491381,20161
2026-10-08T06:00:24Z,7990186056,1800,411228837,383659,286029,18441
2026-10-08T06:00:24Z,7996365376,2575,448700107,489947,206546,28128
2026-10-08T06:00:24Z,8000413855,146,96418700,79688,87623,8917
2026-10-08T06:00:24Z,8005378926,368,40722236,831363,7326,1373
2026-10-08T06:00:24Z,8006379851,1777,129324428,7032050,7175,3357
2026-10-08T06:00:24Z,8014099969,1047,152576552,256828,142093,12509
2026-10-08T06:00:24Z,8017401632,361,65317955,156108,53582,3628
2026-10-08T06:00:24Z,8051653879,285,18713094,20740,7491,4257
2026-10-08T06:00:24Z,8058628992,266,177726554,585609,75324,6636
2026-10-08T06:00:24Z,8066283370,1320,529724177,3068011,434743,16518
2026-10-08T06:00:24Z,8072075666,379,2564502,35993,9963,3028
2026-10-08T06:00:24Z,8080493298,1046,261704908,309041,89541,15361
2026-10-08T06:00:24Z,8080863905,417,115330636,107213,145975,20971
2026-10-08T06:00:24Z,8081472583,181,181087472,17024669,265283,23848
2026-10-08T06:00:24Z,8087030587,72,59479375,4996072,6895,1042
2026-10-08T06:00:24Z,8093473699,251,26175029,93210,22869,4125
2026-10-08T06:00:24Z,8095834523,394,23924083,61273,24182,3556
2026-10-08T06:00:24Z,8104504677,330,62917794,281362,199670,13048
2026-10-08T06:00:24Z,8123308765,367,28044386,26999,6132,1871
2026-10-08T06:00:24Z,8140627455,122,96917344,100058,108179,8388
2026-10-08T06:00:24Z,8156973419,4378,156909026,5108911,91077,10039
2026-10-08T06:00:24Z,8160348242,1929,212196714,4776629,144656,15367
2026-10-08T06:00:24Z,8178086002,10496,81725922,234359,65142,4454
2026-10-08T06:00:24Z,8181391950,789,242147025,4578652,264180,27156
2026-10-08T06:00:24Z,8198412649,639,54385105,95362,70974,8559
2026-10-08T06:00:24Z,8203127178,206,18090219,41868,30688,4107
2026-10-08T06:00:24Z,8204806107,270,55748636,141729,36760,3312
2026-10-08T06:00:24Z,8212026736,223,47366659,291937,96404,3546
2026-10-08T06:00:24Z,8212965377,182,54368500,56769,29623,2620
2026-10-08T06:00:24Z,8214054500,476,145609271,431386,1089159,27711
2026-10-08T06:00:24Z,8223345519,447,42233925,95113,27914,2737
2026-10-08T06:00:24Z,8228371304,144,83080075,63123,7135,2228
2026-10-08T06:00:24Z,8232540509,206,44646223,59340,27397,5006
2026-10-08T06:00:24Z,8237105425,750,44126695,931748,346878,7970
2026-10-08T06:00:24Z,8238863102,1096,323015087,2294117,215968,10779
2026-10-08T06:00:24Z,8239435378,116,38489924,91167,173325,5291
2026-10-08T06:00:24Z,8243724761,395,51298545,273899,79270,2945
2026-10-08T06:00:24Z,8246907060,700,117488079,294555,188492,18676
2026-10-08T06:00:24Z,8269273068,298,41483636,268292,284907,12352
2026-10-08T06:00:24Z,8279887603,126,103423212,387654,68000,8081
2026-10-08T06:00:24Z,8294794009,288,75418327,115178,23743,5575
2026-10-08T06:00:24Z,8296765616,1935,36054580,77048,47913,2507
2026-10-08T06:00:24Z,8299444324,177,167726982,10257290,338766,19722
2026-10-08T06:00:24Z,8300580369,250,7897908,82390,12996,2106
2026-10-08T06:00:24Z,8307114974,3135,400633487,255605,101064,16544
2026-10-08T06:00:24Z,8309394444,205,23557506,1682795,18861,1546
2026-10-08T06:00:24Z,8313824597,388,26412331,39968,26380,3578
2026-10-08T06:00:24Z,8316902627,2060,4712803362,2001327,3026599,166577
2026-10-08T06:00:24Z,8321616508,302,51279927,53475,89335,5287
2026-10-08T06:00:24Z,8322865535,866,37384425,1998241,11158,1460
2026-10-08T06:00:24Z,8330409552,233,156022506,14717187,107215,11113
2026-10-08T06:00:24Z,8342498724,6143,55342267,109749,80468,3204
2026-10-08T06:00:24Z,8343243056,370,242488155,1694767,307136,8102
2026-10-08T06:00:24Z,8353962342,416,226635580,8348564,190733,10898
2026-10-08T06:00:24Z,8356066619,1916,89535147,47445,88517,4528
2026-10-08T06:00:24Z,8360491918,538,23760789,21198,15085,5342
2026-10-08T06:00:24Z,8365871374,2069,257903126,20548731,196622,10306
2026-10-08T06:00:24Z,8366716517,231,77992947,998532,178099,19031
2026-10-08T06:00:24Z,8374113155,560,274937602,222673,111692,6039
2026-10-08T06:00:24Z,8375166760,369,56629705,67044,17385,5109
2026-10-08T06:00:24Z,8401518398,3428,120872962,108496,21210,8360
2026-10-08T06:00:24Z,8420907710,360,76546356,5882173,201137,40215
2026-10-08T06:00:24Z,8430503828,187,132114431,777932,34594,7288
2026-10-08T06:00:24Z,8438027136,281,24243782,22395,6335,2741
2026-10-08T06:00:24Z,8438735581,152,11362604,23432,7893,1445
2026-10-08T06:00:24Z,8446266018,138,81871887,68116,67156,15498
2026-10-08T06:00:24Z,8450202664,329,18694786,47259,40989,3172
2026-10-08T06:00:24Z,8450472355,635,134578333,168705,135650,16803
2026-10-08T06:00:24Z,8472682462,1629,78989376,68745,10736,1459
2026-10-08T06:00:24Z,8475779172,158,32726950,52859,27232,2077
2026-10-08T06:00:24Z,8485482226,259,23919413,184883,45478,3595
2026-10-08T06:00:24Z,8488806742,352,46026029,88331,41195,7778
2026-10-08T06:00:24Z,8494484575,198,78554160,3297587,126207,2770
2026-10-08T06:00:24Z,8497987845,1035,25222303,138432,75927,6471
2026-10-08T06:00:24Z,8503596762,162,3096054,34428,12800,1015
2026-10-08T06:00:24Z,8504461817,2008,202357506,115894,43627,3738
2026-10-08T06:00:24Z,8520148363,2605,266218581,3339029,678658,79722
2026-10-08T06:00:24Z,8524572339,1867,96235131,139075,81719,22443
2026-10-08T06:00:24Z,8539298853,1933,1301243673,1831424,383458,43187
2026-10-08T06:00:24Z,8546873728,1056,33419125,699674,16186,2064
2026-10-08T06:00:24Z,8561270645,125,47667630,1002648,11688,2983
2026-10-08T06:00:24Z,8562618273,158,108156172,90639,105054,4237
2026-10-08T06:00:24Z,8570876289,468,61896480,23465,21607,5104
2026-10-08T06:00:24Z,8572854650,304,130334114,885733,476962,10654
2026-10-08T06:00:24Z,8600977079,454,90490389,89026,18106,5360
2026-10-08T06:00:24Z,8601956127,102,28428195,119632,123972,5206
2026-10-08T06:00:24Z,8615117785,163,2125633,24711,6228,3125
2026-10-08T06:00:24Z,8618660961,671,43082110,133190,54223,6840
2026-10-08T06:00:24Z,8640389608,265,2384197,4669,4382,459
2026-10-08T06:00:24Z,8641602265,608,78436729,212857,137855,8056
2026-10-08T06:00:24Z,8646185650,322,30759106,49701,35482,1618
2026-10-08T06:00:24Z,8646444640,526,12591196,45178,26536,3882
2026-10-08T06:00:24Z,8659262047,830,128379333,1281392,515447,10558
2026-10-08T06:00:24Z,8662243497,1670,271173387,283129,56898,7041
2026-10-08T06:00:24Z,8669550197,1113,111467123,138646,76608,3722
2026-10-08T06:00:24Z,8698022820,143,44311550,52096,90421,1092
2026-10-08T06:00:24Z,8705454731,178,79761360,526288,131965,12397
2026-10-08T06:00:24Z,8719555347,6697,437812129,638377,224782,18039
2026-10-08T06:00:24Z,8722889197,191,150815915,5299888,111681,6233
2026-10-08T06:00:24Z,8723526551,802,17238989,569553,41819,3516
2026-10-08T06:00:24Z,8724785394,1207,8372595,363474,11344,566
2026-10-08T06:00:24Z,8728034884,45,10052991,24353,10477,1791
2026-10-08T06:00:24Z,8744978097,198,18899468,51135,70165,4082
2026-10-08T06:00:24Z,8751492147,241,117469572,115280,32285,9098
2026-10-08T06:00:24Z,8752324161,1886,236123318,135254,22192,10480
2026-10-08T06:00:24Z,8759966530,219,129008252,416890,85258,9275
2026-10-08T06:00:24Z,8776018564,821,79775712,160848,133640,5138
2026-10-08T06:00:24Z,8786713187,576,120723696,295859,656021,12594
2026-10-08T06:00:24Z,8791358380,3426,465775370,14080199,297051,15846
2026-10-08T06:00:24Z,8794536584,485,14575722,88943,39289,4864
2026-10-08T06:00:24Z,8795154789,1082,486513411,396427,356069,27163
2026-10-08T06:00:24Z,8799094487,232,33916257,75742,22252,2906
2026-10-08T06:00:24Z,8807109250,292,56113714,1574332,150733,14800
2026-10-08T06:00:24Z,8813969120,3703,46574661,132828,95730,3398
2026-10-08T06:00:24Z,8824087733,55,13741687,8190,4072,616
2026-10-08T06:00:24Z,8828612659,1026,151609067,164881,240451,4592
2026-10-08T06:00:24Z,8829204428,1255,9198631,163790,125286,2752
2026-10-08T06:00:24Z,8832884753,299,69730578,745299,85341,3368
2026-10-08T06:00:24Z,8834587397,180,577407789,14056925,517650,42788
2026-10-08T06:00:24Z,8836568224,1278,129890963,120396,139972,3019
2026-10-08T06:00:24Z,8836631593,378,43247750,51727,17539,8476
2026-10-08T06:00:24Z,8841437826,1223,56373995,825854,94498,2881
2026-10-08T06:00:24Z,8846911260,427,76011092,212220,65542,3482
2026-10-08T06:00:24Z,8847904177,257,31455847,4283194,9686,1554
2026-10-08T06:00:24Z,8851542818,489,60555684,377774,92409,4280
2026-10-08T06:00:24Z,8869088870,4167,50415875,2689610,140529,3036
2026-10-08T06:00:24Z,8881105040,564,55042358,106358,168034,3021
2026-10-08T06:00:24Z,8881302585,867,89966294,174149,138429,25102
2026-10-08T06:00:24Z,8883775493,1371,135770960,399979,47243,10549
2026-10-08T06:00:24Z,8890288888,563,117953237,81799,16051,6284
2026-10-08T06:00:24Z,8902327228,193,111089352,125250,72568,10454
2026-10-08T06:00:24Z,8913675853,92,40495675,48950,30351,19390
2026-10-08T06:00:24Z,8916086418,113,6636785,59725,14044,796
2026-10-08T06:00:24Z,8925924444,839,110714269,148317,147517,11195
2026-10-08T06:00:24Z,8935993972,236,14241604,106182,104126,3831
2026-10-08T06:00:24Z,8937254139,1510,231191708,1823219,498839,8431
2026-10-08T06:00:24Z,8946565814,2154,27113972,27416,33670,2227
2026-10-08T06:00:24Z,8950496606,718,180964035,456316,148641,9303
2026-10-08T06:00:24Z,8957522683,135,96626105,49795,6535,2544
2026-10-08T06:00:24Z,8959257868,372,14162773,49928,22470,2198
2026-10-08T06:00:24Z,8964956538,1340,69955761,1235660,203439,6508
2026-10-08T06:00:24Z,8965717730,669,19021070,793649,4484,1271
2026-10-08T06:00:24Z,8995269203,321,30661113,27021,11390,998
2026-10-08T06:00:24Z,8997131346,248,11091858,23356,6975,1989
2026-10-08T06:00:24Z,8997725599,238,9350925,42172,57331,5606
2026-10-08T06:00:24Z,9001634416,296,3966751,22148,5599,2757
2026-10-08T06:00:24Z,9029936173,714,39309195,3838291,10697,3013
2026-10-08T06:00:24Z,9031167776,97,2213626,15065,4944,348
2026-10-08T06:00:24Z,9050667716,287,62509708,87762,43635,10912
2026-10-08T06:00:24Z,9051406594,5308,398879561,7773406,2060202,76885
2026-10-08T06:00:24Z,9058303084,223,97513281,63938,21737,10545
2026-10-08T06:00:24Z,9065022692,317,11857862,435281,5080,931
2026-10-08T06:00:24Z,9067401541,339,25027940,126305,187208,4605
2026-10-08T06:00:24Z,9073513091,1329,145727692,180700,165153,8109
2026-10-08T06:00:24Z,9076692567,512,34698254,156811,41658,8825
2026-10-08T06:00:24Z,9081083593,188,23329145,336754,23279,5715
2026-10-08T06:00:24Z,9084112733,505,84917384,188163,18395,4920
2026-10-08T06:00:24Z,9086253192,254,100219370,3690242,43087,2381
2026-10-08T06:00:24Z,9091133975,2799,464003758,1289466,1231812,24693
2026-10-08T06:00:24Z,9098253051,260,32780773,2343784,46282,4934
2026-10-08T06:00:24Z,9098570654,5258,269599696,454663,193848,12100
2026-10-08T06:00:24Z,9102566780,197,7461325,39842,73497,4954
2026-10-08T06:00:24Z,9104763985,545,89300941,7212280,151168,2623
2026-10-08T06:00:24Z,9105075853,350,16085987,78717,164826,5730
2026-10-08T06:00:24Z,9112256336,523,9760438,20561,8588,1616
2026-10-08T06:00:24Z,9119782663,1940,98198888,2660100,63009,9912
2026-10-08T06:00:24Z,9125259344,1449,134112885,260646,52820,15789
2026-10-08T06:00:24Z,9130827443,333,43125220,1964036,110557,8878
2026-10-08T06:00:24Z,9140218204,100,19868962,1570973,34303,1857
2026-10-08T06:00:24Z,9141743926,2569,459533167,603114,536257,11920
2026-10-08T06:00:24Z,9142917248,819,65323104,4735708,44577,4188
2026-10-08T06:00:24Z,9145063979,7225,592108965,615221,1127542,25624
2026-10-08T06:00:24Z,9150731899,900,17431611,85961,19041,5161
2026-10-08T06:00:24Z,9155036056,780,111289339,270105,411796,5731
2026-10-08T06:00:24Z,9156711629,718,50341096,399150,116002,3840
2026-10-08T06:00:24Z,9162763535,904,77690114,96530,25705,7351
2026-10-08T06:00:24Z,9167377564,11357,383892287,9018146,660928,19545
2026-10-08T06:00:24Z,9169166771,1060,71968661,129242,19856,5457
2026-10-08T06:00:24Z,9175015027,215,58946972,4975357,26525,3782
2026-10-08T06:00:24Z,9186719164,1259,1597525329,843447,1244664,52649
2026-10-08T06:00:24Z,9198323655,588,121724625,84437,39088,3614
2026-10-08T06:00:24Z,9199655655,7277,263928595,746779,498762,63179
2026-10-08T06:00:24Z,9209811415,268,52462555,125337,19067,1855
2026-10-08T06:00:24Z,9210599831,520,19644612,518220,97636,4054
2026-10-08T06:00:24Z,9219116196,420,103107080,288434,44013,6073
2026-10-08T06:00:24Z,9219838330,295,14160361,40704,112948,3140
2026-10-08T06:00:24Z,9221949930,264,11252847,272963,9425,1700
2026-10-08T06:00:24Z,9226697658,172,4079780,43667,90132,1495
2026-10-08T06:00:24Z,9228045253,210,142533617,251949,331180,8782
2026-10-08T06:00:24Z,9229146348,264,10500504,39487,17034,4201
2026-10-08T06:00:24Z,9232634201,177,89698267,99608,27158,4641
2026-10-08T06:00:24Z,9237297311,100,2169000,18202,3004,719
2026-10-08T06:00:24Z,9237322219,244,18425260,44574,29464,2324
2026-10-08T06:00:24Z,9250508067,75,7509302,37239,12151,2025
2026-10-08T06:00:24Z,9255588637,446,158872521,11275683,55438,19329
2026-10-08T06:00:24Z,9257800423,805,39152231,384171,160794,9737
2026-10-08T06:00:24Z,9272395657,1196,8481950,11546,5484,2559
2026-10-08T06:00:24Z,9272693470,657,274129199,182758,127890,8730
2026-10-08T06:00:24Z,9273584416,167,14925441,610055,14560,6862
2026-10-08T06:00:24Z,9276049439,1475,59738083,212947,71624,2970
2026-10-08T06:00:24Z,9282371706,74,28138115,266820,13568,3219
2026-10-08T06:00:24Z,9286558970,467,22189087,84453,32127,12401
2026-10-08T06:00:24Z,9293574407,217,59375935,4207704,45713,3433
2026-10-08T06:00:24Z,9294074907,8958,584458886,651807,220545,30185
2026-10-08T06:00:24Z,9294646427,740,112105027,285584,526458,14024
2026-10-08T06:00:24Z,9296042754,3325,88384841,419990,189842,4416
2026-10-08T06:00:24Z,9296252245,3092,247358134,15185879,247642,12320
2026-10-08T06:00:24Z,9297902951,184,29639220,407955,155462,22716
2026-10-08T06:00:24Z,9298096434,988,13646173,155885,54521,5370
2026-10-08T06:00:24Z,9303771057,546,103604386,1929229,32412,11269
2026-10-08T06:00:24Z,9312646406,1014,203880332,993890,174994,12362
2026-10-08T06:00:24Z,9312746495,488,19551030,120343,16798,1776
2026-10-08T06:00:24Z,9315472782,231,26770206,151909,24585,1687
2026-10-08T06:00:24Z,9315739469,337,89976584,97763,14551,4834
2026-10-08T06:00:24Z,9316885643,659,226237897,6720092,32122,4510
2026-10-08T06:00:24Z,9317784977,757,143186302,1317442,147930,20119
2026-10-08T06:00:24Z,9320470390,1055,194904746,257889,102979,9153
2026-10-08T06:00:24Z,9324506782,178,16303080,89711,60617,5634
2026-10-08T06:00:24Z,9328305853,319,36122710,816062,76682,4241
2026-10-08T06:00:24Z,9338511689,414,36728605,10653,11633,1992
2026-10-08T06:00:24Z,9344307274,572,589668963,419621,686150,43090
2026-10-08T06:00:24Z,9344916045,493,85187365,219784,47484,3358
2026-10-08T06:00:24Z,9348272796,4522,748421446,689873,442339,21222
2026-10-08T06:00:24Z,9352840896,254,36944138,1010261,21598,5275
2026-10-08T06:00:24Z,9354709602,218,60666598,823149,294927,6237
2026-10-08T06:00:24Z,9357218675,156,44731856,3473710,34071,1161
2026-10-08T06:00:24Z,9362896961,3365,158337035,222640,598066,9231
2026-10-08T06:00:24Z,9363735110,2540,5728996415,2065719,1941866,393940
2026-10-08T06:00:24Z,9364041968,814,65134020,565403,27194,5755
2026-10-08T06:00:24Z,9382839773,1554,35896621,88997,287107,3337
2026-10-08T06:00:24Z,9384605736,447,1049607982,17276166,2720881,110906
2026-10-08T06:00:24Z,9395278151,1318,36385413,1637137,12946,2451
2026-10-08T06:00:24Z,9395554342,95,4549462,403559,1213,564
2026-10-08T06:00:24Z,9399884981,508,205018785,1057761,67604,4451
2026-10-08T06:00:24Z,9403708294,250,96022133,74344,41958,14819
2026-10-08T06:00:24Z,9404155369,375,49329330,3183725,50101,2090
2026-10-08T06:00:24Z,9442472087,359,11295264,281991,30753,2433
2026-10-08T06:00:24Z,9449993534,2104,55421887,77612,18447,8682
2026-10-08T06:00:24Z,9452898647,340,126190196,5377759,46430,5511
2026-10-08T06:00:24Z,9456449045,145,12495776,18414,5664,1052
2026-10-08T06:00:24Z,9463334671,205,8625600,56889,18406,2275
2026-10-08T06:00:24Z,9464360885,216,63874983,107219,30887,13572
2026-10-08T06:00:24Z,9472441390,1868,294591022,283720,215539,9199
2026-10-08T06:00:24Z,9480281767,3571,29175294,139648,18956,4657
2026-10-08T06:00:24Z,9481391333,1243,37826021,761640,11560,3626
2026-10-08T06:00:24Z,9484893818,441,11566437,103013,42562,2496
2026-10-08T06:00:24Z,9485131494,909,93228365,455284,362573,7361
2026-10-08T06:00:24Z,9490116046,2805,146904046,6551545,10370,5534
2026-10-08T06:00:24Z,9491545867,6228,129389095,1280849,29804,6708
2026-10-08T06:00:24Z,9496852407,1685,124869378,107485,61616,9421
2026-10-08T06:00:24Z,9497278040,198,82183570,246880,57279,3289
2026-10-08T06:00:24Z,9499439936,347,101047366,89893,14178,4475
2026-10-08T06:00:24Z,9501409571,318,44055405,226864,120102,3024
2026-10-08T06:00:24Z,9501701013,1149,104298734,153784,29652,11539
2026-10-08T06:00:24Z,9503696692,237,87154914,80632,35882,16565
2026-10-08T06:00:24Z,9506013695,2789,124044987,433238,74565,10891
2026-10-08T06:00:24Z,9507134447,133,31232267,1123825,80487,1628
2026-10-08T06:00:24Z,9508201896,78,11666079,252393,2914,538
2026-10-08T06:00:24Z,9510573507,209,7909913,332692,3007,1151
2026-10-08T06:00:24Z,9511365396,1303,71182470,92551,11338,4255
2026-10-08T06:00:24Z,9511454418,751,4443457,35296,18860,1690
2026-10-08T06:00:24Z,9513407177,659,20776043,16576,23599,2048
2026-10-08T06:00:24Z,9513686983,1614,437291316,14446102,101364,36886
2026-10-08T06:00:24Z,9514625031,781,719642,2420,244,119
2026-10-08T06:00:24Z,9517627739,130,33314683,98043,73302,8252
2026-10-08T06:00:24Z,9520692022,1831,8304090,631104,2826,4375
2026-10-08T06:00:24Z,9522015993,3475,138464831,248480,50971,25454
2026-10-08T06:00:24Z,9529449775,310,3235969,107203,12469,651
2026-10-08T06:00:24Z,9534705677,15127,304691818,3011950,288891,25903
2026-10-08T06:00:24Z,9539483725,592,63779505,83524,10416,2931
2026-10-08T06:00:24Z,9546331833,693,65216736,57450,45098,3657
2026-10-08T06:00:24Z,9549133757,335,28263045,44754,27922,3019
2026-10-08T06:00:24Z,9549278601,1602,11569520,868393,1981,886
2026-10-08T06:00:24Z,9550141430,381,21351541,422313,12307,1382
2026-10-08T06:00:24Z,9551044479,2435,54630558,264027,185742,5342
2026-10-08T06:00:24Z,9557528747,132,10061750,424509,13348,1478
2026-10-08T06:00:24Z,9560516761,291,30662928,23045,9022,1688
2026-10-08T06:00:24Z,9561553764,6646,269128162,225507,258943,17580
2026-10-08T06:00:24Z,9564490170,417,55374662,587229,109575,30008
2026-10-08T06:00:24Z,9564659718,450,126199576,180444,191416,19283
2026-10-08T06:00:24Z,9564673841,763,175413294,304556,195841,29552
2026-10-08T06:00:24Z,9569441921,88,13794185,100011,26173,25453
2026-10-08T06:00:24Z,9580564449,180,10349971,118259,2241,406
2026-10-08T06:00:24Z,9582986239,3018,16956094,72713,38003,1996
2026-10-08T06:00:24Z,9583356773,726,3305345,156535,531,262
2026-10-08T06:00:24Z,9584852943,42007,6338911804,6965346,9913526,320782
2026-10-08T06:00:24Z,9584946743,2841,39022177,289726,125857,2383
2026-10-08T06:00:24Z,9585346472,495,45933118,464972,45543,5271
2026-10-08T06:00:24Z,9588121608,448,152397725,2911062,53944,10281
2026-10-08T06:00:24Z,9592387369,2358,64361531,198641,84685,19876
2026-10-08T06:00:24Z,9599808796,466,133064789,182155,79829,22607
2026-10-08T06:00:24Z,9620363363,706,65978291,55767,14673,2278
2026-10-08T06:00:24Z,9627655329,1133,36978046,506836,11915,3238
2026-10-08T06:00:24Z,9630276723,190,50656261,65217,39463,2595
2026-10-08T06:00:24Z,9639553972,419,43986935,220164,142368,12268
2026-10-08T06:00:24Z,9641502068,6202,121183288,230411,284980,19035
2026-10-08T06:00:24Z,9645309602,103,42897287,83920,34483,5889
2026-10-08T06:00:24Z,9649298941,364,751764237,5564447,1234161,84583
2026-10-08T06:00:24Z,9655781693,615,18045790,36467,16541,5244
2026-10-08T06:00:24Z,9655921954,782,48243361,54038,6268,2909
2026-10-08T06:00:24Z,9656201728,1360,31465322,110288,62246,3091
2026-10-08T06:00:24Z,9660713566,717,110806804,6675306,80585,4415
2026-10-08T06:00:24Z,9661927199,243,135453444,137283,90223,19641
2026-10-08T06:00:24Z,9662130710,1182,16890343,539945,114195,9696
2026-10-08T06:00:24Z,9663968307,1331,166492742,2223983,166847,32226
2026-10-08T06:00:24Z,9668574764,214,21910198,1419216,70677,913
2026-10-08T06:00:24Z,9669297195,270,32944757,23055,2626,1221
2026-10-08T06:00:24Z,9671745030,120,17310709,111750,26100,2308
2026-10-08T06:00:24Z,9671940985,611,181035386,6061641,133962,8167
2026-10-08T06:00:24Z,9677121265,106,40109037,47997,13775,11339
2026-10-08T06:00:24Z,9679514364,135,10288295,68925,14749,2695
2026-10-08T06:00:24Z,9681943457,189,46251454,34427,32209,2792
2026-10-08T06:00:24Z,9690128730,133,1685806,12952,3986,312
2026-10-08T06:00:24Z,9694335093,468,21240961,252489,128735,6376
2026-10-08T06:00:24Z,9697502306,985,114171094,122720,27375,3887
2026-10-08T06:00:24Z,9701569269,153,16194317,1021067,4534,916
2026-10-08T06:00:24Z,9701909402,614,56243447,125642,52597,2259
2026-10-08T06:00:24Z,9702840627,159,11656007,202042,164796,5670
2026-10-08T06:00:24Z,9705384247,600,33216798,119078,48592,8053
2026-10-08T06:00:24Z,9707841805,329,9565013,178976,71308,2870
2026-10-08T06:00:24Z,9710205604,196,29224317,497910,76480,4307
2026-10-08T06:00:24Z,9711289915,864,161915659,1535429,57946,8312
2026-10-08T06:00:24Z,9711972386,259,14466682,27273,12622,2451
2026-10-08T06:00:24Z,9713717379,169,44050185,5961213,17552,2773
2026-10-08T06:00:24Z,9714537627,415,30802848,72852,26498,56774
2026-10-08T06:00:24Z,9715999586,206,155840270,113158,103949,12679
2026-10-08T06:00:24Z,9722598100,201,39018689,162314,164842,2471
2026-10-08T06:00:24Z,9723617424,222,42652602,68507,12694,2854
2026-10-08T06:00:24Z,9732080947,883,87230362,268286,63905,11168
2026-10-08T06:00:24Z,9735583968,1475,155589562,426469,120871,10162
2026-10-08T06:00:24Z,9736593239,1901,61711396,38273,8673,1458
2026-10-08T06:00:24Z,9741874508,1527,112755925,5825459,81744,6049
2026-10-08T06:00:24Z,9747555206,140,42004324,126342,32297,6134
2026-10-08T06:00:24Z,9750146698,237,46219289,31622,3713,502
2026-10-08T06:00:24Z,9750361560,205,62932940,143687,139365,14597
2026-10-08T06:00:24Z,9751615286,212,15321483,17224,10502,1518
2026-10-08T06:00:24Z,9753458401,438,13163691,47679,12003,2296
2026-10-08T06:00:24Z,9753814298,323,398186415,338399,173788,37544
2026-10-08T06:00:24Z,9754968779,189,62168692,2969859,429857,9591
2026-10-08T06:00:24Z,9758027784,829,89987844,130922,59716,12643
2026-10-08T06:00:24Z,9758688665,1168,124985681,6368343,35131,5576
2026-10-08T06:00:24Z,9759082891,1763,29097359,3677914,13839,1009
2026-10-08T06:00:24Z,9759989445,141,26567442,69322,27405,3492
2026-10-08T06:00:24Z,9765324104,604,81859386,420737,49219,4618
2026-10-08T06:00:24Z,9774284077,1021,116960432,4176992,23923,4681
2026-10-08T06:00:24Z,9776222468,1491,90263590,179185,49130,8730
2026-10-08T06:00:24Z,9780429221,1367,81757592,1279952,55639,11985
2026-10-08T06:00:24Z,9781580133,887,11193558,46584,32548,8462
2026-10-08T06:00:24Z,9784759642,241,49615718,53829,14861,2718
2026-10-08T06:00:24Z,9785048253,705,16592483,138943,28111,4319
2026-10-08T06:00:24Z,9787206684,743,779089587,2989737,765717,41610
2026-10-08T06:00:24Z,9788139379,1581,73253202,179137,119570,15065
2026-10-08T06:00:24Z,9792551117,2133,182210691,547304,44045,18347
2026-10-08T06:00:24Z,9792947201,351,536240726,3520849,814507,19917
2026-10-08T06:00:24Z,9793308933,643,59585762,1431073,291646,3788
2026-10-08T06:00:24Z,9796643263,524,26744203,980497,5569,1524
2026-10-08T06:00:24Z,9796898051,9381,69105494,1051353,85010,6962
2026-10-08T06:00:24Z,9800909176,601,28519775,40116,16344,1006
2026-10-08T06:00:24Z,9801436549,184,10863118,13839,2917,1543
2026-10-08T06:00:24Z,9802644580,329,54068386,796704,48354,4825
2026-10-08T06:00:24Z,9803970239,1807,59542573,60457,23653,9806
2026-10-08T06:00:24Z,9804429271,204,35937670,2021177,43990,1774
2026-10-08T06:00:24Z,9807649116,1626,192920076,373700,250419,10275
2026-10-08T06:00:24Z,9807783902,350,7489489,48341,8936,2637
2026-10-08T06:00:24Z,9811924734,107,25973319,89913,30131,2886
2026-10-08T06:00:24Z,9812090239,1442,46371536,1096631,64411,1348
2026-10-08T06:00:24Z,9813375035,148,54320601,1036853,28125,6206
2026-10-08T06:00:24Z,9813946433,1992,34080795,76495,115366,10527
2026-10-08T06:00:24Z,9815834699,1119,66348716,211667,123427,17373
2026-10-08T06:00:24Z,9825259729,8940,21314229,152042,51598,6303
2026-10-08T06:00:24Z,9826885587,3912,153848407,362538,306982,8858
2026-10-08T06:00:24Z,9829910038,236,2722557,9204,4770,481
2026-10-08T06:00:24Z,9830725726,1577,64088566,71620,14016,4447
2026-10-08T06:00:24Z,9833852980,207,8875799,177244,21883,3984
2026-10-08T06:00:24Z,9836330876,522,23372985,82716,16239,1156
2026-10-08T06:00:24Z,9837325548,1323,58608061,114235,55390,3899
2026-10-08T06:00:24Z,9837612476,6423,352092205,1244851,794499,28959
2026-10-08T06:00:24Z,9843234816,4664,24909604,1013628,3682,1309
2026-10-08T06:00:24Z,9845995128,177,3496470,18382,2747,264
2026-10-08T06:00:24Z,9851352969,226,37415020,886610,10510,1515
2026-10-08T06:00:24Z,9852933243,290,10294847,64201,14289,2156
2026-10-08T06:00:24Z,9855761734,6586,213631176,295206,146106,24611
2026-10-08T06:00:24Z,9857818180,199,4040224,9187,5572,2763
2026-10-08T06:00:24Z,9859948536,422,40767430,813777,32383,9386
2026-10-08T06:00:24Z,9860746424,263,33350250,53042,23783,4181
2026-10-08T06:00:24Z,9865931248,760,3096776,164853,1219,253
2026-10-08T06:00:24Z,9866884975,220,55153444,3968788,191228,7598
2026-10-08T06:00:24Z,9868545229,321,7973537,35798,8703,998
2026-10-08T06:00:24Z,9872734936,4689,54734095,121826,49784,6420
2026-10-08T06:00:24Z,9872977974,952,34055914,314984,7572,707
2026-10-08T06:00:24Z,9874419878,831,208005463,488447,120715,18698
2026-10-08T06:00:24Z,9875383684,410,181366296,206252,95441,10765
2026-10-08T06:00:24Z,9877481048,1231,26839513,65914,26082,3226
2026-10-08T06:00:24Z,9880286438,6083,25978898,65979,85082,2591
2026-10-08T06:00:24Z,9882110948,194,16821847,41634,67106,14547
2026-10-08T06:00:24Z,9882296644,109,12848167,690135,3193,1017
2026-10-08T06:00:24Z,9885372266,2462,88270619,2515319,150581,10194
2026-10-08T06:00:24Z,9889811676,586,31024968,210602,69598,11053
2026-10-08T06:00:24Z,9891331827,3728,2271948,116547,54572,1755
2026-10-08T06:00:24Z,9892207761,329,63098221,247891,27684,3882
2026-10-08T06:00:24Z,9893515490,190,58743823,1339932,433664,7271
2026-10-08T06:00:24Z,9896643509,187,12063406,15877,6605,1807
2026-10-08T06:00:24Z,9898409899,281,40441720,236706,68346,15745
2026-10-08T06:00:24Z,9898970160,175,61301032,137728,163354,4008
2026-10-08T06:00:24Z,9900286623,632,21959160,158936,9885,1817
2026-10-08T06:00:24Z,9903325235,504,76975567,95738,38411,6379
2026-10-08T06:00:24Z,9903482381,310,51947931,2882564,13244,3492
2026-10-08T06:00:24Z,9903685259,149,26827997,1889848,40737,5627
2026-10-08T06:00:24Z,9906154135,2867,54250906,57144,17301,2335
2026-10-08T06:00:24Z,9906378607,5584,12916444,441090,60686,1136
2026-10-08T06:00:24Z,9908641400,1989,76503169,58871,36201,7778
2026-10-08T06:00:24Z,9910245722,2613,323891791,1493229,507865,9682
2026-10-08T06:00:24Z,9911988958,300,24437216,145218,169969,9500
2026-10-08T06:00:24Z,9912025777,1156,219795123,476903,179934,13011
2026-10-08T06:00:24Z,9914581074,169,42071404,67481,43121,8152
2026-10-08T06:00:24Z,9918481645,232,7673353,5800,3345,775
2026-10-08T06:00:24Z,9929436407,189,15449025,462260,20740,1667
2026-10-08T06:00:24Z,9929870476,335,1597472,36237,8749,556
2026-10-08T06:00:24Z,9930466428,217,40616097,169183,36413,5442
2026-10-08T06:00:24Z,9931749389,4988,151182620,245921,164427,6187
2026-10-08T06:00:24Z,9933939850,1057,60561061,55763,22808,3881
2026-10-08T06:00:24Z,9934614409,299,89753710,146163,112432,7062
2026-10-08T06:00:24Z,9938429322,493,14485408,39092,57945,1919
2026-10-08T06:00:24Z,9940076108,231,28546420,2543411,12329,2611
2026-10-08T06:00:24Z,9940725596,409,41113378,56725,8790,1866
2026-10-08T06:00:24Z,9940812243,2603,15639241,167765,29962,942
2026-10-08T06:00:24Z,9942734820,883,35905280,1524811,8586,3008
2026-10-08T06:00:24Z,9943273705,692,20754076,47384,6031,5037
2026-10-08T06:00:24Z,9948575164,1428,54483594,249169,141061,5885
2026-10-08T06:00:24Z,9948825950,129,23683396,1956740,6709,3103
2026-10-08T06:00:24Z,9949148856,1771,5903089,897092,1564,449
2026-10-08T06:00:24Z,9949288829,499,10185070,98162,28131,824
2026-10-08T06:00:24Z,9950184599,598,13476965,122572,93147,2637
2026-10-08T06:00:24Z,9950410865,1372,35156453,1724717,18677,3826
2026-10-08T06:00:24Z,9952351777,481,32048201,514388,37026,4032
2026-10-08T06:00:24Z,9952820791,280,1008411,8370,2052,780
2026-10-08T06:00:24Z,9953328866,442,62042714,71608,52424,3170
2026-10-08T06:00:24Z,9954447663,195,22434635,1136295,3513,559
2026-10-08T06:00:24Z,9957338123,1840,57372766,72067,7125,2370
2026-10-08T06:00:24Z,9958694666,371,50121246,454574,54671,1683
2026-10-08T06:00:24Z,9960184903,1990,26666878,637921,1209,582
2026-10-08T06:00:24Z,9961389755,699,23799482,827878,43090,4234
2026-10-08T06:00:24Z,9963622286,2183,118903612,2691984,53954,7177
2026-10-08T06:00:24Z,9965411707,3067,48383329,77002,73967,2926
2026-10-08T06:00:24Z,9968527241,269,37602274,1129161,9010,2507
2026-10-08T06:00:24Z,9969095451,158,43492699,1712124,21594,2978
2026-10-08T06:00:24Z,9970645639,6386,125707228,765913,539584,7089
2026-10-08T06:00:24Z,9971722694,97,17556483,1207158,71170,1933
2026-10-08T06:00:24Z,9971895648,100,1802522,3121,182,102
2026-10-08T06:00:24Z,9975893742,188,32214879,3167958,46029,3624
2026-10-08T06:00:24Z,9978329815,12239,511609931,1079023,295019,22772
2026-10-08T06:00:24Z,9980643140,334,33318948,2878031,2662,1016
2026-10-08T06:00:24Z,9994252654,406,4710734,10880,4698,1444
2026-10-08T06:00:24Z,9994252977,299,35958781,217929,83713,7587
2026-10-08T06:00:24Z,9996384072,887,7004784,74873,26208,555
2026-10-08T06:00:24Z,9998576154,1092,131403732,8226922,36652,6455
2026-10-08T06:00:24Z,10004244222,12590,1905215563,26558934,1300802,68173
2026-10-08T06:00:24Z,10004760418,693,130020725,184177,65443,4334
2026-10-08T06:00:24Z,10007524016,231,31553260,5593973,3351,572
2026-10-08T06:00:24Z,10008606756,290,22316070,79887,129711,7267
2026-10-08T06:00:24Z,10008717728,191,2702655,9460,4287,319
2026-10-08T06:00:24Z,10010371086,608,44455332,149224,57737,2625
2026-10-08T06:00:24Z,10011808151,400,111507094,3665288,218195,9840
2026-10-08T06:00:24Z,10013279162,1546,62931494,104028,7923,13864
2026-10-08T06:00:24Z,10020287053,2566,48542742,204390,35379,3526
2026-10-08T06:00:24Z,10020612607,639,86743063,3419283,114788,2577
2026-10-08T06:00:24Z,10024034551,271,10479354,413408,7994,606
2026-10-08T06:00:24Z,10029297024,175,35124626,139828,85894,8810
2026-10-08T06:00:24Z,10030829154,4975,45683033,2680677,78721,2418
2026-10-08T06:00:24Z,10031505426,2573,46251673,1801684,207724,5920
2026-10-08T06:00:24Z,10031562156,4051,42128000,443539,27948,3827
2026-10-08T06:00:24Z,10035204815,73129,326772288,327764,401600,13890
2026-10-08T06:00:24Z,10039889230,7774,6318633,42606,27072,1178
2026-10-08T06:00:24Z,10040497010,155,52736838,91950,77658,7380
2026-10-08T06:00:24Z,10045085816,199,39217187,57172,38528,1075
2026-10-08T06:00:24Z,10047813675,912,24754918,2772566,1395,604
2026-10-08T06:00:24Z,10051853469,325,113970145,2490935,307668,6049
2026-10-08T06:00:24Z,10052184484,265,47234604,2906763,24352,2059
2026-10-08T06:00:24Z,10057343903,1444,111919421,4338974,217027,11902
2026-10-08T06:00:24Z,10057403337,7705,236852455,8813842,79116,11301
2026-10-08T06:00:24Z,10059548251,1763,58811006,127401,136886,10428
2026-10-08T06:00:24Z,10059591740,169,26357005,1183522,60969,2874
2026-10-08T06:00:24Z,10060242820,850,95904434,80849,23821,8320
2026-10-08T06:00:24Z,10061100187,529,28475584,413653,9262,2162
2026-10-08T06:00:24Z,10061124506,665,67570557,163241,241151,12960
2026-10-08T06:00:24Z,10061909806,2316,58439530,63552,16133,1932
2026-10-08T06:00:24Z,10064401653,276,11442935,127204,30106,9690
2026-10-08T06:00:24Z,10065013948,1593,76349466,119885,133161,8635
2026-10-08T06:00:24Z,10065930742,166,5057912,347791,1682,558
2026-10-08T06:00:24Z,10066618669,784,28547342,37560,3989,1717
2026-10-08T06:00:24Z,10066929248,172,29888528,117872,102586,4259
2026-10-08T06:00:24Z,10067173115,536,22661059,73888,128714,80125
2026-10-08T06:00:24Z,10067258922,2362,108567981,6866281,400055,4582
2026-10-08T06:00:24Z,10067540823,513,10339737,12673,3472,479
2026-10-08T06:00:24Z,10067868611,277,20789572,34878,25394,1579
2026-10-08T06:00:24Z,10069043526,653,42260755,960094,60335,5719
2026-10-08T06:00:24Z,10074335448,444,1177101,24898,7107,1090
2026-10-08T06:00:24Z,10075660664,269,2694060,7666,7140,288
2026-10-08T06:00:24Z,10080411105,170,4269720,9171,6431,599
2026-10-08T06:00:24Z,10081194651,472,50873971,193633,510376,5180
2026-10-08T06:00:24Z,10083552936,235,12738069,566516,12575,1687
2026-10-08T06:00:24Z,10090256806,1638,55505409,688261,196120,19220
2026-10-08T06:00:24Z,10090384240,192,5821367,94579,27966,2427
2026-10-08T06:00:24Z,10090818841,259,1938131,1906,2745,909
2026-10-08T06:00:24Z,10091482757,176,7271672,25061,26963,629
2026-10-08T06:00:24Z,10091766471,5487,44937431,111308,29158,3084
2026-10-08T06:00:24Z,10092619788,1130,13532294,8669,23999,740
2026-10-08T06:00:24Z,10094225577,869,61458586,716964,53771,13092
2026-10-08T06:00:24Z,10096155511,2578,68115579,160929,50094,5882
2026-10-08T06:00:24Z,10098095975,560,31067659,1049299,177357,2307
2026-10-08T06:00:24Z,10101367087,1590,13908139,405101,7515,1423
2026-10-08T06:00:24Z,10103595714,1429,40374303,145161,110209,7293
2026-10-08T06:00:24Z,10107805924,273,17776944,385551,21851,740
2026-10-08T06:00:24Z,10108046010,822,23936803,59464,13245,1694
2026-10-08T06:00:24Z,10110316965,925,24607651,681604,11279,3774
2026-10-08T06:00:24Z,10112019404,678,16930162,239761,22995,5931
2026-10-08T06:00:24Z,10112435932,139,4746723,85223,8138,320
2026-10-08T06:00:24Z,10113997049,714,22217229,234173,45089,6379
2026-10-08T06:00:24Z,10116272705,7147,3465767,7422,23544,697
2026-10-08T06:00:24Z,10117986107,5079,77541197,568809,14347,4623
2026-10-08T06:00:24Z,10191144118,497,76690736,325536,29525,14039
2026-10-08T06:00:24Z,10192659240,329,23296512,34115,10759,1196
2026-10-08T06:00:24Z,10195997258,1799,51709422,124831,77685,3917
2026-10-08T06:00:24Z,10196660716,230,39510668,2853164,21900,2388
2026-10-08T06:00:24Z,10196985448,999,54632123,263343,49530,9086
2026-10-08T06:00:24Z,10197758650,2493,16079584,350324,14808,948
2026-10-08T06:00:24Z,10198825880,382,13273790,102125,61330,1539
2026-10-08T06:00:24Z,10199301628,4437,439288635,2067244,776152,42824
2026-10-08T06:00:24Z,10200395747,2549,1676668049,663165,719807,99537
2026-10-08T06:00:24Z,10202515720,255,2856182,5465,2842,384
2026-10-08T06:00:24Z,10203815049,261,20018063,29310,18379,3071
2026-10-08T06:00:24Z,10204542673,1314,38871043,1360998,27171,3349
2026-10-08T06:00:24Z,10205419329,333,10360060,25264,5674,2516
2026-10-08T06:00:24Z,10205485380,293,39022188,52059,42461,5960
2026-10-08T06:00:24Z,10209534490,2152,124569225,399478,1145311,12037
2026-10-08T06:00:24Z,10211159992,503,44292024,2368614,15468,1523
2026-10-08T06:00:24Z,10212081143,395,1509215,42458,3809,1092
2026-10-08T06:00:24Z,10213583516,218,20146586,1035157,59097,2171
2026-10-08T06:00:24Z,10217234318,231,59222115,119161,104999,3828
2026-10-08T06:00:24Z,10219827882,349,10947153,103560,232631,2548
2026-10-08T06:00:24Z,10222476236,4430,42086105,161106,69696,5293
2026-10-08T06:00:24Z,10223976219,2348,51011966,96941,65847,7217
2026-10-08T06:00:24Z,10226261982,3795,10126222,369034,127530,1282
2026-10-08T06:00:24Z,10226701629,736,96083782,351161,143037,11318
2026-10-08T06:00:24Z,10230942274,4424,99778034,214392,239413,18243
2026-10-08T06:00:24Z,10231502419,2500,7075581,54209,20298,757
2026-10-08T06:00:24Z,10231871497,732,45748742,88837,166757,2443
2026-10-08T06:00:24Z,10232632495,310,19245411,34039,9423,2433
2026-10-08T06:00:24Z,10232686472,1158,74381008,359319,62471,6191
2026-10-08T06:00:24Z,10232922349,170,7229142,74781,64003,846
2026-10-08T06:00:24Z,10236023188,1058,124581353,315571,338202,11368
2026-10-08T06:00:24Z,10236805062,297,860407,31491,5830,684
2026-10-08T06:00:24Z,10241000620,392,16342487,89348,53158,2800
2026-10-08T06:00:24Z,10241783978,321,2252399,115023,55252,1597
2026-10-08T06:00:24Z,10242984742,309,10114321,26192,2010,876
2026-10-08T06:00:24Z,10244001346,2778,122435188,130471,34635,3030
2026-10-08T06:00:24Z,10245012052,188,3691614,1985,1242,280
2026-10-08T06:00:24Z,10246108265,2237,22190933,162845,93863,3252
2026-10-08T06:00:24Z,10246872585,284,12750763,12106,5716,1199
2026-10-08T06:00:24Z,10247712813,165,33034472,49174,28645,1333
2026-10-08T06:00:24Z,10247797619,2853,72692218,205809,31342,10340
2026-10-08T06:00:24Z,10249209189,654,59721022,354516,865802,11385
2026-10-08T06:00:24Z,10253235584,1232,66479083,643305,274739,4225
2026-10-08T06:00:24Z,10253446435,763,21914652,108658,442305,4468
2026-10-08T06:00:24Z,10253570298,212,2042005,9611,11347,692
2026-10-08T06:00:24Z,10254680421,2231,91518655,2436133,27791,6757
2026-10-08T06:00:24Z,10255492538,229,8037126,19282,25226,921
2026-10-08T06:00:24Z,10255788071,1117,14470975,40775,19246,2642
2026-10-08T06:00:24Z,10256263771,292,24751720,44910,63216,823
2026-10-08T06:00:24Z,10258084287,217,23096445,33419,14815,622
2026-10-08T06:00:24Z,10258991999,14192,61534001,864556,161838,8068
2026-10-08T06:00:24Z,10259258713,592,37281932,2516577,98022,2488
2026-10-08T06:00:24Z,10261267004,10261,127902251,376716,125677,7184
2026-10-08T06:00:24Z,10263732883,954,6350610,38736,11319,2134
2026-10-08T06:00:24Z,10267363348,970,143606417,403015,340588,15661
2026-10-08T06:00:24Z,10267571771,1798,42227501,659516,8724,1440
2026-10-08T06:00:24Z,10267638347,1086,8052629,477746,1613,483
2026-10-08T06:00:24Z,10268960646,1081,31417648,884093,58849,3597
2026-10-08T06:00:24Z,10269820836,2875,28791663,9940,11451,1966
2026-10-08T06:00:24Z,10270331873,174,9630733,39915,46168,3806
2026-10-08T06:00:24Z,10270349664,224,53337369,4492232,102622,4150
2026-10-08T06:00:24Z,10271723279,527,7648274,159802,31834,2102
2026-10-08T06:00:24Z,10272020404,328,34668368,58839,18872,4131
2026-10-08T06:00:24Z,10272236945,425,39642534,58365,21042,2419
2026-10-08T06:00:24Z,10272975313,829,27858838,60977,45595,3700
2026-10-08T06:00:24Z,10274447949,862,59342976,4154631,27610,3772
2026-10-08T06:00:24Z,10275970697,167,36500470,244863,33899,6089
2026-10-08T06:00:24Z,10276281921,244,81320645,209083,31501,10278
2026-10-08T06:00:24Z,10278774552,3471,202819581,349423,67388,18499
2026-10-08T06:00:24Z,10281666052,403,6363055,86910,20628,1921
2026-10-08T06:00:24Z,10282097014,13359,3949211,77161,28720,1420
2026-10-08T06:00:24Z,10284380969,418,12392982,473153,6190,812
2026-10-08T06:00:24Z,10286150288,636,56272638,60111,16419,5695
2026-10-08T06:00:24Z,10289201563,2039,85102435,184676,17878,4919
2026-10-08T06:00:24Z,10290366643,103,12510453,30894,7544,2366
2026-10-08T06:00:24Z,10292947079,301,20005765,26821,7398,8958
2026-10-08T06:00:24Z,10297836599,1370,20137413,42452,37366,2096
2026-10-08T06:00:24Z,10298144467,1902,40475366,42649,95480,3060
2026-10-08T06:00:24Z,10299262219,246,7631430,18419,6756,2158
2026-10-08T06:00:24Z,10299762956,567,36593492,121942,102209,5229
2026-10-08T06:00:24Z,10302179427,761,2383803,6083,483,368
2026-10-08T06:00:24Z,10308844888,1452,2450902,3768,468,105
2026-10-08T06:00:24Z,10309128556,510,13359478,190338,225148,4114
2026-10-08T06:00:24Z,10310095331,34,3199187,27215,2991,355
2026-10-08T06:00:24Z,10310563053,1499,50316925,78118,75422,18111
2026-10-08T06:00:24Z,10310999762,5112,31136088,46798,41879,1616
2026-10-08T06:00:24Z,10313654312,907,2134999,6023,1246,347
2026-10-08T06:00:24Z,10320417842,1406,7763768,196637,24828,808
2026-10-08T06:00:24Z,10321202755,6094,53609110,491750,172777,2933
2026-10-08T06:00:24Z,10324001605,2057,20439341,490308,100374,2519
2026-10-08T06:00:24Z,10326559245,592,2945086,9421,6424,276
2026-10-08T06:00:24Z,10329213173,299,31566116,41373,38210,2242
2026-10-08T06:00:24Z,10329489265,3411,36894425,2698451,4766,939
2026-10-08T06:00:24Z,10329995185,270,30687698,444760,172038,4677
2026-10-08T06:00:24Z,10334731049,271,59819917,296767,81024,6116
2026-10-08T06:00:24Z,10335507006,686,1682608,176166,8366,348
2026-10-08T06:00:24Z,10336278580,1696,44446916,1181455,317661,3528
2026-10-08T06:00:24Z,10337157761,274,20947034,1220234,16882,949
2026-10-08T06:00:24Z,10338952197,3878,116584455,7262258,382893,8499
2026-10-08T06:00:24Z,10340721921,205,10998065,36368,47406,2492
2026-10-08T06:00:24Z,10343795685,412,22599065,52118,9392,2293
2026-10-08T06:00:24Z,10346503194,225,22920310,95017,55820,1362
2026-10-08T06:00:24Z,10350558449,688,29976721,628721,22867,2054
2026-10-08T06:00:24Z,10351246089,473,4529606,84911,8862,2586
2026-10-08T06:00:24Z,10351850295,2155,37931499,1172029,10807,3363
2026-10-08T06:00:24Z,10352185757,158,36065079,202900,56783,5602
2026-10-08T06:00:24Z,10356701370,196,95567263,388886,275865,13755
2026-10-08T06:00:24Z,10364552556,605,6023137,176299,26856,1157
2026-10-08T06:00:24Z,10364947962,139,14767195,22238,10175,1072
2026-10-08T06:00:24Z,10368005384,439,38756705,191949,533392,6050
2026-10-08T06:00:24Z,10370802481,697,112624283,338387,25268,9254
2026-10-08T06:00:24Z,10371406677,4680,18678112,75938,51170,1040
2026-10-08T06:00:24Z,10372351735,250,41751880,92659,167220,3260
2026-10-08T06:00:24Z,10372466625,191,29048506,63520,33790,17636
2026-10-08T06:00:24Z,10376944238,2134,60002114,326223,541215,11030
2026-10-08T06:00:24Z,10378885079,440,81880032,43428,15786,5108
2026-10-08T06:00:24Z,10380743712,2367,12133195,39162,3248,1122
2026-10-08T06:00:24Z,10381830868,151,4956788,21694,6057,438
2026-10-08T06:00:24Z,10383037602,211,26898078,1684801,8110,1066
2026-10-08T06:00:24Z,10383973024,759,32152098,1129850,31972,1768
2026-10-08T06:00:24Z,10384841418,312,88308192,2375049,71799,6330
2026-10-08T06:00:24Z,10384890234,425,18503914,33130,7173,1287
2026-10-08T06:00:24Z,10387635049,1066,9218215,444100,11172,1143
2026-10-08T06:00:24Z,10389353525,1285,13259822,78517,31351,2229
2026-10-08T06:00:24Z,10389762549,581,889147,8445,11946,288
2026-10-08T06:00:24Z,10390151142,525,10780722,36080,11744,2008
2026-10-08T06:00:24Z,10391036163,1250,8104547,171180,16476,2230
2026-10-08T06:00:24Z,10391461348,630,12219078,40196,60060,931
2026-10-08T06:00:24Z,10392686454,148,5731712,478476,2766,752
2026-10-08T06:00:24Z,10393438342,2829,19864916,16825,16216,1327
2026-10-08T06:00:24Z,10393620082,987,89021193,180075,141589,9209
2026-10-08T06:00:24Z,10394064134,1570,29026043,2112460,7816,3098
2026-10-08T06:00:24Z,10397566868,820,179812659,483295,244065,19233
2026-10-08T06:00:24Z,10398947938,441,3648676,20081,7113,1685
2026-10-08T06:00:24Z,10399125962,1802,125217789,217868,36293,22834
2026-10-08T06:00:24Z,10399136326,8778,110142734,174849,98080,12955
2026-10-08T06:00:24Z,10399413858,1111,18824712,24087,19036,992
2026-10-08T06:00:24Z,10399524075,273,6129876,33996,41388,1233
2026-10-08T06:00:24Z,10403820097,1499,41123411,1499266,15023,5209
2026-10-08T06:00:24Z,10404519332,1059,24029272,96123,30645,6332
2026-10-08T06:00:24Z,10405010493,1454,89208496,221054,175048,12991
2026-10-08T06:00:24Z,10405785379,997,20925091,41746,8751,837
2026-10-08T06:00:24Z,10406744768,147,22433932,40517,12775,1233
2026-10-08T06:00:24Z,10406853972,372,25733612,2146238,7721,833
2026-10-08T06:00:24Z,10409732219,434,96807580,5901914,245131,7042
2026-10-08T06:00:24Z,10410945205,1823,75582461,129398,116194,3643
2026-10-08T06:00:24Z,10411998017,992,6261031,15700,24557,4118
2026-10-08T06:00:24Z,10415694629,3202,25601775,125006,21854,2847
2026-10-08T06:00:24Z,10415845204,2096,11543896,794830,69284,1393
2026-10-08T06:00:24Z,10417857486,237,13846964,90878,27847,2262
2026-10-08T06:00:24Z,10417987249,368,5130400,73312,26200,3802
2026-10-08T06:00:24Z,10418117926,1402,24688707,128442,48455,2602
2026-10-08T06:00:24Z,10418224975,719,14306020,421252,21534,1062
2026-10-08T06:00:24Z,10418381226,394,11769329,61056,68655,1785
2026-10-08T06:00:24Z,10419655626,164,7038851,150376,3723,454
2026-10-08T06:00:24Z,10420582875,282,23171075,1329145,57018,3624
2026-10-08T06:00:24Z,10421154706,659,32883060,799230,117794,4324
2026-10-08T06:00:24Z,10421901778,4055,21222846,112011,41244,2181
2026-10-08T06:00:24Z,10422038064,1191,2232873,8607,3627,212
2026-10-08T06:00:24Z,10424107160,2426,4445115,40974,8874,497
2026-10-08T06:00:24Z,10425789398,398,112678,6511,3020,119
2026-10-08T06:00:24Z,10426768719,207,622006,12949,3159,2901
2026-10-08T06:00:24Z,10428543942,242,4984404,26513,10962,1844
2026-10-08T06:00:24Z,10430019389,10656,11143567,304814,150875,2728
2026-10-08T06:00:24Z,10430413968,375,30390373,596509,30065,5375
2026-10-08T06:00:24Z,10431718987,2041,43590521,108811,130295,4190
2026-10-08T06:00:24Z,10435170241,228,9972297,33293,12783,1778
2026-10-08T06:00:24Z,10435851846,129,23788168,230804,19458,2789
2026-10-08T06:00:24Z,10436530264,16911,13118255,269306,39550,1543
2026-10-08T06:00:24Z,10437809977,79,15670786,34610,44567,1062
2026-10-08T06:00:24Z,10438013523,835,59879066,318310,207801,16836
2026-10-08T06:00:24Z,10439568447,1691,23244226,250087,50301,2917
2026-10-08T06:00:24Z,10440833423,2288,101869543,331636,719037,15483
2026-10-08T06:00:24Z,10441199872,1134,77850715,129307,68838,4244
2026-10-08T06:00:24Z,10445832507,483,816078,11060,12952,544
2026-10-08T06:00:24Z,10446291786,716,22048522,134063,8892,2429
2026-10-08T06:00:24Z,10448889633,216,8080520,25615,42034,1031
2026-10-08T06:00:24Z,10452740285,1686,21568179,109491,267268,3894
2026-10-08T06:00:24Z,10454554751,998,117633057,2277858,315390,10976
2026-10-08T06:00:24Z,10454932245,1481,16666909,38373,7392,1518
2026-10-08T06:00:24Z,10455462279,1362,62268210,2301170,24465,7711
2026-10-08T06:00:24Z,10455741150,1503,17098071,34322,14082,4685
2026-10-08T06:00:24Z,10456511458,839,16152638,32296,14233,1245
2026-10-08T06:00:24Z,10456881513,644,21949125,783349,65626,21048
2026-10-08T06:00:24Z,10458789587,579,17412038,61848,30474,4845
2026-10-08T06:00:24Z,10460801145,8701,212101126,235940,77722,12638
2026-10-08T06:00:24Z,10461810987,210,35953121,65258,12500,2235
2026-10-08T06:00:24Z,10463578886,650,8963307,23287,42152,929
2026-10-08T06:00:24Z,10466601694,562,2326756,18695,10958,1422
2026-10-08T06:00:24Z,10469426282,819,5461714,13913,20701,891
2026-10-08T06:00:24Z,10471583973,1580,32546179,103828,44513,3825
2026-10-08T06:00:24Z,10475794799,3566,124215968,1739249,245357,8892
2026-10-08T06:00:24Z,10480998942,278,16934614,26552,2896,2070
2026-10-08T06:00:24Z,10481791182,955,31283686,561193,12620,2627
2026-10-08T06:00:24Z,10482775464,456,34599247,278736,119646,5413
2026-10-08T06:00:24Z,10482905194,1344,16280075,41249,6266,1272
2026-10-08T06:00:24Z,10485201326,1412,18503062,550687,20014,986
2026-10-08T06:00:24Z,10493730706,163,17496749,116016,29678,4147
2026-10-08T06:00:24Z,10495391267,856,5105050,62121,12032,894
2026-10-08T06:00:24Z,10496189928,1693,6928530,16141,1977,910
2026-10-08T06:00:24Z,10496981141,401,20988080,190099,17745,1270
2026-10-08T06:00:24Z,10500388554,207,17812111,45909,7292,1235
2026-10-08T06:00:24Z,10501640692,1112,14274779,305014,46998,5441
2026-10-08T06:00:24Z,10501944811,1278,7377070,22361,73046,836
2026-10-08T06:00:24Z,10502841145,11065,105388967,127580,37817,1339
2026-10-08T06:00:24Z,10503838245,301,3488609,191840,86277,893
2026-10-08T06:00:24Z,10504837200,583,14275820,719679,73198,1589
2026-10-08T06:00:24Z,10504918958,1459,4416947,157967,127796,2353
2026-10-08T06:00:24Z,10506207587,853,35482595,73355,33693,3116
2026-10-08T06:00:24Z,10506291803,707,9749539,174716,50274,1358
2026-10-08T06:00:24Z,10507075860,660,31060071,1403326,22408,2266
2026-10-08T06:00:24Z,10507650215,239,1059515,31576,10137,2262
2026-10-08T06:00:24Z,10508386614,362,353674,7151,11227,417
2026-10-08T06:00:24Z,10512942223,22127,7249554,35925,41275,1009
2026-10-08T06:00:24Z,10514223296,934,23562160,128922,87203,4268
2026-10-08T06:00:24Z,10514280922,578,16781738,32382,17529,1277
2026-10-08T06:00:24Z,10514488908,161,20956048,51270,6480,6429
2026-10-08T06:00:24Z,10515406328,235,8209219,81194,4887,736
2026-10-08T06:00:24Z,10516888336,578,85584666,1501414,323368,6625
2026-10-08T06:00:24Z,10517428659,130,14893444,53997,46799,2059
2026-10-08T06:00:24Z,10520829450,1256,39522189,67241,34719,2223
2026-10-08T06:00:24Z,10521797740,2756,56907483,118413,67987,15661
2026-10-08T06:00:24Z,10522766429,172,671251,5597,9257,377
2026-10-08T06:00:24Z,10522965485,324,8168469,552050,5044,304
2026-10-08T06:00:24Z,10524813259,1781,10418305,44330,20604,2410
2026-10-08T06:00:24Z,10526166728,501,10546164,23183,18367,1353
2026-10-08T06:00:24Z,10526434002,685,31153638,48548,20868,4498
2026-10-08T06:00:24Z,10526463655,3126,14764235,30745,6677,2438
2026-10-08T06:00:24Z,10526853622,7022,9382011,158779,27637,929
2026-10-08T06:00:24Z,10528250136,485,29582165,1794551,108854,4066
2026-10-08T06:00:24Z,10529067596,1084,20636015,613906,20967,2615
2026-10-08T06:00:24Z,10529769390,6480,25949343,17332,11259,2845
2026-10-08T06:00:24Z,10530261598,1820,158467088,459651,67453,12090
2026-10-08T06:00:24Z,10531477636,378,5162535,26377,31816,608
2026-10-08T06:00:24Z,10532995815,4555,8143722,203479,64259,1512
2026-10-08T06:00:24Z,10533638982,1604,8565287,56704,29627,1691
2026-10-08T06:00:24Z,10534873486,6924,11041343,342388,7442,714
2026-10-08T06:00:24Z,10535292470,242,11639382,24631,11805,553
2026-10-08T06:00:24Z,10536000210,1302,15812188,32686,14230,850
2026-10-08T06:00:24Z,10536853610,95,5353526,14732,19719,2655
2026-10-08T06:00:24Z,10537172776,765,24284815,59316,20568,2073
2026-10-08T06:00:24Z,10537346933,380,2370246,56602,18124,1229
2026-10-08T06:00:24Z,10539411000,8236,221135646,348713,132566,19995
2026-10-08T06:00:24Z,10541331578,931,3234580,214351,11999,1335
2026-10-08T06:00:24Z,10544327471,701,37222799,123663,127133,2834
2026-10-08T06:00:24Z,10544339689,1020,14231535,1304917,5118,734
2026-10-08T06:00:24Z,10546705891,694,31261812,117767,57074,5634
2026-10-08T06:00:24Z,10547918402,410,44586408,88085,113386,2693
2026-10-08T06:00:24Z,10549129889,227,14284981,53821,19857,2736
2026-10-08T06:00:24Z,10550257968,7469,29325671,915104,10408,4040
2026-10-08T06:00:24Z,10550305160,278,974164,6892,1842,433
2026-10-08T06:00:24Z,10551923502,993,28571309,2256860,38336,751
2026-10-08T06:00:24Z,10552240401,3887,6180305,97080,23381,863
2026-10-08T06:00:24Z,10552540426,1166,12744114,386432,250256,4203
2026-10-08T06:00:24Z,10553704684,2712,6016361,318594,20553,1702
2026-10-08T06:00:24Z,10554316588,187,17733642,47827,72091,839
2026-10-08T06:00:24Z,10556383571,869,1431154,19819,14692,297
2026-10-08T06:00:24Z,10561166339,6728,3314659,140745,6392,350
2026-10-08T06:00:24Z,10561309674,361,1708972,27286,5992,295
2026-10-08T06:00:24Z,10561352230,883,45276894,1736073,443448,4769
2026-10-08T06:00:24Z,10563114921,1231519,7167162593,7074525,3282679,277556
2026-10-08T06:00:24Z,10565445771,231,34071323,107272,48290,30668
2026-10-08T06:00:24Z,10566677406,2662,6330220,140161,22816,2682
2026-10-08T06:00:24Z,10569930060,206,13654719,203403,70282,7717
2026-10-08T06:00:24Z,10571722689,351,13229757,62316,91245,6376
2026-10-08T06:00:24Z,10572887321,1797,10213769,506810,59632,3206
2026-10-08T06:00:24Z,10575619152,1207,9222129,552261,34461,1376
2026-10-08T06:00:24Z,10576739951,1208,37717527,379752,23797,4305
2026-10-08T06:00:24Z,10577377368,269,3852058,7076,2753,741
2026-10-08T06:00:24Z,10577588270,2114,41636915,636994,150462,3634
2026-10-08T06:00:24Z,10577682617,1387,37040329,87473,39780,4038
2026-10-08T06:00:24Z,10579389074,2306,23027051,53604,29425,3147
2026-10-08T06:00:24Z,10583634958,579,21714473,36647,13266,2692
2026-10-08T06:00:24Z,10586746293,3041,13727371,62631,33908,2009
2026-10-08T06:00:24Z,10587328652,460,14988059,22153,8773,2387
2026-10-08T06:00:24Z,10588977897,519,17015403,50689,42588,2350
2026-10-08T06:00:24Z,10589388621,290,3784244,250493,13877,1106
2026-10-08T06:00:24Z,10589881655,3190,2402962,7981,5234,319
2026-10-08T06:00:24Z,10590149941,1603,6099205,11566,2283,501
2026-10-08T06:00:24Z,10590260635,1410,6180002,326502,4856,605
2026-10-08T06:00:24Z,10593319486,829,1036848,21414,18295,292
2026-10-08T06:00:24Z,10597001332,4933,3727940,89618,15366,9666
2026-10-08T06:00:24Z,10598641427,168,5366622,97413,18300,1393
2026-10-08T06:00:24Z,10598688389,1202,7834313,32283,12316,4650
2026-10-08T06:00:24Z,10599927450,302,5744070,570337,7265,909
2026-10-08T06:00:24Z,10601155553,1505,32362245,188396,125610,5590
2026-10-08T06:00:24Z,10601447895,154,38968337,733319,31883,5834
2026-10-08T06:00:24Z,10603011269,1108,5510610,156737,17926,843
2026-10-08T06:00:24Z,10603675889,2517,2274280,13936,1562,401
2026-10-08T06:00:24Z,10604542637,163,5888248,18396,26666,3551
2026-10-08T06:00:24Z,10604772590,1303,30975023,59109,40360,4478
2026-10-08T06:00:24Z,10608856704,2514,8487335,466277,65878,1053
2026-10-08T06:00:24Z,10608908197,115,4466568,212393,6415,1075
2026-10-08T06:00:24Z,10612017628,2438,11261506,513651,25530,1000
2026-10-08T06:00:24Z,10614082913,97,13158311,600006,4463,1287
2026-10-08T06:00:24Z,10616474341,605,18303823,56801,16063,2880
2026-10-08T06:00:24Z,10619854384,668,1333997,86179,10106,1009
2026-10-08T06:00:24Z,10624691669,5526,141422158,409519,80998,14413
2026-10-08T06:00:24Z,10626746750,344,1269296,22767,5125,1476
2026-10-08T06:00:24Z,10628006421,767,6514924,115482,20730,1821
2026-10-08T06:00:24Z,10628223804,4558,12178254,6209,15472,909
2026-10-08T06:00:24Z,10628526114,1723,6031805,21057,17817,400
2026-10-08T06:00:24Z,10628907188,816,36151733,831915,59314,6889
2026-10-08T06:00:24Z,10630620554,446,7358813,72497,41431,4278
2026-10-08T06:00:24Z,10630800860,6013,53466954,1517860,6926,6680
2026-10-08T06:00:24Z,10631775021,1770,3725667,64165,4064,375
2026-10-08T06:00:24Z,10634461028,3798,75650411,94096,46042,5753
2026-10-08T06:00:24Z,10635348596,2768,24880278,137365,17965,2266
2026-10-08T06:00:24Z,10636331438,6846,9673256,312342,72978,1279
2026-10-08T06:00:24Z,10637513477,173,18102367,27380,15050,2403
2026-10-08T06:00:24Z,10637759898,1262,34191445,77695,4720,2126
2026-10-08T06:00:24Z,10638048650,390,4065501,35253,879,258
2026-10-08T06:00:24Z,10640957718,142,3876415,10077,3365,2773
2026-10-08T06:00:24Z,10641300771,1238,12951177,100900,8923,1028
2026-10-08T06:00:24Z,10642022844,398,6993134,68375,2800,770
2026-10-08T06:00:24Z,10642548584,326,668183,16830,4154,713
2026-10-08T06:00:24Z,10642702105,416,3827756,12996,25858,1292
2026-10-08T06:00:24Z,10643795368,3773,12290249,59247,26715,3539
2026-10-08T06:00:24Z,10643877552,1292,888622,3218,2156,166
2026-10-08T06:00:24Z,10647949490,1467,15900684,28034,10717,467
2026-10-08T06:00:24Z,10648555380,214,2050895,48507,9456,453
2026-10-08T06:00:24Z,10648640958,1625,42103862,482429,36852,3870
2026-10-08T06:00:24Z,10648820673,5468,72996636,1742163,141163,3581
2026-10-08T06:00:24Z,10649255304,8529,46983028,2756352,17787,2490
2026-10-08T06:00:24Z,10649457157,192,5353245,119033,27939,9530
2026-10-08T06:00:24Z,10662463285,784,9246994,41436,17314,2961
2026-10-08T06:00:24Z,10664667515,419,29588957,459330,15826,1620
2026-10-08T06:00:24Z,10665420648,5968,14867383,159966,180203,4611
2026-10-08T06:00:24Z,10667006841,2484,12990525,35476,13528,3120
2026-10-08T06:00:24Z,10667357873,5807,13242856,197442,31711,1515
2026-10-08T06:00:24Z,10667860714,300,2294964,130270,59942,1224
2026-10-08T06:00:24Z,10669713140,584,7319101,15630,2519,385
2026-10-08T06:00:24Z,10673920146,6462,6119302,123695,25936,859
2026-10-08T06:00:24Z,10675117523,12804,13121254,110463,23506,1115
2026-10-08T06:00:24Z,10677698797,1207,7458162,62133,19795,1646
2026-10-08T06:00:24Z,10681914462,6916,109617375,295620,281218,13579
2026-10-08T06:00:24Z,10682099418,570,27621346,1282665,27549,1929
2026-10-08T06:00:24Z,10683945170,244,22051224,1139884,16411,3114
2026-10-08T06:00:24Z,10684750879,28609,64216573,2726172,135312,4554
2026-10-08T06:00:24Z,10685282333,20997,85888193,137248,216973,27734
2026-10-08T06:00:24Z,10690360998,4751,102519866,124900,93960,6426
2026-10-08T06:00:24Z,10690942083,1895,11157994,13680,3490,858
2026-10-08T06:00:24Z,10694549945,1340,20562862,31223,31691,1229
2026-10-08T06:00:24Z,10696894951,6353,21343844,34544,11155,2040
2026-10-08T06:00:24Z,10698216738,2109,30581809,113422,143570,3480
2026-10-08T06:00:24Z,10699057921,282,4087699,52295,10488,1590
2026-10-08T06:00:24Z,10700505394,985,37115218,120424,156718,8150
2026-10-08T06:00:24Z,10700618962,7371,12081797,295643,30046,521
2026-10-08T06:00:24Z,10701628624,4812,24918093,383880,9519,2256
2026-10-08T06:00:24Z,10704015784,1743,10288242,31140,12727,2032
2026-10-08T06:00:24Z,10705618167,128,7028874,7909,5249,1403
2026-10-08T06:00:24Z,10708913337,56035,77236111,141207,573022,4170
2026-10-08T06:00:24Z,10714746778,2191,17759507,732352,123135,4122
2026-10-08T06:00:24Z,10717002748,9696,10287571,409964,96875,3820
2026-10-08T06:00:24Z,10717199977,3672,15389683,369753,7576,1429
2026-10-08T06:00:24Z,10718240577,2151,24408088,200215,87071,1523
2026-10-08T06:00:24Z,10723087263,1260,2702235,8743,2544,438
2026-10-08T06:00:24Z,10724269636,1236,13842396,27787,22244,1240
2026-10-08T06:00:24Z,10727829780,576,8651732,60089,22402,2484
2026-10-08T06:00:24Z,10730414817,600,281625,4054,1105,24
2026-10-08T06:00:24Z,10732236937,6566,34803784,69182,40744,3561
2026-10-08T06:00:24Z,10733110573,486,4334388,18628,4135,2571
2026-10-08T06:00:24Z,10737127681,134,8424428,48946,26517,2753
2026-10-08T06:00:24Z,10737231383,1538,24272585,621660,20752,1740
2026-10-08T06:00:24Z,10737256446,450,6872079,584815,10418,1323
2026-10-08T06:00:24Z,10737656087,4531,6049217,14698,9674,760
2026-10-08T06:00:24Z,10737986845,5502,4079201,131315,4051,427
2026-10-08T06:00:24Z,10739044772,1753,8095117,186471,53491,833
2026-10-08T06:00:24Z,10739112966,3098,3084852,23388,2633,733
2026-10-08T06:00:24Z,10739681803,164,2849870,50830,1064,245
2026-10-08T06:00:24Z,10740316645,6541,5449462,21413,52789,681
2026-10-08T06:00:24Z,10741302505,1234,5129045,184416,43870,978
2026-10-08T06:00:24Z,10741514942,3351,4457398,65476,3790,820
2026-10-08T06:00:24Z,10741654282,12651,47788335,1118808,246922,5002
2026-10-08T06:00:24Z,10741792653,2057,11751613,101668,28390,929
2026-10-08T06:00:24Z,10742019356,672,22557300,35704,8607,1716
2026-10-08T06:00:24Z,10742937135,2159,5768277,69102,10108,2418
2026-10-08T06:00:24Z,10743048214,2849,1295617,26094,9252,394
2026-10-08T06:00:24Z,10744310825,8364,20385742,1175257,8175,3123
2026-10-08T06:00:24Z,10747748563,384,15097998,364635,16113,3210
2026-10-08T06:00:24Z,10748543623,3351,1680956,50994,41453,648
2026-10-08T06:00:24Z,10748586525,828,333585,2583,486,126
2026-10-08T06:00:24Z,10749831764,134,4169829,452777,4598,532
2026-10-08T06:00:24Z,10750406988,351,346555,1481,846,98
2026-10-08T06:00:24Z,10751572992,1345,4528790,16788,9107,1425
2026-10-08T06:00:24Z,10751939592,1937,12979320,951488,872,324
2026-10-08T06:00:24Z,10752743876,2556,5567385,230896,3358,531
2026-10-08T06:00:24Z,10752833252,1243,6662260,44843,2883,470
2026-10-08T06:00:24Z,10753487407,1626,17234693,85162,23330,1209
2026-10-08T06:00:24Z,10753751277,15719,18719113,1740860,49062,2259
2026-10-08T06:00:24Z,10755094976,624,22720345,76894,8115,1428
2026-10-08T06:00:24Z,10756011174,8942,97008098,225153,371636,16006
2026-10-08T06:00:24Z,10756631918,436,1067129,52503,627,127
2026-10-08T06:00:24Z,10756780270,2164,4872852,13019,834,227
2026-10-08T06:00:24Z,10757247806,989,1210164,11646,4926,516
2026-10-08T06:00:24Z,10757498504,2113,13559721,39022,19982,661
2026-10-08T06:00:24Z,10757504146,1069,19981540,29693,8883,661
2026-10-08T06:00:24Z,10757704931,3488,1372223,61140,13460,332
2026-10-08T06:00:24Z,10758397570,2379,14364430,29765,14312,367
2026-10-08T06:00:24Z,10759337137,5194,37124788,372008,181307,5294
2026-10-08T06:00:24Z,10759415852,1125,4116543,204702,48681,1029
2026-10-08T06:00:24Z,10759430423,2483,4192596,116209,10091,384
2026-10-08T06:00:24Z,10759478428,2591,4022139,151623,38686,765
2026-10-08T06:00:24Z,10759485670,407,9219928,37215,4497,659
2026-10-08T06:00:24Z,10759518799,2243,10494074,102508,11797,992
2026-10-08T06:00:24Z,10759594563,1356,6588811,14840,8793,2163
2026-10-08T06:00:24Z,10759638075,4470,5034828,151235,72597,1081
2026-10-08T06:00:24Z,10759661128,576,10163316,45120,5244,2390
2026-10-08T06:00:24Z,10759860151,2075,23308363,39853,27969,3618
2026-10-08T06:00:24Z,10761115872,214,8781276,545819,13724,10193
2026-10-08T06:00:24Z,10761143648,975,4062791,25090,17895,560
2026-10-08T06:00:24Z,10761200080,654,5119123,28669,51572,4183
2026-10-08T06:00:24Z,10761375767,1570,5448724,365829,86934,2031
2026-10-08T06:00:24Z,10761375938,1339,8268803,31445,58211,952
2026-10-08T06:00:24Z,10761687472,3111,135612737,456430,99583,13603
2026-10-08T06:00:24Z,10762175328,197,1027483,2602,3193,239
2026-10-08T06:00:24Z,10762388019,3377,28460047,112840,217396,16677
2026-10-08T06:00:24Z,10762636904,1708,3769146,29670,24947,306
2026-10-08T06:00:24Z,10762757054,3803,18464956,63472,22040,5847
2026-10-08T06:00:24Z,10762798338,479,6053539,19802,4382,431
2026-10-08T06:00:24Z,10763714513,3165,3309707,15198,3698,234
2026-10-08T06:00:24Z,10763764817,6041,28812804,1083414,15669,2930
2026-10-08T06:00:24Z,10763860058,198,4001514,127497,1402,515
2026-10-08T06:00:24Z,10764221401,6126,3349432,428390,10890,500
2026-10-08T06:00:24Z,10764297006,2383,41484087,28151,16815,3798
2026-10-08T06:00:24Z,10764300350,1071,3268510,16493,4066,553
2026-10-08T06:00:24Z,10764328008,889,10664575,76720,67365,1379
2026-10-08T06:00:24Z,10764332301,390,231606,4628,773,317
2026-10-08T06:00:24Z,10764385875,235,3174068,8485,1448,1516
2026-10-08T06:00:24Z,10764404786,1732,2321893,8086,5772,866
2026-10-08T06:00:24Z,10764412489,2390,4122004,209401,6831,4308
2026-10-08T06:00:24Z,10764415267,6201,6152343,15373,5319,647
2026-10-08T06:00:24Z,10764479526,4438,36584424,383962,293489,5893
2026-10-08T06:00:24Z,10764533320,1942,27457016,82701,67536,8090
2026-10-08T06:00:24Z,10764613327,2133,4168631,34793,4899,1930
2026-10-08T06:00:24Z,10764627709,52116,43798342,105295,82872,9750
2026-10-08T06:00:24Z,10764640833,1785,20907177,61551,13109,3194
2026-10-08T06:00:24Z,10764706572,1091,4552988,9465,5418,1573
2026-10-08T06:00:24Z,10764794065,1359,3235150,146630,3482,2594
2026-10-08T06:00:24Z,10764839604,3185,6299336,35557,27347,658
2026-10-08T06:00:24Z,10764883692,711,613655,1586,1428,111
2026-10-08T06:00:24Z,10764887435,799,3741794,193434,14278,871
2026-10-08T06:00:24Z,10764888929,1014,2620809,136699,10998,376
2026-10-08T06:00:24Z,10764891927,631,2080158,4639,1253,474
2026-10-08T06:00:24Z,10764897725,12670,32675747,1508718,142306,3357
2026-10-08T06:00:24Z,10764967952,306,2561715,25580,5182,748
2026-10-08T06:00:24Z,10764980068,1713,3723940,18100,20156,568
2026-10-08T06:00:24Z,10764989090,820,352367,9247,1256,369
2026-10-08T06:00:24Z,10765012427,9294,32543603,147806,99559,5173
2026-10-08T06:00:24Z,10765013362,5899,6560942,12746,4996,592
2026-10-08T06:00:24Z,10765032875,1949,8304141,12457,1462,303
2026-10-08T06:00:24Z,10765035506,182,4688786,339341,2408,648
2026-10-08T06:00:24Z,10765061113,657,3345562,5917,1657,496
2026-10-08T06:00:24Z,10765067592,3960,2135740,34328,5035,569
2026-10-08T06:00:24Z,10765078176,710,17869540,60140,40384,9503
2026-10-08T06:00:24Z,10765091041,2813,11456272,56667,66097,1716
2026-10-08T06:00:24Z,10765153945,6309,10511245,29404,7603,827
2026-10-08T06:00:24Z,10765158636,548,5257701,14692,4928,376
2026-10-08T06:00:24Z,10765167636,4616,7211847,35386,10165,1162
2026-10-08T06:00:24Z,10765190004,3888,3613828,16576,4401,1017
2026-10-08T06:00:24Z,10765279487,944,7907965,69918,5611,1195
2026-10-08T06:00:24Z,10765288803,88264,40192494,228604,149351,3182
2026-10-08T06:00:24Z,10765298801,22137,19030818,709303,31961,1127
2026-10-08T06:00:24Z,10765312940,4839,4259597,8926,4657,292
2026-10-08T06:00:24Z,10765332568,813,6440966,14937,6806,344
2026-10-08T06:00:24Z,10765361336,896,2463573,5354,1580,314
2026-10-08T06:00:24Z,10765481558,2435,5227502,7946,1021,319
2026-10-08T06:00:24Z,10765490774,5307,2433443,6715,6659,94
2026-10-08T06:00:24Z,10765563835,944,4041162,19323,8528,2146
2026-10-08T06:00:24Z,10765579304,851,1189483,16917,5503,703
2026-10-08T06:00:24Z,10765582175,10298,3878314,44827,35828,3880
2026-10-08T06:00:24Z,10765629147,2060,4912375,6595,1297,185
2026-10-08T06:00:24Z,10765629453,428,5026309,428258,10658,895
2026-10-08T06:00:24Z,10765637643,4921,3595984,855219,5647,418
2026-10-08T06:00:24Z,10765686447,9536,11388468,59524,23040,1222
2026-10-08T06:00:24Z,10765708310,674,1150184,17890,8998,675
2026-10-08T06:00:24Z,10765718108,337,1895444,49850,9739,1295
2026-10-08T06:00:24Z,10765748731,946,887789,9535,2400,652
2026-10-08T06:00:24Z,10765751583,1569,3927404,15448,5015,883
2026-10-08T06:00:24Z,10765763629,751,1737077,4503,1273,399
2026-10-08T06:00:24Z,10765764482,870,11823269,73558,10651,2120
2026-10-08T06:00:24Z,10765799968,348,124017,4327,1587,111
2026-10-08T06:00:24Z,10765834825,255,2632783,5417,3158,1620
2026-10-08T06:00:24Z,10765855425,320,1684055,6920,1059,386
2026-10-08T06:00:24Z,10765902945,4504,792511,1644,2006,74
2026-10-08T06:00:24Z,10765906597,4172,2384702,10127,10750,527
2026-10-08T06:00:24Z,10765927544,609,840723,2450,1703,165
2026-10-08T06:00:24Z,10765950109,2456,3587226,26103,7313,1045
2026-10-08T06:00:24Z,10765951887,1012,787863,23073,7834,789
2026-10-08T06:00:24Z,10766008884,4659,7748299,39586,27344,755
2026-10-08T06:00:24Z,10766009412,463,1291033,35561,2337,573
2026-10-08T06:00:24Z,10766056678,19300,14278184,359821,19425,1256
2026-10-08T06:00:24Z,10766057873,383,247464,9084,1512,546
2026-10-08T06:00:24Z,10766105412,363,1075007,6324,2334,423
2026-10-08T06:00:24Z,10766135603,2236,4223818,293654,10306,420
2026-10-08T06:00:24Z,10766138478,5811,17791727,947111,22762,615
2026-10-08T06:00:24Z,10766142497,1265,1672019,14975,1784,294
2026-10-08T06:00:24Z,10766222230,731,2124243,9135,3081,563
2026-10-08T06:00:24Z,10766240516,4755,1638828,125486,2625,283
2026-10-08T06:00:24Z,10766257839,642,2166208,10003,4211,1107
2026-10-08T06:00:24Z,10766309747,7709,8060861,30201,31881,913
2026-10-08T06:00:24Z,10766349481,8571,3703957,14636,15366,651
2026-10-08T06:00:24Z,10766364164,962,7609263,25053,5099,1681
2026-10-08T06:00:24Z,10766390665,1294,2491842,40045,6429,1397
2026-10-08T06:00:24Z,10766395909,4433,2888375,33182,11179,752
2026-10-08T06:00:24Z,10766399546,1049,6354038,25317,28865,1419
2026-10-08T06:00:24Z,10766420770,1235,1289677,63598,9842,157
2026-10-08T06:00:24Z,10766426236,90,1236707,26405,2419,551
2026-10-08T06:00:24Z,10766440903,900,881689,4084,638,333
2026-10-08T06:00:24Z,10766494202,249,3751430,20682,5728,2168
2026-10-08T06:00:24Z,10766502612,1460,1190222,18263,1981,751
2026-10-08T06:00:24Z,10766506199,8455,25729349,96023,10324,3640
2026-10-08T06:00:24Z,10766578375,3714,4180304,38157,7513,571
2026-10-08T06:00:24Z,10766687030,1988,5998505,19489,10237,2593
2026-10-08T06:00:24Z,10766721625,11113,12537277,702219,9811,625
2026-10-08T06:00:24Z,10766725034,3604,15397778,38425,5785,4197
2026-10-08T06:00:24Z,10766735253,1503,301214,12902,446,56
2026-10-08T06:00:24Z,10766773917,1062,2833443,10626,3019,852
2026-10-08T06:00:24Z,10766812776,1744,1694653,8638,2954,126
2026-10-08T06:00:24Z,10767012496,2370,15612354,45383,17958,1947
2026-10-08T06:00:24Z,10767138232,1964,844620,10534,496,63
2026-10-08T06:00:24Z,10767183467,659,391920,1486,1461,92
2026-10-08T06:00:24Z,10767240772,3657,2261997,16412,10902,1476
2026-10-08T06:00:24Z,10767357183,319,248352,21011,446,32
2026-10-08T06:00:24Z,10767408330,21169,7000160,21885,18004,1126
2026-10-08T06:00:24Z,10767545737,499,787857,8832,7824,715
2026-10-08T06:00:24Z,10767566226,4678,1850714,7376,2291,119
2026-10-08T06:00:24Z,10767582899,2944,1036076,11721,4481,1203
2026-10-08T06:00:24Z,10767628417,2900,801296,18843,4993,370
2026-10-08T06:00:24Z,10767634248,13096,4499429,20525,4447,385
2026-10-08T06:00:24Z,10767657583,591,1168687,30312,1208,449
2026-10-08T06:00:24Z,10767698786,3472,3312225,1413,2610,237
2026-10-08T06:00:24Z,10767824942,4144,1110669,108671,2735,150
2026-10-08T06:00:24Z,10767825538,12320,9941992,56074,20540,1035
2026-10-08T06:00:24Z,10767826343,1104,214546,4249,1190,189
2026-10-08T06:00:24Z,10767858548,999,620238,7450,5541,416
2026-10-08T06:00:24Z,10767922762,4526,1398679,72675,7106,818
2026-10-08T06:00:24Z,10767957681,1070,534417,3400,2065,347
2026-10-08T06:00:24Z,10768023539,4919,11237341,63493,10732,917
2026-10-08T06:00:24Z,10768176407,3537,1311534,10214,4031,488
2026-10-08T06:00:24Z,10768202113,2774,1479434,18078,3719,437
2026-10-08T06:00:24Z,0,0,0,0,,
2026-10-08T06:00:24Z,10768462078,1403,1383896,7296,2913,78
2026-10-08T06:00:24Z,10768565603,5962,2863299,9570,4187,4871
2026-10-08T06:00:24Z,10768944292,3371,635356,5448,6408,207
2026-10-08T06:00:24Z,10769066324,590,2950548,3470,1217,165
2026-10-08T06:00:24Z,10767912502,538,327093,1961,477,45
2026-10-08T06:00:24Z,10768468695,392,262171,3298,640,184
2026-10-08T06:00:24Z,9774451882,13036,18226075,24697,7277,3709
2026-10-08T06:00:24Z,3864279452,550,532171432,667674,321307,108117
2026-10-08T06:00:24Z,3869462497,394,350524410,291448,47013,19713
2026-10-08T06:00:24Z,3873871110,1683,38927953,508112,37707,7887
2026-10-08T06:00:24Z,3876150506,1670,505711317,6763137,613958,41931
2026-10-08T06:00:24Z,3882062045,177,187355942,267699,104839,8970
2026-10-08T06:00:24Z,3887521769,470,149274864,8655909,10609,6801
2026-10-08T06:00:24Z,3891658292,130,400901146,14521969,109152,26370
2026-10-08T06:00:24Z,3913007563,1407,143398032,315143,183450,33411
2026-10-08T06:00:24Z,3916548970,293,142977777,265189,143718,9875
2026-10-08T06:00:24Z,3918560032,173,85502444,281975,77745,16591
2026-10-08T06:00:24Z,3936365689,1341,73629343,349271,203663,15415
2026-10-08T06:00:24Z,3945578236,3259,112432907,106975,28119,12880
2026-10-08T06:00:24Z,3951147015,725,141153005,193311,94577,13953
2026-10-08T06:00:24Z,3962631979,178,152204234,1109045,8715,6439
2026-10-08T06:00:24Z,3983828495,376,220275854,163491,100819,24553
2026-10-08T06:00:24Z,3989768869,227,334375778,876039,291178,62574
2026-10-08T06:00:24Z,3989869156,210,95603958,1591401,69299,8270
2026-10-08T06:00:24Z,3990106548,4159,1873868917,6417621,478978,96286
2026-10-08T06:00:24Z,4007686136,286,170193822,95759,44291,15072
2026-10-08T06:00:24Z,4018794732,391,295232664,278866,33192,9113
2026-10-08T06:00:24Z,4019583467,673,386842607,797395,641075,49662
2026-10-08T06:00:24Z,4028801234,178,239546898,12772564,29286,23032
2026-10-08T06:00:24Z,4044579438,1110,350551674,22423735,16971,11178
2026-10-08T06:00:24Z,4048852641,392,25813421,201063,65367,11079
2026-10-08T06:00:24Z,4049246711,5997,930542101,622218,227700,124768
2026-10-08T06:00:24Z,4053293514,978,333955012,889191,238158,14210
2026-10-08T06:00:24Z,4071487712,223,31311217,127704,37310,3619
2026-10-08T06:00:24Z,4075802159,443,261726159,90123,7313,2962
2026-10-08T06:00:24Z,4079077350,488,7652693,71033,19210,2352
2026-10-08T06:00:24Z,4082023366,164,158767077,186355,40168,3924
2026-10-08T06:00:24Z,4107809076,319,311631076,119378,16643,11858
2026-10-08T06:00:24Z,4130569984,564,257574972,395137,200458,24205
2026-10-08T06:00:24Z,4139766490,287,422940225,502682,270651,561063
2026-10-08T06:00:24Z,4142544848,913,30938499,25614,18396,3348
2026-10-08T06:00:24Z,4147392742,386,518293225,8835910,812372,43297
2026-10-08T06:00:24Z,4150150482,486,14175381,13757,7366,1942
2026-10-08T06:00:24Z,4153755477,608,933277414,601318,541717,96626
2026-10-08T06:00:24Z,4154513353,743,267716497,532939,192249,44001
2026-10-08T06:00:24Z,4161745937,133,90711289,297559,90135,20925
2026-10-08T06:00:24Z,4165164803,1947,568330645,572029,183677,57085
2026-10-08T06:00:24Z,4170977322,1647,317924420,15952213,359154,31047
2026-10-08T06:00:24Z,4181957649,1593,724971207,1119659,411232,85847
2026-10-08T06:00:24Z,4187559009,254,132815611,2663902,110958,15562
2026-10-08T06:00:24Z,4193032947,887,356362198,2410844,518228,21135
2026-10-08T06:00:24Z,4197966812,1434,558487272,24290509,79815,7971
2026-10-08T06:00:24Z,4201418016,379,149341282,285819,144951,13338
2026-10-08T06:00:24Z,4221956550,713,137901211,836379,179801,24327
2026-10-08T06:00:24Z,4228233498,123,147306441,483751,99046,20986
2026-10-08T06:00:24Z,4234745929,259,353896674,4030257,208195,53204
2026-10-08T06:00:24Z,4252393983,163,281979674,3024573,121787,24039
2026-10-08T06:00:24Z,7633926880,5889,288719496,959553,616965,34688
2026-10-08T06:00:24Z,7637748042,340,42289263,36899,45506,4435
2026-10-08T06:00:24Z,7641240255,290,37311488,2619311,3265,841
2026-10-08T06:00:24Z,7646154613,7304,313801743,247402,68846,21964
2026-10-08T06:00:24Z,7651243549,242,139797024,9340217,55445,4208
2026-10-08T06:00:24Z,7658304545,453,71577102,361012,340601,9593
2026-10-08T06:00:24Z,7658676858,520,370011463,27294834,991917,72113
2026-10-08T06:00:24Z,7661378108,135,6580711,14392,2558,839
2026-10-08T06:00:24Z,7661385356,322,53634799,215027,62669,9986
2026-10-08T06:00:24Z,7662333120,584,160037232,6008754,220050,4867
2026-10-08T06:00:24Z,7663926977,111,43396366,2423783,101634,8076
2026-10-08T06:00:24Z,7665084235,239,24302903,316977,56838,5687
2026-10-08T06:00:24Z,7671049560,991,1032418682,1037535,1565179,92181
2026-10-08T06:00:24Z,7673659635,1032,142279690,337485,174420,30105
2026-10-08T06:00:24Z,7677035096,116,6381357,81779,5521,1749
2026-10-08T06:00:24Z,7685678300,1216,286207443,763773,334804,20528
2026-10-08T06:00:24Z,7687524641,442,42878737,114494,39831,5844
2026-10-08T06:00:24Z,7703544118,307,85470538,1516868,1073051,17628
2026-10-08T06:00:24Z,7703614594,3333,810127783,483567,1428258,25855
2026-10-08T06:00:24Z,7706951053,347,74450449,753359,51618,14506
2026-10-08T06:00:24Z,7707504980,216,35434407,1509844,58952,3035
2026-10-08T06:00:24Z,7709344486,82756,73858201839,29500471,15450300,2691645
2026-10-08T06:00:24Z,7720654467,2625,98601221,262187,40397,4936
2026-10-08T06:00:24Z,7721537973,230,99446427,87144,11744,3535
2026-10-08T06:00:24Z,7735580090,454,171601562,12321659,19130,10877
2026-10-08T06:00:24Z,7738524573,985,176591417,168688,106160,9623
2026-10-08T06:00:24Z,7738927312,800,79421947,279269,149223,7887
2026-10-08T06:00:24Z,7742376157,231,91429205,1582626,16568,2754
2026-10-08T06:00:24Z,7744877355,135,50471344,108421,190432,13534
2026-10-08T06:00:24Z,7747782974,1169,121759171,8735146,28177,3623
2026-10-08T06:00:24Z,7750955984,820,718240728,923482,812345,38043
2026-10-08T06:00:24Z,7760134732,554,41661267,1159447,61196,2907
2026-10-08T06:00:24Z,7761516673,345,10353064,30576,18148,4487
2026-10-08T06:00:24Z,7778848023,229,69117266,5074763,15964,1481
2026-10-08T06:00:24Z,7779759515,95,82740343,348008,238575,4634
2026-10-08T06:00:24Z,7780208150,257,54209376,108277,39710,55861
2026-10-08T06:00:24Z,7780633647,1279,432489907,339263,96420,19202
2026-10-08T06:00:24Z,7785400752,184,239334543,6365661,420688,21952
2026-10-08T06:00:24Z,7787359931,1878,149238606,160642,98926,8427
2026-10-08T06:00:24Z,7794218964,351,36032117,264079,76449,3233
2026-10-08T06:00:24Z,7798947148,628,154453104,317494,806914,12009
2026-10-08T06:00:24Z,7800961209,344,76374929,129137,23236,2769
2026-10-08T06:00:24Z,7812848099,989,218803906,223181,83059,7080
2026-10-08T06:00:24Z,7822444776,3064,765574847,497152,204598,34903
2026-10-08T06:00:24Z,7823137182,905,398087824,560890,131580,22185
2026-10-08T06:00:24Z,7843413523,1072,150629507,590738,168046,10691
2026-10-08T06:00:24Z,7848204961,97,9782304,85778,13128,1294
2026-10-08T06:00:24Z,7848646653,304,133004792,346430,929869,14373
2026-10-08T06:00:24Z,7856039629,3131,78430385,2247768,42410,5273
2026-10-08T06:00:24Z,7857274278,315,114453553,11708836,766617,44940
2026-10-08T06:00:24Z,10121169692,139,14596906,333339,70808,1008
2026-10-08T06:00:24Z,10122742965,327,17622571,23243,6323,2368
2026-10-08T06:00:24Z,10123059921,2099,198854485,569011,184823,9963
2026-10-08T06:00:24Z,10124403207,338,1075198,4283,1261,312
2026-10-08T06:00:24Z,10124421343,800,23947026,44443,46146,1158
2026-10-08T06:00:24Z,10126644530,6868,1366776,8425,10879,88
2026-10-08T06:00:24Z,10127764368,809,5032604,142747,1192,319
2026-10-08T06:00:24Z,10127797448,1938,225272717,6104657,49407,8372
2026-10-08T06:00:24Z,10130637063,1434,58343045,4110406,5404,905
2026-10-08T06:00:24Z,10130749197,512,52312428,2858833,7761,3105
2026-10-08T06:00:24Z,10131390815,3531,91509912,145870,191894,4677
2026-10-08T06:00:24Z,10136067263,915,52977268,2900461,255164,4729
2026-10-08T06:00:24Z,10138624079,3791,128134972,163854,111962,2973
2026-10-08T06:00:24Z,10138977250,507,83279674,1751469,26587,4184
2026-10-08T06:00:24Z,10138988383,155,30484450,62245,51853,2017
2026-10-08T06:00:24Z,10139325104,555,221813539,104601,37344,14666
2026-10-08T06:00:24Z,10140010190,1503,159758848,196355,27359,7542
2026-10-08T06:00:24Z,10141042381,496,4750989,31427,39844,1191
2026-10-08T06:00:24Z,10144280947,3356,628265061,11960559,2015834,44731
2026-10-08T06:00:24Z,10144587520,4764,83258420,2129155,104963,2728
2026-10-08T06:00:24Z,10147259486,184,22178599,1006216,44119,1470
2026-10-08T06:00:24Z,10148749921,18351,2402599616,3130316,1320759,90111
2026-10-08T06:00:24Z,10149910491,769,42838139,59101,21138,4976
2026-10-08T06:00:24Z,10152905521,2309,87666442,101257,68429,1979
2026-10-08T06:00:24Z,10153098880,1597,36019385,253444,53779,2118
2026-10-08T06:00:24Z,10155360168,22906,146600762,237466,89168,13880
2026-10-08T06:00:24Z,10156435104,985,64593073,101507,121828,3203
2026-10-08T06:00:24Z,10160578219,242,7741928,28184,8499,5267
2026-10-08T06:00:24Z,10162859180,2087,8181895,107101,21417,1452
2026-10-08T06:00:24Z,10165276442,898,47672351,557127,24511,6974
2026-10-08T06:00:24Z,10168229420,212,27527535,105033,259920,3630
2026-10-08T06:00:24Z,10171934713,1283,22922059,924788,64877,2906
2026-10-08T06:00:24Z,10172066108,415,14569980,9417,357,213
2026-10-08T06:00:24Z,10173311467,5951,93614492,884284,511588,12748
2026-10-08T06:00:24Z,10175155684,745,9569298,78428,15789,1535
2026-10-08T06:00:24Z,10176502031,113,15603728,492746,142508,2847
2026-10-08T06:00:24Z,10178802449,860,90522718,3156812,51058,3521
2026-10-08T06:00:24Z,10179193118,288,44952044,4852075,2846,1689
2026-10-08T06:00:24Z,10180990272,324,53560255,5384797,10395,2491
2026-10-08T06:00:24Z,10181310479,360,17335082,20726,7900,1236
2026-10-08T06:00:24Z,10181483914,523,10658139,329514,4950,1973
2026-10-08T06:00:24Z,10182049622,485,141248445,4805432,45927,75800
2026-10-08T06:00:24Z,10183029417,297,20968254,1293778,7535,887
2026-10-08T06:00:24Z,10184247393,1706,106949447,2929620,96995,3726
2026-10-08T06:00:24Z,10187294555,1451,146671438,314173,421398,14365
2026-10-08T06:00:24Z,10187487133,245,34770432,66066,24921,4871
2026-10-08T06:00:24Z,10188144423,1150,66866096,79381,23909,2949
2026-10-08T06:00:24Z,10189601764,364,37946852,42522,24042,1143
2026-10-08T06:00:24Z,10189903609,3663,88658394,145256,88787,8366
2026-10-08T06:00:24Z,10768316438,8423,1122820,123950,363,29
2026-10-08T06:00:24Z,10335443723,3812,23273443,1225478,16739,4953
2026-10-08T06:00:24Z,10765574547,508,3476870,18091,2459,723
2026-10-08T06:00:24Z,10014496141,1893,7103239,705901,699,293
2026-10-08T06:00:24Z,4883092215,326,26427308,181258,41437,3084
2026-10-08T06:00:24Z,6071712615,299,123962712,1244234,108867,12029
2026-10-08T13:25:58Z,47545,7898,5611173280,13610995,3467410,264649
2026-10-08T13:25:58Z,65241,5783,4502936014,11889469,4413225,448832
2026-10-08T13:25:58Z,2471084,6806,1332760323,4648531,2034628,285457
2026-10-08T13:25:58Z,8726258,194,630688520,2390379,453788,154257
2026-10-08T13:25:58Z,16680835,2695,551808013,2795507,600059,48342
2026-10-08T13:25:58Z,16876831,240,121301803,481580,179230,28988
2026-10-08T13:25:58Z,21164849,4856,805203491,2049717,877855,63450
2026-10-08T13:25:58Z,21449357,1201,140901289,499756,157214,28249
2026-10-08T13:25:58Z,31970568,3027,1621824439,6099349,2083650,256886
2026-10-08T13:25:58Z,32095083,153,369448092,1566713,359228,73099
2026-10-08T13:25:58Z,32211175,493,95267331,6550041,27947,8817
2026-10-08T13:25:58Z,52494682,173,171362892,519680,176606,28277
2026-10-08T13:25:58Z,63951305,184,890571598,3839261,1153064,144190
2026-10-08T13:25:58Z,66654135,165258,31128244568,24394041,10733197,1083964
2026-10-08T13:25:58Z,73754455,750,1837418170,4034233,1017354,117555
2026-10-08T13:25:58Z,73885730,5496,3045187212,6009269,1539404,270661
2026-10-08T13:25:58Z,78084559,703,40785753,102658,35825,8231
2026-10-08T13:25:58Z,79301772,5227,504778788,2001491,400780,99040
2026-10-08T13:25:58Z,79609758,699,940837811,1682791,366289,183783
2026-10-08T13:25:58Z,83148140,954,426578433,355712,109364,32107
2026-10-08T13:25:58Z,83858907,742,1752570019,4568168,1039431,369570
2026-10-08T13:25:58Z,88070565,21801,10120720870,14007725,5638644,733838
2026-10-08T13:25:58Z,93740418,1817,3422718197,6952643,988278,96263
2026-10-08T13:25:58Z,97314177,1205,584423386,1261350,424971,49964
2026-10-08T13:25:58Z,98929893,1037,989512880,2120396,640409,67242
2026-10-08T13:25:58Z,102815652,576,62071453,365409,115092,14281
2026-10-08T13:25:58Z,104598338,601,418184055,535769,65477,24836
2026-10-08T13:25:58Z,107172930,901,722517569,1984771,743218,207140
2026-10-08T13:25:58Z,110181652,1551,2357797715,8611580,2272023,236118
2026-10-08T13:25:58Z,111958650,2520,6312471214,11520185,5125716,665536
2026-10-08T13:25:58Z,113491250,2186,1801899338,5987479,2464333,251340
2026-10-08T13:25:58Z,114070244,395,354085792,1221869,276489,57413
2026-10-08T13:25:58Z,114967577,492,59803752,277089,92608,14865
2026-10-08T13:25:58Z,115797356,920,1238783031,2843593,937001,201802
2026-10-08T13:25:58Z,123956318,319,33624353,344851,78774,17766
2026-10-08T13:25:58Z,124283622,336,793530447,673125,256107,86661
2026-10-08T13:25:58Z,140733710,1354,413462599,1222426,275669,39103
2026-10-08T13:25:58Z,147332621,799,208656431,555025,195138,47761
2026-10-08T13:25:58Z,169302362,685,218123269,1858272,686726,30379
2026-10-08T13:25:58Z,170247232,337,473352274,2123459,749830,243803
2026-10-08T13:25:58Z,184199275,2529,992437062,1926514,571478,62082
2026-10-08T13:25:58Z,210851291,13359,5220455980,8539539,3659689,259236
2026-10-08T13:25:58Z,212154879,390,156068443,1220546,421786,59248
2026-10-08T13:25:58Z,228573408,577,2484956142,15003329,748491,169232
2026-10-08T13:25:58Z,245662005,5869,8067480711,18677424,5804740,811757
2026-10-08T13:25:58Z,274816972,2622,1370430736,7133594,1981310,138446
2026-10-08T13:25:58Z,279565647,603,1729266490,8397091,764268,274088
2026-10-08T13:25:58Z,300039023,400,129875521,421320,175488,29026
2026-10-08T13:25:58Z,301252049,338,300589914,1043021,440429,109044
2026-10-08T13:25:58Z,321778215,5939,10462502602,13329352,3264622,535002
2026-10-08T13:25:58Z,323675642,370,598643842,2221008,544486,123396
2026-10-08T13:25:58Z,341654025,1857,3208975076,5421601,859766,257867
2026-10-08T13:25:58Z,358276974,2581,196549893,1014832,262291,43037
2026-10-08T13:25:58Z,371263894,3658,1469146629,2701512,1060952,146404
2026-10-08T13:25:58Z,372226183,11239,6056752988,9718604,2803270,240589
2026-10-08T13:25:58Z,380704901,733,1048976120,2103789,840847,88288
2026-10-08T13:25:58Z,383310974,174836,44980282846,29717783,9536221,1513213
2026-10-08T13:25:58Z,433670627,61,43496317,437156,78288,8955
2026-10-08T13:25:58Z,465016798,1294,130015890,420020,98380,17788
2026-10-08T13:25:58Z,484789923,312,667577396,2129758,614216,97981
2026-10-08T13:25:58Z,485929611,451,648469241,1439387,351442,43846
2026-10-08T13:25:58Z,504035427,241,1699574492,5963405,1370653,82494
2026-10-08T13:25:58Z,533435040,316,869013751,2279120,614567,53808
2026-10-08T13:25:58Z,537476076,290,212673845,257573,52844,6177
2026-10-08T13:25:58Z,540382210,860,361613405,1050124,494603,26653
2026-10-08T13:25:58Z,547524060,6918,1469725417,2289339,470005,42875
2026-10-08T13:25:58Z,568307879,392,528976750,556254,99215,110025
2026-10-08T13:25:58Z,571251690,532,106425840,1054388,54410,11345
2026-10-08T13:25:58Z,578392296,11659,1346159848,998864,515406,123235
2026-10-08T13:25:58Z,601130232,26701,4596000496,6544857,3034368,139872
2026-10-08T13:25:58Z,605887098,2451,2532176270,3727265,1529987,116672
2026-10-08T13:25:58Z,616165168,2100,151194678,1231399,80580,15428
2026-10-08T13:25:58Z,625764726,260,25557955,200171,47721,9623
2026-10-08T13:25:58Z,648454481,15212,1324921556,1511472,1073568,121628
2026-10-08T13:25:58Z,703124385,38648,29093373540,12034219,4366415,1565830
2026-10-08T13:25:58Z,708100196,334,339053040,1297775,305058,41268
2026-10-08T13:25:58Z,725056461,281,19751030,43198,10622,3060
2026-10-08T13:25:58Z,757291724,1169,249918802,464306,77830,17146
2026-10-08T13:25:58Z,767752328,341,255522990,1375668,415016,144503
2026-10-08T13:25:58Z,770538576,505,548524433,1237445,376850,45511
2026-10-08T13:25:58Z,807930589,653,343774967,1631281,625791,89248
2026-10-08T13:25:58Z,833209132,430,100711480,899531,256993,27885
2026-10-08T13:25:58Z,847722000,283,204011010,2238823,579797,45155
2026-10-08T13:25:58Z,850110028,1836,189614860,706331,380290,36923
2026-10-08T13:25:58Z,873703865,534,453484788,1476212,527127,80590
2026-10-08T13:25:58Z,892043755,2269,1252098078,3320240,1055518,136803
2026-10-08T13:25:58Z,903807016,4050,1597769661,2852668,1185941,119810
2026-10-08T13:25:58Z,905198065,515,500281505,808755,340619,86388
2026-10-08T13:25:58Z,905954377,153,165341405,426872,102864,17167
2026-10-08T13:25:58Z,911750776,3518,1527518026,4483045,1404874,185964
2026-10-08T13:25:58Z,918677693,1095,311663582,653054,268200,39374
2026-10-08T13:25:58Z,943733974,352,213695766,860584,563527,52270
2026-10-08T13:25:58Z,952510115,333,28715788,439420,46706,15145
2026-10-08T13:25:58Z,972475338,4628,716065115,1891749,503175,82034
2026-10-08T13:25:58Z,985731078,1654,451135505,2276081,935737,52302
2026-10-08T13:25:58Z,994732206,203596,64862979234,20042382,12747907,1065559
2026-10-08T13:25:58Z,1000233041,10325,3317296045,5808287,2005398,180592
2026-10-08T13:25:58Z,1001911915,1362,242139528,689124,274550,35926
2026-10-08T13:25:58Z,1003981402,336,32587713,242870,54729,4747
2026-10-08T13:25:58Z,1008451066,1808,2954715242,3007039,1297552,542718
2026-10-08T13:25:58Z,1016936714,9718,2267661569,1970600,1451197,181986
2026-10-08T13:25:58Z,1024564064,713,461428598,843122,239257,37826
2026-10-08T13:25:58Z,1037979853,336,496719801,1867113,834456,71110
2026-10-08T13:25:58Z,1053132402,1749,572969791,976788,298246,71422
2026-10-08T13:25:58Z,1054526971,4834,631740421,1716581,618445,67752
2026-10-08T13:25:58Z,1072353049,1316,607617736,1328479,417463,37138
2026-10-08T13:25:58Z,1073273083,414,662800976,1724411,511887,111542
2026-10-08T13:25:58Z,1087859240,939,385301604,345235,118578,23297
2026-10-08T13:25:58Z,1091907805,423,273675429,1089080,381954,37704
2026-10-08T13:25:58Z,1119466531,411,1944289876,3792702,1139547,103240
2026-10-08T13:25:58Z,1125307892,422,73798275,5729526,400960,14128
2026-10-08T13:25:58Z,1147304238,510,612947902,1275673,469525,45984
2026-10-08T13:25:58Z,1160789089,902,857381869,6352575,499514,65981
2026-10-08T13:25:58Z,1165835263,285,91954109,264696,114386,18240
2026-10-08T13:25:58Z,1171251167,2356,292071611,6155218,20624,3218
2026-10-08T13:25:58Z,1175471394,129,202638686,142997,46512,18992
2026-10-08T13:25:58Z,1176784616,11750,5004440166,3519249,2077952,129094
2026-10-08T13:25:58Z,1177208440,1139,88275907,204141,99417,27364
2026-10-08T13:25:58Z,1180269832,470,155338420,882967,370762,30651
2026-10-08T13:25:58Z,1187091887,553,237393131,506073,172265,50638
2026-10-08T13:25:58Z,1198533421,808,184574616,734431,256593,28988
2026-10-08T13:25:58Z,1200145783,350,17596412,103240,32251,6518
2026-10-08T13:25:58Z,1202096104,24929,3342719772,31782410,2537286,190769
2026-10-08T13:25:58Z,1214576306,1280,1650863912,4305331,1342410,99978
2026-10-08T13:25:58Z,1229590289,185,98842322,4193478,61345,8996
2026-10-08T13:25:58Z,1230230722,1725,2835762686,3429758,945135,94026
2026-10-08T13:25:58Z,1235188606,5983,1730391504,14549425,1117536,78727
2026-10-08T13:25:58Z,1247231049,361,53698935,705853,76478,11194
2026-10-08T13:25:58Z,1247975681,288,1870420892,5077038,2156207,379559
2026-10-08T13:25:58Z,1267991351,144,120304856,380645,126159,6104
2026-10-08T13:25:58Z,1268927906,8592,2310109512,2608815,1165421,155264
2026-10-08T13:25:58Z,1271059807,828,76625540,393878,90063,8651
2026-10-08T13:25:58Z,1275875292,304,573819901,1093942,286430,46749
2026-10-08T13:25:58Z,1278035280,4312,782719737,1518839,501676,37309
2026-10-08T13:25:58Z,1281592938,3531,314687979,2601541,471625,39684
2026-10-08T13:25:58Z,1312971993,1520,644769048,2033861,570498,90786
2026-10-08T13:25:58Z,1315450727,344,545218478,1043208,169463,27540
2026-10-08T13:25:58Z,1315966725,691,763694655,17708505,156600,125711
2026-10-08T13:25:58Z,1316421563,237,333061700,464073,173017,18019
2026-10-08T13:25:58Z,1318971886,1955,3017619689,4161747,1099713,121841
2026-10-08T13:25:58Z,1325411718,1463,400893984,441794,249145,32734
2026-10-08T13:25:58Z,1335695570,681,2161253361,4716827,1622108,131120
2026-10-08T13:25:58Z,1358133289,2398,1543503995,1594763,282810,46632
2026-10-08T13:25:58Z,1359546589,466,774099509,1235443,580542,88261
2026-10-08T13:25:58Z,1359573625,1870,1642504571,1041609,412964,65641
2026-10-08T13:25:58Z,1374118848,397,70541867,380452,155875,21446
2026-10-08T13:25:58Z,1390601379,1426,1453173749,2370626,1366462,271246
2026-10-08T13:25:58Z,1393178180,1286,101280581,192584,92736,15678
2026-10-08T13:25:58Z,1404342734,200,75398962,292997,116983,22426
2026-10-08T13:25:58Z,1415710834,779,844593332,2007448,515587,65780
2026-10-08T13:25:58Z,1424449565,239,256853275,988816,317513,80402
2026-10-08T13:25:58Z,1430007363,1343,921529738,2426913,142531,29652
2026-10-08T13:25:58Z,1434220026,343,888800049,2678694,1087567,99197
2026-10-08T13:25:58Z,1451439645,6783,4063357488,2772600,1696357,158089
2026-10-08T13:25:58Z,1452258989,1495,1977752190,20696448,1265006,307898
2026-10-08T13:25:58Z,1480782352,1107,1953851213,2746326,1422199,83505
2026-10-08T13:25:58Z,1489026993,5008,2693109096,4371118,1025991,110808
2026-10-08T13:25:58Z,1494262959,1673,366641624,826100,370426,122148
2026-10-08T13:25:58Z,1511883870,2242,2730982598,3078366,2243806,145925
2026-10-08T13:25:58Z,1516533665,11229,14398962065,12260709,4061826,435228
2026-10-08T13:25:58Z,1525626450,2778,340376936,886765,396469,22641
2026-10-08T13:25:58Z,1526814825,9721,1124973445,4423985,1109155,106123
2026-10-08T13:25:58Z,1527252839,424,605234074,2878923,82812,23604
2026-10-08T13:25:58Z,1531130248,2066,532070031,859406,363901,43666
2026-10-08T13:25:58Z,1536694921,203,480516169,1470460,228151,28138
2026-10-08T13:25:58Z,1586272220,282,33142809,199592,72973,18408
2026-10-08T13:25:58Z,1617287243,898,626603084,935129,190513,38674
2026-10-08T13:25:58Z,1638323641,1070,354831765,1385990,331016,44159
2026-10-08T13:25:58Z,1640395061,487,16943350,16166,2663,1021
2026-10-08T13:25:58Z,1648467492,1067,58776915,67077,17635,8085
2026-10-08T13:25:58Z,1648496580,3508,239612869,279420,73461,16994
2026-10-08T13:25:58Z,1650291138,355,1001771170,1515124,825523,131744
2026-10-08T13:25:58Z,1654971928,475,33442131,72984,26427,4951
2026-10-08T13:25:58Z,1659645941,565,2358584914,3408443,1242241,140798
2026-10-08T13:25:58Z,1668992109,1208,814506809,1046308,324198,66235
2026-10-08T13:25:58Z,1673554668,305,110170313,224774,54610,12170
2026-10-08T13:25:58Z,1686885941,309888,88333192048,30374935,8621469,1416290
2026-10-08T13:25:58Z,1699553764,256,298934668,710783,191029,49830
2026-10-08T13:25:58Z,1701332290,3199,1279967546,1823232,348003,99023
2026-10-08T13:25:58Z,1701518532,1228,124526007,2091227,43367,6202
2026-10-08T13:25:58Z,1701623492,345,4040676064,2817473,765968,212175
2026-10-08T13:25:58Z,1707552920,220,299146234,935317,288787,40355
2026-10-08T13:25:58Z,1709832923,523,1254811261,3579894,1051760,53743
2026-10-08T13:25:58Z,1709917610,1339,264558702,1073927,406818,45239
2026-10-08T13:25:58Z,1718755273,592,86579949,322328,136587,45278
2026-10-08T13:25:58Z,1719305066,688,154747781,377365,133938,13827
2026-10-08T13:25:58Z,1720936166,2246,7934826955,2319734,1494864,129156
2026-10-08T13:25:58Z,1733898268,28,51621287,327925,63846,4293
2026-10-08T13:25:58Z,1742264997,1580,508014309,1293502,676545,73499
2026-10-08T13:25:58Z,1743990973,689,263864717,157046,76192,27071
2026-10-08T13:25:58Z,1751760283,358,286186280,1162729,417360,50476
2026-10-08T13:25:58Z,1769712451,445,781385299,1763968,741969,81166
2026-10-08T13:25:58Z,1775919872,533,135890825,522361,228012,18990
2026-10-08T13:25:58Z,1776914212,1831,3008470092,2995370,642778,218776
2026-10-08T13:25:58Z,1782832995,1217,992509751,1415899,910119,147242
2026-10-08T13:25:58Z,1784051919,289,232802237,2122265,355144,20986
2026-10-08T13:25:58Z,1787711941,1040,99293077,247718,91458,27859
2026-10-08T13:25:58Z,1794056685,3830,140596104,607137,28114,6288
2026-10-08T13:25:58Z,1795206523,540,963255321,933869,264885,83612
2026-10-08T13:25:58Z,1802622907,1743,1306948686,1319386,641603,104353
2026-10-08T13:25:58Z,1802741133,3182,439209045,1126809,404274,30763
2026-10-08T13:25:58Z,1831550657,16038,2249879526,11286826,1415532,116085
2026-10-08T13:25:58Z,1836146838,1317,506127397,1366428,348687,65949
2026-10-08T13:25:58Z,1851087906,1675,121065026,437585,126375,50003
2026-10-08T13:25:58Z,1852226622,10673,3000452024,2748922,730361,198681
2026-10-08T13:25:58Z,1859597048,478,636248334,629779,185068,29452
2026-10-08T13:25:58Z,1871172282,159,102038202,355546,176046,51339
2026-10-08T13:25:58Z,1871908106,311,394021939,1090717,281201,49338
2026-10-08T13:25:58Z,1888174103,329,415135089,398574,56148,20089
2026-10-08T13:25:58Z,1892760830,452,609546169,1084477,160755,45990
2026-10-08T13:25:58Z,1921509404,2735,260979378,176554,41902,12876
2026-10-08T13:25:58Z,1946714362,1275,62754691,164855,44709,9974
2026-10-08T13:25:58Z,1952819680,763,77709498,1956905,16621,7961
2026-10-08T13:25:58Z,1953956112,324,62627384,885775,45264,5259
2026-10-08T13:25:58Z,1954152886,2631,169890075,251848,64146,9121
2026-10-08T13:25:58Z,1998835206,1488,594537144,1178506,514458,77594
2026-10-08T13:25:58Z,2007050448,1598,205362519,331847,126122,19597
2026-10-08T13:25:58Z,2017809925,5225,739602835,15992126,111485,52829
2026-10-08T13:25:58Z,2020908522,1686,546703737,594147,106529,20185
2026-10-08T13:25:58Z,2023680558,2901,1583984927,1825029,402288,78930
2026-10-08T13:25:58Z,2026574412,360,120889303,1080706,176136,4878
2026-10-08T13:25:58Z,2027832238,1681,206007281,107086,52380,15409
2026-10-08T13:25:58Z,2049551477,1400,1485961472,1946379,454285,69497
2026-10-08T13:25:58Z,2065706268,398,163632324,417797,74252,17919
2026-10-08T13:25:58Z,2073329983,2052,246417103,4777740,506981,34661
2026-10-08T13:25:58Z,2082205150,503,186003236,558936,191795,11927
2026-10-08T13:25:58Z,2087494287,795,692273503,554240,68048,19370
2026-10-08T13:25:58Z,2092410051,1259,339022619,1410759,514855,67737
2026-10-08T13:25:58Z,2113323331,1857,893937378,922260,150489,41839
2026-10-08T13:25:58Z,2114144926,307,1111989280,532869,439200,32467
2026-10-08T13:25:58Z,2126386806,1048,2679580858,2600467,1055514,191504
2026-10-08T13:25:58Z,2137105308,256,55136523,171498,39355,13331
2026-10-08T13:25:58Z,2139712082,523,78081107,198456,85730,21548
2026-10-08T13:25:58Z,2149444938,655,98690003,437582,72726,14360
2026-10-08T13:25:58Z,2152417643,1897,92876380,179336,58393,27118
2026-10-08T13:25:58Z,2153167977,1391,165953093,368267,136385,19175
2026-10-08T13:25:58Z,2157233282,8344,38347988,3447331,9651,2717
2026-10-08T13:25:58Z,2157872230,3051,1296304146,2180049,633879,171654
2026-10-08T13:25:58Z,2160907981,279,1322572391,2112990,518713,108010
2026-10-08T13:25:58Z,2165551367,549,678075900,2463628,131380,22465
2026-10-08T13:25:58Z,2171758161,742,242958322,96995,15947,11970
2026-10-08T13:25:58Z,2176187244,1519,316425909,243275,48669,15520
2026-10-08T13:25:58Z,2195939586,386,245176850,750712,200339,49727
2026-10-08T13:25:58Z,2198666251,327,82458189,51148,11667,2744
2026-10-08T13:25:58Z,2200020629,408,102853092,210814,74291,23840
2026-10-08T13:25:58Z,2220495353,1254,1167284531,1448373,315195,57891
2026-10-08T13:25:58Z,2233937689,1633,78339272,156309,57496,8809
2026-10-08T13:25:58Z,2236455574,2480,828201065,695508,176079,80090
2026-10-08T13:25:58Z,2239430935,957,361826124,1136999,237281,20024
2026-10-08T13:25:58Z,2247578975,2596,1237189195,14951311,119635,94885
2026-10-08T13:25:58Z,2250844717,419,2556961,175126,1530,1209
2026-10-08T13:25:58Z,2251388500,1726,194531628,561030,216890,23176
2026-10-08T13:25:58Z,2274830359,9352,3041143223,2074139,311602,104186
2026-10-08T13:25:58Z,2278167893,251,148940562,190702,33338,14796
2026-10-08T13:25:58Z,2281570018,302,134495998,116915,59997,14006
2026-10-08T13:25:58Z,2283649692,706,110644367,260065,78707,29702
2026-10-08T13:25:58Z,2294168059,2944,1259226974,3400933,1130960,125426
2026-10-08T13:25:58Z,2297891297,387,39496442,54694,21030,5093
2026-10-08T13:25:58Z,2305929206,2216,258729064,1691360,176399,11858
2026-10-08T13:25:58Z,2309918273,985,54480483,531366,205898,22366
2026-10-08T13:25:58Z,2316994223,908,8992512231,5968869,4219989,395257
2026-10-08T13:25:58Z,2324018757,221,74815345,232233,118549,18314
2026-10-08T13:25:58Z,2324662457,1573,1334217703,1566511,1151632,86921
2026-10-08T13:25:58Z,2327461601,674,382199027,493359,114668,24760
2026-10-08T13:25:58Z,2350840700,1112,72740389,406586,147552,12928
2026-10-08T13:25:58Z,2360092394,6278,345708764,9063216,147412,15784
2026-10-08T13:25:58Z,2366560560,1639,981173169,2351060,258399,44700
2026-10-08T13:25:58Z,2369077151,5321,430132300,11374274,456509,18467
2026-10-08T13:25:58Z,2380077519,6771,3654208750,4663928,1958347,317486
2026-10-08T13:25:58Z,2401478287,481,107837681,413122,193362,28063
2026-10-08T13:25:58Z,2404080894,2107,2019979554,4117901,1975500,215110
2026-10-08T13:25:58Z,2408700413,404,306750195,667613,255354,77442
2026-10-08T13:25:58Z,2435789930,3960,2944386478,2338906,876016,106596
2026-10-08T13:25:58Z,2440500124,46690,7844077715,8250277,4726206,354732
2026-10-08T13:25:58Z,2443177453,1176,698813931,1212573,449355,53480
2026-10-08T13:25:58Z,2491559356,968,89237344,181043,60741,17608
2026-10-08T13:25:58Z,2492481398,552,414573202,1297573,600981,47907
2026-10-08T13:25:58Z,2516044547,444,641597357,1640357,719611,160559
2026-10-08T13:25:58Z,2520686564,729,88650762,139792,33643,5140
2026-10-08T13:25:58Z,2527789729,2624,118026375,373055,98178,26733
2026-10-08T13:25:58Z,2528641125,413,121400360,266897,87764,12484
2026-10-08T13:25:58Z,2538086639,1264,656315230,279874,41024,21780
2026-10-08T13:25:58Z,2544016903,438,30458288,57028,10609,1242
2026-10-08T13:25:58Z,2544520106,684,289476511,540645,335190,35342
2026-10-08T13:25:58Z,2548183080,465,79374576,291456,150055,13012
2026-10-08T13:25:58Z,2549475383,4269,5502592720,57596828,1332744,150766
2026-10-08T13:25:58Z,2564505263,502,1656144857,2749694,778550,60700
2026-10-08T13:25:58Z,2577700536,239,73184303,169682,268844,19191
2026-10-08T13:25:58Z,2583564222,4360,1120892020,4167313,362833,85763
2026-10-08T13:25:58Z,2588044974,156,639993133,774670,285635,18871
2026-10-08T13:25:58Z,2589957623,3421,638850390,9013272,123168,19095
2026-10-08T13:25:58Z,2605831977,512,492479544,4388379,264196,38123
2026-10-08T13:25:58Z,2619619496,22302,11755349973,4634187,2480119,533916
2026-10-08T13:25:58Z,2621511041,2017,76419234,280435,65243,26645
2026-10-08T13:25:58Z,2626227051,1799,1108884435,1071013,500424,80618
2026-10-08T13:25:58Z,2628404708,412,1016624943,2106582,621452,66637
2026-10-08T13:25:58Z,2640407187,5770,542995584,429529,167395,26318
2026-10-08T13:25:58Z,2643072291,1079,98776456,1009065,108569,22351
2026-10-08T13:25:58Z,2644656496,991,307490930,4474150,1802242,42667
2026-10-08T13:25:58Z,2652888345,2387,265525997,128175,21533,5947
2026-10-08T13:25:58Z,2655311011,323,1427427805,3272101,2313579,60513
2026-10-08T13:25:58Z,2655478023,3028,1038166736,3519976,105240,124959
2026-10-08T13:25:58Z,2668101271,36683,3603749772,2581844,949517,231895
2026-10-08T13:25:58Z,2682938349,3467,682334010,661459,252662,21266
2026-10-08T13:25:58Z,2711375305,52789,8055719181,5899452,3027683,203263
2026-10-08T13:25:58Z,2719766208,212,74371950,352593,137445,15586
2026-10-08T13:25:58Z,2727447177,2219,516689465,1905468,567797,30066
2026-10-08T13:25:58Z,2729513759,1855,1717100612,2318257,494108,77428
2026-10-08T13:25:58Z,2754593977,3681,755855992,1001198,210787,34103
2026-10-08T13:25:58Z,2765784373,2759,91601743,536850,212328,13885
2026-10-08T13:25:58Z,2783797267,7279,714146817,8218078,377301,45363
2026-10-08T13:25:58Z,2788648141,2032,1011270464,2170545,1281521,120731
2026-10-08T13:25:58Z,2799421838,388,77506330,1520924,4502,588
2026-10-08T13:25:58Z,2802559498,250,356213879,880395,339903,38884
2026-10-08T13:25:58Z,2805713501,541,797993134,806278,190468,42209
2026-10-08T13:25:58Z,2820580801,443,329431307,408286,398599,50677
2026-10-08T13:25:58Z,2821905072,1918,280966272,5801561,218902,8057
2026-10-08T13:25:58Z,2822776643,4493,145057969,241561,157946,15087
2026-10-08T13:25:58Z,2826640183,334,770424750,690923,188363,44665
2026-10-08T13:25:58Z,2827951974,634,816694654,692307,118782,28656
2026-10-08T13:25:58Z,2839156349,369,15596287,25385,5980,2055
2026-10-08T13:25:58Z,2851381018,7911,865613273,1444573,669252,45132
2026-10-08T13:25:58Z,2862098693,1951,158964158,458275,95216,27658
2026-10-08T13:25:58Z,2872881913,1387,379697626,1134948,156371,24515
2026-10-08T13:25:58Z,2916593387,773,184047450,498215,190958,38386
2026-10-08T13:25:58Z,2936053166,16335,2275126492,1868430,1522179,101723
2026-10-08T13:25:58Z,2943850166,2736,141274818,98142,58727,4560
2026-10-08T13:25:58Z,2954818192,2741,447781352,8757807,71020,11694
2026-10-08T13:25:58Z,2955322961,374,1030273734,1163374,1217376,104577
2026-10-08T13:25:58Z,2970472544,427,583888544,26589408,103959,33477
2026-10-08T13:25:58Z,2979369058,1855,182299133,285639,93297,19902
2026-10-08T13:25:58Z,2992873140,11378,1440253822,1036168,494982,82701
2026-10-08T13:25:58Z,3012965062,3035,682178798,6510088,563768,53702
2026-10-08T13:25:58Z,3013715655,393,331065568,2673131,196560,18317
2026-10-08T13:25:58Z,3032132418,221,79104124,96499,39087,9542
2026-10-08T13:25:58Z,3047037061,1964,154897797,157046,84885,13161
2026-10-08T13:25:58Z,3056160040,836,985023018,1422265,460165,95021
2026-10-08T13:25:58Z,3060525991,667,70727300,83984,23723,11194
2026-10-08T13:25:58Z,3064619271,230,19604944,94012,41267,6010
2026-10-08T13:25:58Z,3079618996,5133,815903519,1160931,305351,41547
2026-10-08T13:25:58Z,3085257211,5395,5137793582,3872132,1537978,303798
2026-10-08T13:25:58Z,3088609243,1160,752797241,623318,107446,35798
2026-10-08T13:25:58Z,3097803944,1503,380080972,190874,35064,21026
2026-10-08T13:25:58Z,3108473052,534,334917906,1082155,483354,30209
2026-10-08T13:25:58Z,3110388936,2145,92891872,311578,180390,19292
2026-10-08T13:25:58Z,3114128441,360,119944079,141872,60289,19809
2026-10-08T13:25:58Z,3116863918,377,19430427,38747,10857,2254
2026-10-08T13:25:58Z,3124818385,816,92101077,275603,70291,5984
2026-10-08T13:25:58Z,3132040251,280,514422649,547252,267293,55354
2026-10-08T13:25:58Z,3149100453,1685,245668142,1335945,184951,54556
2026-10-08T13:25:58Z,3164075108,2360,289552948,749698,499308,28217
2026-10-08T13:25:58Z,3168615253,967,547558899,739436,448832,113826
2026-10-08T13:25:58Z,3170483284,542,72428358,211902,55373,15663
2026-10-08T13:25:58Z,3171190217,184,239041354,885832,251702,12259
2026-10-08T13:25:58Z,3177453609,796,216866358,512867,110701,11915
2026-10-08T13:25:58Z,3178326002,289,29668707,20118,7288,1205
2026-10-08T13:25:58Z,3183403065,2366,2513154714,1398177,723591,65229
2026-10-08T13:25:58Z,3183742847,3193,631774594,517823,178638,74340
2026-10-08T13:25:58Z,3187874989,3725,189175809,252428,86046,14520
2026-10-08T13:25:58Z,3191268194,1155,1364409215,5592113,1054180,48572
2026-10-08T13:25:58Z,3195917432,233,68275957,122048,52092,7371
2026-10-08T13:25:58Z,3198546127,1055,82004176,147769,27917,3384
2026-10-08T13:25:58Z,3204175584,2575,1210845410,1050537,225533,36758
2026-10-08T13:25:58Z,3210778402,1141,121859109,108322,10907,3680
2026-10-08T13:25:58Z,3218272328,625,86123611,268072,35265,7650
2026-10-08T13:25:58Z,3219620210,695,38702741,81195,19514,4246
2026-10-08T13:25:58Z,3227754471,347,77363749,160179,35436,6649
2026-10-08T13:25:58Z,3232838484,406,91621577,137035,46782,3871
2026-10-08T13:25:58Z,3240075297,21231,8821297786,3657889,1147120,186136
2026-10-08T13:25:58Z,3258873704,970,431567654,285185,143515,49642
2026-10-08T13:25:58Z,3261058889,334,16426327,73053,18510,3349
2026-10-08T13:25:58Z,3262314006,654,549037109,854731,556035,38181
2026-10-08T13:25:58Z,3264293423,103,235225543,686046,173736,18157
2026-10-08T13:25:58Z,3264581003,929,120528668,197622,103542,26042
2026-10-08T13:25:58Z,3267012194,511,327876712,1088897,266417,40324
2026-10-08T13:25:58Z,3274669156,296,70654623,683132,87267,14305
2026-10-08T13:25:58Z,3289847355,333,31556228,43346,15922,3676
2026-10-08T13:25:58Z,3293514480,487,210996287,600127,190268,40289
2026-10-08T13:25:58Z,3293525400,293,75753636,312185,120615,15086
2026-10-08T13:25:58Z,3308103880,5686,1838382028,2118708,493991,77322
2026-10-08T13:25:58Z,3310460039,11782,4724810396,105230487,405335,263478
2026-10-08T13:25:58Z,3311164447,825,42395256,20439,4299,1647
2026-10-08T13:25:58Z,3317064564,374,79639485,626432,230822,19914
2026-10-08T13:25:58Z,3317679266,3025,5245003494,4439373,3697768,279189
2026-10-08T13:25:58Z,3317771874,52045,2661475953,2204260,3069403,170503
2026-10-08T13:25:58Z,3322582746,142,72873280,91070,29176,13684
2026-10-08T13:25:58Z,3344795851,391,448599805,276375,47076,33347
2026-10-08T13:25:58Z,3346892457,2025,455753270,198799,25301,10937
2026-10-08T13:25:58Z,3347455347,474,67910285,317053,122536,19629
2026-10-08T13:25:58Z,3354479870,339,166460049,291501,94470,16992
2026-10-08T13:25:58Z,3359505957,2996,210442818,329136,126503,9919
2026-10-08T13:25:58Z,3365661357,615,499136621,734893,404996,53592
2026-10-08T13:25:58Z,3371147486,936,207899466,193328,36121,13469
2026-10-08T13:25:58Z,3384187191,184,67451735,73613,29821,8270
2026-10-08T13:25:58Z,3405618667,2241,1535623739,3296486,1593396,137794
2026-10-08T13:25:58Z,3408154779,599,101719319,178737,69738,11443
2026-10-08T13:25:58Z,3417194043,579,8085957,34705,8513,11072
2026-10-08T13:25:58Z,3419284255,1973,420347731,866475,456688,45943
2026-10-08T13:25:58Z,3420059569,1548,970822552,27491673,97079,96115
2026-10-08T13:25:58Z,3421408084,403,616870372,635139,355027,81316
2026-10-08T13:25:58Z,3864279452,957,532200668,667709,321317,108123
2026-10-08T13:25:58Z,3869462497,829,350553144,291510,47018,19715
2026-10-08T13:25:58Z,3873871110,2474,38970509,509572,37745,7892
2026-10-08T13:25:58Z,3876150506,2288,505771855,6763214,613969,41933
2026-10-08T13:25:58Z,3882062045,329,187361514,267702,104841,8970
2026-10-08T13:25:58Z,3887521769,822,149301358,8655971,10610,6802
2026-10-08T13:25:58Z,3891658292,385,400915846,14523107,109153,26370
2026-10-08T13:25:58Z,3913007563,2482,143440774,315227,183476,33415
2026-10-08T13:25:58Z,3916548970,444,142987378,265210,143724,9875
2026-10-08T13:25:58Z,3918560032,418,85511201,281990,77754,16591
2026-10-08T13:25:58Z,3936365689,1281,73651673,349325,203726,15424
2026-10-08T13:25:58Z,3945578236,6709,112657626,107305,28188,12908
2026-10-08T13:25:58Z,3951147015,1333,141210270,193379,94595,13959
2026-10-08T13:25:58Z,3962631979,377,152219353,1109122,8715,6440
2026-10-08T13:25:58Z,3983828495,474,220286620,163500,100820,24553
2026-10-08T13:25:58Z,3989768869,397,334384672,876046,291182,62575
2026-10-08T13:25:58Z,3989869156,273,95611032,1591533,69306,8270
2026-10-08T13:25:58Z,3990106548,2796,1873971443,6417741,478997,96295
2026-10-08T13:25:58Z,4007686136,607,170214988,95783,44297,15074
2026-10-08T13:25:58Z,4018794732,909,295260045,278923,33198,9116
2026-10-08T13:25:58Z,4019583467,940,386873145,797465,641113,49663
2026-10-08T13:25:58Z,4028801234,279,239558269,12773158,29289,23032
2026-10-08T13:25:58Z,4044579438,1464,350609591,22427404,16976,11180
2026-10-08T13:25:58Z,4048852641,647,25843349,201817,65389,11093
2026-10-08T13:25:58Z,4049246711,17200,931174239,622794,227847,124806
2026-10-08T13:25:58Z,4053293514,1397,333994384,889307,238189,14213
2026-10-08T13:25:58Z,4071487712,433,31319146,127732,37322,3618
2026-10-08T13:25:58Z,4075802159,516,261759397,90172,7314,2962
2026-10-08T13:25:58Z,4079077350,827,7661818,71046,19222,2353
2026-10-08T13:25:58Z,4082023366,269,158779917,186368,40169,3925
2026-10-08T13:25:58Z,4107809076,1187,311665323,119443,16644,11858
2026-10-08T13:25:58Z,4130569984,1086,257611332,395204,200472,24207
2026-10-08T13:25:58Z,4139766490,504,422971361,502729,270670,561107
2026-10-08T13:25:58Z,4142544848,612,30956785,25622,18398,3350
2026-10-08T13:25:58Z,4147392742,471,518304343,8836059,812377,43296
2026-10-08T13:25:58Z,4150150482,722,14214028,13765,7367,1941
2026-10-08T13:25:58Z,4153755477,1151,933326468,601380,541726,96634
2026-10-08T13:25:58Z,4154513353,931,267732407,532960,192256,44000
2026-10-08T13:25:58Z,4161745937,351,90719715,297569,90139,20925
2026-10-08T13:25:58Z,4165164803,4098,568434144,572142,183701,57090
2026-10-08T13:25:58Z,4170977322,2501,317996181,15955014,359200,31051
2026-10-08T13:25:58Z,4181957649,2529,725092910,1119807,411284,85857
2026-10-08T13:25:58Z,4187559009,1021,132843136,2664864,110971,15566
2026-10-08T13:25:58Z,4193032947,1531,356408427,2411176,518275,21135
2026-10-08T13:25:58Z,4197966812,2704,558550678,24293667,79817,7971
2026-10-08T13:25:58Z,4201418016,481,149351333,285823,144951,13340
2026-10-08T13:25:58Z,4221956550,1179,137929392,836504,179826,24328
2026-10-08T13:25:58Z,4228233498,223,147314001,483759,99056,20987
2026-10-08T13:25:58Z,4234745929,215,353907676,4030266,208199,53206
2026-10-08T13:25:58Z,4252393983,367,281992088,3024649,121799,24040
2026-10-08T13:25:58Z,4260784961,45,24005589,77661,27886,5062
2026-10-08T13:25:58Z,4263371487,993,124719871,226906,82476,13349
2026-10-08T13:25:58Z,4263576532,524,191156673,492020,518334,36276
2026-10-08T13:25:58Z,4267277633,9366,612505024,15983161,28584,32468
2026-10-08T13:25:58Z,4275891591,337,55976469,101623,31825,10545
2026-10-08T13:25:58Z,4282689669,312,41524284,972163,24137,6372
2026-10-08T13:25:58Z,4283416256,475,24547519,140256,38720,8785
2026-10-08T13:25:58Z,4293374620,9969,1577875129,1106649,461597,105539
2026-10-08T13:25:58Z,4330936850,159,74231487,115979,54117,14522
2026-10-08T13:25:58Z,4342047058,15390,607436945,1326995,524676,32757
2026-10-08T13:25:58Z,4343544885,1352,130558473,2837231,396500,10744
2026-10-08T13:25:58Z,4346424098,257,104822840,175298,42539,9404
2026-10-08T13:25:58Z,4348829796,9097,2715972096,11607880,571092,105550
2026-10-08T13:25:58Z,4356309501,369,12962724,11211,5479,1228
2026-10-08T13:25:58Z,4362587875,999,590784244,784177,207646,46068
2026-10-08T13:25:58Z,4362771421,464,402304589,501198,173593,30927
2026-10-08T13:25:58Z,4365819446,1800,552550114,21493398,134784,14778
2026-10-08T13:25:58Z,4367208330,741,490676410,1648201,730054,111533
2026-10-08T13:25:58Z,4391829435,817,390877302,4263605,350031,21296
2026-10-08T13:25:58Z,4403361086,290,185477164,955952,319907,18670
2026-10-08T13:25:58Z,4408288935,616,55745965,284246,76170,6912
2026-10-08T13:25:58Z,4419888429,270,27026385,54046,14752,3889
2026-10-08T13:25:58Z,4420562665,5784,92894992,383736,80404,8050
2026-10-08T13:25:58Z,4429851038,520,357661140,11618891,122279,11886
2026-10-08T13:25:58Z,4430449940,453,315954465,528591,465657,38550
2026-10-08T13:25:58Z,4434528807,761,796266921,722933,251089,43998
2026-10-08T13:25:58Z,4444526080,144,163909725,601961,164631,39842
2026-10-08T13:25:58Z,4452297356,6695,773253636,875047,259761,28545
2026-10-08T13:25:58Z,4457060041,1814,145540901,233411,96034,13770
2026-10-08T13:25:58Z,4462613685,3951,28942052,177896,18086,6135
2026-10-08T13:25:58Z,4491246195,2397,462000269,690889,214162,22542
2026-10-08T13:25:58Z,4497460596,744,183436265,161040,94493,15175
2026-10-08T13:25:58Z,4507116437,334,30389142,52100,7237,1451
2026-10-08T13:25:58Z,4511892440,204,41424599,102471,4379,846
2026-10-08T13:25:58Z,4512331818,358,26948447,82957,24495,8033
2026-10-08T13:25:58Z,4518152312,707,317764790,14823884,12509,11096
2026-10-08T13:25:58Z,4518160318,4277,658379145,1206283,722452,21992
2026-10-08T13:25:58Z,4523856444,3020,1365624825,1740418,1634656,180335
2026-10-08T13:25:58Z,4524605690,423,258057084,84064,18910,18634
2026-10-08T13:25:58Z,4535642329,30,31969705,600310,110418,14594
2026-10-08T13:25:58Z,4538598064,676,217932631,3905830,191267,13898
2026-10-08T13:25:58Z,4540138978,10631,2374816032,67384880,329045,50065
2026-10-08T13:25:58Z,4540494160,358,268619929,361040,505333,22286
2026-10-08T13:25:58Z,4543855070,849,231218018,289124,83430,13085
2026-10-08T13:25:58Z,4552793904,273,354809727,229132,189283,27847
2026-10-08T13:25:58Z,4557322431,1050,59684424,209942,96142,9263
2026-10-08T13:25:58Z,4563062026,212,94656843,149573,38177,4462
2026-10-08T13:25:58Z,4568630521,3874,1747591341,1623140,1132944,191885
2026-10-08T13:25:58Z,4571439504,620,104285422,250216,171078,31685
2026-10-08T13:25:58Z,4576226059,411,270260385,235033,41751,7416
2026-10-08T13:25:58Z,4579085368,1499,192122068,1081155,198529,17102
2026-10-08T13:25:58Z,4582358979,1719,1321810900,1029328,1243578,67314
2026-10-08T13:25:58Z,4586990985,589,18015892,66798,26611,2840
2026-10-08T13:25:58Z,4590309504,467,24689114,23993,14481,4726
2026-10-08T13:25:58Z,4592676978,1927,33625419,97560,21433,19646
2026-10-08T13:25:58Z,4595016786,1777,615242254,771365,103879,14563
2026-10-08T13:25:58Z,4599924264,2149,733976621,297499,40322,38378
2026-10-08T13:25:58Z,4601145322,792,106702461,8679279,94651,14632
2026-10-08T13:25:58Z,4652005960,346,58184029,88192,27607,4964
2026-10-08T13:25:58Z,4654951132,173,14863612,15319,8283,1335
2026-10-08T13:25:58Z,4658598196,12557,1153495732,1504511,1422634,59693
2026-10-08T13:25:58Z,4659996100,484,99263500,59661,11181,8098
2026-10-08T13:25:58Z,4666164093,545,61780141,42527,8372,2448
2026-10-08T13:25:58Z,4666414595,206,6342261,72906,47742,2719
2026-10-08T13:25:58Z,4669328522,3182,400449866,223215,44743,14078
2026-10-08T13:25:58Z,4669435504,130,379262120,558573,219394,34747
2026-10-08T13:25:58Z,4673599750,3817,559917314,518937,192312,28648
2026-10-08T13:25:58Z,4676287985,917,78260713,316656,121528,11188
2026-10-08T13:25:58Z,4679222104,187,115989663,120289,38167,20372
2026-10-08T13:25:58Z,4686994428,1935,204994465,6651966,44215,6248
2026-10-08T13:25:58Z,4689722433,6088,626519392,771323,238174,23388
2026-10-08T13:25:58Z,4712109542,362,36189495,307932,81785,14156
2026-10-08T13:25:58Z,4712126054,462,61593877,398201,170624,8307
2026-10-08T13:25:58Z,4720386144,948,124615442,630831,126294,11884
2026-10-08T13:25:58Z,4723764956,8059,597534767,935393,521696,35103
2026-10-08T13:25:58Z,4730278139,11177,1458790734,1369568,1398717,207487
2026-10-08T13:25:58Z,4734880740,643,16165602,381542,17953,2242
2026-10-08T13:25:58Z,4743794878,1247,112438168,36717,26186,4841
2026-10-08T13:25:58Z,4750561026,7989,50432170,332482,198847,22119
2026-10-08T13:25:58Z,4753878751,557,542531619,4555316,315757,23192
2026-10-08T13:25:58Z,4772345874,2450,41641823,41263,8259,1239
2026-10-08T13:25:58Z,4777817887,17652,6474336804,12994876,8456162,591692
2026-10-08T13:25:58Z,4778845442,3926,6191736537,1541159,1346755,227235
2026-10-08T13:25:58Z,4785126950,557,33662638,238792,68149,13557
2026-10-08T13:25:58Z,4785982047,997,225211065,3128022,1660373,27123
2026-10-08T13:25:58Z,4793836769,3406,316643394,6648512,987577,25129
2026-10-08T13:25:58Z,4795326392,614,404662339,647796,1383443,38455
2026-10-08T13:25:58Z,4807308814,2502,1042488524,878869,346528,56207
2026-10-08T13:25:58Z,4835576249,445,298571906,282656,65400,9183
2026-10-08T13:25:58Z,4836254499,1788,37119220,125819,48982,12605
2026-10-08T13:25:58Z,4839802560,19539,4014426184,15794246,945228,100566
2026-10-08T13:25:58Z,4850044287,3606,722774084,1464952,188758,32324
2026-10-08T13:25:58Z,4851783408,325,248445363,238031,134110,26094
2026-10-08T13:25:58Z,4858558391,827,68840117,578036,105876,13900
2026-10-08T13:25:58Z,4862269388,872,143194320,149611,35797,16918
2026-10-08T13:25:58Z,4864117649,1601,440674678,962055,650974,70072
2026-10-08T13:25:58Z,4871329703,327,818662083,555086,398467,98357
2026-10-08T13:25:58Z,4883092215,126,26431287,181265,41442,3084
2026-10-08T13:25:58Z,4885171702,191,115493475,8415404,34910,20000
2026-10-08T13:25:58Z,4901806610,2660,450416564,410286,308051,52338
2026-10-08T13:25:58Z,4908792642,902,1946346128,8521247,947897,293571
2026-10-08T13:25:58Z,4924789901,3145,119699659,174047,37675,5420
2026-10-08T13:25:58Z,4925010421,641,92908978,905947,192618,16093
2026-10-08T13:25:58Z,4925331346,3357,329562809,517435,236364,9698
2026-10-08T13:25:58Z,4931927012,2362,769017536,696705,666945,105695
2026-10-08T13:25:58Z,4931991343,395,75923806,3258973,6013,4807
2026-10-08T13:25:58Z,4938220315,1795,482006742,754718,189248,15742
2026-10-08T13:25:58Z,4944984948,2670,306592673,181674,8779,4080
2026-10-08T13:25:58Z,4948814458,590,357076012,23023156,47584,15110
2026-10-08T13:25:58Z,4949420752,18109,1694881770,807289,494164,90225
2026-10-08T13:25:58Z,4956911744,571,173353943,23327340,10810,5172
2026-10-08T13:25:58Z,4960950398,416,75948570,171412,97221,11229
2026-10-08T13:25:58Z,4983034985,15698,293600741,873893,120983,28379
2026-10-08T13:25:58Z,4987467534,793,212678091,564634,146422,13661
2026-10-08T13:25:58Z,4987856151,12948,128162554,533333,377134,12338
2026-10-08T13:25:58Z,4990998060,303,436388591,20818715,310197,22092
2026-10-08T13:25:58Z,4991126644,866,4631257,12164,8728,933
2026-10-08T13:25:58Z,4991821731,1943,654296155,933002,101558,19544
2026-10-08T13:25:58Z,4996628751,572,108788643,7535330,20623,4153
2026-10-08T13:25:58Z,4998493959,2230,263241942,19702966,6381,4390
2026-10-08T13:25:58Z,4998613478,563,186319691,347853,164081,7633
2026-10-08T13:25:58Z,5012222382,585,1046580655,1825534,695512,96591
2026-10-08T13:25:58Z,5026122481,2519,275053428,899700,167300,17675
2026-10-08T13:25:58Z,5026970880,1734,393103866,6399483,319704,35855
2026-10-08T13:25:58Z,5027504417,133,6804173,58012,20805,2744
2026-10-08T13:25:58Z,5031482529,392,523994551,32118157,18819,14880
2026-10-08T13:25:58Z,5039839070,3907,355611336,521483,304866,40943
2026-10-08T13:25:58Z,5049569843,583,135452136,533640,146309,7067
2026-10-08T13:25:58Z,5056259915,703,59873552,229215,74333,6718
2026-10-08T13:25:58Z,5074882778,1383,83180543,87964,15478,4507
2026-10-08T13:25:58Z,5080118977,190,33312146,86204,27690,4124
2026-10-08T13:25:58Z,5091490171,1235,93048972,316091,107776,11847
2026-10-08T13:25:58Z,5092535555,342,74542182,334391,48079,5012
2026-10-08T13:25:58Z,5096440156,1430,552447348,665783,145734,30943
2026-10-08T13:25:58Z,5108158764,797,13784215,194447,58462,4572
2026-10-08T13:25:58Z,5111507958,1232,156510439,7747236,111656,9255
2026-10-08T13:25:58Z,5112244393,1999,403995763,2907188,201144,47637
2026-10-08T13:25:58Z,5114328099,365,127893488,100051,61929,6443
2026-10-08T13:25:58Z,5117983607,2284,230910689,185952,115579,17828
2026-10-08T13:25:58Z,5148099079,501,627737352,2126562,363767,143484
2026-10-08T13:25:58Z,5153268250,304,111640671,181986,27237,6513
2026-10-08T13:25:58Z,5166944221,5285,1635894248,1771144,2981332,121598
2026-10-08T13:25:58Z,5170731021,651,231694519,471502,712162,25520
2026-10-08T13:25:58Z,5174979552,701,92418223,5577496,337863,12525
2026-10-08T13:25:58Z,5195168716,448,103582491,667786,149580,41314
2026-10-08T13:25:58Z,5195680485,233,73865382,150635,46363,6400
2026-10-08T13:25:58Z,5200655965,738,329205142,444094,241372,71222
2026-10-08T13:25:58Z,5203828273,43914,11118013651,7554274,4020009,418868
2026-10-08T13:25:58Z,5206433511,521,146943818,1933381,261473,48366
2026-10-08T13:25:58Z,5207621753,1307,102133776,82538,172391,4711
2026-10-08T13:25:58Z,5208051158,975,172461625,2066933,116911,16640
2026-10-08T13:25:58Z,5216419122,859,319399910,8991491,200771,42669
2026-10-08T13:25:58Z,5233689103,1848,7828308,8170,1893,332
2026-10-08T13:25:58Z,5239362765,3259,398851434,505148,170606,70112
2026-10-08T13:25:58Z,5244979723,173,23989519,238385,15192,3383
2026-10-08T13:25:58Z,5247232141,1318,76829840,3736041,12875,5384
2026-10-08T13:25:58Z,5252919404,456,118558752,77535,40508,6461
2026-10-08T13:25:58Z,5254920366,3510,1155947103,1043562,295321,51073
2026-10-08T13:25:58Z,5259044414,330,68723778,95059,50250,8546
2026-10-08T13:25:58Z,5265857965,4948,509877640,5785072,476837,72720
2026-10-08T13:25:58Z,5265950669,2031,304113392,205479,112930,14708
2026-10-08T13:25:58Z,5269058522,498,41734811,186178,50102,7765
2026-10-08T13:25:58Z,5270259419,538,123667285,119446,57043,35454
2026-10-08T13:25:58Z,5272606478,1444,135812119,8902081,228646,18188
2026-10-08T13:25:58Z,5283219861,11958,369794859,298330,76733,10519
2026-10-08T13:25:58Z,5295169598,437,255956148,2266969,489473,12442
2026-10-08T13:25:58Z,5295289103,218,118445514,6859515,152964,13789
2026-10-08T13:25:58Z,5315312115,121,10678937,93447,14847,2229
2026-10-08T13:25:58Z,5326310507,354,138788338,7883348,60288,8155
2026-10-08T13:25:58Z,5329077236,545,739208313,1772037,499734,37392
2026-10-08T13:25:58Z,5329644515,280,64747961,86791,7966,1246
2026-10-08T13:25:58Z,5345619122,411,90874645,150537,52863,8846
2026-10-08T13:25:58Z,5351168809,2252,99507743,100624,8836,2512
2026-10-08T13:25:58Z,5351931175,535,26144637,338906,90815,5063
2026-10-08T13:25:58Z,5359468080,299,211197655,165838,21213,5540
2026-10-08T13:25:58Z,5361032378,33168,2218469508,1023746,1424061,134064
2026-10-08T13:25:58Z,5365966699,838,122828832,145764,46641,6053
2026-10-08T13:25:58Z,5367389312,2358,404592041,2081500,169057,14559
2026-10-08T13:25:58Z,5369242581,254,77274858,1147629,52119,15472
2026-10-08T13:25:58Z,5371127625,284,93886880,32563,42626,5206
2026-10-08T13:25:58Z,5371687033,260,9432017,111598,29499,15054
2026-10-08T13:25:58Z,5379950946,115,61083327,810117,33064,5644
2026-10-08T13:25:58Z,5385674359,1921,526573129,378869,271440,103401
2026-10-08T13:25:58Z,5386253062,412,41290033,227098,31281,2689
2026-10-08T13:25:58Z,5407131262,609,260202493,753950,175924,32945
2026-10-08T13:25:58Z,5421899973,1568,389731770,14198495,373037,28595
2026-10-08T13:25:58Z,5422546686,1792,369204614,2251470,486010,21951
2026-10-08T13:25:58Z,5432177771,282,48900712,45054,22551,11028
2026-10-08T13:25:58Z,5451143054,3474,256143350,3598566,262180,55344
2026-10-08T13:25:58Z,5455619189,683,73720974,190834,94272,18414
2026-10-08T13:25:58Z,5456952508,1374,112973158,210080,84975,23614
2026-10-08T13:25:58Z,5479285260,315,58564596,10367538,5044,2541
2026-10-08T13:25:58Z,5484165112,335,219861567,12966364,115148,10836
2026-10-08T13:25:58Z,5488708927,303,7579880,21714,5895,994
2026-10-08T13:25:58Z,5492723512,459,86901984,1842820,56585,18519
2026-10-08T13:25:58Z,5493012775,327,100586095,1687885,106667,42245
2026-10-08T13:25:58Z,5508238359,2557,118476790,2002278,66028,20750
2026-10-08T13:25:58Z,5518683179,216,108972837,468162,230563,8182
2026-10-08T13:25:58Z,5544551093,1012,247022289,509171,261656,23037
2026-10-08T13:25:58Z,5549835355,491,115907888,248822,287665,7088
2026-10-08T13:25:58Z,5550530788,403,538563685,190255,68486,21728
2026-10-08T13:25:58Z,5568657754,1108,51066466,99380,31217,5576
2026-10-08T13:25:58Z,5569032992,115001,7571767356,4692274,1722213,248088
2026-10-08T13:25:58Z,5576890130,801,172082650,7472751,22083,10353
2026-10-08T13:25:58Z,5576955991,1445,93793754,235381,200678,7160
2026-10-08T13:25:58Z,5578556129,23926,2061434332,1998114,2589360,87363
2026-10-08T13:25:58Z,5580972377,1975,149050166,619776,695962,25226
2026-10-08T13:25:58Z,5595353122,66446,114315424,497939,919923,20438
2026-10-08T13:25:58Z,5596056495,296,111325144,222458,44251,5217
2026-10-08T13:25:58Z,5599532653,1057,98308424,105620,48448,9036
2026-10-08T13:25:58Z,5620182793,664,599501981,2392677,232529,51999
2026-10-08T13:25:58Z,5620725145,554,67941621,87051,23660,10167
2026-10-08T13:25:58Z,5625220213,336,76527333,43600,27129,18666
2026-10-08T13:25:58Z,5633615594,603,27612348,146807,28546,4801
2026-10-08T13:25:58Z,5650396773,11828,2579012819,2320148,2030555,224029
2026-10-08T13:25:58Z,5655148138,334,24393264,47433,11677,819
2026-10-08T13:25:58Z,5665943560,1422,146798176,17457211,18388,3678
2026-10-08T13:25:58Z,5665954430,274,93446045,935143,217603,15869
2026-10-08T13:25:58Z,5666473198,3951,444126124,143059,106303,19111
2026-10-08T13:25:58Z,5668114043,927,248822080,758425,171750,25296
2026-10-08T13:25:58Z,5668874170,378,26603156,42734,17463,8127
2026-10-08T13:25:58Z,5677613211,2098,630933962,28268588,1103526,61421
2026-10-08T13:25:58Z,5678284602,781,153376464,887274,477973,24753
2026-10-08T13:25:58Z,5678463488,260,72725445,1774326,153115,11773
2026-10-08T13:25:58Z,5678594929,212,50721955,69500,11813,6361
2026-10-08T13:25:58Z,5679753654,177,70046621,1124984,27542,5804
2026-10-08T13:25:58Z,5683563195,912,169782619,252350,168261,13351
2026-10-08T13:25:58Z,5688684783,1421,144943964,13524496,29669,6335
2026-10-08T13:25:58Z,5693963765,86,68085995,62175,17646,4936
2026-10-08T13:25:58Z,5698013839,185,72664859,285679,154283,10357
2026-10-08T13:25:58Z,5720553711,6427,767428918,3181377,242477,22599
2026-10-08T13:25:58Z,5728147388,767,297007768,346074,115328,18467
2026-10-08T13:25:58Z,5731967654,390,189350160,334567,95691,22878
2026-10-08T13:25:58Z,5747152246,249,61058665,1774407,16989,4311
2026-10-08T13:25:58Z,5750914919,69438,4990251069,3666667,3043144,309331
2026-10-08T13:25:58Z,5753515186,285,64681358,346097,70025,26376
2026-10-08T13:25:58Z,5782268341,320,46575574,439017,70406,7315
2026-10-08T13:25:58Z,5795519964,1709,161089883,68993,12368,5574
2026-10-08T13:25:58Z,5803199989,301,162271694,640913,55423,16099
2026-10-08T13:25:58Z,5805053299,904,137795496,329220,84796,9156
2026-10-08T13:25:58Z,5806843156,1355,177895277,211783,50019,11599
2026-10-08T13:25:58Z,5807622548,3147,325945460,412284,200236,14544
2026-10-08T13:25:58Z,5812546130,416,26226214,66244,22653,5799
2026-10-08T13:25:58Z,5822068820,1775,172286262,439812,105537,9115
2026-10-08T13:25:58Z,5827120940,466,197587676,3793144,359709,11249
2026-10-08T13:25:58Z,5829613337,2394,372550583,892651,360704,28723
2026-10-08T13:25:58Z,5830262966,855,305454908,1218395,246974,17334
2026-10-08T13:25:58Z,5835368537,509,159009891,140553,112078,16392
2026-10-08T13:25:58Z,5844427042,272,85688804,2221889,43038,9876
2026-10-08T13:25:58Z,5845755850,436,126067011,3406968,43142,10119
2026-10-08T13:25:58Z,5851294352,255,8407497,121222,28037,780
2026-10-08T13:25:58Z,5866227438,1396,370429228,10671645,651668,18394
2026-10-08T13:25:58Z,5866486371,648,15829664,65956,25304,1947
2026-10-08T13:25:58Z,5867087288,181,46782772,50655,7140,2688
2026-10-08T13:25:58Z,5877971206,399,65358335,207856,74190,10965
2026-10-08T13:25:58Z,5887211857,2896,306099229,218710,40536,5663
2026-10-08T13:25:58Z,5902539844,50,6971098,190523,17225,3427
2026-10-08T13:25:58Z,5903289376,1869,92070587,213409,34221,4288
2026-10-08T13:25:58Z,5905501282,91,84990181,1756531,108458,25793
2026-10-08T13:25:58Z,5910910774,341,120552393,181197,130652,10756
2026-10-08T13:25:58Z,5927446137,1015,47964927,620923,48714,11209
2026-10-08T13:25:58Z,5939817752,285,72566308,383777,120469,13554
2026-10-08T13:25:58Z,5944821008,1346,61549804,442588,16803,6874
2026-10-08T13:25:58Z,5972059550,1731,831349789,3947191,1111873,40417
2026-10-08T13:25:58Z,5974510967,288,16693627,156790,64102,3840
2026-10-08T13:25:58Z,5974860429,1287,152545180,128773,77217,9358
2026-10-08T13:25:58Z,5995470825,20762,1337385589,22191068,1871779,109703
2026-10-08T13:25:58Z,6010232141,4023,385356242,359691,100170,30584
2026-10-08T13:25:58Z,6011188518,407,47075343,231294,136784,9013
2026-10-08T13:25:58Z,6015491985,3276,380436191,231973,89302,11717
2026-10-08T13:25:58Z,6017624138,5600,132683546,811494,41311,4192
2026-10-08T13:25:58Z,6019027471,2190,355684376,11323144,52467,7379
2026-10-08T13:25:58Z,6026405541,586,58018880,134498,41105,6099
2026-10-08T13:25:58Z,6030909708,562,123343842,21703133,4221,1490
2026-10-08T13:25:58Z,6035872082,162836,18588532191,94143219,10726227,723487
2026-10-08T13:25:58Z,6048923315,945,107635976,221035,196099,14493
2026-10-08T13:25:58Z,6049736902,5954,86851351,117611,67755,7819
2026-10-08T13:25:58Z,6061766680,1965,570716447,606184,313985,81550
2026-10-08T13:25:58Z,6069634717,1778,193276272,260313,408730,11670
2026-10-08T13:25:58Z,6071712615,244,123974754,1244343,108869,12029
2026-10-08T13:25:58Z,6072944764,1087,60671359,74763,37019,4685
2026-10-08T13:25:58Z,6083162964,747,53157506,122878,46735,4912
2026-10-08T13:25:58Z,6097519616,708,126754810,533582,329343,32354
2026-10-08T13:25:58Z,6100103590,742,3975860,50069,9808,1118
2026-10-08T13:25:58Z,6113928308,1393,90511357,477575,137323,10734
2026-10-08T13:25:58Z,6118645803,440,24418000,196778,17730,3691
2026-10-08T13:25:58Z,6119928106,1078,32146579,78471,12489,3610
2026-10-08T13:25:58Z,6128091457,8387,399923571,44262232,157215,11489
2026-10-08T13:25:58Z,6136243726,2212,297872527,187468,25550,13129
2026-10-08T13:25:58Z,6149186864,874,32707469,261399,127336,32800
2026-10-08T13:25:58Z,6153964325,627,192353142,538096,53038,18448
2026-10-08T13:25:58Z,6154386310,1559,49218052,221421,55178,15678
2026-10-08T13:25:58Z,6155282395,686,92021776,2850184,37621,12524
2026-10-08T13:25:58Z,6161049307,2167,239822109,987907,760265,25048
2026-10-08T13:25:58Z,6163740913,560,260160564,5534384,268489,48073
2026-10-08T13:25:58Z,6163884815,1167,168040103,20041061,2217,1194
2026-10-08T13:25:58Z,6164853651,1124,273632200,227208,45507,11416
2026-10-08T13:25:58Z,6170013953,423,155088431,1449339,83244,36979
2026-10-08T13:25:58Z,6170143659,3317,874951679,1240659,351883,16136
2026-10-08T13:25:58Z,6174407103,300,93583607,3080677,112757,6122
2026-10-08T13:25:58Z,6174994284,3328,210157507,352766,299535,19707
2026-10-08T13:25:58Z,6176333237,13678,119501878,43640,8780,992
2026-10-08T13:25:58Z,6190071862,1777,69638483,231573,83345,11567
2026-10-08T13:25:58Z,6190248755,698,81576912,67293,3987,2165
2026-10-08T13:25:58Z,6190384723,337,103664601,554905,34017,5473
2026-10-08T13:25:58Z,6193765296,215,26963567,1337445,203828,5438
2026-10-08T13:25:58Z,6215464786,1241,439105901,10605914,140973,27809
2026-10-08T13:25:58Z,6215986499,562,10994893,762908,272978,4469
2026-10-08T13:25:58Z,6216142007,335,59134247,198021,68342,11919
2026-10-08T13:25:58Z,6217832823,367,95556327,3820936,239385,6532
2026-10-08T13:25:58Z,6231868526,316,7378937,39077,12829,2512
2026-10-08T13:25:58Z,6238541028,325,109273756,95797,29842,18103
2026-10-08T13:25:58Z,6268803418,625,80370778,168827,42225,27186
2026-10-08T13:25:58Z,6272727021,1791,16664630,35058,40290,2960
2026-10-08T13:25:58Z,6275120808,916,270417001,387240,245176,71813
2026-10-08T13:25:58Z,6280758286,1760,56453931,43322,35277,4984
2026-10-08T13:25:58Z,6283720248,359,61049889,147245,70847,8864
2026-10-08T13:25:58Z,6289989379,416,158797953,22990793,22945,11822
2026-10-08T13:25:58Z,6317476162,858,120097477,145326,125183,7744
2026-10-08T13:25:58Z,6318887244,1533,156018652,1145209,182859,6466
2026-10-08T13:25:58Z,6324644175,3430,68356616,364027,153317,20349
2026-10-08T13:25:58Z,6325068386,13108,4986500320,6284923,10238809,356975
2026-10-08T13:25:58Z,6329693946,1281,89612757,240658,113667,10487
2026-10-08T13:25:58Z,6331902150,53432,5791389478,3232607,2391296,441124
2026-10-08T13:25:58Z,6332376065,3049,56400894,2265127,7429,1337
2026-10-08T13:25:58Z,6332490386,245,59490914,39989,3739,1718
2026-10-08T13:25:58Z,6336741296,3667,130619976,7331827,349721,13667
2026-10-08T13:25:58Z,6353751159,4518,136897369,230020,106717,5436
2026-10-08T13:25:58Z,6355251723,47,38235831,302506,51507,10693
2026-10-08T13:25:58Z,6369934270,4035,807722955,9677119,374135,59404
2026-10-08T13:25:58Z,6371309794,1558,760358905,487840,221231,64075
2026-10-08T13:25:58Z,6375110339,2015,154217395,106106,70815,6186
2026-10-08T13:25:58Z,6385532960,3103,27186179,100075,50044,3026
2026-10-08T13:25:58Z,6389489439,674,163074108,20204323,7499,2375
2026-10-08T13:25:58Z,0,0,0,0,,
2026-10-08T13:25:58Z,6413074235,1275,165642297,354658,101878,13128
2026-10-08T13:25:58Z,6417564879,1993,435958756,420180,136041,25248
2026-10-08T13:25:58Z,6418247233,395,119274422,4092544,41300,2740
2026-10-08T13:25:58Z,6421358579,1712,85363051,93566,43350,5348
2026-10-08T13:25:58Z,6421821251,403,109271790,5317715,281055,8011
2026-10-08T13:25:58Z,6431828693,2091,140381944,446596,132161,5838
2026-10-08T13:25:58Z,6443367640,6330,716945342,6984064,255040,20666
2026-10-08T13:25:58Z,6451948378,958,139103730,965012,68724,15434
2026-10-08T13:25:58Z,6466404775,3065,78857373,142288,252998,12032
2026-10-08T13:25:58Z,6466802953,1960,78224260,602315,47865,5977
2026-10-08T13:25:58Z,6467516221,307,66213294,2574219,28528,5264
2026-10-08T13:25:58Z,6487579144,1186,31678923,56335,14593,3536
2026-10-08T13:25:58Z,6491900489,724,578824385,452509,60696,21214
2026-10-08T13:25:58Z,6495484417,2229,151502583,11028464,29221,6675
2026-10-08T13:25:58Z,6500439907,138,48706083,159458,48119,13332
2026-10-08T13:25:58Z,6500938341,812,76098257,1340498,221649,4683
2026-10-08T13:25:58Z,6504986360,6960,609817511,291740,494733,16384
2026-10-08T13:25:58Z,6505338302,647,134069489,98750,70542,10845
2026-10-08T13:25:58Z,6508759464,999,457596066,1058200,501069,37608
2026-10-08T13:25:58Z,6521100398,20564,351063203,593383,269808,14027
2026-10-08T13:25:58Z,6530766336,1504,92589041,46521,7302,2424
2026-10-08T13:25:58Z,6535370051,460,45519387,5245816,24624,2174
2026-10-08T13:25:58Z,6568417585,2886,225169002,1073814,174481,13021
2026-10-08T13:25:58Z,6579282112,1229,120955114,8646134,10211,2453
2026-10-08T13:25:58Z,6583326485,4105,140490060,224450,92834,22941
2026-10-08T13:25:58Z,6593476325,1726,172998764,309880,230422,23319
2026-10-08T13:25:58Z,6594435384,596,685278040,2924891,1553382,36241
2026-10-08T13:25:58Z,6596627293,402,43204256,1189891,80540,5860
2026-10-08T13:25:58Z,6599600818,1278,122269552,4108863,208932,5972
2026-10-08T13:25:58Z,6601115643,1651,179143312,3660188,238301,10564
2026-10-08T13:25:58Z,6619936488,2647,41743805,123223,39531,6454
2026-10-08T13:25:58Z,6621384161,357,86528572,2833050,78687,4079
2026-10-08T13:25:58Z,6628327758,541,30389839,40950,30526,2866
2026-10-08T13:25:58Z,6635513269,4368,13637827,100675,147488,3920
2026-10-08T13:25:58Z,6638489184,267,25748161,705771,3080,1351
2026-10-08T13:25:58Z,6646518350,549,263364057,355020,33688,5842
2026-10-08T13:25:58Z,6649845578,487,57496361,4330719,102028,5803
2026-10-08T13:25:58Z,6651302260,1436,432278023,3476338,251373,20560
2026-10-08T13:25:58Z,6657933195,1072,289402643,1065641,369809,27404
2026-10-08T13:25:58Z,6676099788,594,67749748,87244,47486,4892
2026-10-08T13:25:58Z,6676452674,365,137805269,155176,127563,10473
2026-10-08T13:25:58Z,6682487255,5374,522112178,232533,426258,10901
2026-10-08T13:25:58Z,6683166603,287,35792700,2040255,25111,1446
2026-10-08T13:25:58Z,6688157118,4700,534149754,1709040,63757,30645
2026-10-08T13:25:58Z,6690355795,1067,32691650,418499,70044,2072
2026-10-08T13:25:58Z,6701277882,80443,4772177467,1288157,1345133,278846
2026-10-08T13:25:58Z,6707924214,659,182247443,3465374,367904,8687
2026-10-08T13:25:58Z,6710993025,690,60727612,1603679,7391,2078
2026-10-08T13:25:58Z,6714256816,297,64619765,139763,125746,7090
2026-10-08T13:25:58Z,6725604380,502,4974808,19625,6909,6314
2026-10-08T13:25:58Z,6726637224,1658,175146425,1644061,168497,25150
2026-10-08T13:25:58Z,6736482454,1166,227689929,3807261,965860,40276
2026-10-08T13:25:58Z,6738135827,386,69696367,379440,70830,21769
2026-10-08T13:25:58Z,6739698191,69926,1544117261,1653966,766685,56074
2026-10-08T13:25:58Z,6745933496,605,42606749,127802,34475,12876
2026-10-08T13:25:58Z,6749060816,5659,293599417,1918593,303363,60734
2026-10-08T13:25:58Z,6751400610,811,320302651,7568367,67005,20025
2026-10-08T13:25:58Z,6751447237,2873,157074484,353544,263108,9009
2026-10-08T13:25:58Z,6755261897,225,118614593,118632,60748,22782
2026-10-08T13:25:58Z,6759889410,511,68707810,80970,43628,3908
2026-10-08T13:25:58Z,6760085372,4947,127242987,212206,223136,11014
2026-10-08T13:25:58Z,6760897304,814,49682810,1194422,103373,6453
2026-10-08T13:25:58Z,6764180126,402,248801396,193529,222618,16123
2026-10-08T13:25:58Z,6765805766,25365,1279194463,989441,277356,75623
2026-10-08T13:25:58Z,6770632849,593,142585988,491448,520219,36594
2026-10-08T13:25:58Z,6772885092,381,105379970,11281427,36107,5448
2026-10-08T13:25:58Z,6774320049,10029,279423407,961890,86500,11865
2026-10-08T13:25:58Z,6777528662,332,61771785,516054,184355,14076
2026-10-08T13:25:58Z,6786784563,848,33924375,655670,133982,4039
2026-10-08T13:25:58Z,6787216875,1442,212859805,133067,63913,15865
2026-10-08T13:25:58Z,6787644864,1121,117298090,193369,52704,5105
2026-10-08T13:25:58Z,6795084137,350,138117004,9927748,59767,4977
2026-10-08T13:25:58Z,6797677834,339,116086827,16485292,4340,1109
2026-10-08T13:25:58Z,6805295218,334,35781530,130041,19891,3779
2026-10-08T13:25:58Z,6818915584,2610,501372900,44849219,37738,10333
2026-10-08T13:25:58Z,6845400164,151,70161115,585257,35704,9156
2026-10-08T13:25:58Z,6858584271,286,45008850,64977,35883,4997
2026-10-08T13:25:58Z,6859793761,303,29288765,41889,10476,1887
2026-10-08T13:25:58Z,6925303818,783,74170721,272377,930942,20862
2026-10-08T13:25:58Z,6925369391,245,162532209,707167,855058,16607
2026-10-08T13:25:58Z,6931042565,49488,3940517374,5461518,2573459,130010
2026-10-08T13:25:58Z,6935083490,697,103408774,316392,665656,20639
2026-10-08T13:25:58Z,6937137675,1635,110133805,155799,23947,4432
2026-10-08T13:25:58Z,6940206974,5577,47994489,3562779,12011,2796
2026-10-08T13:25:58Z,6945584306,6618,586432609,655093,1613675,53655
2026-10-08T13:25:58Z,6949043989,2633,11896559,22451,6557,1321
2026-10-08T13:25:58Z,6961334611,656,97145318,305641,160696,4541
2026-10-08T13:25:58Z,6964415405,262,50932121,148736,43999,15066
2026-10-08T13:25:58Z,6983536246,483,60360600,206775,56446,4686
2026-10-08T13:25:58Z,6996253752,104,17310503,113304,51327,2211
2026-10-08T13:25:58Z,7000924848,489,173833695,180652,41591,3007
2026-10-08T13:25:58Z,7005891584,12978,288027388,21733643,139040,10626
2026-10-08T13:25:58Z,7008097940,11039,3345284397,22409051,1247578,327388
2026-10-08T13:25:58Z,7009714292,317,87072921,458036,96178,11831
2026-10-08T13:25:58Z,7015341259,1175,44999125,31801,20141,3964
2026-10-08T13:25:58Z,7018190066,12898,6594302894,6130269,3348795,268794
2026-10-08T13:25:58Z,7023305701,363,526157767,36194495,398182,47470
2026-10-08T13:25:58Z,7028566528,6689,1148784689,2237423,7123205,124417
2026-10-08T13:25:58Z,7030416430,484,95409884,7818589,545881,68960
2026-10-08T13:25:58Z,7037673488,371,5096848,5835,5326,996
2026-10-08T13:25:58Z,7037902226,320,20935016,122678,49173,5949
2026-10-08T13:25:58Z,7058980030,3286,633960931,1059653,679799,34475
2026-10-08T13:25:58Z,7069852763,2094,127439451,203884,69345,13310
2026-10-08T13:25:58Z,7071645746,231,73338812,3072312,181669,4488
2026-10-08T13:25:58Z,7072674902,741,41320920,245237,54888,9510
2026-10-08T13:25:58Z,7073604286,1735,431525890,446934,39919,32592
2026-10-08T13:25:58Z,7074860883,316,1012982773,2740968,1292220,41384
2026-10-08T13:25:58Z,7076793942,254,88179149,215916,523741,16356
2026-10-08T13:25:58Z,7079152534,152,75942117,4131149,89148,12837
2026-10-08T13:25:58Z,7081611770,761,239246311,5218165,24495,7481
2026-10-08T13:25:58Z,7082244450,424,47193188,187222,39557,5475
2026-10-08T13:25:58Z,7082423811,1786,302207564,1591096,329272,16851
2026-10-08T13:25:58Z,7089588429,33143,629753927,3130281,193152,8836
2026-10-08T13:25:58Z,7091388561,419,133773263,119605,167076,14252
2026-10-08T13:25:58Z,7094518649,8391,376099817,903640,392534,19342
2026-10-08T13:25:58Z,7101140819,815,32770438,118331,60339,9313
2026-10-08T13:25:58Z,7108384194,10291,401034227,720302,136121,22739
2026-10-08T13:25:58Z,7113705633,169,19677756,475470,361604,8352
2026-10-08T13:25:58Z,7114667385,1120,80544740,66571,6441,1497
2026-10-08T13:25:58Z,7115773109,1212,283460231,1037710,636567,37340
2026-10-08T13:25:58Z,7120911607,557,81701768,528336,110373,6381
2026-10-08T13:25:58Z,7126976930,367,106743539,73001,6395,690
2026-10-08T13:25:58Z,7127084123,4040,161406072,345042,157209,15326
2026-10-08T13:25:58Z,7128163167,850,82701028,139853,33833,4502
2026-10-08T13:25:58Z,7128251171,558,103030518,236549,197866,17050
2026-10-08T13:25:58Z,7139435866,582,44108604,2806342,4418,1847
2026-10-08T13:25:58Z,7139547730,253,54388492,904440,90606,6180
2026-10-08T13:25:58Z,7143545906,1659,89715885,215884,261797,17231
2026-10-08T13:25:58Z,7144947546,284,34412443,108487,21028,5099
2026-10-08T13:25:58Z,7155018773,914,177652774,3918867,24430,5457
2026-10-08T13:25:58Z,7178032757,5200,245952802,152612,232222,5914
2026-10-08T13:25:58Z,7194739190,2798,553271371,325978,28835,18608
2026-10-08T13:25:58Z,7208219743,688,13282370,147242,23980,5841
2026-10-08T13:25:58Z,7212930772,1049,193763280,149135,132743,12481
2026-10-08T13:25:58Z,7219654364,18128,1891440462,16707770,267908,39254
2026-10-08T13:25:58Z,7221312013,146,12003443,59430,32170,9521
2026-10-08T13:25:58Z,7229780065,743,153388674,785266,116132,21866
2026-10-08T13:25:58Z,7232697205,430,96246339,129643,39908,12283
2026-10-08T13:25:58Z,7243236309,511,69193523,597454,51897,18736
2026-10-08T13:25:58Z,7247232515,499,27449482,1094700,16983,2319
2026-10-08T13:25:58Z,7258574494,421,23255158,15010,5668,1055
2026-10-08T13:25:58Z,7261493599,922,225556097,307194,325676,19733
2026-10-08T13:25:58Z,7264587281,2251,407928771,1997807,127620,38815
2026-10-08T13:25:58Z,7265339759,843,67670637,372453,148468,15294
2026-10-08T13:25:58Z,7265977477,32063,123023943,9172788,94161,4915
2026-10-08T13:25:58Z,7266261686,602,23935185,49982,13489,4733
2026-10-08T13:25:58Z,7267853694,306,8681343,42799,4967,1502
2026-10-08T13:25:58Z,7274244096,4941,157521563,940450,91599,8415
2026-10-08T13:25:58Z,7283491781,1331,62120873,127116,56462,9451
2026-10-08T13:25:58Z,7284582661,424,149205355,383817,75243,15537
2026-10-08T13:25:58Z,7289427971,380,200383636,1517026,80133,32907
2026-10-08T13:25:58Z,7290225649,717,75191655,7732330,4609,1702
2026-10-08T13:25:58Z,7294208165,401,212255975,311634,242257,21054
2026-10-08T13:25:58Z,7307246329,373,206929302,2354000,265661,45719
2026-10-08T13:25:58Z,7317454210,872,69196804,71031,38224,16922
2026-10-08T13:25:58Z,7325821778,187,23324476,153948,40178,4289
2026-10-08T13:25:58Z,7326934954,214341,29930385166,9812191,5442670,571926
2026-10-08T13:25:58Z,7332711118,1968,1888554427,2481296,1978224,65432
2026-10-08T13:25:58Z,7339682753,327,78680202,5891040,20340,3204
2026-10-08T13:25:58Z,7344582593,1913,339061827,658976,377899,55288
2026-10-08T13:25:58Z,7346697338,223,127845412,96511,93767,20971
2026-10-08T13:25:58Z,7350402084,430,14661544,23659,8631,1363
2026-10-08T13:25:58Z,7356195012,601,179554502,4892266,245636,42331
2026-10-08T13:25:58Z,7359962123,2255,58218662,275220,88693,5264
2026-10-08T13:25:58Z,7364297396,1182,465542265,682999,107509,16590
2026-10-08T13:25:58Z,7628118889,2075,297201760,783847,126730,18530
2026-10-08T13:25:58Z,7629331599,5233,267606977,481740,336146,12499
2026-10-08T13:25:58Z,7633926880,14507,289059199,961819,617389,34708
2026-10-08T13:25:58Z,7637748042,297,42299974,36908,45511,4435
2026-10-08T13:25:58Z,7641240255,407,37329308,2620995,3265,841
2026-10-08T13:25:58Z,7646154613,10182,314134170,248107,68868,21988
2026-10-08T13:25:58Z,7651243549,418,139810828,9341089,55445,4208
2026-10-08T13:25:58Z,7658304545,554,71589150,361030,340610,9593
2026-10-08T13:25:58Z,7658676858,1223,370078915,27299785,992010,72129
2026-10-08T13:25:58Z,7661378108,176,6586747,14413,2562,839
2026-10-08T13:25:58Z,7661385356,439,53644741,215037,62683,9987
2026-10-08T13:25:58Z,7662333120,650,160055576,6009531,220056,4867
2026-10-08T13:25:58Z,7663926977,246,43403683,2424137,101644,8075
2026-10-08T13:25:58Z,7665084235,419,24310936,317069,56851,5688
2026-10-08T13:25:58Z,7671049560,1791,1032449508,1037557,1565219,92184
2026-10-08T13:25:58Z,7673659635,2157,142309946,337537,174442,30112
2026-10-08T13:25:58Z,7677035096,1194,6396779,81996,5531,1752
2026-10-08T13:25:58Z,7685678300,4183,286286461,763935,334860,20533
2026-10-08T13:25:58Z,7687524641,721,42895290,114519,39839,5844
2026-10-08T13:25:58Z,7703544118,417,85478826,1516969,1073086,17629
2026-10-08T13:25:58Z,7703614594,4758,810251712,483612,1428301,25857
2026-10-08T13:25:58Z,7706951053,482,74463624,753522,51626,14507
2026-10-08T13:25:58Z,7707504980,409,35444149,1510098,58964,3035
2026-10-08T13:25:58Z,7709344486,93912,73861152506,29501631,15450528,2691736
2026-10-08T13:25:58Z,7720654467,3791,98703509,262549,40425,4937
2026-10-08T13:25:58Z,7721537973,412,99462789,87195,11750,3535
2026-10-08T13:25:58Z,7735580090,630,171638929,12323793,19134,10880
2026-10-08T13:25:58Z,7738524573,1537,176652169,168735,106179,9624
2026-10-08T13:25:58Z,7738927312,5041,79467640,279609,149244,7888
2026-10-08T13:25:58Z,7742376157,640,91444695,1582656,16573,2756
2026-10-08T13:25:58Z,7744877355,150,50481047,108471,190451,13535
2026-10-08T13:25:58Z,7747782974,1540,121799434,8737764,28181,3623
2026-10-08T13:25:58Z,7750955984,1100,718277290,923584,812363,38043
2026-10-08T13:25:58Z,7760134732,876,41680252,1159965,61217,2908
2026-10-08T13:25:58Z,7761516673,2121,10386732,30667,18157,4501
2026-10-08T13:25:58Z,7778848023,363,69129670,5075616,15965,1480
2026-10-08T13:25:58Z,7779759515,144,82745040,348031,238580,4634
2026-10-08T13:25:58Z,7780208150,545,54225658,108315,39726,55867
2026-10-08T13:25:58Z,7780633647,2651,432585026,339346,96441,19205
2026-10-08T13:25:58Z,7785400752,438,239344947,6365815,420696,21952
2026-10-08T13:25:58Z,7787359931,4857,149415381,160791,99012,8433
2026-10-08T13:25:58Z,7794218964,654,36045170,264145,76463,3235
2026-10-08T13:25:58Z,7798947148,698,154474365,317520,806960,12010
2026-10-08T13:25:58Z,7800961209,315,76382912,129143,23238,2769
2026-10-08T13:25:58Z,7812848099,1480,218843455,223222,83063,7082
2026-10-08T13:25:58Z,7822444776,4202,765715608,497308,204626,34907
2026-10-08T13:25:58Z,7823137182,947,398159859,560985,131593,22186
2026-10-08T13:25:58Z,7843413523,1328,150653903,590818,168062,10692
2026-10-08T13:25:58Z,7848204961,223,9785237,85786,13131,1294
2026-10-08T13:25:58Z,7848646653,444,133015959,346465,929900,14374
2026-10-08T13:25:58Z,7856039629,6330,78628192,2251449,42458,5279
2026-10-08T13:25:58Z,7857274278,409,114471739,11710348,766688,44946
2026-10-08T13:25:58Z,7860226425,420,97263938,66584,32302,5097
2026-10-08T13:25:58Z,7866302411,107,53150811,129431,53515,3813
2026-10-08T13:25:58Z,7872343282,281,62329206,1173840,178631,21262
2026-10-08T13:25:58Z,7874651625,1610,133373246,293423,56953,4783
2026-10-08T13:25:58Z,7877723741,1369,212168414,216409,82713,47869
2026-10-08T13:25:58Z,7882785167,2132,11772045,79371,30986,3070
2026-10-08T13:25:58Z,7882829745,378,361042869,984720,481529,9390
2026-10-08T13:25:58Z,7883776681,6938,574017324,4747271,1207035,64570
2026-10-08T13:25:58Z,7884563721,249,140476840,877317,239134,28563
2026-10-08T13:25:58Z,7891669427,678,43256322,948536,7946,2033
2026-10-08T13:25:58Z,7893073096,248,42635492,300514,9282,1708
2026-10-08T13:25:58Z,7907828295,533,436224068,294393,683901,27075
2026-10-08T13:25:58Z,7911332924,1347,57084601,72039,15284,2393
2026-10-08T13:25:58Z,7917550094,1095,186516588,160631,33925,5666
2026-10-08T13:25:58Z,7921879545,1252,53297927,90990,44941,4643
2026-10-08T13:25:58Z,7934320560,1786,110514224,137248,164579,8094
2026-10-08T13:25:58Z,7935634976,2820,89012705,219831,79156,16969
2026-10-08T13:25:58Z,7938305201,1910,38088231,741807,11917,1555
2026-10-08T13:25:58Z,7938992417,586,99375760,246670,32293,15726
2026-10-08T13:25:58Z,7939389895,528,84284084,1926186,62795,4358
2026-10-08T13:25:58Z,7940293048,452,2811591,3554,1076,412
2026-10-08T13:25:58Z,7943133183,1100,33575085,1123725,75721,1769
2026-10-08T13:25:58Z,7948426536,6171,60654937,118456,14323,1720
2026-10-08T13:25:58Z,7959448908,338,29755200,23265,15623,4324
2026-10-08T13:25:58Z,7960300951,3234,202016184,7806079,376197,17332
2026-10-08T13:25:58Z,7964539330,405,213513922,13261645,145784,16555
2026-10-08T13:25:58Z,7968055762,838,9308823,24882,9982,1016
2026-10-08T13:25:58Z,7970033072,1095,7684571,109320,158469,3909
2026-10-08T13:25:58Z,7972256224,200,3919532,46169,15901,897
2026-10-08T13:25:58Z,7983308985,714,136995663,237902,491413,20162
2026-10-08T13:25:58Z,7990186056,2054,411295706,383738,286038,18441
2026-10-08T13:25:58Z,7996365376,5290,448841983,490073,206581,28137
2026-10-08T13:25:58Z,8000413855,312,96432933,79717,87634,8920
2026-10-08T13:25:58Z,8005378926,589,40735259,831377,7329,1373
2026-10-08T13:25:58Z,8006379851,2188,129382182,7033915,7175,3357
2026-10-08T13:25:58Z,8014099969,1761,152618968,256913,142113,12514
2026-10-08T13:25:58Z,8017401632,349,65330875,156155,53585,3629
2026-10-08T13:25:58Z,8051653879,408,18723117,20753,7491,4259
2026-10-08T13:25:58Z,8058628992,517,177744368,585653,75326,6636
2026-10-08T13:25:58Z,8066283370,1363,529756254,3068117,434757,16519
2026-10-08T13:25:58Z,8072075666,630,2576926,36152,10002,3034
2026-10-08T13:25:58Z,8080493298,1894,261790571,309192,89553,15367
2026-10-08T13:25:58Z,8080863905,620,115348675,107227,145984,20970
2026-10-08T13:25:58Z,8081472583,346,181099067,17025430,265300,23848
2026-10-08T13:25:58Z,8087030587,175,59486346,4996467,6895,1042
2026-10-08T13:25:58Z,8093473699,387,26183388,93230,22875,4126
2026-10-08T13:25:58Z,8095834523,824,23940880,61305,24189,3556
2026-10-08T13:25:58Z,8104504677,847,62939552,281429,199701,13049
2026-10-08T13:25:58Z,8123308765,542,28057671,27018,6135,1872
2026-10-08T13:25:58Z,8140627455,178,96925210,100074,108188,8389
2026-10-08T13:25:58Z,8156973419,7165,157169872,5118999,91199,10062
2026-10-08T13:25:58Z,8160348242,4307,212356172,4779738,144727,15381
2026-10-08T13:25:58Z,8178086002,14407,82243095,235356,65409,4472
2026-10-08T13:25:58Z,8181391950,1585,242206699,4579193,264242,27163
2026-10-08T13:25:58Z,8198412649,1156,54409062,95392,70988,8562
2026-10-08T13:25:58Z,8203127178,410,18102126,41896,30696,4108
2026-10-08T13:25:58Z,8204806107,598,55761264,141766,36776,3312
2026-10-08T13:25:58Z,8212026736,472,47374982,291987,96414,3547
2026-10-08T13:25:58Z,8212965377,270,54383148,56777,29627,2620
2026-10-08T13:25:58Z,8214054500,818,145630922,431423,1089183,27711
2026-10-08T13:25:58Z,8223345519,884,42260711,95155,27939,2738
2026-10-08T13:25:58Z,8228371304,291,83088908,63140,7135,2228
2026-10-08T13:25:58Z,8232540509,296,44653698,59353,27409,5007
2026-10-08T13:25:58Z,8237105425,1401,44148350,932016,346983,7973
2026-10-08T13:25:58Z,8238863102,2929,323111083,2294246,216002,10784
2026-10-08T13:25:58Z,8239435378,225,38495736,91176,173327,5291
2026-10-08T13:25:58Z,8243724761,507,51310364,273940,79275,2945
2026-10-08T13:25:58Z,8246907060,1002,117517930,294580,188509,18680
2026-10-08T13:25:58Z,8269273068,397,41496104,268318,284930,12353
2026-10-08T13:25:58Z,8279887603,146,103426712,387671,68002,8081
2026-10-08T13:25:58Z,8294794009,867,75438449,115208,23750,5575
2026-10-08T13:25:58Z,8296765616,3536,36155411,77268,48008,2515
2026-10-08T13:25:58Z,8299444324,358,167750740,10258957,338781,19724
2026-10-08T13:25:58Z,8300580369,305,7902521,82398,13000,2106
2026-10-08T13:25:58Z,8307114974,5442,400864703,255679,101100,16548
2026-10-08T13:25:58Z,8309394444,257,23568379,1683467,18865,1548
2026-10-08T13:25:58Z,8313824597,482,26421558,39980,26390,3582
2026-10-08T13:25:58Z,8316902627,2540,4712887931,2001376,3026616,166583
2026-10-08T13:25:58Z,8321616508,353,51285724,53488,89343,5288
2026-10-08T13:25:58Z,8322865535,2179,37430433,1999649,11169,1462
2026-10-08T13:25:58Z,8330409552,256,156033644,14717986,107220,11113
2026-10-08T13:25:58Z,8342498724,7353,55483620,109880,80543,3206
2026-10-08T13:25:58Z,8343243056,528,242510290,1694974,307146,8101
2026-10-08T13:25:58Z,8353962342,564,226648598,8348695,190739,10900
2026-10-08T13:25:58Z,8356066619,1820,89547386,47446,88525,4529
2026-10-08T13:25:58Z,8360491918,1204,23807079,21279,15117,5347
2026-10-08T13:25:58Z,8365871374,3175,258027623,20556293,196750,10308
2026-10-08T13:25:58Z,8366716517,325,78005320,998643,178122,19032
2026-10-08T13:25:58Z,8374113155,651,274984066,222741,111701,6040
2026-10-08T13:25:58Z,8375166760,677,56645950,67072,17389,5109
2026-10-08T13:25:58Z,8401518398,4477,121069510,108763,21259,8371
2026-10-08T13:25:58Z,8420907710,954,76583600,5883662,201180,40224
2026-10-08T13:25:58Z,8430503828,319,132121280,778006,34595,7289
2026-10-08T13:25:58Z,8438027136,648,24268278,22421,6339,2741
2026-10-08T13:25:58Z,8438735581,332,11370532,23443,7900,1445
2026-10-08T13:25:58Z,8446266018,373,81881656,68127,67157,15500
2026-10-08T13:25:58Z,8450202664,926,18718019,47282,41001,3173
2026-10-08T13:25:58Z,8450472355,1070,134622530,168776,135660,16808
2026-10-08T13:25:58Z,8472682462,1460,79063466,68884,10738,1460
2026-10-08T13:25:58Z,8475779172,383,32737311,52892,27241,2077
2026-10-08T13:25:58Z,8485482226,404,23933093,184970,45487,3595
2026-10-08T13:25:58Z,8488806742,430,46034043,88342,41196,7781
2026-10-08T13:25:58Z,8494484575,227,78559727,3297792,126210,2770
2026-10-08T13:25:58Z,8497987845,1101,25243095,138484,75952,6472
2026-10-08T13:25:58Z,8503596762,345,3103517,34525,12834,1015
2026-10-08T13:25:58Z,8504461817,2936,202464559,116031,43640,3740
2026-10-08T13:25:58Z,8520148363,3811,266317826,3339621,678694,79728
2026-10-08T13:25:58Z,8524572339,1996,96266022,139102,81737,22451
2026-10-08T13:25:58Z,8539298853,3405,1301341938,1831645,383481,43194
2026-10-08T13:25:58Z,8546873728,1973,33464165,699730,16207,2066
2026-10-08T13:25:58Z,8561270645,222,47675158,1002761,11688,2983
2026-10-08T13:25:58Z,8562618273,314,108166377,90656,105055,4237
2026-10-08T13:25:58Z,8570876289,958,61910344,23471,21608,5105
2026-10-08T13:25:58Z,8572854650,584,130351179,885764,476967,10657
2026-10-08T13:25:58Z,8600977079,1383,90540353,89089,18108,5361
2026-10-08T13:25:58Z,8601956127,227,28438047,119677,123994,5210
2026-10-08T13:25:58Z,8615117785,319,2129916,24786,6240,3128
2026-10-08T13:25:58Z,8618660961,1441,43118942,133249,54256,6845
2026-10-08T13:25:58Z,8640389608,387,2397519,4688,4394,459
2026-10-08T13:25:58Z,8641602265,1602,78482733,212934,137879,8058
2026-10-08T13:25:58Z,8646185650,1138,30775000,49733,35490,1621
2026-10-08T13:25:58Z,8646444640,1073,12603932,45203,26562,3884
2026-10-08T13:25:58Z,8659262047,1218,128421168,1281820,515534,10560
2026-10-08T13:25:58Z,8662243497,2947,271233906,283206,56912,7042
2026-10-08T13:25:58Z,8669550197,2279,111537415,138774,76629,3724
2026-10-08T13:25:58Z,8698022820,212,44315712,52105,90422,1092
2026-10-08T13:25:58Z,8705454731,2614,79782889,526337,131980,12400
2026-10-08T13:25:58Z,8719555347,13038,438124298,638787,224862,18051
2026-10-08T13:25:58Z,8722889197,356,150825752,5300089,111687,6233
2026-10-08T13:25:58Z,8723526551,1038,17258721,570108,41823,3518
2026-10-08T13:25:58Z,8724785394,1759,8413370,365051,11366,566
2026-10-08T13:25:58Z,8728034884,163,10055757,24356,10481,1791
2026-10-08T13:25:58Z,8744978097,624,18921705,51162,70193,4082
2026-10-08T13:25:58Z,8751492147,383,117484760,115317,32288,9099
2026-10-08T13:25:58Z,8752324161,2855,236196656,135362,22198,10483
2026-10-08T13:25:58Z,8759966530,250,129016717,416903,85265,9274
2026-10-08T13:25:58Z,8776018564,858,79801979,160897,133642,5140
2026-10-08T13:25:58Z,8786713187,880,120743384,295909,656075,12594
2026-10-08T13:25:58Z,8791358380,6160,465954134,14089489,297094,15851
2026-10-08T13:25:58Z,8794536584,893,14587363,88979,39316,4862
2026-10-08T13:25:58Z,8795154789,2240,486610188,396525,356125,27169
2026-10-08T13:25:58Z,8799094487,484,33936042,75781,22259,2906
2026-10-08T13:25:58Z,8807109250,521,56124453,1574382,150742,14804
2026-10-08T13:25:58Z,8813969120,5265,46717144,133097,95868,3406
2026-10-08T13:25:58Z,8824087733,263,13745657,8193,4074,616
2026-10-08T13:25:58Z,8828612659,1209,151649428,164935,240456,4593
2026-10-08T13:25:58Z,8829204428,1688,9236048,164074,125321,2765
2026-10-08T13:25:58Z,8832884753,399,69737190,745352,85343,3368
2026-10-08T13:25:58Z,8834587397,288,577417688,14056888,517650,42789
2026-10-08T13:25:58Z,8836568224,3321,129939077,120473,139987,3019
2026-10-08T13:25:58Z,8836631593,1651,43277623,51792,17549,8478
2026-10-08T13:25:58Z,8841437826,1614,56414612,826075,94517,2883
2026-10-08T13:25:58Z,8846911260,638,76036300,212261,65550,3484
2026-10-08T13:25:58Z,8847904177,328,31470783,4284642,9697,1556
2026-10-08T13:25:58Z,8851542818,765,60568806,377855,92430,4280
2026-10-08T13:25:58Z,8869088870,5889,50607735,2704443,140726,3045
2026-10-08T13:25:58Z,8881105040,650,55057845,106375,168043,3021
2026-10-08T13:25:58Z,8881302585,1632,90011833,174231,138476,25113
2026-10-08T13:25:58Z,8883775493,2015,135823493,400393,47251,10555
2026-10-08T13:25:58Z,8890288888,957,117995668,81848,16055,6286
2026-10-08T13:25:58Z,8902327228,374,111102575,125269,72571,10455
2026-10-08T13:25:58Z,8913675853,180,40501123,48953,30356,19394
2026-10-08T13:25:58Z,8916086418,355,6649006,59803,14072,795
2026-10-08T13:25:58Z,8925924444,1424,110754598,148436,147562,11196
2026-10-08T13:25:58Z,8935993972,322,14247859,106208,104157,3833
2026-10-08T13:25:58Z,8937254139,3487,231310131,1823418,498948,8436
2026-10-08T13:25:58Z,8946565814,2173,27146443,27431,33690,2230
2026-10-08T13:25:58Z,8950496606,1157,180987227,456361,148658,9305
2026-10-08T13:25:58Z,8957522683,254,96637587,49815,6535,2544
2026-10-08T13:25:58Z,8959257868,439,14172504,49942,22474,2198
2026-10-08T13:25:58Z,8964956538,2021,70028923,1237658,203628,6512
2026-10-08T13:25:58Z,8965717730,1249,19063415,793788,4489,1274
2026-10-08T13:25:58Z,8995269203,368,30674487,27037,11395,998
2026-10-08T13:25:58Z,8997131346,422,11100973,23366,6976,1990
2026-10-08T13:25:58Z,8997725599,340,9359438,42211,57388,5613
2026-10-08T13:25:58Z,9001634416,266,3970622,22165,5602,2759
2026-10-08T13:25:58Z,9029936173,762,39338038,3840765,10700,3013
2026-10-08T13:25:58Z,9031167776,247,2218711,15095,4955,349
2026-10-08T13:25:58Z,9050667716,558,62527797,87787,43645,10910
2026-10-08T13:25:58Z,9051406594,7689,399302328,7779105,2060931,76925
2026-10-08T13:25:58Z,9058303084,523,97533290,63956,21738,10545
2026-10-08T13:25:58Z,9065022692,804,11879747,435736,5092,933
2026-10-08T13:25:58Z,9067401541,425,25038327,126379,187296,4608
2026-10-08T13:25:58Z,9073513091,1591,145786097,180750,165182,8111
2026-10-08T13:25:58Z,9076692567,493,34731442,156958,41677,8828
2026-10-08T13:25:58Z,9081083593,367,23345718,337038,23298,5719
2026-10-08T13:25:58Z,9084112733,1658,84955693,188260,18402,4920
2026-10-08T13:25:58Z,9086253192,332,100228661,3690527,43092,2381
2026-10-08T13:25:58Z,9091133975,3559,464099505,1289624,1231895,24697
2026-10-08T13:25:58Z,9098253051,288,32795218,2344658,46304,4936
2026-10-08T13:25:58Z,9098570654,6964,269701726,454834,193916,12102
2026-10-08T13:25:58Z,9102566780,270,7466259,39858,73522,4955
2026-10-08T13:25:58Z,9104763985,883,89323913,7213563,151180,2623
2026-10-08T13:25:58Z,9105075853,345,16091029,78728,164832,5730
2026-10-08T13:25:58Z,9112256336,272,9769698,20589,8595,1619
2026-10-08T13:25:58Z,9119782663,2315,98311862,2664908,63054,9918
2026-10-08T13:25:58Z,9125259344,2346,134174923,260761,52832,15790
2026-10-08T13:25:58Z,9130827443,565,43140349,1964312,110575,8880
2026-10-08T13:25:58Z,9140218204,113,19873941,1571382,34303,1857
2026-10-08T13:25:58Z,9141743926,2685,459619410,603152,536286,11922
2026-10-08T13:25:58Z,9142917248,2462,65372007,4738925,44590,4187
2026-10-08T13:25:58Z,9145063979,5497,592433136,615739,1127791,25637
2026-10-08T13:25:58Z,9150731899,1801,17450800,86011,19048,5165
2026-10-08T13:25:58Z,9155036056,1201,111319684,270176,411844,5731
2026-10-08T13:25:58Z,9156711629,1010,50359511,399234,116025,3843
2026-10-08T13:25:58Z,9162763535,1430,77775678,96586,25739,7359
2026-10-08T13:25:58Z,9167377564,17354,384223664,9024930,661222,19554
2026-10-08T13:25:58Z,9169166771,1433,72013785,131192,19884,5459
2026-10-08T13:25:58Z,9175015027,519,58969832,4975412,26529,3782
2026-10-08T13:25:58Z,9186719164,1671,1597557718,843453,1244681,52652
2026-10-08T13:25:58Z,9198323655,1356,121764212,84487,39097,3617
2026-10-08T13:25:58Z,9199655655,11055,264116464,746951,498845,63204
2026-10-08T13:25:58Z,9209811415,185,52469221,125360,19070,1855
2026-10-08T13:25:58Z,9210599831,1842,19705308,519555,97852,4064
2026-10-08T13:25:58Z,9219116196,686,103124473,288492,44020,6075
2026-10-08T13:25:58Z,9219838330,387,14173422,40729,112983,3141
2026-10-08T13:25:58Z,9221949930,406,11264718,273100,9429,1700
2026-10-08T13:25:58Z,9226697658,235,4083534,43680,90154,1497
2026-10-08T13:25:58Z,9228045253,334,142543198,251954,331186,8782
2026-10-08T13:25:58Z,9229146348,436,10507097,39501,17044,4202
2026-10-08T13:25:58Z,9232634201,298,89712567,99636,27158,4641
2026-10-08T13:25:58Z,9237297311,206,2176023,18231,3013,720
2026-10-08T13:25:58Z,9237322219,505,18437233,44597,29476,2324
2026-10-08T13:25:58Z,9250508067,126,7517309,37264,12153,2025
2026-10-08T13:25:58Z,9255588637,800,158917371,11277325,55442,19334
2026-10-08T13:25:58Z,9257800423,2002,39189941,384476,160910,9742
2026-10-08T13:25:58Z,9272395657,2436,8534860,11608,5504,2571
2026-10-08T13:25:58Z,9272693470,874,274154200,182770,127894,8733
2026-10-08T13:25:58Z,9273584416,359,14939199,610573,14563,6865
2026-10-08T13:25:58Z,9276049439,1978,59815281,213163,71670,2974
2026-10-08T13:25:58Z,9282371706,180,28146438,266869,13571,3220
2026-10-08T13:25:58Z,9286558970,850,22208824,84489,32154,12406
2026-10-08T13:25:58Z,9293574407,614,59394950,4208551,45720,3434
2026-10-08T13:25:58Z,9294074907,16639,585080157,652540,220658,30198
2026-10-08T13:25:58Z,9294646427,1271,112163405,285746,526644,14029
2026-10-08T13:25:58Z,9296042754,4721,88541213,420756,190122,4420
2026-10-08T13:25:58Z,9296252245,5605,247565567,15194840,247816,12330
2026-10-08T13:25:58Z,9297902951,243,29643237,407991,155479,22721
2026-10-08T13:25:58Z,9298096434,866,13677259,156545,54675,5383
2026-10-08T13:25:58Z,9303771057,946,103630785,1929498,32415,11269
2026-10-08T13:25:58Z,9312646406,2232,203963333,994212,175030,12365
2026-10-08T13:25:58Z,9312746495,615,19573199,120431,16804,1778
2026-10-08T13:25:58Z,9315472782,312,26780496,151959,24599,1687
2026-10-08T13:25:58Z,9315739469,636,90002417,97792,14551,4835
2026-10-08T13:25:58Z,9316885643,624,226272905,6721227,32123,4510
2026-10-08T13:25:58Z,9317784977,1743,143236135,1318661,147963,20124
2026-10-08T13:25:58Z,9320470390,1511,194961865,258015,102991,9155
2026-10-08T13:25:58Z,9324506782,386,16311915,89749,60639,5636
2026-10-08T13:25:58Z,9328305853,747,36136578,816199,76691,4242
2026-10-08T13:25:58Z,9338511689,608,36760690,10674,11648,1995
2026-10-08T13:25:58Z,9344307274,754,589696863,419651,686158,43090
2026-10-08T13:25:58Z,9344916045,742,85213825,219855,47489,3358
2026-10-08T13:25:58Z,9348272796,6548,748657226,690109,442399,21232
2026-10-08T13:25:58Z,9352840896,439,36957836,1010498,21602,5276
2026-10-08T13:25:58Z,9354709602,303,60672539,823327,294946,6239
2026-10-08T13:25:58Z,9357218675,229,44739897,3474219,34071,1161
2026-10-08T13:25:58Z,9362896961,3224,158385086,222651,598076,9233
2026-10-08T13:25:58Z,9363735110,4827,5729147526,2065880,1941884,393964
2026-10-08T13:25:58Z,9364041968,2173,65181859,565434,27207,5757
2026-10-08T13:25:58Z,9382839773,1948,35925335,89040,287204,3339
2026-10-08T13:25:58Z,9384605736,937,1049638688,17276703,2720897,110909
2026-10-08T13:25:58Z,9395278151,2161,36435183,1637208,12956,2457
2026-10-08T13:25:58Z,9395554342,182,4554190,403846,1214,564
2026-10-08T13:25:58Z,9399884981,1361,205078586,1058509,67623,4452
2026-10-08T13:25:58Z,9403708294,526,96040181,74360,41961,14820
2026-10-08T13:25:58Z,9404155369,546,49349607,3184694,50105,2090
2026-10-08T13:25:58Z,9442472087,478,11303662,282039,30763,2435
2026-10-08T13:25:58Z,9449993534,2248,55501566,77760,18474,8693
2026-10-08T13:25:58Z,9452898647,1260,126211323,5378952,46436,5512
2026-10-08T13:25:58Z,9456449045,257,12504897,18444,5675,1059
2026-10-08T13:25:58Z,9463334671,322,8634877,56912,18413,2278
2026-10-08T13:25:58Z,9464360885,387,63883218,107234,30892,13575
2026-10-08T13:25:58Z,9472441390,3102,294752867,283945,215589,9202
2026-10-08T13:25:58Z,9480281767,1986,29210587,139748,18983,4663
2026-10-08T13:25:58Z,9481391333,2531,37888625,762463,11573,3631
2026-10-08T13:25:58Z,9484893818,713,11576377,103087,42575,2497
2026-10-08T13:25:58Z,9485131494,1572,93273342,455434,362621,7365
2026-10-08T13:25:58Z,9490116046,4420,147002504,6554268,10377,5536
2026-10-08T13:25:58Z,9491545867,25291,129693188,1283784,29896,6727
2026-10-08T13:25:58Z,9496852407,2509,124949255,107549,61625,9430
2026-10-08T13:25:58Z,9497278040,224,82194969,246903,57278,3289
2026-10-08T13:25:58Z,9499439936,630,101066511,89917,14178,4476
2026-10-08T13:25:58Z,9501409571,489,44071742,226955,120131,3025
2026-10-08T13:25:58Z,9501701013,1938,104365796,153869,29669,11542
2026-10-08T13:25:58Z,9503696692,446,87173762,80645,35882,16567
2026-10-08T13:25:58Z,9506013695,4719,124235567,433907,74640,10906
2026-10-08T13:25:58Z,9507134447,157,31235169,1123885,80492,1628
2026-10-08T13:25:58Z,9508201896,267,11669147,252398,2915,538
2026-10-08T13:25:58Z,9510573507,515,7919434,332713,3008,1153
2026-10-08T13:25:58Z,9511365396,910,71266052,92722,11349,4265
2026-10-08T13:25:58Z,9511454418,367,4520522,35666,19024,1698
2026-10-08T13:25:58Z,9513407177,480,20805299,16654,23611,2050
2026-10-08T13:25:58Z,9513686983,2826,437364383,14448948,101371,36888
2026-10-08T13:25:58Z,9514625031,1251,751277,2535,257,122
2026-10-08T13:25:58Z,9517627739,412,33326556,98055,73303,8253
2026-10-08T13:25:58Z,9520692022,3429,8419017,634023,2875,4406
2026-10-08T13:25:58Z,9522015993,1376,138616593,248786,50991,25464
2026-10-08T13:25:58Z,9529449775,655,3248960,107555,12494,653
2026-10-08T13:25:58Z,9534705677,22921,305431048,3026140,289408,25944
2026-10-08T13:25:58Z,9539483725,683,63816510,83604,10417,2934
2026-10-08T13:25:58Z,9546331833,1197,65242876,57465,45101,3657
2026-10-08T13:25:58Z,9549133757,560,28274406,44765,27932,3021
2026-10-08T13:25:58Z,9549278601,3176,11651500,871923,2005,891
2026-10-08T13:25:58Z,9550141430,984,21375741,422368,12310,1383
2026-10-08T13:25:58Z,9551044479,3159,54731671,264549,185909,5348
2026-10-08T13:25:58Z,9557528747,237,10071097,424879,13350,1478
2026-10-08T13:25:58Z,9560516761,676,30687646,23068,9026,1690
2026-10-08T13:25:58Z,9561553764,11943,269585749,225866,259163,17595
2026-10-08T13:25:58Z,9564490170,753,55402766,587266,109601,30022
2026-10-08T13:25:58Z,9564659718,649,126221460,180477,191443,19285
2026-10-08T13:25:58Z,9564673841,1564,175473339,304653,195858,29556
2026-10-08T13:25:58Z,9569441921,165,13802988,100044,26175,25457
2026-10-08T13:25:58Z,9580564449,278,10354985,118299,2241,407
2026-10-08T13:25:58Z,9582986239,3213,17006477,72755,38034,1996
2026-10-08T13:25:58Z,9583356773,2559,3341897,158401,533,265
2026-10-08T13:25:58Z,9584852943,95529,6343064388,6969478,9915314,321003
2026-10-08T13:25:58Z,9584946743,3283,39089567,289829,125910,2383
2026-10-08T13:25:58Z,9585346472,636,45949542,465054,45555,5272
2026-10-08T13:25:58Z,9588121608,1122,152573341,2911324,53947,10283
2026-10-08T13:25:58Z,9592387369,5133,64550880,199008,84831,19923
2026-10-08T13:25:58Z,9599808796,577,133099156,182231,79834,22612
2026-10-08T13:25:58Z,9620363363,651,66018111,55825,14674,2279
2026-10-08T13:25:58Z,9627655329,1987,37024236,507170,11933,3242
2026-10-08T13:25:58Z,9630276723,262,50663662,65226,39463,2595
2026-10-08T13:25:58Z,9639553972,1490,44004761,220287,142380,12272
2026-10-08T13:25:58Z,9641502068,12156,121634427,230944,285502,19068
2026-10-08T13:25:58Z,9645309602,158,42905714,83942,34484,5889
2026-10-08T13:25:58Z,9649298941,792,751791673,5564439,1234167,84591
2026-10-08T13:25:58Z,9655781693,1108,18067295,36518,16555,5246
2026-10-08T13:25:58Z,9655921954,1924,48301265,54129,6271,2912
2026-10-08T13:25:58Z,9656201728,1511,31496764,110354,62272,3094
2026-10-08T13:25:58Z,9660713566,893,110849386,6677678,80592,4415
2026-10-08T13:25:58Z,9661927199,393,135473209,137301,90229,19641
2026-10-08T13:25:58Z,9662130710,9061,17012928,546700,114660,9738
2026-10-08T13:25:58Z,9663968307,3564,166581253,2225057,166889,32241
2026-10-08T13:25:58Z,9668574764,229,21922543,1420114,70691,913
2026-10-08T13:25:58Z,9669297195,197,32963710,23071,2627,1220
2026-10-08T13:25:58Z,9671745030,165,17321566,111800,26114,2310
2026-10-08T13:25:58Z,9671940985,738,181063896,6062460,133965,8168
2026-10-08T13:25:58Z,9677121265,191,40116487,48012,13779,11342
2026-10-08T13:25:58Z,9679514364,339,10296170,68936,14753,2697
2026-10-08T13:25:58Z,9681943457,262,46261658,34448,32215,2793
2026-10-08T13:25:58Z,9690128730,217,1693802,12982,4000,313
2026-10-08T13:25:58Z,9694335093,977,21264818,252650,128755,6384
2026-10-08T13:25:58Z,9697502306,1371,114238171,122806,27394,3888
2026-10-08T13:25:58Z,9701569269,241,16201535,1021342,4535,918
2026-10-08T13:25:58Z,9701909402,815,56275967,125715,52602,2259
2026-10-08T13:25:58Z,9702840627,199,11662435,202118,164849,5672
2026-10-08T13:25:58Z,9705384247,901,33274417,119165,48623,8056
2026-10-08T13:25:58Z,9707841805,368,9571148,179109,71353,2872
2026-10-08T13:25:58Z,9710205604,148,29228318,497937,76485,4307
2026-10-08T13:25:58Z,9711289915,2091,161969998,1535980,57968,8318
2026-10-08T13:25:58Z,9711972386,323,14470886,27278,12622,2451
2026-10-08T13:25:58Z,9713717379,225,44060680,5962104,17552,2773
2026-10-08T13:25:58Z,9714537627,765,30825901,72883,26512,56794
2026-10-08T13:25:58Z,9715999586,331,155853371,113167,103954,12679
2026-10-08T13:25:58Z,9722598100,330,39025658,162333,164859,2472
2026-10-08T13:25:58Z,9723617424,470,42669104,68525,12695,2854
2026-10-08T13:25:58Z,9732080947,1624,87259374,268392,63906,11171
2026-10-08T13:25:58Z,9735583968,2154,155678135,426670,120897,10168
2026-10-08T13:25:58Z,9736593239,1766,61778548,38326,8679,1458
2026-10-08T13:25:58Z,9741874508,3118,112826129,5827695,81779,6052
2026-10-08T13:25:58Z,9747555206,214,42014555,126378,32299,6135
2026-10-08T13:25:58Z,9750146698,199,46234167,31640,3713,502
2026-10-08T13:25:58Z,9750361560,349,62946270,143717,139377,14598
2026-10-08T13:25:58Z,9751615286,432,15335893,17239,10505,1520
2026-10-08T13:25:58Z,9753458401,851,13180033,47758,12012,2297
2026-10-08T13:25:58Z,9753814298,590,398212861,338455,173794,37545
2026-10-08T13:25:58Z,9754968779,371,62178867,2970399,429867,9591
2026-10-08T13:25:58Z,9758027784,1614,90058560,131024,59747,12655
2026-10-08T13:25:58Z,9758688665,1700,125049514,6370907,35139,5578
2026-10-08T13:25:58Z,9759082891,4373,29200759,3690349,13853,1013
2026-10-08T13:25:58Z,9759989445,493,26586582,69361,27411,3493
2026-10-08T13:25:58Z,9765324104,1225,81898596,420806,49231,4619
2026-10-08T13:25:58Z,9774284077,2440,117037854,4180118,23933,4683
2026-10-08T13:25:58Z,9774451882,3529,18755591,25622,7414,3782
2026-10-08T13:25:58Z,9776222468,2442,90343741,179348,49135,8734
2026-10-08T13:25:58Z,9780429221,2358,81845120,1280945,55677,11998
2026-10-08T13:25:58Z,9781580133,1396,11235002,46701,32577,8472
2026-10-08T13:25:58Z,9784759642,305,49629485,53846,14861,2718
2026-10-08T13:25:58Z,9785048253,936,16615442,139112,28142,4327
2026-10-08T13:25:58Z,9787206684,1278,779135113,2989973,765731,41611
2026-10-08T13:25:58Z,9788139379,2457,73307129,179232,119680,15072
2026-10-08T13:25:58Z,9792551117,2562,182305622,547435,44059,18351
2026-10-08T13:25:58Z,9792947201,442,536253610,3520881,814514,19917
2026-10-08T13:25:58Z,9793308933,993,59616889,1431714,291709,3790
2026-10-08T13:25:58Z,9796643263,876,26764000,981015,5571,1526
2026-10-08T13:25:58Z,9796898051,12344,69304659,1054391,85194,6976
2026-10-08T13:25:58Z,9800909176,936,28539154,40140,16349,1006
2026-10-08T13:25:58Z,9801436549,401,10873222,13853,2920,1549
2026-10-08T13:25:58Z,9802644580,339,54074050,796683,48359,4826
2026-10-08T13:25:58Z,9803970239,3387,59621298,60554,23675,9815
2026-10-08T13:25:58Z,9804429271,336,35945804,2021625,43993,1774
2026-10-08T13:25:58Z,9807649116,2710,193085479,373908,250516,10280
2026-10-08T13:25:58Z,9807783902,490,7504297,48525,8954,2651
2026-10-08T13:25:58Z,9811924734,681,26009510,89998,30150,2889
2026-10-08T13:25:58Z,9812090239,2102,46514249,1100622,64634,1351
2026-10-08T13:25:58Z,9813375035,192,54327160,1036857,28125,6207
2026-10-08T13:25:58Z,9813946433,953,34153686,76699,115504,10555
2026-10-08T13:25:58Z,9815834699,1988,66384846,211733,123441,17379
2026-10-08T13:25:58Z,9825259729,13979,21768562,152453,51894,6341
2026-10-08T13:25:58Z,9826885587,4842,153920870,362650,307045,8862
2026-10-08T13:25:58Z,9829910038,319,2729440,9212,4777,481
2026-10-08T13:25:58Z,9830725726,4814,64193947,71767,14031,4454
2026-10-08T13:25:58Z,9833852980,295,8881028,177301,21895,3987
2026-10-08T13:25:58Z,9836330876,1334,23396791,82831,16254,1157
2026-10-08T13:25:58Z,9837325548,2111,58652996,114288,55410,3900
2026-10-08T13:25:58Z,9837612476,8607,352227669,1245087,794636,28972
2026-10-08T13:25:58Z,9843234816,7577,25229708,1057288,3708,1324
2026-10-08T13:25:58Z,9845995128,638,3512160,18423,2755,267
2026-10-08T13:25:58Z,9851352969,875,37430789,887435,10510,1516
2026-10-08T13:25:58Z,9852933243,521,10309712,64233,14297,2163
2026-10-08T13:25:58Z,9855761734,12870,213863734,295553,146211,24628
2026-10-08T13:25:58Z,9857818180,324,4051345,9206,5583,2768
2026-10-08T13:25:58Z,9859948536,837,40789812,814119,32392,9387
2026-10-08T13:25:58Z,9860746424,674,33374140,53060,23791,4186
2026-10-08T13:25:58Z,9865931248,3372,3166212,168403,1240,258
2026-10-08T13:25:58Z,9866884975,339,55165251,3969299,191244,7600
2026-10-08T13:25:58Z,9868545229,582,7989396,35852,8717,1001
2026-10-08T13:25:58Z,9872734936,10551,54954400,122454,49886,6444
2026-10-08T13:25:58Z,9872977974,4549,34170457,316620,7594,710
2026-10-08T13:25:58Z,9874419878,934,208070686,488636,120732,18704
2026-10-08T13:25:58Z,9875383684,763,181392816,206325,95442,10765
2026-10-08T13:25:58Z,9877481048,2164,26902196,66002,26105,3230
2026-10-08T13:25:58Z,9880286438,7007,26106025,66114,85214,2597
2026-10-08T13:25:58Z,9882110948,346,16829628,41653,67118,14551
2026-10-08T13:25:58Z,9882296644,194,12853151,690298,3196,1017
2026-10-08T13:25:58Z,9885372266,2721,88345890,2516041,150707,10199
2026-10-08T13:25:58Z,9889811676,638,31043115,210671,69616,11055
2026-10-08T13:25:58Z,9891331827,5288,2376576,121085,56881,1798
2026-10-08T13:25:58Z,9892207761,530,63134871,247955,27695,3884
2026-10-08T13:25:58Z,9893515490,305,58752678,1340076,433679,7271
2026-10-08T13:25:58Z,9896643509,264,12075887,15886,6607,1810
2026-10-08T13:25:58Z,9898409899,422,40449654,236732,68352,15747
2026-10-08T13:25:58Z,9898970160,212,61308350,137750,163363,4008
2026-10-08T13:25:58Z,9900286623,1048,21992404,159151,9898,1818
2026-10-08T13:25:58Z,9903325235,3518,77043985,95931,38460,6395
2026-10-08T13:25:58Z,9903482381,592,51965052,2883162,13249,3493
2026-10-08T13:25:58Z,9903685259,361,26836997,1890267,40746,5630
2026-10-08T13:25:58Z,9906154135,4179,54395043,57333,17326,2340
2026-10-08T13:25:58Z,9906378607,3785,13091616,451596,61054,1145
2026-10-08T13:25:58Z,9908641400,813,76543166,58889,36217,7778
2026-10-08T13:25:58Z,9910245722,4190,324071527,1495684,507997,9686
2026-10-08T13:25:58Z,9911988958,366,24448788,145262,170018,9499
2026-10-08T13:25:58Z,9912025777,3915,219942843,477147,179943,13015
2026-10-08T13:25:58Z,9914581074,332,42081144,67493,43126,8156
2026-10-08T13:25:58Z,9918481645,314,7681807,5804,3345,776
2026-10-08T13:25:58Z,9929436407,348,15456372,462482,20743,1669
2026-10-08T13:25:58Z,9929870476,400,1606511,36368,8794,560
2026-10-08T13:25:58Z,9930466428,352,40629440,169248,36414,5442
2026-10-08T13:25:58Z,9931749389,6190,151357246,246428,164663,6194
2026-10-08T13:25:58Z,9933939850,1743,60598649,55803,22812,3885
2026-10-08T13:25:58Z,9934614409,468,89770668,146189,112440,7062
2026-10-08T13:25:58Z,9938429322,568,14497314,39109,57979,1922
2026-10-08T13:25:58Z,9940076108,334,28560740,2544528,12333,2611
2026-10-08T13:25:58Z,9940725596,621,41138493,56756,8792,1868
2026-10-08T13:25:58Z,9940812243,2779,15670998,167893,29979,942
2026-10-08T13:25:58Z,9942734820,1330,35968170,1526957,8607,3009
2026-10-08T13:25:58Z,9943273705,1066,20809529,47542,6053,5061
2026-10-08T13:25:58Z,9948575164,1816,54538346,249236,141101,5885
2026-10-08T13:25:58Z,9948825950,274,23693017,1957546,6710,3104
2026-10-08T13:25:58Z,9949148856,2480,5987881,905830,1589,454
2026-10-08T13:25:58Z,9949288829,912,10205551,98208,28181,825
2026-10-08T13:25:58Z,9950184599,1164,13496431,122973,93385,2639
2026-10-08T13:25:58Z,9950410865,1276,35212130,1727264,18707,3834
2026-10-08T13:25:58Z,9952351777,598,32065297,514644,37033,4034
2026-10-08T13:25:58Z,9952820791,586,1020514,8412,2076,785
2026-10-08T13:25:58Z,9953328866,698,62064490,71628,52429,3170
2026-10-08T13:25:58Z,9954447663,359,22448595,1136958,3513,559
2026-10-08T13:25:58Z,9957338123,3879,57514221,72258,7155,2372
2026-10-08T13:25:58Z,9958694666,457,50136582,454711,54685,1684
2026-10-08T13:25:58Z,9960184903,1343,26733702,639916,1209,583
2026-10-08T13:25:58Z,9961389755,1109,23844883,829314,43143,4234
2026-10-08T13:25:58Z,9963622286,2499,118989862,2692087,53965,7179
2026-10-08T13:25:58Z,9965411707,3733,48430705,77019,73983,2926
2026-10-08T13:25:58Z,9968527241,623,37633377,1129876,9017,2510
2026-10-08T13:25:58Z,9969095451,305,43501576,1712351,21595,2978
2026-10-08T13:25:58Z,9970645639,7281,125828907,766217,539733,7094
2026-10-08T13:25:58Z,9971722694,179,17561816,1207426,71177,1934
2026-10-08T13:25:58Z,9971895648,538,1817059,3150,183,102
2026-10-08T13:25:58Z,9975893742,308,32225685,3168713,46035,3624
2026-10-08T13:25:58Z,9978329815,17297,512168206,1079949,295165,22782
2026-10-08T13:25:58Z,9980643140,267,33333916,2879564,2662,1016
2026-10-08T13:25:58Z,9994252654,1048,4731196,10918,4715,1445
2026-10-08T13:25:58Z,9994252977,486,35974412,217990,83739,7592
2026-10-08T13:25:58Z,9996384072,1208,7024260,74902,26233,555
2026-10-08T13:25:58Z,9998576154,1861,131461549,8229850,36658,6456
2026-10-08T13:25:58Z,10004244222,14746,1905772424,26564104,1300871,68181
2026-10-08T13:25:58Z,10004760418,1342,130072784,184289,65456,4339
2026-10-08T13:25:58Z,10007524016,317,31569514,5595838,3352,573
2026-10-08T13:25:58Z,10008606756,576,22328681,79926,129762,7269
2026-10-08T13:25:58Z,10008717728,261,2707966,9473,4291,320
2026-10-08T13:25:58Z,10010371086,1327,44500674,149372,57781,2626
2026-10-08T13:25:58Z,10011808151,848,111525391,3665601,218202,9846
2026-10-08T13:25:58Z,10013279162,2106,63029874,104162,7967,13875
2026-10-08T13:25:58Z,10014496141,3697,7252171,722630,709,301
2026-10-08T13:25:58Z,10020287053,1604,48657987,204942,35416,3534
2026-10-08T13:25:58Z,10020612607,1461,86773491,3419329,114804,2577
2026-10-08T13:25:58Z,10112435932,304,4757046,85400,8148,320
2026-10-08T13:25:58Z,10113997049,559,22239774,234346,45116,6383
2026-10-08T13:25:58Z,10116272705,7526,3578065,7691,24005,716
2026-10-08T13:25:58Z,10117986107,10760,77915229,569390,14387,4641
2026-10-08T13:25:58Z,10121169692,218,14602794,333466,70813,1008
2026-10-08T13:25:58Z,10122742965,656,17641853,23274,6328,2373
2026-10-08T13:25:58Z,10123059921,3658,199040004,569509,184914,9969
2026-10-08T13:25:58Z,10124403207,132,1079832,4304,1270,313
2026-10-08T13:25:58Z,10124421343,1445,23993154,44526,46212,1159
2026-10-08T13:25:58Z,10126644530,10282,1537838,8963,11541,94
2026-10-08T13:25:58Z,10127764368,2162,5093059,146257,1196,321
2026-10-08T13:25:58Z,10127797448,4331,225440069,6109614,49431,8375
2026-10-08T13:25:58Z,10130637063,1906,58413405,4115882,5411,906
2026-10-08T13:25:58Z,10130749197,989,52348175,2862339,7761,3105
2026-10-08T13:25:58Z,10131390815,3687,91585131,145930,191929,4679
2026-10-08T13:25:58Z,10136067263,2605,53020783,2903428,255351,4734
2026-10-08T13:25:58Z,10138624079,6935,128312624,164116,112105,2978
2026-10-08T13:25:58Z,10138977250,736,83302311,1751754,26589,4184
2026-10-08T13:25:58Z,10138988383,234,30491699,62253,51862,2017
2026-10-08T13:25:58Z,10139325104,979,221932749,104670,37356,14673
2026-10-08T13:25:58Z,10140010190,1547,159869574,196580,27373,7546
2026-10-08T13:25:58Z,10141042381,769,4767816,31472,39891,1195
2026-10-08T13:25:58Z,10144280947,6897,628487281,11963662,2016062,44739
2026-10-08T13:25:58Z,10144587520,5816,83354211,2130936,105028,2731
2026-10-08T13:25:58Z,10147259486,328,22189274,1006758,44130,1470
2026-10-08T13:25:58Z,10148749921,32212,2403418891,3131264,1320923,90311
2026-10-08T13:25:58Z,10149910491,1118,42862693,59147,21144,4977
2026-10-08T13:25:58Z,10152905521,3836,87752004,101366,68466,1980
2026-10-08T13:25:58Z,10153098880,1954,36054148,253544,53789,2119
2026-10-08T13:25:58Z,10155360168,40056,147524655,238068,89501,13926
2026-10-08T13:25:58Z,10156435104,1511,64635755,101577,121860,3203
2026-10-08T13:25:58Z,10160578219,361,7750831,28200,8503,5272
2026-10-08T13:25:58Z,10162859180,2729,8224954,107365,21458,1454
2026-10-08T13:25:58Z,10165276442,1873,47718588,557517,24519,6976
2026-10-08T13:25:58Z,10168229420,354,27535520,105059,259963,3631
2026-10-08T13:25:58Z,10171934713,1273,22952320,924867,64882,2907
2026-10-08T13:25:58Z,10172066108,803,14592893,9439,358,213
2026-10-08T13:25:58Z,10173311467,8753,93793681,884896,511903,12762
2026-10-08T13:25:58Z,10175155684,1386,9625024,78865,15867,1540
2026-10-08T13:25:58Z,10176502031,302,15613150,493019,142534,2849
2026-10-08T13:25:58Z,10178802449,1299,90552557,3157546,51068,3523
2026-10-08T13:25:58Z,10179193118,379,44975773,4853964,2847,1689
2026-10-08T13:25:58Z,10180990272,478,53590147,5387582,10401,2491
2026-10-08T13:25:58Z,10181310479,560,17357763,20758,7908,1237
2026-10-08T13:25:58Z,10181483914,990,10681959,330136,4976,1975
2026-10-08T13:25:58Z,10182049622,1757,141324575,4805471,45935,75823
2026-10-08T13:25:58Z,10183029417,487,20985613,1294671,7542,888
2026-10-08T13:25:58Z,10184247393,2212,107017168,2931166,97018,3727
2026-10-08T13:25:58Z,10187294555,2199,146737532,314242,421432,14369
2026-10-08T13:25:58Z,10187487133,454,34782004,66088,24926,4871
2026-10-08T13:25:58Z,10188144423,1656,66937272,79436,23924,2953
2026-10-08T13:25:58Z,10189601764,537,37963830,42546,24045,1144
2026-10-08T13:25:58Z,10189903609,4394,88784176,145450,88905,8375
2026-10-08T13:25:58Z,10191144118,660,76736267,326118,29537,14045
2026-10-08T13:25:58Z,10192659240,555,23317683,34151,10763,1196
2026-10-08T13:25:58Z,10195997258,2198,51748108,124875,77708,3918
2026-10-08T13:25:58Z,10196660716,485,39529158,2854203,21903,2388
2026-10-08T13:25:58Z,10196985448,2489,54747872,263713,49578,9101
2026-10-08T13:25:58Z,10197758650,4506,16125323,350972,14825,951
2026-10-08T13:25:58Z,10198825880,474,13285149,102151,61348,1540
2026-10-08T13:25:58Z,10199301628,10888,439554394,2068252,776288,42836
2026-10-08T13:25:58Z,10200395747,3124,1676731412,663171,719811,99542
2026-10-08T13:25:58Z,10202515720,369,2862172,5477,2845,385
2026-10-08T13:25:58Z,10203815049,405,20028606,29328,18384,3071
2026-10-08T13:25:58Z,10204542673,2685,38964536,1363395,27201,3351
2026-10-08T13:25:58Z,10205419329,613,10370929,25278,5680,2515
2026-10-08T13:25:58Z,10205485380,728,39043743,52097,42474,5963
2026-10-08T13:25:58Z,10209534490,3021,124654134,399599,1145523,12042
2026-10-08T13:25:58Z,10211159992,1021,44332130,2370575,15476,1524
2026-10-08T13:25:58Z,10212081143,5560,1552172,44675,3925,1128
2026-10-08T13:25:58Z,10213583516,377,20166341,1036062,59175,2174
2026-10-08T13:25:58Z,10217234318,380,59231587,119168,105006,3828
2026-10-08T13:25:58Z,10219827882,333,10952719,103574,232677,2548
2026-10-08T13:25:58Z,10222476236,7130,42218906,161495,69840,5297
2026-10-08T13:25:58Z,10223976219,3321,51140876,97132,65986,7235
2026-10-08T13:25:58Z,10226261982,4279,10221145,371721,128205,1288
2026-10-08T13:25:58Z,10226701629,1037,96098029,351187,143044,11319
2026-10-08T13:25:58Z,10230942274,8931,99948802,214707,239623,18274
2026-10-08T13:25:58Z,10231502419,2754,7150039,54638,20442,762
2026-10-08T13:25:58Z,10231871497,813,45773332,88873,166784,2444
2026-10-08T13:25:58Z,10232632495,242,19263068,34107,9426,2433
2026-10-08T13:25:58Z,10232686472,3447,74466506,359612,62516,6195
2026-10-08T13:25:58Z,10232922349,190,7235256,74801,64019,847
2026-10-08T13:25:58Z,10236023188,1775,124668178,315770,338367,11375
2026-10-08T13:25:58Z,10236805062,658,871976,31918,5881,691
2026-10-08T13:25:58Z,10241000620,780,16356704,89400,53178,2800
2026-10-08T13:25:58Z,10241783978,320,2262658,115411,55498,1602
2026-10-08T13:25:58Z,10242984742,544,10132911,26232,2012,877
2026-10-08T13:25:58Z,10244001346,3377,122574454,130609,34686,3031
2026-10-08T13:25:58Z,10245012052,324,3701152,1990,1244,281
2026-10-08T13:25:58Z,10246108265,3343,22253553,163167,94037,3262
2026-10-08T13:25:58Z,10246872585,652,12774244,12117,5725,1203
2026-10-08T13:25:58Z,10247712813,341,33044208,49180,28649,1333
2026-10-08T13:25:58Z,10247797619,8755,72892354,206568,31371,10353
2026-10-08T13:25:58Z,10249209189,1215,59754029,354682,866060,11391
2026-10-08T13:25:58Z,10253235584,1587,66502420,643392,274780,4225
2026-10-08T13:25:58Z,10253446435,1064,21934139,108707,442476,4471
2026-10-08T13:25:58Z,10253570298,317,2047839,9633,11363,693
2026-10-08T13:25:58Z,10254680421,4274,91693979,2440391,27823,6763
2026-10-08T13:25:58Z,10255492538,286,8042174,19295,25234,922
2026-10-08T13:25:58Z,10255788071,2000,14549636,40930,19323,2656
2026-10-08T13:25:58Z,10256263771,511,24762306,44926,63222,825
2026-10-08T13:25:58Z,10258084287,298,23103832,33424,14817,622
2026-10-08T13:25:58Z,10258991999,21931,61897795,866260,162121,8093
2026-10-08T13:25:58Z,10259258713,2343,37331025,2520621,98052,2490
2026-10-08T13:25:58Z,10261267004,11799,128056492,376904,125757,7190
2026-10-08T13:25:58Z,10263732883,1704,6372414,38836,11353,2140
2026-10-08T13:25:58Z,10267363348,2442,143654365,403154,340616,15666
2026-10-08T13:25:58Z,10267571771,922,42307188,659610,8732,1441
2026-10-08T13:25:58Z,10267638347,1496,8090239,479145,1619,487
2026-10-08T13:25:58Z,10268960646,1651,31497377,887265,59005,3606
2026-10-08T13:25:58Z,10269820836,3894,28853756,9950,11465,1968
2026-10-08T13:25:58Z,10270331873,339,9638580,39935,46196,3806
2026-10-08T13:25:58Z,10270349664,415,53350522,4493174,102630,4150
2026-10-08T13:25:58Z,10271723279,783,7662067,159913,31863,2104
2026-10-08T13:25:58Z,10272020404,658,34688808,58882,18877,4132
2026-10-08T13:25:58Z,10272236945,815,39668156,58405,21050,2420
2026-10-08T13:25:58Z,10272975313,846,27883289,60980,45603,3700
2026-10-08T13:25:58Z,10274447949,1522,59400666,4157671,27624,3774
2026-10-08T13:25:58Z,10275970697,298,36523128,244928,33911,6090
2026-10-08T13:25:58Z,10276281921,469,81338636,209115,31503,10278
2026-10-08T13:25:58Z,10278774552,5116,202967593,349612,67420,18503
2026-10-08T13:25:58Z,10281666052,2018,6396891,87309,20685,1928
2026-10-08T13:25:58Z,10282097014,19857,4268579,81697,30203,1490
2026-10-08T13:25:58Z,10284380969,1306,12417137,474215,6195,812
2026-10-08T13:25:58Z,10286150288,1134,56315556,60174,16429,5701
2026-10-08T13:25:58Z,10289201563,4120,85229517,184953,17894,4921
2026-10-08T13:25:58Z,10290366643,205,12515111,30903,7544,2366
2026-10-08T13:25:58Z,10292947079,679,20034761,26854,7402,8967
2026-10-08T13:25:58Z,10297836599,2520,20203016,42574,37459,2099
2026-10-08T13:25:58Z,10298144467,2039,40506433,42656,95494,3064
2026-10-08T13:25:58Z,10299262219,389,7648120,18469,6775,2161
2026-10-08T13:25:58Z,10299762956,1143,36636209,122020,102245,5234
2026-10-08T13:25:58Z,10302179427,1158,2423109,6160,492,369
2026-10-08T13:25:58Z,10308844888,2631,2555559,3912,494,111
2026-10-08T13:25:58Z,10309128556,534,13372296,190440,225274,4119
2026-10-08T13:25:58Z,10310095331,134,3200489,27223,2994,355
2026-10-08T13:25:58Z,10310563053,2236,50407109,78270,75520,18134
2026-10-08T13:25:58Z,10310999762,5711,31388860,47199,42160,1624
2026-10-08T13:25:58Z,10313654312,1417,2184383,6091,1258,348
2026-10-08T13:25:58Z,10320417842,2081,7808987,197245,24902,810
2026-10-08T13:25:58Z,10321202755,6524,53653735,492172,172865,2938
2026-10-08T13:25:58Z,10324001605,2687,20482511,490947,100556,2522
2026-10-08T13:25:58Z,10326559245,655,2959133,9450,6442,276
2026-10-08T13:25:58Z,10329213173,479,31579268,41387,38217,2242
2026-10-08T13:25:58Z,10329489265,9495,37081918,2711812,4782,940
2026-10-08T13:25:58Z,10329995185,573,30702458,444895,172069,4679
2026-10-08T13:25:58Z,10334731049,414,59827433,296784,81028,6118
2026-10-08T13:25:58Z,10335443723,1081,23422744,1230486,16787,4992
2026-10-08T13:25:58Z,10335507006,1685,1714444,179505,8471,349
2026-10-08T13:25:58Z,10336278580,2512,44499085,1182357,317774,3527
2026-10-08T13:25:58Z,10337157761,360,20958549,1220507,16889,951
2026-10-08T13:25:58Z,10338952197,4376,116663476,7263316,382976,8501
2026-10-08T13:25:58Z,10340721921,307,11006051,36376,47416,2495
2026-10-08T13:25:58Z,10343795685,587,22622153,52174,9393,2295
2026-10-08T13:25:58Z,10346503194,270,22928869,95024,55826,1362
2026-10-08T13:25:58Z,10350558449,1012,30000595,629138,22870,2054
2026-10-08T13:25:58Z,10351246089,669,4540865,84993,8873,2589
2026-10-08T13:25:58Z,10351850295,5289,38102367,1177788,10834,3374
2026-10-08T13:25:58Z,10352185757,287,36073016,202926,56789,5603
2026-10-08T13:25:58Z,10356701370,336,95580432,388898,275875,13755
2026-10-08T13:25:58Z,10364552556,612,6031195,176320,26861,1157
2026-10-08T13:25:58Z,10364947962,278,14773371,22254,10176,1073
2026-10-08T13:25:58Z,10368005384,653,38780281,191998,533491,6050
2026-10-08T13:25:58Z,10370802481,1573,112650310,338491,25277,9253
2026-10-08T13:25:58Z,10371406677,14918,18954114,77004,51685,1057
2026-10-08T13:25:58Z,10372351735,422,41761424,92669,167247,3261
2026-10-08T13:25:58Z,10372466625,235,29059588,63529,33801,17642
2026-10-08T13:25:58Z,10376944238,3394,60101338,326731,541821,11046
2026-10-08T13:25:58Z,10378885079,877,81937583,43462,15794,5108
2026-10-08T13:25:58Z,10380743712,355,12161688,39327,3257,1124
2026-10-08T13:25:58Z,10381830868,345,4966270,21713,6058,439
2026-10-08T13:25:58Z,10383037602,522,26912365,1685518,8117,1067
2026-10-08T13:25:58Z,10383973024,1138,32179401,1130225,31987,1768
2026-10-08T13:25:58Z,10384841418,498,88323738,2375365,71807,6330
2026-10-08T13:25:58Z,10384890234,577,18530466,33180,7181,1288
2026-10-08T13:25:58Z,10387635049,3617,9268174,446789,11205,1148
2026-10-08T13:25:58Z,10389353525,557,13312917,78708,31392,2232
2026-10-08T13:25:58Z,10389762549,2164,912335,8656,12134,319
2026-10-08T13:25:58Z,10390151142,478,10799323,36112,11754,2009
2026-10-08T13:25:58Z,10391036163,1906,8145694,171845,16534,2238
2026-10-08T13:25:58Z,10391461348,1959,12281748,40375,60191,937
2026-10-08T13:25:58Z,10392686454,285,5738865,478840,2766,752
2026-10-08T13:25:58Z,10393438342,4016,19992259,16862,16257,1331
2026-10-08T13:25:58Z,10393620082,1866,89085620,180186,141638,9213
2026-10-08T13:25:58Z,10394064134,1828,29092972,2117450,7830,3103
2026-10-08T13:25:58Z,10397566868,1609,179874802,483377,244077,19236
2026-10-08T13:25:58Z,10398947938,648,3669430,20126,7140,1688
2026-10-08T13:25:58Z,10399125962,3057,125334782,218077,36313,22846
2026-10-08T13:25:58Z,10399136326,17520,110578511,175474,98232,12988
2026-10-08T13:25:58Z,10399413858,1856,18867959,24127,19055,994
2026-10-08T13:25:58Z,10399524075,807,6140517,34027,41417,1235
2026-10-08T13:25:58Z,10403820097,3633,41267958,1501850,15063,5225
2026-10-08T13:25:58Z,10404519332,1448,24058662,96181,30669,6335
2026-10-08T13:25:58Z,10405010493,4110,89274168,221269,175121,12997
2026-10-08T13:25:58Z,10405785379,1408,20958342,41812,8763,837
2026-10-08T13:25:58Z,10406744768,2316,22487370,40595,12792,1235
2026-10-08T13:25:58Z,10406853972,594,25750725,2147280,7727,833
2026-10-08T13:25:58Z,10409732219,1478,96855615,5904601,245193,7045
2026-10-08T13:25:58Z,10410945205,2806,75628844,129451,116246,3645
2026-10-08T13:25:58Z,10411998017,1151,6282545,15761,24581,4119
2026-10-08T13:25:58Z,10415694629,4782,25724046,125528,21976,2859
2026-10-08T13:25:58Z,10415845204,2660,11579998,795767,69368,1395
2026-10-08T13:25:58Z,10417857486,266,13856641,90918,27854,2263
2026-10-08T13:25:58Z,10417987249,485,5137863,73501,26246,3804
2026-10-08T13:25:58Z,10418117926,1553,24711102,128523,48487,2605
2026-10-08T13:25:58Z,10418224975,1408,14330611,421713,21556,1064
2026-10-08T13:25:58Z,10418381226,508,11783296,61090,68689,1786
2026-10-08T13:25:58Z,10419655626,373,7043583,150463,3728,453
2026-10-08T13:25:58Z,10420582875,529,23184807,1329804,57046,3624
2026-10-08T13:25:58Z,10421154706,857,32900910,799606,117831,4323
2026-10-08T13:25:58Z,10421901778,5522,21309501,112391,41377,2187
2026-10-08T13:25:58Z,10422038064,1317,2339118,8786,3698,220
2026-10-08T13:25:58Z,10424107160,4118,4573616,41740,9181,506
2026-10-08T13:25:58Z,10425789398,515,117814,6758,3121,123
2026-10-08T13:25:58Z,10426768719,291,627469,12997,3177,2916
2026-10-08T13:25:58Z,10428543942,269,4989008,26533,10970,1844
2026-10-08T13:25:58Z,10430019389,11496,11457455,328257,153314,2772
2026-10-08T13:25:58Z,10430413968,1121,30425385,597036,30086,5383
2026-10-08T13:25:58Z,10431718987,2807,43655354,108943,130438,4197
2026-10-08T13:25:58Z,10435170241,459,9982200,33306,12786,1779
2026-10-08T13:25:58Z,10435851846,157,23796676,230836,19459,2789
2026-10-08T13:25:58Z,10436530264,20770,13463355,273576,40053,1576
2026-10-08T13:25:58Z,10437809977,219,15677587,34624,44574,1062
2026-10-08T13:25:58Z,10438013523,1096,59925813,318499,207877,16844
2026-10-08T13:25:58Z,10439568447,2965,23290344,250487,50403,2919
2026-10-08T13:25:58Z,10440833423,2866,101934805,331761,719273,15484
2026-10-08T13:25:58Z,10441199872,1382,77911196,129407,68871,4244
2026-10-08T13:25:58Z,10445832507,1360,832612,11251,13021,555
2026-10-08T13:25:58Z,10446291786,1255,22106061,134486,8912,2433
2026-10-08T13:25:58Z,10448889633,421,8089217,25634,42065,1033
2026-10-08T13:25:58Z,10452740285,2449,21621301,109668,267601,3896
2026-10-08T13:25:58Z,10454554751,1743,117691591,2278319,315476,10980
2026-10-08T13:25:58Z,10454932245,367,16727806,38500,7410,1521
2026-10-08T13:25:58Z,10455462279,2723,62331764,2302434,24497,7720
2026-10-08T13:25:58Z,10455741150,2794,17148220,34399,14110,4697
2026-10-08T13:25:58Z,10456511458,3047,16213726,32419,14275,1247
2026-10-08T13:25:58Z,10456881513,985,22001164,784948,65703,21098
2026-10-08T13:25:58Z,10458789587,1288,17437920,61914,30506,4848
2026-10-08T13:25:58Z,10460801145,15068,212619350,236558,77821,12675
2026-10-08T13:25:58Z,10461810987,480,35980229,65321,12516,2234
2026-10-08T13:25:58Z,10463578886,730,8973363,23299,42165,931
2026-10-08T13:25:58Z,10466601694,826,2340282,18731,10995,1425
2026-10-08T13:25:58Z,10469426282,1092,5475882,13924,20721,892
2026-10-08T13:25:58Z,10471583973,1663,32583413,103941,44550,3827
2026-10-08T13:25:58Z,10475794799,4013,124335915,1740592,245471,8896
2026-10-08T13:25:58Z,10480998942,452,16950026,26592,2899,2071
2026-10-08T13:25:58Z,10481791182,2041,31388223,562391,12681,2633
2026-10-08T13:25:58Z,10482775464,933,34632092,278818,119678,5420
2026-10-08T13:25:58Z,10482905194,1136,16341465,41450,6292,1275
2026-10-08T13:25:58Z,10485201326,1809,18539469,551274,20030,988
2026-10-08T13:25:58Z,10493730706,362,17505117,116046,29685,4148
2026-10-08T13:25:58Z,10495391267,1214,5140581,62416,12109,896
2026-10-08T13:25:58Z,10496189928,3444,7029094,16382,2015,932
2026-10-08T13:25:58Z,10496981141,492,21019328,190129,17747,1270
2026-10-08T13:25:58Z,10500388554,310,17822960,45949,7300,1236
2026-10-08T13:25:58Z,10501640692,2575,14335793,307267,47029,5457
2026-10-08T13:25:58Z,10501944811,1428,7402139,22394,73139,838
2026-10-08T13:25:58Z,10502841145,11370,105610863,127674,37841,1339
2026-10-08T13:25:58Z,10503838245,332,3493562,191871,86295,893
2026-10-08T13:25:58Z,10504837200,1044,14298781,720406,73257,1591
2026-10-08T13:25:58Z,10504918958,2117,4469566,158961,128429,2577
2026-10-08T13:25:58Z,10506207587,1277,35502942,73396,33702,3116
2026-10-08T13:25:58Z,10506291803,979,9773408,174877,50323,1359
2026-10-08T13:25:58Z,10507075860,2278,31112062,1405694,22415,2268
2026-10-08T13:25:58Z,10507650215,396,1071771,31751,10199,2282
2026-10-08T13:25:58Z,10508386614,292,365238,7478,11569,441
2026-10-08T13:25:58Z,10512942223,53321,8486045,39357,45301,1117
2026-10-08T13:25:58Z,10514223296,1596,23601945,129013,87217,4274
2026-10-08T13:25:58Z,10514280922,648,16795818,32395,17540,1278
2026-10-08T13:25:58Z,10514488908,463,20970453,51310,6483,6431
2026-10-08T13:25:58Z,10515406328,254,8217413,81267,4889,737
2026-10-08T13:25:58Z,10516888336,945,85616314,1501868,323406,6628
2026-10-08T13:25:58Z,10517428659,236,14899829,54017,46812,2059
2026-10-08T13:25:58Z,10520829450,2517,39609884,67383,34762,2225
2026-10-08T13:25:58Z,10521797740,3787,56993375,118552,68052,15680
2026-10-08T13:25:58Z,10522766429,258,676279,5638,9326,378
2026-10-08T13:25:58Z,10522965485,375,8180735,552817,5047,304
2026-10-08T13:25:58Z,10524813259,1911,10452240,44367,20624,2414
2026-10-08T13:25:58Z,10526166728,913,10564029,23209,18383,1354
2026-10-08T13:25:58Z,10526434002,844,31200158,48619,20877,4501
2026-10-08T13:25:58Z,10526463655,4916,14946180,30902,6728,2455
2026-10-08T13:25:58Z,10526853622,8031,9538654,161341,27950,936
2026-10-08T13:25:58Z,10528250136,722,29609767,1796241,108918,4068
2026-10-08T13:25:58Z,10529067596,1487,20677748,614856,20996,2619
2026-10-08T13:25:58Z,10529769390,8424,26140996,17391,11311,2862
2026-10-08T13:25:58Z,10530261598,2898,158663559,460032,67502,12097
2026-10-08T13:25:58Z,10531477636,377,5168186,26397,31834,608
2026-10-08T13:25:58Z,10532995815,5407,8224053,204560,64611,1514
2026-10-08T13:25:58Z,10533638982,2495,8616718,56847,29708,1694
2026-10-08T13:25:58Z,10534873486,5104,11256310,342896,7542,730
2026-10-08T13:25:58Z,10535292470,292,11647436,24647,11806,553
2026-10-08T13:25:58Z,10536000210,2567,15900388,32915,14278,859
2026-10-08T13:25:58Z,10536853610,122,5360783,14752,19737,2658
2026-10-08T13:25:58Z,10537172776,503,24304184,59362,20573,2075
2026-10-08T13:25:58Z,10537346933,462,2382603,56781,18174,1234
2026-10-08T13:25:58Z,10539411000,11599,221417752,349181,132679,20011
2026-10-08T13:25:58Z,10541331578,1489,3255259,215440,12036,1340
2026-10-08T13:25:58Z,10544327471,1283,37262888,123771,127193,2841
2026-10-08T13:25:58Z,10544339689,2222,14303431,1312745,5125,737
2026-10-08T13:25:58Z,10546705891,1252,31308606,117892,57112,5638
2026-10-08T13:25:58Z,10547918402,748,44611916,88127,113386,2696
2026-10-08T13:25:58Z,10549129889,330,14297532,53855,19865,2736
2026-10-08T13:25:58Z,10550257968,14002,29726906,922867,10494,4067
2026-10-08T13:25:58Z,10550305160,287,992582,7067,1875,443
2026-10-08T13:25:58Z,10551923502,1025,28616658,2260321,38371,751
2026-10-08T13:25:58Z,10552240401,4185,6222974,97135,23457,867
2026-10-08T13:25:58Z,10552540426,1527,12772741,386466,250419,4211
2026-10-08T13:25:58Z,10553704684,4029,6114076,322131,20624,1708
2026-10-08T13:25:58Z,10554316588,292,17740107,47832,72102,840
2026-10-08T13:25:58Z,10556383571,1391,1454658,20002,14846,299
2026-10-08T13:25:58Z,10561166339,10794,3511005,147617,6617,361
2026-10-08T13:25:58Z,10561309674,594,1730259,27541,6066,297
2026-10-08T13:25:58Z,10561352230,1423,45303735,1736703,443641,4769
2026-10-08T13:25:58Z,10563114921,1582369,7209476358,7104477,3291089,278417
2026-10-08T13:25:58Z,10565445771,474,34089301,107329,48333,30678
2026-10-08T13:25:58Z,10566677406,3045,6365934,140390,22882,2688
2026-10-08T13:25:58Z,10569930060,300,13671092,203521,70316,7718
2026-10-08T13:25:58Z,10571722689,436,13239926,62352,91285,6379
2026-10-08T13:25:58Z,10572887321,2702,10293969,510347,59866,3226
2026-10-08T13:25:58Z,10575619152,2157,9279513,554940,34589,1384
2026-10-08T13:25:58Z,10576739951,1891,37771559,384372,23852,4308
2026-10-08T13:25:58Z,10577377368,639,3866558,7092,2761,746
2026-10-08T13:25:58Z,10577588270,2569,41686422,637040,150517,3637
2026-10-08T13:25:58Z,10577682617,4608,37172502,87701,39843,4047
2026-10-08T13:25:58Z,10579389074,3411,23118953,53858,29549,3154
2026-10-08T13:25:58Z,10583634958,1042,21746944,36696,13276,2698
2026-10-08T13:25:58Z,10586746293,2630,13831646,63145,34082,2030
2026-10-08T13:25:58Z,10587328652,976,15017242,22201,8788,2389
2026-10-08T13:25:58Z,10588977897,2574,17046931,50785,42621,2350
2026-10-08T13:25:58Z,10589388621,400,3798451,250663,13886,1106
2026-10-08T13:25:58Z,10589881655,3632,2535424,8557,5601,338
2026-10-08T13:25:58Z,10590149941,2215,6166115,11643,2300,504
2026-10-08T13:25:58Z,10590260635,2181,6220474,328263,4878,605
2026-10-08T13:25:58Z,10593319486,2814,1103836,22459,19151,309
2026-10-08T13:25:58Z,10597001332,3544,3992146,97304,16104,10818
2026-10-08T13:25:58Z,10598641427,190,5371449,97449,18308,1394
2026-10-08T13:25:58Z,10598688389,2078,7883193,32380,12350,4665
2026-10-08T13:25:58Z,10599927450,613,5772453,572818,7290,916
2026-10-08T13:25:58Z,10601155553,3287,32502795,189062,126024,5610
2026-10-08T13:25:58Z,10601447895,280,38981236,733344,31884,5835
2026-10-08T13:25:58Z,10603011269,1252,5527939,156878,17937,843
2026-10-08T13:25:58Z,10603675889,2116,2347218,14309,1618,412
2026-10-08T13:25:58Z,10604542637,347,5901891,18434,26738,3555
2026-10-08T13:25:58Z,10604772590,2529,31027432,59209,40415,4486
2026-10-08T13:25:58Z,10608856704,6432,8666284,472687,66991,1077
2026-10-08T13:25:58Z,10608908197,214,4471622,212542,6419,1075
2026-10-08T13:25:58Z,10612017628,6907,11364119,519756,25698,1006
2026-10-08T13:25:58Z,10614082913,256,13165693,600111,4469,1287
2026-10-08T13:25:58Z,10616474341,1247,18348259,56939,16092,2888
2026-10-08T13:25:58Z,10619854384,969,1355013,86843,10174,1017
2026-10-08T13:25:58Z,10624691669,8715,142085186,410441,81206,14452
2026-10-08T13:25:58Z,10626746750,372,1275894,22865,5159,1481
2026-10-08T13:25:58Z,10628006421,797,6538833,115617,20765,1824
2026-10-08T13:25:58Z,10628223804,5860,12288776,6240,15540,917
2026-10-08T13:25:58Z,10628526114,3056,6089892,21176,17900,401
2026-10-08T13:25:58Z,10628907188,1291,36193874,832424,59362,6895
2026-10-08T13:25:58Z,10630620554,486,7382424,72665,41546,4281
2026-10-08T13:25:58Z,10630800860,11107,53780935,1519976,6966,6720
2026-10-08T13:25:58Z,10631775021,2252,3763636,66171,4106,380
2026-10-08T13:25:58Z,10634461028,10633,76091178,94525,46177,5776
2026-10-08T13:25:58Z,10635348596,2997,24970137,137646,18013,2269
2026-10-08T13:25:58Z,10636331438,8681,9842931,316940,73900,1290
2026-10-08T13:25:58Z,10637513477,398,18118607,27401,15056,2406
2026-10-08T13:25:58Z,10637759898,1429,34248891,77808,4728,2129
2026-10-08T13:25:58Z,10638048650,868,4095389,35507,889,257
2026-10-08T13:25:58Z,10640957718,266,3892193,10115,3368,2773
2026-10-08T13:25:58Z,10641300771,1444,12992494,100972,8940,1033
2026-10-08T13:25:58Z,10642022844,930,7016497,68476,2806,770
2026-10-08T13:25:58Z,10642548584,1390,691662,17720,4276,733
2026-10-08T13:25:58Z,10642702105,441,3833378,13011,25878,1293
2026-10-08T13:25:58Z,10643795368,4237,12353078,59339,26762,3541
2026-10-08T13:25:58Z,10643877552,1939,942148,3384,2312,175
2026-10-08T13:25:58Z,10647949490,1769,15969018,28161,10754,471
2026-10-08T13:25:58Z,10648555380,319,2065306,49261,9533,455
2026-10-08T13:25:58Z,10648640958,1622,42224933,482561,36915,3880
2026-10-08T13:25:58Z,10648820673,9575,73207421,1745959,141352,3588
2026-10-08T13:25:58Z,10649255304,19053,47372879,2789433,17843,2498
2026-10-08T13:25:58Z,10649457157,234,5359190,119307,27954,9533
2026-10-08T13:25:58Z,10662463285,115,9264234,41567,17363,2975
2026-10-08T13:25:58Z,10664667515,782,29609580,459522,15835,1621
2026-10-08T13:25:58Z,10665420648,9134,15127031,162891,182119,4677
2026-10-08T13:25:58Z,10667006841,3265,13105581,35750,13591,3141
2026-10-08T13:25:58Z,10667357873,6825,13451990,200468,32034,1522
2026-10-08T13:25:58Z,10667860714,320,2300983,130331,59976,1224
2026-10-08T13:25:58Z,10669713140,770,7336662,15655,2522,386
2026-10-08T13:25:58Z,10673920146,11636,6481040,130824,27217,891
2026-10-08T13:25:58Z,10675117523,13449,13313317,110676,23612,1115
2026-10-08T13:25:58Z,10677698797,2481,7513095,62279,19868,1652
2026-10-08T13:25:58Z,10681914462,11604,110016145,296483,281694,13608
2026-10-08T13:25:58Z,10682099418,1677,27698089,1284687,27609,1932
2026-10-08T13:25:58Z,10683945170,454,22067335,1140206,16416,3115
2026-10-08T13:25:58Z,10684750879,40815,64910580,2746658,136199,4592
2026-10-08T13:25:58Z,10685282333,38508,87025587,138492,218973,27967
2026-10-08T13:25:58Z,10690360998,5150,102687736,125140,94033,6435
2026-10-08T13:25:58Z,10690942083,4441,11258910,13866,3521,864
2026-10-08T13:25:58Z,10694549945,1663,20609050,31287,31716,1231
2026-10-08T13:25:58Z,10696894951,6532,21812975,35831,11664,2080
2026-10-08T13:25:58Z,10698216738,4344,30672676,113663,143750,3484
2026-10-08T13:25:58Z,10699057921,157,4091653,52324,10491,1590
2026-10-08T13:25:58Z,10700505394,1475,37175492,120543,156787,8159
2026-10-08T13:25:58Z,10700618962,9314,12289884,298102,30288,525
2026-10-08T13:25:58Z,10701628624,8011,25168410,387929,9579,2273
2026-10-08T13:25:58Z,10704015784,4785,10379109,31456,12836,2055
2026-10-08T13:25:58Z,10705618167,547,7050207,7926,5260,1404
2026-10-08T13:25:58Z,10708913337,60072,78356957,142127,575902,4214
2026-10-08T13:25:58Z,10714746778,3168,17883039,735710,123694,4146
2026-10-08T13:25:58Z,10717002748,8581,10656511,432943,98970,3917
2026-10-08T13:25:58Z,10717199977,7083,15538613,373086,7625,1439
2026-10-08T13:25:58Z,10718240577,3299,24501192,200625,87166,1528
2026-10-08T13:25:58Z,10723087263,1584,2776432,8938,2576,444
2026-10-08T13:25:58Z,10724269636,2120,13891575,27872,22267,1243
2026-10-08T13:25:58Z,10727829780,1684,8679713,60234,22444,2487
2026-10-08T13:25:58Z,10730414817,713,293209,4177,1123,25
2026-10-08T13:25:58Z,10732236937,8673,34971971,69378,40852,3579
2026-10-08T13:25:58Z,10733110573,898,4359066,18709,4151,2582
2026-10-08T13:25:58Z,10737127681,343,8436356,49010,26547,2756
2026-10-08T13:25:58Z,10737231383,2254,24341607,622582,20778,1745
2026-10-08T13:25:58Z,10737256446,5556,6955464,595856,10487,1340
2026-10-08T13:25:58Z,10737656087,1529,6100035,14765,9726,768
2026-10-08T13:25:58Z,10737986845,7668,4281574,136421,4209,432
2026-10-08T13:25:58Z,10739044772,2670,8170716,187158,53724,834
2026-10-08T13:25:58Z,10739112966,6714,3221829,24287,2765,754
2026-10-08T13:25:58Z,10739681803,308,2857929,50914,1067,247
2026-10-08T13:25:58Z,10740316645,9245,5596698,21915,54062,693
2026-10-08T13:25:58Z,10741302505,2974,5188060,184648,44263,985
2026-10-08T13:25:58Z,10741514942,4240,4529543,66252,3853,832
2026-10-08T13:25:58Z,10741654282,14716,48107712,1122106,247630,5026
2026-10-08T13:25:58Z,10741792653,2294,11825347,102016,28505,935
2026-10-08T13:25:58Z,10742019356,4239,22674822,35871,8634,1724
2026-10-08T13:25:58Z,10742937135,4658,5865370,70053,10200,2450
2026-10-08T13:25:58Z,10743048214,3292,1349782,26603,9470,412
2026-10-08T13:25:58Z,10744310825,23387,20802051,1176056,8268,3147
2026-10-08T13:25:58Z,10747748563,618,15119356,365179,16118,3211
2026-10-08T13:25:58Z,10748543623,3793,1757421,53430,43000,675
2026-10-08T13:25:58Z,10748586525,1481,356775,2706,518,134
2026-10-08T13:25:58Z,10749831764,327,4178194,453378,4600,532
2026-10-08T13:25:58Z,10750406988,334,352183,1491,852,99
2026-10-08T13:25:58Z,10751572992,7030,4631373,17115,9202,1437
2026-10-08T13:25:58Z,10751939592,8886,13154871,951734,893,330
2026-10-08T13:25:58Z,10752743876,4903,5692006,234709,3425,539
2026-10-08T13:25:58Z,10752833252,1192,6713009,45062,2897,472
2026-10-08T13:25:58Z,10753487407,1561,17316759,85501,23429,1219
2026-10-08T13:25:58Z,10753751277,20876,19349714,1811553,50249,2305
2026-10-08T13:25:58Z,10755094976,548,22779501,77038,8134,1432
2026-10-08T13:25:58Z,10756011174,15729,97342097,225821,372421,16043
2026-10-08T13:25:58Z,10756631918,647,1087180,53255,631,129
2026-10-08T13:25:58Z,10756780270,3407,4982713,14310,853,235
2026-10-08T13:25:58Z,10757247806,3135,1243850,12156,5003,537
2026-10-08T13:25:58Z,10757498504,3229,13661833,39220,20052,665
2026-10-08T13:25:58Z,10757504146,1346,20035997,29776,8893,661
2026-10-08T13:25:58Z,10757704931,4889,1482821,66362,14285,352
2026-10-08T13:25:58Z,10758397570,4055,14470555,29959,14361,367
2026-10-08T13:25:58Z,10759337137,6431,37306320,373133,181789,5309
2026-10-08T13:25:58Z,10759415852,1143,4129663,204884,48740,1031
2026-10-08T13:25:58Z,10759430423,3446,4235479,116530,10150,384
2026-10-08T13:25:58Z,10759478428,3580,4109982,154054,39258,775
2026-10-08T13:25:58Z,10759485670,959,9293668,37453,4532,663
2026-10-08T13:25:58Z,10759518799,3908,10637213,103432,11926,1007
2026-10-08T13:25:58Z,10759594563,2033,6641492,14911,8841,2178
2026-10-08T13:25:58Z,10759638075,5087,5099339,151776,72851,1085
2026-10-08T13:25:58Z,10759661128,1725,10189714,45289,5260,2396
2026-10-08T13:25:58Z,10759860151,3122,23386156,40002,28004,3625
2026-10-08T13:25:58Z,10761115872,400,8797924,546511,13737,10203
2026-10-08T13:25:58Z,10761143648,2142,4129595,25970,18255,569
2026-10-08T13:25:58Z,10761200080,897,5132356,28738,51661,4202
2026-10-08T13:25:58Z,10761375767,1584,5487342,367323,87133,2039
2026-10-08T13:25:58Z,10761375938,2822,8304901,31529,58366,954
2026-10-08T13:25:58Z,10761687472,4517,135853126,457164,99701,13630
2026-10-08T13:25:58Z,10762175328,304,1040098,2617,3211,241
2026-10-08T13:25:58Z,10762388019,6587,28750169,113656,218414,16790
2026-10-08T13:25:58Z,10762636904,3382,3911641,30734,25737,316
2026-10-08T13:25:58Z,10762757054,6024,18664785,63907,22190,5883
2026-10-08T13:25:58Z,10762798338,2175,6098245,19937,4400,432
2026-10-08T13:25:58Z,10763714513,3675,3424858,15944,3798,237
2026-10-08T13:25:58Z,10763764817,9356,29110200,1090931,15776,2944
2026-10-08T13:25:58Z,10763860058,550,4012842,127651,1405,517
2026-10-08T13:25:58Z,10764221401,11656,3655260,469484,11883,550
2026-10-08T13:25:58Z,10764297006,6706,42087137,28525,17016,3843
2026-10-08T13:25:58Z,10764300350,1695,3296342,16571,4092,556
2026-10-08T13:25:58Z,10764328008,1051,10698785,76850,67428,1381
2026-10-08T13:25:58Z,10764332301,417,236115,4649,778,319
2026-10-08T13:25:58Z,10764385875,397,3195238,8532,1453,1527
2026-10-08T13:25:58Z,10764404786,2110,2369032,8272,5843,878
2026-10-08T13:25:58Z,10764412489,3364,4235814,215641,6906,4370
2026-10-08T13:25:58Z,10764415267,11194,6396482,15955,5401,665
2026-10-08T13:25:58Z,10764479526,16976,36869809,386866,295290,5932
2026-10-08T13:25:58Z,10764533320,4151,27576977,82995,67737,8116
2026-10-08T13:25:58Z,10764613327,2969,4284342,35421,4997,2000
2026-10-08T13:25:58Z,10764627709,77092,45795466,109153,84850,10094
2026-10-08T13:25:58Z,10764640833,4421,21089910,61937,13203,3218
2026-10-08T13:25:58Z,10764706572,2054,4629048,9631,5482,1593
2026-10-08T13:25:58Z,10764794065,2359,3328930,150684,3535,2658
2026-10-08T13:25:58Z,10764839604,5869,6429444,36018,27688,667
2026-10-08T13:25:58Z,10764883692,803,631372,1602,1445,112
2026-10-08T13:25:58Z,10764887435,1272,3811404,195863,14457,892
2026-10-08T13:25:58Z,10764888929,1247,2667266,138565,11078,380
2026-10-08T13:25:58Z,10764891927,1584,2136655,4802,1327,494
2026-10-08T13:25:58Z,10764897725,23023,33304396,1543496,143790,3389
2026-10-08T13:25:58Z,10764967952,636,2575910,25645,5200,750
2026-10-08T13:25:58Z,10764980068,2317,3822811,18495,20712,579
2026-10-08T13:25:58Z,10764989090,1608,379213,9894,1352,390
2026-10-08T13:25:58Z,10765012427,16515,32939878,148959,100217,5203
2026-10-08T13:25:58Z,10765013362,7356,6685657,12881,5070,594
2026-10-08T13:25:58Z,10765032875,3937,8398992,12585,1468,305
2026-10-08T13:25:58Z,10765035506,353,4709553,340551,2416,654
2026-10-08T13:25:58Z,10765061113,1208,3379305,5959,1670,503
2026-10-08T13:25:58Z,10765067592,5672,2212395,35061,5170,580
2026-10-08T13:25:58Z,10765078176,944,17900602,60206,40408,9507
2026-10-08T13:25:58Z,10765091041,8855,11600181,57377,66641,1736
2026-10-08T13:25:58Z,10765153945,9128,10788343,30040,7722,848
2026-10-08T13:25:58Z,10765158636,752,5289635,14768,4934,376
2026-10-08T13:25:58Z,10765167636,4599,7361029,35956,10250,1178
2026-10-08T13:25:58Z,10765190004,5618,3735441,17053,4528,1052
2026-10-08T13:25:58Z,10765279487,1646,7955991,70171,5640,1198
2026-10-08T13:25:58Z,10765288803,130938,43151178,238841,154372,3298
2026-10-08T13:25:58Z,10765298801,36079,19755820,731369,32802,1155
2026-10-08T13:25:58Z,10765312940,5212,4434216,9190,4852,296
2026-10-08T13:25:58Z,10765332568,1147,6477312,15027,6825,344
2026-10-08T13:25:58Z,10765361336,1461,2496341,5420,1598,315
2026-10-08T13:25:58Z,10765481558,3347,5312807,8073,1034,325
2026-10-08T13:25:58Z,10765490774,7097,2626020,7179,7080,100
2026-10-08T13:25:58Z,10765563835,2160,4122179,19779,8713,2191
2026-10-08T13:25:58Z,10765574547,1399,3508791,18205,2473,729
2026-10-08T13:25:58Z,10765579304,970,1204365,16979,5529,710
2026-10-08T13:25:58Z,10765582175,14509,4269641,48015,38091,4163
2026-10-08T13:25:58Z,10765629147,4123,5023042,6734,1325,186
2026-10-08T13:25:58Z,10765629453,3626,5087478,433121,10710,898
2026-10-08T13:25:58Z,10765637643,7122,3865659,893906,5823,436
2026-10-08T13:25:58Z,10765686447,13448,11763805,60774,23486,1252
2026-10-08T13:25:58Z,10765708310,745,1166672,18055,9082,678
2026-10-08T13:25:58Z,10765718108,305,1908079,50193,9795,1305
2026-10-08T13:25:58Z,10765748731,1873,932710,9868,2486,675
2026-10-08T13:25:58Z,10765751583,7690,4105919,15889,5128,919
2026-10-08T13:25:58Z,10765763629,1527,1789938,4606,1291,403
2026-10-08T13:25:58Z,10765764482,2157,11867337,73843,10685,2125
2026-10-08T13:25:58Z,10765799968,353,129133,4494,1609,115
2026-10-08T13:25:58Z,10765834825,666,2656754,5453,3192,1624
2026-10-08T13:25:58Z,10765855425,550,1707597,7020,1095,393
2026-10-08T13:25:58Z,10765902945,4504,842655,1737,2072,81
2026-10-08T13:25:58Z,10765906597,2440,2502712,10637,11115,554
2026-10-08T13:25:58Z,10765927544,1542,870287,2521,1746,173
2026-10-08T13:25:58Z,10765950109,4405,3672178,26461,7420,1061
2026-10-08T13:25:58Z,10765951887,1858,818851,23621,8021,801
2026-10-08T13:25:58Z,10766008884,6138,7916387,40259,27837,766
2026-10-08T13:25:58Z,10766009412,1324,1313493,35790,2364,584
2026-10-08T13:25:58Z,10766056678,27561,15134456,473872,20639,1318
2026-10-08T13:25:58Z,10766057873,566,257262,9380,1566,565
2026-10-08T13:25:58Z,10766105412,314,1084838,6407,2380,433
2026-10-08T13:25:58Z,10768462078,2153,1431627,7601,3031,80
2026-10-08T13:25:58Z,10768468695,1135,288534,3526,682,194
2026-10-08T13:25:58Z,10768565603,7861,3190498,10625,4246,5428
2026-10-08T13:25:58Z,10768944292,6373,742303,6041,7179,217
2026-10-08T13:25:58Z,10769066324,2236,3122490,3620,1260,172
2026-10-08T13:25:58Z,10575295323,5468,4952444,19193,2912,806
2026-10-08T13:25:58Z,10036955953,8019,13718370,28061,10211,3291
2026-10-08T13:25:58Z,10766004084,2523,1832058,11181,4175,437
2026-10-08T13:25:58Z,10765785152,28834,2570672,4421,1499,266
2026-10-08T13:25:58Z,1451869528,17653,10890852,1198719,2110,348
2026-10-08T13:25:58Z,10768399922,13695,1326652,4366,672,60
2026-10-08T13:25:58Z,8333899831,322,1832627,12318,3339,1386
2026-10-08T13:25:58Z,3258251641,303,107091779,162445,91556,17934
2026-10-08T13:25:58Z,9929086116,377,59830993,4015540,309854,6081
2026-10-08T13:25:58Z,10148419081,301,570823,8933,2625,84
2026-10-08T13:25:58Z,1499870257,295,127469628,973017,261675,66505
2026-10-08T13:25:58Z,1284180886,2379,477341662,665053,102767,26887
2026-10-08T13:25:58Z,6651491108,1756,69905845,105193,147680,11821
2026-10-08T13:25:58Z,9178347165,746,18224242,1426012,8082,1494
2026-10-08T13:25:58Z,31874888,509,120039905,364914,67198,14339
2026-10-08T13:25:58Z,6860207008,557,62330106,5815011,32498,6319
2026-10-08T13:25:58Z,4642134795,495,449190441,27882991,136860,33077
2026-10-08T13:25:58Z,9261495998,527,30806402,2510560,13882,1882
2026-10-08T13:25:58Z,9800424118,480,15302417,67724,53433,2450
2026-10-08T13:25:58Z,9177208241,496,79952106,411946,38992,16895
2026-10-08T13:25:58Z,7518216173,449,74594409,65766,51933,4711
2026-10-08T13:25:58Z,10113294071,455,22155291,129843,226646,2436
2026-10-08T13:25:58Z,1265527561,403,363787275,662120,144804,23836
2026-10-08T13:25:58Z,9540040997,430,64104565,165700,145728,11587
2026-10-08T13:25:58Z,371112664,411,101561826,1787875,311548,29369
2026-10-08T13:25:58Z,2865006607,389,99784774,148325,39718,18287
2026-10-08T13:25:58Z,7546135071,418,179504608,172258,92090,6234
2026-10-08T13:25:58Z,7856508689,405,76619086,3164311,196920,10258
2026-10-08T13:25:58Z,9560810097,358,18478540,1266260,20095,2810
2026-10-08T13:25:58Z,9526307912,369,101785440,175355,138230,5832
2026-10-08T13:25:58Z,9292113306,348,42233758,304699,5833,2636
2026-10-08T13:25:58Z,4674987887,324,81451978,9088577,4561,1505
2026-10-08T13:25:58Z,9260939847,308,104933440,2168855,146858,4919
2026-10-08T13:25:58Z,4943874686,343,23733719,73869,21428,7304
2026-10-08T13:25:58Z,10654199482,327,9138358,70859,22930,1310
2026-10-08T13:25:58Z,5157735000,344,40541326,519661,44570,10861
2026-10-08T13:25:58Z,6453200442,339,60479873,6804728,49061,7693
2026-10-08T13:25:58Z,9077534770,305,64103341,197230,25474,6614
2026-10-08T13:25:58Z,9330730057,323,299475880,276558,219878,11587
2026-10-08T13:25:58Z,6420180292,308,30622515,218649,67183,3987
2026-10-08T13:25:58Z,10015834582,325,60858859,69199,18576,3988
2026-10-08T13:25:58Z,10008450782,318,12631926,268592,5661,1613
2026-10-08T13:25:58Z,3256689155,311,326985307,291747,160665,41310
2026-10-08T13:25:58Z,3426175130,1025,257381473,110150,25076,11108
2026-10-08T13:25:58Z,3441153192,202,30352394,27456,4878,4707
2026-10-08T13:25:58Z,3448264866,2972,70604731,357204,131738,6984
2026-10-08T13:25:58Z,3457700596,2218,1072954416,1008988,1137276,129906
2026-10-08T13:25:58Z,3472652814,667,42767233,73553,21027,3403
2026-10-08T13:25:58Z,3472976893,1806,193699654,3678062,64192,14640
2026-10-08T13:25:58Z,3475191052,200,401785231,693227,267056,25172
2026-10-08T13:25:58Z,3476371299,497,978638147,1366051,1570670,63822
2026-10-08T13:25:58Z,3494556606,300,521599456,1991349,882178,32601
2026-10-08T13:25:58Z,3502524667,812,767540824,3697048,80299,47842
2026-10-08T13:25:58Z,3507461489,212,21164468,35985,11628,1669
2026-10-08T13:25:58Z,3508322461,118984,7530694110,3085587,2631319,420922
2026-10-08T13:25:58Z,3512256796,1787,41986828,343071,183379,6229
2026-10-08T13:25:58Z,3515267380,1056,183766589,440717,124040,41129
2026-10-08T13:25:58Z,3536173216,80,96236946,55487,10183,7641
2026-10-08T13:25:58Z,3541611379,5808,417469732,338310,334021,20167
2026-10-08T13:25:58Z,3551414857,545,639045746,1334699,547907,68948
2026-10-08T13:25:58Z,3560583071,699,316039081,257458,55079,16502
2026-10-08T13:25:58Z,3608594708,1305,426353118,678354,1023008,37129
2026-10-08T13:25:58Z,3620011279,531,216586717,724404,423124,37686
2026-10-08T13:25:58Z,3623695803,1273,70497634,66268,33113,3264
2026-10-08T13:25:58Z,3624423521,1889,934705723,628010,373207,53930
2026-10-08T13:25:58Z,3626363135,527,39323806,69969,25863,7864
2026-10-08T13:25:58Z,3634139746,316,164501107,98551,50638,20017
2026-10-08T13:25:58Z,3647333358,44272,9273933117,8301439,3242093,210983
2026-10-08T13:25:58Z,3661343497,855,202373699,253783,72653,6226
2026-10-08T13:25:58Z,3666294218,833,60613736,422666,121034,15573
2026-10-08T13:25:58Z,3704826615,833,13379301,57004,17262,11081
2026-10-08T13:25:58Z,3706757136,597,39090701,116494,49142,7076
2026-10-08T13:25:58Z,3717250353,991,183129032,564658,218388,32951
2026-10-08T13:25:58Z,3717264063,425,631675923,2224252,760132,66497
2026-10-08T13:25:58Z,3725528263,502,107733847,139936,33807,14926
2026-10-08T13:25:58Z,3730079862,4746,60553056,492682,163541,14259
2026-10-08T13:25:58Z,3734304510,681,441282035,462638,278155,50609
2026-10-08T13:25:58Z,3741075732,486,54429068,445920,105447,16238
2026-10-08T13:25:58Z,3746418487,4032,336359803,415229,71283,15828
2026-10-08T13:25:58Z,3747388906,834,48236886,284366,46748,8182
2026-10-08T13:25:58Z,3749444437,575,80411578,10127981,15763,2880
2026-10-08T13:25:58Z,3754482795,7361,1300568386,4622507,354216,44299
2026-10-08T13:25:58Z,3756501373,2568,718168084,443332,417420,32958
2026-10-08T13:25:58Z,3759884822,1106,140702495,127177,46130,4084
2026-10-08T13:25:58Z,3761186887,414,437387286,2335469,589568,51650
2026-10-08T13:25:58Z,3764631130,1122,38504510,67418,9258,2505
2026-10-08T13:25:58Z,3808081382,53216,19373446404,7693781,5317244,1030245
2026-10-08T13:25:58Z,3808223175,1024,723683138,3272505,1840208,60452
2026-10-08T13:25:58Z,3826087550,503,35014669,140970,43578,14644
2026-10-08T13:25:58Z,3835375262,849,250155934,237191,36126,5820
2026-10-08T13:25:58Z,3837114739,586,43888630,155361,43739,4240
2026-10-08T13:25:58Z,3841172115,523,159849236,718920,98726,11381
2026-10-08T13:25:58Z,3846592040,494,136430836,183670,63705,17451
2026-10-08T13:25:58Z,7372152033,435,33858898,59295,17166,6364
2026-10-08T13:25:58Z,7373459570,1748,167959831,3641717,316467,5868
2026-10-08T13:25:58Z,7373989866,551,187563043,142039,102386,4230
2026-10-08T13:25:58Z,7374930268,272,6773093,294522,3216,635
2026-10-08T13:25:58Z,7378605382,367,74818580,82394,34696,16377
2026-10-08T13:25:58Z,7381952833,1290,114109658,231266,30642,7755
2026-10-08T13:25:58Z,7383133134,456,117542400,884055,34990,4989
2026-10-08T13:25:58Z,7391615616,238,23945185,1403035,130444,5777
2026-10-08T13:25:58Z,7395930870,10887,470908172,505112,358680,20438
2026-10-08T13:25:58Z,7396511690,300,41368092,1426148,94810,15336
2026-10-08T13:25:58Z,7398552394,12237,261301664,403580,132604,15658
2026-10-08T13:25:58Z,7407722254,201,37097837,48785,7667,1540
2026-10-08T13:25:58Z,7411615879,451,40063681,54207,22028,1607
2026-10-08T13:25:58Z,7414497778,2385,78914163,200258,71653,13950
2026-10-08T13:25:58Z,7428819247,489,38151639,255543,54534,4497
2026-10-08T13:25:58Z,7429689898,944,513236072,820028,1433764,79586
2026-10-08T13:25:58Z,7434179990,2990,256676193,8967310,390427,13328
2026-10-08T13:25:58Z,7436755782,19997,35961048966,11438911,9435952,1054899
2026-10-08T13:25:58Z,7447878628,482,68952731,152664,40585,4599
2026-10-08T13:25:58Z,7448595637,374,42080529,1400715,7838,3199
2026-10-08T13:25:58Z,7450124099,2643,144035379,810348,85208,11979
2026-10-08T13:25:58Z,7450497506,2542,227454242,1632607,216370,13345
2026-10-08T13:25:58Z,7453941040,9985,206667022,369141,59404,13484
2026-10-08T13:25:58Z,7458874788,1310,25159591,352583,68160,9961
2026-10-08T13:25:58Z,7462622504,350,45234832,79049,19505,4311
2026-10-08T13:25:58Z,7468338447,358,343210730,2562690,295988,13812
2026-10-08T13:25:58Z,7474367816,4970,1118667957,1435326,1301145,36656
2026-10-08T13:25:58Z,7483856345,379,106495786,5436844,43793,17758
2026-10-08T13:25:58Z,7488668004,7880,351856643,454410,140937,11710
2026-10-08T13:25:58Z,7497471789,3081,95289131,308336,150574,5149
2026-10-08T13:25:58Z,7497802350,463,101770392,149827,136565,12398
2026-10-08T13:25:58Z,7498824809,315,72615112,89097,46276,2513
2026-10-08T13:25:58Z,7498898979,1201,79520290,284836,63868,7041
2026-10-08T13:25:58Z,7510907928,179,30384703,129659,38895,11530
2026-10-08T13:25:58Z,7521520342,1670,276498554,259127,119944,27226
2026-10-08T13:25:58Z,7528417535,1056,61925878,1561542,25294,6086
2026-10-08T13:25:58Z,7534782259,774,113031028,53951,39431,10748
2026-10-08T13:25:58Z,7541395924,703,189887743,3571808,377802,16795
2026-10-08T13:25:58Z,7546582051,631,285747089,497878,270037,10309
2026-10-08T13:25:58Z,7554119808,14987,446828907,5560941,160091,15626
2026-10-08T13:25:58Z,7557272025,1244,53097128,355950,51421,10361
2026-10-08T13:25:58Z,7561154969,509,60609759,118838,37002,10150
2026-10-08T13:25:58Z,7569509385,323,95956167,543774,110111,15788
2026-10-08T13:25:58Z,7577791613,602,113633626,608410,59782,23120
2026-10-08T13:25:58Z,7585140258,10174,144656153,659543,399165,15821
2026-10-08T13:25:58Z,7592844193,843,5371372,153125,9070,827
2026-10-08T13:25:58Z,7599404611,359,13958337,116629,33640,1941
2026-10-08T13:25:58Z,7613921865,7192,802531470,211914,271714,12205
2026-10-08T13:25:58Z,7613970129,665,66328094,170515,70747,6157
2026-10-08T13:25:58Z,7623259179,2454,87510774,295395,124259,8219
2026-10-08T13:25:58Z,10024034551,632,10493431,414102,7996,606
2026-10-08T13:25:58Z,10029297024,258,35130035,139844,85904,8810
2026-10-08T13:25:58Z,10030829154,14541,45917111,2706543,78930,2427
2026-10-08T13:25:58Z,10031505426,4131,46350074,1805866,208079,5926
2026-10-08T13:25:58Z,10031562156,3345,42236436,444858,28028,3837
2026-10-08T13:25:58Z,10035204815,101770,329823284,330073,403383,13985
2026-10-08T13:25:58Z,10039889230,9442,6477064,43893,27942,1234
2026-10-08T13:25:58Z,10040497010,299,52746515,91965,77667,7381
2026-10-08T13:25:58Z,10045085816,258,39225148,57185,38531,1075
2026-10-08T13:25:58Z,10047813675,1175,24787606,2775039,1395,605
2026-10-08T13:25:58Z,10051853469,437,113984475,2491294,307681,6051
2026-10-08T13:25:58Z,10052184484,422,47247563,2907474,24356,2060
2026-10-08T13:25:58Z,10057343903,2618,111998594,4342619,217124,11912
2026-10-08T13:25:58Z,10057403337,10770,237348509,8826439,79247,11320
2026-10-08T13:25:58Z,10059548251,3404,59063831,127607,136954,10437
2026-10-08T13:25:58Z,10059591740,245,26364715,1183762,60976,2875
2026-10-08T13:25:58Z,10060242820,2040,95978859,80894,23833,8324
2026-10-08T13:25:58Z,10061100187,1369,28523083,414199,9273,2162
2026-10-08T13:25:58Z,10061124506,1385,67623202,163355,241249,12966
2026-10-08T13:25:58Z,10061909806,1050,58600521,63828,16156,1944
2026-10-08T13:25:58Z,10064401653,250,11447979,127276,30127,9697
2026-10-08T13:25:58Z,10065013948,2283,76423454,120007,133256,8644
2026-10-08T13:25:58Z,10065930742,400,5071652,348722,1687,558
2026-10-08T13:25:58Z,10066618669,1433,28579813,37606,3998,1716
2026-10-08T13:25:58Z,10066929248,312,29898201,117903,102606,4260
2026-10-08T13:25:58Z,10067173115,271,22686214,73961,128782,80218
2026-10-08T13:25:58Z,10067258922,3165,108658413,6871968,400158,4584
2026-10-08T13:25:58Z,10067540823,909,10374247,12746,3472,481
2026-10-08T13:25:58Z,10067868611,1281,20806560,34918,25398,1579
2026-10-08T13:25:58Z,10069043526,1336,42295947,960685,60349,5725
2026-10-08T13:25:58Z,10074335448,755,1189141,24990,7131,1092
2026-10-08T13:25:58Z,10075660664,347,2700899,7671,7148,288
2026-10-08T13:25:58Z,10080411105,343,4278699,9183,6440,602
2026-10-08T13:25:58Z,10081194651,643,50888762,193683,510439,5180
2026-10-08T13:25:58Z,10083552936,293,12747251,566835,12578,1687
2026-10-08T13:25:58Z,10090256806,2987,55594337,688656,196260,19242
2026-10-08T13:25:58Z,10090384240,216,5824998,94615,27990,2427
2026-10-08T13:25:58Z,10090818841,405,1944914,1910,2752,910
2026-10-08T13:25:58Z,10091482757,443,7280649,25079,26993,629
2026-10-08T13:25:58Z,10091766471,1639,45178243,111983,29250,3089
2026-10-08T13:25:58Z,10092619788,1122,13550782,8671,24000,742
2026-10-08T13:25:58Z,10094225577,1604,61496293,717298,53780,13105
2026-10-08T13:25:58Z,10096155511,5026,68242607,161223,50158,5887
2026-10-08T13:25:58Z,10098095975,1324,31082842,1050077,177428,2307
2026-10-08T13:25:58Z,10101367087,1849,13962258,406720,7550,1431
2026-10-08T13:25:58Z,10103595714,3545,40473747,145391,110296,7303
2026-10-08T13:25:58Z,10107805924,843,17794117,385894,21861,740
2026-10-08T13:25:58Z,10108046010,1163,23956680,59521,13261,1694
2026-10-08T13:25:58Z,10110316965,1690,24666620,681687,11290,3782
2026-10-08T13:25:58Z,10112019404,1343,16974618,240146,23036,5935
2026-10-08T13:25:58Z,10766135603,3670,4295586,296580,10415,424
2026-10-08T13:25:58Z,10766138478,7130,18000512,954285,22865,619
2026-10-08T13:25:58Z,10766142497,3385,1748814,15456,1825,304
2026-10-08T13:25:58Z,10766222230,595,2192488,9413,3146,580
2026-10-08T13:25:58Z,10766240516,8559,1815877,136417,2807,316
2026-10-08T13:25:58Z,10766257839,1559,2203435,10137,4257,1120
2026-10-08T13:25:58Z,10766309747,4444,8387346,31589,33388,944
2026-10-08T13:25:58Z,10766349481,6200,3961638,15898,16390,718
2026-10-08T13:25:58Z,10766364164,1112,7669314,25249,5130,1700
2026-10-08T13:25:58Z,10766390665,5883,2597439,42036,6700,1452
2026-10-08T13:25:58Z,10766395909,7209,3062543,35268,11732,798
2026-10-08T13:25:58Z,10766399546,1309,6432718,25506,29221,1438
2026-10-08T13:25:58Z,10766420770,2152,1336568,65067,9946,161
2026-10-08T13:25:58Z,10766426236,838,1250474,26658,2429,560
2026-10-08T13:25:58Z,10766440903,1918,916733,4214,674,352
2026-10-08T13:25:58Z,10766494202,334,3760720,20709,5731,2175
2026-10-08T13:25:58Z,10766502612,1635,1231908,18704,2051,759
2026-10-08T13:25:58Z,10766506199,15780,26294550,97611,10499,3703
2026-10-08T13:25:58Z,10766578375,5161,4313651,39165,7681,592
2026-10-08T13:25:58Z,10766687030,4260,6141646,19936,10450,2626
2026-10-08T13:25:58Z,10766721625,15899,12972006,718692,10142,650
2026-10-08T13:25:58Z,10766725034,6668,15676037,39016,5877,4249
2026-10-08T13:25:58Z,10766735253,3778,355577,15778,504,56
2026-10-08T13:25:58Z,10766773917,2566,2896019,10790,3063,872
2026-10-08T13:25:58Z,10766812776,3197,1814068,9050,3097,133
2026-10-08T13:25:58Z,10767012496,6743,15881245,46149,18544,1979
2026-10-08T13:25:58Z,10767138232,8206,1036753,13060,707,75
2026-10-08T13:25:58Z,10767240772,10252,2376702,17484,11431,1547
2026-10-08T13:25:58Z,10767357183,893,266623,22557,475,34
2026-10-08T13:25:58Z,10767408330,27530,8018968,24388,20165,1224
2026-10-08T13:25:58Z,10767545737,1332,810757,9031,8045,736
2026-10-08T13:25:58Z,10767566226,15352,2129615,8821,2639,132
2026-10-08T13:25:58Z,10767582899,6993,1110083,12289,4768,1253
2026-10-08T13:25:58Z,10767628417,3154,860082,19906,5347,390
2026-10-08T13:25:58Z,10767634248,23616,5062709,22411,4900,422
2026-10-08T13:25:58Z,10767657583,710,1189916,30654,1224,454
2026-10-08T13:25:58Z,10767698786,4474,3393391,1445,2643,240
2026-10-08T13:25:58Z,10767824942,14637,1257849,120140,3095,167
2026-10-08T13:25:58Z,10767825538,64631,11530479,61771,22283,1157
2026-10-08T13:25:58Z,10767826343,2471,254680,4917,1375,218
2026-10-08T13:25:58Z,10767858548,1640,666600,7663,5711,438
2026-10-08T13:25:58Z,10767912502,1257,350610,2077,510,47
2026-10-08T13:25:58Z,10767922762,7657,1536715,78356,7740,897
2026-10-08T13:25:58Z,10767957681,1786,560770,3542,2156,359
2026-10-08T13:25:58Z,10768023539,9541,11571791,64874,10979,940
2026-10-08T13:25:58Z,10768176407,6945,1474634,11210,4370,519
2026-10-08T13:25:58Z,10768202113,4011,1551146,19230,3857,461
2026-10-08T13:25:58Z,10768316438,11142,1406524,151232,449,47
2026-10-08T19:26:48Z,47545,6727,5611431658,13611828,,
2026-10-08T19:26:48Z,65241,6175,4503235290,11889917,,
2026-10-08T19:26:48Z,2471084,5765,1332930880,4648733,,
2026-10-08T19:26:48Z,8726258,162,630697394,2390405,,
2026-10-08T19:26:48Z,16680835,2354,551959002,2796137,,
2026-10-08T19:26:48Z,16876831,172,121307732,481587,,
2026-10-08T19:26:48Z,21164849,4048,805355818,2056095,,
2026-10-08T19:26:48Z,21449357,989,140926879,499833,,
2026-10-08T19:26:48Z,31874888,163,120055794,364969,,
2026-10-08T19:26:48Z,31970568,3346,1621881944,6099470,,
2026-10-08T19:26:48Z,32095083,145,369455368,1566732,,
2026-10-08T19:26:48Z,32211175,275,95284246,6551110,,
2026-10-08T19:26:48Z,52494682,291,171370065,519693,,
2026-10-08T19:26:48Z,63951305,284,890576735,3839279,,
2026-10-08T19:26:48Z,66654135,190157,31135596633,24398011,,
2026-10-08T19:26:48Z,73754455,907,1837451771,4034314,,
2026-10-08T19:26:48Z,73885730,5505,3045387404,6009435,,
2026-10-08T19:26:48Z,78084559,507,40809013,102690,,
2026-10-08T19:26:48Z,79301772,3564,504844715,2001572,,
2026-10-08T19:26:48Z,79609758,598,940882094,1682870,,
2026-10-08T19:26:48Z,83148140,675,426609087,355762,,
2026-10-08T19:26:48Z,83858907,905,1752608778,4568248,,
2026-10-08T19:26:48Z,88070565,29631,10121168349,14008007,,
2026-10-08T19:26:48Z,93740418,1773,3422792537,6952831,,
2026-10-08T19:26:48Z,97314177,1276,584451164,1261377,,
2026-10-08T19:26:48Z,98929893,1482,989542915,2120436,,
2026-10-08T19:26:48Z,102815652,281,62077884,365419,,
2026-10-08T19:26:48Z,104598338,480,418219305,535834,,
2026-10-08T19:26:48Z,107172930,1414,722555532,1984804,,
2026-10-08T19:26:48Z,110181652,1883,2357856395,8611939,,
2026-10-08T19:26:48Z,111958650,3034,6312603493,11520262,,
2026-10-08T19:26:48Z,113491250,2865,1801968429,5987517,,
2026-10-08T19:26:48Z,114070244,461,354104874,1221924,,
2026-10-08T19:26:48Z,114967577,904,59817987,277115,,
2026-10-08T19:26:48Z,115797356,970,1238817417,2843597,,
2026-10-08T19:26:48Z,123956318,344,33628252,344859,,
2026-10-08T19:26:48Z,124283622,627,793551352,673222,,
2026-10-08T19:26:48Z,140733710,1686,413504196,1222568,,
2026-10-08T19:26:48Z,147332621,622,208678460,555044,,
2026-10-08T19:26:48Z,169302362,794,218141352,1858311,,
2026-10-08T19:26:48Z,170247232,338,473362805,2123467,,
2026-10-08T19:26:48Z,184199275,8641,992557918,1926880,,
2026-10-08T19:26:48Z,210851291,11019,5220726469,8539723,,
2026-10-08T19:26:48Z,212154879,357,156069744,1220544,,
2026-10-08T19:26:48Z,228573408,488,2484976138,15003289,,
2026-10-08T19:26:48Z,245662005,6561,8067685812,18677635,,
2026-10-08T19:26:48Z,274816972,2117,1370504572,7134167,,
2026-10-08T19:26:48Z,279565647,660,1729289520,8397181,,
2026-10-08T19:26:48Z,300039023,380,129885541,421325,,
2026-10-08T19:26:48Z,301252049,298,300601302,1043037,,
2026-10-08T19:26:48Z,321778215,7842,10462626310,13329482,,
2026-10-08T19:26:48Z,323675642,396,598655082,2221019,,
2026-10-08T19:26:48Z,341654025,1579,3209058527,5421699,,
2026-10-08T19:26:48Z,358276974,2792,196618170,1015169,,
2026-10-08T19:26:48Z,371112664,300,101570669,1787908,,
2026-10-08T19:26:48Z,371263894,5819,1469263524,2701576,,
2026-10-08T19:26:48Z,372226183,18550,6057253838,9718925,,
2026-10-08T19:26:48Z,380704901,625,1048995718,2103904,,
2026-10-08T19:26:48Z,383310974,197357,44983418478,29719081,,
2026-10-08T19:26:48Z,433670627,257,43501439,437202,,
2026-10-08T19:26:48Z,465016798,773,130048617,420084,,
2026-10-08T19:26:48Z,484789923,289,667589609,2129798,,
2026-10-08T19:26:48Z,485929611,478,648486177,1439428,,
2026-10-08T19:26:48Z,504035427,307,1699586006,5963416,,
2026-10-08T19:26:48Z,533435040,476,869024521,2279128,,
2026-10-08T19:26:48Z,537476076,233,212679356,257581,,
2026-10-08T19:26:48Z,540382210,1195,361651573,1050198,,
2026-10-08T19:26:48Z,547524060,7088,1469948697,2289841,,
2026-10-08T19:26:48Z,568307879,322,528995980,556290,,
2026-10-08T19:26:48Z,571251690,889,106446927,1054395,,
2026-10-08T19:26:48Z,578392296,14442,1346410701,998915,,
2026-10-08T19:26:48Z,601130232,26279,4596427425,6545115,,
2026-10-08T19:26:48Z,605887098,2484,2532246549,3727376,,
2026-10-08T19:26:48Z,616165168,1706,151268614,1231832,,
2026-10-08T19:26:48Z,625764726,333,25564455,200197,,
2026-10-08T19:26:48Z,648454481,15770,1325111337,1511529,,
2026-10-08T19:26:48Z,703124385,31052,29096964740,12035217,,
2026-10-08T19:26:48Z,708100196,154,339059328,1297797,,
2026-10-08T19:26:48Z,725056461,183,19756559,43221,,
2026-10-08T19:26:48Z,757291724,470,249952802,464375,,
2026-10-08T19:26:48Z,767752328,324,255524761,1375663,,
2026-10-08T19:26:48Z,770538576,352,548537853,1237468,,
2026-10-08T19:26:48Z,807930589,736,343794012,1631297,,
2026-10-08T19:26:48Z,833209132,429,100717943,899570,,
2026-10-08T19:26:48Z,847722000,340,204019667,2238884,,
2026-10-08T19:26:48Z,850110028,3352,189688962,706500,,
2026-10-08T19:26:48Z,873703865,604,453500846,1476218,,
2026-10-08T19:26:48Z,892043755,2015,1252113190,3320230,,
2026-10-08T19:26:48Z,903807016,6721,1597923735,2852792,,
2026-10-08T19:26:48Z,905198065,582,500308821,808768,,
2026-10-08T19:26:48Z,905954377,278,165344337,426875,,
2026-10-08T19:26:48Z,911750776,3824,1527679450,4483361,,
2026-10-08T19:26:48Z,918677693,1659,311686270,653067,,
2026-10-08T19:26:48Z,943733974,300,213702357,860610,,
2026-10-08T19:26:48Z,952510115,312,28727831,439665,,
2026-10-08T19:26:48Z,972475338,3530,716205680,1892123,,
2026-10-08T19:26:48Z,985731078,1769,451152303,2276103,,
2026-10-08T19:26:48Z,994732206,156706,64866980851,20043971,,
2026-10-08T19:26:48Z,1000233041,6799,3317467177,5808556,,
2026-10-08T19:26:48Z,1001911915,1627,242193572,689156,,
2026-10-08T19:26:48Z,1003981402,730,32599963,242941,,
2026-10-08T19:26:48Z,1008451066,2788,2954787667,3007126,,
2026-10-08T19:26:48Z,1016936714,8051,2267969284,1970706,,
2026-10-08T19:26:48Z,1024564064,875,461450414,843144,,
2026-10-08T19:26:48Z,1037979853,276,496728318,1867119,,
2026-10-08T19:26:48Z,1053132402,1112,572996085,976801,,
2026-10-08T19:26:48Z,1054526971,4037,631867332,1716760,,
2026-10-08T19:26:48Z,1072353049,1271,607661706,1328643,,
2026-10-08T19:26:48Z,1073273083,427,662815253,1724447,,
2026-10-08T19:26:48Z,1087859240,1018,385312493,345238,,
2026-10-08T19:26:48Z,1091907805,468,273681352,1089072,,
2026-10-08T19:26:48Z,1119466531,311,1944303785,3792734,,
2026-10-08T19:26:48Z,1125307892,285,73809513,5729747,,
2026-10-08T19:26:48Z,1147304238,593,612958327,1275683,,
2026-10-08T19:26:48Z,1160789089,765,857418178,6352815,,
2026-10-08T19:26:48Z,1165835263,392,91959882,264706,,
2026-10-08T19:26:48Z,1171251167,1575,292147096,6157785,,
2026-10-08T19:26:48Z,1175471394,355,202649536,142997,,
2026-10-08T19:26:48Z,1176784616,10598,5004801719,3519509,,
2026-10-08T19:26:48Z,1177208440,881,88306809,204186,,
2026-10-08T19:26:48Z,1180269832,624,155345048,882973,,
2026-10-08T19:26:48Z,1187091887,249,237412527,506089,,
2026-10-08T19:26:48Z,1198533421,747,184591155,734456,,
2026-10-08T19:26:48Z,1200145783,307,17603108,103261,,
2026-10-08T19:26:48Z,1202096104,21051,3343428920,31782875,,
2026-10-08T19:26:48Z,1214576306,1239,1650891376,4305354,,
2026-10-08T19:26:48Z,1229590289,139,98851166,4194047,,
2026-10-08T19:26:48Z,1230230722,2439,2835817415,3429819,,
2026-10-08T19:26:48Z,1235188606,5085,1730515983,14549430,,
2026-10-08T19:26:48Z,1247231049,291,53706814,705896,,
2026-10-08T19:26:48Z,1247975681,298,1870436780,5077032,,
2026-10-08T19:26:48Z,1265527561,406,363818423,662174,,
2026-10-08T19:26:48Z,1267991351,239,120311174,380665,,
2026-10-08T19:26:48Z,1268927906,7808,2310282761,2609248,,
2026-10-08T19:26:48Z,1271059807,1445,76654567,394016,,
2026-10-08T19:26:48Z,1275875292,291,573822170,1093942,,
2026-10-08T19:26:48Z,1278035280,5706,782820302,1518998,,
2026-10-08T19:26:48Z,1281592938,2916,314783581,2602430,,
2026-10-08T19:26:48Z,1284180886,2117,477473293,665203,,
2026-10-08T19:26:48Z,1312971993,1491,644785534,2033886,,
2026-10-08T19:26:48Z,1315450727,548,545239383,1043251,,
2026-10-08T19:26:48Z,1315966725,515,763738493,17711533,,
2026-10-08T19:26:48Z,1316421563,291,333070199,464073,,
2026-10-08T19:26:48Z,1318971886,1651,3017690469,4161877,,
2026-10-08T19:26:48Z,1325411718,1027,400943238,441867,,
2026-10-08T19:26:48Z,1335695570,558,2161269980,4716853,,
2026-10-08T19:26:48Z,1358133289,859,1543561486,1594845,,
2026-10-08T19:26:48Z,1359546589,419,774112928,1235460,,
2026-10-08T19:26:48Z,1359573625,3101,1642586380,1041625,,
2026-10-08T19:26:48Z,1374118848,679,70549020,380455,,
2026-10-08T19:26:48Z,1390601379,1753,1453215489,2370651,,
2026-10-08T19:26:48Z,1393178180,1160,101313384,192629,,
2026-10-08T19:26:48Z,1404342734,218,75403880,293001,,
2026-10-08T19:26:48Z,1415710834,1045,844623041,2007486,,
2026-10-08T19:26:48Z,1424449565,355,256862401,988833,,
2026-10-08T19:26:48Z,1430007363,1012,921587400,2427158,,
2026-10-08T19:26:48Z,1434220026,268,888805949,2678691,,
2026-10-08T19:26:48Z,1451439645,3856,4063450878,2772665,,
2026-10-08T19:26:48Z,1451869528,18351,11634028,1275082,,
2026-10-08T19:26:48Z,1452258989,720,1977807058,20698930,,
2026-10-08T19:26:48Z,1480782352,1102,1953882233,2746394,,
2026-10-08T19:26:48Z,1489026993,2946,2693217235,4371252,,
2026-10-08T19:26:48Z,1494262959,1713,366684444,826139,,
2026-10-08T19:26:48Z,1499870257,322,127479905,973072,,
2026-10-08T19:26:48Z,1511883870,2850,2731027573,3078407,,
2026-10-08T19:26:48Z,1516533665,16517,14399443857,12261122,,
2026-10-08T19:26:48Z,1525626450,4195,340482512,886938,,
2026-10-08T19:26:48Z,1526814825,8788,1125175147,4424395,,
2026-10-08T19:26:48Z,1527252839,343,605254116,2879383,,
2026-10-08T19:26:48Z,1531130248,2637,532155302,859448,,
2026-10-08T19:26:48Z,1536694921,222,480527024,1470485,,
2026-10-08T19:26:48Z,1586272220,234,33150881,199632,,
2026-10-08T19:26:48Z,1617287243,686,626637934,935196,,
2026-10-08T19:26:48Z,1638323641,1390,354869794,1386069,,
2026-10-08T19:26:48Z,1640395061,207,16953046,16194,,
2026-10-08T19:26:48Z,1648467492,860,58807123,67144,,
2026-10-08T19:26:48Z,1648496580,1962,239692543,279566,,
2026-10-08T19:26:48Z,1650291138,496,1001790132,1515121,,
2026-10-08T19:26:48Z,1654971928,301,33468285,73023,,
2026-10-08T19:26:48Z,1659645941,565,2358599109,3408429,,
2026-10-08T19:26:48Z,1668992109,2015,814555052,1046379,,
2026-10-08T19:26:48Z,1673554668,724,110188274,224817,,
2026-10-08T19:26:48Z,1686885941,303258,88341011451,30379413,,
2026-10-08T19:26:48Z,1699553764,319,298947595,710808,,
2026-10-08T19:26:48Z,1701332290,3908,1280103870,1823503,,
2026-10-08T19:26:48Z,1701518532,1421,124571371,2091572,,
2026-10-08T19:26:48Z,1701623492,406,4040702479,2817501,,
2026-10-08T19:26:48Z,1707552920,306,299155968,935327,,
2026-10-08T19:26:48Z,1709832923,434,1254824391,3579914,,
2026-10-08T19:26:48Z,1709917610,1361,264583532,1073968,,
2026-10-08T19:26:48Z,1718755273,583,86591313,322352,,
2026-10-08T19:26:48Z,1719305066,664,154786543,377426,,
2026-10-08T19:26:48Z,1720936166,1699,7934948177,2319740,,
2026-10-08T19:26:48Z,1733898268,194,51624296,327931,,
2026-10-08T19:26:48Z,1742264997,1592,508054618,1293542,,
2026-10-08T19:26:48Z,1743990973,391,263896664,157106,,
2026-10-08T19:26:48Z,1751760283,229,286196070,1162740,,
2026-10-08T19:26:48Z,1769712451,759,781396013,1763977,,
2026-10-08T19:26:48Z,1775919872,473,135899532,522380,,
2026-10-08T19:26:48Z,1776914212,2359,3008590593,2995538,,
2026-10-08T19:26:48Z,2200020629,342,102865694,210847,,
2026-10-08T19:26:48Z,2220495353,898,1167324468,1448439,,
2026-10-08T19:26:48Z,2233937689,1343,78394020,156391,,
2026-10-08T19:26:48Z,2236455574,2246,828309806,695705,,
2026-10-08T19:26:48Z,2239430935,1083,361872267,1137060,,
2026-10-08T19:26:48Z,2247578975,2207,1237288322,14951454,,
2026-10-08T19:26:48Z,2250844717,457,2571156,175217,,
2026-10-08T19:26:48Z,2251388500,1792,194599223,561181,,
2026-10-08T19:26:48Z,2274830359,8594,3041456661,2074633,,
2026-10-08T19:26:48Z,2278167893,98,148951343,190716,,
2026-10-08T19:26:48Z,2281570018,584,134511231,116918,,
2026-10-08T19:26:48Z,2283649692,934,110674447,260095,,
2026-10-08T19:26:48Z,2294168059,1996,1259295946,3401082,,
2026-10-08T19:26:48Z,2297891297,221,39504862,54704,,
2026-10-08T19:26:48Z,2305929206,2272,258823670,1693187,,
2026-10-08T19:26:48Z,2309918273,1284,54497422,531447,,
2026-10-08T19:26:48Z,2316994223,581,8992531932,5968860,,
2026-10-08T19:26:48Z,2324018757,369,74823500,232240,,
2026-10-08T19:26:48Z,2324662457,1593,1334233050,1566504,,
2026-10-08T19:26:48Z,2327461601,713,382223883,493418,,
2026-10-08T19:26:48Z,2350840700,1178,72772530,406701,,
2026-10-08T19:26:48Z,2360092394,2404,345789119,9064797,,
2026-10-08T19:26:48Z,2366560560,1467,981238633,2351217,,
2026-10-08T19:26:48Z,2369077151,3795,430267271,11377913,,
2026-10-08T19:26:48Z,2380077519,7134,3654433213,4664274,,
2026-10-08T19:26:48Z,2401478287,407,107847890,413149,,
2026-10-08T19:26:48Z,2404080894,2228,2020041726,4118033,,
2026-10-08T19:26:48Z,2408700413,379,306759854,667621,,
2026-10-08T19:26:48Z,2435789930,2452,2944514692,2339153,,
2026-10-08T19:26:48Z,2440500124,45625,7845640315,8251412,,
2026-10-08T19:26:48Z,2443177453,1524,698858998,1212630,,
2026-10-08T19:26:48Z,2491559356,709,89260952,181076,,
2026-10-08T19:26:48Z,2492481398,454,414583485,1297580,,
2026-10-08T19:26:48Z,2516044547,372,641610405,1640363,,
2026-10-08T19:26:48Z,2520686564,588,88667602,139815,,
2026-10-08T19:26:48Z,2527789729,2368,118079889,373108,,
2026-10-08T19:26:48Z,2528641125,419,121413433,266940,,
2026-10-08T19:26:48Z,2538086639,1013,656356507,279943,,
2026-10-08T19:26:48Z,2544016903,413,30479464,57073,,
2026-10-08T19:26:48Z,2544520106,417,289492010,540668,,
2026-10-08T19:26:48Z,2548183080,383,79379876,291474,,
2026-10-08T19:26:48Z,2549475383,1734,5502678985,57599390,,
2026-10-08T19:26:48Z,2564505263,433,1656160337,2749723,,
2026-10-08T19:26:48Z,2577700536,203,73193078,169700,,
2026-10-08T19:26:48Z,2583564222,3900,1121039910,4169722,,
2026-10-08T19:26:48Z,2588044974,169,640018746,774689,,
2026-10-08T19:26:48Z,2589957623,2601,638979261,9015380,,
2026-10-08T19:26:48Z,2605831977,349,492497250,4388907,,
2026-10-08T19:26:48Z,2619619496,18639,11755858672,4634332,,
2026-10-08T19:26:48Z,2621511041,1989,76474770,280485,,
2026-10-08T19:26:48Z,2626227051,2583,1108971851,1071066,,
2026-10-08T19:26:48Z,2628404708,274,1016635406,2106602,,
2026-10-08T19:26:48Z,2640407187,1141,543047559,429559,,
2026-10-08T19:26:48Z,2643072291,919,98805144,1009297,,
2026-10-08T19:26:48Z,2644656496,778,307512786,4474492,,
2026-10-08T19:26:48Z,2652888345,1673,265573702,128225,,
2026-10-08T19:26:48Z,2655311011,266,1427437397,3272123,,
2026-10-08T19:26:48Z,2655478023,1825,1038301414,3520156,,
2026-10-08T19:26:48Z,2668101271,22088,3604714533,2582399,,
2026-10-08T19:26:48Z,2682938349,4721,682429242,661494,,
2026-10-08T19:26:48Z,2711375305,60339,8057568209,5899971,,
2026-10-08T19:26:48Z,2719766208,276,74381676,352617,,
2026-10-08T19:26:48Z,2727447177,2994,516789722,1905906,,
2026-10-08T19:26:48Z,2729513759,2429,1717165026,2318464,,
2026-10-08T19:26:48Z,2754593977,2422,755953477,1001317,,
2026-10-08T19:26:48Z,2765784373,3000,91661069,536957,,
2026-10-08T19:26:48Z,2783797267,9476,714355395,8224160,,
2026-10-08T19:26:48Z,2788648141,1949,1011313539,2170802,,
2026-10-08T19:26:48Z,2799421838,4,77512494,1521426,,
2026-10-08T19:26:48Z,2802559498,446,356227056,880417,,
2026-10-08T19:26:48Z,2805713501,280,798012400,806314,,
2026-10-08T19:26:48Z,2820580801,372,329444268,408292,,
2026-10-08T19:26:48Z,2821905072,2218,281027352,5802391,,
2026-10-08T19:26:48Z,2822776643,2842,145190004,241780,,
2026-10-08T19:26:48Z,2826640183,310,770433096,690934,,
2026-10-08T19:26:48Z,2827951974,382,816713479,692339,,
2026-10-08T19:26:48Z,2839156349,183,15604213,25397,,
2026-10-08T19:26:48Z,2851381018,5539,865839513,1444261,,
2026-10-08T19:26:48Z,2862098693,2281,159025645,458317,,
2026-10-08T19:26:48Z,2865006607,449,99800086,148383,,
2026-10-08T19:26:48Z,2872881913,1288,379749078,1135169,,
2026-10-08T19:26:48Z,2916593387,754,184071364,498241,,
2026-10-08T19:26:48Z,2936053166,14904,2275939905,1869229,,
2026-10-08T19:26:48Z,2943850166,3803,141437790,98347,,
2026-10-08T19:26:48Z,2954818192,1641,447922791,8761607,,
2026-10-08T19:26:48Z,2955322961,437,1030297392,1163407,,
2026-10-08T19:26:48Z,2970472544,83,583896136,26589871,,
2026-10-08T19:26:48Z,2979369058,1985,182383098,285784,,
2026-10-08T19:26:48Z,2992873140,10055,1440637921,1036333,,
2026-10-08T19:26:48Z,3012965062,3099,682303939,6512056,,
2026-10-08T19:26:48Z,3013715655,458,331077765,2673228,,
2026-10-08T19:26:48Z,3032132418,156,79108688,96502,,
2026-10-08T19:26:48Z,3047037061,1858,154996585,157106,,
2026-10-08T19:26:48Z,3056160040,736,985045761,1422308,,
2026-10-08T19:26:48Z,3060525991,612,70751692,84036,,
2026-10-08T19:26:48Z,3064619271,429,19610045,94017,,
2026-10-08T19:26:48Z,3079618996,5170,816053251,1161774,,
2026-10-08T19:26:48Z,3085257211,4105,5138078550,3872484,,
2026-10-08T19:26:48Z,3088609243,1142,752847687,623382,,
2026-10-08T19:26:48Z,3097803944,775,380142528,190972,,
2026-10-08T19:26:48Z,3108473052,369,334926645,1082168,,
2026-10-08T19:26:48Z,3110388936,2445,92936663,311830,,
2026-10-08T19:26:48Z,3114128441,271,119972268,141915,,
2026-10-08T19:26:48Z,3116863918,233,19443219,38758,,
2026-10-08T19:26:48Z,3124818385,1208,92150003,275658,,
2026-10-08T19:26:48Z,3132040251,158,514427011,547248,,
2026-10-08T19:26:48Z,3149100453,1749,245729146,1336922,,
2026-10-08T19:26:48Z,3164075108,2513,289599915,749762,,
2026-10-08T19:26:48Z,3168615253,1268,547591603,739470,,
2026-10-08T19:26:48Z,3170483284,814,72453546,211933,,
2026-10-08T19:26:48Z,3171190217,365,239051449,885865,,
2026-10-08T19:26:48Z,3177453609,357,216881252,512879,,
2026-10-08T19:26:48Z,3178326002,152,29680466,20141,,
2026-10-08T19:26:48Z,3183403065,1802,2513198236,1398290,,
2026-10-08T19:26:48Z,3183742847,3349,632026611,518102,,
2026-10-08T19:26:48Z,3187874989,2057,189245679,252488,,
2026-10-08T19:26:48Z,3191268194,1261,1364440646,5592458,,
2026-10-08T19:26:48Z,3195917432,279,68285238,122059,,
2026-10-08T19:26:48Z,3198546127,613,82025950,147817,,
2026-10-08T19:26:48Z,3204175584,2280,1210921968,1050690,,
2026-10-08T19:26:48Z,3210778402,1108,121903305,108422,,
2026-10-08T19:26:48Z,3218272328,372,86139707,268181,,
2026-10-08T19:26:48Z,3219620210,602,38728956,81231,,
2026-10-08T19:26:48Z,3227754471,378,77385389,160216,,
2026-10-08T19:26:48Z,3232838484,419,91631042,137039,,
2026-10-08T19:26:48Z,3240075297,38592,8822303229,3658505,,
2026-10-08T19:26:48Z,3256689155,300,326992261,291747,,
2026-10-08T19:26:48Z,3258251641,223,107096348,162453,,
2026-10-08T19:26:48Z,3258873704,887,431599308,285198,,
2026-10-08T19:26:48Z,3261058889,471,16428047,73055,,
2026-10-08T19:26:48Z,3262314006,558,549043115,854726,,
2026-10-08T19:26:48Z,3264293423,186,235232385,686051,,
2026-10-08T19:26:48Z,3264581003,920,120549987,197659,,
2026-10-08T19:26:48Z,3267012194,813,327893011,1088923,,
2026-10-08T19:26:48Z,3274669156,369,70662718,683205,,
2026-10-08T19:26:48Z,3289847355,309,31561397,43351,,
2026-10-08T19:26:48Z,3293514480,851,211025837,600145,,
2026-10-08T19:26:48Z,3293525400,165,75758634,312196,,
2026-10-08T19:26:48Z,3308103880,5454,1838571881,2119248,,
2026-10-08T19:26:48Z,3310460039,7794,4725273272,105230834,,
2026-10-08T19:26:48Z,3311164447,608,42418674,20500,,
2026-10-08T19:26:48Z,3317064564,409,79651269,626474,,
2026-10-08T19:26:48Z,3317679266,2498,5245179033,4439555,,
2026-10-08T19:26:48Z,3317771874,50240,2661762413,2204517,,
2026-10-08T19:26:48Z,3322582746,255,72881854,91080,,
2026-10-08T19:26:48Z,3344795851,343,448618671,276401,,
2026-10-08T19:26:48Z,3346892457,1601,455824242,198912,,
2026-10-08T19:26:48Z,3347455347,459,67923783,317089,,
2026-10-08T19:26:48Z,3354479870,557,166478326,291528,,
2026-10-08T19:26:48Z,3359505957,3014,210454329,329139,,
2026-10-08T19:26:48Z,3365661357,691,499161478,734943,,
2026-10-08T19:26:48Z,3371147486,785,207944510,193461,,
2026-10-08T19:26:48Z,3384187191,252,67460233,73638,,
2026-10-08T19:26:48Z,3405618667,2713,1535691857,3296726,,
2026-10-08T19:26:48Z,3408154779,237,101730995,178753,,
2026-10-08T19:26:48Z,3417194043,770,8126458,34811,,
2026-10-08T19:26:48Z,3419284255,2367,420388861,866523,,
2026-10-08T19:26:48Z,3420059569,994,970890576,27491719,,
2026-10-08T19:26:48Z,3421408084,427,616885523,635141,,
2026-10-08T19:26:48Z,3426175130,590,257407612,110184,,
2026-10-08T19:26:48Z,3441153192,135,30360116,27483,,
2026-10-08T19:26:48Z,3448264866,2568,70637367,357294,,
2026-10-08T19:26:48Z,3457700596,2219,1073000584,1009020,,
2026-10-08T19:26:48Z,3472652814,485,42790252,73578,,
2026-10-08T19:26:48Z,3472976893,876,193766495,3679427,,
2026-10-08T19:26:48Z,3475191052,242,401793717,693239,,
2026-10-08T19:26:48Z,3476371299,411,978653522,1366085,,
2026-10-08T19:26:48Z,3494556606,301,521607241,1991356,,
2026-10-08T19:26:48Z,3502524667,1068,767596750,3697138,,
2026-10-08T19:26:48Z,3507461489,127,21171246,35990,,
2026-10-08T19:26:48Z,3508322461,124374,7533906237,3086813,,
2026-10-08T19:26:48Z,3512256796,1629,42013986,343156,,
2026-10-08T19:26:48Z,3515267380,785,183800059,440742,,
2026-10-08T19:26:48Z,3536173216,99,96245021,55496,,
2026-10-08T19:26:48Z,3541611379,5095,417615888,338375,,
2026-10-08T19:26:48Z,3551414857,963,639072958,1334739,,
2026-10-08T19:26:48Z,3560583071,720,316076541,257516,,
2026-10-08T19:26:48Z,3608594708,737,426401799,678480,,
2026-10-08T19:26:48Z,3620011279,566,216599414,724434,,
2026-10-08T19:26:48Z,3623695803,867,70521879,66281,,
2026-10-08T19:26:48Z,3624423521,1711,934783120,628104,,
2026-10-08T19:26:48Z,3626363135,217,39329371,69974,,
2026-10-08T19:26:48Z,3634139746,520,164512612,98552,,
2026-10-08T19:26:48Z,3647333358,26336,9275109067,8302407,,
2026-10-08T19:26:48Z,3661343497,1230,202402533,253826,,
2026-10-08T19:26:48Z,3666294218,895,60626731,422688,,
2026-10-08T19:26:48Z,3704826615,730,13396887,57026,,
2026-10-08T19:26:48Z,3706757136,604,39105204,116509,,
2026-10-08T19:26:48Z,3717250353,527,183145281,564680,,
2026-10-08T19:26:48Z,3717264063,259,631689555,2224267,,
2026-10-08T19:26:48Z,3725528263,454,107754619,139984,,
2026-10-08T19:26:48Z,3730079862,4059,60648220,492954,,
2026-10-08T19:26:48Z,3734304510,1399,441304911,462659,,
2026-10-08T19:26:48Z,3741075732,437,54441270,445946,,
2026-10-08T19:26:48Z,3746418487,2659,336484248,415516,,
2026-10-08T19:26:48Z,3747388906,923,48249502,284407,,
2026-10-08T19:26:48Z,3749444437,868,80442333,10130439,,
2026-10-08T19:26:48Z,3754482795,5961,1300792252,4623548,,
2026-10-08T19:26:48Z,3756501373,1855,718217743,443425,,
2026-10-08T19:26:48Z,3759884822,703,140728880,127238,,
2026-10-08T19:26:48Z,3761186887,726,437403978,2335559,,
2026-10-08T19:26:48Z,3764631130,403,38536162,67499,,
2026-10-08T19:26:48Z,3808081382,41312,19375088609,7694593,,
2026-10-08T19:26:48Z,3808223175,1216,723713139,3272737,,
2026-10-08T19:26:48Z,3826087550,357,35027055,140990,,
2026-10-08T19:26:48Z,3835375262,418,250193823,237240,,
2026-10-08T19:26:48Z,3837114739,892,43908556,155449,,
2026-10-08T19:26:48Z,3841172115,1004,159876552,719044,,
2026-10-08T19:26:48Z,3846592040,463,136452791,183675,,
2026-10-08T19:26:48Z,3864279452,987,532244444,667755,,
2026-10-08T19:26:48Z,3869462497,509,350588351,291585,,
2026-10-08T19:26:48Z,3873871110,1105,39003858,510673,,
2026-10-08T19:26:48Z,3876150506,1591,505831450,6763255,,
2026-10-08T19:26:48Z,3882062045,504,187374277,267725,,
2026-10-08T19:26:48Z,3887521769,764,149339282,8656063,,
2026-10-08T19:26:48Z,3891658292,447,400939344,14524845,,
2026-10-08T19:26:48Z,3913007563,2007,143479129,315276,,
2026-10-08T19:26:48Z,3916548970,616,143005006,265237,,
2026-10-08T19:26:48Z,3918560032,364,85523411,282010,,
2026-10-08T19:26:48Z,3936365689,1571,73680382,349373,,
2026-10-08T19:26:48Z,3945578236,4165,112930369,107687,,
2026-10-08T19:26:48Z,3951147015,994,141269545,193455,,
2026-10-08T19:26:48Z,3962631979,319,152239132,1109229,,
2026-10-08T19:26:48Z,3983828495,481,220297941,163507,,
2026-10-08T19:26:48Z,3989768869,414,334396145,876067,,
2026-10-08T19:26:48Z,3989869156,252,95618377,1591645,,
2026-10-08T19:26:48Z,3990106548,4491,1874103326,6417890,,
2026-10-08T19:26:48Z,4007686136,935,170256865,95833,,
2026-10-08T19:26:48Z,4018794732,617,295297924,279012,,
2026-10-08T19:26:48Z,4019583467,1697,386922635,797575,,
2026-10-08T19:26:48Z,4028801234,506,239577151,12774230,,
2026-10-08T19:26:48Z,4044579438,730,350657021,22429983,,
2026-10-08T19:26:48Z,4048852641,156,25870726,202460,,
2026-10-08T19:26:48Z,4049246711,16701,931942310,623531,,
2026-10-08T19:26:48Z,4053293514,2406,334078611,889529,,
2026-10-08T19:26:48Z,4071487712,481,31329528,127770,,
2026-10-08T19:26:48Z,4075802159,180,261776497,90198,,
2026-10-08T19:26:48Z,4079077350,652,7672403,71070,,
2026-10-08T19:26:48Z,4082023366,115,158788110,186386,,
2026-10-08T19:26:48Z,4107809076,1348,311734842,119561,,
2026-10-08T19:26:48Z,4130569984,1055,257658440,395263,,
2026-10-08T19:26:48Z,4139766490,658,423016929,502797,,
2026-10-08T19:26:48Z,4142544848,600,30974323,25637,,
2026-10-08T19:26:48Z,4147392742,364,518313424,8836151,,
2026-10-08T19:26:48Z,4150150482,806,14251741,13775,,
2026-10-08T19:26:48Z,4153755477,1384,933406356,601466,,
2026-10-08T19:26:48Z,4154513353,799,267749269,532986,,
2026-10-08T19:26:48Z,4161745937,338,90732877,297569,,
2026-10-08T19:26:48Z,4165164803,5060,568587022,572317,,
2026-10-08T19:26:48Z,4170977322,1617,318067889,15957588,,
2026-10-08T19:26:48Z,4181957649,2159,725204331,1119919,,
2026-10-08T19:26:48Z,4187559009,929,132890231,2666766,,
2026-10-08T19:26:48Z,4193032947,679,356446852,2411443,,
2026-10-08T19:26:48Z,4197966812,1540,558624887,24297341,,
2026-10-08T19:26:48Z,4201418016,472,149363132,285827,,
2026-10-08T19:26:48Z,4221956550,1270,137964210,836669,,
2026-10-08T19:26:48Z,4228233498,450,147327082,483793,,
2026-10-08T19:26:48Z,4234745929,367,353921130,4030266,,
2026-10-08T19:26:48Z,4252393983,384,282010371,3024768,,
2026-10-08T19:26:48Z,4260784961,1374,24012010,77673,,
2026-10-08T19:26:48Z,4263371487,862,124746556,226951,,
2026-10-08T19:26:48Z,4263576532,983,191184568,492112,,
2026-10-08T19:26:48Z,4267277633,10123,612924043,16006420,,
2026-10-08T19:26:48Z,4275891591,265,55989081,101640,,
2026-10-08T19:26:48Z,4282689669,191,41533041,972294,,
2026-10-08T19:26:48Z,4283416256,422,24560469,140301,,
2026-10-08T19:26:48Z,4293374620,11836,1578339156,1107051,,
2026-10-08T19:26:48Z,4330936850,286,74239647,115990,,
2026-10-08T19:26:48Z,4342047058,8256,607648302,1327222,,
2026-10-08T19:26:48Z,4343544885,1160,130585977,2837545,,
2026-10-08T19:26:48Z,4346424098,174,104831788,175317,,
2026-10-08T19:26:48Z,4348829796,8177,2716318637,11609891,,
2026-10-08T19:26:48Z,4356309501,255,12967874,11218,,
2026-10-08T19:26:48Z,4362587875,941,590820549,785491,,
2026-10-08T19:26:48Z,4362771421,331,402329401,501231,,
2026-10-08T19:26:48Z,4365819446,1356,552604831,21494805,,
2026-10-08T19:26:48Z,4367208330,1082,490706336,1648278,,
2026-10-08T19:26:48Z,4391829435,1700,390916343,4263945,,
2026-10-08T19:26:48Z,4403361086,338,185497289,956085,,
2026-10-08T19:26:48Z,4408288935,824,55761208,284295,,
2026-10-08T19:26:48Z,4419888429,244,27031511,54047,,
2026-10-08T19:26:48Z,4420562665,9402,93118384,385346,,
2026-10-08T19:26:48Z,4429851038,388,357685785,11620148,,
2026-10-08T19:26:48Z,4430449940,440,315971796,528598,,
2026-10-08T19:26:48Z,4434528807,1151,796300656,722973,,
2026-10-08T19:26:48Z,4444526080,403,163921710,601984,,
2026-10-08T19:26:48Z,4452297356,10042,773414726,875218,,
2026-10-08T19:26:48Z,4457060041,1340,145605061,233478,,
2026-10-08T19:26:48Z,4462613685,952,29004336,177966,,
2026-10-08T19:26:48Z,4491246195,2010,462086581,691043,,
2026-10-08T19:26:48Z,4497460596,737,183457565,161088,,
2026-10-08T19:26:48Z,4507116437,276,30409224,52155,,
2026-10-08T19:26:48Z,4511892440,222,41430123,102476,,
2026-10-08T19:26:48Z,4512331818,235,26957907,82974,,
2026-10-08T19:26:48Z,4518152312,527,317807017,14825843,,
2026-10-08T19:26:48Z,4518160318,3444,658489152,1206569,,
2026-10-08T19:26:48Z,4523856444,2666,1365734529,1740604,,
2026-10-08T19:26:48Z,4524605690,30,258065724,84072,,
2026-10-08T19:26:48Z,4535642329,60,31971688,600320,,
2026-10-08T19:26:48Z,4538598064,178,217951034,3905886,,
2026-10-08T19:26:48Z,4540138978,5963,2375018271,67388706,,
2026-10-08T19:26:48Z,4540494160,273,268624736,361041,,
2026-10-08T19:26:48Z,4543855070,438,231234273,289230,,
2026-10-08T19:26:48Z,4552793904,60,354815522,229137,,
2026-10-08T19:26:48Z,4557322431,1423,59713409,209990,,
2026-10-08T19:26:48Z,4563062026,198,94665607,149604,,
2026-10-08T19:26:48Z,4568630521,4150,1747717423,1623265,,
2026-10-08T19:26:48Z,4571439504,773,104306487,250260,,
2026-10-08T19:26:48Z,4576226059,315,270273961,235059,,
2026-10-08T19:26:48Z,4579085368,1073,192163289,1081426,,
2026-10-08T19:26:48Z,4582358979,1640,1321843401,1029344,,
2026-10-08T19:26:48Z,4586990985,422,18032337,66818,,
2026-10-08T19:26:48Z,4590309504,257,24701407,24002,,
2026-10-08T19:26:48Z,4592676978,1455,33686529,97705,,
2026-10-08T19:26:48Z,4595016786,1562,615291142,771466,,
2026-10-08T19:26:48Z,4599924264,1092,734059540,297603,,
2026-10-08T19:26:48Z,4601145322,592,106731072,8680773,,
2026-10-08T19:26:48Z,4642134795,656,449212655,27884844,,
2026-10-08T19:26:48Z,4652005960,347,58189887,88192,,
2026-10-08T19:26:48Z,4654951132,348,14869829,15320,,
2026-10-08T19:26:48Z,4658598196,12729,1153736680,1504729,,
2026-10-08T19:26:48Z,4659996100,251,99276104,59674,,
2026-10-08T19:26:48Z,4666164093,353,61803994,42563,,
2026-10-08T19:26:48Z,4666414595,338,6349792,73181,,
2026-10-08T19:26:48Z,4669328522,2381,400591705,223404,,
2026-10-08T19:26:48Z,4669435504,273,379270223,558578,,
2026-10-08T19:26:48Z,4673599750,1001,559990414,519140,,
2026-10-08T19:26:48Z,4674987887,536,81481385,9091798,,
2026-10-08T19:26:48Z,4676287985,555,78272895,316684,,
2026-10-08T19:26:48Z,4679222104,358,115998402,120293,,
2026-10-08T19:26:48Z,4686994428,2000,205055850,6653167,,
2026-10-08T19:26:48Z,4689722433,4562,626681983,771624,,
2026-10-08T19:26:48Z,4712109542,295,36194738,307971,,
2026-10-08T19:26:48Z,4712126054,366,61601837,398236,,
2026-10-08T19:26:48Z,4720386144,606,124634802,630875,,
2026-10-08T19:26:48Z,4723764956,9855,597712557,935654,,
2026-10-08T19:26:48Z,4730278139,5930,1459031975,1369718,,
2026-10-08T19:26:48Z,4734880740,306,16178587,381877,,
2026-10-08T19:26:48Z,4743794878,2113,112491362,36729,,
2026-10-08T19:26:48Z,4750561026,8265,50610223,333342,,
2026-10-08T19:26:48Z,4753878751,258,542544254,4555473,,
2026-10-08T19:26:48Z,4772345874,1747,41689108,41313,,
2026-10-08T19:26:48Z,4777817887,17791,6474876111,12995658,,
2026-10-08T19:26:48Z,4778845442,2648,6191830676,1541183,,
2026-10-08T19:26:48Z,4785126950,689,33674241,238827,,
2026-10-08T19:26:48Z,4785982047,1186,225247059,3128372,,
2026-10-08T19:26:48Z,4793836769,2865,316703516,6649165,,
2026-10-08T19:26:48Z,4795326392,534,404677121,647833,,
2026-10-08T19:26:48Z,4807308814,2090,1042579426,879043,,
2026-10-08T19:26:48Z,4835576249,230,298594863,282683,,
2026-10-08T19:26:48Z,4836254499,1530,37163990,125921,,
2026-10-08T19:26:48Z,4839802560,26290,4015146940,15797081,,
2026-10-08T19:26:48Z,4850044287,3422,722894973,1465122,,
2026-10-08T19:26:48Z,4851783408,424,248462392,238036,,
2026-10-08T19:26:48Z,4858558391,754,68863233,578129,,
2026-10-08T19:26:48Z,4862269388,776,143234540,149616,,
2026-10-08T19:26:48Z,4864117649,1219,440728159,962141,,
2026-10-08T19:26:48Z,4871329703,539,818672973,555084,,
2026-10-08T19:26:48Z,4883092215,171,26433637,181270,,
2026-10-08T19:26:48Z,4885171702,321,115507378,8416128,,
2026-10-08T19:26:48Z,4901806610,2061,450605005,410604,,
2026-10-08T19:26:48Z,4908792642,965,1946402078,8521407,,
2026-10-08T19:26:48Z,4924789901,5018,119766752,174103,,
2026-10-08T19:26:48Z,4925010421,575,92922357,906083,,
2026-10-08T19:26:48Z,4925331346,3433,329633076,517557,,
2026-10-08T19:26:48Z,4931927012,2876,769093628,696784,,
2026-10-08T19:26:48Z,4931991343,280,75937512,3259378,,
2026-10-08T19:26:48Z,4938220315,1059,482059187,754733,,
2026-10-08T19:26:48Z,4943874686,52,23739964,73879,,
2026-10-08T19:26:48Z,4944984948,1642,306702162,181819,,
2026-10-08T19:26:48Z,4948814458,606,357105320,23023998,,
2026-10-08T19:26:48Z,4949420752,23718,1695699201,807733,,
2026-10-08T19:26:48Z,4956911744,486,173386513,23330734,,
2026-10-08T19:26:48Z,4960950398,312,75957746,171435,,
2026-10-08T19:26:48Z,4983034985,15233,294040496,874615,,
2026-10-08T19:26:48Z,4987467534,788,212713840,564670,,
2026-10-08T19:26:48Z,4987856151,12067,128505527,534691,,
2026-10-08T19:26:48Z,4990998060,278,436402067,20819525,,
2026-10-08T19:26:48Z,4991126644,1619,4666406,12220,,
2026-10-08T19:26:48Z,4991821731,796,654360719,933026,,
2026-10-08T19:26:48Z,4996628751,90,108799028,7535879,,
2026-10-08T19:26:48Z,4998493959,1391,263342065,19707560,,
2026-10-08T19:26:48Z,4998613478,432,186335390,347886,,
2026-10-08T19:26:48Z,5012222382,554,1046602511,1825552,,
2026-10-08T19:26:48Z,5026122481,3198,275256673,900083,,
2026-10-08T19:26:48Z,5026970880,1808,393180946,6399727,,
2026-10-08T19:26:48Z,5027504417,224,6812120,58043,,
2026-10-08T19:26:48Z,5031482529,291,524012269,32118615,,
2026-10-08T19:26:48Z,5039839070,8960,355729592,521562,,
2026-10-08T19:26:48Z,5049569843,306,135464534,533654,,
2026-10-08T19:26:48Z,5056259915,647,59901591,229268,,
2026-10-08T19:26:48Z,5074882778,491,83210166,88027,,
2026-10-08T19:26:48Z,5080118977,256,33319075,86226,,
2026-10-08T19:26:48Z,5091490171,1764,93114733,316233,,
2026-10-08T19:26:48Z,5092535555,427,74558002,334432,,
2026-10-08T19:26:48Z,5096440156,1491,552510385,665982,,
2026-10-08T19:26:48Z,5108158764,846,13797413,194515,,
2026-10-08T19:26:48Z,5111507958,733,156538338,7747763,,
2026-10-08T19:26:48Z,5112244393,1717,404058998,2907459,,
2026-10-08T19:26:48Z,5114328099,305,127912648,100083,,
2026-10-08T19:26:48Z,5117983607,1142,230964514,186005,,
2026-10-08T19:26:48Z,5148099079,603,627761004,2126567,,
2026-10-08T19:26:48Z,5153268250,229,111653519,182008,,
2026-10-08T19:26:48Z,5157735000,247,40562459,519704,,
2026-10-08T19:26:48Z,5166944221,4878,1636017463,1771288,,
2026-10-08T19:26:48Z,5170731021,592,231716329,471553,,
2026-10-08T19:26:48Z,5174979552,473,92443126,5578057,,
2026-10-08T19:26:48Z,5195168716,571,103597935,667848,,
2026-10-08T19:26:48Z,5195680485,284,73874984,150651,,
2026-10-08T19:26:48Z,5200655965,432,329223307,444095,,
2026-10-08T19:26:48Z,5203828273,50243,11119343943,7555829,,
2026-10-08T19:26:48Z,5206433511,379,146998954,1934325,,
2026-10-08T19:26:48Z,5207621753,852,102172110,82564,,
2026-10-08T19:26:48Z,5208051158,558,172493863,2067216,,
2026-10-08T19:26:48Z,5216419122,903,319421136,8991767,,
2026-10-08T19:26:48Z,5233689103,1069,7885569,8239,,
2026-10-08T19:26:48Z,5239362765,2935,399001110,505362,,
2026-10-08T19:26:48Z,5244979723,690,24001860,238414,,
2026-10-08T19:26:48Z,5247232141,868,76883083,3738383,,
2026-10-08T19:26:48Z,5252919404,246,118574222,77558,,
2026-10-08T19:26:48Z,5254920366,2376,1156060308,1043747,,
2026-10-08T19:26:48Z,5259044414,77,68726997,95066,,
2026-10-08T19:26:48Z,5265857965,3457,510001286,5786675,,
2026-10-08T19:26:48Z,5265950669,1372,304159268,205527,,
2026-10-08T19:26:48Z,5269058522,367,41745874,186193,,
2026-10-08T19:26:48Z,5270259419,454,123683248,119463,,
2026-10-08T19:26:48Z,5272606478,1430,135875570,8904329,,
2026-10-08T19:26:48Z,5283219861,4902,370067209,298654,,
2026-10-08T19:26:48Z,5295169598,408,255972783,2267137,,
2026-10-08T19:26:48Z,5295289103,103,118453490,6859745,,
2026-10-08T19:26:48Z,5315312115,262,10680846,93447,,
2026-10-08T19:26:48Z,5326310507,256,138803049,7883934,,
2026-10-08T19:26:48Z,5329077236,317,739222656,1772011,,
2026-10-08T19:26:48Z,5329644515,248,64756315,86814,,
2026-10-08T19:26:48Z,5345619122,314,90889543,150572,,
2026-10-08T19:26:48Z,5351168809,2535,99571437,100758,,
2026-10-08T19:26:48Z,5351931175,436,26162829,339030,,
2026-10-08T19:26:48Z,5359468080,265,211211891,165853,,
2026-10-08T19:26:48Z,5361032378,31768,2218836518,1023812,,
2026-10-08T19:26:48Z,5365966699,1260,122858440,145793,,
2026-10-08T19:26:48Z,5367389312,2958,404713401,2082004,,
2026-10-08T19:26:48Z,5369242581,241,77283296,1147691,,
2026-10-08T19:26:48Z,5371127625,287,93896839,32566,,
2026-10-08T19:26:48Z,5371687033,316,9442093,111652,,
2026-10-08T19:26:48Z,5379950946,153,61088552,810116,,
2026-10-08T19:26:48Z,5385674359,1644,526659733,378981,,
2026-10-08T19:26:48Z,5386253062,189,41298294,227132,,
2026-10-08T19:26:48Z,5407131262,1058,260237627,754026,,
2026-10-08T19:26:48Z,5421899973,1218,389795840,14199422,,
2026-10-08T19:26:48Z,5422546686,2001,369244560,2251573,,
2026-10-08T19:26:48Z,5432177771,225,48915298,45075,,
2026-10-08T19:26:48Z,5451143054,3332,256255914,3600103,,
2026-10-08T19:26:48Z,5455619189,510,73734974,190859,,
2026-10-08T19:26:48Z,5456952508,2013,113017980,210118,,
2026-10-08T19:26:48Z,5479285260,209,58580511,10369565,,
2026-10-08T19:26:48Z,5484165112,338,219875904,12967052,,
2026-10-08T19:26:48Z,5488708927,317,7585002,21721,,
2026-10-08T19:26:48Z,5492723512,1709,86942143,1843822,,
2026-10-08T19:26:48Z,5493012775,266,100605035,1687898,,
2026-10-08T19:26:48Z,5508238359,2196,118548277,2003124,,
2026-10-08T19:26:48Z,5518683179,233,108980911,468200,,
2026-10-08T19:26:48Z,5544551093,646,247051353,509227,,
2026-10-08T19:26:48Z,5549835355,220,115920925,248868,,
2026-10-08T19:26:48Z,5550530788,379,538640477,190310,,
2026-10-08T19:26:48Z,5568657754,724,51106917,99462,,
2026-10-08T19:26:48Z,5569032992,113216,7574867142,4693053,,
2026-10-08T19:26:48Z,5576890130,627,172127923,7473331,,
2026-10-08T19:26:48Z,5576955991,966,93830377,235457,,
2026-10-08T19:26:48Z,5578556129,22388,2061673364,1998278,,
2026-10-08T19:26:48Z,5580972377,2341,149129048,619981,,
2026-10-08T19:26:48Z,5595353122,67891,115183899,498794,,
2026-10-08T19:26:48Z,5596056495,257,111337999,222488,,
2026-10-08T19:26:48Z,5599532653,772,98341532,105663,,
2026-10-08T19:26:48Z,5620182793,744,599534982,2392961,,
2026-10-08T19:26:48Z,5620725145,420,67968364,87090,,
2026-10-08T19:26:48Z,5625220213,672,76555284,43631,,
2026-10-08T19:26:48Z,5633615594,841,27627757,146870,,
2026-10-08T19:26:48Z,5650396773,9484,2579407439,2320626,,
2026-10-08T19:26:48Z,5655148138,171,24406008,47460,,
2026-10-08T19:26:48Z,5665943560,651,146852735,17460705,,
2026-10-08T19:26:48Z,5665954430,453,93458594,935190,,
2026-10-08T19:26:48Z,5666473198,6776,444381229,143138,,
2026-10-08T19:26:48Z,5668114043,704,248854702,758504,,
2026-10-08T19:26:48Z,5668874170,278,26615028,42755,,
2026-10-08T19:26:48Z,5677613211,1455,630980669,28269371,,
2026-10-08T19:26:48Z,5678284602,629,153385924,887315,,
2026-10-08T19:26:48Z,5678463488,204,72730547,1774383,,
2026-10-08T19:26:48Z,5678594929,182,50731399,69530,,
2026-10-08T19:26:48Z,5679753654,91,70057139,1125080,,
2026-10-08T19:26:48Z,5683563195,823,169819229,252422,,
2026-10-08T19:26:48Z,5688684783,1124,145000381,13528101,,
2026-10-08T19:26:48Z,5693963765,117,68099809,62201,,
2026-10-08T19:26:48Z,5698013839,286,72671174,285694,,
2026-10-08T19:26:48Z,5720553711,5343,767624710,3182682,,
2026-10-08T19:26:48Z,5728147388,677,297044931,346160,,
2026-10-08T19:26:48Z,5731967654,719,189374205,334607,,
2026-10-08T19:26:48Z,5747152246,192,61067637,1774590,,
2026-10-08T19:26:48Z,5750914919,58986,4991112192,3667180,,
2026-10-08T19:26:48Z,5753515186,361,64697300,346162,,
2026-10-08T19:26:48Z,5782268341,300,46586119,439086,,
2026-10-08T19:26:48Z,5795519964,629,161150288,69110,,
2026-10-08T19:26:48Z,5803199989,233,162294637,640951,,
2026-10-08T19:26:48Z,5805053299,1078,137859252,329377,,
2026-10-08T19:26:48Z,5806843156,1027,177946417,211863,,
2026-10-08T19:26:48Z,5807622548,1670,326103347,412447,,
2026-10-08T19:26:48Z,5812546130,454,26243802,66287,,
2026-10-08T19:26:48Z,5822068820,1533,172328169,439876,,
2026-10-08T19:26:48Z,5827120940,157,197595201,3793197,,
2026-10-08T19:26:48Z,5829613337,2406,372647882,892735,,
2026-10-08T19:26:48Z,5830262966,501,305493378,1218487,,
2026-10-08T19:26:48Z,5835368537,326,159029176,140574,,
2026-10-08T19:26:48Z,5844427042,1190,85713446,2221902,,
2026-10-08T19:26:48Z,5845755850,451,126078010,3407191,,
2026-10-08T19:26:48Z,5851294352,471,8416754,121292,,
2026-10-08T19:26:48Z,5866227438,804,370459913,10671983,,
2026-10-08T19:26:48Z,5866486371,296,15833422,65972,,
2026-10-08T19:26:48Z,5867087288,119,46787763,50659,,
2026-10-08T19:26:48Z,5877971206,373,65370989,207893,,
2026-10-08T19:26:48Z,5887211857,1940,306168706,218822,,
2026-10-08T19:26:48Z,5902539844,37,6972566,190518,,
2026-10-08T19:26:48Z,5903289376,1519,92093405,213457,,
2026-10-08T19:26:48Z,5905501282,183,84995508,1756520,,
2026-10-08T19:26:48Z,5910910774,259,120563301,181219,,
2026-10-08T19:26:48Z,5927446137,2026,48005223,621770,,
2026-10-08T19:26:48Z,5939817752,272,72575089,383793,,
2026-10-08T19:26:48Z,5944821008,1588,61629062,443642,,
2026-10-08T19:26:48Z,5972059550,1452,831390276,3947205,,
2026-10-08T19:26:48Z,5974510967,300,16699885,156835,,
2026-10-08T19:26:48Z,5974860429,726,152575032,128820,,
2026-10-08T19:26:48Z,5995470825,17220,1337999495,22202552,,
2026-10-08T19:26:48Z,6010232141,3674,385498815,359891,,
2026-10-08T19:26:48Z,6011188518,502,47090906,231347,,
2026-10-08T19:26:48Z,6015491985,1578,380541104,232091,,
2026-10-08T19:26:48Z,6017624138,3526,132806426,811919,,
2026-10-08T19:26:48Z,6019027471,1279,355781595,11324922,,
2026-10-08T19:26:48Z,6026405541,914,58039363,134505,,
2026-10-08T19:26:48Z,6030909708,156,123357969,21705005,,
2026-10-08T19:26:48Z,6035872082,114565,18593350283,94167413,,
2026-10-08T19:26:48Z,6048923315,1027,107657365,221084,,
2026-10-08T19:26:48Z,6049736902,5653,87072522,118300,,
2026-10-08T19:26:48Z,6061766680,2687,570836092,606337,,
2026-10-08T19:26:48Z,6069634717,1679,193335614,260364,,
2026-10-08T19:26:48Z,6071712615,297,123985411,1244450,,
2026-10-08T19:26:48Z,6072944764,1093,60707338,74803,,
2026-10-08T19:26:48Z,6083162964,648,53184049,122923,,
2026-10-08T19:26:48Z,6097519616,506,126773583,533651,,
2026-10-08T19:26:48Z,6100103590,550,4003666,50283,,
2026-10-08T19:26:48Z,6113928308,1936,90574140,478004,,
2026-10-08T19:26:48Z,6118645803,343,24432526,196984,,
2026-10-08T19:26:48Z,6119928106,865,32189728,78555,,
2026-10-08T19:26:48Z,6418247233,237,119284947,4093139,,
2026-10-08T19:26:48Z,6420180292,244,30628510,218685,,
2026-10-08T19:26:48Z,6421358579,1331,85430925,93642,,
2026-10-08T19:26:48Z,6421821251,316,109294074,5318593,,
2026-10-08T19:26:48Z,6431828693,441,140424984,446734,,
2026-10-08T19:26:48Z,6443367640,4297,717090274,6985191,,
2026-10-08T19:26:48Z,6451948378,679,139126821,965057,,
2026-10-08T19:26:48Z,6453200442,233,60496582,6806437,,
2026-10-08T19:26:48Z,6466404775,3091,78906282,142362,,
2026-10-08T19:26:48Z,6466802953,230,78241962,602540,,
2026-10-08T19:26:48Z,6467516221,134,66221383,2574410,,
2026-10-08T19:26:48Z,6487579144,657,31708979,56379,,
2026-10-08T19:26:48Z,6491900489,634,578857826,452537,,
2026-10-08T19:26:48Z,6495484417,866,151565012,11031784,,
2026-10-08T19:26:48Z,6500439907,293,48714392,159469,,
2026-10-08T19:26:48Z,6500938341,1103,76130915,1340778,,
2026-10-08T19:26:48Z,6504986360,7002,609892002,291755,,
2026-10-08T19:26:48Z,6505338302,1822,134096149,98779,,
2026-10-08T19:26:48Z,6508759464,1291,457645816,1058266,,
2026-10-08T19:26:48Z,6521100398,23008,351601322,594371,,
2026-10-08T19:26:48Z,6530766336,2546,92655899,46658,,
2026-10-08T19:26:48Z,6535370051,300,45536913,5247257,,
2026-10-08T19:26:48Z,6568417585,2361,225244892,1074112,,
2026-10-08T19:26:48Z,6579282112,751,120984436,8646141,,
2026-10-08T19:26:48Z,6583326485,2679,140601643,224717,,
2026-10-08T19:26:48Z,6593476325,1489,173067945,310017,,
2026-10-08T19:26:48Z,6594435384,592,685296308,2924881,,
2026-10-08T19:26:48Z,6596627293,371,43213022,1190020,,
2026-10-08T19:26:48Z,6599600818,848,122304307,4110343,,
2026-10-08T19:26:48Z,6601115643,1249,179185574,3661473,,
2026-10-08T19:26:48Z,6619936488,1663,41784086,123278,,
2026-10-08T19:26:48Z,6621384161,493,86539524,2833439,,
2026-10-08T19:26:48Z,6628327758,394,30400526,40962,,
2026-10-08T19:26:48Z,6635513269,6041,13898960,102765,,
2026-10-08T19:26:48Z,6638489184,225,25754268,705910,,
2026-10-08T19:26:48Z,6646518350,250,263382192,355038,,
2026-10-08T19:26:48Z,6649845578,272,57509232,4330758,,
2026-10-08T19:26:48Z,6651302260,818,432320160,3476701,,
2026-10-08T19:26:48Z,6651491108,472,69963706,105263,,
2026-10-08T19:26:48Z,6657933195,842,289434219,1065712,,
2026-10-08T19:26:48Z,6676099788,657,67772378,87282,,
2026-10-08T19:26:48Z,6676452674,388,137817743,155223,,
2026-10-08T19:26:48Z,6682487255,5118,522240732,232548,,
2026-10-08T19:26:48Z,6683166603,180,35804834,2040496,,
2026-10-08T19:26:48Z,6688157118,4906,534388750,1709377,,
2026-10-08T19:26:48Z,6690355795,1259,32719396,418658,,
2026-10-08T19:26:48Z,6701277882,71862,4772585654,1288265,,
2026-10-08T19:26:48Z,6707924214,521,182262384,3465545,,
2026-10-08T19:26:48Z,6710993025,380,60744660,1604339,,
2026-10-08T19:26:48Z,6714256816,238,64631052,139814,,
2026-10-08T19:26:48Z,6725604380,471,4995696,19712,,
2026-10-08T19:26:48Z,6726637224,2546,175201593,1644109,,
2026-10-08T19:26:48Z,6736482454,377,227709444,3807257,,
2026-10-08T19:26:48Z,6738135827,542,69710607,379441,,
2026-10-08T19:26:48Z,6739698191,28231,1545226744,1654679,,
2026-10-08T19:26:48Z,6745933496,665,42621776,127826,,
2026-10-08T19:26:48Z,6749060816,4766,293725752,1919000,,
2026-10-08T19:26:48Z,6751400610,594,320349890,7569064,,
2026-10-08T19:26:48Z,6751447237,2112,157172049,353751,,
2026-10-08T19:26:48Z,6755261897,156,118628560,118672,,
2026-10-08T19:26:48Z,6759889410,489,68727942,81013,,
2026-10-08T19:26:48Z,6760085372,4934,127304437,212321,,
2026-10-08T19:26:48Z,6760897304,840,49705802,1194446,,
2026-10-08T19:26:48Z,6764180126,138,248806282,193535,,
2026-10-08T19:26:48Z,6765805766,25861,1279853496,989726,,
2026-10-08T19:26:48Z,6770632849,734,142616366,491528,,
2026-10-08T19:26:48Z,6772885092,43,105388980,11282154,,
2026-10-08T19:26:48Z,6774320049,12183,279747795,962441,,
2026-10-08T19:26:48Z,6777528662,372,61785386,516084,,
2026-10-08T19:26:48Z,6786784563,1275,33959082,656073,,
2026-10-08T19:26:48Z,6787216875,628,212907678,133141,,
2026-10-08T19:26:48Z,6787644864,909,117334750,193459,,
2026-10-08T19:26:48Z,6795084137,227,138128131,9928173,,
2026-10-08T19:26:48Z,6797677834,177,116100997,16486752,,
2026-10-08T19:26:48Z,6805295218,330,35794385,130067,,
2026-10-08T19:26:48Z,6818915584,2501,501617218,44868000,,
2026-10-08T19:26:48Z,6845400164,526,70186051,585276,,
2026-10-08T19:26:48Z,6858584271,883,45014702,64994,,
2026-10-08T19:26:48Z,6859793761,168,29299322,41909,,
2026-10-08T19:26:48Z,6860207008,81,62340431,5815835,,
2026-10-08T19:26:48Z,6925303818,1254,74197801,272436,,
2026-10-08T19:26:48Z,6925369391,153,162537816,707180,,
2026-10-08T19:26:48Z,6931042565,37574,3941755911,5464309,,
2026-10-08T19:26:48Z,6935083490,686,103425125,316431,,
2026-10-08T19:26:48Z,6937137675,1474,110199299,155977,,
2026-10-08T19:26:48Z,6940206974,7544,48194379,3583103,,
2026-10-08T19:26:48Z,6945584306,10639,586633259,655223,,
2026-10-08T19:26:48Z,6949043989,330,11924551,22474,,
2026-10-08T19:26:48Z,6961334611,507,97160915,305687,,
2026-10-08T19:26:48Z,6964415405,198,50939644,148741,,
2026-10-08T19:26:48Z,6983536246,456,60382591,206850,,
2026-10-08T19:26:48Z,6996253752,359,17314425,113310,,
2026-10-08T19:26:48Z,7000924848,272,173895683,180742,,
2026-10-08T19:26:48Z,7005891584,11223,288509025,21779509,,
2026-10-08T19:26:48Z,7008097940,10506,3345602839,22411123,,
2026-10-08T19:26:48Z,7009714292,328,87082708,458062,,
2026-10-08T19:26:48Z,7015341259,1904,45044722,31813,,
2026-10-08T19:26:48Z,7018190066,11791,6594584649,6130635,,
2026-10-08T19:26:48Z,7023305701,300,526185111,36195490,,
2026-10-08T19:26:48Z,7028566528,7142,1148942820,2237640,,
2026-10-08T19:26:48Z,7030416430,355,95450733,7821806,,
2026-10-08T19:26:48Z,7037673488,510,5102157,5837,,
2026-10-08T19:26:48Z,7037902226,691,20942460,122697,,
2026-10-08T19:26:48Z,7058980030,3394,634092178,1059879,,
2026-10-08T19:26:48Z,7069852763,1299,127497745,203958,,
2026-10-08T19:26:48Z,7071645746,100,73342111,3072386,,
2026-10-08T19:26:48Z,7072674902,266,41338302,245345,,
2026-10-08T19:26:48Z,7073604286,1193,431603543,447072,,
2026-10-08T19:26:48Z,7074860883,217,1012987716,2740936,,
2026-10-08T19:26:48Z,7076793942,325,88187751,215917,,
2026-10-08T19:26:48Z,7079152534,202,75952718,4131441,,
2026-10-08T19:26:48Z,7081611770,706,239342633,5218210,,
2026-10-08T19:26:48Z,7082244450,286,47216891,187287,,
2026-10-08T19:26:48Z,7082423811,1039,302254704,1591188,,
2026-10-08T19:26:48Z,7089588429,2311,630097522,3131697,,
2026-10-08T19:26:48Z,7091388561,369,133796910,119666,,
2026-10-08T19:26:48Z,7094518649,7587,376228993,903829,,
2026-10-08T19:26:48Z,7101140819,591,32784532,118360,,
2026-10-08T19:26:48Z,7108384194,9057,401418699,720706,,
2026-10-08T19:26:48Z,7113705633,293,19682911,475601,,
2026-10-08T19:26:48Z,7114667385,965,80580614,66646,,
2026-10-08T19:26:48Z,7115773109,688,283495198,1037759,,
2026-10-08T19:26:48Z,7120911607,515,81726132,528412,,
2026-10-08T19:26:48Z,7126976930,37,106751520,73014,,
2026-10-08T19:26:48Z,7127084123,3123,161495339,345265,,
2026-10-08T19:26:48Z,7128163167,546,82720832,139876,,
2026-10-08T19:26:48Z,7128251171,510,103043891,236565,,
2026-10-08T19:26:48Z,7139435866,395,44133090,2806371,,
2026-10-08T19:26:48Z,7139547730,248,54395007,904478,,
2026-10-08T19:26:48Z,7143545906,524,89770878,216081,,
2026-10-08T19:26:48Z,7144947546,268,34422731,108531,,
2026-10-08T19:26:48Z,7155018773,2399,177713391,3918876,,
2026-10-08T19:26:48Z,7178032757,5006,246010293,152623,,
2026-10-08T19:26:48Z,7194739190,2073,553444795,326201,,
2026-10-08T19:26:48Z,7208219743,1083,13303929,147370,,
2026-10-08T19:26:48Z,7212930772,687,193793585,149173,,
2026-10-08T19:26:48Z,7219654364,58814,1892725141,16708079,,
2026-10-08T19:26:48Z,7221312013,222,12007054,59435,,
2026-10-08T19:26:48Z,7229780065,536,153419026,785303,,
2026-10-08T19:26:48Z,7232697205,273,96263641,129679,,
2026-10-08T19:26:48Z,7243236309,677,69221300,597508,,
2026-10-08T19:26:48Z,7247232515,342,27461505,1095081,,
2026-10-08T19:26:48Z,7258574494,258,23269146,15020,,
2026-10-08T19:26:48Z,7261493599,899,225585503,307253,,
2026-10-08T19:26:48Z,7264587281,3227,408082565,1998030,,
2026-10-08T19:26:48Z,7265339759,816,67711754,372921,,
2026-10-08T19:26:48Z,7265977477,29485,124260277,9305895,,
2026-10-08T19:26:48Z,7266261686,242,23945539,49986,,
2026-10-08T19:26:48Z,7267853694,269,8687131,42823,,
2026-10-08T19:26:48Z,7274244096,3713,157638108,940534,,
2026-10-08T19:26:48Z,7283491781,814,62153816,127169,,
2026-10-08T19:26:48Z,7284582661,1042,149239474,383948,,
2026-10-08T19:26:48Z,7289427971,297,200400645,1517041,,
2026-10-08T19:26:48Z,7290225649,396,75209346,7734153,,
2026-10-08T19:26:48Z,7294208165,215,212269372,311662,,
2026-10-08T19:26:48Z,7307246329,379,206953136,2354198,,
2026-10-08T19:26:48Z,7317454210,618,69231070,71086,,
2026-10-08T19:26:48Z,7325821778,293,23329303,153966,,
2026-10-08T19:26:48Z,7326934954,155996,29935162961,9816012,,
2026-10-08T19:26:48Z,7332711118,1606,1888611596,2481363,,
2026-10-08T19:26:48Z,7339682753,999,78718995,5893776,,
2026-10-08T19:26:48Z,7344582593,1784,339107275,659048,,
2026-10-08T19:26:48Z,7346697338,263,127869448,96525,,
2026-10-08T19:26:48Z,7350402084,465,14671165,23670,,
2026-10-08T19:26:48Z,7356195012,377,179583527,4892768,,
2026-10-08T19:26:48Z,7359962123,2522,58254890,275278,,
2026-10-08T19:26:48Z,7364297396,1563,465613406,683091,,
2026-10-08T19:26:48Z,7372152033,578,33875450,59306,,
2026-10-08T19:26:48Z,7373459570,337,167992997,3642312,,
2026-10-08T19:26:48Z,7373989866,205,187579592,142062,,
2026-10-08T19:26:48Z,7374930268,413,6785533,295051,,
2026-10-08T19:26:48Z,7378605382,468,74831901,82402,,
2026-10-08T19:26:48Z,7381952833,945,114148672,231339,,
2026-10-08T19:26:48Z,7383133134,354,117567800,884281,,
2026-10-08T19:26:48Z,7391615616,295,23952789,1403453,,
2026-10-08T19:26:48Z,7395930870,10896,471175854,505377,,
2026-10-08T19:26:48Z,7396511690,242,41380179,1426445,,
2026-10-08T19:26:48Z,7398552394,10860,261606376,403886,,
2026-10-08T19:26:48Z,7407722254,199,37109576,48810,,
2026-10-08T19:26:48Z,7411615879,803,40077780,54222,,
2026-10-08T19:26:48Z,7414497778,2397,78966620,200342,,
2026-10-08T19:26:48Z,7428819247,656,38166547,255568,,
2026-10-08T19:26:48Z,7429689898,409,513286165,820088,,
2026-10-08T19:26:48Z,7434179990,2067,256752530,8969149,,
2026-10-08T19:26:48Z,7436755782,12703,35961392135,11439147,,
2026-10-08T19:26:48Z,7447878628,1314,68983617,152678,,
2026-10-08T19:26:48Z,7448595637,278,42098295,1400761,,
2026-10-08T19:26:48Z,7450124099,2136,144108126,810667,,
2026-10-08T19:26:48Z,7450497506,2145,227538054,1632986,,
2026-10-08T19:26:48Z,7453941040,8113,206929132,369958,,
2026-10-08T19:26:48Z,7458874788,466,25217027,353469,,
2026-10-08T19:26:48Z,7462622504,283,45255128,79078,,
2026-10-08T19:26:48Z,7468338447,298,343225255,2562713,,
2026-10-08T19:26:48Z,7474367816,3192,1118788284,1435600,,
2026-10-08T19:26:48Z,7483856345,406,106518542,5437405,,
2026-10-08T19:26:48Z,7488668004,6097,352014038,454612,,
2026-10-08T19:26:48Z,7497471789,3115,95374747,308453,,
2026-10-08T19:26:48Z,7497802350,642,101793258,149872,,
2026-10-08T19:26:48Z,7498824809,82,72620721,89113,,
2026-10-08T19:26:48Z,7498898979,1074,79549457,284970,,
2026-10-08T19:26:48Z,7510907928,287,30391097,129673,,
2026-10-08T19:26:48Z,7518216173,411,74657602,65809,,
2026-10-08T19:26:48Z,7521520342,708,276546613,259213,,
2026-10-08T19:26:48Z,7528417535,1185,61966743,1561769,,
2026-10-08T19:26:48Z,7534782259,549,113060514,53976,,
2026-10-08T19:26:48Z,7541395924,668,189901497,3571928,,
2026-10-08T19:26:48Z,7546135071,333,179518807,172287,,
2026-10-08T19:26:48Z,7546582051,454,285773354,497921,,
2026-10-08T19:26:48Z,7554119808,13156,447225813,5563726,,
2026-10-08T19:26:48Z,7557272025,796,53163482,356115,,
2026-10-08T19:26:48Z,7561154969,350,60619777,118854,,
2026-10-08T19:26:48Z,7569509385,568,95978610,543818,,
2026-10-08T19:26:48Z,7577791613,758,113666651,608552,,
2026-10-08T19:26:48Z,7585140258,11503,145012501,660525,,
2026-10-08T19:26:48Z,7592844193,2084,5427139,154606,,
2026-10-08T19:26:48Z,7599404611,337,13965711,116677,,
2026-10-08T19:26:48Z,7613921865,6221,802682863,211920,,
2026-10-08T19:26:48Z,7613970129,641,66344247,170559,,
2026-10-08T19:26:48Z,7623259179,2894,87563162,295507,,
2026-10-08T19:26:48Z,7628118889,1733,297255719,784036,,
2026-10-08T19:26:48Z,7629331599,3919,267664525,481817,,
2026-10-08T19:26:48Z,7633926880,11483,289497168,964775,,
2026-10-08T19:26:48Z,7637748042,33,42303645,36914,,
2026-10-08T19:26:48Z,7641240255,267,37346918,2622601,,
2026-10-08T19:26:48Z,7646154613,11136,314515091,248889,,
2026-10-08T19:26:48Z,7651243549,230,139824538,9341843,,
2026-10-08T19:26:48Z,7658304545,579,71603456,361043,,
2026-10-08T19:26:48Z,7658676858,849,370156676,27304703,,
2026-10-08T19:26:48Z,7661378108,384,6598581,14438,,
2026-10-08T19:26:48Z,7661385356,365,53655288,215056,,
2026-10-08T19:26:48Z,7662333120,145,160063851,6009801,,
2026-10-08T19:26:48Z,7663926977,144,43411537,2424422,,
2026-10-08T19:26:48Z,7665084235,297,24319289,317170,,
2026-10-08T19:26:48Z,7671049560,1775,1032483814,1037599,,
2026-10-08T19:26:48Z,7673659635,2980,142364635,337624,,
2026-10-08T19:26:48Z,7677035096,1525,6441423,82538,,
2026-10-08T19:26:48Z,7685678300,4819,286441266,764274,,
2026-10-08T19:26:48Z,7687524641,844,42915679,114581,,
2026-10-08T19:26:48Z,7703544118,306,85487589,1517054,,
2026-10-08T19:26:48Z,7703614594,3214,810359450,483648,,
2026-10-08T19:26:48Z,7706951053,359,74476487,753648,,
2026-10-08T19:26:48Z,7707504980,369,35456656,1510415,,
2026-10-08T19:26:48Z,7709344486,93081,73864761939,29503020,,
2026-10-08T19:26:48Z,7720654467,5101,98851260,263041,,
2026-10-08T19:26:48Z,7721537973,466,99486152,87258,,
2026-10-08T19:26:48Z,7735580090,296,171658251,12324666,,
2026-10-08T19:26:48Z,7738524573,1239,176706234,168759,,
2026-10-08T19:26:48Z,7738927312,5951,79580722,280649,,
2026-10-08T19:26:48Z,7742376157,425,91463390,1582678,,
2026-10-08T19:26:48Z,7744877355,39,50486084,108497,,
2026-10-08T19:26:48Z,7747782974,1051,121836022,8739887,,
2026-10-08T19:26:48Z,7750955984,821,718308471,923658,,
2026-10-08T19:26:48Z,7760134732,793,41703923,1160610,,
2026-10-08T19:26:48Z,7761516673,2993,10477989,30946,,
2026-10-08T19:26:48Z,7778848023,219,69143137,5076592,,
2026-10-08T19:26:48Z,7779759515,102,82750511,348050,,
2026-10-08T19:26:48Z,7780208150,469,54245632,108355,,
2026-10-08T19:26:48Z,7780633647,2197,432710808,339486,,
2026-10-08T19:26:48Z,7785400752,171,239354400,6365921,,
2026-10-08T19:26:48Z,7787359931,3741,149560518,160921,,
2026-10-08T19:26:48Z,7794218964,255,36054617,264208,,
2026-10-08T19:26:48Z,7798947148,610,154496980,317545,,
2026-10-08T19:26:48Z,7800961209,595,76396508,129149,,
2026-10-08T19:26:48Z,7812848099,803,218877406,223256,,
2026-10-08T19:26:48Z,7822444776,2308,765833001,497446,,
2026-10-08T19:26:48Z,7823137182,1043,398222145,561079,,
2026-10-08T19:26:48Z,7843413523,2034,150695357,590919,,
2026-10-08T19:26:48Z,7848204961,553,9791771,85794,,
2026-10-08T19:26:48Z,7848646653,361,133028072,346507,,
2026-10-08T19:26:48Z,7856039629,5700,78883531,2255694,,
2026-10-08T19:26:48Z,7856508689,504,76639488,3164797,,
2026-10-08T19:26:48Z,7857274278,285,114487179,11711682,,
2026-10-08T19:26:48Z,7860226425,127,97277729,66599,,
2026-10-08T19:26:48Z,7866302411,181,53155283,129427,,
2026-10-08T19:26:48Z,7872343282,376,62339920,1173913,,
2026-10-08T19:26:48Z,7874651625,1282,133425939,293540,,
2026-10-08T19:26:48Z,7877723741,1162,212212524,216458,,
2026-10-08T19:26:48Z,7882785167,2020,11821722,79575,,
2026-10-08T19:26:48Z,7882829745,337,361048183,984726,,
2026-10-08T19:26:48Z,7883776681,3625,574191601,4748171,,
2026-10-08T19:26:48Z,7884563721,535,140495270,877479,,
2026-10-08T19:26:48Z,7891669427,570,43280588,948882,,
2026-10-08T19:26:48Z,7893073096,27,42641362,300526,,
2026-10-08T19:26:48Z,7907828295,197,436239361,294427,,
2026-10-08T19:26:48Z,7911332924,1774,57127211,72056,,
2026-10-08T19:26:48Z,7917550094,2097,186590140,160674,,
2026-10-08T19:26:48Z,7921879545,1382,53345389,91065,,
2026-10-08T19:26:48Z,7934320560,1921,110545321,137301,,
2026-10-08T19:26:48Z,7935634976,2353,89100193,219983,,
2026-10-08T19:26:48Z,7938305201,2364,38156324,741837,,
2026-10-08T19:26:48Z,7938992417,601,99399084,246783,,
2026-10-08T19:26:48Z,7939389895,360,84299981,1926498,,
2026-10-08T19:26:48Z,7940293048,336,2837499,3582,,
2026-10-08T19:26:48Z,7943133183,1729,33603962,1125194,,
2026-10-08T19:26:48Z,7948426536,4021,60924248,119109,,
2026-10-08T19:26:48Z,7959448908,219,29769370,23285,,
2026-10-08T19:26:48Z,7960300951,1748,202097571,7808202,,
2026-10-08T19:26:48Z,7964539330,377,213534482,13261894,,
2026-10-08T19:26:48Z,7968055762,583,9327996,24913,,
2026-10-08T19:26:48Z,7970033072,944,7706349,109476,,
2026-10-08T19:26:48Z,7972256224,299,3921992,46188,,
2026-10-08T19:26:48Z,7983308985,580,137019498,237937,,
2026-10-08T19:26:48Z,7990186056,769,411331832,383794,,
2026-10-08T19:26:48Z,7996365376,5117,449027861,490254,,
2026-10-08T19:26:48Z,8000413855,229,96447917,79749,,
2026-10-08T19:26:48Z,8005378926,899,40760918,831407,,
2026-10-08T19:26:48Z,8006379851,942,129427722,7035211,,
2026-10-08T19:26:48Z,8014099969,1002,152655100,256989,,
2026-10-08T19:26:48Z,8017401632,637,65351484,156185,,
2026-10-08T19:26:48Z,8051653879,298,18732295,20764,,
2026-10-08T19:26:48Z,8058628992,575,177771008,585717,,
2026-10-08T19:26:48Z,8066283370,1348,529784657,3068217,,
2026-10-08T19:26:48Z,8072075666,420,2588283,36285,,
2026-10-08T19:26:48Z,8080493298,1694,261887125,309374,,
2026-10-08T19:26:48Z,8080863905,710,115374107,107249,,
2026-10-08T19:26:48Z,8081472583,250,181111549,17026207,,
2026-10-08T19:26:48Z,8087030587,121,59495601,4996972,,
2026-10-08T19:26:48Z,8093473699,256,26190551,93266,,
2026-10-08T19:26:48Z,8095834523,522,23957353,61330,,
2026-10-08T19:26:48Z,8104504677,983,62978931,281552,,
2026-10-08T19:26:48Z,8123308765,276,28067211,27030,,
2026-10-08T19:26:48Z,8140627455,219,96935463,100087,,
2026-10-08T19:26:48Z,8156973419,1335,157362684,5126454,,
2026-10-08T19:26:48Z,8160348242,4750,212600216,4784450,,
2026-10-08T19:26:48Z,8178086002,11622,82728954,236265,,
2026-10-08T19:26:48Z,8181391950,1242,242286715,4579828,,
2026-10-08T19:26:48Z,8198412649,1148,54440408,95424,,
2026-10-08T19:26:48Z,8203127178,380,18117203,41924,,
2026-10-08T19:26:48Z,8204806107,539,55780955,141831,,
2026-10-08T19:26:48Z,8212026736,458,47387688,292061,,
2026-10-08T19:26:48Z,8212965377,110,54392371,56790,,
2026-10-08T19:26:48Z,8214054500,320,145649959,431465,,
2026-10-08T19:26:48Z,8223345519,572,42289241,95211,,
2026-10-08T19:26:48Z,8228371304,238,83099634,63158,,
2026-10-08T19:26:48Z,8232540509,323,44666507,59375,,
2026-10-08T19:26:48Z,8237105425,1203,44175582,932458,,
2026-10-08T19:26:48Z,8238863102,1122,323234735,2294391,,
2026-10-08T19:26:48Z,8239435378,71,38500075,91182,,
2026-10-08T19:26:48Z,8243724761,284,51319642,273973,,
2026-10-08T19:26:48Z,8246907060,685,117549209,294627,,
2026-10-08T19:26:48Z,8269273068,357,41510896,268361,,
2026-10-08T19:26:48Z,8279887603,368,103434031,387691,,
2026-10-08T19:26:48Z,8294794009,565,75466326,115305,,
2026-10-08T19:26:48Z,8296765616,1252,36250387,77509,,
2026-10-08T19:26:48Z,8299444324,201,167774061,10260196,,
2026-10-08T19:26:48Z,8300580369,242,7906269,82406,,
2026-10-08T19:26:48Z,8307114974,4688,401108381,255760,,
2026-10-08T19:26:48Z,8309394444,167,23576079,1683833,,
2026-10-08T19:26:48Z,8313824597,514,26432112,39993,,
2026-10-08T19:26:48Z,8316902627,1723,4712966189,2001426,,
2026-10-08T19:26:48Z,8321616508,341,51291932,53508,,
2026-10-08T19:26:48Z,8322865535,1829,37502699,2002394,,
2026-10-08T19:26:48Z,8330409552,99,156040065,14718347,,
2026-10-08T19:26:48Z,8333899831,240,1836933,12320,,
2026-10-08T19:26:48Z,8342498724,2867,55552580,109945,,
2026-10-08T19:26:48Z,8343243056,187,242519414,1695098,,
2026-10-08T19:26:48Z,8353962342,429,226660767,8348823,,
2026-10-08T19:26:48Z,8356066619,1701,89559999,47450,,
2026-10-08T19:26:48Z,8360491918,162,23821236,21292,,
2026-10-08T19:26:48Z,8365871374,1014,258106224,20560400,,
2026-10-08T19:26:48Z,8366716517,549,78030307,998810,,
2026-10-08T19:26:48Z,8374113155,396,275019911,222794,,
2026-10-08T19:26:48Z,8375166760,522,56666146,67090,,
2026-10-08T19:26:48Z,8401518398,3550,121251090,108947,,
2026-10-08T19:26:48Z,8420907710,1089,76650988,5886311,,
2026-10-08T19:26:48Z,8430503828,1001,132153072,778454,,
2026-10-08T19:26:48Z,8438027136,445,24295818,22446,,
2026-10-08T19:26:48Z,8438735581,211,11378611,23455,,
2026-10-08T19:26:48Z,8446266018,427,81900815,68151,,
2026-10-08T19:26:48Z,8450202664,771,18746634,47317,,
2026-10-08T19:26:48Z,8450472355,402,134658275,168836,,
2026-10-08T19:26:48Z,8472682462,558,79107844,68966,,
2026-10-08T19:26:48Z,8475779172,454,32752828,52946,,
2026-10-08T19:26:48Z,8485482226,230,23945576,185069,,
2026-10-08T19:26:48Z,8488806742,682,46046109,88351,,
2026-10-08T19:26:48Z,8494484575,148,78565492,3298020,,
2026-10-08T19:26:48Z,8497987845,1107,25261372,138523,,
2026-10-08T19:26:48Z,8503596762,300,3113502,34619,,
2026-10-08T19:26:48Z,8504461817,1208,202554096,116150,,
2026-10-08T19:26:48Z,8520148363,3313,266424021,3340236,,
2026-10-08T19:26:48Z,8524572339,3283,96316306,139143,,
2026-10-08T19:26:48Z,8539298853,3995,1301477431,1831926,,
2026-10-08T19:26:48Z,8546873728,1569,33513613,699764,,
2026-10-08T19:26:48Z,8561270645,118,47681816,1002864,,
2026-10-08T19:26:48Z,8562618273,173,108177344,90675,,
2026-10-08T19:26:48Z,8570876289,137,61915241,23472,,
2026-10-08T19:26:48Z,8572854650,264,130368635,885793,,
2026-10-08T19:26:48Z,8600977079,1286,90626154,89202,,
2026-10-08T19:26:48Z,8601956127,218,28450166,119735,,
2026-10-08T19:26:48Z,8615117785,279,2134820,24875,,
2026-10-08T19:26:48Z,8618660961,1364,43162912,133337,,
2026-10-08T19:26:48Z,8640389608,291,2407881,4702,,
2026-10-08T19:26:48Z,8641602265,1332,78543890,213031,,
2026-10-08T19:26:48Z,8646185650,972,30800619,49786,,
2026-10-08T19:26:48Z,8646444640,1136,12620502,45233,,
2026-10-08T19:26:48Z,8659262047,795,128462295,1282283,,
2026-10-08T19:26:48Z,8662243497,1601,271300407,283310,,
2026-10-08T19:26:48Z,8669550197,1335,111618653,138913,,
2026-10-08T19:26:48Z,8698022820,100,44319064,52109,,
2026-10-08T19:26:48Z,8705454731,5456,79868264,526560,,
2026-10-08T19:26:48Z,8719555347,10764,438516883,639301,,
2026-10-08T19:26:48Z,8722889197,226,150836963,5300294,,
2026-10-08T19:26:48Z,8723526551,413,17270666,570352,,
2026-10-08T19:26:48Z,8724785394,1395,8453486,366147,,
2026-10-08T19:26:48Z,8728034884,508,10066353,24367,,
2026-10-08T19:26:48Z,8744978097,459,18948651,51206,,
2026-10-08T19:26:48Z,8751492147,307,117502928,115358,,
2026-10-08T19:26:48Z,8752324161,1604,236272519,135466,,
2026-10-08T19:26:48Z,8759966530,601,129035225,416948,,
2026-10-08T19:26:48Z,8776018564,268,79815394,160927,,
2026-10-08T19:26:48Z,8786713187,775,120765777,295950,,
2026-10-08T19:26:48Z,8791358380,4876,466140260,14103156,,
2026-10-08T19:26:48Z,8794536584,791,14599426,89014,,
2026-10-08T19:26:48Z,8795154789,1289,486702841,396619,,
2026-10-08T19:26:48Z,8799094487,590,33966725,75832,,
2026-10-08T19:26:48Z,8807109250,379,56135541,1574438,,
2026-10-08T19:26:48Z,8813969120,4054,46865082,133376,,
2026-10-08T19:26:48Z,8824087733,349,13754368,8196,,
2026-10-08T19:26:48Z,8828612659,380,151673831,164986,,
2026-10-08T19:26:48Z,8829204428,1805,9276794,164450,,
2026-10-08T19:26:48Z,8832884753,392,69743731,745398,,
2026-10-08T19:26:48Z,8834587397,306,577428820,14056831,,
2026-10-08T19:26:48Z,8836568224,1139,129997305,120615,,
2026-10-08T19:26:48Z,8836631593,1783,43332952,51911,,
2026-10-08T19:26:48Z,8841437826,1521,56458395,826317,,
2026-10-08T19:26:48Z,8846911260,443,76059642,212314,,
2026-10-08T19:26:48Z,8847904177,168,31484353,4285853,,
2026-10-08T19:26:48Z,8851542818,5375,60639278,379365,,
2026-10-08T19:26:48Z,8869088870,4646,50789621,2717790,,
2026-10-08T19:26:48Z,8881105040,395,55069255,106385,,
2026-10-08T19:26:48Z,8881302585,1555,90067477,174321,,
2026-10-08T19:26:48Z,8883775493,1283,135869244,400666,,
2026-10-08T19:26:48Z,8890288888,480,118041096,81906,,
2026-10-08T19:26:48Z,8902327228,193,111115347,125282,,
2026-10-08T19:26:48Z,8913675853,208,40508398,48964,,
2026-10-08T19:26:48Z,8916086418,197,6664163,59912,,
2026-10-08T19:26:48Z,8925924444,1121,110800765,148539,,
2026-10-08T19:26:48Z,8935993972,308,14254986,106229,,
2026-10-08T19:26:48Z,8937254139,2445,231457385,1823714,,
2026-10-08T19:26:48Z,8946565814,2243,27182825,27451,,
2026-10-08T19:26:48Z,8950496606,889,181010891,456408,,
2026-10-08T19:26:48Z,8957522683,111,96649269,49830,,
2026-10-08T19:26:48Z,8959257868,375,14181396,49966,,
2026-10-08T19:26:48Z,8964956538,1432,70100831,1239365,,
2026-10-08T19:26:48Z,8965717730,983,19123518,793970,,
2026-10-08T19:26:48Z,8995269203,77,30681004,27041,,
2026-10-08T19:26:48Z,8997131346,298,11109013,23380,,
2026-10-08T19:26:48Z,8997725599,412,9370760,42275,,
2026-10-08T19:26:48Z,9001634416,470,3976418,22186,,
2026-10-08T19:26:48Z,9029936173,553,39361119,3842177,,
2026-10-08T19:26:48Z,9031167776,346,2227831,15138,,
2026-10-08T19:26:48Z,9050667716,497,62548088,87814,,
2026-10-08T19:26:48Z,9051406594,5530,399722824,7784428,,
2026-10-08T19:26:48Z,9058303084,360,97562224,64007,,
2026-10-08T19:26:48Z,9065022692,539,11906831,436346,,
2026-10-08T19:26:48Z,9067401541,461,25053308,126460,,
2026-10-08T19:26:48Z,9073513091,1233,145840881,180804,,
2026-10-08T19:26:48Z,9076692567,584,34759861,157101,,
2026-10-08T19:26:48Z,9077534770,251,64113767,197273,,
2026-10-08T19:26:48Z,9081083593,167,23356087,337195,,
2026-10-08T19:26:48Z,9084112733,1283,85018453,188470,,
2026-10-08T19:26:48Z,9086253192,140,100235554,3690678,,
2026-10-08T19:26:48Z,9091133975,1411,464160147,1289748,,
2026-10-08T19:26:48Z,9098253051,222,32814346,2345908,,
2026-10-08T19:26:48Z,9098570654,5489,269801925,455022,,
2026-10-08T19:26:48Z,9102566780,168,7470237,39874,,
2026-10-08T19:26:48Z,9104763985,206,89338330,7214310,,
2026-10-08T19:26:48Z,9105075853,363,16095606,78741,,
2026-10-08T19:26:48Z,9112256336,681,9783007,20622,,
2026-10-08T19:26:48Z,9119782663,2019,98423843,2667983,,
2026-10-08T19:26:48Z,9125259344,1798,134247513,260897,,
2026-10-08T19:26:48Z,9130827443,166,43151134,1964554,,
2026-10-08T19:26:48Z,9140218204,18,19876239,1571547,,
2026-10-08T19:26:48Z,9141743926,2478,459692557,603175,,
2026-10-08T19:26:48Z,9142917248,2058,65456887,4745061,,
2026-10-08T19:26:48Z,9145063979,3730,592630423,616045,,
2026-10-08T19:26:48Z,9150731899,1589,17473155,86056,,
2026-10-08T19:26:48Z,9155036056,798,111350835,270238,,
2026-10-08T19:26:48Z,9156711629,621,50377383,399336,,
2026-10-08T19:26:48Z,9162763535,1261,77868090,96655,,
2026-10-08T19:26:48Z,9167377564,12306,384580226,9032539,,
2026-10-08T19:26:48Z,9169166771,1002,72051232,132817,,
2026-10-08T19:26:48Z,9175015027,445,59000174,4975475,,
2026-10-08T19:26:48Z,9177208241,665,79974864,412075,,
2026-10-08T19:26:48Z,9178347165,788,18253155,1428367,,
2026-10-08T19:26:48Z,9186719164,1308,1597587289,843472,,
2026-10-08T19:26:48Z,9198323655,784,121805239,84558,,
2026-10-08T19:26:48Z,9199655655,10120,264328404,747116,,
2026-10-08T19:26:48Z,9209811415,437,52481769,125395,,
2026-10-08T19:26:48Z,9210599831,2115,19832822,522639,,
2026-10-08T19:26:48Z,9219116196,624,103146642,288569,,
2026-10-08T19:26:48Z,9219838330,274,14184449,40736,,
2026-10-08T19:26:48Z,9221949930,648,11283869,273335,,
2026-10-08T19:26:48Z,9226697658,287,4088032,43692,,
2026-10-08T19:26:48Z,9228045253,166,142550983,251965,,
2026-10-08T19:26:48Z,9229146348,457,10515251,39518,,
2026-10-08T19:26:48Z,9232634201,435,89733224,99676,,
2026-10-08T19:26:48Z,9237297311,255,2188123,18286,,
2026-10-08T19:26:48Z,9237322219,565,18454911,44628,,
2026-10-08T19:26:48Z,9250508067,218,7527523,37291,,
2026-10-08T19:26:48Z,9255588637,502,158963237,11278617,,
2026-10-08T19:26:48Z,9257800423,2179,39250009,385015,,
2026-10-08T19:26:48Z,9260939847,243,104943636,2169043,,
2026-10-08T19:26:48Z,9261495998,84,30815603,2511372,,
2026-10-08T19:26:48Z,9272395657,2184,8592385,11679,,
2026-10-08T19:26:48Z,9272693470,677,274179263,182790,,
2026-10-08T19:26:48Z,9273584416,272,14959538,611294,,
2026-10-08T19:26:48Z,9276049439,957,59874872,213362,,
2026-10-08T19:26:48Z,9282371706,291,28161057,266942,,
2026-10-08T19:26:48Z,9286558970,930,22236591,84527,,
2026-10-08T19:26:48Z,9292113306,288,42245983,304728,,
2026-10-08T19:26:48Z,9293574407,360,59425948,4209971,,
2026-10-08T19:26:48Z,9294074907,10278,585721225,653312,,
2026-10-08T19:26:48Z,9294646427,902,112218297,285912,,
2026-10-08T19:26:48Z,9296042754,3164,88679633,421386,,
2026-10-08T19:26:48Z,9296252245,3660,247789257,15202556,,
2026-10-08T19:26:48Z,9297902951,345,29649670,408038,,
2026-10-08T19:26:48Z,9298096434,1458,13705534,157194,,
2026-10-08T19:26:48Z,9303771057,771,103666530,1929777,,
2026-10-08T19:26:48Z,9312646406,2098,204082084,994671,,
2026-10-08T19:26:48Z,9312746495,661,19598355,120538,,
2026-10-08T19:26:48Z,9315472782,130,26789223,151993,,
2026-10-08T19:26:48Z,9315739469,375,90027445,97832,,
2026-10-08T19:26:48Z,9316885643,81,226285323,6721565,,
2026-10-08T19:26:48Z,9317784977,905,143279490,1319615,,
2026-10-08T19:26:48Z,9320470390,773,195011136,258111,,
2026-10-08T19:26:48Z,9324506782,341,16322839,89787,,
2026-10-08T19:26:48Z,9328305853,639,36154356,816422,,
2026-10-08T19:26:48Z,9330730057,315,299494409,276617,,
2026-10-08T19:26:48Z,9338511689,606,36796033,10693,,
2026-10-08T19:26:48Z,9344307274,518,589723539,419675,,
2026-10-08T19:26:48Z,9344916045,736,85255092,219948,,
2026-10-08T19:26:48Z,9348272796,3912,748830233,690305,,
2026-10-08T19:26:48Z,9352840896,169,36968242,1010665,,
2026-10-08T19:26:48Z,9354709602,196,60677204,823465,,
2026-10-08T19:26:48Z,9357218675,134,44747718,3474673,,
2026-10-08T19:26:48Z,9362896961,3322,158429351,222677,,
2026-10-08T19:26:48Z,9363735110,3507,5729315348,2066034,,
2026-10-08T19:26:48Z,9364041968,1702,65227455,565481,,
2026-10-08T19:26:48Z,9382839773,1639,35952305,89082,,
2026-10-08T19:26:48Z,9384605736,919,1049676163,17277246,,
2026-10-08T19:26:48Z,9395278151,1691,36486505,1637288,,
2026-10-08T19:26:48Z,9395554342,164,4560310,404192,,
2026-10-08T19:26:48Z,9399884981,1782,205180715,1059840,,
2026-10-08T19:26:48Z,9403708294,359,96062742,74389,,
2026-10-08T19:26:48Z,9404155369,237,49366706,3185490,,
2026-10-08T19:26:48Z,9442472087,604,11314722,282109,,
2026-10-08T19:26:48Z,9449993534,3207,55602867,77947,,
2026-10-08T19:26:48Z,9452898647,491,126236236,5380480,,
2026-10-08T19:26:48Z,9456449045,317,12519594,18501,,
2026-10-08T19:26:48Z,9585346472,815,45972397,465167,,
2026-10-08T19:26:48Z,9588121608,1048,152812115,2911695,,
2026-10-08T19:26:48Z,9592387369,3856,64764461,199505,,
2026-10-08T19:26:48Z,9599808796,535,133134341,182303,,
2026-10-08T19:26:48Z,9620363363,16,66027082,55835,,
2026-10-08T19:26:48Z,9627655329,717,37060120,507489,,
2026-10-08T19:26:48Z,9630276723,104,50669046,65234,,
2026-10-08T19:26:48Z,9639553972,1637,44042905,220583,,
2026-10-08T19:26:48Z,9641502068,8908,122127609,231557,,
2026-10-08T19:26:48Z,9645309602,59,42912595,83952,,
2026-10-08T19:26:48Z,9649298941,992,751834107,5564433,,
2026-10-08T19:26:48Z,9655781693,948,18091476,36547,,
2026-10-08T19:26:48Z,9655921954,1216,48389958,54273,,
2026-10-08T19:26:48Z,9656201728,1338,31527532,110407,,
2026-10-08T19:26:48Z,9660713566,502,110887681,6679469,,
2026-10-08T19:26:48Z,9661927199,415,135502229,137326,,
2026-10-08T19:26:48Z,9662130710,9024,17372934,566220,,
2026-10-08T19:26:48Z,9663968307,2930,166691793,2226237,,
2026-10-08T19:26:48Z,9668574764,137,21931840,1420622,,
2026-10-08T19:26:48Z,9669297195,11,32967688,23080,,
2026-10-08T19:26:48Z,9671745030,220,17335543,111853,,
2026-10-08T19:26:48Z,9671940985,395,181085427,6062919,,
2026-10-08T19:26:48Z,9677121265,141,40124493,48026,,
2026-10-08T19:26:48Z,9679514364,266,10304622,68956,,
2026-10-08T19:26:48Z,9681943457,88,46268106,34460,,
2026-10-08T19:26:48Z,9690128730,334,1707533,13049,,
2026-10-08T19:26:48Z,9694335093,652,21290217,252798,,
2026-10-08T19:26:48Z,9697502306,798,114305621,122914,,
2026-10-08T19:26:48Z,9701569269,234,16210482,1021671,,
2026-10-08T19:26:48Z,9701909402,602,56305158,125747,,
2026-10-08T19:26:48Z,9702840627,198,11670080,202200,,
2026-10-08T19:26:48Z,9705384247,469,33338584,119283,,
2026-10-08T19:26:48Z,9707841805,396,9580133,179272,,
2026-10-08T19:26:48Z,9710205604,259,29233730,497963,,
2026-10-08T19:26:48Z,9711289915,1571,162055876,1536827,,
2026-10-08T19:26:48Z,9711972386,292,14475009,27280,,
2026-10-08T19:26:48Z,9713717379,170,44072215,5963030,,
2026-10-08T19:26:48Z,9714537627,860,30858291,72952,,
2026-10-08T19:26:48Z,9715999586,289,155868529,113177,,
2026-10-08T19:26:48Z,9722598100,132,39030607,162359,,
2026-10-08T19:26:48Z,9723617424,204,42682763,68549,,
2026-10-08T19:26:48Z,9732080947,1574,87304813,268646,,
2026-10-08T19:26:48Z,9735583968,1563,155760485,426844,,
2026-10-08T19:26:48Z,9736593239,128,61798507,38344,,
2026-10-08T19:26:48Z,9741874508,3292,112927981,5830827,,
2026-10-08T19:26:48Z,9747555206,250,42029335,126433,,
2026-10-08T19:26:48Z,9750146698,5,46237513,31645,,
2026-10-08T19:26:48Z,9750361560,357,62965754,143765,,
2026-10-08T19:26:48Z,9751615286,333,15353505,17252,,
2026-10-08T19:26:48Z,9753458401,765,13199978,47829,,
2026-10-08T19:26:48Z,9753814298,444,398237790,338499,,
2026-10-08T19:26:48Z,9754968779,154,62187802,2970778,,
2026-10-08T19:26:48Z,9758027784,1139,90133330,131135,,
2026-10-08T19:26:48Z,9758688665,737,125099046,6372714,,
2026-10-08T19:26:48Z,9759082891,3474,29344152,3707682,,
2026-10-08T19:26:48Z,9759989445,440,26609734,69407,,
2026-10-08T19:26:48Z,9765324104,1506,81962412,420944,,
2026-10-08T19:26:48Z,9774284077,1373,117145807,4184146,,
2026-10-08T19:26:48Z,9774451882,1255,18890093,25899,,
2026-10-08T19:26:48Z,9776222468,1793,90431497,179547,,
2026-10-08T19:26:48Z,9780429221,2326,81962101,1282316,,
2026-10-08T19:26:48Z,9781580133,593,11266273,46787,,
2026-10-08T19:26:48Z,9784759642,187,49640561,53866,,
2026-10-08T19:26:48Z,9785048253,1067,16642847,139281,,
2026-10-08T19:26:48Z,9787206684,795,779178444,2990170,,
2026-10-08T19:26:48Z,9788139379,2196,73371338,179350,,
2026-10-08T19:26:48Z,9792551117,1257,182377460,547645,,
2026-10-08T19:26:48Z,9792947201,372,536265088,3520875,,
2026-10-08T19:26:48Z,9793308933,752,59646796,1432205,,
2026-10-08T19:26:48Z,9796643263,355,26780081,981453,,
2026-10-08T19:26:48Z,9796898051,7185,69454371,1056209,,
2026-10-08T19:26:48Z,9800424118,349,15321752,67826,,
2026-10-08T19:26:48Z,9800909176,178,28550716,40163,,
2026-10-08T19:26:48Z,9801436549,336,10886613,13864,,
2026-10-08T19:26:48Z,9802644580,319,54078371,796648,,
2026-10-08T19:26:48Z,9803970239,2918,59711530,60627,,
2026-10-08T19:26:48Z,9804429271,130,35952115,2021948,,
2026-10-08T19:26:48Z,9807649116,1723,193256905,374171,,
2026-10-08T19:26:48Z,9807783902,977,7532074,48849,,
2026-10-08T19:26:48Z,9811924734,4280,26231940,90324,,
2026-10-08T19:26:48Z,9812090239,1242,46633532,1102847,,
2026-10-08T19:26:48Z,9813375035,47,54331376,1036863,,
2026-10-08T19:26:48Z,9813946433,1126,34191083,76788,,
2026-10-08T19:26:48Z,9815834699,1724,66431034,211805,,
2026-10-08T19:26:48Z,9825259729,8459,22219343,152879,,
2026-10-08T19:26:48Z,9826885587,3284,153980334,362806,,
2026-10-08T19:26:48Z,9829910038,285,2737131,9227,,
2026-10-08T19:26:48Z,9830725726,4448,64393043,72088,,
2026-10-08T19:26:48Z,9833852980,327,8888242,177389,,
2026-10-08T19:26:48Z,9836330876,1917,23445088,83102,,
2026-10-08T19:26:48Z,9837325548,1381,58699317,114352,,
2026-10-08T19:26:48Z,9837612476,7890,352378008,1245418,,
2026-10-08T19:26:48Z,9843234816,6609,25581341,1102814,,
2026-10-08T19:26:48Z,9845995128,195,3527788,18483,,
2026-10-08T19:26:48Z,9851352969,912,37470683,889337,,
2026-10-08T19:26:48Z,9852933243,369,10324717,64268,,
2026-10-08T19:26:48Z,9855761734,10811,214165932,295955,,
2026-10-08T19:26:48Z,9857818180,268,4061431,9220,,
2026-10-08T19:26:48Z,9859948536,272,40807587,814346,,
2026-10-08T19:26:48Z,9860746424,575,33400223,53096,,
2026-10-08T19:26:48Z,9865931248,1764,3264695,173486,,
2026-10-08T19:26:48Z,9866884975,262,55176719,3969886,,
2026-10-08T19:26:48Z,9868545229,456,8006988,35905,,
2026-10-08T19:26:48Z,9872734936,10419,55300610,123444,,
2026-10-08T19:26:48Z,9872977974,6695,34401211,319977,,
2026-10-08T19:26:48Z,9874419878,524,208108405,488754,,
2026-10-08T19:26:48Z,9875383684,651,181419736,206376,,
2026-10-08T19:26:48Z,9877481048,2144,26974870,66139,,
2026-10-08T19:26:48Z,9880286438,6069,26230537,66217,,
2026-10-08T19:26:48Z,9882110948,98,16835458,41662,,
2026-10-08T19:26:48Z,9882296644,184,12861548,690527,,
2026-10-08T19:26:48Z,9885372266,3150,88427763,2516616,,
2026-10-08T19:26:48Z,9889811676,656,31064641,210776,,
2026-10-08T19:26:48Z,9891331827,5341,2506417,126771,,
2026-10-08T19:26:48Z,9892207761,654,63193626,248069,,
2026-10-08T19:26:48Z,9893515490,121,58760852,1340177,,
2026-10-08T19:26:48Z,9896643509,110,12083639,15903,,
2026-10-08T19:26:48Z,9898409899,552,40461684,236773,,
2026-10-08T19:26:48Z,9898970160,105,61313315,137766,,
2026-10-08T19:26:48Z,9900286623,900,22038308,159445,,
2026-10-08T19:26:48Z,9903325235,2778,77187805,96350,,
2026-10-08T19:26:48Z,9903482381,551,51988702,2883875,,
2026-10-08T19:26:48Z,9903685259,468,26857769,1891342,,
2026-10-08T19:26:48Z,9906154135,1845,54507361,57493,,
2026-10-08T19:26:48Z,9906378607,2452,13161441,453466,,
2026-10-08T19:26:48Z,9908641400,3048,76618271,58926,,
2026-10-08T19:26:48Z,9910245722,2529,324247703,1498245,,
2026-10-08T19:26:48Z,9911988958,424,24462183,145320,,
2026-10-08T19:26:48Z,9912025777,3257,220180351,477567,,
2026-10-08T19:26:48Z,9914581074,201,42091324,67505,,
2026-10-08T19:26:48Z,9918481645,280,7692424,5805,,
2026-10-08T19:26:48Z,9929086116,97,59837952,4015890,,
2026-10-08T19:26:48Z,9929436407,373,15467525,462825,,
2026-10-08T19:26:48Z,9929870476,283,1615040,36456,,
2026-10-08T19:26:48Z,9930466428,386,40646335,169320,,
2026-10-08T19:26:48Z,9931749389,5826,151541001,246871,,
2026-10-08T19:26:48Z,9933939850,1121,60633065,55830,,
2026-10-08T19:26:48Z,9934614409,257,89785728,146200,,
2026-10-08T19:26:48Z,9938429322,543,14509432,39124,,
2026-10-08T19:26:48Z,9940076108,201,28573426,2545365,,
2026-10-08T19:26:48Z,9940725596,434,41162939,56800,,
2026-10-08T19:26:48Z,9940812243,2721,15699538,168017,,
2026-10-08T19:26:48Z,9942734820,743,36021461,1528254,,
2026-10-08T19:26:48Z,9943273705,1030,20876262,47731,,
2026-10-08T19:26:48Z,9948575164,1567,54594948,249280,,
2026-10-08T19:26:48Z,9948825950,197,23708887,1958855,,
2026-10-08T19:26:48Z,9949148856,1964,6080433,914744,,
2026-10-08T19:26:48Z,9949288829,988,10232983,98280,,
2026-10-08T19:26:48Z,9950184599,1285,13533227,123738,,
2026-10-08T19:26:48Z,9950410865,1389,35257233,1728868,,
2026-10-08T19:26:48Z,9952351777,675,32084454,514938,,
2026-10-08T19:26:48Z,9952820791,519,1036064,8480,,
2026-10-08T19:26:48Z,9953328866,453,62083612,71653,,
2026-10-08T19:26:48Z,9954447663,213,22461756,1137579,,
2026-10-08T19:26:48Z,9957338123,2640,57702173,72506,,
2026-10-08T19:26:48Z,9958694666,255,50148715,454812,,
2026-10-08T19:26:48Z,9960184903,618,26763353,640660,,
2026-10-08T19:26:48Z,9961389755,715,23882320,830425,,
2026-10-08T19:26:48Z,9963622286,1180,119047203,2692167,,
2026-10-08T19:26:48Z,9965411707,3914,48478060,77041,,
2026-10-08T19:26:48Z,9968527241,302,37664047,1130480,,
2026-10-08T19:26:48Z,9969095451,189,43511222,1712525,,
2026-10-08T19:26:48Z,9970645639,6108,125946669,766480,,
2026-10-08T19:26:48Z,9971722694,140,17568315,1207723,,
2026-10-08T19:26:48Z,9971895648,530,1852218,3205,,
2026-10-08T19:26:48Z,9975893742,149,32234297,3169362,,
2026-10-08T19:26:48Z,9978329815,10917,512635168,1080729,,
2026-10-08T19:26:48Z,9980643140,5,33337361,2879903,,
2026-10-08T19:26:48Z,9994252654,499,4754864,10971,,
2026-10-08T19:26:48Z,9994252977,340,35989236,218047,,
2026-10-08T19:26:48Z,9996384072,1326,7046592,74932,,
2026-10-08T19:26:48Z,9998576154,822,131511027,8232001,,
2026-10-08T19:26:48Z,10004244222,7704,1906180176,26567640,,
2026-10-08T19:26:48Z,10004760418,708,130123442,184381,,
2026-10-08T19:26:48Z,10007524016,177,31584094,5597389,,
2026-10-08T19:26:48Z,10008450782,183,12640736,268626,,
2026-10-08T19:26:48Z,10008606756,503,22344434,79961,,
2026-10-08T19:26:48Z,10008717728,317,2714445,9491,,
2026-10-08T19:26:48Z,10010371086,1613,44572169,149615,,
2026-10-08T19:26:48Z,10011808151,469,111544813,3665912,,
2026-10-08T19:26:48Z,10013279162,1317,63133475,104358,,
2026-10-08T19:26:48Z,10014496141,1259,7344952,731277,,
2026-10-08T19:26:48Z,10015834582,134,60867328,69211,,
2026-10-08T19:26:48Z,10020287053,795,48698178,205147,,
2026-10-08T19:26:48Z,10020612607,824,86805124,3419376,,
2026-10-08T19:26:48Z,10024034551,272,10505675,414696,,
2026-10-08T19:26:48Z,10029297024,405,35139662,139871,,
2026-10-08T19:26:48Z,10030829154,11609,46260364,2739846,,
2026-10-08T19:26:48Z,10031505426,2688,46445106,1809510,,
2026-10-08T19:26:48Z,10031562156,4627,42351888,446162,,
2026-10-08T19:26:48Z,10035204815,51428,331675089,331630,,
2026-10-08T19:26:48Z,10036955953,4500,14247534,28485,,
2026-10-08T19:26:48Z,10039889230,3558,6572890,44848,,
2026-10-08T19:26:48Z,10040497010,439,52761951,91990,,
2026-10-08T19:26:48Z,10045085816,161,39232450,57193,,
2026-10-08T19:26:48Z,10047813675,743,24819601,2777353,,
2026-10-08T19:26:48Z,10051853469,205,113993716,2491526,,
2026-10-08T19:26:48Z,10052184484,193,47258431,2907930,,
2026-10-08T19:26:48Z,10057343903,2115,112083141,4346203,,
2026-10-08T19:26:48Z,10057403337,7654,237750737,8834565,,
2026-10-08T19:26:48Z,10059548251,1604,59269551,127760,,
2026-10-08T19:26:48Z,10059591740,182,26372740,1184036,,
2026-10-08T19:26:48Z,10060242820,1746,96097009,80957,,
2026-10-08T19:26:48Z,10061100187,1318,28602072,414981,,
2026-10-08T19:26:48Z,10061124506,900,67678835,163452,,
2026-10-08T19:26:48Z,10061909806,962,58661449,63923,,
2026-10-08T19:26:48Z,10064401653,321,11454568,127369,,
2026-10-08T19:26:48Z,10065013948,1219,76483430,120101,,
2026-10-08T19:26:48Z,10065930742,349,5089936,349814,,
2026-10-08T19:26:48Z,10066618669,1814,28630158,37664,,
2026-10-08T19:26:48Z,10066929248,237,29909725,117944,,
2026-10-08T19:26:48Z,10067173115,253,22699847,73993,,
2026-10-08T19:26:48Z,10067258922,1220,108721433,6875290,,
2026-10-08T19:26:48Z,10067540823,817,10426479,12837,,
2026-10-08T19:26:48Z,10067868611,1264,20840868,34991,,
2026-10-08T19:26:48Z,10069043526,949,42337651,961403,,
2026-10-08T19:26:48Z,10074335448,565,1202144,25103,,
2026-10-08T19:26:48Z,10075660664,234,2708244,7675,,
2026-10-08T19:26:48Z,10080411105,261,4288638,9193,,
2026-10-08T19:26:48Z,10081194651,316,50901165,193722,,
2026-10-08T19:26:48Z,10083552936,190,12754255,567042,,
2026-10-08T19:26:48Z,10090256806,3359,55721863,689221,,
2026-10-08T19:26:48Z,10090384240,291,5830038,94661,,
2026-10-08T19:26:48Z,10090818841,162,1950235,1914,,
2026-10-08T19:26:48Z,10091482757,715,7299311,25136,,
2026-10-08T19:26:48Z,10091766471,1204,45242404,112147,,
2026-10-08T19:26:48Z,10092619788,1068,13566653,8679,,
2026-10-08T19:26:48Z,10094225577,1078,61535507,717619,,
2026-10-08T19:26:48Z,10096155511,2821,68374997,161511,,
2026-10-08T19:26:48Z,10098095975,1313,31104193,1051119,,
2026-10-08T19:26:48Z,10101367087,1249,14005886,407971,,
2026-10-08T19:26:48Z,10103595714,3193,40611218,145743,,
2026-10-08T19:26:48Z,10107805924,1018,17827843,386574,,
2026-10-08T19:26:48Z,10108046010,1071,23981184,59580,,
2026-10-08T19:26:48Z,10110316965,1114,24717581,681744,,
2026-10-08T19:26:48Z,10112019404,1183,17033387,240727,,
2026-10-08T19:26:48Z,10112435932,168,4766661,85543,,
2026-10-08T19:26:48Z,10113294071,560,22177543,129954,,
2026-10-08T19:26:48Z,10113997049,816,22269865,234594,,
2026-10-08T19:26:48Z,10116272705,7634,3683876,8191,,
2026-10-08T19:26:48Z,10117986107,5759,78335540,570147,,
2026-10-08T19:26:48Z,10121169692,102,14607281,333529,,
2026-10-08T19:26:48Z,10122742965,303,17661504,23305,,
2026-10-08T19:26:48Z,10123059921,3206,199289852,570348,,
2026-10-08T19:26:48Z,10124403207,501,1089662,4340,,
2026-10-08T19:26:48Z,10124421343,1344,24062068,44634,,
2026-10-08T19:26:48Z,10126644530,1568,1618599,9256,,
2026-10-08T19:26:48Z,10127764368,2954,5226960,152717,,
2026-10-08T19:26:48Z,10127797448,2171,225634055,6114651,,
2026-10-08T19:26:48Z,10130637063,1035,58469923,4119330,,
2026-10-08T19:26:48Z,10130749197,740,52392523,2866639,,
2026-10-08T19:26:48Z,10131390815,2281,91614037,145962,,
2026-10-08T19:26:48Z,10136067263,1813,53095779,2908197,,
2026-10-08T19:26:48Z,10138624079,4960,128520231,164437,,
2026-10-08T19:26:48Z,10138977250,433,83323186,1751956,,
2026-10-08T19:26:48Z,10138988383,145,30498421,62261,,
2026-10-08T19:26:48Z,10139325104,375,222021148,104726,,
2026-10-08T19:26:48Z,10140010190,1320,159960623,196759,,
2026-10-08T19:26:48Z,10141042381,748,4787187,31522,,
2026-10-08T19:26:48Z,10144280947,7399,628815568,11967752,,
2026-10-08T19:26:48Z,10144587520,4037,83431434,2131992,,
2026-10-08T19:26:48Z,10147259486,139,22198148,1007133,,
2026-10-08T19:26:48Z,10148419081,305,580605,9048,,
2026-10-08T19:26:48Z,10148749921,26146,2404386130,3132354,,
2026-10-08T19:26:48Z,10149910491,891,42885792,59182,,
2026-10-08T19:26:48Z,10152905521,2404,87849035,101501,,
2026-10-08T19:26:48Z,10153098880,1908,36087063,253625,,
2026-10-08T19:26:48Z,10155360168,44691,148843305,238978,,
2026-10-08T19:26:48Z,10156435104,1345,64681454,101665,,
2026-10-08T19:26:48Z,0,0,0,0,,
2026-10-08T19:26:48Z,10160578219,457,7765327,28225,,
2026-10-08T19:26:48Z,10162859180,1434,8260972,107652,,
2026-10-08T19:26:48Z,10165276442,1397,47792226,558099,,
2026-10-08T19:26:48Z,10168229420,319,27544194,105093,,
2026-10-08T19:26:48Z,10171934713,1343,22980096,924976,,
2026-10-08T19:26:48Z,10172066108,36,14602165,9453,,
2026-10-08T19:26:48Z,10173311467,11096,94071484,885962,,
2026-10-08T19:26:48Z,10175155684,1101,9686406,79345,,
2026-10-08T19:26:48Z,10176502031,462,15628104,493467,,
2026-10-08T19:26:48Z,10178802449,1130,90583543,3158210,,
2026-10-08T19:26:48Z,10179193118,242,44999412,4855669,,
2026-10-08T19:26:48Z,10180990272,133,53608346,5389248,,
2026-10-08T19:26:48Z,10181310479,506,17383778,20778,,
2026-10-08T19:26:48Z,10181483914,690,10709272,330831,,
2026-10-08T19:26:48Z,10182049622,1629,141420490,4805568,,
2026-10-08T19:26:48Z,10183029417,303,21002578,1295328,,
2026-10-08T19:26:48Z,10184247393,956,107060076,2932026,,
2026-10-08T19:26:48Z,10187294555,1308,146795603,314301,,
2026-10-08T19:26:48Z,10187487133,347,34798423,66128,,
2026-10-08T19:26:48Z,10188144423,1039,66992259,79491,,
2026-10-08T19:26:48Z,10189601764,323,37977430,42561,,
2026-10-08T19:26:48Z,10189903609,3798,88939395,145689,,
2026-10-08T19:26:48Z,10191144118,471,76782285,326633,,
2026-10-08T19:26:48Z,10192659240,347,23334779,34181,,
2026-10-08T19:26:48Z,10195997258,2098,51785771,124899,,
2026-10-08T19:26:48Z,10196660716,225,39549320,2855306,,
2026-10-08T19:26:48Z,10196985448,118,54784356,263811,,
2026-10-08T19:26:48Z,10197758650,1697,16159600,351415,,
2026-10-08T19:26:48Z,10198825880,541,13299974,102202,,
2026-10-08T19:26:48Z,10199301628,8473,439890517,2069727,,
2026-10-08T19:26:48Z,10200395747,2232,1676780921,663156,,
2026-10-08T19:26:48Z,10202515720,325,2868496,5481,,
2026-10-08T19:26:48Z,10203815049,260,20038005,29350,,
2026-10-08T19:26:48Z,10204542673,1525,39064730,1365712,,
2026-10-08T19:26:48Z,10205419329,539,10384867,25303,,
2026-10-08T19:26:48Z,10205485380,850,39083813,52155,,
2026-10-08T19:26:48Z,10209534490,3064,124743319,399721,,
2026-10-08T19:26:48Z,10211159992,572,44377605,2372656,,
2026-10-08T19:26:48Z,10212081143,7495,1714514,51739,,
2026-10-08T19:26:48Z,10213583516,319,20187338,1036901,,
2026-10-08T19:26:48Z,10217234318,296,59244113,119186,,
2026-10-08T19:26:48Z,10219827882,402,10959671,103594,,
2026-10-08T19:26:48Z,10222476236,6389,42375537,161958,,
2026-10-08T19:26:48Z,10223976219,2154,51257336,97320,,
2026-10-08T19:26:48Z,10226261982,3055,10291024,372884,,
2026-10-08T19:26:48Z,10226701629,1196,96117598,351239,,
2026-10-08T19:26:48Z,10230942274,6682,100155202,215125,,
2026-10-08T19:26:48Z,10231502419,2977,7234278,55215,,
2026-10-08T19:26:48Z,10231871497,623,45793507,88897,,
2026-10-08T19:26:48Z,10232632495,512,19282039,34157,,
2026-10-08T19:26:48Z,10232686472,3711,74603002,360445,,
2026-10-08T19:26:48Z,10232922349,285,7242795,74822,,
2026-10-08T19:26:48Z,10236023188,1372,124758980,316013,,
2026-10-08T19:26:48Z,10236805062,678,891836,32660,,
2026-10-08T19:26:48Z,10241000620,784,16375964,89475,,
2026-10-08T19:26:48Z,10241783978,490,2273313,115764,,
2026-10-08T19:26:48Z,10242984742,381,10154939,26286,,
2026-10-08T19:26:48Z,10244001346,2127,122697748,130740,,
2026-10-08T19:26:48Z,10245012052,82,3707093,1989,,
2026-10-08T19:26:48Z,10246108265,2478,22315848,163492,,
2026-10-08T19:26:48Z,10246872585,664,12809849,12147,,
2026-10-08T19:26:48Z,10247712813,338,33055626,49192,,
2026-10-08T19:26:48Z,10247797619,9323,73249400,208136,,
2026-10-08T19:26:48Z,10249209189,1065,59787521,354838,,
2026-10-08T19:26:48Z,10253235584,1521,66526399,643517,,
2026-10-08T19:26:48Z,10253446435,1028,21955507,108771,,
2026-10-08T19:26:48Z,10253570298,346,2054185,9657,,
2026-10-08T19:26:48Z,10254680421,3490,91916158,2445380,,
2026-10-08T19:26:48Z,10255492538,277,8047007,19298,,
2026-10-08T19:26:48Z,10255788071,1765,14670132,41137,,
2026-10-08T19:26:48Z,10256263771,386,24774859,44957,,
2026-10-08T19:26:48Z,10258084287,113,23109262,33431,,
2026-10-08T19:26:48Z,10258991999,16949,62259354,868008,,
2026-10-08T19:26:48Z,10259258713,1461,37402689,2526408,,
2026-10-08T19:26:48Z,10261267004,13084,128228003,377142,,
2026-10-08T19:26:48Z,10263732883,1954,6402386,38975,,
2026-10-08T19:26:48Z,10267363348,2796,143733138,403449,,
2026-10-08T19:26:48Z,10267571771,921,42352276,659687,,
2026-10-08T19:26:48Z,10267638347,1069,8124999,480363,,
2026-10-08T19:26:48Z,10268960646,1633,31597072,891363,,
2026-10-08T19:26:48Z,10269820836,2118,28917520,9960,,
2026-10-08T19:26:48Z,10270331873,289,9648738,39954,,
2026-10-08T19:26:48Z,10270349664,238,53363175,4494055,,
2026-10-08T19:26:48Z,10271723279,1091,7681564,160099,,
2026-10-08T19:26:48Z,10272020404,409,34713082,58948,,
2026-10-08T19:26:48Z,10272236945,463,39696814,58442,,
2026-10-08T19:26:48Z,10272975313,833,27906558,60994,,
2026-10-08T19:26:48Z,10274447949,1238,59463011,4160765,,
2026-10-08T19:26:48Z,10275970697,329,36555273,245018,,
2026-10-08T19:26:48Z,10276281921,537,81364266,209161,,
2026-10-08T19:26:48Z,10278774552,3957,203128688,349814,,
2026-10-08T19:26:48Z,10281666052,2345,6472967,88261,,
2026-10-08T19:26:48Z,10282097014,21142,4680210,87432,,
2026-10-08T19:26:48Z,10284380969,919,12447495,475504,,
2026-10-08T19:26:48Z,10286150288,2359,56380948,60267,,
2026-10-08T19:26:48Z,10289201563,2842,85376680,185404,,
2026-10-08T19:26:48Z,10290366643,174,12521007,30911,,
2026-10-08T19:26:48Z,10292947079,498,20065848,26887,,
2026-10-08T19:26:48Z,10297836599,1183,20268175,42715,,
2026-10-08T19:26:48Z,10298144467,1919,40533204,42670,,
2026-10-08T19:26:48Z,10299262219,175,7662248,18506,,
2026-10-08T19:26:48Z,10299762956,838,36676188,122094,,
2026-10-08T19:26:48Z,10302179427,849,2467733,6263,,
2026-10-08T19:26:48Z,10308844888,1661,2674004,4075,,
2026-10-08T19:26:48Z,10309128556,622,13389055,190574,,
2026-10-08T19:26:48Z,10310095331,250,3204949,27257,,
2026-10-08T19:26:48Z,10310563053,2094,50510493,78422,,
2026-10-08T19:26:48Z,10310999762,3304,31527381,47374,,
2026-10-08T19:26:48Z,10313654312,345,2226174,6161,,
2026-10-08T19:26:48Z,10320417842,2075,7866835,198007,,
2026-10-08T19:26:48Z,10321202755,6461,53701253,492650,,
2026-10-08T19:26:48Z,10324001605,1915,20525729,491603,,
2026-10-08T19:26:48Z,10326559245,631,2972319,9488,,
2026-10-08T19:26:48Z,10329213173,531,31595218,41405,,
2026-10-08T19:26:48Z,10329489265,6176,37362653,2731866,,
2026-10-08T19:26:48Z,10329995185,314,30720217,445069,,
2026-10-08T19:26:48Z,10334731049,420,59836317,296788,,
2026-10-08T19:26:48Z,10335443723,2001,23486664,1232513,,
2026-10-08T19:26:48Z,10335507006,1216,1760217,184980,,
2026-10-08T19:26:48Z,10336278580,2159,44551688,1183213,,
2026-10-08T19:26:48Z,10337157761,279,20969489,1220765,,
2026-10-08T19:26:48Z,10338952197,3582,116729229,7264415,,
2026-10-08T19:26:48Z,10340721921,291,11015786,36390,,
2026-10-08T19:26:48Z,10343795685,363,22643251,52240,,
2026-10-08T19:26:48Z,10346503194,227,22937850,95047,,
2026-10-08T19:26:48Z,10350558449,920,30028807,629661,,
2026-10-08T19:26:48Z,10351246089,475,4551494,85055,,
2026-10-08T19:26:48Z,10351850295,4803,38310742,1184177,,
2026-10-08T19:26:48Z,10352185757,335,36085792,202957,,
2026-10-08T19:26:48Z,10356701370,337,95597565,388907,,
2026-10-08T19:26:48Z,10364552556,663,6039368,176352,,
2026-10-08T19:26:48Z,10364947962,365,14785000,22273,,
2026-10-08T19:26:48Z,10368005384,618,38806384,192029,,
2026-10-08T19:26:48Z,10370802481,2815,112727169,338795,,
2026-10-08T19:26:48Z,10371406677,9876,19401115,78573,,
2026-10-08T19:26:48Z,10372351735,425,41773469,92696,,
2026-10-08T19:26:48Z,10372466625,339,29073331,63536,,
2026-10-08T19:26:48Z,10376944238,3497,60217797,327294,,
2026-10-08T19:26:48Z,10378885079,863,82016861,43502,,
2026-10-08T19:26:48Z,10380743712,1320,12190985,39387,,
2026-10-08T19:26:48Z,10381830868,285,4979939,21747,,
2026-10-08T19:26:48Z,10383037602,709,26941217,1686800,,
2026-10-08T19:26:48Z,10383973024,1043,32210362,1130769,,
2026-10-08T19:26:48Z,10384841418,532,88343154,2375781,,
2026-10-08T19:26:48Z,10384890234,339,18553676,33225,,
2026-10-08T19:26:48Z,10387635049,3307,9355220,451382,,
2026-10-08T19:26:48Z,10389353525,511,13335818,78782,,
2026-10-08T19:26:48Z,10389762549,1984,951790,9065,,
2026-10-08T19:26:48Z,10390151142,973,10826671,36161,,
2026-10-08T19:26:48Z,10391036163,2721,8219001,173207,,
2026-10-08T19:26:48Z,10391461348,1565,12352016,40569,,
2026-10-08T19:26:48Z,10392686454,348,5750013,479393,,
2026-10-08T19:26:48Z,10393438342,2700,20101611,16902,,
2026-10-08T19:26:48Z,10393620082,1488,89151475,180289,,
2026-10-08T19:26:48Z,10394064134,1871,29163047,2120926,,
2026-10-08T19:26:48Z,10397566868,1263,179950076,483452,,
2026-10-08T19:26:48Z,10398947938,675,3692279,20183,,
2026-10-08T19:26:48Z,10399125962,3319,125502457,218315,,
2026-10-08T19:26:48Z,10399136326,14082,111068495,176267,,
2026-10-08T19:26:48Z,10399413858,1365,18914864,24168,,
2026-10-08T19:26:48Z,10399524075,1013,6158842,34108,,
2026-10-08T19:26:48Z,10403820097,3514,41509544,1506853,,
2026-10-08T19:26:48Z,10404519332,1276,24090695,96243,,
2026-10-08T19:26:48Z,10405010493,1514,89372143,221610,,
2026-10-08T19:26:48Z,10405785379,793,20986185,41873,,
2026-10-08T19:26:48Z,10406744768,2566,22640717,40898,,
2026-10-08T19:26:48Z,10406853972,343,25766084,2148183,,
2026-10-08T19:26:48Z,10409732219,1740,96935121,5909479,,
2026-10-08T19:26:48Z,10410945205,2103,75676091,129518,,
2026-10-08T19:26:48Z,10411998017,2564,6323062,15869,,
2026-10-08T19:26:48Z,10415694629,6276,25920862,126761,,
2026-10-08T19:26:48Z,10415845204,2422,11619486,797009,,
2026-10-08T19:26:48Z,10417857486,261,13867390,90954,,
2026-10-08T19:26:48Z,10417987249,592,5147264,73658,,
2026-10-08T19:26:48Z,10418117926,2009,24739161,128614,,
2026-10-08T19:26:48Z,10418224975,1301,14363603,422398,,
2026-10-08T19:26:48Z,10418381226,684,11801125,61119,,
2026-10-08T19:26:48Z,10419655626,601,7058723,150645,,
2026-10-08T19:26:48Z,10420582875,516,23202325,1330629,,
2026-10-08T19:26:48Z,10421154706,950,32919772,800094,,
2026-10-08T19:26:48Z,10421901778,6072,21415699,112831,,
2026-10-08T19:26:48Z,10422038064,297,2353347,8801,,
2026-10-08T19:26:48Z,10424107160,3008,4708788,42544,,
2026-10-08T19:26:48Z,10425789398,650,124082,7008,,
2026-10-08T19:26:48Z,10426768719,359,635657,13070,,
2026-10-08T19:26:48Z,10428543942,472,4998004,26558,,
2026-10-08T19:26:48Z,10430019389,9884,11741328,344374,,
2026-10-08T19:26:48Z,10430413968,968,30476712,597854,,
2026-10-08T19:26:48Z,10431718987,2635,43729407,109112,,
2026-10-08T19:26:48Z,10435170241,469,9998028,33333,,
2026-10-08T19:26:48Z,10435851846,241,23808542,230886,,
2026-10-08T19:26:48Z,10436530264,16322,13746891,277108,,
2026-10-08T19:26:48Z,10437809977,182,15687073,34646,,
2026-10-08T19:26:48Z,10438013523,1252,59973715,318671,,
2026-10-08T19:26:48Z,10439568447,3078,23359779,251212,,
2026-10-08T19:26:48Z,10440833423,1971,101989594,331863,,
2026-10-08T19:26:48Z,10441199872,1190,77979475,129538,,
2026-10-08T19:26:48Z,10445832507,2166,873924,11761,,
2026-10-08T19:26:48Z,10446291786,1488,22183564,134933,,
2026-10-08T19:26:48Z,10448889633,455,8103493,25673,,
2026-10-08T19:26:48Z,10452740285,1916,21672063,109831,,
2026-10-08T19:26:48Z,10454554751,992,117752587,2278817,,
2026-10-08T19:26:48Z,10454932245,227,16740567,38533,,
2026-10-08T19:26:48Z,10455462279,2360,62412867,2304266,,
2026-10-08T19:26:48Z,10455741150,2141,17210490,34516,,
2026-10-08T19:26:48Z,10456511458,1597,16297564,32559,,
2026-10-08T19:26:48Z,10456881513,816,22054197,786425,,
2026-10-08T19:26:48Z,10458789587,1365,17479481,62011,,
2026-10-08T19:26:48Z,10460801145,11027,213166148,237126,,
2026-10-08T19:26:48Z,10461810987,385,36010408,65390,,
2026-10-08T19:26:48Z,10463578886,774,8984995,23309,,
2026-10-08T19:26:48Z,10466601694,921,2356931,18773,,
2026-10-08T19:26:48Z,10469426282,1232,5490177,13940,,
2026-10-08T19:26:48Z,10471583973,2316,32626404,104072,,
2026-10-08T19:26:48Z,10475794799,2375,124422773,1741249,,
2026-10-08T19:26:48Z,10480998942,204,16964605,26627,,
2026-10-08T19:26:48Z,10481791182,1859,31533147,564200,,
2026-10-08T19:26:48Z,10482775464,1353,34694320,278985,,
2026-10-08T19:26:48Z,10482905194,1989,16385676,41580,,
2026-10-08T19:26:48Z,10485201326,1798,18573918,551727,,
2026-10-08T19:26:48Z,10493730706,257,17513492,116062,,
2026-10-08T19:26:48Z,10495391267,1280,5184308,62794,,
2026-10-08T19:26:48Z,10496189928,3137,7165766,16687,,
2026-10-08T19:26:48Z,10496981141,144,21034609,190154,,
2026-10-08T19:26:48Z,10500388554,288,17835240,45976,,
2026-10-08T19:26:48Z,10501640692,2739,14427695,310943,,
2026-10-08T19:26:48Z,10501944811,1442,7428070,22444,,
2026-10-08T19:26:48Z,10502841145,11054,105801391,127796,,
2026-10-08T19:26:48Z,10503838245,345,3498295,191897,,
2026-10-08T19:26:48Z,10504837200,677,14320264,721070,,
2026-10-08T19:26:48Z,10504918958,1473,4520424,160039,,
2026-10-08T19:26:48Z,10506207587,548,35518642,73437,,
2026-10-08T19:26:48Z,10506291803,632,9795589,175049,,
2026-10-08T19:26:48Z,10507075860,2403,31203855,1409988,,
2026-10-08T19:26:48Z,10507650215,397,1086137,31951,,
2026-10-08T19:26:48Z,10508386614,515,379150,7863,,
2026-10-08T19:26:48Z,10512942223,34465,9841018,42529,,
2026-10-08T19:26:48Z,10514223296,1590,23652483,129201,,
2026-10-08T19:26:48Z,10514280922,709,16811914,32416,,
2026-10-08T19:26:48Z,10514488908,395,20990250,51376,,
2026-10-08T19:26:48Z,10515406328,283,8225698,81328,,
2026-10-08T19:26:48Z,10516888336,1032,85657643,1502446,,
2026-10-08T19:26:48Z,10517428659,161,14906568,54037,,
2026-10-08T19:26:48Z,10520829450,2588,39740420,67610,,
2026-10-08T19:26:48Z,10521797740,3986,57098448,118742,,
2026-10-08T19:26:48Z,10522766429,364,684003,5693,,
2026-10-08T19:26:48Z,10522965485,246,8189421,553306,,
2026-10-08T19:26:48Z,10524813259,1855,10482846,44401,,
2026-10-08T19:26:48Z,10526166728,876,10581702,23238,,
2026-10-08T19:26:48Z,10526434002,324,31227038,48669,,
2026-10-08T19:26:48Z,10526463655,3627,15132507,31084,,
2026-10-08T19:26:48Z,10526853622,8037,9680459,163032,,
2026-10-08T19:26:48Z,10528250136,622,29639598,1797755,,
2026-10-08T19:26:48Z,10529067596,1498,20727476,616044,,
2026-10-08T19:26:48Z,10529769390,6101,26300734,17445,,
2026-10-08T19:26:48Z,10530261598,1831,158829782,460421,,
2026-10-08T19:26:48Z,10531477636,408,5173663,26416,,
2026-10-08T19:26:48Z,10532995815,4505,8305021,205743,,
2026-10-08T19:26:48Z,10533638982,1220,8662576,56969,,
2026-10-08T19:26:48Z,10534873486,2744,11343516,343015,,
2026-10-08T19:26:48Z,10535292470,206,11654526,24655,,
2026-10-08T19:26:48Z,10536000210,2739,16037650,33264,,
2026-10-08T19:26:48Z,10536853610,156,5370042,14772,,
2026-10-08T19:26:48Z,10537172776,1100,24341756,59427,,
2026-10-08T19:26:48Z,10537346933,467,2395789,56924,,
2026-10-08T19:26:48Z,10539411000,8699,221684914,349611,,
2026-10-08T19:26:48Z,10541331578,1216,3274421,216275,,
2026-10-08T19:26:48Z,10544327471,880,37312075,123883,,
2026-10-08T19:26:48Z,10544339689,817,14383769,1320522,,
2026-10-08T19:26:48Z,10546705891,1468,31384804,118070,,
2026-10-08T19:26:48Z,10547918402,700,44645225,88181,,
2026-10-08T19:26:48Z,10549129889,196,14306861,53889,,
2026-10-08T19:26:48Z,10550257968,8745,30153325,929852,,
2026-10-08T19:26:48Z,10550305160,596,1010516,7225,,
2026-10-08T19:26:48Z,10551923502,682,28646937,2261751,,
2026-10-08T19:26:48Z,10552240401,4067,6266159,97197,,
2026-10-08T19:26:48Z,10552540426,1710,12809775,386549,,
2026-10-08T19:26:48Z,10553704684,2927,6221047,326172,,
2026-10-08T19:26:48Z,10554316588,376,17748838,47860,,
2026-10-08T19:26:48Z,10556383571,1369,1484054,20316,,
2026-10-08T19:26:48Z,10634461028,9776,76709904,95075,,
2026-10-08T19:26:48Z,10635348596,3295,25104581,138084,,
2026-10-08T19:26:48Z,10636331438,6655,9996198,320558,,
2026-10-08T19:26:48Z,10637513477,275,18137355,27426,,
2026-10-08T19:26:48Z,10637759898,1220,34311695,77914,,
2026-10-08T19:26:48Z,10638048650,913,4127475,35788,,
2026-10-08T19:26:48Z,10640957718,301,3916188,10154,,
2026-10-08T19:26:48Z,10641300771,878,13034305,101029,,
2026-10-08T19:26:48Z,10642022844,567,7051811,68683,,
2026-10-08T19:26:48Z,10642548584,1866,745886,20308,,
2026-10-08T19:26:48Z,10642702105,469,3839587,13031,,
2026-10-08T19:26:48Z,10643795368,3938,12415627,59447,,
2026-10-08T19:26:48Z,10643877552,1608,1011433,3577,,
2026-10-08T19:26:48Z,10647949490,1020,16016639,28237,,
2026-10-08T19:26:48Z,10648555380,184,2079533,49867,,
2026-10-08T19:26:48Z,10648640958,2323,42358109,482732,,
2026-10-08T19:26:48Z,10648820673,1775,73299156,1747708,,
2026-10-08T19:26:48Z,10649255304,14584,47853972,2828741,,
2026-10-08T19:26:48Z,10649457157,264,5367688,119656,,
2026-10-08T19:26:48Z,10654199482,355,9151645,70947,,
2026-10-08T19:26:48Z,10662463285,159,9268809,41579,,
2026-10-08T19:26:48Z,10664667515,551,29631741,459743,,
2026-10-08T19:26:48Z,10665420648,9173,15479022,167210,,
2026-10-08T19:26:48Z,10667006841,3000,13216195,36057,,
2026-10-08T19:26:48Z,10667357873,7508,13673431,203802,,
2026-10-08T19:26:48Z,10667860714,297,2306630,130403,,
2026-10-08T19:26:48Z,10669713140,422,7350990,15680,,
2026-10-08T19:26:48Z,10673920146,15009,7074129,142580,,
2026-10-08T19:26:48Z,10675117523,13010,13482076,110875,,
2026-10-08T19:26:48Z,10677698797,3435,7594374,62513,,
2026-10-08T19:26:48Z,10681914462,7988,110449868,297369,,
2026-10-08T19:26:48Z,10682099418,1358,27788470,1287076,,
2026-10-08T19:26:48Z,10683945170,454,22085750,1140586,,
2026-10-08T19:26:48Z,10684750879,24110,65444018,2759862,,
2026-10-08T19:26:48Z,10685282333,26307,88178618,139653,,
2026-10-08T19:26:48Z,10690360998,1863,102778000,125230,,
2026-10-08T19:26:48Z,10690942083,5206,11431113,14105,,
2026-10-08T19:26:48Z,10694549945,644,20635102,31320,,
2026-10-08T19:26:48Z,10696894951,3244,22102638,36377,,
2026-10-08T19:26:48Z,10698216738,3195,30773685,113949,,
2026-10-08T19:26:48Z,10699057921,308,4097050,52338,,
2026-10-08T19:26:48Z,10700505394,1237,37240729,120704,,
2026-10-08T19:26:48Z,10700618962,9736,12512219,301289,,
2026-10-08T19:26:48Z,10701628624,9599,25513775,393317,,
2026-10-08T19:26:48Z,10704015784,5161,10535543,32003,,
2026-10-08T19:26:48Z,10705618167,603,7085062,7943,,
2026-10-08T19:26:48Z,10708913337,54457,79303767,142955,,
2026-10-08T19:26:48Z,10714746778,2644,18017712,739169,,
2026-10-08T19:26:48Z,10717002748,10407,10897929,444386,,
2026-10-08T19:26:48Z,10717199977,4022,15708568,376670,,
2026-10-08T19:26:48Z,10718240577,2081,24582960,200967,,
2026-10-08T19:26:48Z,10723087263,1067,2820553,9074,,
2026-10-08T19:26:48Z,10724269636,1448,13944747,27969,,
2026-10-08T19:26:48Z,10727829780,1933,8730057,60573,,
2026-10-08T19:26:48Z,10730414817,814,305817,4387,,
2026-10-08T19:26:48Z,10732236937,8664,35162322,69575,,
2026-10-08T19:26:48Z,10733110573,907,4392707,18822,,
2026-10-08T19:26:48Z,10737127681,526,8454940,49118,,
2026-10-08T19:26:48Z,10737231383,1867,24413938,623358,,
2026-10-08T19:26:48Z,10737256446,7243,7243047,633055,,
2026-10-08T19:26:48Z,10737656087,5186,6168320,14889,,
2026-10-08T19:26:48Z,10737986845,3837,4432786,139896,,
2026-10-08T19:26:48Z,10739044772,2102,8248962,187857,,
2026-10-08T19:26:48Z,10739112966,7410,3442548,26005,,
2026-10-08T19:26:48Z,10739681803,359,2870466,51016,,
2026-10-08T19:26:48Z,10740316645,10354,5773098,22760,,
2026-10-08T19:26:48Z,10741302505,2574,5259418,185009,,
2026-10-08T19:26:48Z,10741514942,4766,4627899,67307,,
2026-10-08T19:26:48Z,10741654282,7760,48350808,1124388,,
2026-10-08T19:26:48Z,10741792653,2370,11912450,102444,,
2026-10-08T19:26:48Z,10742019356,3997,22950413,36384,,
2026-10-08T19:26:48Z,10742937135,7349,6117556,72226,,
2026-10-08T19:26:48Z,10743048214,4055,1418513,27232,,
2026-10-08T19:26:48Z,10744310825,16762,21335801,1177251,,
2026-10-08T19:26:48Z,10747748563,145,15130663,365459,,
2026-10-08T19:26:48Z,10748543623,3759,1835623,55776,,
2026-10-08T19:26:48Z,10748586525,1111,381222,2854,,
2026-10-08T19:26:48Z,10749831764,302,4192881,454363,,
2026-10-08T19:26:48Z,10750406988,342,357316,1500,,
2026-10-08T19:26:48Z,10751572992,6533,4854712,17792,,
2026-10-08T19:26:48Z,10751939592,5784,13394332,952147,,
2026-10-08T19:26:48Z,10752743876,4775,5855884,239689,,
2026-10-08T19:26:48Z,10752833252,2217,6800442,45370,,
2026-10-08T19:26:48Z,10753487407,1902,17431884,85898,,
2026-10-08T19:26:48Z,10753751277,12371,19810363,1860761,,
2026-10-08T19:26:48Z,10755094976,385,22807590,77139,,
2026-10-08T19:26:48Z,10756011174,16071,97752428,226648,,
2026-10-08T19:26:48Z,10756631918,611,1107587,53923,,
2026-10-08T19:26:48Z,10756780270,1696,5084080,15289,,
2026-10-08T19:26:48Z,10757247806,3141,1298080,13288,,
2026-10-08T19:26:48Z,10757498504,1551,13743905,39415,,
2026-10-08T19:26:48Z,10757504146,558,20072954,29828,,
2026-10-08T19:26:48Z,10757704931,5211,1602385,71076,,
2026-10-08T19:26:48Z,10758397570,1474,14566755,30160,,
2026-10-08T19:26:48Z,10759337137,4740,37459913,374218,,
2026-10-08T19:26:48Z,10759415852,1322,4146172,205117,,
2026-10-08T19:26:48Z,10759430423,2703,4277284,116866,,
2026-10-08T19:26:48Z,10759478428,2738,4190484,156195,,
2026-10-08T19:26:48Z,10759485670,642,9379081,37743,,
2026-10-08T19:26:48Z,10759518799,4876,10870036,105219,,
2026-10-08T19:26:48Z,10759594563,1969,6710740,14997,,
2026-10-08T19:26:48Z,10759638075,5869,5166622,152398,,
2026-10-08T19:26:48Z,10759661128,1752,10234770,45744,,
2026-10-08T19:26:48Z,10759860151,3098,23470950,40158,,
2026-10-08T19:26:48Z,10761115872,265,8815646,547200,,
2026-10-08T19:26:48Z,10761143648,1185,4205332,26730,,
2026-10-08T19:26:48Z,10761200080,1735,5159143,28860,,
2026-10-08T19:26:48Z,10761375767,1987,5527723,368654,,
2026-10-08T19:26:48Z,10761375938,2229,8351406,31708,,
2026-10-08T19:26:48Z,10761687472,7552,136308363,458538,,
2026-10-08T19:26:48Z,10762175328,212,1050975,2641,,
2026-10-08T19:26:48Z,10762388019,5386,29072298,114427,,
2026-10-08T19:26:48Z,10762636904,2088,4064797,31962,,
2026-10-08T19:26:48Z,10762757054,3645,18844299,64297,,
2026-10-08T19:26:48Z,10762798338,3478,6230773,20365,,
2026-10-08T19:26:48Z,10763714513,2949,3538958,16684,,
2026-10-08T19:26:48Z,10763764817,5489,29367126,1096466,,
2026-10-08T19:26:48Z,10763860058,593,4032764,127985,,
2026-10-08T19:26:48Z,10764221401,11639,4061454,521302,,
2026-10-08T19:26:48Z,10764297006,7543,43072173,29268,,
2026-10-08T19:26:48Z,10764300350,1487,3331763,16683,,
2026-10-08T19:26:48Z,10764328008,390,10716470,76912,,
2026-10-08T19:26:48Z,10764332301,497,240768,4677,,
2026-10-08T19:26:48Z,10764385875,345,3217556,8581,,
2026-10-08T19:26:48Z,10764404786,1384,2401912,8412,,
2026-10-08T19:26:48Z,10764412489,960,4311067,219541,,
2026-10-08T19:26:48Z,10764415267,7859,6641293,16548,,
2026-10-08T19:26:48Z,10764479526,19221,37448529,392878,,
2026-10-08T19:26:48Z,10764533320,4834,27798462,83523,,
2026-10-08T19:26:48Z,10764613327,4918,4486412,36507,,
2026-10-08T19:26:48Z,10764627709,94687,48280094,113765,,
2026-10-08T19:26:48Z,10764640833,2733,21320204,62455,,
2026-10-08T19:26:48Z,10764706572,1312,4725399,9823,,
2026-10-08T19:26:48Z,10764794065,1432,3441409,155468,,
2026-10-08T19:26:48Z,10764839604,2716,6551271,36533,,
2026-10-08T19:26:48Z,10764883692,887,662335,1626,,
2026-10-08T19:26:48Z,10764887435,1198,3885579,198379,,
2026-10-08T19:26:48Z,10764888929,656,2700695,139684,,
2026-10-08T19:26:48Z,10764891927,1205,2212843,4975,,
2026-10-08T19:26:48Z,10764897725,13707,33853408,1574029,,
2026-10-08T19:26:48Z,10764967952,985,2594252,25733,,
2026-10-08T19:26:48Z,10764980068,2027,3918896,18859,,
2026-10-08T19:26:48Z,10764989090,1506,414241,10730,,
2026-10-08T19:26:48Z,10765012427,13810,33405634,150346,,
2026-10-08T19:26:48Z,10765013362,6330,6797855,12989,,
2026-10-08T19:26:48Z,10765032875,1740,8480712,12709,,
2026-10-08T19:26:48Z,10765035506,392,4739010,342204,,
2026-10-08T19:26:48Z,10765061113,786,3411550,6000,,
2026-10-08T19:26:48Z,10765067592,6388,2306277,36022,,
2026-10-08T19:26:48Z,10765078176,832,17933731,60272,,
2026-10-08T19:26:48Z,10765091041,8289,11856362,58497,,
2026-10-08T19:26:48Z,10765153945,5155,11026816,30532,,
2026-10-08T19:26:48Z,10765158636,433,5317141,14831,,
2026-10-08T19:26:48Z,10765167636,5506,7484237,36396,,
2026-10-08T19:26:48Z,10765190004,4393,3857422,17515,,
2026-10-08T19:26:48Z,10765279487,1196,8013618,70465,,
2026-10-08T19:26:48Z,10765288803,49542,45052886,245235,,
2026-10-08T19:26:48Z,10765298801,26537,20470229,750257,,
2026-10-08T19:26:48Z,10765312940,1948,4526561,9363,,
2026-10-08T19:26:48Z,10765332568,620,6506925,15093,,
2026-10-08T19:26:48Z,10765361336,799,2523338,5461,,
2026-10-08T19:26:48Z,10765481558,1174,5379584,8176,,
2026-10-08T19:26:48Z,10765490774,2245,2746064,7463,,
2026-10-08T19:26:48Z,10765563835,2056,4238223,20309,,
2026-10-08T19:26:48Z,10765574547,2045,3567869,18408,,
2026-10-08T19:26:48Z,10765579304,1113,1222818,17059,,
2026-10-08T19:26:48Z,10765582175,10455,4575227,50100,,
2026-10-08T19:26:48Z,10765629147,2777,5132369,6889,,
2026-10-08T19:26:48Z,10765629453,2325,5248786,444917,,
2026-10-08T19:26:48Z,10765637643,5217,4119433,927813,,
2026-10-08T19:26:48Z,10765686447,9407,12106761,61897,,
2026-10-08T19:26:48Z,10765708310,652,1181101,18185,,
2026-10-08T19:26:48Z,10765718108,398,1926030,50697,,
2026-10-08T19:26:48Z,10765748731,2062,998241,10329,,
2026-10-08T19:26:48Z,10765751583,8108,4520551,17009,,
2026-10-08T19:26:48Z,10765763629,979,1854298,4721,,
2026-10-08T19:26:48Z,10765764482,2757,11952594,74726,,
2026-10-08T19:26:48Z,10765785152,23255,3667919,6454,,
2026-10-08T19:26:48Z,10765799968,395,135988,4718,,
2026-10-08T19:26:48Z,10765834825,627,2700365,5527,,
2026-10-08T19:26:48Z,10765855425,465,1734395,7137,,
2026-10-08T19:26:48Z,10765902945,4652,891142,1865,,
2026-10-08T19:26:48Z,10765906597,2279,2580632,10816,,
2026-10-08T19:26:48Z,10765927544,1005,908131,2615,,
2026-10-08T19:26:48Z,10765950109,4237,3775454,27041,,
2026-10-08T19:26:48Z,10765951887,2108,864053,24503,,
2026-10-08T19:26:48Z,10766004084,2382,1901675,11406,,
2026-10-08T19:26:48Z,10766008884,4733,8071707,40835,,
2026-10-08T19:26:48Z,10766009412,497,1349552,36224,,
2026-10-08T19:26:48Z,10766056678,16729,15784084,559669,,
2026-10-08T19:26:48Z,10766057873,712,271812,9795,,
2026-10-08T19:26:48Z,10766105412,689,1104806,6522,,
2026-10-08T19:26:48Z,10766135603,2534,4358739,298880,,
2026-10-08T19:26:48Z,10766138478,3108,18142113,958396,,
2026-10-08T19:26:48Z,10766142497,4709,1887710,16335,,
2026-10-08T19:26:48Z,10766222230,702,2252496,9602,,
2026-10-08T19:26:48Z,10766240516,4569,1978267,144636,,
2026-10-08T19:26:48Z,10766257839,1163,2260591,10344,,
2026-10-08T19:26:48Z,10766309747,3984,8539386,32048,,
2026-10-08T19:26:48Z,10766349481,8934,4155285,16790,,
2026-10-08T19:26:48Z,10766364164,1380,7738906,25445,,
2026-10-08T19:26:48Z,10766390665,9214,2891148,47770,,
2026-10-08T19:26:48Z,10766395909,7761,3295820,38078,,
2026-10-08T19:26:48Z,10766399546,635,6490783,25640,,
2026-10-08T19:26:48Z,10766420770,650,1358728,65552,,
2026-10-08T19:26:48Z,10766426236,894,1289191,27404,,
2026-10-08T19:26:48Z,10766440903,1941,966129,4412,,
2026-10-08T19:26:48Z,10766494202,462,3773182,20774,,
2026-10-08T19:26:48Z,10766502612,2346,1293237,19298,,
2026-10-08T19:26:48Z,10766506199,15379,27075000,100136,,
2026-10-08T19:26:48Z,10766578375,6692,4530026,40821,,
2026-10-08T19:26:48Z,10766687030,3929,6322957,20512,,
2026-10-08T19:26:48Z,10766721625,8802,13307204,729208,,
2026-10-08T19:26:48Z,10766725034,4289,15961395,39570,,
2026-10-08T19:26:48Z,10766735253,3796,440931,19059,,
2026-10-08T19:26:48Z,10766773917,1959,2976827,11012,,
2026-10-08T19:26:48Z,10766812776,6029,2029059,9768,,
2026-10-08T19:26:48Z,10767012496,13109,16658034,48057,,
2026-10-08T19:26:48Z,10767138232,10030,1417259,18270,,
2026-10-08T19:26:48Z,10767240772,12209,2634550,19667,,
2026-10-08T19:26:48Z,10767357183,362,285133,23795,,
2026-10-08T19:26:48Z,10767408330,34726,9134963,27010,,
2026-10-08T19:26:48Z,10767545737,683,846747,9389,,
2026-10-08T19:26:48Z,10767566226,12085,2467427,10196,,
2026-10-08T19:26:48Z,10767582899,6834,1212668,13218,,
2026-10-08T19:26:48Z,10767628417,3079,924584,21102,,
2026-10-08T19:26:48Z,10767634248,15342,5617137,24299,,
2026-10-08T19:26:48Z,10767657583,898,1228950,31389,,
2026-10-08T19:26:48Z,10767698786,2317,3468931,1467,,
2026-10-08T19:26:48Z,10767824942,10361,1456845,133134,,
2026-10-08T19:26:48Z,10767825538,59469,13343282,68397,,
2026-10-08T19:26:48Z,10767826343,2059,295850,5689,,
2026-10-08T19:26:48Z,10767858548,1880,730597,8028,,
2026-10-08T19:26:48Z,10767912502,1123,378891,2252,,
2026-10-08T19:26:48Z,10767922762,7526,1727650,85857,,
2026-10-08T19:26:48Z,10767957681,2128,595318,3735,,
2026-10-08T19:26:48Z,10768023539,20861,12242891,67368,,
2026-10-08T19:26:48Z,10768176407,5256,1636663,12261,,
2026-10-08T19:26:48Z,10768202113,5305,1668845,21307,,
2026-10-08T19:26:48Z,10768316438,4767,1576217,160646,,
2026-10-08T19:26:48Z,10768399922,52,1400110,4595,,
2026-10-08T19:26:48Z,10768462078,2713,1492157,8044,,
2026-10-08T19:26:48Z,10768468695,1658,336057,4037,,
2026-10-08T19:26:48Z,10768565603,7776,3526981,11963,,
2026-10-08T19:26:48Z,10768944292,3965,842485,6639,,
2026-10-08T19:26:48Z,10769066324,3131,3439226,3819,,
2026-10-08T19:26:48Z,10765541201,12351,2745579,12117,,
2026-10-08T19:26:48Z,10768172922,3526,1545827,2952,,
2026-10-08T19:26:48Z,10514321384,2102,1335611,5269,,
2026-10-08T19:26:48Z,10767755908,3968,480254,84737,,
2026-10-08T19:26:48Z,10767094794,1721,916747,6427,,
2026-10-08T19:26:48Z,10604313373,3285,961922,10568,,
2026-10-08T19:26:48Z,10767780358,3037,8877645,711427,,
2026-10-08T19:26:48Z,10638886777,13301,3162409,146817,,
2026-10-08T19:26:48Z,10768425253,13300,3458949,180663,,
2026-10-08T19:26:48Z,10473810300,11896,13704861,38897,,
2026-10-08T19:26:48Z,9865604662,249,3483523,1749,,
2026-10-08T19:26:48Z,3478678937,264,29979805,82107,,
2026-10-08T19:26:48Z,10452420697,104,891403,33460,,
2026-10-08T19:26:48Z,10491385664,221,3481619,1012,,
2026-10-08T19:26:48Z,5125369493,4652,13423754,68992,,
2026-10-08T19:26:48Z,7931158824,421,43518284,653770,,
2026-10-08T19:26:48Z,7444113888,84,3456735,9904,,
2026-10-08T19:26:48Z,9324081218,154,8998974,42279,,
2026-10-08T19:26:48Z,10761884278,195,2969368,53381,,
2026-10-08T19:26:48Z,98839997,266,336518290,1340556,,
2026-10-08T19:26:48Z,9794842226,329,363251,1954,,
2026-10-08T19:26:48Z,10404293465,236,4025120,28087,,
2026-10-08T19:26:48Z,10290675105,515,4930000,48728,,
2026-10-08T19:26:48Z,1958807588,176,289108705,331687,,
2026-10-08T19:26:48Z,10582993047,96,3796042,79020,,
2026-10-08T19:26:48Z,9549894418,136,787161,33157,,
2026-10-08T19:26:48Z,9320646231,90,527507,67007,,
2026-10-08T19:26:48Z,10007567876,52,88882,6033,,
2026-10-08T19:26:48Z,5383076404,97,5776707,62589,,
2026-10-08T19:26:48Z,5497606909,225,14059599,119564,,
2026-10-08T19:26:48Z,2254119010,129,1639737,28739,,
2026-10-08T19:26:48Z,5286749994,257,57067571,685052,,
2026-10-08T19:26:48Z,7949002987,64,3673111,44296,,
2026-10-08T19:26:48Z,5316084314,72,1603555,61543,,
2026-10-08T19:26:48Z,5841858050,205,39649117,163941,,
2026-10-08T19:26:48Z,2416015385,52,7918548,47830,,
2026-10-08T19:26:48Z,4289890765,90,2276870,46922,,
2026-10-08T19:26:48Z,324740367,105,10394906,40751,,
2026-10-08T19:26:48Z,5800312217,221,106011007,988273,,
2026-10-08T19:26:48Z,3608732146,94,120761201,763816,,
2026-10-08T19:26:48Z,10039338037,203,231728506,2480818,,
2026-10-08T19:26:48Z,7640282930,80,69418794,2399019,,
2026-10-08T19:26:48Z,9168386959,147,59684524,261019,,
2026-10-08T19:26:48Z,7629884826,72,90447159,565463,,
2026-10-08T19:26:48Z,6052033819,262,130475655,5836786,,
2026-10-08T19:26:48Z,6720585148,82,155609288,2575020,,
2026-10-08T19:26:48Z,7618444254,66,41105091,745664,,
2026-10-08T19:26:48Z,7332812970,99,70551582,2597493,,
2026-10-08T19:26:48Z,6216468795,208,156596933,236027,,
2026-10-08T19:26:48Z,8218591943,74,37429616,153476,,
2026-10-08T19:26:48Z,3655030699,70,132867581,3534078,,
2026-10-08T19:26:48Z,9784883402,133,34708733,134411,,
2026-10-08T19:26:48Z,6919822640,163,60517521,864422,,
2026-10-08T19:26:48Z,6596003198,179,39280484,379885,,
2026-10-08T19:26:48Z,7430288939,246,9202052,11123,,
2026-10-08T19:26:48Z,7893515528,58,302528802,248616,,
2026-10-08T19:26:48Z,7113599041,75,9412664,125831,,
2026-10-08T19:26:48Z,10225381467,1167,11240641,27118,,
2026-10-08T19:26:48Z,3349588628,246,59279719,1233522,,
2026-10-08T19:26:48Z,7175500329,188,31961077,171307,,
2026-10-08T19:26:48Z,2938948258,118,14040862,57515,,
2026-10-08T19:26:48Z,10506354213,156,8625531,64953,,
2026-10-08T19:26:48Z,2227097851,182,7712091,15413,,
2026-10-08T19:26:48Z,9372077571,77,15707016,69754,,
2026-10-08T19:26:48Z,6357377403,144,19423931,145530,,
2026-10-08T19:26:48Z,7452857402,78,48731016,180971,,
2026-10-08T19:26:48Z,9800616505,278,3744998,46880,,
2026-10-08T19:26:48Z,10766456501,154,254047883,286227,,
2026-10-08T19:26:48Z,7589856475,1902,16414668,812284,,
2026-10-08T19:26:48Z,10764431809,51,161675,6627,,
2026-10-08T19:26:48Z,9459951439,199,8865471,163645,,
2026-10-08T19:26:48Z,10205184118,217,20615764,63275,,
2026-10-08T19:26:48Z,10751153610,58,918003,36483,,
2026-10-08T19:26:48Z,10480491636,47,189928,587,,
2026-10-08T19:26:48Z,1651278324,103,354651939,1072742,,
2026-10-08T19:26:48Z,9848302960,85,9498594,116283,,
2026-10-08T19:26:48Z,8975063538,76,6857789,532062,,
2026-10-08T19:26:48Z,10188861194,171,2308317,10182,,
2026-10-08T19:26:48Z,10204429578,42,374493,16800,,
2026-10-08T19:26:48Z,10726092409,2969,6590519,21068,,
2026-10-08T19:26:48Z,10578398333,8127,16270709,58729,,
2026-10-08T19:26:48Z,5897329101,80,6090535,35016,,
2026-10-08T19:26:48Z,848145103,122,2333463715,5882290,,
2026-10-08T19:26:48Z,2860485766,84,58245577,2025538,,
2026-10-08T19:26:48Z,8974153311,194,3173961,11030,,
2026-10-08T19:26:48Z,2865535599,131,839858452,2767068,,
2026-10-08T19:26:48Z,7229464493,163,11307747,43497,,
2026-10-08T19:26:48Z,10593671708,139,2843724,7319,,
2026-10-08T19:26:48Z,7160901012,79,3564177,67481,,
2026-10-08T19:26:48Z,7617886606,203,2524730,28837,,
2026-10-08T19:26:48Z,5048990623,122,12160399,41998,,
2026-10-08T19:26:48Z,10037019232,105,4643619,14318,,
2026-10-08T19:26:48Z,4086773669,146,506393057,242458,,
2026-10-08T19:26:48Z,3107874866,80,71985336,894820,,
2026-10-08T19:26:48Z,5713659018,62,39331502,73915,,
2026-10-08T19:26:48Z,2131410080,196,19019237,68659,,
2026-10-08T19:26:48Z,204387960,43,131922562,846397,,
2026-10-08T19:26:48Z,10231678265,166,5700314,155328,,
2026-10-08T19:26:48Z,5113572498,145,27390681,23011,,
2026-10-08T19:26:48Z,7002376067,127,12431621,33509,,
2026-10-08T19:26:48Z,3081555258,72,59106128,491617,,
2026-10-08T19:26:48Z,953622098,94,108475184,543854,,
2026-10-08T19:26:48Z,5354625397,209,32868494,144487,,
2026-10-08T19:26:48Z,3627275994,43,34454163,166936,,
2026-10-08T19:26:48Z,9032167172,2108,53323193,409031,,
2026-10-08T19:26:48Z,188736399,831,53975320,553412,,
2026-10-08T19:26:48Z,6612614547,727,31514895,348368,,
2026-10-08T19:26:48Z,6920090082,675,29520205,710479,,
2026-10-08T19:26:48Z,10737798435,543,4869231,20011,,
2026-10-08T19:26:48Z,4098607814,159,276543054,270444,,
2026-10-08T19:26:48Z,9761700404,404,147072113,172652,,
2026-10-08T19:26:48Z,3539082945,427,72051549,866167,,
2026-10-08T19:26:48Z,1310079979,326,651962577,556568,,
2026-10-08T19:26:48Z,9150975254,400,55297943,1514874,,
2026-10-08T19:26:48Z,10257007695,354,21385022,59230,,
2026-10-08T19:26:48Z,6247557414,355,201817981,2345524,,
2026-10-08T19:26:48Z,7386897403,330,7325725,7484,,
2026-10-08T19:26:48Z,4434803478,334,1031545896,43293398,,
2026-10-08T19:26:48Z,7145230420,264,52002164,1047143,,
2026-10-08T19:26:48Z,4826476142,372,105806930,555030,,
2026-10-08T19:26:48Z,10458028403,327,5095645,90212,,
2026-10-08T19:26:48Z,6623153829,287,132166699,176753,,
2026-10-08T19:26:48Z,1208948106,337,399910479,780494,,
2026-10-08T19:26:48Z,2921237723,248,144203853,775414,,
2026-10-08T19:26:48Z,6221848978,249,47694666,451901,,
2026-10-08T19:26:48Z,2406494408,270,429438183,431378,,
2026-10-08T19:26:48Z,8887260140,282,13154623,40270,,
2026-10-08T19:26:48Z,321279858,246,1664968640,5124584,,
2026-10-08T19:26:48Z,1167440934,236,28549474,33078,,
2026-10-08T19:26:48Z,6936784768,283,68128575,3402901,,
2026-10-08T19:26:48Z,106086152,308,207413582,348420,,
2026-10-08T19:26:48Z,3569141441,268,54386904,310747,,
2026-10-08T19:26:48Z,5289155961,236,114385211,168379,,
2026-10-08T19:26:48Z,6022371481,269,77995239,142857,,
2026-10-08T19:26:48Z,8787792657,267,792836,4685,,
2026-10-08T19:26:48Z,1930696602,222,75540497,172074,,
2026-10-08T19:26:48Z,5403859973,285,28348370,260964,,
2026-10-08T19:26:48Z,5526272622,243,72593061,52563,,
2026-10-08T19:26:48Z,2705536355,264,54009801,122231,,
2026-10-08T19:26:48Z,7658839393,278,75071453,1671152,,
2026-10-08T19:26:48Z,1347180440,290,174156598,387403,,
2026-10-08T19:26:48Z,5611522097,251,70797629,1405222,,
2026-10-08T19:26:48Z,3781225418,224,58218881,117004,,
2026-10-08T19:26:48Z,3223065041,260,115601554,495454,,
2026-10-08T19:26:48Z,5479908441,275,755836442,394006,,
2026-10-08T19:26:48Z,6314664695,239,62299805,2904698,,
2026-10-08T19:26:48Z,10265803948,245,122928744,104837,,
2026-10-08T19:26:48Z,9727036596,261,60056081,527310,,
2026-10-08T19:26:48Z,4627714100,268,158699765,2007595,,
2026-10-08T19:26:48Z,5485660832,283,125147542,70058,,
2026-10-08T19:26:48Z,2383988292,246,497338858,908650,,
2026-10-08T19:26:48Z,5617259335,237,8824373,29450,,
2026-10-08T19:26:48Z,2327642508,243,510285352,1633285,,
2026-10-08T19:26:48Z,3802391897,252,76103303,281413,,
2026-10-08T19:26:48Z,8302683258,224,26104307,36441,,
2026-10-08T19:26:48Z,8675480462,269,7752460,28584,,
2026-10-08T19:26:48Z,6505212049,269,195735298,463760,,
2026-10-08T19:26:48Z,2426874309,248,222643144,682816,,
2026-10-08T19:26:48Z,6399835454,264,32787849,286131,,
2026-10-08T19:26:48Z,26216381,253,138382443,490754,,
2026-10-08T19:26:48Z,6717464085,261,45085611,328939,,
2026-10-08T19:26:48Z,4415513621,227,14307389,148181,,
2026-10-08T19:26:48Z,5607392395,255,15204824,14059,,
2026-10-08T19:26:48Z,3825332406,242,254542653,382411,,
2026-10-08T19:26:48Z,5554050692,198,30226360,46188,,
2026-10-08T19:26:48Z,2273199208,252,613045925,572045,,
2026-10-08T19:26:48Z,6239989165,239,45682799,64553,,
2026-10-08T19:26:48Z,2029776337,217,262319378,471509,,
2026-10-08T19:26:48Z,10232373522,247,26648191,1234961,,
2026-10-08T19:26:48Z,104923451,240,206231854,2297196,,
2026-10-08T19:26:48Z,7570489548,252,23035850,21545,,
2026-10-08T19:26:48Z,5819738730,266,25522618,176421,,
2026-10-08T19:26:48Z,9561352550,221,11145884,30291,,
2026-10-08T19:26:48Z,6654289195,249,6688862,13873,,
2026-10-08T19:26:48Z,6709042729,220,47268026,419445,,
2026-10-08T19:26:48Z,110988953,239,701550270,1925684,,
2026-10-08T19:26:48Z,2263267302,226,29888829,178877,,
2026-10-08T19:26:48Z,10235992289,256,3153961,48530,,
2026-10-08T19:26:48Z,2132866904,236,211912840,1669894,,
2026-10-08T19:26:48Z,2499076778,248,174065880,367820,,
2026-10-08T19:26:48Z,4919010625,211,137574938,241695,,
2026-10-08T19:26:48Z,3104101863,225,231368460,1150224,,
2026-10-08T19:26:48Z,8292778231,231,51271220,969402,,
2026-10-08T19:26:48Z,1617185934,239,15415185,36415,,
2026-10-08T19:26:48Z,3085857678,220,257589660,945141,,
2026-10-08T19:26:48Z,3332494509,229,268527093,415399,,
2026-10-08T19:26:48Z,10420832668,239,1126335,9537,,
2026-10-08T19:26:48Z,10224849445,249,6183744,49269,,
2026-10-08T19:26:48Z,3827505494,236,30912843,51801,,
2026-10-08T19:26:48Z,9409870130,203,23845129,290780,,
2026-10-08T19:26:48Z,1962399895,220,63332877,170800,,
2026-10-08T19:26:48Z,6343637170,247,34335984,5635796,,
2026-10-08T19:26:48Z,3034836582,264,507590621,1922350,,
2026-10-08T19:26:48Z,8238748429,190,64203723,122248,,
2026-10-08T19:26:48Z,1269441040,213,288697699,756147,,
2026-10-08T19:26:48Z,2620076187,192,215169040,274310,,
2026-10-08T19:26:48Z,10299695016,191,16704236,689178,,
2026-10-08T19:26:48Z,10246386961,169,60671253,1315394,,
2026-10-08T19:26:48Z,9604810345,256,46441813,2281491,,
2026-10-08T19:26:48Z,7258480741,199,20151058,232773,,
2026-10-08T19:26:48Z,1860435730,229,104385700,1781590,,
2026-10-08T19:26:48Z,3993508361,190,106146948,865908,,
2026-10-08T19:26:48Z,4887744468,204,85188148,368553,,
2026-10-08T19:26:48Z,5925801449,203,18566237,27003,,
2026-10-08T19:26:48Z,1463361180,217,28426004,376067,,
2026-10-08T19:26:48Z,2033913602,220,435140602,1279266,,
2026-10-08T19:26:48Z,4186374809,221,20588405,31930,,
2026-10-08T19:26:48Z,6701101774,186,249611713,230346,,
2026-10-08T19:26:48Z,10765529256,229,1125065,5717,,
2026-10-08T19:26:48Z,3222531984,267,108378477,224886,,
2026-10-08T19:26:48Z,10450501528,282,6820840,32447,,
2026-10-08T19:26:48Z,928270134,235,63127723,269664,,
2026-10-08T19:26:48Z,1005391673,223,20362165,169702,,
2026-10-08T19:26:48Z,6144216261,206,41580180,71347,,
2026-10-08T19:26:48Z,604142934,228,338394639,1098078,,
2026-10-08T19:26:48Z,5847579910,233,90511683,262957,,
2026-10-08T19:26:48Z,1157126388,214,354020949,1157201,,
2026-10-08T19:26:48Z,10234313662,218,1172783,6456,,
2026-10-08T19:26:48Z,9578994406,229,9133217,53333,,
2026-10-08T19:26:48Z,2080556531,235,110845704,115862,,
2026-10-08T19:26:48Z,3491874687,204,17132090,266055,,
2026-10-08T19:26:48Z,9884025025,179,76506852,107286,,
2026-10-08T19:26:48Z,9926735691,233,3358368,12633,,
2026-10-08T19:26:48Z,2464573238,204,288693069,272633,,
2026-10-08T19:26:48Z,5449033072,207,69407551,995118,,
2026-10-08T19:26:48Z,9271890694,220,11355426,159666,,
2026-10-08T19:26:48Z,8079278639,219,2459987,27006,,
2026-10-08T19:26:48Z,3645347821,203,389975097,665974,,
2026-10-08T19:26:48Z,7957168819,211,35803155,116514,,
2026-10-08T19:26:48Z,1784924271,214,49865906,324385,,
2026-10-08T19:26:48Z,7835102410,223,144443880,9038468,,
2026-10-08T19:26:48Z,1522593851,216,31809677,380127,,
2026-10-08T19:26:48Z,8203580812,197,29649074,385581,,
2026-10-08T19:26:48Z,8348991330,192,19854084,53888,,
2026-10-08T19:26:48Z,4542048826,217,93913465,173517,,
2026-10-08T19:26:48Z,4113699767,177,61387517,299980,,
2026-10-08T19:26:48Z,4513784130,160,74655769,32840,,
2026-10-08T19:26:48Z,9464263569,194,4457861,36907,,
2026-10-08T19:26:48Z,8473646150,200,10471734,47481,,
2026-10-08T19:26:48Z,125205164,190,363543539,2076205,,
2026-10-08T19:26:48Z,280343502,197,402904522,1667427,,
2026-10-08T19:26:48Z,3878727131,215,117691601,187330,,
2026-10-08T19:26:48Z,4050977276,255,316381498,7714451,,
2026-10-08T19:26:48Z,6959389664,189,14548116,8673,,
2026-10-08T19:26:48Z,4849157113,185,35974440,177931,,
2026-10-08T19:26:48Z,10539789203,247,7235692,61257,,
2026-10-08T19:26:48Z,9256255979,146,91140714,126842,,
2026-10-08T19:26:48Z,1811388660,185,130891540,1451895,,
2026-10-08T19:26:48Z,3992524315,189,92326138,102109,,
2026-10-08T19:26:48Z,9100068452,194,64240871,2807394,,
2026-10-08T19:26:48Z,9419242500,225,28772163,492577,,
2026-10-08T19:26:48Z,2618786652,210,52670461,327847,,
2026-10-08T19:26:48Z,5709370512,188,387885346,594631,,
2026-10-08T19:26:48Z,6138976267,198,17843199,76790,,
2026-10-08T19:26:48Z,9411563986,185,89326286,154546,,
2026-10-08T19:26:48Z,4724071612,213,466082929,670290,,
2026-10-08T19:26:48Z,10337069275,185,7336101,65773,,
2026-10-08T19:26:48Z,1135367592,164,84250067,506060,,
2026-10-08T19:26:48Z,4268443739,209,135855039,2110541,,
2026-10-08T19:26:48Z,4755741100,218,514830686,275393,,
2026-10-08T19:26:48Z,5981856625,191,209948542,488405,,
2026-10-08T19:26:48Z,6735081142,172,101026817,296010,,
2026-10-08T19:26:48Z,10340194375,187,20859898,1604563,,
2026-10-08T19:26:48Z,551811297,210,93300223,246167,,
2026-10-08T19:26:48Z,855385310,192,392472262,1018039,,
2026-10-08T19:26:48Z,3615728730,205,27260790,520410,,
2026-10-08T19:26:48Z,10354167851,210,12280351,28252,,
2026-10-08T19:26:48Z,9338696299,198,2457947,9902,,
2026-10-08T19:26:48Z,7118588325,169,78887835,285753,,
2026-10-08T19:26:48Z,1111698561,214,699006804,1096890,,
2026-10-08T19:26:48Z,5215846239,215,15680595,32733,,
2026-10-08T19:26:48Z,10357992717,200,73483767,191022,,
2026-10-08T19:26:48Z,117307972,198,909262800,2824879,,
2026-10-08T19:26:48Z,2782489944,188,25262227,52400,,
2026-10-08T19:26:48Z,10341337656,199,3958925,20514,,
2026-10-08T19:26:48Z,6749892429,192,42642929,146504,,
2026-10-08T19:26:48Z,9146149577,209,22353988,19546,,
2026-10-08T19:26:48Z,9137416017,178,77165775,39672,,
2026-10-08T19:26:48Z,345667450,155,36706878,104142,,
2026-10-08T19:26:48Z,2393639258,185,31967795,84901,,
2026-10-08T19:26:48Z,4990825012,213,205007463,8851946,,
2026-10-08T19:26:48Z,5156590883,191,75310808,242529,,
2026-10-08T19:26:48Z,9630866039,153,3514141,27820,,
2026-10-08T19:26:48Z,4257969255,203,86366062,262051,,
2026-10-08T19:26:48Z,4304597338,216,85834961,147844,,
2026-10-08T19:26:48Z,4888219005,190,213519321,123292,,
2026-10-08T19:26:48Z,5654670037,175,183440536,823038,,
2026-10-08T19:26:48Z,10674300622,220,36858413,118753,,
2026-10-08T19:26:48Z,10093833731,195,51052229,80267,,
2026-10-08T19:26:48Z,10758992223,162,3284228,181692,,
2026-10-08T19:26:48Z,10764492565,197,270616,1617,,
2026-10-08T19:26:48Z,9585571512,186,30310097,41263,,
2026-10-08T19:26:48Z,964540701,195,43117483,433051,,
2026-10-08T19:26:48Z,2232507648,186,235241306,669273,,
2026-10-08T19:26:48Z,3954883335,156,13322090,4170,,
2026-10-08T19:26:48Z,4760747038,187,38181179,400849,,
2026-10-08T19:26:48Z,5012919657,214,45977064,62423,,
2026-10-08T19:26:48Z,7084172542,185,1994172,40991,,
2026-10-08T19:26:48Z,3326279937,177,74878020,410078,,
2026-10-08T19:26:48Z,10453281197,185,4345326,230919,,
2026-10-08T19:26:48Z,7691800287,162,100967323,3136999,,
2026-10-08T23:57:22Z,47545,6233,5611559323,13612249,3467649,264667
2026-10-08T23:57:22Z,65241,7601,4503472452,11890200,4413477,448861
2026-10-08T23:57:22Z,2471084,4821,1333019142,4648837,2034769,285483
2026-10-08T23:57:22Z,8726258,183,630703009,2390414,453798,154259
2026-10-08T23:57:22Z,16371559,213,600953987,2641363,749446,73500
2026-10-08T23:57:22Z,16680835,2397,552041585,2796531,600147,48356
2026-10-08T23:57:22Z,16876831,231,121311123,481595,179237,28990
2026-10-08T23:57:22Z,21164849,3642,805431838,2059413,878063,63465
2026-10-08T23:57:22Z,21449357,673,140938696,499857,157248,28252
2026-10-08T23:57:22Z,22430683,137,490020256,1799208,424148,92952
2026-10-08T23:57:22Z,26216381,277,138387872,490757,166767,22752
2026-10-08T23:57:22Z,27761886,140,43625727,230828,75407,9952
2026-10-08T23:57:22Z,31874888,239,120062121,364991,67199,14339
2026-10-08T23:57:22Z,31970568,3057,1621919003,6099547,2083700,256893
2026-10-08T23:57:22Z,32095083,168,369460286,1566755,359236,73099
2026-10-08T23:57:22Z,32211175,335,95293071,6551629,27951,8818
2026-10-08T23:57:22Z,39766263,101,610335642,1889513,151645,47110
2026-10-08T23:57:22Z,44636121,196,84801071,573817,182458,28096
2026-10-08T23:57:22Z,52494682,353,171376702,519707,176610,28280
2026-10-08T23:57:22Z,63951305,270,890580212,3839286,1153067,144190
2026-10-08T23:57:22Z,66654135,191584,31140141997,24400353,10735775,1084216
2026-10-08T23:57:22Z,73754455,1097,1837476413,4034382,1017417,117559
2026-10-08T23:57:22Z,73885730,6395,3045533361,6009541,1539508,270691
2026-10-08T23:57:22Z,78084559,340,40819643,102703,35843,8236
2026-10-08T23:57:22Z,78351145,188,219230057,1831203,526442,38255
2026-10-08T23:57:22Z,79301772,4056,504883552,2001623,400819,99052
2026-10-08T23:57:22Z,79609758,696,940908554,1682921,366316,183799
2026-10-08T23:57:22Z,83148140,999,426629614,355803,109375,32112
2026-10-08T23:57:22Z,83858907,777,1752635241,4568312,1039466,369577
2026-10-08T23:57:22Z,88070565,29736,10121536791,14008250,5638913,733822
2026-10-08T23:57:22Z,93740418,1647,3422839731,6952980,988325,96264
2026-10-08T23:57:22Z,97314177,1589,584473639,1261402,425017,49963
2026-10-08T23:57:22Z,98839997,319,336523328,1340562,452757,109500
2026-10-08T23:57:22Z,98929893,1621,989567716,2120469,640453,67247
2026-10-08T23:57:22Z,102231468,75,124071346,279729,69485,17124
2026-10-08T23:57:22Z,102815652,253,62080775,365427,115099,14284
2026-10-08T23:57:22Z,104598338,1648,418257411,535891,65479,24838
2026-10-08T23:57:22Z,104923451,311,206235980,2297203,945283,112220
2026-10-08T23:57:22Z,105689481,110,200261389,1316271,500787,115616
2026-10-08T23:57:22Z,106086152,210,207417852,348426,85784,20664
2026-10-08T23:57:22Z,107172930,1287,722581790,1984831,743251,207141
2026-10-08T23:57:22Z,110181652,1747,2357895605,8612136,2272088,236128
2026-10-08T23:57:22Z,110988953,218,701553699,1925700,445249,63694
2026-10-08T23:57:22Z,111958650,3241,6312700506,11520318,5125759,665548
2026-10-08T23:57:22Z,113491250,2626,1802015708,5987540,2464385,251347
2026-10-08T23:57:22Z,114070244,439,354118370,1221979,276516,57414
2026-10-08T23:57:22Z,114967577,910,59831784,277146,92632,14865
2026-10-08T23:57:22Z,115797356,557,1238832900,2843592,937007,201810
2026-10-08T23:57:22Z,117307972,217,909265381,2824879,930993,84407
2026-10-08T23:57:22Z,117644499,119,169746424,340549,58721,10718
2026-10-08T23:57:22Z,123069416,188,88863011,511998,154380,15988
2026-10-08T23:57:22Z,123956318,602,33632440,344863,78781,17766
2026-10-08T23:57:22Z,124283622,609,793568797,673297,256114,86662
2026-10-08T23:57:22Z,125205164,176,363546547,2076217,440124,63366
2026-10-08T23:57:22Z,125223108,164,101744117,488415,146308,25601
2026-10-08T23:57:22Z,140239261,134,16278544575,14763681,2889806,518300
2026-10-08T23:57:22Z,140733710,1953,413538518,1222702,275732,39118
2026-10-08T23:57:22Z,147332621,775,208694621,555055,195151,47763
2026-10-08T23:57:22Z,156428258,96,798295530,3686283,1058727,116512
2026-10-08T23:57:22Z,169302362,808,218153947,1858328,686766,30380
2026-10-08T23:57:22Z,170247232,263,473368626,2123481,749836,243807
2026-10-08T23:57:22Z,177749064,135,55264138,331761,80728,11262
2026-10-08T23:57:22Z,184199275,18508,992800179,1927524,571815,62098
2026-10-08T23:57:22Z,187796008,169,131592701,1341639,427223,26466
2026-10-08T23:57:22Z,188736399,663,53994461,554021,119275,33394
2026-10-08T23:57:22Z,194950372,88,112186321,538628,131656,27754
2026-10-08T23:57:22Z,203829788,121,67626270,395778,92571,19733
2026-10-08T23:57:22Z,204387960,154,131926998,846413,194471,23768
2026-10-08T23:57:22Z,210851291,9942,5220862423,8539875,3659905,259258
2026-10-08T23:57:22Z,212154879,349,156070524,1220546,421786,59248
2026-10-08T23:57:22Z,220828728,124,363652565,2959588,710890,108091
2026-10-08T23:57:22Z,228573408,457,2484987791,15003274,748492,169233
2026-10-08T23:57:22Z,245662005,5868,8067830122,18677736,5804841,811779
2026-10-08T23:57:22Z,254394801,131,1482047255,4238960,1604101,230890
2026-10-08T23:57:22Z,274816972,2025,1370542891,7134456,1981442,138450
2026-10-08T23:57:22Z,279565647,624,1729302997,8397274,764281,274093
2026-10-08T23:57:22Z,280343502,230,402911976,1667443,476622,83495
2026-10-08T23:57:22Z,300039023,121,129888599,421332,175497,29027
2026-10-08T23:57:22Z,301252049,285,300608779,1043063,440437,109045
2026-10-08T23:57:22Z,321279858,241,1664974352,5124581,1625898,187631
2026-10-08T23:57:22Z,321778215,7765,10462720968,13329564,3264674,535008
2026-10-08T23:57:22Z,323675642,477,598664079,2221037,544498,123398
2026-10-08T23:57:22Z,324740177,117,348292210,1495354,521289,54468
2026-10-08T23:57:22Z,324740367,59,10396758,40754,11309,243
2026-10-08T23:57:22Z,341518102,139,189672388,311186,45327,11227
2026-10-08T23:57:22Z,341654025,1857,3209108440,5421751,859804,257874
2026-10-08T23:57:22Z,345667450,108,36709878,104151,30236,18396
2026-10-08T23:57:22Z,358276974,2832,196660183,1015358,262393,43055
2026-10-08T23:57:22Z,371112664,260,101574889,1787925,311554,29372
2026-10-08T23:57:22Z,371263894,6507,1469361589,2701633,1061045,146405
2026-10-08T23:57:22Z,372226183,26181,6057761721,9719192,2803521,240601
2026-10-08T23:57:22Z,380704901,454,1049006632,2103916,840854,88291
2026-10-08T23:57:22Z,383310974,164659,44985293196,29719796,9537703,1513241
2026-10-08T23:57:22Z,422959610,149,123467214,216635,39266,12046
2026-10-08T23:57:22Z,433670627,252,43507767,437251,78317,8955
2026-10-08T23:57:22Z,465016798,659,130060940,420118,98425,17792
2026-10-08T23:57:22Z,484789923,360,667598086,2129830,614233,97988
2026-10-08T23:57:22Z,485929611,496,648495521,1439447,351460,43848
2026-10-08T23:57:22Z,495693931,121,926754736,2811139,707049,141097
2026-10-08T23:57:22Z,498490399,114,2614385559,5819718,1863891,367953
2026-10-08T23:57:22Z,504035427,318,1699593657,5963443,1370687,82491
2026-10-08T23:57:22Z,504765147,123,158869221,389520,185405,209121
2026-10-08T23:57:22Z,533435040,594,869034069,2279140,614583,53808
2026-10-08T23:57:22Z,537476076,266,212682981,257587,52844,6178
2026-10-08T23:57:22Z,540382210,1468,361687903,1050283,494666,26659
2026-10-08T23:57:22Z,540856839,95,711441604,3526685,975831,98682
2026-10-08T23:57:22Z,547524060,7108,1470103352,2290204,470123,42893
2026-10-08T23:57:22Z,551811297,285,93309581,246195,64540,15696
2026-10-08T23:57:22Z,564406126,98,833157179,4321374,1389849,107851
2026-10-08T23:57:22Z,568307879,386,529006512,556311,99220,110032
2026-10-08T23:57:22Z,571251690,1471,106473065,1054400,54415,11350
2026-10-08T23:57:22Z,577949054,136,80041049,242156,53787,19731
2026-10-08T23:57:22Z,578392296,15908,1346653776,998964,515557,123284
2026-10-08T23:57:22Z,597286316,204,154857284,260129,33966,34346
2026-10-08T23:57:22Z,601130232,24310,4596710602,6545237,3034564,139886
2026-10-08T23:57:22Z,604142934,210,338397871,1098084,326756,105182
2026-10-08T23:57:22Z,605887098,2531,2532290079,3727438,1530026,116673
2026-10-08T23:57:22Z,616165168,1179,151302903,1232021,80611,15440
2026-10-08T23:57:22Z,625764726,418,25571596,200254,47730,9623
2026-10-08T23:57:22Z,648454481,16190,1325238432,1511574,1073617,121647
2026-10-08T23:57:22Z,668582985,167,138073884,903077,275671,45878
2026-10-08T23:57:22Z,686030892,118,52603337,209870,57686,21166
2026-10-08T23:57:22Z,700312613,159,364989445,220319,37254,46580
2026-10-08T23:57:22Z,703124385,10761,29097933351,12035566,4366875,1565938
2026-10-08T23:57:22Z,708100196,133,339061687,1297801,305063,41268
2026-10-08T23:57:22Z,725056461,204,19760346,43232,10627,3061
2026-10-08T23:57:22Z,753724558,105,21852413,99940,29787,4438
2026-10-08T23:57:22Z,757291724,546,249965646,464400,77836,17149
2026-10-08T23:57:22Z,767752328,304,255525600,1375662,415021,144503
2026-10-08T23:57:22Z,770538576,358,548544572,1237473,376857,45512
2026-10-08T23:57:22Z,807765388,147,50666628,163542,59009,9258
2026-10-08T23:57:22Z,807930589,687,343805683,1631300,625803,89251
2026-10-08T23:57:22Z,833209132,329,100721795,899609,256999,27888
2026-10-08T23:57:22Z,839922895,108,21262950,180086,52176,7356
2026-10-08T23:57:22Z,847722000,333,204025283,2238934,579813,45157
2026-10-08T23:57:22Z,848145103,139,2333466533,5882272,1160607,103639
2026-10-08T23:57:22Z,850110028,4676,189768514,706699,380498,36933
2026-10-08T23:57:22Z,855385310,149,392475540,1018049,177346,50878
2026-10-08T23:57:22Z,866362715,157,136888834,346736,106460,19289
2026-10-08T23:57:22Z,873703865,640,453512001,1476221,527136,80592
2026-10-08T23:57:22Z,874010830,181,193554146,570074,128240,32909
2026-10-08T23:57:22Z,892043755,2049,1252123777,3320224,1055521,136801
2026-10-08T23:57:22Z,903807016,7434,1598049828,2852882,1186040,119835
2026-10-08T23:57:22Z,905198065,557,500325708,808784,340637,86390
2026-10-08T23:57:22Z,905954377,419,165348237,426880,102867,17168
2026-10-08T23:57:22Z,909309773,71,246742061,1456218,486102,46530
2026-10-08T23:57:22Z,911750776,2975,1527774692,4483563,1404970,185976
2026-10-08T23:57:22Z,913548071,230,343864399,461808,126911,42114
2026-10-08T23:57:22Z,918677693,1374,311700466,653075,268208,39377
2026-10-08T23:57:22Z,928270134,269,63133569,269681,86093,11566
2026-10-08T23:57:22Z,943733974,194,213704762,860619,563558,52272
2026-10-08T23:57:22Z,947318189,112,331125702,1082280,629597,58764
2026-10-08T23:57:22Z,952510115,189,28732936,439745,46767,15151
2026-10-08T23:57:22Z,953622098,71,108477678,543858,208191,33792
2026-10-08T23:57:22Z,961242429,25,49697972,65897,22546,9828
2026-10-08T23:57:22Z,964540701,216,43121692,433060,160208,26236
2026-10-08T23:57:22Z,972475338,2861,716271234,1892301,503248,82052
2026-10-08T23:57:22Z,985731078,1618,451163283,2276098,935765,52308
2026-10-08T23:57:22Z,994732206,152746,64869179807,20044702,12749136,1065643
2026-10-08T23:57:22Z,1000233041,6573,3317552187,5808747,2005505,180594
2026-10-08T23:57:22Z,1001748136,122,21021724,72535,35040,9029
2026-10-08T23:57:22Z,1001911915,1168,242212240,689167,274578,35925
2026-10-08T23:57:22Z,1003981402,1025,32614127,243020,54775,4747
2026-10-08T23:57:22Z,1005391673,330,20369660,169762,55433,4114
2026-10-08T23:57:22Z,1006875674,186,20912687,29396,8068,1633
2026-10-08T23:57:22Z,1008451066,2610,2954846071,3007184,1297588,542719
2026-10-08T23:57:22Z,1016936714,4080,2268142982,1970761,1451305,182012
2026-10-08T23:57:22Z,1024564064,504,461461096,843153,239274,37831
2026-10-08T23:57:22Z,1037979853,246,496732140,1867128,834470,71110
2026-10-08T23:57:22Z,1048838263,27,25556415,65224,16956,5240
2026-10-08T23:57:22Z,1053132402,1372,573012108,976811,298259,71423
2026-10-08T23:57:22Z,1054526971,3527,631935726,1716869,618557,67753
2026-10-08T23:57:22Z,1069466626,234,216845072,2823124,209190,41973
2026-10-08T23:57:22Z,1072353049,1503,607688044,1328749,417544,37139
2026-10-08T23:57:22Z,1073273083,458,662825231,1724462,511906,111549
2026-10-08T23:57:22Z,1079978427,216,259776517,439840,73581,22806
2026-10-08T23:57:22Z,1087859240,1169,385323978,345250,118584,23298
2026-10-08T23:57:22Z,1091907805,379,273685025,1089069,381955,37705
2026-10-08T23:57:22Z,1111698561,237,699012742,1096894,334533,96313
2026-10-08T23:57:22Z,1116949753,93,122420603,597821,191744,25078
2026-10-08T23:57:22Z,1119466531,310,1944311445,3792763,1139572,103241
2026-10-08T23:57:22Z,1125307892,368,73817129,5729856,401007,14129
2026-10-08T23:57:22Z,1133783360,105,31313633,46515,10257,2610
2026-10-08T23:57:22Z,1135367592,72,84251670,506063,132466,42771
2026-10-08T23:57:22Z,1147304238,573,612965485,1275684,469539,45985
2026-10-08T23:57:22Z,1157126388,273,354027445,1157213,311350,36023
2026-10-08T23:57:22Z,1160789089,1079,857444515,6353034,499538,65981
2026-10-08T23:57:22Z,1162568770,157,51856821,173434,48678,9534
2026-10-08T23:57:22Z,1165835263,318,91963900,264711,114389,18243
2026-10-08T23:57:22Z,1167440934,20,28551091,33080,24531,6505
2026-10-08T23:57:22Z,1168263273,155,550652236,2191151,779495,132042
2026-10-08T23:57:22Z,1170436920,103,11356027,29015,9865,1243
2026-10-08T23:57:22Z,1171251167,1848,292190183,6159247,20636,3221
2026-10-08T23:57:22Z,1175471394,634,202663987,142997,46512,18993
2026-10-08T23:57:22Z,1176784616,9296,5004998783,3519607,2078113,129096
2026-10-08T23:57:22Z,1177208440,890,88325069,204210,99462,27370
2026-10-08T23:57:22Z,1180269832,623,155349999,882983,370771,30651
2026-10-08T23:57:22Z,1182609799,151,296440013,748934,125233,28038
2026-10-08T23:57:22Z,1187091887,321,237422985,506104,172280,50643
2026-10-08T23:57:22Z,1198533421,590,184599615,734472,256615,28988
2026-10-08T23:57:22Z,1200145783,265,17606575,103271,32274,6520
2026-10-08T23:57:22Z,1202096104,21570,3343831363,31783193,2537584,190793
2026-10-08T23:57:22Z,1204566291,122,424707697,997533,307954,100937
2026-10-08T23:57:22Z,1208948106,331,399929119,780536,205858,47518
2026-10-08T23:57:22Z,1214576306,759,1650904496,4305371,1342427,99980
2026-10-08T23:57:22Z,1221933810,185,182726473,512271,85926,23819
2026-10-08T23:57:22Z,1229590289,155,98856566,4194358,61359,8996
2026-10-08T23:57:22Z,1230230722,2493,2835858854,3429863,945163,94034
2026-10-08T23:57:22Z,1235188606,4744,1730596502,14549425,1117606,78729
2026-10-08T23:57:22Z,1247231049,321,53713000,705969,76488,11195
2026-10-08T23:57:22Z,1247975681,252,1870447614,5077026,2156213,379557
2026-10-08T23:57:22Z,1257593254,143,350938163,6377027,216366,18030
2026-10-08T23:57:22Z,1265527561,1047,363850970,662226,144821,23839
2026-10-08T23:57:22Z,1267991351,529,120319852,380688,126172,6107
2026-10-08T23:57:22Z,1268927906,10704,2310394945,2609524,1165686,155276
2026-10-08T23:57:22Z,1269441040,153,288701964,756153,145066,65506
2026-10-08T23:57:22Z,1271059807,2056,76687588,394183,90141,8653
2026-10-08T23:57:22Z,1275875292,282,573823271,1093943,286436,46748
2026-10-08T23:57:22Z,1278035280,6922,782896743,1519130,501760,37309
2026-10-08T23:57:22Z,1281592938,2928,314835725,2602923,471832,39702
2026-10-08T23:57:22Z,1284180886,1995,477563002,665317,102781,26890
2026-10-08T23:57:22Z,1294246302,132,582792910,1104700,326824,81940
2026-10-08T23:57:22Z,1310079979,183,651968014,556570,102958,34802
2026-10-08T23:57:22Z,1312971993,1460,644796971,2033894,570501,90786
2026-10-08T23:57:22Z,1315450727,632,545260128,1043303,169472,27542
2026-10-08T23:57:22Z,1315966725,534,763767567,17714062,156612,125713
2026-10-08T23:57:22Z,1316421563,392,333077995,464074,173016,18019
2026-10-08T23:57:22Z,1318971886,1983,3017737787,4161949,1099748,121845
2026-10-08T23:57:22Z,1325411718,796,400964857,441907,249189,32741
2026-10-08T23:57:22Z,1335695570,479,2161278502,4716870,1622133,131119
2026-10-08T23:57:22Z,1347180440,240,174158581,387404,195529,20786
2026-10-08T23:57:22Z,1352659201,168,69683558,203599,61689,19684
2026-10-08T23:57:22Z,1358133289,1360,1543592435,1594904,282832,46638
2026-10-08T23:57:22Z,1359546589,550,774123969,1235477,580562,88255
2026-10-08T23:57:22Z,1359573625,3152,1642658960,1041641,412976,65652
2026-10-08T23:57:22Z,1374118848,877,70556232,380461,155891,21450
2026-10-08T23:57:22Z,1383204830,143,88880733,544649,204463,90436
2026-10-08T23:57:22Z,1390601379,1844,1453246754,2370675,1366504,271255
2026-10-08T23:57:22Z,1393178180,86,101319100,192644,92764,15684
2026-10-08T23:57:22Z,1400034651,100,24659805,278759,62544,5294
2026-10-08T23:57:22Z,1404342734,333,75408510,293016,116989,22426
2026-10-08T23:57:22Z,1415710834,2265,844646417,2007510,515610,65781
2026-10-08T23:57:22Z,1424449565,315,256868940,988858,317531,80405
2026-10-08T23:57:22Z,1430007363,967,921615231,2427298,142549,29658
2026-10-08T23:57:22Z,1434220026,215,888809117,2678690,1087574,99197
2026-10-08T23:57:22Z,1451439645,4943,4063501393,2772690,1696442,158086
2026-10-08T23:57:22Z,1451869528,16729,12072061,1319259,2209,404
2026-10-08T23:57:22Z,1452258989,986,1977835428,20700061,1265035,307911
2026-10-08T23:57:22Z,1463361180,212,28428067,376079,88080,9955
2026-10-08T23:57:22Z,1480782352,1258,1953904798,2746423,1422270,83503
2026-10-08T23:57:22Z,1742264997,1453,508078441,1293557,676596,73507
2026-10-08T23:57:22Z,1743990973,393,263916107,157144,76255,27082
2026-10-08T23:57:22Z,1751760283,188,286200041,1162743,417368,50477
2026-10-08T23:57:22Z,1761773144,172,239530994,327379,67461,40062
2026-10-08T23:57:22Z,1769712451,825,781406562,1763982,741989,81166
2026-10-08T23:57:22Z,1775919872,556,135905603,522396,228019,18991
2026-10-08T23:57:22Z,1776914212,2683,3008681017,2995679,642826,218788
2026-10-08T23:57:22Z,1782832995,1291,992541465,1415922,910142,147242
2026-10-08T23:57:22Z,1784051919,332,232837504,2122399,355158,20989
2026-10-08T23:57:22Z,1784924271,170,49869268,324389,77963,12470
2026-10-08T23:57:22Z,1787711941,594,99358681,247824,91487,27870
2026-10-08T23:57:22Z,1794056685,2330,140753255,607490,28145,6296
2026-10-08T23:57:22Z,1795206523,620,963320169,933878,264903,83613
2026-10-08T23:57:22Z,1802622907,1345,1307040734,1319541,641625,104355
2026-10-08T23:57:22Z,1802741133,1873,439329119,1127285,404354,30769
2026-10-08T23:57:22Z,1811388660,186,130894889,1452016,30911,9443
2026-10-08T23:57:22Z,1831550657,17192,2250450390,11288398,1415674,116107
2026-10-08T23:57:22Z,1835674207,105,115237851,126087,22502,3499
2026-10-08T23:57:22Z,1836146838,2062,506198276,1366527,348721,65951
2026-10-08T23:57:22Z,1840897362,96,331145349,832627,246848,26401
2026-10-08T23:57:22Z,1851087906,2986,121152750,437870,126451,50011
2026-10-08T23:57:22Z,1852226622,12645,3000779081,2749186,730440,198690
2026-10-08T23:57:22Z,1858442722,111,160610396,640780,237468,50379
2026-10-08T23:57:22Z,1859597048,172,636270048,629827,185072,29452
2026-10-08T23:57:22Z,1860435730,194,104389879,1781769,34414,8367
2026-10-08T23:57:22Z,1861512506,115,81759880,187743,70097,46337
2026-10-08T23:57:22Z,1865885235,115,187625202,3741159,119941,26257
2026-10-08T23:57:22Z,1871172282,310,102052552,355577,176072,51343
2026-10-08T23:57:22Z,1871908106,576,394043295,1090755,281208,49339
2026-10-08T23:57:22Z,1883423040,132,138910601,383667,113049,220930
2026-10-08T23:57:22Z,1888174103,399,415167391,398634,56156,20090
2026-10-08T23:57:22Z,1892760830,638,609598626,1084598,160762,45994
2026-10-08T23:57:22Z,1921509404,299,261226041,176724,41934,12881
2026-10-08T23:57:22Z,1930696602,139,75544461,172076,60963,18746
2026-10-08T23:57:22Z,1934249057,68,586785325,1831627,648270,30718
2026-10-08T23:57:22Z,1943254200,108,49217067,124292,44536,6679
2026-10-08T23:57:22Z,1946714362,2519,62835172,164918,44745,9972
2026-10-08T23:57:22Z,1952819680,234,77751371,1956962,16636,7972
2026-10-08T23:57:22Z,1953956112,282,62645228,885792,45269,5259
2026-10-08T23:57:22Z,1954152886,2584,169985779,252028,64171,9125
2026-10-08T23:57:22Z,1958807588,180,289112562,331685,147635,58959
2026-10-08T23:57:22Z,1962399895,224,63335152,170804,138994,22240
2026-10-08T23:57:22Z,1963768903,110,165018242,457687,71773,34614
2026-10-08T23:57:22Z,1964570867,106,747818285,1069625,277696,75333
2026-10-08T23:57:22Z,1998835206,2145,594594056,1178566,514482,77608
2026-10-08T23:57:22Z,2007050448,626,205477000,332016,126173,19598
2026-10-08T23:57:22Z,2017809925,3904,739917574,16019838,111510,52837
2026-10-08T23:57:22Z,2020908522,557,546775234,594219,106536,20187
2026-10-08T23:57:22Z,2023680558,2708,1584089352,1825128,402303,78934
2026-10-08T23:57:22Z,2026574412,231,120915943,1080743,176160,4880
2026-10-08T23:57:22Z,2027832238,1219,206029064,107100,52386,15410
2026-10-08T23:57:22Z,2029776337,202,262323813,471516,78419,21465
2026-10-08T23:57:22Z,2033000034,213,221997744,242042,96576,11992
2026-10-08T23:57:22Z,2033913602,146,435143707,1279269,415705,30396
2026-10-08T23:57:22Z,2047210140,85,1176496232,2558322,790060,133049
2026-10-08T23:57:22Z,2049551477,1550,1486073622,1946562,454307,69503
2026-10-08T23:57:22Z,2065706268,525,163709277,417979,74301,17925
2026-10-08T23:57:22Z,2073329983,621,246497244,4778444,507045,34662
2026-10-08T23:57:22Z,2080556531,285,110850135,115867,38032,5058
2026-10-08T23:57:22Z,2082205150,591,186049368,558985,191826,11929
2026-10-08T23:57:22Z,2087494287,734,692335509,554362,68061,19371
2026-10-08T23:57:22Z,2092410051,1020,339048831,1410808,514866,67739
2026-10-08T23:57:22Z,2113323331,1356,894058959,922468,150506,41841
2026-10-08T23:57:22Z,2114144926,263,1112014215,532867,439200,32467
2026-10-08T23:57:22Z,2126386806,1648,2679723756,2600726,1055547,191513
2026-10-08T23:57:22Z,2131410080,293,19026729,68669,16824,3948
2026-10-08T23:57:22Z,2132866904,237,211920125,1669915,471470,70591
2026-10-08T23:57:22Z,2137105308,503,55159830,171572,39375,13333
2026-10-08T23:57:22Z,2138463428,142,33788822,436610,44727,11385
2026-10-08T23:57:22Z,2139712082,591,78090858,198479,85732,21548
2026-10-08T23:57:22Z,2142948266,104,680019982,1169531,779630,73899
2026-10-08T23:57:22Z,2146451001,111,292765085,3065493,78617,24841
2026-10-08T23:57:22Z,2149444938,489,98726736,437664,72730,14360
2026-10-08T23:57:22Z,2151379579,91,1534317030,1121560,208436,58681
2026-10-08T23:57:22Z,2152417643,873,93024233,179636,58405,27123
2026-10-08T23:57:22Z,2153167977,672,166028508,368373,136413,19179
2026-10-08T23:57:22Z,2153667358,113,141717280,303564,91140,10902
2026-10-08T23:57:22Z,2153753929,167,43306147,114312,46071,8757
2026-10-08T23:57:22Z,2157233282,10972,39196503,3512559,9765,2790
2026-10-08T23:57:22Z,2157872230,4021,1296469163,2180210,633924,171661
2026-10-08T23:57:22Z,2160907981,385,1322599892,2113022,518724,108019
2026-10-08T23:57:22Z,2165551367,283,678115557,2463983,131389,22466
2026-10-08T23:57:22Z,2171758161,438,243021091,97145,15950,11972
2026-10-08T23:57:22Z,2176187244,950,316501763,243422,48679,15525
2026-10-08T23:57:22Z,2177157737,91,35445485,111366,60392,27691
2026-10-08T23:57:22Z,2195939586,343,245206581,750789,200351,49732
2026-10-08T23:57:22Z,2198666251,130,82473843,51166,11669,2744
2026-10-08T23:57:22Z,2200020629,377,102874199,210873,74307,23842
2026-10-08T23:57:22Z,2220495353,2098,1167349685,1448474,315211,57897
2026-10-08T23:57:22Z,2227097851,156,7716760,15418,9287,869
2026-10-08T23:57:22Z,2232507648,174,235245019,669271,398697,25294
2026-10-08T23:57:22Z,2233937689,1512,78429953,156465,57536,8819
2026-10-08T23:57:22Z,2236455574,1711,828372346,695823,176098,80096
2026-10-08T23:57:22Z,2239430935,712,361895120,1137087,237311,20025
2026-10-08T23:57:22Z,2247578975,2516,1237357111,14951555,119658,94894
2026-10-08T23:57:22Z,2250844717,457,2581226,175271,1548,1217
2026-10-08T23:57:22Z,2251388500,2268,194655834,561311,216989,23189
2026-10-08T23:57:22Z,2254119010,105,1640848,28741,3568,276
2026-10-08T23:57:22Z,2257943402,143,328689325,996332,330317,71485
2026-10-08T23:57:22Z,2263267302,268,29892873,178901,57383,5483
2026-10-08T23:57:22Z,2270890905,105,53200363,288509,101308,10260
2026-10-08T23:57:22Z,2273199208,301,613053529,572060,80568,14634
2026-10-08T23:57:22Z,2274830359,14254,3041707288,2075020,311697,104218
2026-10-08T23:57:22Z,2278167893,149,148957010,190721,33337,14798
2026-10-08T23:57:22Z,2281570018,686,134527213,116915,60008,14006
2026-10-08T23:57:22Z,2283649692,855,110696734,260131,78715,29717
2026-10-08T23:57:22Z,2287245386,287,208493771,235179,111713,74314
2026-10-08T23:57:22Z,2294168059,1590,1259326758,3401186,1131032,125430
2026-10-08T23:57:22Z,2297891297,260,39510726,54718,21034,5096
2026-10-08T23:57:22Z,2305929206,2800,258907047,1695420,176484,11863
2026-10-08T23:57:22Z,2309918273,1324,54511268,531513,205961,22371
2026-10-08T23:57:22Z,2316994223,470,8992540633,5968838,4220006,395251
2026-10-08T23:57:22Z,2324018757,326,74829267,232248,118563,18315
2026-10-08T23:57:22Z,2324662457,1650,1334243862,1566505,1151643,86925
2026-10-08T23:57:22Z,2327461601,804,382251167,493481,114684,24763
2026-10-08T23:57:22Z,2327642508,178,510289298,1633292,489789,62415
2026-10-08T23:57:22Z,2331157949,110,171500654,511134,203027,18605
2026-10-08T23:57:22Z,2339944792,121,31785943,171386,36632,7236
2026-10-08T23:57:22Z,2350840700,658,72788189,406764,147604,12938
2026-10-08T23:57:22Z,2360092394,4498,345833835,9065869,147433,15788
2026-10-08T23:57:22Z,2366560560,1435,981272506,2351276,258435,44707
2026-10-08T23:57:22Z,2369077151,4214,430364013,11380653,456627,18476
2026-10-08T23:57:22Z,2380077519,7659,3654587980,4664506,1958476,317510
2026-10-08T23:57:22Z,2383988292,148,497342031,908657,227017,19803
2026-10-08T23:57:22Z,2393639258,116,31971452,84905,31695,10573
2026-10-08T23:57:22Z,2401478287,227,107851210,413159,193385,28064
2026-10-08T23:57:22Z,2404080894,2921,2020093505,4118123,1975550,215115
2026-10-08T23:57:22Z,2406494408,247,429447657,431386,97719,42058
2026-10-08T23:57:22Z,2408700413,458,306766734,667620,255359,77448
2026-10-08T23:57:22Z,2416015385,56,7919537,47833,10957,884
2026-10-08T23:57:22Z,2426874309,271,222645995,682819,216805,34053
2026-10-08T23:57:22Z,2435789930,2708,2944577184,2339237,876066,106598
2026-10-08T23:57:22Z,2440500124,41449,7846513647,8252044,4727237,354741
2026-10-08T23:57:22Z,2443177453,2028,698899403,1212670,449404,53482
2026-10-08T23:57:22Z,2456044697,194,136865185,222089,38471,8900
2026-10-08T23:57:22Z,2464573238,363,288707297,272661,53522,31215
2026-10-08T23:57:22Z,2491559356,705,89272939,181096,60763,17609
2026-10-08T23:57:22Z,2492481398,445,414589518,1297595,601004,47909
2026-10-08T23:57:22Z,2498556598,157,23937937,141862,41714,8663
2026-10-08T23:57:22Z,2499076778,228,174071945,367828,137927,51324
2026-10-08T23:57:22Z,2516044547,346,641617617,1640363,719618,160565
2026-10-08T23:57:22Z,2520686564,779,88679826,139832,33646,5142
2026-10-08T23:57:22Z,2527789729,2200,118111187,373159,98222,26741
2026-10-08T23:57:22Z,2528641125,425,121422462,266960,87776,12488
2026-10-08T23:57:22Z,2538086639,971,656381109,279986,41026,21780
2026-10-08T23:57:22Z,2541236151,89,45226922,164669,44982,4644
2026-10-08T23:57:22Z,2544016903,674,30494099,57108,10618,1242
2026-10-08T23:57:22Z,2544520106,330,289499470,540680,335210,35342
2026-10-08T23:57:22Z,2548183080,457,79383634,291487,150059,13014
2026-10-08T23:57:22Z,2549475383,2033,5502715714,57600609,1332764,150767
2026-10-08T23:57:22Z,2563713593,126,94530616,194706,126791,38293
2026-10-08T23:57:22Z,2564505263,209,1656166532,2749737,778562,60701
2026-10-08T23:57:22Z,2575793677,195,36926877,351774,114861,15461
2026-10-08T23:57:22Z,2575809686,157,6322625,28849,13263,2663
2026-10-08T23:57:22Z,2577700536,354,73200647,169719,268883,19193
2026-10-08T23:57:22Z,2583564222,3787,1121147987,4171543,362882,85775
2026-10-08T23:57:22Z,2587270618,192,505444792,657332,114910,33327
2026-10-08T23:57:22Z,2588044974,348,640046495,774728,285651,18873
2026-10-08T23:57:22Z,2589957623,2695,639051984,9016608,123196,19102
2026-10-08T23:57:22Z,2605831977,350,492507221,4389147,264205,38124
2026-10-08T23:57:22Z,2618786652,202,52672897,327845,72740,11301
2026-10-08T23:57:22Z,2619619496,29318,11756306990,4634457,2480245,533948
2026-10-08T23:57:22Z,2620076187,246,215173119,274316,116886,20807
2026-10-08T23:57:22Z,2621511041,1253,76495758,280514,65269,26660
2026-10-08T23:57:22Z,2623596063,209,98404374,172954,49638,13047
2026-10-08T23:57:22Z,2626227051,3255,1109052711,1071156,500486,80617
2026-10-08T23:57:22Z,2628404708,345,1016642010,2106623,621469,66639
2026-10-08T23:57:22Z,2636039700,169,393854088,391111,89350,58824
2026-10-08T23:57:22Z,2640407187,1433,543062327,429577,167412,26321
2026-10-08T23:57:22Z,2643072291,720,98816363,1009436,108607,22351
2026-10-08T23:57:22Z,2644656496,814,307525354,4474692,1802426,42672
2026-10-08T23:57:22Z,2647834887,179,902312971,20688832,326274,48133
2026-10-08T23:57:22Z,2652888345,2911,265614726,128259,21550,5953
2026-10-08T23:57:22Z,2655290561,120,220361716,585224,280418,44514
2026-10-08T23:57:22Z,2655311011,338,1427443536,3272151,2313631,60514
2026-10-08T23:57:22Z,2655478023,2019,1038365379,3520261,105259,124970
2026-10-08T23:57:22Z,2655895471,117,81738534,160408,37605,16400
2026-10-08T23:57:22Z,2668101271,19192,3605138926,2582659,949789,231933
2026-10-08T23:57:22Z,2682938349,4411,682500831,661518,252696,21270
2026-10-08T23:57:22Z,2703506783,79,339266331,214441,40023,15260
2026-10-08T23:57:22Z,2705536355,238,54014786,122241,46555,12518
2026-10-08T23:57:22Z,2711375305,67480,8058906586,5900685,3028582,203334
2026-10-08T23:57:22Z,2717209656,178,27584525,80120,14048,5343
2026-10-08T23:57:22Z,2719766208,345,74389723,352633,137468,15585
2026-10-08T23:57:22Z,2727447177,2740,516859378,1906274,567829,30072
2026-10-08T23:57:22Z,2729513759,2538,1717214273,2318592,494149,77442
2026-10-08T23:57:22Z,2754593977,2639,756010821,1001391,210820,34111
2026-10-08T23:57:22Z,2765784373,4094,91712052,537037,212439,13896
2026-10-08T23:57:22Z,2781888563,127,365116960,3499108,73663,29583
2026-10-08T23:57:22Z,2781894239,194,418429856,426282,70033,72158
2026-10-08T23:57:22Z,2782489944,180,25265014,52411,16664,4406
2026-10-08T23:57:22Z,2783797267,14572,714573458,8228974,377475,45391
2026-10-08T23:57:22Z,2788648141,1610,1011336507,2170943,1281556,120733
2026-10-08T23:57:22Z,2799421838,207,77514901,1521710,4502,588
2026-10-08T23:57:22Z,2802559498,568,356240571,880428,339920,38885
2026-10-08T23:57:22Z,2805713501,300,798023979,806339,190476,42212
2026-10-08T23:57:22Z,2807944996,131,56475406,66794,28952,7453
2026-10-08T23:57:22Z,2820580801,327,329450270,408292,398606,50677
2026-10-08T23:57:22Z,2821905072,2650,281075079,5803062,218961,8061
2026-10-08T23:57:22Z,2822776643,3180,145263810,241901,158107,15120
2026-10-08T23:57:22Z,2826640183,301,770438173,690941,188367,44666
2026-10-08T23:57:22Z,2827951974,477,816724955,692366,118794,28659
2026-10-08T23:57:22Z,2839156349,266,15608560,25402,5983,2056
2026-10-08T23:57:22Z,2851381018,3243,865912311,1444360,669393,45140
2026-10-08T23:57:22Z,2860485766,77,58247982,2025544,86725,10172
2026-10-08T23:57:22Z,2862098693,2328,159068304,458346,95251,27661
2026-10-08T23:57:22Z,2865006607,491,99815882,148430,39728,18287
2026-10-08T23:57:22Z,2865328349,184,60242947,359783,202769,25055
2026-10-08T23:57:22Z,2865535599,111,839862126,2767060,430443,53222
2026-10-08T23:57:22Z,2872881913,1785,379796248,1135395,156386,24522
2026-10-08T23:57:22Z,2880808628,132,33990478,119608,68386,12136
2026-10-08T23:57:22Z,2886328901,150,34376745,147389,40071,11588
2026-10-08T23:57:22Z,2894092245,143,204890443,12969855,14790,7905
2026-10-08T23:57:22Z,2900817893,154,15094913,36813,27167,3417
2026-10-08T23:57:22Z,2916593387,941,184090085,498273,191010,38393
2026-10-08T23:57:22Z,2920257964,75,285830816,175488,98917,18165
2026-10-08T23:57:22Z,2921237723,211,144208956,775442,144982,36873
2026-10-08T23:57:22Z,2932087834,141,90179756,333302,70007,13427
2026-10-08T23:57:22Z,2936053166,13714,2276327785,1869659,1522953,101765
2026-10-08T23:57:22Z,2938948258,115,14046462,57530,14029,1428
2026-10-08T23:57:22Z,2943850166,3329,141547749,98462,58850,4569
2026-10-08T23:57:22Z,2949408954,77,114688369,171373,26251,4002
2026-10-08T23:57:22Z,2953945619,150,130755893,458548,189088,34783
2026-10-08T23:57:22Z,2954818192,1727,447994846,8763620,71028,11698
2026-10-08T23:57:22Z,2955322961,480,1030313642,1163411,1217415,104584
2026-10-08T23:57:22Z,2957056386,190,16391016,561825,8074,1306
2026-10-08T23:57:22Z,2970472544,113,583898780,26590023,103958,33480
2026-10-08T23:57:22Z,2979369058,2614,182446020,285884,93347,19923
2026-10-08T23:57:22Z,2992277256,73,32314331,60973,23120,13428
2026-10-08T23:57:22Z,2992873140,2007,1440720101,1036368,495103,82711
2026-10-08T23:57:22Z,3012965062,3052,682388556,6513522,563842,53720
2026-10-08T23:57:22Z,3013715655,561,331087780,2673325,196578,18317
2026-10-08T23:57:22Z,3032132418,474,79114527,96501,39087,9543
2026-10-08T23:57:22Z,3034836582,303,507598946,1922375,87621,61168
2026-10-08T23:57:22Z,3047037061,980,155037848,157127,84932,13165
2026-10-08T23:57:22Z,3056160040,877,985062749,1422334,460186,95023
2026-10-08T23:57:22Z,3060525991,673,70771127,84087,23724,11197
2026-10-08T23:57:22Z,3063853166,88,33534048,745714,362989,9518
2026-10-08T23:57:22Z,3064619271,505,19615415,94026,41277,6012
2026-10-08T23:57:22Z,3079618996,4095,816145578,1162318,305392,41553
2026-10-08T23:57:22Z,3081555258,76,59108207,491619,169967,13168
2026-10-08T23:57:22Z,3085257211,4789,5138227163,3872676,1538079,303811
2026-10-08T23:57:22Z,3085857678,250,257599097,945248,126158,34216
2026-10-08T23:57:22Z,3088609243,791,752870900,623417,107460,35800
2026-10-08T23:57:22Z,3097803944,1093,380169672,191021,35068,21025
2026-10-08T23:57:22Z,3104101863,272,231373198,1150238,364862,32454
2026-10-08T23:57:22Z,3107874866,160,71992434,894905,53054,11253
2026-10-08T23:57:22Z,3108473052,372,334931520,1082176,483372,30211
2026-10-08T23:57:22Z,3109731140,131,463097901,1257301,243667,29917
2026-10-08T23:57:22Z,3110388936,2351,92968964,312005,180466,19302
2026-10-08T23:57:22Z,3114128441,134,119980414,141930,60298,19813
2026-10-08T23:57:22Z,3116863918,236,19449670,38780,10865,2256
2026-10-08T23:57:22Z,3124818385,1539,92197226,275691,70332,5991
2026-10-08T23:57:22Z,3129182821,101,109378219,377608,110336,11367
2026-10-08T23:57:22Z,3132040251,191,514429127,547255,267299,55354
2026-10-08T23:57:22Z,3149100453,1186,245766943,1337545,184964,54570
2026-10-08T23:57:22Z,3164075108,2754,289631767,749809,499362,28220
2026-10-08T23:57:22Z,3166350952,152,22766292,213340,46526,3619
2026-10-08T23:57:22Z,3168615253,2008,547627563,739494,448872,113831
2026-10-08T23:57:22Z,3170483284,196,72461723,211944,55388,15665
2026-10-08T23:57:22Z,3171190217,340,239058621,885879,251717,12260
2026-10-08T23:57:22Z,3177453609,406,216890096,512882,110710,11915
2026-10-08T23:57:22Z,3178326002,19,29681906,20144,7293,1205
2026-10-08T23:57:22Z,3183403065,2118,2513220867,1398299,723614,65226
2026-10-08T23:57:22Z,3183742847,3703,632203258,518315,178689,74370
2026-10-08T23:57:22Z,3185207046,127,25054941,121768,55340,6465
2026-10-08T23:57:22Z,3187798118,143,109734876,301541,106923,22106
2026-10-08T23:57:22Z,3187874989,3230,189294927,252539,86079,14520
2026-10-08T23:57:22Z,3191268194,1024,1364458694,5592606,1054222,48572
2026-10-08T23:57:22Z,3195917432,382,68294250,122059,52100,7374
2026-10-08T23:57:22Z,3198546127,291,82030567,147834,27919,3384
2026-10-08T23:57:22Z,3204175584,2665,1210969882,1050776,225559,36763
2026-10-08T23:57:22Z,3210778402,841,121929591,108490,10914,3682
2026-10-08T23:57:22Z,3218272328,455,86148861,268238,35274,7652
2026-10-08T23:57:22Z,3219620210,627,38745882,81256,19525,4247
2026-10-08T23:57:22Z,3222531984,268,108384880,224908,79776,9096
2026-10-08T23:57:22Z,3223065041,229,115605339,495464,137350,14641
2026-10-08T23:57:22Z,3227754471,696,77403982,160257,35447,6657
2026-10-08T23:57:22Z,3232181171,158,60116524,230307,89904,9879
2026-10-08T23:57:22Z,3232838484,522,91638723,137045,46789,3871
2026-10-08T23:57:22Z,3237615544,46,328248236,117546,16013,8537
2026-10-08T23:57:22Z,3240075297,43238,8823193942,3658963,1147356,186152
2026-10-08T23:57:22Z,3240343305,111,170470500,1373045,341443,24029
2026-10-08T23:57:22Z,3249295527,256,317027178,602519,143238,25804
2026-10-08T23:57:22Z,3256689155,284,326996270,291742,160663,41311
2026-10-08T23:57:22Z,3258251641,218,107098543,162453,91566,17934
2026-10-08T23:57:22Z,3258873704,1119,431620166,285208,143522,49646
2026-10-08T23:57:22Z,3261058889,447,16429441,73058,18514,3349
2026-10-08T23:57:22Z,3262314006,557,549046979,854723,556039,38181
2026-10-08T23:57:22Z,3264293423,351,235239430,686063,173742,18158
2026-10-08T23:57:22Z,3264581003,904,120563180,197681,103568,26053
2026-10-08T23:57:22Z,3267012194,642,327906721,1088950,266432,40325
2026-10-08T23:57:22Z,3274669156,179,70666014,683261,87284,14306
2026-10-08T23:57:22Z,3274817696,155,142826300,154760,48328,41791
2026-10-08T23:57:22Z,3289847355,407,31565309,43356,15923,3676
2026-10-08T23:57:22Z,3291589472,148,56463048,147515,54641,4993
2026-10-08T23:57:22Z,3293514480,1086,211056346,600177,190293,40296
2026-10-08T23:57:22Z,3293525400,210,75761041,312203,120620,15089
2026-10-08T23:57:22Z,3308103880,5393,1838686199,2119555,494088,77333
2026-10-08T23:57:22Z,3310460039,6998,4725464167,105230979,405390,263501
2026-10-08T23:57:22Z,3311164447,630,42431371,20526,4305,1651
2026-10-08T23:57:22Z,3317064564,409,79660163,626506,230858,19914
2026-10-08T23:57:22Z,3317679266,2489,5245276227,4439625,3697930,279214
2026-10-08T23:57:22Z,3317771874,45980,2661933889,2204609,3069485,170519
2026-10-08T23:57:22Z,3322582746,211,72888322,91097,29182,13684
2026-10-08T23:57:22Z,3326279937,173,74881578,410079,113338,19240
2026-10-08T23:57:22Z,3332494509,232,268532760,415406,119654,14103
2026-10-08T23:57:22Z,3333234029,133,5597525,91331,29873,6222
2026-10-08T23:57:22Z,3344795851,557,448632143,276420,47081,33349
2026-10-08T23:57:22Z,3346892457,1742,455882131,198995,25317,10943
2026-10-08T23:57:22Z,3347455347,456,67932720,317130,122552,19637
2026-10-08T23:57:22Z,3349588628,219,59286070,1233527,39378,6489
2026-10-08T23:57:22Z,3354479870,543,166492715,291548,94485,16995
2026-10-08T23:57:22Z,3358820946,147,354875309,3065835,40046,10981
2026-10-08T23:57:22Z,3359505957,2942,210461620,329146,126506,9920
2026-10-08T23:57:22Z,3365661357,743,499178588,734990,405021,53595
2026-10-08T23:57:22Z,3371147486,904,207982099,193579,36138,13478
2026-10-08T23:57:22Z,3384187191,383,67470554,73667,29826,8272
2026-10-08T23:57:22Z,3400106011,238,59544842,826525,46918,7689
2026-10-08T23:57:22Z,3405618667,3067,1535746075,3296931,1593467,137800
2026-10-08T23:57:22Z,3408154779,290,101737607,178770,69749,11443
2026-10-08T23:57:22Z,3417194043,1068,8170193,34985,8582,11143
2026-10-08T23:57:22Z,3419284255,2465,420423509,866562,456721,45949
2026-10-08T23:57:22Z,3420059569,801,970918275,27491741,97090,96121
2026-10-08T23:57:22Z,3421408084,445,616896498,635145,355036,81318
2026-10-08T23:57:22Z,3426175130,618,257419866,110203,25080,11110
2026-10-08T23:57:22Z,3437355615,167,216302685,264202,214054,11824
2026-10-08T23:57:22Z,3441153192,415,30366658,27493,4879,4708
2026-10-08T23:57:22Z,3448264866,2045,70652499,357357,131795,6988
2026-10-08T23:57:22Z,3451663900,119,237748782,1135793,683640,70349
2026-10-08T23:57:22Z,3457700596,2350,1073033949,1009043,1137335,129913
2026-10-08T23:57:22Z,3472652814,68,42794547,73591,21049,3404
2026-10-08T23:57:22Z,3472976893,976,193799530,3680264,64220,14640
2026-10-08T23:57:22Z,3475191052,176,401799758,693243,267060,25171
2026-10-08T23:57:22Z,3476371299,322,978661800,1366101,1570727,63823
2026-10-08T23:57:22Z,3478678937,212,29981240,82107,39365,4886
2026-10-08T23:57:22Z,3480296203,143,216676897,342549,112698,29828
2026-10-08T23:57:22Z,3491874687,317,17136504,266202,29088,3150
2026-10-08T23:57:22Z,3493529497,70,50203674,133451,45074,5250
2026-10-08T23:57:22Z,3494556606,367,521612808,1991368,882191,32601
2026-10-08T23:57:22Z,3502524667,1080,767647840,3697215,80308,47848
2026-10-08T23:57:22Z,3507461489,129,21174477,35999,11635,1669
2026-10-08T23:57:22Z,3508322461,147855,7536386019,3087567,2632555,421224
2026-10-08T23:57:22Z,3512256796,1505,42031344,343179,183437,6235
2026-10-08T23:57:22Z,3515267380,933,183822172,440774,124065,41131
2026-10-08T23:57:22Z,3531364646,187,122837547,7221954,23605,11243
2026-10-08T23:57:22Z,3532628446,147,17353350,155587,32690,3355
2026-10-08T23:57:22Z,3536173216,301,96252814,55500,10184,7644
2026-10-08T23:57:22Z,3536180561,124,4962326,55033,17388,1430
2026-10-08T23:57:22Z,3539082945,338,72065384,866457,27807,5847
2026-10-08T23:57:22Z,3541611379,4407,417696153,338414,334072,20175
2026-10-08T23:57:22Z,3544574074,55,32078126,916201,90914,10158
2026-10-08T23:57:22Z,3549098124,146,19707148,12311,3723,646
2026-10-08T23:57:22Z,3550555214,125,19862179,122581,32970,13617
2026-10-08T23:57:22Z,3551414857,911,639095546,1334786,547947,68951
2026-10-08T23:57:22Z,3560583071,735,316101420,257562,55083,16507
2026-10-08T23:57:22Z,3569141441,172,54389253,310745,75731,15038
2026-10-08T23:57:22Z,3573098848,163,194858459,412542,163754,18107
2026-10-08T23:57:22Z,3576572609,99,13934342,36460,14416,2085
2026-10-08T23:57:22Z,3593138763,98,22833778,291491,66191,8981
2026-10-08T23:57:22Z,3602256716,127,80367009,541273,118593,9072
2026-10-08T23:57:22Z,3608594708,993,426424957,678567,1023148,37139
2026-10-08T23:57:22Z,3608732146,153,120763479,763833,1214711,23147
2026-10-08T23:57:22Z,3615728730,196,27262546,520423,129993,14069
2026-10-08T23:57:22Z,3620011279,573,216608384,724449,423156,37689
2026-10-08T23:57:22Z,3623695803,281,70527685,66283,33120,3265
2026-10-08T23:57:22Z,3624423521,1635,934828190,628129,373251,53933
2026-10-08T23:57:22Z,3626363135,399,39333383,69979,25876,7862
2026-10-08T23:57:22Z,3627275994,38,34455536,166941,57865,6099
2026-10-08T23:57:22Z,3634139746,551,164523248,98557,50639,20020
2026-10-08T23:57:22Z,3645347821,211,389981639,665982,381222,76210
2026-10-08T23:57:22Z,3647333358,24192,9275635800,8302816,3242669,211011
2026-10-08T23:57:22Z,3647595473,245,63227593,116570,23888,5269
2026-10-08T23:57:22Z,3655030699,45,132868567,3534115,542403,16322
2026-10-08T23:57:22Z,3661343497,1299,202423525,253856,72680,6227
2026-10-08T23:57:22Z,3661799116,119,50468150,86186,25086,9357
2026-10-08T23:57:22Z,3666294218,752,60633730,422717,121057,15574
2026-10-08T23:57:22Z,3704826615,910,13409831,57045,17280,11090
2026-10-08T23:57:22Z,3706757136,176,39109301,116519,49159,7080
2026-10-08T23:57:22Z,3717250353,415,183150098,564688,218404,32954
2026-10-08T23:57:22Z,3717264063,278,631696995,2224279,760153,66497
2026-10-08T23:57:22Z,3725528263,425,107765820,140019,33818,14939
2026-10-08T23:57:22Z,3730079862,4565,60713499,493165,163830,14284
2026-10-08T23:57:22Z,3734304510,2042,441333757,462674,278172,50610
2026-10-08T23:57:22Z,3741075732,568,54450433,445962,105472,16239
2026-10-08T23:57:22Z,3746418487,2348,336543633,415655,71309,15842
2026-10-08T23:57:22Z,3747388906,721,48256723,284436,46761,8183
2026-10-08T23:57:22Z,3749444437,844,80478548,10133754,15769,2880
2026-10-08T23:57:22Z,3754482795,6392,1300926886,4624141,354297,44314
2026-10-08T23:57:22Z,3756501373,2341,718254402,443491,417524,32958
2026-10-08T23:57:22Z,3759884822,562,140738876,127249,46138,4085
2026-10-08T23:57:22Z,3761186887,643,437417287,2335685,589603,51653
2026-10-08T23:57:22Z,3764631130,556,38551776,67544,9270,2508
2026-10-08T23:57:22Z,3781225418,192,58226304,117036,44189,7432
2026-10-08T23:57:22Z,3802391897,305,76114782,281430,31805,9502
2026-10-08T23:57:22Z,3808081382,45373,19376148409,7695058,5317833,1030385
2026-10-08T23:57:22Z,3808223175,1257,723735970,3272888,1840413,60454
2026-10-08T23:57:22Z,3825332406,221,254552759,382408,238869,16211
2026-10-08T23:57:22Z,3826087550,199,35030962,141001,43596,14647
2026-10-08T23:57:22Z,3827505494,248,30918267,51807,15425,6321
2026-10-08T23:57:22Z,3835375262,293,250205373,237260,36128,5822
2026-10-08T23:57:22Z,3837114739,901,43921923,155544,43768,4252
2026-10-08T23:57:22Z,3841172115,1300,159906315,719181,98746,11389
2026-10-08T23:57:22Z,3846592040,416,136466006,183681,63711,17452
2026-10-08T23:57:22Z,3852524123,192,92114913,2174955,8375,2362
2026-10-08T23:57:22Z,3854678859,185,403089449,192129,34803,11855
2026-10-08T23:57:22Z,3864279452,1244,532276898,667781,321348,108131
2026-10-08T23:57:22Z,3869462497,557,350606981,291606,47027,19718
2026-10-08T23:57:22Z,3870834201,132,117636304,517993,215121,63387
2026-10-08T23:57:22Z,3873871110,1346,39021410,511248,37807,7904
2026-10-08T23:57:22Z,3874877728,141,95452899,2198918,10387,1560
2026-10-08T23:57:22Z,3876150506,1522,505861058,6763279,614012,41941
2026-10-08T23:57:22Z,3878727131,227,117694427,187350,88070,8583
2026-10-08T23:57:22Z,3882062045,431,187382439,267741,104855,8970
2026-10-08T23:57:22Z,3887521769,858,149368975,8656129,10615,6806
2026-10-08T23:57:22Z,3891658292,298,400955395,14526240,109153,26370
2026-10-08T23:57:22Z,3898041240,58,88213466,98375,35620,32997
2026-10-08T23:57:22Z,3898855449,145,26103132,93494,51435,12933
2026-10-08T23:57:22Z,3913007563,2650,143508731,315319,183524,33417
2026-10-08T23:57:22Z,3916548970,592,143017363,265256,143735,9875
2026-10-08T23:57:22Z,3918560032,286,85529527,282015,77774,16594
2026-10-08T23:57:22Z,3934054182,115,63335045,1125290,184623,11294
2026-10-08T23:57:22Z,3936365689,1691,73703780,349413,203843,15438
2026-10-08T23:57:22Z,3945578236,2764,113013082,107813,28271,12964
2026-10-08T23:57:22Z,3951147015,1059,141308249,193522,94646,13973
2026-10-08T23:57:22Z,3954883335,32,13323986,4171,2237,763
2026-10-08T23:57:22Z,3958291198,205,41299401,81998,38317,7651
2026-10-08T23:57:22Z,3962631979,299,152249524,1109287,8720,6440
2026-10-08T23:57:22Z,3965173814,135,244609642,273662,319288,12308
2026-10-08T23:57:22Z,3983828495,617,220307164,163514,100825,24552
2026-10-08T23:57:22Z,3989768869,405,334403187,876080,291199,62574
2026-10-08T23:57:22Z,3989869156,265,95623918,1591742,69314,8271
2026-10-08T23:57:22Z,3990106548,8093,1874300905,6418086,479061,96307
2026-10-08T23:57:22Z,3992524315,224,92336015,102134,34741,23566
2026-10-08T23:57:22Z,3993508361,88,106150065,865902,117045,15402
2026-10-08T23:57:22Z,4007686136,711,170283407,95861,44314,15083
2026-10-08T23:57:22Z,4018794732,737,295319988,279053,33206,9116
2026-10-08T23:57:22Z,4019583467,1325,386964586,797689,641179,49682
2026-10-08T23:57:22Z,4028801234,564,239598885,12775745,29293,23035
2026-10-08T23:57:22Z,4044579438,683,350674645,22430889,16983,11184
2026-10-08T23:57:22Z,4048852641,148,25872700,202470,65424,11100
2026-10-08T23:57:22Z,4049246711,9096,932310287,623818,228147,124876
2026-10-08T23:57:22Z,4049380684,146,14532925,119397,33190,3176
2026-10-08T23:57:22Z,4050977276,207,316391471,7715093,26118,28843
2026-10-08T23:57:22Z,4053293514,2657,334150686,889746,238308,14221
2026-10-08T23:57:22Z,4069560710,101,290219237,322323,444871,22877
2026-10-08T23:57:22Z,4071487712,555,31336662,127791,37339,3622
2026-10-08T23:57:22Z,4072288216,114,222226175,344709,165102,78539
2026-10-08T23:57:22Z,4075802159,306,261786412,90215,7317,2962
2026-10-08T23:57:22Z,4079077350,621,7677852,71083,19236,2356
2026-10-08T23:57:22Z,4082023366,109,158791409,186393,40175,3926
2026-10-08T23:57:22Z,4086773669,200,506396751,242475,84395,29768
2026-10-08T23:57:22Z,4098607814,146,276547375,270448,79955,26682
2026-10-08T23:57:22Z,4107809076,1047,311787135,119657,16648,11860
2026-10-08T23:57:22Z,4113699767,191,61391289,299998,82727,7300
2026-10-08T23:57:22Z,4126908979,124,30388099,181253,81368,31905
2026-10-08T23:57:22Z,4130089970,180,10868022,28438,9782,2660
2026-10-08T23:57:22Z,4130569984,1393,257694791,395332,200512,24220
2026-10-08T23:57:22Z,4139766490,779,423050198,502854,270714,561195
2026-10-08T23:57:22Z,4142544848,702,30987799,25658,18411,3353
2026-10-08T23:57:22Z,4144991005,30,63410134,116639,118581,9010
2026-10-08T23:57:22Z,4147392742,388,518319238,8836206,812384,43295
2026-10-08T23:57:22Z,4150150482,779,14277848,13782,7384,1948
2026-10-08T23:57:22Z,4153755477,1947,933467022,601543,541767,96665
2026-10-08T23:57:22Z,4154513353,763,267758259,532994,192265,44001
2026-10-08T23:57:22Z,4161745937,237,90738682,297567,90144,20929
2026-10-08T23:57:22Z,4165164803,6604,568726976,572451,183792,57112
2026-10-08T23:57:22Z,4165288042,128,6857271,64841,16912,4053
2026-10-08T23:57:22Z,4170977322,1079,318094225,15958464,359276,31057
2026-10-08T23:57:22Z,4178985930,169,13426858,50126,18182,4300
2026-10-08T23:57:22Z,4181957649,2305,725267035,1119964,411346,85875
2026-10-08T23:57:22Z,4186374809,294,20594124,31936,9040,1320
2026-10-08T23:57:22Z,4187559009,712,132921429,2668242,111056,15575
2026-10-08T23:57:22Z,4192576542,69,12909206,118869,37341,4422
2026-10-08T23:57:22Z,4193032947,662,356461258,2411526,518346,21136
2026-10-08T23:57:22Z,4197966812,1477,558659616,24299274,79832,7972
2026-10-08T23:57:22Z,4201418016,468,149370629,285828,144960,13340
2026-10-08T23:57:22Z,4221956550,1005,137981000,836765,179876,24330
2026-10-08T23:57:22Z,4228233498,472,147340404,483829,99074,20993
2026-10-08T23:57:22Z,4233554182,163,18985085,52657,12192,3894
2026-10-08T23:57:22Z,4234745929,366,353931378,4030270,208206,53208
2026-10-08T23:57:22Z,4252393983,361,282022734,3024846,121808,24039
2026-10-08T23:57:22Z,4257969255,212,86370419,262059,206941,12798
2026-10-08T23:57:22Z,4260784961,427,24015463,77679,27897,5061
2026-10-08T23:57:22Z,4263371487,961,124765943,226988,82502,13349
2026-10-08T23:57:22Z,4263576532,1460,191214030,492171,518451,36283
2026-10-08T23:57:22Z,4267277633,8458,613224514,16023544,28615,32520
2026-10-08T23:57:22Z,4268443739,282,135863474,2110556,30194,9255
2026-10-08T23:57:22Z,4275891591,293,55996063,101653,31830,10551
2026-10-08T23:57:22Z,4281211770,154,273318647,206271,61485,20284
2026-10-08T23:57:22Z,4282689669,227,41537837,972384,24145,6374
2026-10-08T23:57:22Z,4283416256,419,24566954,140322,38746,8794
2026-10-08T23:57:22Z,4285646576,74,27809566,362227,79315,18588
2026-10-08T23:57:22Z,4289890765,69,2277394,46928,6221,497
2026-10-08T23:57:22Z,4293374620,13239,1578678138,1107323,461728,105585
2026-10-08T23:57:22Z,4298676072,128,18494971,109939,37635,8829
2026-10-08T23:57:22Z,4304597338,250,85842538,147871,61872,7522
2026-10-08T23:57:22Z,4330936850,381,74247346,115992,54119,14527
2026-10-08T23:57:22Z,4342047058,9321,607772165,1327341,524821,32772
2026-10-08T23:57:22Z,4343544885,833,130598673,2837676,396544,10744
2026-10-08T23:57:22Z,4346424098,175,104836720,175327,42546,9409
2026-10-08T23:57:22Z,4348829796,7170,2716514527,11611006,571199,105563
2026-10-08T23:57:22Z,4356309501,275,12971176,11222,5487,1230
2026-10-08T23:57:22Z,4362587875,919,590845994,786529,207681,46072
2026-10-08T23:57:22Z,4362771421,463,402343251,501249,173607,30927
2026-10-08T23:57:22Z,4365819446,1388,552637382,21495794,134822,14782
2026-10-08T23:57:22Z,4367208330,1084,490727013,1648315,730113,111532
2026-10-08T23:57:22Z,4380294826,97,30894382,129977,49473,7999
2026-10-08T23:57:22Z,4391829435,1464,390946230,4264214,350092,21304
2026-10-08T23:57:22Z,4393276188,103,61262992,308005,197665,11234
2026-10-08T23:57:22Z,4395344197,88,20334864,62791,27600,5237
2026-10-08T23:57:22Z,4403361086,337,185510602,956169,319945,18672
2026-10-08T23:57:22Z,4408288935,792,55771249,284318,76194,6913
2026-10-08T23:57:22Z,4415513621,248,14311242,148205,50784,5739
2026-10-08T23:57:22Z,4418726539,99,13781997,20973,8925,4230
2026-10-08T23:57:22Z,4419888429,413,27035346,54053,14755,3891
2026-10-08T23:57:22Z,4420562665,10068,93310001,386838,80707,8073
2026-10-08T23:57:22Z,4429851038,552,357708211,11621514,122297,11889
2026-10-08T23:57:22Z,4430449940,363,315981936,528612,465665,38554
2026-10-08T23:57:22Z,4434528807,1176,796328103,722990,251111,43998
2026-10-08T23:57:22Z,4434803478,309,1031555080,43293907,708389,56570
2026-10-08T23:57:22Z,4435906301,112,8134629,15477,11679,1454
2026-10-08T23:57:22Z,4444526080,559,163935008,601997,164642,39849
2026-10-08T23:57:22Z,4452297356,6584,773522409,875343,259848,28558
2026-10-08T23:57:22Z,4457060041,342,145618534,233492,96054,13771
2026-10-08T23:57:22Z,4462613685,123,29007621,177970,18137,6173
2026-10-08T23:57:22Z,4483319427,24,35680421,17456,2971,1329
2026-10-08T23:57:22Z,4491246195,1914,462141652,691180,214203,22551
2026-10-08T23:57:22Z,4495671366,109,31455029,49115,24287,8003
2026-10-08T23:57:22Z,4497460596,932,183476597,161120,94517,15173
2026-10-08T23:57:22Z,4500652595,143,267685577,102125,11150,12116
2026-10-08T23:57:22Z,4507116437,340,30422702,52197,7242,1451
2026-10-08T23:57:22Z,4511892440,349,41436022,102478,4379,848
2026-10-08T23:57:22Z,4512331818,35,26959270,82977,24496,8037
2026-10-08T23:57:22Z,4513784130,26,74658174,32842,6863,3460
2026-10-08T23:57:22Z,4518152312,513,317827940,14826720,12512,11097
2026-10-08T23:57:22Z,4518160318,2383,658530378,1206671,722608,21994
2026-10-08T23:57:22Z,4523856444,2440,1365788168,1740670,1634786,180357
2026-10-08T23:57:22Z,4524605690,148,258069044,84074,18911,18638
2026-10-08T23:57:22Z,4535642329,179,31973725,600342,110426,14595
2026-10-08T23:57:22Z,4538598064,321,217958988,3905904,191317,13901
2026-10-08T23:57:22Z,4539219341,149,37333263,99172,29074,14641
2026-10-08T23:57:22Z,4540138978,6592,2375119420,67390944,329089,50073
2026-10-08T23:57:22Z,4540494160,329,268627835,361042,505338,22288
2026-10-08T23:57:22Z,4542048826,255,93918556,173514,70287,6822
2026-10-08T23:57:22Z,4543855070,957,231243635,289286,83446,13088
2026-10-08T23:57:22Z,4549657526,120,65995969,92707,19564,13522
2026-10-08T23:57:22Z,4552793904,122,354818120,229142,189295,27845
2026-10-08T23:57:22Z,4557322431,1802,59742675,210039,96203,9276
2026-10-08T23:57:22Z,4563062026,315,94671911,149631,38184,4464
2026-10-08T23:57:22Z,4772345874,2209,41719728,41340,8276,1243
2026-10-08T23:57:22Z,4777817887,13916,6475186966,12996056,8456789,591732
2026-10-08T23:57:22Z,4778447568,215,20718479,27624,10629,1454
2026-10-08T23:57:22Z,4778845442,2585,6191875811,1541196,1346797,227238
2026-10-08T23:57:22Z,4785126950,470,33680851,238858,68161,13562
2026-10-08T23:57:22Z,4785982047,1241,225273339,3128636,1660572,27125
2026-10-08T23:57:22Z,4793836769,2811,316737283,6649506,987812,25131
2026-10-08T23:57:22Z,4795326392,543,404686389,647856,1383476,38455
2026-10-08T23:57:22Z,4807308814,2420,1042636903,879162,346562,56207
2026-10-08T23:57:22Z,4810910714,200,29112720,49906,29256,5515
2026-10-08T23:57:22Z,4826476142,224,105811147,555040,169995,22963
2026-10-08T23:57:22Z,4827308727,73,5893866,29901,9163,2771
2026-10-08T23:57:22Z,4833468691,124,101020172,216122,36002,16382
2026-10-08T23:57:22Z,4834449429,66,120736043,541641,117923,12212
2026-10-08T23:57:22Z,4835576249,151,298602345,282702,65408,9184
2026-10-08T23:57:22Z,4836254499,1620,37188050,125970,49060,12618
2026-10-08T23:57:22Z,4839802560,30018,4015689847,15798794,945450,100592
2026-10-08T23:57:22Z,4846197410,39,24412612,75735,32231,6111
2026-10-08T23:57:22Z,4849157113,264,35981338,177945,35921,8277
2026-10-08T23:57:22Z,4850044287,2900,722961418,1465239,188794,32331
2026-10-08T23:57:22Z,4851783408,339,248472998,238042,134108,26102
2026-10-08T23:57:22Z,4858558391,670,68875235,578195,105912,13905
2026-10-08T23:57:22Z,4862269388,720,143256806,149617,35803,16929
2026-10-08T23:57:22Z,4864117649,1344,440764478,962216,651018,70084
2026-10-08T23:57:22Z,4867536568,75,100342984,235483,119403,13000
2026-10-08T23:57:22Z,4871329703,553,818682967,555079,398474,98363
2026-10-08T23:57:22Z,4877714411,152,318828264,1065320,203866,26481
2026-10-08T23:57:22Z,4883092215,252,26436183,181274,41444,3084
2026-10-08T23:57:22Z,4885171702,387,115520863,8416851,34914,20006
2026-10-08T23:57:22Z,4887744468,304,85194870,368580,92890,12358
2026-10-08T23:57:22Z,4888219005,213,213523619,123297,23960,17189
2026-10-08T23:57:22Z,4894729602,120,101376934,4268944,74146,6186
2026-10-08T23:57:22Z,4901806610,2567,450714721,410779,308090,52376
2026-10-08T23:57:22Z,4903000298,121,33778485,34289,13099,2316
2026-10-08T23:57:22Z,4908792642,811,1946430577,8521483,947927,293576
2026-10-08T23:57:22Z,4914269443,297,123263877,200752,94326,30069
2026-10-08T23:57:22Z,4919010625,136,137578001,241699,113925,13937
2026-10-08T23:57:22Z,4924516231,75,119877312,104342,149802,15321
2026-10-08T23:57:22Z,4924789901,4028,119821228,174158,37710,5422
2026-10-08T23:57:22Z,4925010421,619,92929680,906181,192666,16095
2026-10-08T23:57:22Z,4925331346,2698,329673081,517604,236425,9702
2026-10-08T23:57:22Z,4931927012,4784,769166695,696851,667117,105712
2026-10-08T23:57:22Z,4931991343,1002,75949872,3259823,6015,4810
2026-10-08T23:57:22Z,4932503936,318,103550145,35689,3319,2014
2026-10-08T23:57:22Z,4938220315,996,482082764,754731,189268,15748
2026-10-08T23:57:22Z,4943874686,31,23742038,73880,21435,7306
2026-10-08T23:57:22Z,4944984948,1668,306755746,181908,8784,4084
2026-10-08T23:57:22Z,4948814458,605,357122245,23024470,47601,15113
2026-10-08T23:57:22Z,4949420752,29694,1696374636,808079,494429,90294
2026-10-08T23:57:22Z,4956911744,580,173405473,23332851,10810,5174
2026-10-08T23:57:22Z,4960950398,219,75961261,171437,97231,11231
2026-10-08T23:57:22Z,4975820673,119,89181462,10435590,4150,2561
2026-10-08T23:57:22Z,4981761600,105,36016609,483614,112694,5587
2026-10-08T23:57:22Z,4982226076,112,89739096,147966,236266,11729
2026-10-08T23:57:22Z,4983034985,5920,294157772,874862,121178,28406
2026-10-08T23:57:22Z,4987467534,912,212740265,564687,146454,13660
2026-10-08T23:57:22Z,4987856151,7987,128660157,535358,377934,12361
2026-10-08T23:57:22Z,4990825012,118,205010573,8852019,13707,6316
2026-10-08T23:57:22Z,4990998060,418,436413981,20820481,310200,22092
2026-10-08T23:57:22Z,4991126644,1644,4691873,12257,8820,939
2026-10-08T23:57:22Z,4991821731,1371,654403464,933052,101563,19547
2026-10-08T23:57:22Z,4996628751,122,108801808,7536009,20625,4154
2026-10-08T23:57:22Z,4998493959,1281,263385415,19709692,6387,4394
2026-10-08T23:57:22Z,4998613478,432,186343128,347906,164103,7636
2026-10-08T23:57:22Z,5012222382,669,1046617637,1825563,695528,96598
2026-10-08T23:57:22Z,5012919657,215,45986042,62446,24794,3010
2026-10-08T23:57:22Z,5026122481,2819,275379262,900314,167459,17712
2026-10-08T23:57:22Z,5026970880,2080,393238942,6399899,319840,35855
2026-10-08T23:57:22Z,5027504417,315,6820591,58076,20825,2748
2026-10-08T23:57:22Z,5031482529,259,524020713,32118841,18820,14880
2026-10-08T23:57:22Z,5032031589,235,18747458,30135,13947,1328
2026-10-08T23:57:22Z,5039839070,12576,355868882,521635,304960,40958
2026-10-08T23:57:22Z,5045757922,127,212813835,8747922,7198,2402
2026-10-08T23:57:22Z,5048990623,88,12163953,42027,17998,3095
2026-10-08T23:57:22Z,5049569843,378,135470249,533664,146324,7069
2026-10-08T23:57:22Z,5056259915,596,59919860,229325,74357,6723
2026-10-08T23:57:22Z,5060314849,124,1980893,11773,1335,408
2026-10-08T23:57:22Z,5069824722,101,21337805,32932,8024,16576
2026-10-08T23:57:22Z,5074882778,550,83222814,88058,15486,4513
2026-10-08T23:57:22Z,5080118977,515,33326893,86233,27698,4126
2026-10-08T23:57:22Z,5084931780,87,43179132,64719,29017,10647
2026-10-08T23:57:22Z,5091490171,2474,93181153,316382,107822,11862
2026-10-08T23:57:22Z,5092535555,473,74569135,334468,48087,5013
2026-10-08T23:57:22Z,5095657558,107,36742554,118239,37351,10707
2026-10-08T23:57:22Z,5096440156,1112,552564938,666199,145748,30946
2026-10-08T23:57:22Z,5098122729,131,25148125,86463,23267,2871
2026-10-08T23:57:22Z,5108158764,724,13806029,194551,58520,4574
2026-10-08T23:57:22Z,5109155090,150,62322717,394629,15274,3172
2026-10-08T23:57:22Z,5111507958,637,156550640,7747975,111684,9255
2026-10-08T23:57:22Z,5111819042,155,31560201,32361,9128,1365
2026-10-08T23:57:22Z,5112244393,1750,404096228,2907641,201161,47654
2026-10-08T23:57:22Z,5113572498,386,27397991,23018,8866,2057
2026-10-08T23:57:22Z,5114328099,412,127923122,100114,61947,6444
2026-10-08T23:57:22Z,5114901609,160,97712155,227581,268689,18977
2026-10-08T23:57:22Z,5117983607,1479,230989274,186030,115619,17844
2026-10-08T23:57:22Z,5125369493,1880,13481277,69048,9039,1070
2026-10-08T23:57:22Z,5129563181,111,71241850,313424,69271,8807
2026-10-08T23:57:22Z,5147238735,131,8035754,34942,20151,5291
2026-10-08T23:57:22Z,5147512977,194,134766161,6107169,10108,2643
2026-10-08T23:57:22Z,5148099079,440,627773853,2126576,363778,143492
2026-10-08T23:57:22Z,5153268250,230,111661273,182033,27246,6513
2026-10-08T23:57:22Z,5156590883,162,75314909,242531,112444,10475
2026-10-08T23:57:22Z,5157735000,178,40572685,519731,44573,10863
2026-10-08T23:57:22Z,5166944221,5201,1636091307,1771357,2981467,121617
2026-10-08T23:57:22Z,5170731021,575,231729778,471593,712225,25521
2026-10-08T23:57:22Z,5174979552,407,92451706,5578201,337879,12528
2026-10-08T23:57:22Z,5190405772,150,109498592,5089625,14414,10358
2026-10-08T23:57:22Z,5195168716,499,103608053,667903,149596,41322
2026-10-08T23:57:22Z,5195680485,343,73882423,150672,46372,6401
2026-10-08T23:57:22Z,5200032028,73,27705729,53327,21167,8268
2026-10-08T23:57:22Z,5200655965,646,329235044,444100,241387,71228
2026-10-08T23:57:22Z,5203828273,47970,11120191634,7556797,4020681,418964
2026-10-08T23:57:22Z,5206433511,635,147034578,1934794,261607,48395
2026-10-08T23:57:22Z,5207621753,1022,102192281,82581,172446,4715
2026-10-08T23:57:22Z,5208051158,1034,172522548,2067514,116925,16644
2026-10-08T23:57:22Z,5214918244,288,88798180,74230,82478,11620
2026-10-08T23:57:22Z,5215846239,206,15682106,32733,12358,3327
2026-10-08T23:57:22Z,5216419122,958,319437370,8991933,200797,42669
2026-10-08T23:57:22Z,5233689103,170,7894576,8252,1905,334
2026-10-08T23:57:22Z,5238130813,156,28587931,130929,30335,6661
2026-10-08T23:57:22Z,5239027843,88,12216842,74648,35868,5935
2026-10-08T23:57:22Z,5239362765,3762,399088681,505511,170683,70163
2026-10-08T23:57:22Z,5244979723,1366,24027906,238481,15213,3385
2026-10-08T23:57:22Z,5247232141,653,76900918,3739141,12891,5394
2026-10-08T23:57:22Z,5252919404,127,118578171,77561,40512,6461
2026-10-08T23:57:22Z,5254920366,3533,1156145507,1043877,295365,51080
2026-10-08T23:57:22Z,5259044414,143,68728985,95073,50258,8545
2026-10-08T23:57:22Z,5265857965,3758,510078035,5787694,476977,72753
2026-10-08T23:57:22Z,5265950669,1484,304184982,205553,112949,14720
2026-10-08T23:57:22Z,5269058522,446,41753125,186211,50124,7769
2026-10-08T23:57:22Z,5269942725,173,30596990,30902,25796,14749
2026-10-08T23:57:22Z,5270259419,527,123694777,119478,57046,35462
2026-10-08T23:57:22Z,5272606478,1290,135914430,8905444,228697,18196
2026-10-08T23:57:22Z,5274716309,65,54090525,1720591,3561,1125
2026-10-08T23:57:22Z,5275559565,89,20205062,59505,20959,3320
2026-10-08T23:57:22Z,5283219861,7814,370244711,298870,76836,10528
2026-10-08T23:57:22Z,5286749994,301,57071591,685057,140742,29146
2026-10-08T23:57:22Z,5289155961,213,114393907,168402,129164,17468
2026-10-08T23:57:22Z,5295169598,420,255984570,2267253,489493,12443
2026-10-08T23:57:22Z,5295289103,175,118457939,6859843,152967,13791
2026-10-08T23:57:22Z,5315312115,396,10683065,93454,14847,2229
2026-10-08T23:57:22Z,5316084314,99,1604245,61550,6629,568
2026-10-08T23:57:22Z,5326310507,279,138810849,7884218,60290,8156
2026-10-08T23:57:22Z,5329077236,396,739229961,1772002,499744,37392
2026-10-08T23:57:22Z,5329644515,190,64760348,86829,7968,1247
2026-10-08T23:57:22Z,5345619122,371,90903863,150603,52873,8850
2026-10-08T23:57:22Z,5351168809,2935,99627246,100884,8849,2512
2026-10-08T23:57:22Z,5351931175,342,26172805,339119,90863,5068
2026-10-08T23:57:22Z,5354625397,152,32870250,144494,54990,8465
2026-10-08T23:57:22Z,5359468080,267,211218630,165861,21214,5542
2026-10-08T23:57:22Z,5361032378,30327,2219085774,1023852,1424194,134066
2026-10-08T23:57:22Z,5365966699,1574,122889464,145820,46654,6059
2026-10-08T23:57:22Z,5367086137,156,68971567,91190,50494,5266
2026-10-08T23:57:22Z,5367389312,2995,404804223,2082411,169149,14566
2026-10-08T23:57:22Z,5369242581,247,77287734,1147716,52126,15474
2026-10-08T23:57:22Z,5371127625,374,93904732,32571,42636,5207
2026-10-08T23:57:22Z,5371687033,366,9448615,111703,29529,15070
2026-10-08T23:57:22Z,5379950946,298,61095255,810121,33071,5646
2026-10-08T23:57:22Z,5383076404,42,5778206,62594,8523,1849
2026-10-08T23:57:22Z,5385674359,1993,526715856,379075,271537,103419
2026-10-08T23:57:22Z,5386253062,113,41300586,227142,31296,2691
2026-10-08T23:57:22Z,5403859973,270,28351383,260979,62503,8157
2026-10-08T23:57:22Z,5407131262,766,260259865,754090,175969,32948
2026-10-08T23:57:22Z,5408397887,127,35789839,97155,36148,3588
2026-10-08T23:57:22Z,5421899973,1279,389829176,14200016,373116,28604
2026-10-08T23:57:22Z,5422546686,1917,369271433,2251636,486037,21957
2026-10-08T23:57:22Z,5432177771,206,48922145,45087,22560,11033
2026-10-08T23:57:22Z,5446377791,91,195084579,176209,45275,23935
2026-10-08T23:57:22Z,5449033072,313,69416642,995132,47842,8761
2026-10-08T23:57:22Z,5451143054,3294,256315998,3600922,262238,55352
2026-10-08T23:57:22Z,5455619189,513,73742994,190870,94293,18417
2026-10-08T23:57:22Z,5456952508,1605,113048143,210152,85019,23627
2026-10-08T23:57:22Z,5479285260,220,58588393,10370729,5046,2544
2026-10-08T23:57:22Z,5479908441,253,755842057,394012,498212,27534
2026-10-08T23:57:22Z,5484165112,324,219884793,12967486,115154,10840
2026-10-08T23:57:22Z,5485660832,301,125158738,70074,11301,3008
2026-10-08T23:57:22Z,5488708927,264,7588007,21724,5901,995
2026-10-08T23:57:22Z,5492723512,1985,87005028,1845584,56633,18547
2026-10-08T23:57:22Z,5493012775,264,100617059,1687898,106679,42252
2026-10-08T23:57:22Z,5497606909,224,14065665,119575,22864,1655
2026-10-08T23:57:22Z,5508238359,2856,118599108,2003656,66072,20766
2026-10-08T23:57:22Z,5518683179,255,108987466,468242,230570,8182
2026-10-08T23:57:22Z,5526272622,275,72600992,52579,19499,6230
2026-10-08T23:57:22Z,5544551093,836,247068737,509273,261694,23040
2026-10-08T23:57:22Z,5549835355,242,115927154,248894,287697,7088
2026-10-08T23:57:22Z,5550530788,1849,538730642,190387,68518,21733
2026-10-08T23:57:22Z,5553581209,410,130296389,94366,15089,5373
2026-10-08T23:57:22Z,5554050692,312,30233614,46202,18455,4316
2026-10-08T23:57:22Z,5554338507,194,18121243,86917,28745,4553
2026-10-08T23:57:22Z,5557213486,134,126199277,369364,72626,5159
2026-10-08T23:57:22Z,5568657754,838,51130821,99513,31244,5579
2026-10-08T23:57:22Z,5569032992,136475,7577291896,4693697,1723594,247750
2026-10-08T23:57:22Z,5574298486,84,8867638,34520,12016,4324
2026-10-08T23:57:22Z,5576890130,210,172145791,7473578,22094,10357
2026-10-08T23:57:22Z,5576955991,980,93848776,235494,200796,7164
2026-10-08T23:57:22Z,5578556129,22218,2061840397,1998319,2589442,87365
2026-10-08T23:57:22Z,5580972377,1701,149171599,620153,696239,25238
2026-10-08T23:57:22Z,5584394571,134,36091847,171518,41026,15409
2026-10-08T23:57:22Z,5595353122,68368,115746206,499328,921292,20578
2026-10-08T23:57:22Z,5596056495,261,111347679,222520,44267,5219
2026-10-08T23:57:22Z,5597371866,260,38332819,97088,234551,10760
2026-10-08T23:57:22Z,5599532653,732,98360103,105679,48460,9037
2026-10-08T23:57:22Z,5607392395,174,15206621,14060,17043,1720
2026-10-08T23:57:22Z,5611522097,267,70805120,1405324,66112,17248
2026-10-08T23:57:22Z,5613066784,64,17102628,81408,13398,5144
2026-10-08T23:57:22Z,5617259335,233,8826925,29457,8337,1453
2026-10-08T23:57:22Z,5620182793,625,599551970,2393099,232550,52006
2026-10-08T23:57:22Z,5620725145,265,67979822,87114,23666,10173
2026-10-08T23:57:22Z,5625220213,492,76572387,43645,27148,18674
2026-10-08T23:57:22Z,5633615594,1041,27642550,146914,28562,4804
2026-10-08T23:57:22Z,5650396773,8783,2579606085,2320893,2030638,224042
2026-10-08T23:57:22Z,5651961021,231,14438327,81286,15758,3005
2026-10-08T23:57:22Z,5654670037,212,183451299,823077,129831,24755
2026-10-08T23:57:22Z,5655148138,39,24407868,47469,11690,819
2026-10-08T23:57:22Z,5661020014,154,35636030,854977,89934,7288
2026-10-08T23:57:22Z,5661134200,191,180153488,256648,111969,22079
2026-10-08T23:57:22Z,5665943560,1038,146877315,17461978,18394,3678
2026-10-08T23:57:22Z,5665954430,373,93467504,935224,217624,15873
2026-10-08T23:57:22Z,5666473198,4897,444525594,143179,106355,19124
2026-10-08T23:57:22Z,5668114043,701,248871583,758542,171773,25300
2026-10-08T23:57:22Z,5668874170,250,26621034,42773,17476,8130
2026-10-08T23:57:22Z,5677613211,1658,631006918,28269737,1103610,61426
2026-10-08T23:57:22Z,5678284602,801,153392733,887355,478013,24756
2026-10-08T23:57:22Z,5678463488,216,72734115,1774419,153126,11774
2026-10-08T23:57:22Z,5678594929,187,50737514,69554,11820,6361
2026-10-08T23:57:22Z,5679753654,77,70060887,1125111,27551,5807
2026-10-08T23:57:22Z,5683563195,823,169848089,252485,168281,13354
2026-10-08T23:57:22Z,5688684783,1418,145040290,13530788,29681,6345
2026-10-08T23:57:22Z,5693963765,628,68122873,62250,17651,4937
2026-10-08T23:57:22Z,5698013839,232,72674952,285700,154301,10357
2026-10-08T23:57:22Z,5700160823,102,56875155,3486342,11135,3672
2026-10-08T23:57:22Z,5709370512,239,387892419,594639,64331,27753
2026-10-08T23:57:22Z,5713659018,50,39333714,73921,31996,7009
2026-10-08T23:57:22Z,5720553711,5053,767735586,3183414,242533,22617
2026-10-08T23:57:22Z,5728147388,530,297063451,346208,115352,18476
2026-10-08T23:57:22Z,5731967654,711,189401293,334682,95722,22880
2026-10-08T23:57:22Z,5747152246,216,61073198,1774712,16993,4312
2026-10-08T23:57:22Z,5747480325,170,255612747,337687,511598,45401
2026-10-08T23:57:22Z,5750914919,61449,4991671837,3667486,3043768,309348
2026-10-08T23:57:22Z,5753515186,170,64704203,346191,70044,26378
2026-10-08T23:57:22Z,5779606636,64,14702407,360224,59473,3941
2026-10-08T23:57:22Z,5782268341,172,46590644,439118,70420,7315
2026-10-08T23:57:22Z,5795519964,1386,161169761,69143,12389,5581
2026-10-08T23:57:22Z,5800097475,102,47355596,122834,15855,5182
2026-10-08T23:57:22Z,5800312217,189,106014691,988274,988770,14425
2026-10-08T23:57:22Z,5803093656,94,25208513,440302,550667,9076
2026-10-08T23:57:22Z,5803199989,212,162305438,640979,55430,16100
2026-10-08T23:57:22Z,5805053299,1164,137907507,329487,84844,9163
2026-10-08T23:57:22Z,5806843156,926,177970567,211922,50030,11604
2026-10-08T23:57:22Z,5807622548,1803,326168862,412510,200272,14547
2026-10-08T23:57:22Z,5812546130,456,26255283,66311,22663,5799
2026-10-08T23:57:22Z,5819738730,214,25524735,176426,116760,7908
2026-10-08T23:57:22Z,5822068820,1641,172353767,439909,105570,9125
2026-10-08T23:57:22Z,5827120940,213,197598562,3793226,359717,11249
2026-10-08T23:57:22Z,5829613337,2601,372711954,892786,360783,28729
2026-10-08T23:57:22Z,5830262966,426,305509785,1218514,247012,17340
2026-10-08T23:57:22Z,5835368537,529,159042138,140601,112079,16395
2026-10-08T23:57:22Z,5836869368,99,3434202908,918699,2026159,68900
2026-10-08T23:57:22Z,5836986902,50,23417653,15394,7249,2689
2026-10-08T23:57:22Z,5841858050,60,39651371,163947,37319,4331
2026-10-08T23:57:22Z,5844427042,1540,85748094,2221919,43060,9877
2026-10-08T23:57:22Z,5845755850,515,126088462,3407407,43146,10121
2026-10-08T23:57:22Z,5847579910,267,90519747,262989,59498,11710
2026-10-08T23:57:22Z,5849979605,118,70442879,273869,310810,11186
2026-10-08T23:57:22Z,5851294352,645,8426348,121358,28081,779
2026-10-08T23:57:22Z,5858282128,149,85320103,8402457,28146,5253
2026-10-08T23:57:22Z,5866004245,143,71888830,470831,59606,8641
2026-10-08T23:57:22Z,5866227438,1037,370476626,10672171,651747,18403
2026-10-08T23:57:22Z,5866486371,344,15835190,65981,25309,1947
2026-10-08T23:57:22Z,5867087288,83,46790265,50672,7140,2689
2026-10-08T23:57:22Z,5868588140,110,236134348,529167,326558,75998
2026-10-08T23:57:22Z,5877971206,414,65378407,207914,74211,10969
2026-10-08T23:57:22Z,5884411410,96,69491582,186075,140283,17431
2026-10-08T23:57:22Z,5887211857,1960,306200765,218871,40561,5666
2026-10-08T23:57:22Z,5896294411,220,159050425,319722,42515,10320
2026-10-08T23:57:22Z,5897329101,115,6092672,35018,9500,2762
2026-10-08T23:57:22Z,5900199679,92,42558648,211670,74093,12348
2026-10-08T23:57:22Z,5902539844,31,6973227,190513,17227,3429
2026-10-08T23:57:22Z,5903289376,1060,92104770,213483,34237,4290
2026-10-08T23:57:22Z,5905501282,255,85001675,1756517,108472,25797
2026-10-08T23:57:22Z,5910910774,273,120569008,181227,130664,10757
2026-10-08T23:57:22Z,5925801449,180,18569300,27018,29871,1670
2026-10-08T23:57:22Z,5926583186,72,86127154,8546505,148090,22056
2026-10-08T23:57:22Z,5927446137,2735,48049681,622899,48808,11234
2026-10-08T23:57:22Z,5937080379,177,66482230,248770,290467,13592
2026-10-08T23:57:22Z,5939817752,210,72579950,383803,120479,13559
2026-10-08T23:57:22Z,5944821008,685,61656888,444046,16842,6880
2026-10-08T23:57:22Z,5956634861,97,153172841,594018,71436,16304
2026-10-08T23:57:22Z,5966671374,92,20315342,49563,20991,1481
2026-10-08T23:57:22Z,5966905324,98,17187329,846039,23198,4033
2026-10-08T23:57:22Z,5972059550,1502,831411702,3947197,1111911,40423
2026-10-08T23:57:22Z,5974009462,267,178304929,77812,24253,15222
2026-10-08T23:57:22Z,5974510967,387,16704839,156858,64132,3840
2026-10-08T23:57:22Z,5974860429,1099,152595445,128851,77238,9362
2026-10-08T23:57:22Z,5981856625,162,209953705,488433,58471,11404
2026-10-08T23:57:22Z,5988250208,136,129356745,343886,51835,7741
2026-10-08T23:57:22Z,5995470825,20418,1338343053,22208600,1872495,109765
2026-10-08T23:57:22Z,6010232141,3962,385602821,359994,100212,30608
2026-10-08T23:57:22Z,6011188518,562,47102604,231387,136824,9016
2026-10-08T23:57:22Z,6015491985,1708,380592035,232147,89331,11721
2026-10-08T23:57:22Z,6017624138,864,132833530,811994,41340,4198
2026-10-08T23:57:22Z,6019027471,1334,355825864,11325790,52485,7383
2026-10-08T23:57:22Z,6022371481,327,78003652,142882,50165,17761
2026-10-08T23:57:22Z,6026405541,1097,58058414,134523,41119,6099
2026-10-08T23:57:22Z,6030909708,310,123365586,21706197,4221,1490
2026-10-08T23:57:22Z,6035872082,152215,18596249052,94180284,10729542,723784
2026-10-08T23:57:22Z,6048923315,986,107672525,221108,196138,14497
2026-10-08T23:57:22Z,6049446718,166,53610654,128058,25763,2540
2026-10-08T23:57:22Z,6049736902,4694,87212015,118813,68009,7886
2026-10-08T23:57:22Z,6050869775,183,34428213,74022,25818,5515
2026-10-08T23:57:22Z,6052033819,291,130482044,5836912,668921,15719
2026-10-08T23:57:22Z,6061766680,3881,570935847,606436,314028,81588
2026-10-08T23:57:22Z,6069634717,1450,193368555,260378,408823,11676
2026-10-08T23:57:22Z,6071712615,308,123994343,1244536,108876,12030
2026-10-08T23:57:22Z,6072944764,967,60728042,74833,37031,4702
2026-10-08T23:57:22Z,6075694711,162,32048440,130077,42617,11213
2026-10-08T23:57:22Z,6077405865,270,19715350,101621,33497,7669
2026-10-08T23:57:22Z,6083162964,667,53206315,122945,46757,4919
2026-10-08T23:57:22Z,6085390305,91,29179032,92822,11543,9140
2026-10-08T23:57:22Z,6092088279,26,33858846,193246,168040,4493
2026-10-08T23:57:22Z,6093419211,164,42776874,2857078,2339,1030
2026-10-08T23:57:22Z,6097519616,512,126784466,533684,329370,32359
2026-10-08T23:57:22Z,6100103590,902,4024581,50509,9908,1134
2026-10-08T23:57:22Z,6113928308,1815,90614516,478296,137429,10751
2026-10-08T23:57:22Z,6117314924,160,16411340,294998,37173,6217
2026-10-08T23:57:22Z,6118645803,410,24442457,197128,17741,3692
2026-10-08T23:57:22Z,6119928106,222,32208114,78582,12516,3612
2026-10-08T23:57:22Z,6128091457,7311,400573186,44330348,157313,11507
2026-10-08T23:57:22Z,6136243726,1346,297989397,187688,25567,13136
2026-10-08T23:57:22Z,6137023653,95,1103239,2017,1272,297
2026-10-08T23:57:22Z,6138976267,194,17847028,76798,46056,9353
2026-10-08T23:57:22Z,6144216261,296,41587060,71369,36332,2003
2026-10-08T23:57:22Z,6146194050,219,107241024,320788,82747,19179
2026-10-08T23:57:22Z,6149186864,525,32761667,261521,127491,32827
2026-10-08T23:57:22Z,6153964325,498,192400696,538191,53050,18449
2026-10-08T23:57:22Z,6154386310,1763,49288527,222320,55280,15709
2026-10-08T23:57:22Z,6155282395,453,92053214,2850214,37635,12525
2026-10-08T23:57:22Z,6159717337,144,17307735,38286,12105,2159
2026-10-08T23:57:22Z,6161049307,4655,240284881,989994,760538,25062
2026-10-08T23:57:22Z,6163740913,368,260193050,5534877,268504,48076
2026-10-08T23:57:22Z,6163884815,796,168121900,20047986,2218,1195
2026-10-08T23:57:22Z,6164853651,1710,273742723,227440,45513,11424
2026-10-08T23:57:22Z,6165840924,103,23090375,138357,37648,6369
2026-10-08T23:57:22Z,6170013953,410,155129875,1449373,83257,37000
2026-10-08T23:57:22Z,6170143659,3093,875216412,1240912,352003,16140
2026-10-08T23:57:22Z,6174407103,188,93593101,3080830,112761,6123
2026-10-08T23:57:22Z,6174994284,2826,210292826,352903,299611,19713
2026-10-08T23:57:22Z,6176333237,1818,119588906,43694,8787,993
2026-10-08T23:57:22Z,6182655829,139,56108015,192218,62431,12832
2026-10-08T23:57:22Z,6190071862,2145,69694771,231658,83369,11572
2026-10-08T23:57:22Z,6190248755,699,81623514,67376,3989,2166
2026-10-08T23:57:22Z,6190384723,469,103695609,554942,34018,5475
2026-10-08T23:57:22Z,6193765296,190,26975725,1337845,203865,5443
2026-10-08T23:57:22Z,6197726342,75,23745820,64923,19397,2155
2026-10-08T23:57:22Z,6200551119,106,26233212,846222,65695,17316
2026-10-08T23:57:22Z,6215464786,809,439201070,10607617,140998,27813
2026-10-08T23:57:22Z,6215986499,649,11006894,763306,273044,4472
2026-10-08T23:57:22Z,6216142007,520,59157806,198076,68358,11923
2026-10-08T23:57:22Z,6216468795,296,156602248,236034,552286,15091
2026-10-08T23:57:22Z,6217832823,243,95568375,3821389,239406,6532
2026-10-08T23:57:22Z,6218783244,165,137383942,59636,57908,7829
2026-10-08T23:57:22Z,6221848978,90,47699119,451913,93041,16751
2026-10-08T23:57:22Z,6231868526,157,7386959,39105,12839,2513
2026-10-08T23:57:22Z,6238541028,308,109296810,95849,29850,18107
2026-10-08T23:57:22Z,6239989165,174,45685352,64556,29406,3847
2026-10-08T23:57:22Z,6247557414,294,201826629,2345662,87010,20987
2026-10-08T23:57:22Z,6268803418,344,80415935,168909,42236,27201
2026-10-08T23:57:22Z,6272727021,1763,16726159,35130,40336,2969
2026-10-08T23:57:22Z,6275120808,1692,270475139,387307,245205,71822
2026-10-08T23:57:22Z,6280758286,318,56492999,43374,35293,4987
2026-10-08T23:57:22Z,6283720248,372,61069635,147308,70850,8868
2026-10-08T23:57:22Z,6289989379,302,158830700,22995292,22949,11822
2026-10-08T23:57:22Z,6302798808,140,16473364,419720,23537,1444
2026-10-08T23:57:22Z,6304850669,97,21265083,73560,49717,3119
2026-10-08T23:57:22Z,6314664695,179,62304103,2904927,169109,13128
2026-10-08T23:57:22Z,6317476162,790,120114780,145327,125189,7744
2026-10-08T23:57:22Z,6318887244,533,156064806,1145357,182914,6467
2026-10-08T23:57:22Z,6324644175,3675,68554436,364764,153487,20389
2026-10-08T23:57:22Z,6325068386,16926,4987202927,6285583,10239486,357017
2026-10-08T23:57:22Z,6329693946,784,89647800,240701,113702,10489
2026-10-08T23:57:22Z,6331902150,57911,5793363411,3233470,2391763,441207
2026-10-08T23:57:22Z,6332376065,1683,56478269,2267987,7442,1339
2026-10-08T23:57:22Z,6332490386,173,59503604,40025,3743,1717
2026-10-08T23:57:22Z,6336741296,2269,130788674,7339517,350056,13694
2026-10-08T23:57:22Z,6343637170,213,34343791,5636476,4735,2452
2026-10-08T23:57:22Z,6353751159,3632,137066279,230373,106867,5442
2026-10-08T23:57:22Z,6355251723,38,38239137,302506,51514,10693
2026-10-08T23:57:22Z,6357377403,179,19430120,145572,34389,4453
2026-10-08T23:57:22Z,6361652767,114,153138602,284552,51431,42235
2026-10-08T23:57:22Z,6369934270,1488,807939129,9677464,374178,59416
2026-10-08T23:57:22Z,6371309794,1417,760529971,488123,221253,64089
2026-10-08T23:57:22Z,6375110339,1826,154291857,106155,70847,6188
2026-10-08T23:57:22Z,6385532960,5,27232577,100104,50067,3028
2026-10-08T23:57:22Z,6389489439,501,163131338,20211965,7502,2375
2026-10-08T23:57:22Z,6391458589,106,3268647,286468,74774,2494
2026-10-08T23:57:22Z,0,0,0,0,,
2026-10-08T23:57:22Z,6399835454,214,32790341,286136,31815,2352
2026-10-08T23:57:22Z,6401952734,106,911863864,671004,519528,57682
2026-10-08T23:57:22Z,6404384774,147,26409328,174288,41879,1785
2026-10-08T23:57:22Z,6407388008,70,19836840,40677,79124,2148
2026-10-08T23:57:22Z,6413074235,580,165689859,354705,101907,13129
2026-10-08T23:57:22Z,6417564879,3035,436254810,420513,136107,25272
2026-10-08T23:57:22Z,6418247233,266,119295727,4094156,41304,2740
2026-10-08T23:57:22Z,6420180292,263,30632334,218713,67209,3987
2026-10-08T23:57:22Z,6420997980,171,12022317,31437,7405,1677
2026-10-08T23:57:22Z,6421358579,1509,85487192,93691,43364,5352
2026-10-08T23:57:22Z,6421821251,265,109303254,5319054,281096,8015
2026-10-08T23:57:22Z,6424949786,151,35283858,360336,93041,2937
2026-10-08T23:57:22Z,6431828693,890,140442114,446783,132198,5838
2026-10-08T23:57:22Z,6443367640,3779,717156186,6985683,255086,20670
2026-10-08T23:57:22Z,6451948378,1015,139145397,965092,68746,15436
2026-10-08T23:57:22Z,6453200442,273,60508514,6807853,49077,7698
2026-10-08T23:57:22Z,6456578030,104,12061218,84093,16152,3753
2026-10-08T23:57:22Z,6457637847,61,19568770,29767,24581,1354
2026-10-08T23:57:22Z,6466404775,2820,78938806,142411,253114,12039
2026-10-08T23:57:22Z,6466802953,706,78248073,602653,47888,5980
2026-10-08T23:57:22Z,6467516221,143,66224553,2574470,28531,5264
2026-10-08T23:57:22Z,6475810089,298,140100069,2196950,128678,7880
2026-10-08T23:57:22Z,6478300087,96,81902946,5634313,13869,4390
2026-10-08T23:57:22Z,6487579144,656,31721988,56398,14608,3538
2026-10-08T23:57:22Z,6491900489,811,578880411,452567,60709,21215
2026-10-08T23:57:22Z,6495484417,916,151589211,11032934,29232,6678
2026-10-08T23:57:22Z,6497729434,100,44012916,117399,230291,11322
2026-10-08T23:57:22Z,6500439907,311,48722192,159479,48129,13335
2026-10-08T23:57:22Z,6500474078,127,5368821,79245,16088,2058
2026-10-08T23:57:22Z,6500938341,622,76148549,1340992,221695,4687
2026-10-08T23:57:22Z,6504986360,6830,609943893,291772,494769,16388
2026-10-08T23:57:22Z,6505212049,238,195743505,463772,300108,16655
2026-10-08T23:57:22Z,6505338302,4083,134148934,98859,70619,10852
2026-10-08T23:57:22Z,6508759464,1480,457685025,1058338,501129,37611
2026-10-08T23:57:22Z,6517184723,173,20636692,45639,34439,4388
2026-10-08T23:57:22Z,6521100398,24831,351986636,595075,270473,14052
2026-10-08T23:57:22Z,6530766336,3636,92722978,46814,7338,2432
2026-10-08T23:57:22Z,6535370051,489,45553465,5248742,24635,2175
2026-10-08T23:57:22Z,6542509482,120,74922771,3677934,13998,4059
2026-10-08T23:57:22Z,6563693787,100,24507173,38625,20257,4753
2026-10-08T23:57:22Z,6568417585,2083,225285555,1074344,174553,13025
2026-10-08T23:57:22Z,6579282112,1299,121009896,8646154,10217,2453
2026-10-08T23:57:22Z,6583326485,3571,140666700,224955,92997,22991
2026-10-08T23:57:22Z,6593208232,134,44723104,53450,42787,11096
2026-10-08T23:57:22Z,6593476325,1617,173112259,310122,230495,23332
2026-10-08T23:57:22Z,6594435384,739,685319875,2924884,1553396,36238
2026-10-08T23:57:22Z,6596003198,223,39286006,379931,129071,9528
2026-10-08T23:57:22Z,6596627293,213,43216946,1190074,80552,5862
2026-10-08T23:57:22Z,6599600818,830,122320965,4110934,208985,5978
2026-10-08T23:57:22Z,6601115643,1113,179205626,3661920,238339,10568
2026-10-08T23:57:22Z,6605251156,114,57444027,72609,32676,3822
2026-10-08T23:57:22Z,6611035093,140,222388563,6178675,254374,23247
2026-10-08T23:57:22Z,6612614547,676,31535768,348903,61415,4596
2026-10-08T23:57:22Z,6619936488,1536,41803040,123316,39563,6461
2026-10-08T23:57:22Z,6621384161,501,86550327,2833991,78694,4081
2026-10-08T23:57:22Z,6623153829,274,132179781,176776,57599,8732
2026-10-08T23:57:22Z,6624299680,208,100069025,468644,140135,7121
2026-10-08T23:57:22Z,6625910847,105,54362539,1321722,22117,5045
2026-10-08T23:57:22Z,6628327758,475,30407732,40971,30538,2869
2026-10-08T23:57:22Z,6635513269,9995,14182901,106888,152869,4100
2026-10-08T23:57:22Z,6638489184,273,25758793,706005,3081,1351
2026-10-08T23:57:22Z,6646518350,338,263392766,355048,33692,5845
2026-10-08T23:57:22Z,6647992437,118,91810736,35822,5158,3352
2026-10-08T23:57:22Z,6649845578,380,57518059,4330791,102058,5807
2026-10-08T23:57:22Z,6651302260,854,432337437,3476834,251403,20565
2026-10-08T23:57:22Z,6651491108,721,69986266,105298,147684,11827
2026-10-08T23:57:22Z,6654289195,279,6693675,13891,2132,365
2026-10-08T23:57:22Z,6657933195,646,289448099,1065730,369835,27410
2026-10-08T23:57:22Z,6671012142,130,18683335,454250,35167,5531
2026-10-08T23:57:22Z,6676099788,725,67789273,87296,47506,4892
2026-10-08T23:57:22Z,6676452674,489,137827750,155242,127590,10473
2026-10-08T23:57:22Z,6682487255,4783,522328513,232559,426274,10903
2026-10-08T23:57:22Z,6683166603,207,35810766,2040640,25119,1448
2026-10-08T23:57:22Z,6684784890,110,19121411,35115,6316,1398
2026-10-08T23:57:22Z,6688157118,6330,534588675,1709686,63789,30687
2026-10-08T23:57:22Z,6690355795,973,32737226,418768,70076,2074
2026-10-08T23:57:22Z,6701101774,202,249635483,230364,55688,9908
2026-10-08T23:57:22Z,6701277882,68801,4772801190,1288313,1345200,278883
2026-10-08T23:57:22Z,6707924214,447,182269743,3465616,367937,8688
2026-10-08T23:57:22Z,6709042729,168,47275412,419491,28458,7263
2026-10-08T23:57:22Z,6710993025,601,60757740,1604854,7397,2079
2026-10-08T23:57:22Z,6714256816,238,64638343,139835,125782,7092
2026-10-08T23:57:22Z,6714629102,82,18640632,1259799,10778,1036
2026-10-08T23:57:22Z,6717464085,227,45091964,328961,81477,13313
2026-10-08T23:57:22Z,6720585148,125,155612778,2575016,1013068,27836
2026-10-08T23:57:22Z,6725604380,455,5008220,19835,6956,6387
2026-10-08T23:57:22Z,6726637224,3027,175251403,1644147,168563,25157
2026-10-08T23:57:22Z,6735081142,208,101034246,296026,92845,7872
2026-10-08T23:57:22Z,6736482454,628,227720118,3807263,965887,40278
2026-10-08T23:57:22Z,6738135827,598,69721935,379441,70842,21769
2026-10-08T23:57:22Z,6739698191,23655,1545616216,1654999,767248,56098
2026-10-08T23:57:22Z,6745933496,662,42629906,127838,34495,12879
2026-10-08T23:57:22Z,6749060816,4886,293804566,1919243,303459,60766
2026-10-08T23:57:22Z,6749892429,181,42645304,146511,50883,7260
2026-10-08T23:57:22Z,6751400610,520,320369585,7569375,67015,20045
2026-10-08T23:57:22Z,6751447237,1597,157210052,353853,263200,9013
2026-10-08T23:57:22Z,6755261897,228,118638417,118702,60752,22790
2026-10-08T23:57:22Z,6759889410,678,68745049,81040,43658,3920
2026-10-08T23:57:22Z,6760085372,4765,127347209,212389,223207,11017
2026-10-08T23:57:22Z,6760897304,1003,49724499,1194462,103394,6462
2026-10-08T23:57:22Z,6763123315,138,84109199,243346,103333,15178
2026-10-08T23:57:22Z,6764180126,228,248808596,193540,222622,16122
2026-10-08T23:57:22Z,6765805766,24123,1280313677,989823,277493,75647
2026-10-08T23:57:22Z,6766404767,100,73549944,218354,58254,32537
2026-10-08T23:57:22Z,6766995704,180,178632539,72733,62571,10255
2026-10-08T23:57:22Z,6770632849,798,142640705,491584,520466,36599
2026-10-08T23:57:22Z,6772885092,122,105392239,11282438,36109,5449
2026-10-08T23:57:22Z,6774320049,12738,279989241,962865,86634,11890
2026-10-08T23:57:22Z,6777528662,305,61793909,516112,184430,14080
2026-10-08T23:57:22Z,6780150139,132,23642253,162278,110194,12610
2026-10-08T23:57:22Z,6786784563,1527,33987277,656400,134184,4042
2026-10-08T23:57:22Z,6787216875,780,212930840,133186,63922,15866
2026-10-08T23:57:22Z,6787644864,1156,117360608,193515,52740,5106
2026-10-08T23:57:22Z,6795084137,284,138137401,9928603,59774,4979
2026-10-08T23:57:22Z,6797677834,230,116107766,16487453,4344,1110
2026-10-08T23:57:22Z,6801595469,219,66298348,152593,25889,4247
2026-10-08T23:57:22Z,6801627818,155,92835726,17585209,371950,119547
2026-10-08T23:57:22Z,6802522764,104,1136924,16123,5825,642
2026-10-08T23:57:22Z,6805295218,464,35807056,130092,19904,3780
2026-10-08T23:57:22Z,6818915584,3456,501812129,44883447,37777,10351
2026-10-08T23:57:22Z,6837227715,82,109360723,2847906,172713,6826
2026-10-08T23:57:22Z,6845400164,582,70212255,585287,35726,9158
2026-10-08T23:57:22Z,6858584271,1511,45022550,65007,35893,5000
2026-10-08T23:57:22Z,6859793761,14,29300414,41911,10478,1887
2026-10-08T23:57:22Z,6860207008,133,62346365,5816478,32501,6319
2026-10-08T23:57:22Z,6862378638,144,3273044,79308,17659,2146
2026-10-08T23:57:22Z,6907084894,102,24515895,90866,31729,5599
2026-10-08T23:57:22Z,6908171946,83,28290680,57579,122041,4454
2026-10-08T23:57:22Z,6915452933,184,16390004,55196,16358,1855
2026-10-08T23:57:22Z,6918732178,178,1499358,4203,2158,1022
2026-10-08T23:57:22Z,6919822640,178,60522583,864496,20328,4830
2026-10-08T23:57:22Z,6920090082,379,29527120,710643,337524,17483
2026-10-08T23:57:22Z,6925303818,1352,74221128,272486,931276,20861
2026-10-08T23:57:22Z,6925369391,165,162541022,707186,855069,16608
2026-10-08T23:57:22Z,6931042565,46903,3942585636,5465839,2574237,130074
2026-10-08T23:57:22Z,6935083490,565,103434787,316448,665739,20640
2026-10-08T23:57:22Z,6936784768,105,68135893,3403285,69096,17208
2026-10-08T23:57:22Z,6937137675,1398,110237337,156099,23969,4443
2026-10-08T23:57:22Z,6938955762,118,25917072,49645,42317,12824
2026-10-08T23:57:22Z,6940206974,6083,48337906,3596509,12049,2814
2026-10-08T23:57:22Z,6944270854,200,123321496,102144,98329,13627
2026-10-08T23:57:22Z,6945584306,12701,586811817,655312,1613907,53665
2026-10-08T23:57:22Z,6949043989,651,11931400,22483,6567,1322
2026-10-08T23:57:22Z,6957250918,198,14288915,72881,27005,10418
2026-10-08T23:57:22Z,6959389664,165,14549408,8673,9530,1358
2026-10-08T23:57:22Z,6961334611,412,97168290,305708,160722,4541
2026-10-08T23:57:22Z,6964415405,210,50943774,148748,44013,15068
2026-10-08T23:57:22Z,6983536246,642,60403900,206913,56479,4689
2026-10-08T23:57:22Z,6996099240,142,84243545,265496,31574,11718
2026-10-08T23:57:22Z,6996253752,509,17319307,113323,51350,2213
2026-10-08T23:57:22Z,7000924848,241,173924056,180792,41617,3009
2026-10-08T23:57:22Z,7002376067,171,12435448,33515,10140,3066
2026-10-08T23:57:22Z,7005891584,10867,288809177,21807244,139233,10660
2026-10-08T23:57:22Z,7008097940,11797,3345800964,22412582,1247732,327445
2026-10-08T23:57:22Z,7152338202,88,119025497,74296,23946,7299
2026-10-08T23:57:22Z,7155018773,3122,177785429,3918883,24446,5460
2026-10-08T23:57:22Z,7160901012,46,3564773,67504,14772,3929
2026-10-08T23:57:22Z,7175500329,110,31972077,171393,65830,6951
2026-10-08T23:57:22Z,7178032757,4840,246048751,152627,232234,5914
2026-10-08T23:57:22Z,7194739190,1838,553538013,326335,28847,18620
2026-10-08T23:57:22Z,7198878133,110,82880409,325443,31735,15463
2026-10-08T23:57:22Z,7199608878,88,55512058,182462,290177,5504
2026-10-08T23:57:22Z,7208219743,1048,13320826,147472,24039,5855
2026-10-08T23:57:22Z,7208561693,239,133890513,10659334,123193,5181
2026-10-08T23:57:22Z,7209131331,217,39506870,107172,19168,3990
2026-10-08T23:57:22Z,7212930772,854,193812722,149210,132754,12485
2026-10-08T23:57:22Z,7219654364,77154,1894345017,16708320,268265,39307
2026-10-08T23:57:22Z,7221312013,310,12010972,59442,32173,9523
2026-10-08T23:57:22Z,7229464493,168,11310291,43511,16192,3601
2026-10-08T23:57:22Z,7229780065,489,153433706,785327,116164,21872
2026-10-08T23:57:22Z,7232697205,326,96273011,129695,39919,12294
2026-10-08T23:57:22Z,7236441063,70,39159518,71718,90432,5265
2026-10-08T23:57:22Z,7243236309,701,69242677,597581,51930,18739
2026-10-08T23:57:22Z,7247232515,357,27468931,1095323,16990,2319
2026-10-08T23:57:22Z,7258480741,234,20155808,232812,53823,7230
2026-10-08T23:57:22Z,7258574494,25,23271030,15021,5671,1054
2026-10-08T23:57:22Z,7261493599,956,225606242,307300,325704,19742
2026-10-08T23:57:22Z,7264587281,3190,408203602,1998200,127678,38822
2026-10-08T23:57:22Z,7265339759,980,67738156,373242,148842,15306
2026-10-08T23:57:22Z,7265977477,23213,124940522,9377915,95446,5029
2026-10-08T23:57:22Z,7266261686,159,23949333,49996,13493,4737
2026-10-08T23:57:22Z,7267853694,279,8690245,42838,4973,1502
2026-10-08T23:57:22Z,7274244096,4263,157710677,940573,91638,8422
2026-10-08T23:57:22Z,7278893183,159,75159657,102106,21061,4131
2026-10-08T23:57:22Z,7283491781,1106,62173341,127200,56488,9460
2026-10-08T23:57:22Z,7284582661,1015,149272746,384085,75261,15547
2026-10-08T23:57:22Z,7289427971,308,200409654,1517046,80145,32914
2026-10-08T23:57:22Z,7290225649,463,75220794,7735434,4610,1703
2026-10-08T23:57:22Z,7294208165,260,212275802,311680,242268,21055
2026-10-08T23:57:22Z,7307246329,478,206971710,2354361,265706,45730
2026-10-08T23:57:22Z,7317454210,638,69248623,71102,38242,16933
2026-10-08T23:57:22Z,7321712757,236,22887756,114128,50598,2901
2026-10-08T23:57:22Z,7325821778,406,23333884,153985,40195,4290
2026-10-08T23:57:22Z,7326934954,148751,29937476657,9817791,5444181,572091
2026-10-08T23:57:22Z,7330008550,107,18424264,82573,69070,1142
2026-10-08T23:57:22Z,7332711118,1656,1888644656,2481376,1978244,65434
2026-10-08T23:57:22Z,7332812970,93,70553823,2597535,313092,4109
2026-10-08T23:57:22Z,7335437420,106,16010357,804287,110200,2996
2026-10-08T23:57:22Z,7339682753,1217,78768395,5897050,20358,3206
2026-10-08T23:57:22Z,7344582593,2439,339145376,659108,377980,55289
2026-10-08T23:57:22Z,7346697338,970,127899746,96555,93776,20980
2026-10-08T23:57:22Z,7350402084,550,14678295,23679,8636,1367
2026-10-08T23:57:22Z,7356195012,361,179594941,4892969,245670,42342
2026-10-08T23:57:22Z,7359962123,2820,58281891,275349,88749,5269
2026-10-08T23:57:22Z,7364297396,1874,465666948,683161,107523,16596
2026-10-08T23:57:22Z,7366910133,224,12694107,44366,53145,1179
2026-10-08T23:57:22Z,7372152033,562,33885987,59323,17176,6365
2026-10-08T23:57:22Z,7373459570,933,168009642,3642685,316546,5870
2026-10-08T23:57:22Z,7373989866,228,187584764,142073,102392,4230
2026-10-08T23:57:22Z,7374930268,466,6801509,295919,3230,640
2026-10-08T23:57:22Z,7378605382,669,74844653,82416,34712,16387
2026-10-08T23:57:22Z,7381952833,872,114173523,231383,30653,7761
2026-10-08T23:57:22Z,7382457344,80,33159578,24683,22989,3224
2026-10-08T23:57:22Z,7383133134,329,117578912,884357,34992,4990
2026-10-08T23:57:22Z,7386897403,404,7335580,7493,11140,3489
2026-10-08T23:57:22Z,7387114108,126,87849424,470616,124030,8665
2026-10-08T23:57:22Z,7391615616,237,23957151,1403704,130496,5785
2026-10-08T23:57:22Z,7394964165,101,61101131,226471,228665,11392
2026-10-08T23:57:22Z,7395930870,8386,471326011,505521,358901,20448
2026-10-08T23:57:22Z,7396511690,268,41387462,1426597,94816,15338
2026-10-08T23:57:22Z,7398552394,6686,261716211,404044,132782,15672
2026-10-08T23:57:22Z,7407722254,107,37115537,48823,7669,1541
2026-10-08T23:57:22Z,7411615879,1115,40093479,54242,22043,1607
2026-10-08T23:57:22Z,7411700191,150,51525749,4808826,15793,2688
2026-10-08T23:57:22Z,7414497778,1205,78985899,200387,71704,13966
2026-10-08T23:57:22Z,7423951772,167,74467277,414936,375198,22518
2026-10-08T23:57:22Z,7428819247,528,38176034,255591,54550,4500
2026-10-08T23:57:22Z,7429689898,441,513309056,820124,1433797,79595
2026-10-08T23:57:22Z,7430288939,389,9209137,11130,4074,553
2026-10-08T23:57:22Z,7434179990,1931,256787540,8969917,390545,13330
2026-10-08T23:57:22Z,7435020231,205,34501768,120486,72322,6967
2026-10-08T23:57:22Z,7436755782,14206,35961581216,11439295,9436134,1054908
2026-10-08T23:57:22Z,7444113888,57,3458173,9909,4388,1082
2026-10-08T23:57:22Z,7447878628,507,69001415,152687,40604,4600
2026-10-08T23:57:22Z,7448595637,327,42109899,1400781,7846,3201
2026-10-08T23:57:22Z,7450124099,1752,144146144,810823,85234,11986
2026-10-08T23:57:22Z,7450497506,1775,227580015,1633190,216436,13353
2026-10-08T23:57:22Z,7452857402,164,48735640,180990,61363,4355
2026-10-08T23:57:22Z,7453941040,6638,207070865,370362,59463,13503
2026-10-08T23:57:22Z,7458874788,393,25222098,353484,68261,9982
2026-10-08T23:57:22Z,7459972296,184,99997791,2243435,78350,2988
2026-10-08T23:57:22Z,7462622504,183,45262620,79084,19516,4316
2026-10-08T23:57:22Z,7468338447,227,343231511,2562722,295990,13812
2026-10-08T23:57:22Z,7470750655,198,67054858,2120610,20596,3359
2026-10-08T23:57:22Z,7473164424,141,50488361,857052,116738,14917
2026-10-08T23:57:22Z,7474367816,2901,1118846127,1435737,1301261,36664
2026-10-08T23:57:22Z,7481713061,216,72185307,87387,74192,3030
2026-10-08T23:57:22Z,7483856345,362,106532533,5437760,43811,17766
2026-10-08T23:57:22Z,7486728492,128,27564223,312172,150534,5113
2026-10-08T23:57:22Z,7486872264,142,35381361,2293357,14373,1372
2026-10-08T23:57:22Z,7488190691,89,304150544,207694,400089,11696
2026-10-08T23:57:22Z,7488668004,6702,352107663,454734,141046,11725
2026-10-08T23:57:22Z,7497471789,3623,95438662,308533,150657,5150
2026-10-08T23:57:22Z,7497527552,75,11235760,32148,23402,2409
2026-10-08T23:57:22Z,7497802350,349,101805495,149908,136613,12407
2026-10-08T23:57:22Z,7498824809,131,72624303,89118,46282,2512
2026-10-08T23:57:22Z,7498898979,1414,79570674,285116,63908,7044
2026-10-08T23:57:22Z,7510907928,239,30396809,129689,38905,11538
2026-10-08T23:57:22Z,7518216173,714,74701476,65862,51993,4714
2026-10-08T23:57:22Z,7521520342,866,276565399,259248,119964,27233
2026-10-08T23:57:22Z,7523931033,149,22252399,1465118,2549,836
2026-10-08T23:57:22Z,7528417535,1653,62004434,1562004,25314,6093
2026-10-08T23:57:22Z,7534782259,326,113072388,53982,39438,10747
2026-10-08T23:57:22Z,7537130234,297,44718576,290074,62991,5526
2026-10-08T23:57:22Z,7541395924,411,189908748,3571975,377824,16797
2026-10-08T23:57:22Z,7546135071,375,179533590,172315,92096,6235
2026-10-08T23:57:22Z,7546582051,924,285792277,497974,270072,10310
2026-10-08T23:57:22Z,7549259159,185,21895352,416844,41819,7329
2026-10-08T23:57:22Z,7554119808,17418,447543452,5565750,160403,15650
2026-10-08T23:57:22Z,7556543437,126,52146705,149505,291549,16629
2026-10-08T23:57:22Z,7557272025,660,53190365,356232,51470,10367
2026-10-08T23:57:22Z,7561154969,451,60626451,118874,37006,10151
2026-10-08T23:57:22Z,7569509385,749,95999171,543864,110123,15795
2026-10-08T23:57:22Z,7570489548,218,23044716,21562,10566,1225
2026-10-08T23:57:22Z,7577791613,761,113690153,608716,59803,23126
2026-10-08T23:57:22Z,7585140258,13934,145277730,661324,399932,15856
2026-10-08T23:57:22Z,7585947700,156,50456765,995823,14410,1334
2026-10-08T23:57:22Z,7589856475,2462,16495190,815504,2171,3516
2026-10-08T23:57:22Z,7592844193,1709,5489070,156405,9260,838
2026-10-08T23:57:22Z,7598310995,40,7496558,63980,6322,1590
2026-10-08T23:57:22Z,7599404611,489,13971243,116746,33654,1944
2026-10-08T23:57:22Z,7613921865,5989,802770047,211930,271748,12211
2026-10-08T23:57:22Z,7613970129,424,66353554,170594,70781,6160
2026-10-08T23:57:22Z,7617886606,420,2533854,28918,1581,378
2026-10-08T23:57:22Z,7618444254,79,41106502,745676,407416,7697
2026-10-08T23:57:22Z,7623259179,3210,87601814,295587,124345,8226
2026-10-08T23:57:22Z,7626153268,88,102815496,2818296,19578,9243
2026-10-08T23:57:22Z,7628118889,1661,297288284,784142,126780,18540
2026-10-08T23:57:22Z,7629331599,4036,267698435,481866,336225,12502
2026-10-08T23:57:22Z,7629884826,128,90449484,565467,577264,10541
2026-10-08T23:57:22Z,7633926880,4894,289628357,965826,618123,34755
2026-10-08T23:57:22Z,7637748042,112,42305203,36918,45513,4435
2026-10-08T23:57:22Z,7640282930,66,69420430,2399057,819938,14718
2026-10-08T23:57:22Z,7641240255,350,37357019,2623576,3265,841
2026-10-08T23:57:22Z,7646154613,10214,314752281,249383,68943,22031
2026-10-08T23:57:22Z,7650013922,55,11069339,92909,28888,4337
2026-10-08T23:57:22Z,7651243549,162,139830605,9342113,55448,4208
2026-10-08T23:57:22Z,7658304545,263,71609846,361053,340632,9593
2026-10-08T23:57:22Z,7658676858,1120,370202058,27308165,992227,72164
2026-10-08T23:57:22Z,7658839393,284,75072769,1671146,255917,6332
2026-10-08T23:57:22Z,7661378108,964,6623093,14488,2598,841
2026-10-08T23:57:22Z,7661385356,284,53660864,215064,62699,9986
2026-10-08T23:57:22Z,7662333120,339,160067619,6009899,220058,4868
2026-10-08T23:57:22Z,7663926977,143,43416267,2424606,101659,8076
2026-10-08T23:57:22Z,7665084235,292,24323678,317219,56876,5690
2026-10-08T23:57:22Z,7671049560,1589,1032504086,1037620,1565277,92187
2026-10-08T23:57:22Z,7673659635,1818,142393383,337697,174517,30124
2026-10-08T23:57:22Z,7674469859,203,166299095,11531264,401218,17622
2026-10-08T23:57:22Z,7677035096,1091,6485621,83212,5577,1768
2026-10-08T23:57:22Z,7685678300,1592,286489173,764401,335035,20541
2026-10-08T23:57:22Z,7687524641,1084,42933555,114621,39862,5848
2026-10-08T23:57:22Z,7690412163,206,87543637,211571,49136,5071
2026-10-08T23:57:22Z,7691800287,126,100970425,3137048,52807,15427
2026-10-08T23:57:22Z,7699580568,109,41333653,610639,137891,5818
2026-10-08T23:57:22Z,7703544118,198,85491252,1517086,1073131,17631
2026-10-08T23:57:22Z,7703614594,3455,810416244,483689,1428353,25857
2026-10-08T23:57:22Z,7706951053,530,74486140,753809,51647,14511
2026-10-08T23:57:22Z,7707504980,429,35465402,1510647,58978,3037
2026-10-08T23:57:22Z,7708055130,70,120629525,9512309,35882,2413
2026-10-08T23:57:22Z,7709099852,99,14091084,1278495,15039,2092
2026-10-08T23:57:22Z,7709344486,91301,73867096185,29503842,15451006,2692022
2026-10-08T23:57:22Z,7713362139,181,87505332,2576079,8523,4083
2026-10-08T23:57:22Z,7719766419,94,33311637,273816,42747,9631
2026-10-08T23:57:22Z,7720654467,4586,98976367,263483,40510,4946
2026-10-08T23:57:22Z,7721537973,698,99512291,87339,11780,3541
2026-10-08T23:57:22Z,7729029844,191,13069426,59512,16141,4281
2026-10-08T23:57:22Z,7735580090,321,171670701,12325277,19143,10886
2026-10-08T23:57:22Z,7738524573,1676,176747603,168782,106210,9627
2026-10-08T23:57:22Z,7738927312,5278,79666062,281593,149367,7925
2026-10-08T23:57:22Z,7742053421,116,90776831,5928747,32676,10401
2026-10-08T23:57:22Z,7742376157,522,91476587,1582701,16577,2757
2026-10-08T23:57:22Z,7744877355,100,50489213,108516,190475,13539
2026-10-08T23:57:22Z,7747782974,1101,121856300,8741147,28192,3630
2026-10-08T23:57:22Z,7750955984,913,718327926,923699,812388,38046
2026-10-08T23:57:22Z,7757926832,75,46479332,67894,157643,21312
2026-10-08T23:57:22Z,7760134732,829,41722362,1161130,61265,2912
2026-10-08T23:57:22Z,7761516673,4863,10563161,31229,18223,4563
2026-10-08T23:57:22Z,7778848023,304,69151672,5077209,15967,1480
2026-10-08T23:57:22Z,7779759515,121,82753635,348061,238595,4634
2026-10-08T23:57:22Z,7780208150,372,54260061,108404,39752,55895
2026-10-08T23:57:22Z,7780633647,1676,432762385,339539,96472,19210
2026-10-08T23:57:22Z,7782036711,95,35360507,150056,208136,5270
2026-10-08T23:57:22Z,7785400752,166,239358392,6365932,420712,21953
2026-10-08T23:57:22Z,7787359931,1696,149635516,160967,99116,8437
2026-10-08T23:57:22Z,7789353543,126,124060608,5560102,286344,10639
2026-10-08T23:57:22Z,7789403886,130,347122810,357716,363429,24286
2026-10-08T23:57:22Z,7791104322,77,48509902,193577,37158,3480
2026-10-08T23:57:22Z,7794218964,383,36059958,264252,76502,3236
2026-10-08T23:57:22Z,7798947148,648,154511796,317563,807022,12013
2026-10-08T23:57:22Z,7800961209,643,76410245,129163,23245,2771
2026-10-08T23:57:22Z,7812848099,901,218894845,223274,83071,7084
2026-10-08T23:57:22Z,7813000783,43,34717520,38026,71038,2265
2026-10-08T23:57:22Z,7818137963,43,25141950,2336901,23957,1519
2026-10-08T23:57:22Z,7822444776,2476,765880639,497510,204677,34915
2026-10-08T23:57:22Z,7823137182,1968,398281326,561183,131618,22195
2026-10-08T23:57:22Z,7835102410,177,144449645,9038708,12198,2896
2026-10-08T23:57:22Z,7843413523,1696,150720322,591034,168117,10699
2026-10-08T23:57:22Z,7848204961,203,9794693,85796,13136,1295
2026-10-08T23:57:22Z,7848646653,228,133033673,346523,929959,14376
2026-10-08T23:57:22Z,7856039629,7014,79067481,2258840,42562,5300
2026-10-08T23:57:22Z,7856508689,407,76662176,3165524,196993,10264
2026-10-08T23:57:22Z,7857274278,316,114495583,11712235,766826,44959
2026-10-08T23:57:22Z,7860226425,99,97280709,66603,32304,5098
2026-10-08T23:57:22Z,7866302411,319,53160762,129426,53519,3814
2026-10-08T23:57:22Z,7872343282,389,62347643,1173991,178645,21265
2026-10-08T23:57:22Z,7874651625,1045,133448662,293581,56983,4789
2026-10-08T23:57:22Z,7877723741,1292,212240423,216493,82734,47887
2026-10-08T23:57:22Z,7882785167,2875,11865921,79769,31121,3097
2026-10-08T23:57:22Z,7882829745,288,361051470,984728,481534,9390
2026-10-08T23:57:22Z,7883776681,3756,574266337,4748561,1207341,64600
2026-10-08T23:57:22Z,7884563721,910,140519772,877654,239185,28575
2026-10-08T23:57:22Z,7889400622,60,7923414,10131,2890,1933
2026-10-08T23:57:22Z,7891669427,448,43293026,949227,7952,2035
2026-10-08T23:57:22Z,7893073096,162,42644282,300534,9283,1709
2026-10-08T23:57:22Z,7893515528,86,302531111,248617,590298,20332
2026-10-08T23:57:22Z,7896346755,152,41749358,79801,89014,3786
2026-10-08T23:57:22Z,7907828295,381,436250860,294433,683916,27075
2026-10-08T23:57:22Z,7911332924,1453,57153385,72070,15295,2395
2026-10-08T23:57:22Z,7917550094,2870,186664826,160723,33947,5668
2026-10-08T23:57:22Z,7920020824,128,42628410,767056,126868,4978
2026-10-08T23:57:22Z,7921879545,626,53363194,91096,44979,4645
2026-10-08T23:57:22Z,7922830257,95,4445706,18211,5015,409
2026-10-08T23:57:22Z,7931158824,499,43528530,653840,18216,4250
2026-10-08T23:57:22Z,7934320560,1786,110570519,137337,164605,8104
2026-10-08T23:57:22Z,7935634976,1087,89130065,220046,79237,16985
2026-10-08T23:57:22Z,7938305201,3667,38219852,741869,11954,1560
2026-10-08T23:57:22Z,7938992417,591,99415653,246849,32309,15732
2026-10-08T23:57:22Z,7939389895,320,84306846,1926636,62801,4360
2026-10-08T23:57:22Z,7940293048,27,2840874,3585,1085,413
2026-10-08T23:57:22Z,7943133183,1648,33647695,1127697,75843,1776
2026-10-08T23:57:22Z,7948426536,7274,61107857,119643,14488,1729
2026-10-08T23:57:22Z,7949002987,25,3674034,44306,6526,1451
2026-10-08T23:57:22Z,7957168819,206,35808353,116546,177634,2660
2026-10-08T23:57:22Z,7959448908,9,29771317,23288,15630,4326
2026-10-08T23:57:22Z,7960300951,3140,202133930,7808908,376369,17337
2026-10-08T23:57:22Z,7961333063,133,12729534,160670,74472,2635
2026-10-08T23:57:22Z,7964539330,339,213547484,13262062,145797,16558
2026-10-08T23:57:22Z,7968055762,824,9342654,24947,10009,1016
2026-10-08T23:57:22Z,7970033072,1115,7721779,109602,158798,3916
2026-10-08T23:57:22Z,7972256224,294,3923806,46203,15912,898
2026-10-08T23:57:22Z,7983308985,427,137030993,237954,491503,20167
2026-10-08T23:57:22Z,7984525041,117,5401957,47157,12607,1593
2026-10-08T23:57:22Z,7990186056,1170,411352030,383840,286057,18446
2026-10-08T23:57:22Z,7996365376,7317,449184769,490365,206698,28155
2026-10-08T23:57:22Z,7997540903,80,21544868,764221,35591,11606
2026-10-08T23:57:22Z,8000413855,247,96457608,79759,87667,8925
2026-10-08T23:57:22Z,8005378926,1354,40789028,831422,7335,1375
2026-10-08T23:57:22Z,8006379851,1163,129445742,7035612,7183,3359
2026-10-08T23:57:22Z,8014099969,991,152672186,257037,142149,12528
2026-10-08T23:57:22Z,8015734617,91,437502423,2622028,97695,8755
2026-10-08T23:57:22Z,8017401632,628,65370841,156234,53608,3632
2026-10-08T23:57:22Z,8051653879,318,18737382,20767,7495,4258
2026-10-08T23:57:22Z,8053835414,169,27503915,32143,9987,1571
2026-10-08T23:57:22Z,8058628992,582,177791031,585760,75337,6638
2026-10-08T23:57:22Z,8066283370,1189,529802962,3068271,434768,16523
2026-10-08T23:57:22Z,8072075666,406,2595471,36391,10063,3048
2026-10-08T23:57:22Z,8079278639,260,2461765,27029,7732,1029
2026-10-08T23:57:22Z,8080493298,2066,261961624,309518,89586,15380
2026-10-08T23:57:22Z,8080863905,756,115393378,107266,146013,20976
2026-10-08T23:57:22Z,8081472583,205,181118006,17026620,265335,23854
2026-10-08T23:57:22Z,8087030587,112,59499930,4997200,6896,1042
2026-10-08T23:57:22Z,8093473699,369,26195931,93285,22879,4131
2026-10-08T23:57:22Z,8095834523,539,23966875,61351,24195,3558
2026-10-08T23:57:22Z,8104504677,579,63004484,281652,199781,13062
2026-10-08T23:57:22Z,8107738357,52,5345949,71860,10807,3285
2026-10-08T23:57:22Z,8123308765,298,28071311,27041,6137,1871
2026-10-08T23:57:22Z,8125588973,129,24308871,23922,6737,1696
2026-10-08T23:57:22Z,8127329309,136,17094583,1794328,8298,524
2026-10-08T23:57:22Z,8140627455,526,96944411,100107,108200,8389
2026-10-08T23:57:22Z,8152539587,132,107338926,11526861,97844,10348
2026-10-08T23:57:22Z,8156335562,139,52036717,326644,99086,6770
2026-10-08T23:57:22Z,8156949424,191,22823544,25106,8054,3350
2026-10-08T23:57:22Z,8156973419,1519,157383897,5126814,91333,10086
2026-10-08T23:57:22Z,8160348242,5013,212769912,4788180,144965,15414
2026-10-08T23:57:22Z,8177819100,55,3092569,16194,2345,408
2026-10-08T23:57:22Z,8178086002,14411,83058765,236854,65897,4528
2026-10-08T23:57:22Z,8178650215,133,32571325,2393996,91806,3044
2026-10-08T23:57:22Z,8181391950,1105,242328664,4580099,264400,27175
2026-10-08T23:57:22Z,8187135306,143,68949102,77580,64299,12139
2026-10-08T23:57:22Z,8188085194,138,8682387,253660,16897,1376
2026-10-08T23:57:22Z,8191321227,148,2732664,21888,6615,1339
2026-10-08T23:57:22Z,8198412649,1160,54459892,95452,71017,8566
2026-10-08T23:57:22Z,8203127178,538,18128368,41942,30718,4115
2026-10-08T23:57:22Z,8203580812,135,29654180,385662,21510,11195
2026-10-08T23:57:22Z,8204806107,625,55793015,141865,36797,3311
2026-10-08T23:57:22Z,8209640691,165,68313520,340533,146515,5775
2026-10-08T23:57:22Z,8211072456,282,19335544,49430,7413,1426
2026-10-08T23:57:22Z,8212026736,370,47394248,292115,96451,3546
2026-10-08T23:57:22Z,8212965377,160,54397536,56794,29631,2622
2026-10-08T23:57:22Z,8214054500,239,145655629,431478,1089221,27711
2026-10-08T23:57:22Z,8218591943,49,37431196,153486,288378,3915
2026-10-08T23:57:22Z,8220481827,90,22684656,1329516,27509,6470
2026-10-08T23:57:22Z,8220767002,90,43562957,406054,72044,2697
2026-10-08T23:57:22Z,8223345519,669,42306815,95249,27983,2739
2026-10-08T23:57:22Z,8228371304,387,83106405,63173,7136,2230
2026-10-08T23:57:22Z,8230649365,108,30762733,3447337,888,308
2026-10-08T23:57:22Z,8232540509,404,44677857,59394,27427,5010
2026-10-08T23:57:22Z,8237105425,1484,44192609,932832,347219,7981
2026-10-08T23:57:22Z,8238748429,216,64209987,122274,232195,9156
2026-10-08T23:57:22Z,8238863102,1682,323276782,2294441,216083,10789
2026-10-08T23:57:22Z,8239435378,73,38501879,91187,173332,5292
2026-10-08T23:57:22Z,8243724761,377,51324667,273988,79289,2946
2026-10-08T23:57:22Z,8246907060,777,117565117,294652,188522,18685
2026-10-08T23:57:22Z,8250618750,116,26794869,61102,32487,12136
2026-10-08T23:57:22Z,8263672055,148,8436018,30773,9946,3175
2026-10-08T23:57:22Z,8269273068,399,41521127,268397,285000,12365
2026-10-08T23:57:22Z,8279887603,527,103443007,387712,68014,8083
2026-10-08T23:57:22Z,8292778231,301,51283473,969482,13689,1939
2026-10-08T23:57:22Z,8293451157,160,8928005,16687,5557,2165
2026-10-08T23:57:22Z,8294794009,661,75480575,115352,23772,5579
2026-10-08T23:57:22Z,8296765616,1263,36275689,77585,48109,2527
2026-10-08T23:57:22Z,8299444324,292,167788474,10261070,338823,19729
2026-10-08T23:57:22Z,8300580369,257,7908676,82410,13004,2106
2026-10-08T23:57:22Z,8302683258,245,26110395,36454,4546,3841
2026-10-08T23:57:22Z,8307114974,6910,401321521,255851,101200,16567
2026-10-08T23:57:22Z,8309394444,207,23580466,1684067,18874,1548
2026-10-08T23:57:22Z,8313824597,541,26439702,40006,26407,3583
2026-10-08T23:57:22Z,8316902627,2231,4713013454,2001453,3026653,166585
2026-10-08T23:57:22Z,8321616508,362,51296442,53514,89356,5288
2026-10-08T23:57:22Z,8322865535,1596,37552187,2004729,11215,1467
2026-10-08T23:57:22Z,8330409552,195,156044496,14718658,107223,11115
2026-10-08T23:57:22Z,8333899831,259,1839679,12324,3341,1390
2026-10-08T23:57:22Z,8334544191,13,4737377,34021,2262,275
2026-10-08T23:57:22Z,8342498724,2885,55572117,109956,80593,3208
2026-10-08T23:57:22Z,8343243056,355,242525728,1695150,307156,8100
2026-10-08T23:57:22Z,8348991330,301,19863336,53900,15587,954
2026-10-08T23:57:22Z,8353962342,471,226668380,8348889,190743,10901
2026-10-08T23:57:22Z,8356066619,1555,89567898,47451,88530,4531
2026-10-08T23:57:22Z,8360491918,1105,23830927,21310,15129,5349
2026-10-08T23:57:22Z,8365871374,1461,258141228,20562346,196951,10319
2026-10-08T23:57:22Z,8366716517,1106,78060656,999025,178204,19053
2026-10-08T23:57:22Z,8374113155,568,275037777,222815,111718,6041
2026-10-08T23:57:22Z,8374787126,168,35388945,36314,9036,1844
2026-10-08T23:57:22Z,8375166760,528,56678101,67101,17394,5111
2026-10-08T23:57:22Z,8393350511,164,80457304,245016,60930,8344
2026-10-08T23:57:22Z,8401518398,3232,121327853,109027,21324,8387
2026-10-08T23:57:22Z,8403802220,193,40114229,105084,30481,19532
2026-10-08T23:57:22Z,8407708933,121,12556917,57390,39737,4508
2026-10-08T23:57:22Z,8420667959,112,13731511,6766,5930,1078
2026-10-08T23:57:22Z,8420907710,993,76690966,5887888,201305,40263
2026-10-08T23:57:22Z,8420998291,145,29207327,70548,84504,15585
2026-10-08T23:57:22Z,8423024086,97,44890218,91337,28199,5181
2026-10-08T23:57:22Z,8430503828,1259,132195516,779150,34609,7293
2026-10-08T23:57:22Z,8438027136,47,24299484,22451,6348,2744
2026-10-08T23:57:22Z,8438735581,217,11383137,23460,7908,1445
2026-10-08T23:57:22Z,8443571594,153,19106209,53905,78557,3741
2026-10-08T23:57:22Z,8446095862,42,5453886,104307,3678,528
2026-10-08T23:57:22Z,8446266018,433,81913235,68163,67178,15504
2026-10-08T23:57:22Z,8449579949,140,14360090,22627,9559,3746
2026-10-08T23:57:22Z,8450202664,85,18752175,47330,41031,3172
2026-10-08T23:57:22Z,8450472355,507,134675818,168857,135681,16812
2026-10-08T23:57:22Z,8472682462,852,79125964,68996,10742,1460
2026-10-08T23:57:22Z,8473646150,216,10475084,47509,85679,2123
2026-10-08T23:57:22Z,8475779172,324,32762083,52983,27271,2077
2026-10-08T23:57:22Z,8482984219,133,22112678,829116,50034,22854
2026-10-08T23:57:22Z,8485482226,188,23949955,185113,45504,3595
2026-10-08T23:57:22Z,8488806742,915,46058141,88361,41210,7783
2026-10-08T23:57:22Z,8494484575,131,78567869,3298123,126216,2770
2026-10-08T23:57:22Z,8497987845,886,25273696,138549,75997,6476
2026-10-08T23:57:22Z,8503596762,305,3120197,34697,12906,1017
2026-10-08T23:57:22Z,8504461817,1445,202590323,116181,43658,3741
2026-10-08T23:57:22Z,8507699752,115,115085528,10242101,53798,5481
2026-10-08T23:57:22Z,8514476218,28,40164152,38504,41889,6086
2026-10-08T23:57:22Z,8520148363,3696,266495527,3340561,678754,79748
2026-10-08T23:57:22Z,8524572339,3693,96361438,139178,81794,22470
2026-10-08T23:57:22Z,8537350835,117,33826413,201150,59022,2096
2026-10-08T23:57:22Z,8539139845,44,15790515,417508,14260,971
2026-10-08T23:57:22Z,8539298853,3393,1301560385,1832122,383559,43198
2026-10-08T23:57:22Z,8546873728,1721,33544816,699797,16237,2067
2026-10-08T23:57:22Z,8560366648,144,48607712,58294,71479,5838
2026-10-08T23:57:22Z,8561270645,115,47685420,1002933,11691,2983
2026-10-08T23:57:22Z,8562618273,149,108181622,90690,105057,4237
2026-10-08T23:57:22Z,8570876289,760,61918421,23474,21610,5105
2026-10-08T23:57:22Z,8572854650,161,130373831,885801,476985,10658
2026-10-08T23:57:22Z,8589587086,43,7358938,143668,4494,525
2026-10-08T23:57:22Z,8600977079,4786,90750363,89361,18120,5370
2026-10-08T23:57:22Z,8601956127,263,28458479,119769,124039,5210
2026-10-08T23:57:22Z,8603178384,61,67799234,126868,36398,5474
2026-10-08T23:57:22Z,8615117785,198,2137464,24931,6281,3144
2026-10-08T23:57:22Z,8618660961,1368,43189134,133390,54331,6850
2026-10-08T23:57:22Z,8638825448,108,60167618,58928,94353,10525
2026-10-08T23:57:22Z,8640389608,292,2414514,4709,4419,462
2026-10-08T23:57:22Z,8641602265,669,78566733,213071,137948,8060
2026-10-08T23:57:22Z,8646185650,739,30818519,49847,35513,1621
2026-10-08T23:57:22Z,8646444640,763,12629863,45246,26599,3882
2026-10-08T23:57:22Z,8659262047,924,128485045,1282543,515810,10571
2026-10-08T23:57:22Z,8662243497,1410,271327098,283357,56931,7043
2026-10-08T23:57:22Z,8669550197,1633,111658625,138969,76682,3728
2026-10-08T23:57:22Z,8675480462,186,7756346,28612,7596,1803
2026-10-08T23:57:22Z,8698022820,86,44320536,52110,90423,1092
2026-10-08T23:57:22Z,8705454731,3352,79965192,526844,132278,12433
2026-10-08T23:57:22Z,8711562354,179,2122647,10678,4464,2068
2026-10-08T23:57:22Z,8719555347,11382,438736716,639594,225020,18076
2026-10-08T23:57:22Z,8722889197,234,150842757,5300375,111693,6236
2026-10-08T23:57:22Z,8723526551,510,17276680,570434,41828,3520
2026-10-08T23:57:22Z,8724785394,1101,8471485,366462,11393,567
2026-10-08T23:57:22Z,8728034884,42,10069826,24372,10498,1792
2026-10-08T23:57:22Z,8738763254,227,30224894,121968,14659,3595
2026-10-08T23:57:22Z,8744978097,38,18952755,51219,70243,4094
2026-10-08T23:57:22Z,8751492147,416,117520116,115413,32297,9108
2026-10-08T23:57:22Z,8752324161,1872,236308529,135511,22212,10491
2026-10-08T23:57:22Z,8759966530,838,129058482,417007,85275,9277
2026-10-08T23:57:22Z,8776018564,568,79823985,160949,133652,5142
2026-10-08T23:57:22Z,8781187550,142,18054094,101061,14073,3608
2026-10-08T23:57:22Z,8786713187,524,120776582,295973,656156,12597
2026-10-08T23:57:22Z,8787792657,240,798086,4698,1795,243
2026-10-08T23:57:22Z,8791358380,4483,466262636,14114991,297190,15862
2026-10-08T23:57:22Z,8791363740,115,44663872,4217832,21290,1621
2026-10-08T23:57:22Z,8794536584,482,14603999,89036,39357,4864
2026-10-08T23:57:22Z,8795154789,1408,486743640,396663,356210,27170
2026-10-08T23:57:22Z,8799094487,588,33987306,75885,22286,2912
2026-10-08T23:57:22Z,8801566255,295,57953064,128497,64437,6488
2026-10-08T23:57:22Z,8807109250,370,56143101,1574459,150749,14810
2026-10-08T23:57:22Z,8813969120,4049,46949087,133571,96121,3425
2026-10-08T23:57:22Z,8824087733,196,13758656,8200,4077,616
2026-10-08T23:57:22Z,8828612659,710,151687257,165012,240472,4593
2026-10-08T23:57:22Z,8829204428,1226,9298237,164648,125392,2786
2026-10-08T23:57:22Z,8832884753,302,69747806,745409,85350,3368
2026-10-08T23:57:22Z,8834587397,219,577435465,14056792,517650,42791
2026-10-08T23:57:22Z,8836568224,3368,130019181,120688,140032,3026
2026-10-08T23:57:22Z,8836631593,2591,43395508,52074,17592,8494
2026-10-08T23:57:22Z,8836930196,183,11344761,63957,24384,6227
2026-10-08T23:57:22Z,8840856120,81,70939212,179056,46955,5297
2026-10-08T23:57:22Z,8841437826,1609,56490705,826483,94575,2887
2026-10-08T23:57:22Z,8844400854,34,184717704,402164,96945,7716
2026-10-08T23:57:22Z,8846911260,467,76073204,212354,65571,3486
2026-10-08T23:57:22Z,8847904177,193,31490720,4286494,9706,1559
2026-10-08T23:57:22Z,8851542818,4909,60750376,382317,92822,4313
2026-10-08T23:57:22Z,8869088870,3604,50872351,2723517,141059,3057
2026-10-08T23:57:22Z,8881105040,423,55075582,106401,168055,3022
2026-10-08T23:57:22Z,8881302585,1523,90106475,174397,138599,25132
2026-10-08T23:57:22Z,8883775493,1137,135890505,400799,47274,10558
2026-10-08T23:57:22Z,8887260140,298,13156343,40273,36214,2086
2026-10-08T23:57:22Z,8890288888,333,118056587,81931,16061,6289
2026-10-08T23:57:22Z,8897501653,103,13964945,508385,68570,3609
2026-10-08T23:57:22Z,8902327228,297,111123623,125295,72581,10459
2026-10-08T23:57:22Z,8913675853,291,40515570,48981,30363,19412
2026-10-08T23:57:22Z,8916086418,40,6668107,59953,14109,795
2026-10-08T23:57:22Z,8916375040,101,223718315,95767,87551,7410
2026-10-08T23:57:22Z,8925924444,1542,110832642,148622,147654,11206
2026-10-08T23:57:22Z,8935993972,229,14259089,106238,104207,3834
2026-10-08T23:57:22Z,8937254139,3573,231553707,1823868,499190,8449
2026-10-08T23:57:22Z,8946565814,2058,27206114,27470,33730,2231
2026-10-08T23:57:22Z,8950496606,844,181024136,456460,148693,9309
2026-10-08T23:57:22Z,8957522683,219,96654277,49838,6536,2544
2026-10-08T23:57:22Z,8959257868,357,14187256,49985,22489,2201
2026-10-08T23:57:22Z,8964336233,101,66649490,145956,155775,17962
2026-10-08T23:57:22Z,8964956538,1539,70141943,1240311,203977,6526
2026-10-08T23:57:22Z,8965717730,1634,19161386,794107,4510,1281
2026-10-08T23:57:22Z,8974153311,341,3178389,11050,3146,496
2026-10-08T23:57:22Z,8975063538,73,6859557,532120,27264,986
2026-10-08T23:57:22Z,8993151589,196,9382771,124915,11253,1513
2026-10-08T23:57:22Z,8995269203,123,30683686,27045,11397,998
2026-10-08T23:57:22Z,8997131346,378,11114527,23385,6979,1992
2026-10-08T23:57:22Z,8997725599,364,9379013,42313,57564,5623
2026-10-08T23:57:22Z,9001634416,498,3981507,22195,5619,2765
2026-10-08T23:57:22Z,9011750676,45,9783248,321005,26791,1488
2026-10-08T23:57:22Z,9020929856,178,14454171,13384,2207,1610
2026-10-08T23:57:22Z,9021906675,87,76560522,68147,27937,6056
2026-10-08T23:57:22Z,9023560962,165,7167391,47451,17572,1412
2026-10-08T23:57:22Z,9029936173,674,39375230,3842971,10706,3018
2026-10-08T23:57:22Z,9031167776,214,2233095,15162,4978,352
2026-10-08T23:57:22Z,9032167172,1676,53388138,410029,151378,13681
2026-10-08T23:57:22Z,9035240873,105,29342246,773316,23548,8490
2026-10-08T23:57:22Z,9036406485,181,502671,26898,8478,803
2026-10-08T23:57:22Z,9042945532,124,49053717,191662,125366,6704
2026-10-08T23:57:22Z,9043900837,95,6052532,89471,18455,1423
2026-10-08T23:57:22Z,9050667716,643,62564799,87841,43667,10911
2026-10-08T23:57:22Z,9051406594,6252,399929684,7786776,2062246,76972
2026-10-08T23:57:22Z,9058303084,416,97576703,64031,21741,10548
2026-10-08T23:57:22Z,9060752643,106,20239800,1451295,66681,2603
2026-10-08T23:57:22Z,9065022692,75,11911430,436407,5103,939
2026-10-08T23:57:22Z,9067401541,499,25065090,126534,187489,4616
2026-10-08T23:57:22Z,9073513091,1421,145876424,180853,165243,8111
2026-10-08T23:57:22Z,9076692567,813,34787454,157248,41705,8846
2026-10-08T23:57:22Z,9077534770,399,64122698,197324,25482,6615
2026-10-08T23:57:22Z,9081083593,140,23360471,337264,23314,5722
2026-10-08T23:57:22Z,9084112733,1085,85052149,188601,18421,4926
2026-10-08T23:57:22Z,9086253192,145,100238588,3690735,43095,2381
2026-10-08T23:57:22Z,9091133975,2086,464198443,1289832,1231995,24700
2026-10-08T23:57:22Z,9098253051,200,32821873,2346445,46345,4939
2026-10-08T23:57:22Z,9098570654,5059,269858612,455163,193997,12110
2026-10-08T23:57:22Z,9100068452,122,64245237,2807557,235146,14543
2026-10-08T23:57:22Z,9101545371,146,13382946,93196,25740,2074
2026-10-08T23:57:22Z,9102566780,274,7472828,39884,73566,4957
2026-10-08T23:57:22Z,9103302710,80,79370897,88086,47788,4332
2026-10-08T23:57:22Z,9104763985,292,89343962,7214628,151193,2623
2026-10-08T23:57:22Z,9105075853,373,16099312,78753,164848,5731
2026-10-08T23:57:22Z,9110459155,98,15392551,43910,23031,38386
2026-10-08T23:57:22Z,9112256336,949,9796356,20663,8612,1623
2026-10-08T23:57:22Z,9119782663,2784,98520360,2670346,63142,9934
2026-10-08T23:57:22Z,9125259344,1984,134288884,260983,52860,15797
2026-10-08T23:57:22Z,9130827443,243,43156406,1964638,110592,8881
2026-10-08T23:57:22Z,9137416017,191,77178827,39676,22994,10036
2026-10-08T23:57:22Z,9140218204,60,19877689,1571671,34306,1857
2026-10-08T23:57:22Z,9141743926,2468,459741420,603188,536309,11924
2026-10-08T23:57:22Z,9142917248,2655,65507969,4749361,44625,4197
2026-10-08T23:57:22Z,9144698943,165,36387826,36272,14074,5282
2026-10-08T23:57:22Z,9145063979,4702,592724793,616187,1128101,25648
2026-10-08T23:57:22Z,9145282410,159,40732281,291358,39626,7358
2026-10-08T23:57:22Z,9146149577,206,22358951,19554,4835,1097
2026-10-08T23:57:22Z,9150731899,1112,17484588,86082,19071,5172
2026-10-08T23:57:22Z,9150975254,362,55309609,1515293,61429,5978
2026-10-08T23:57:22Z,9155036056,823,111367961,270282,411919,5732
2026-10-08T23:57:22Z,9156711629,662,50386858,399397,116057,3843
2026-10-08T23:57:22Z,9161811618,188,74599038,358100,60880,6938
2026-10-08T23:57:22Z,9162763535,1551,77928495,96719,25780,7372
2026-10-08T23:57:22Z,9167377564,11894,384773315,9036793,661716,19574
2026-10-08T23:57:22Z,9168386959,130,59686795,261034,632061,11146
2026-10-08T23:57:22Z,9169166771,1246,72082615,134197,19973,5456
2026-10-08T23:57:22Z,9175015027,507,59024725,4975529,26538,3783
2026-10-08T23:57:22Z,9177208241,463,79994208,412192,39009,16904
2026-10-08T23:57:22Z,9178347165,779,18273074,1430097,8091,1500
2026-10-08T23:57:22Z,9186719164,1340,1597604604,843484,1244720,52659
2026-10-08T23:57:22Z,9198323655,1320,121842006,84624,39111,3623
2026-10-08T23:57:22Z,9199655655,8885,264455536,747241,498988,63254
2026-10-08T23:57:22Z,9209811415,872,52501776,125445,19092,1856
2026-10-08T23:57:22Z,9210599831,2403,19928872,525250,98941,4095
2026-10-08T23:57:22Z,9219116196,634,103159000,288600,44029,6077
2026-10-08T23:57:22Z,9219838330,320,14191875,40742,113040,3149
2026-10-08T23:57:22Z,9221949930,771,11301438,273542,9451,1704
2026-10-08T23:57:22Z,9226697658,178,4090928,43703,90214,1498
2026-10-08T23:57:22Z,9228045253,131,142553961,251968,331192,8783
2026-10-08T23:57:22Z,9229146348,617,10522249,39531,17064,4209
2026-10-08T23:57:22Z,9232634201,636,89756120,99716,27170,4646
2026-10-08T23:57:22Z,9237297311,330,2199186,18357,3043,726
2026-10-08T23:57:22Z,9237322219,610,18467407,44655,29509,2326
2026-10-08T23:57:22Z,9240065211,147,52517045,2428717,229554,4948
2026-10-08T23:57:22Z,9250508067,117,7533506,37301,12154,2027
2026-10-08T23:57:22Z,9253627770,121,17119208,22318,8633,1495
2026-10-08T23:57:22Z,9255588637,559,158988467,11279577,55460,19343
2026-10-08T23:57:22Z,9256255979,175,91147904,126853,16176,4368
2026-10-08T23:57:22Z,9257800423,1978,39302307,385524,161249,9764
2026-10-08T23:57:22Z,9260939847,197,104949168,2169155,146865,4919
2026-10-08T23:57:22Z,9261495998,162,30821667,2511960,13889,1882
2026-10-08T23:57:22Z,9271890694,224,11357503,159669,194623,4818
2026-10-08T23:57:22Z,9272395657,2793,8635399,11719,5538,2596
2026-10-08T23:57:22Z,9272693470,494,274190765,182800,127909,8734
2026-10-08T23:57:22Z,9273584416,157,14966340,611557,14571,6874
2026-10-08T23:57:22Z,9276049439,855,59899725,213437,71741,2979
2026-10-08T23:57:22Z,9277195104,165,196739896,319898,676863,44482
2026-10-08T23:57:22Z,9280810829,84,41191711,103487,85349,4303
2026-10-08T23:57:22Z,9282371706,405,28176211,267077,13583,3223
2026-10-08T23:57:22Z,9286558970,926,22255685,84579,32200,12413
2026-10-08T23:57:22Z,9411563986,169,89331864,154550,138572,27623
2026-10-08T23:57:22Z,9416689400,169,1935556,5382,1628,823
2026-10-08T23:57:22Z,9419242500,281,28778568,492619,122514,2301
2026-10-08T23:57:22Z,9442472087,597,11323073,282174,30774,2436
2026-10-08T23:57:22Z,9449993534,3187,55698914,78188,18550,8743
2026-10-08T23:57:22Z,9452898647,460,126247493,5381113,46440,5513
2026-10-08T23:57:22Z,9456449045,371,12531751,18540,5715,1065
2026-10-08T23:57:22Z,9459951439,256,8870116,163675,13158,733
2026-10-08T23:57:22Z,9463334671,346,8650876,56941,18431,2280
2026-10-08T23:57:22Z,9464263569,154,4459517,36913,36019,1424
2026-10-08T23:57:22Z,9464360885,247,63895807,107277,30904,13580
2026-10-08T23:57:22Z,9468765165,72,90780031,778737,47664,5777
2026-10-08T23:57:22Z,9472441390,2410,294998773,284314,215679,9214
2026-10-08T23:57:22Z,9479962597,76,41962754,40752,13377,1357
2026-10-08T23:57:22Z,9480281767,4138,29316470,140120,19039,4677
2026-10-08T23:57:22Z,9481391333,2924,38024759,764678,11594,3645
2026-10-08T23:57:22Z,9484893818,831,11599051,103235,42627,2505
2026-10-08T23:57:22Z,9485131494,619,93324507,455610,362707,7367
2026-10-08T23:57:22Z,9490116046,3954,147191338,6558839,10385,5550
2026-10-08T23:57:22Z,9491545867,3828,130026875,1286640,29981,6748
2026-10-08T23:57:22Z,9496852407,3485,125045576,107640,61657,9433
2026-10-08T23:57:22Z,9496887785,190,60762957,128224,197869,18993
2026-10-08T23:57:22Z,9497278040,156,82207014,246915,57282,3290
2026-10-08T23:57:22Z,9499439936,596,101104898,89973,14179,4479
2026-10-08T23:57:22Z,9501409571,581,44102146,227206,120197,3027
2026-10-08T23:57:22Z,9501701013,1516,104462843,153995,29694,11552
2026-10-08T23:57:22Z,9503696692,390,87206487,80688,35898,16572
2026-10-08T23:57:22Z,9506013695,5219,124591933,435109,74790,10939
2026-10-08T23:57:22Z,9507134447,70,31238142,1123929,80496,1629
2026-10-08T23:57:22Z,9508201896,565,11685782,252407,2919,538
2026-10-08T23:57:22Z,9510573507,396,7946901,332774,3021,1156
2026-10-08T23:57:22Z,9511365396,652,71341050,92852,11360,4274
2026-10-08T23:57:22Z,9511454418,386,4570809,35874,19193,1718
2026-10-08T23:57:22Z,9513407177,653,20843056,16728,23643,2054
2026-10-08T23:57:22Z,9513686983,2245,437510821,14454129,101397,36892
2026-10-08T23:57:22Z,9514625031,1161,813260,2731,282,132
2026-10-08T23:57:22Z,9515324315,167,11156130,69457,25623,8322
2026-10-08T23:57:22Z,9517627739,573,33372544,98083,73315,8257
2026-10-08T23:57:22Z,9520326953,90,3002502,113921,32487,1920
2026-10-08T23:57:22Z,9520692022,3032,8664352,640762,2967,4453
2026-10-08T23:57:22Z,9522015993,2655,138743829,249047,51005,25480
2026-10-08T23:57:22Z,9526307912,590,101809767,175417,138259,5836
2026-10-08T23:57:22Z,9529449775,891,3287674,109141,12605,659
2026-10-08T23:57:22Z,9534705677,14250,306251125,3043326,290225,26009
2026-10-08T23:57:22Z,9539483725,510,63861136,83703,10425,2936
2026-10-08T23:57:22Z,9540040997,991,64147716,165902,145790,11592
2026-10-08T23:57:22Z,9546331833,165,65259993,57474,45105,3660
2026-10-08T23:57:22Z,9549133757,837,28306773,44797,27950,3022
2026-10-08T23:57:22Z,9549278601,1678,11791571,878456,2050,908
2026-10-08T23:57:22Z,9549894418,162,790376,33202,3175,1045
2026-10-08T23:57:22Z,9550141430,1040,21450873,422492,12317,1386
2026-10-08T23:57:22Z,9550406138,134,97905631,157079,186503,22988
2026-10-08T23:57:22Z,9551044479,4978,54930247,265637,186336,5363
2026-10-08T23:57:22Z,9551067322,171,10346918,22127,18989,1941
2026-10-08T23:57:22Z,9551699017,116,12624734,120218,43782,3367
2026-10-08T23:57:22Z,9557528747,104,10081005,425254,13351,1478
2026-10-08T23:57:22Z,9560516761,149,30705949,23089,9028,1693
2026-10-08T23:57:22Z,9560810097,250,18497361,1267835,20101,2810
2026-10-08T23:57:22Z,9561352550,148,11147674,30293,29912,2545
2026-10-08T23:57:22Z,9561553764,9666,270369102,226390,259539,17648
2026-10-08T23:57:22Z,9564490170,510,55451873,587318,109652,30040
2026-10-08T23:57:22Z,9564659718,582,126267860,180562,191502,19292
2026-10-08T23:57:22Z,9564673841,1564,175604503,304837,195895,29576
2026-10-08T23:57:22Z,9569441921,377,13833205,100171,26202,25485
2026-10-08T23:57:22Z,9577222392,108,42572442,411895,29180,5219
2026-10-08T23:57:22Z,9578994406,150,9136626,53343,118862,1969
2026-10-08T23:57:22Z,9580564449,796,10406435,118646,2246,407
2026-10-08T23:57:22Z,9582636207,131,14884268,15452,7136,1772
2026-10-08T23:57:22Z,9582986239,2844,17084935,72849,38091,1996
2026-10-08T23:57:22Z,9583346276,157,30602773,1068411,7402,1769
2026-10-08T23:57:22Z,9583356773,1829,3461081,164299,543,273
2026-10-08T23:57:22Z,9584852943,57987,6350181062,6976748,9918476,321367
2026-10-08T23:57:22Z,9584946743,2886,39194922,290003,125986,2387
2026-10-08T23:57:22Z,9585346472,617,45985436,465267,45598,5276
2026-10-08T23:57:22Z,9585571512,107,30315241,41273,12310,2543
2026-10-08T23:57:22Z,9588121608,980,152935963,2911895,53972,10287
2026-10-08T23:57:22Z,9592387369,2554,64851340,199710,85120,19988
2026-10-08T23:57:22Z,9599808796,530,133155984,182343,79849,22618
2026-10-08T23:57:22Z,9602989009,147,10806586,113708,17648,1707
2026-10-08T23:57:22Z,9604810345,205,46448341,2281822,66282,8232
2026-10-08T23:57:22Z,9612416050,174,2646994,90853,22856,757
2026-10-08T23:57:22Z,9620363363,181,66029833,55838,14676,2281
2026-10-08T23:57:22Z,9627655329,824,37077736,507636,11962,3243
2026-10-08T23:57:22Z,9630276723,140,50672168,65243,39463,2595
2026-10-08T23:57:22Z,9630866039,138,3517708,27853,8856,754
2026-10-08T23:57:22Z,9639553972,672,44063283,220762,142442,12295
2026-10-08T23:57:22Z,9641502068,6305,122318308,231840,286608,19135
2026-10-08T23:57:22Z,9643480573,72,33910313,692320,93858,3284
2026-10-08T23:57:22Z,9645309602,93,42915177,83967,34487,5891
2026-10-08T23:57:22Z,9649298941,977,751865297,5564437,1234191,84596
2026-10-08T23:57:22Z,9649606423,251,24157697,52117,25252,1959
2026-10-08T23:57:22Z,9655781693,913,18105675,36579,16589,5252
2026-10-08T23:57:22Z,9655897254,112,10336724,158371,139757,2500
2026-10-08T23:57:22Z,9655921954,1342,48429391,54334,6291,2924
2026-10-08T23:57:22Z,9656201728,1279,31544898,110467,62329,3099
2026-10-08T23:57:22Z,9656480960,152,23369613,43841,10222,2349
2026-10-08T23:57:22Z,9660713566,473,110904002,6680191,80606,4417
2026-10-08T23:57:22Z,9660772441,242,8154190,129062,32727,1444
2026-10-08T23:57:22Z,9661927199,553,135523014,137348,90252,19647
2026-10-08T23:57:22Z,9662130710,7086,17536579,574918,116843,9953
2026-10-08T23:57:22Z,9663757076,117,39243169,522349,161861,5119
2026-10-08T23:57:22Z,9663968307,3342,166783743,2227131,166980,32278
2026-10-08T23:57:22Z,9664591047,174,29089662,71020,6734,3257
2026-10-08T23:57:22Z,9668574764,147,21935903,1420848,70710,915
2026-10-08T23:57:22Z,9669297195,72,32969899,23084,2627,1221
2026-10-08T23:57:22Z,9671745030,252,17350257,111951,26155,2311
2026-10-08T23:57:22Z,9671940985,445,181095234,6063113,133966,8169
2026-10-08T23:57:22Z,9677121265,100,40129050,48035,13785,11345
2026-10-08T23:57:22Z,9679514364,337,10311289,68972,14764,2700
2026-10-08T23:57:22Z,9681943457,114,46271183,34462,32217,2793
2026-10-08T23:57:22Z,9690128730,448,1720443,13100,4051,313
2026-10-08T23:57:22Z,9694335093,802,21304923,252878,128775,6394
2026-10-08T23:57:22Z,9697502306,684,114332359,122961,27425,3889
2026-10-08T23:57:22Z,9701569269,256,16216244,1021905,4539,919
2026-10-08T23:57:22Z,9701909402,794,56326934,125813,52620,2261
2026-10-08T23:57:22Z,9702840627,217,11675210,202263,164978,5682
2026-10-08T23:57:22Z,9704343971,350,142691114,317728,265879,10278
2026-10-08T23:57:22Z,9705384247,974,33371459,119366,48677,8061
2026-10-08T23:57:22Z,9707841805,482,9587292,179426,71517,2880
2026-10-08T23:57:22Z,9710205604,339,29238225,497985,76499,4308
2026-10-08T23:57:22Z,9711289915,1798,162106983,1537298,58013,8319
2026-10-08T23:57:22Z,9711972386,244,14477382,27280,12627,2454
2026-10-08T23:57:22Z,9713717379,233,44080742,5963824,17554,2773
2026-10-08T23:57:22Z,9714537627,778,30880133,72983,26551,56845
2026-10-08T23:57:22Z,9715909786,173,104560397,3757499,41029,9965
2026-10-08T23:57:22Z,9715999586,335,155876610,113181,103969,12679
2026-10-08T23:57:22Z,9722598100,147,39033159,162365,164880,2473
2026-10-08T23:57:22Z,9723617424,235,42688969,68558,12697,2858
2026-10-08T23:57:22Z,9727036596,209,60067424,527385,33641,2775
2026-10-08T23:57:22Z,9732080947,1786,87337224,268817,63943,11181
2026-10-08T23:57:22Z,9735583968,2329,155820903,426977,120939,10184
2026-10-08T23:57:22Z,9736048825,159,1318649,35817,7169,607
2026-10-08T23:57:22Z,9736593239,607,61803991,38349,8683,1459
2026-10-08T23:57:22Z,9741874508,3437,112996470,5833125,81872,6059
2026-10-08T23:57:22Z,9747555206,261,42039931,126467,32308,6137
2026-10-08T23:57:22Z,9750146698,116,46239227,31647,3713,502
2026-10-08T23:57:22Z,9750361560,355,62978381,143789,139412,14603
2026-10-08T23:57:22Z,9751615286,297,15362919,17256,10510,1523
2026-10-08T23:57:22Z,9751761702,133,34396148,825956,39312,1765
2026-10-08T23:57:22Z,9753458401,977,13219458,47898,12041,2303
2026-10-08T23:57:22Z,9753814298,385,398253220,338522,173806,37548
2026-10-08T23:57:22Z,9754968779,138,62192835,2970949,429882,9594
2026-10-08T23:57:22Z,9758027784,1384,90180211,131203,59815,12664
2026-10-08T23:57:22Z,9758688665,822,125119749,6373427,35154,5583
2026-10-08T23:57:22Z,9759082891,3445,29426734,3717680,13916,1022
2026-10-08T23:57:22Z,9759989445,195,26620103,69434,27423,3494
2026-10-08T23:57:22Z,9761700404,317,147084289,172684,112163,9879
2026-10-08T23:57:22Z,9765324104,1118,81997562,421018,49278,4627
2026-10-08T23:57:22Z,9774284077,1241,117188486,4185720,23964,4688
2026-10-08T23:57:22Z,9774451882,1463,18940697,25995,7483,3816
2026-10-08T23:57:22Z,9776222468,2564,90497550,179709,49170,8749
2026-10-08T23:57:22Z,9780429221,2105,82030458,1283227,55778,12019
2026-10-08T23:57:22Z,9781580133,627,11285037,46848,32617,8505
2026-10-08T23:57:22Z,9784759642,210,49645865,53870,14861,2720
2026-10-08T23:57:22Z,9784883402,119,34711768,134414,273474,4571
2026-10-08T23:57:22Z,9785048253,915,16661348,139445,28197,4328
2026-10-08T23:57:22Z,9787206684,712,779197720,2990245,765750,41617
2026-10-08T23:57:22Z,9788139379,2292,73411954,179414,119861,15091
2026-10-08T23:57:22Z,9792273312,64,2560451,17335,7612,3227
2026-10-08T23:57:22Z,9792551117,1010,182404797,547812,44077,18360
2026-10-08T23:57:22Z,9792947201,342,536272268,3520863,814524,19919
2026-10-08T23:57:22Z,9793308933,667,59663915,1432427,291864,3792
2026-10-08T23:57:22Z,9793892589,105,38586786,1944219,97330,4983
2026-10-08T23:57:22Z,9794842226,393,369141,1988,1042,161
2026-10-08T23:57:22Z,9796643263,477,26788969,981627,5573,1527
2026-10-08T23:57:22Z,9796898051,5878,69516747,1056942,85432,7006
2026-10-08T23:57:22Z,9800424118,479,15334084,67909,53544,2462
2026-10-08T23:57:22Z,9800616505,259,3749671,46913,14134,1994
2026-10-08T23:57:22Z,9800909176,353,28556521,40171,16358,1006
2026-10-08T23:57:22Z,9801436549,358,10894928,13874,2926,1549
2026-10-08T23:57:22Z,9802644580,347,54082128,796629,48361,4826
2026-10-08T23:57:22Z,9803970239,3467,59774944,60687,23729,9849
2026-10-08T23:57:22Z,9804429271,98,35954131,2022044,43995,1774
2026-10-08T23:57:22Z,9807649116,2382,193348656,374382,250777,10294
2026-10-08T23:57:22Z,9807783902,877,7555048,49130,9009,2702
2026-10-08T23:57:22Z,9811924734,107,26331236,90449,30232,2900
2026-10-08T23:57:22Z,9812090239,3573,46697537,1104979,65025,1362
2026-10-08T23:57:22Z,9813375035,58,54333040,1036866,28127,6207
2026-10-08T23:57:22Z,9813946433,1062,34218052,76856,115653,10582
2026-10-08T23:57:22Z,9815834699,1581,66456381,211857,123490,17389
2026-10-08T23:57:22Z,9822980692,149,18857969,64296,83033,3253
2026-10-08T23:57:22Z,9825259729,6474,22395924,153106,52359,6429
2026-10-08T23:57:22Z,9826685598,89,19919073,25170,6086,2315
2026-10-08T23:57:22Z,9826885587,3477,154013842,362856,307147,8866
2026-10-08T23:57:22Z,9828046301,103,8811866,98032,12858,2314
2026-10-08T23:57:22Z,9829910038,266,2741856,9237,4800,484
2026-10-08T23:57:22Z,9830725726,7422,64530467,72289,14088,4483
2026-10-08T23:57:22Z,9833852980,280,8892548,177473,21927,3994
2026-10-08T23:57:22Z,9836330876,1309,23476653,83300,16302,1166
2026-10-08T23:57:22Z,9837325548,1247,58719881,114375,55447,3898
2026-10-08T23:57:22Z,9837612476,7175,352460966,1245563,794928,28994
2026-10-08T23:57:22Z,9843234816,6643,25760623,1126206,3779,1365
2026-10-08T23:57:22Z,9843407918,121,10303242,51103,13977,826
2026-10-08T23:57:22Z,9845995128,173,3530859,18504,2767,271
2026-10-08T23:57:22Z,9848302960,85,9507554,116396,8658,615
2026-10-08T23:57:22Z,9851352969,1460,37505094,890703,10523,1520
2026-10-08T23:57:22Z,9852933243,472,10335995,64289,14321,2174
2026-10-08T23:57:22Z,9855761734,7634,214292737,296112,146429,24646
2026-10-08T23:57:22Z,9857818180,273,4069591,9228,5599,2773
2026-10-08T23:57:22Z,9859948536,323,40814716,814403,32399,9393
2026-10-08T23:57:22Z,9860746424,193,33410436,53111,23811,4187
2026-10-08T23:57:22Z,9863361487,68,13101543,465595,5434,656
2026-10-08T23:57:22Z,9865604662,238,3488119,1753,1087,137
2026-10-08T23:57:22Z,9865931248,2719,3339667,177756,1350,288
2026-10-08T23:57:22Z,9866702716,116,20143879,126038,225858,2653
2026-10-08T23:57:22Z,9866884975,146,55181523,3970061,191279,7600
2026-10-08T23:57:22Z,9867760183,43,76654482,188195,82600,10396
2026-10-08T23:57:22Z,9868545229,553,8020291,35977,8747,1006
2026-10-08T23:57:22Z,9871986464,82,55449573,76274,82344,11656
2026-10-08T23:57:22Z,9872734936,8628,55475359,123932,50133,6504
2026-10-08T23:57:22Z,9872977974,4391,34574713,322338,7691,726
2026-10-08T23:57:22Z,9874419878,900,208137564,488834,120754,18706
2026-10-08T23:57:22Z,9875383684,352,181432280,206411,95453,10769
2026-10-08T23:57:22Z,9877481048,2826,27038497,66242,26165,3252
2026-10-08T23:57:22Z,9880286438,5813,26314358,66295,85453,2604
2026-10-08T23:57:22Z,9882110948,126,16838219,41670,67136,14555
2026-10-08T23:57:22Z,9882296644,245,12867865,690734,3198,1020
2026-10-08T23:57:22Z,9884025025,265,76517996,107304,22487,4481
2026-10-08T23:57:22Z,9885372266,3966,88497954,2517052,151018,10200
2026-10-08T23:57:22Z,9889811676,850,31082569,210875,69676,11062
2026-10-08T23:57:22Z,9891331827,5004,2600905,131103,61517,1948
2026-10-08T23:57:22Z,9892207761,906,63241602,248164,27729,3889
2026-10-08T23:57:22Z,9893515490,121,58764112,1340238,433718,7270
2026-10-08T23:57:22Z,9894949745,119,16445197,34673,20123,2808
2026-10-08T23:57:22Z,9896643509,163,12087317,15909,6610,1810
2026-10-08T23:57:22Z,9898409899,295,40467910,236792,68375,15753
2026-10-08T23:57:22Z,9898970160,120,61316159,137775,163373,4009
2026-10-08T23:57:22Z,9900286623,1379,22068027,159752,9928,1823
2026-10-08T23:57:22Z,9903325235,3493,77267335,96596,38693,6460
2026-10-08T23:57:22Z,9903482381,703,52008775,2884421,13264,3496
2026-10-08T23:57:22Z,9903685259,441,26870491,1891900,40779,5635
2026-10-08T23:57:22Z,9906154135,2218,54560237,57544,17359,2350
2026-10-08T23:57:22Z,9906378607,1890,13195374,454328,61290,1150
2026-10-08T23:57:22Z,9907404458,104,35230495,40754,14576,1596
2026-10-08T23:57:22Z,9908641400,6914,76763147,59011,36301,7792
2026-10-08T23:57:22Z,9908843098,184,29065718,2124782,26896,3719
2026-10-08T23:57:22Z,9910245722,3808,324353229,1500758,508273,9700
2026-10-08T23:57:22Z,9911771068,161,23208911,52502,26502,4970
2026-10-08T23:57:22Z,9911988958,379,24471913,145371,170107,9504
2026-10-08T23:57:22Z,9912025777,3814,220310161,477748,179983,13025
2026-10-08T23:57:22Z,9914581074,239,42096988,67515,43132,8157
2026-10-08T23:57:22Z,9917678692,128,53990301,67031,15230,7230
2026-10-08T23:57:22Z,9918481645,236,7697696,5805,3349,775
2026-10-08T23:57:22Z,9918678725,88,101161076,131563,65644,10704
2026-10-08T23:57:22Z,9926735691,136,3360125,12637,4462,800
2026-10-08T23:57:22Z,9929086116,90,59840510,4015996,309877,6083
2026-10-08T23:57:22Z,9929436407,277,15475117,463094,20756,1670
2026-10-08T23:57:22Z,9929870476,227,1619276,36515,8846,563
2026-10-08T23:57:22Z,9930466428,1177,40661294,169399,36424,5444
2026-10-08T23:57:22Z,9931060493,105,40756894,857539,57920,3712
2026-10-08T23:57:22Z,9931749389,5363,151653488,247139,165102,6198
2026-10-08T23:57:22Z,9933939850,1015,60648682,55843,22830,3889
2026-10-08T23:57:22Z,9934614409,232,89791338,146209,112455,7063
2026-10-08T23:57:22Z,9934748045,132,38348650,280350,20115,15482
2026-10-08T23:57:22Z,9938429322,509,14517539,39130,58026,1923
2026-10-08T23:57:22Z,9940076108,238,28580889,2545909,12345,2614
2026-10-08T23:57:22Z,9940489814,264,2589012,29154,7577,1662
2026-10-08T23:57:22Z,9940725596,469,41178584,56823,8796,1868
2026-10-08T23:57:22Z,9940812243,2463,15718574,168080,30008,943
2026-10-08T23:57:22Z,9942734820,847,36041577,1528750,8622,3012
2026-10-08T23:57:22Z,9943273705,1044,20929244,47879,6103,5109
2026-10-08T23:57:22Z,9948575164,2025,54629673,249300,141182,5888
2026-10-08T23:57:22Z,9948825950,259,23716936,1959471,6715,3108
2026-10-08T23:57:22Z,9949148856,1875,6125221,917927,1643,467
2026-10-08T23:57:22Z,9949288829,885,10251199,98318,28271,823
2026-10-08T23:57:22Z,9950184599,975,13552635,124221,94194,2646
2026-10-08T23:57:22Z,9950410865,1774,35300857,1730390,18755,3844
2026-10-08T23:57:22Z,9952351777,540,32096941,515080,37054,4040
2026-10-08T23:57:22Z,9952820791,290,1043115,8512,2129,797
2026-10-08T23:57:22Z,9953328866,398,62094844,71675,52439,3171
2026-10-08T23:57:22Z,9954447663,225,22467825,1137906,3517,560
2026-10-08T23:57:22Z,9957338123,3196,57804640,72609,7186,2380
2026-10-08T23:57:22Z,9958694666,341,50155567,454848,54695,1684
2026-10-08T23:57:22Z,9960184903,833,26779101,641056,1210,585
2026-10-08T23:57:22Z,9961389755,483,23895316,830845,43209,4243
2026-10-08T23:57:22Z,9962753776,96,21735453,88269,240202,5944
2026-10-08T23:57:22Z,9963622286,1321,119076048,2692205,53985,7183
2026-10-08T23:57:22Z,9965260090,125,3721805,118006,12768,623
2026-10-08T23:57:22Z,9965411707,3337,48509832,77053,74022,2926
2026-10-08T23:57:22Z,9968527241,232,37675033,1130699,9027,2512
2026-10-08T23:57:22Z,9969095451,151,43515438,1712581,21597,2979
2026-10-08T23:57:22Z,9970645639,5691,126012380,766617,539951,7095
2026-10-08T23:57:22Z,9971722694,116,17571575,1207905,71207,1937
2026-10-08T23:57:22Z,9971895648,996,1880732,3260,194,111
2026-10-08T23:57:22Z,9975893742,170,32239220,3169699,46051,3624
2026-10-08T23:57:22Z,9978329815,14080,512947536,1081259,295450,22814
2026-10-08T23:57:22Z,9980643140,102,33338788,2880065,2662,1016
2026-10-08T23:57:22Z,9991421325,82,30992409,728883,27447,8069
2026-10-08T23:57:22Z,9994252654,99,4758411,10986,4739,1450
2026-10-08T23:57:22Z,9994252977,384,35999618,218095,83778,7594
2026-10-08T23:57:22Z,9996384072,1386,7059784,74947,26264,559
2026-10-08T23:57:22Z,9998576154,672,131528828,8232768,36670,6457
2026-10-08T23:57:22Z,10000918243,136,18888106,205538,76439,3691
2026-10-08T23:57:22Z,10004244222,9380,1906384443,26569136,1301010,68196
2026-10-08T23:57:22Z,10004760418,602,130143639,184418,65484,4343
2026-10-08T23:57:22Z,10006323745,444,26298147,469458,12128,987
2026-10-08T23:57:22Z,10007524016,248,31590815,5598098,3353,573
2026-10-08T23:57:22Z,10007567876,32,89589,6089,1061,60
2026-10-08T23:57:22Z,10008450782,182,12644716,268641,5665,1615
2026-10-08T23:57:22Z,10008606756,398,22352930,79984,129830,7270
2026-10-08T23:57:22Z,10008717728,182,2718042,9498,4305,320
2026-10-08T23:57:22Z,10010371086,1554,44640486,149774,57905,2631
2026-10-08T23:57:22Z,10011808151,355,111553919,3666047,218225,9849
2026-10-08T23:57:22Z,10012581678,172,22704036,31304,5620,4951
2026-10-08T23:57:22Z,10013279162,1679,63189353,104461,8049,13908
2026-10-08T23:57:22Z,10014496141,2374,7399419,736493,723,312
2026-10-08T23:57:22Z,10015834582,93,60870453,69216,18578,3989
2026-10-08T23:57:22Z,10019914160,62,7402365,25728,23962,4983
2026-10-08T23:57:22Z,10020287053,1016,48730396,205307,35464,3539
2026-10-08T23:57:22Z,10020612607,683,86822448,3419398,114830,2581
2026-10-08T23:57:22Z,10024034551,321,10512929,415049,8005,611
2026-10-08T23:57:22Z,10029297024,410,35147704,139894,85929,8812
2026-10-08T23:57:22Z,10030829154,10587,46436931,2758615,79417,2468
2026-10-08T23:57:22Z,10031505426,2377,46486924,1811120,208616,5940
2026-10-08T23:57:22Z,10031562156,3691,42423111,447135,28164,3850
2026-10-08T23:57:22Z,10033740377,229,38578267,86412,55944,8204
2026-10-08T23:57:22Z,10035204815,53261,332553475,332335,405695,14073
2026-10-08T23:57:22Z,10036955953,3671,14452436,28714,10511,3384
2026-10-08T23:57:22Z,10037019232,83,4646138,14321,5773,1638
2026-10-08T23:57:22Z,10037267577,164,12394313,189415,11248,3503
2026-10-08T23:57:22Z,10039338037,226,231732385,2480846,795846,14470
2026-10-08T23:57:22Z,10039889230,3871,6609784,45297,28947,1290
2026-10-08T23:57:22Z,10039940475,97,1632183,13544,5076,1275
2026-10-08T23:57:22Z,10040426659,115,4838551,50599,8626,1018
2026-10-08T23:57:22Z,10040497010,218,52770883,92004,77701,7383
2026-10-08T23:57:22Z,10041009357,139,3052801,13465,7602,1012
2026-10-08T23:57:22Z,10044193822,225,405174,864,213,127
2026-10-08T23:57:22Z,10045085816,185,39235997,57194,38536,1076
2026-10-08T23:57:22Z,10047813675,1012,24839531,2778913,1397,608
2026-10-08T23:57:22Z,10051853469,277,113999097,2491692,307712,6052
2026-10-08T23:57:22Z,10052184484,127,47262121,2908074,24358,2060
2026-10-08T23:57:22Z,10057343903,1448,112124522,4347651,217254,11922
2026-10-08T23:57:22Z,10057403337,10725,238016466,8841080,79495,11366
2026-10-08T23:57:22Z,10059548251,1629,59356271,127820,137038,10456
2026-10-08T23:57:22Z,10059591740,202,26378048,1184176,60993,2876
2026-10-08T23:57:22Z,10060242820,2066,96159443,80990,23853,8334
2026-10-08T23:57:22Z,10061100187,880,28634910,415327,9306,2166
2026-10-08T23:57:22Z,10061124506,845,67703125,163504,241408,12979
2026-10-08T23:57:22Z,10061909806,1812,58726820,64056,16189,1951
2026-10-08T23:57:22Z,10064401653,351,11459706,127480,30162,9724
2026-10-08T23:57:22Z,10065013948,1244,76510518,120148,133386,8653
2026-10-08T23:57:22Z,10065930742,208,5097836,350289,1695,561
2026-10-08T23:57:22Z,10066618669,2043,28682575,37733,4012,1718
2026-10-08T23:57:22Z,10066929248,168,29915083,117968,102645,4261
2026-10-08T23:57:22Z,10067173115,270,22709373,74025,128871,80302
2026-10-08T23:57:22Z,10067177814,212,17001981,20085,3236,738
2026-10-08T23:57:22Z,10067258922,1360,108748339,6876593,400253,4591
2026-10-08T23:57:22Z,10067540823,623,10459962,12902,3478,487
2026-10-08T23:57:22Z,10067868611,1115,20868770,35062,25448,1583
2026-10-08T23:57:22Z,10069043526,1012,42361769,961756,60385,5731
2026-10-08T23:57:22Z,10074335448,424,1208921,25162,7174,1103
2026-10-08T23:57:22Z,10075660664,196,2711141,7681,7158,289
2026-10-08T23:57:22Z,10080411105,274,4294681,9203,6456,601
2026-10-08T23:57:22Z,10081194651,274,50906010,193747,510524,5181
2026-10-08T23:57:22Z,10083552936,268,12759138,567173,12581,1688
2026-10-08T23:57:22Z,10086454767,187,20094731,55898,24356,1715
2026-10-08T23:57:22Z,10090256806,2916,55798883,689720,196597,19285
2026-10-08T23:57:22Z,10090384240,257,5834233,94709,28036,2430
2026-10-08T23:57:22Z,10090818841,94,1951543,1914,2759,913
2026-10-08T23:57:22Z,10091482757,591,7314062,25202,27131,632
2026-10-08T23:57:22Z,10091766471,1184,45275723,112251,29318,3093
2026-10-08T23:57:22Z,10092619788,1026,13577559,8684,24003,743
2026-10-08T23:57:22Z,10093833731,179,51054286,80267,53150,4808
2026-10-08T23:57:22Z,10094225577,1040,61554435,717739,53798,13115
2026-10-08T23:57:22Z,10096155511,2517,68425930,161628,50299,5897
2026-10-08T23:57:22Z,10098095975,1055,31120602,1051905,177669,2312
2026-10-08T23:57:22Z,10101367087,1231,14031205,408908,7616,1450
2026-10-08T23:57:22Z,10103396197,172,9339216,25273,8640,3000
2026-10-08T23:57:22Z,10103595714,3822,40715140,146006,110595,7324
2026-10-08T23:57:22Z,10104810835,140,32106743,61336,26560,57122
2026-10-08T23:57:22Z,10107313561,131,8914903,104775,68354,3733
2026-10-08T23:57:22Z,10107805924,706,17848213,387073,21911,743
2026-10-08T23:57:22Z,10108046010,1192,23997270,59613,13297,1696
2026-10-08T23:57:22Z,10110316965,1381,24753388,681809,11328,3798
2026-10-08T23:57:22Z,10112019404,875,17058834,241039,23152,5960
2026-10-08T23:57:22Z,10112435932,193,4771141,85616,8165,322
2026-10-08T23:57:22Z,10113294071,391,22198063,130069,226874,2442
2026-10-08T23:57:22Z,10113997049,791,22295136,234898,45164,6390
2026-10-08T23:57:22Z,10116272705,6967,3734369,8522,25277,798
2026-10-08T23:57:22Z,10117986107,6608,78518550,570474,14483,4673
2026-10-08T23:57:22Z,10119860642,119,22705455,786677,54888,16032
2026-10-08T23:57:22Z,10121169692,106,14609101,333558,70822,1008
2026-10-08T23:57:22Z,10122742965,276,17670611,23319,6335,2375
2026-10-08T23:57:22Z,10123059921,2766,199426185,570785,185129,9982
2026-10-08T23:57:22Z,10123898404,113,34232723,1327347,320005,4380
2026-10-08T23:57:22Z,10124403207,1136,1109163,4398,1291,321
2026-10-08T23:57:22Z,10124421343,1203,24102199,44727,46457,1161
2026-10-08T23:57:22Z,10126644530,3413,1640309,9352,12012,103
2026-10-08T23:57:22Z,10127764368,4133,5355953,158116,1228,339
2026-10-08T23:57:22Z,10127797448,2068,225704781,6116503,49471,8383
2026-10-08T23:57:22Z,10130637063,1249,58496817,4120758,5421,908
2026-10-08T23:57:22Z,10130749197,771,52417478,2869441,7767,3108
2026-10-08T23:57:22Z,10130967442,228,34696672,47772,9988,3900
2026-10-08T23:57:22Z,10131390815,2540,91630972,145991,191984,4680
2026-10-08T23:57:22Z,10136060216,255,15401186,15822,1650,870
2026-10-08T23:57:22Z,10136067263,1790,53126858,2909598,255979,4744
2026-10-08T23:57:22Z,10138624079,5970,128632528,164612,112373,2982
2026-10-08T23:57:22Z,10138977250,365,83330468,1752011,26596,4186
2026-10-08T23:57:22Z,10138988383,169,30503359,62266,51878,2017
2026-10-08T23:57:22Z,10139325104,595,222057225,104747,37378,14682
2026-10-08T23:57:22Z,10140010190,1371,160014742,196860,27397,7552
2026-10-08T23:57:22Z,10141042381,698,4800006,31575,40010,1199
2026-10-08T23:57:22Z,10144280947,6945,629026460,11970463,2016587,44770
2026-10-08T23:57:22Z,10144587520,3526,83464681,2132427,105107,2737
2026-10-08T23:57:22Z,10147259486,189,22202527,1007298,44141,1471
2026-10-08T23:57:22Z,10148419081,229,586257,9128,2675,84
2026-10-08T23:57:22Z,10148434559,163,72362906,475121,86813,2910
2026-10-08T23:57:22Z,10148749921,29064,2404968559,3132952,1321257,90890
2026-10-08T23:57:22Z,10149910491,1185,42904302,59208,21149,4983
2026-10-08T23:57:22Z,10150875031,59,27104505,71696,82110,4724
2026-10-08T23:57:22Z,10152905521,1883,87882914,101554,68543,1984
2026-10-08T23:57:22Z,10153098880,1532,36107175,253667,53807,2120
2026-10-08T23:57:22Z,10155360168,49311,149780705,239527,90288,14028
2026-10-08T23:57:22Z,10156435104,1101,64704855,101695,121923,3205
2026-10-08T23:57:22Z,10160578219,387,7775526,28245,8514,5277
2026-10-08T23:57:22Z,10162859180,877,8271782,107756,21536,1459
2026-10-08T23:57:22Z,10165276442,1579,47830091,558333,24555,6984
2026-10-08T23:57:22Z,10168229420,154,27548154,105110,260035,3632
2026-10-08T23:57:22Z,10171934713,1253,22998211,925020,64895,2908
2026-10-08T23:57:22Z,10172066108,213,14605533,9459,358,213
2026-10-08T23:57:22Z,10173311467,9478,94247153,886690,512803,12799
2026-10-08T23:57:22Z,10173396939,111,17882550,1673358,17284,1506
2026-10-08T23:57:22Z,10175155684,1059,9727974,79759,16045,1553
2026-10-08T23:57:22Z,10176502031,254,15638294,493796,142651,2850
2026-10-08T23:57:22Z,10178432352,94,23585039,2179250,56529,8964
2026-10-08T23:57:22Z,10178802449,607,90595030,3158420,51080,3524
2026-10-08T23:57:22Z,10179193118,351,45013348,4856856,2848,1690
2026-10-08T23:57:22Z,10180990272,191,53615087,5389964,10406,2491
2026-10-08T23:57:22Z,10181310479,584,17401205,20803,7931,1248
2026-10-08T23:57:22Z,10181483914,679,10724271,331206,5018,1980
2026-10-08T23:57:22Z,10182049622,679,141462357,4805589,45961,75857
2026-10-08T23:57:22Z,10183029417,295,21012122,1295699,7553,888
2026-10-08T23:57:22Z,10184247393,1368,107084456,2932467,97046,3729
2026-10-08T23:57:22Z,10186342197,98,23278343,65023,78957,6715
2026-10-08T23:57:22Z,10187294555,1319,146826861,314345,421520,14374
2026-10-08T23:57:22Z,10187487133,308,34806190,66138,24935,4873
2026-10-08T23:57:22Z,10188144423,1610,67032926,79539,23959,2957
2026-10-08T23:57:22Z,10188861194,180,2312516,10196,4710,331
2026-10-08T23:57:22Z,10189601764,256,37983590,42570,24049,1144
2026-10-08T23:57:22Z,10189903609,3997,89039032,145869,89155,8399
2026-10-08T23:57:22Z,10191144118,496,76803182,326870,29561,14054
2026-10-08T23:57:22Z,10192659240,513,23347450,34189,10778,1199
2026-10-08T23:57:22Z,10195997258,1633,51807179,124916,77735,3920
2026-10-08T23:57:22Z,10196660716,180,39555913,2855767,21909,2389
2026-10-08T23:57:22Z,10196985448,1321,54798985,263865,49597,9112
2026-10-08T23:57:22Z,10197758650,1597,16168789,351541,14845,952
2026-10-08T23:57:22Z,10198825880,462,13309589,102222,61398,1542
2026-10-08T23:57:22Z,10199301628,12244,440081321,2070590,776744,42876
2026-10-08T23:57:22Z,10199327179,11,32260827,39348,16426,2507
2026-10-08T23:57:22Z,10200395747,2331,1676805789,663158,719826,99554
2026-10-08T23:57:22Z,10202515720,324,2872495,5486,2850,385
2026-10-08T23:57:22Z,10203815049,236,20043574,29358,18390,3070
2026-10-08T23:57:22Z,10204207151,228,26182173,67615,39604,5436
2026-10-08T23:57:22Z,10204429578,35,375775,16876,2353,80
2026-10-08T23:57:22Z,10204542673,1078,39098402,1366839,27263,3360
2026-10-08T23:57:22Z,10205184118,248,20622837,63300,50754,3115
2026-10-08T23:57:22Z,10205419329,702,10395463,25334,5690,2520
2026-10-08T23:57:22Z,10205430196,151,17891335,82190,46738,65268
2026-10-08T23:57:22Z,10205485380,998,39120678,52212,42518,5970
2026-10-08T23:57:22Z,10209534490,2228,124792806,399787,1145874,12049
2026-10-08T23:57:22Z,10211159992,596,44395208,2373473,15491,1526
2026-10-08T23:57:22Z,10212081143,4434,1806706,55446,4709,1369
2026-10-08T23:57:22Z,10213583516,265,20198464,1037312,59345,2178
2026-10-08T23:57:22Z,10214798872,154,24636284,213791,16357,1267
2026-10-08T23:57:22Z,10217234318,303,59251516,119196,105014,3829
2026-10-08T23:57:22Z,10219827882,321,10964294,103606,232784,2550
2026-10-08T23:57:22Z,10222315805,139,7036209,32406,27713,4247
2026-10-08T23:57:22Z,10222476236,8499,42494810,162298,70215,5319
2026-10-08T23:57:22Z,10223976219,2045,51311518,97423,66209,7258
2026-10-08T23:57:22Z,10224849445,183,6187626,49292,20798,2342
2026-10-08T23:57:22Z,10225381467,1595,11288229,27282,7510,944
2026-10-08T23:57:22Z,10226261982,2701,10328396,373463,128949,1300
2026-10-08T23:57:22Z,10226701629,994,96128927,351266,143068,11323
2026-10-08T23:57:22Z,10230578056,169,46728009,67489,27500,3899
2026-10-08T23:57:22Z,10230921598,120,144400960,9313448,77659,9130
2026-10-08T23:57:22Z,10230942274,7824,100261343,215341,240075,18337
2026-10-08T23:57:22Z,10231502419,4041,7309365,55766,20819,777
2026-10-08T23:57:22Z,10231678265,268,5705148,155423,15035,1535
2026-10-08T23:57:22Z,10231871497,577,45804566,88907,166841,2445
2026-10-08T23:57:22Z,10232373522,395,26668303,1235572,65571,7556
2026-10-08T23:57:22Z,10232632495,605,19308499,34243,9429,2434
2026-10-08T23:57:22Z,10232643663,141,61494017,674134,250569,5360
2026-10-08T23:57:22Z,10232686472,2973,74704476,361358,62666,6214
2026-10-08T23:57:22Z,10232922349,190,7247542,74837,64049,847
2026-10-08T23:57:22Z,10234313662,276,1176354,6461,2943,400
2026-10-08T23:57:22Z,10235992289,326,3166056,48695,2780,512
2026-10-08T23:57:22Z,10236023188,1303,124805222,316149,338674,11390
2026-10-08T23:57:22Z,10236805062,415,901018,33076,6012,701
2026-10-08T23:57:22Z,10241000620,475,16386210,89528,53231,2801
2026-10-08T23:57:22Z,10241783978,628,2288572,116429,56157,1618
2026-10-08T23:57:22Z,10242984742,405,10168243,26314,2018,880
2026-10-08T23:57:22Z,10244001346,1699,122747644,130809,34780,3032
2026-10-08T23:57:22Z,10245012052,97,3709062,1993,1248,281
2026-10-08T23:57:22Z,10246108265,1997,22345217,163646,94332,3277
2026-10-08T23:57:22Z,10246386961,168,60675934,1315464,242998,3026
2026-10-08T23:57:22Z,10246872585,544,12828573,12155,5746,1207
2026-10-08T23:57:22Z,10247712813,243,33062807,49204,28658,1335
2026-10-08T23:57:22Z,10247797619,8252,73456434,209075,31499,10411
2026-10-08T23:57:22Z,10249209189,574,59802099,354919,866529,11401
2026-10-08T23:57:22Z,10253235584,1272,66540292,643566,274855,4225
2026-10-08T23:57:22Z,10253446435,734,21966389,108814,442820,4477
2026-10-08T23:57:22Z,10253570298,225,2057877,9670,11376,696
2026-10-08T23:57:22Z,10254680421,4231,92047092,2448374,27898,6787
2026-10-08T23:57:22Z,10255492538,231,8049817,19301,25238,922
2026-10-08T23:57:22Z,10255788071,1907,14736591,41230,19475,2679
2026-10-08T23:57:22Z,10256263771,325,24780416,44968,63242,826
2026-10-08T23:57:22Z,10257007695,304,21395618,59278,89387,2254
2026-10-08T23:57:22Z,10258084287,207,23113251,33433,14819,622
2026-10-08T23:57:22Z,10258991999,15538,62440172,868895,162637,8141
2026-10-08T23:57:22Z,10259258713,1886,37460644,2531625,98180,2496
2026-10-08T23:57:22Z,10261267004,10419,128335663,377295,125893,7203
2026-10-08T23:57:22Z,10263732883,1472,6422532,39059,11421,2159
2026-10-08T23:57:22Z,10265803948,206,122934397,104843,62014,12225
2026-10-08T23:57:22Z,10267363348,3659,143790947,403678,340708,15690
2026-10-08T23:57:22Z,10267571771,1042,42390054,659723,8743,1447
2026-10-08T23:57:22Z,10267638347,1169,8145405,480968,1631,494
2026-10-08T23:57:22Z,10268960646,2157,31670931,894176,59368,3625
2026-10-08T23:57:22Z,10269820836,1173,28932646,9971,11477,1973
2026-10-08T23:57:22Z,10270331873,305,9656113,39974,46254,3812
2026-10-08T23:57:22Z,10270349664,316,53372464,4494962,102655,4150
2026-10-08T23:57:22Z,10271723279,642,7692653,160192,31913,2108
2026-10-08T23:57:22Z,10272020404,542,34728678,58981,18902,4137
2026-10-08T23:57:22Z,10272236945,583,39709070,58468,21069,2423
2026-10-08T23:57:22Z,10272975313,815,27920449,60999,45613,3700
2026-10-08T23:57:22Z,10274447949,760,59487306,4162050,27649,3782
2026-10-08T23:57:22Z,10275970697,421,36577565,245109,33943,6093
2026-10-08T23:57:22Z,10276281921,594,81381890,209189,31513,10280
2026-10-08T23:57:22Z,10278774552,4669,203246146,349947,67490,18520
2026-10-08T23:57:22Z,10281666052,3005,6542025,89111,20950,1965
2026-10-08T23:57:22Z,10282097014,17023,4909160,90805,33478,1671
2026-10-08T23:57:22Z,10283918188,113,12006028,53970,9184,1528
2026-10-08T23:57:22Z,10284380969,629,12463950,476243,6206,813
2026-10-08T23:57:22Z,10286150288,788,56411858,60318,16451,5710
2026-10-08T23:57:22Z,10289201563,2935,85464316,185701,17961,4933
2026-10-08T23:57:22Z,10290366643,127,12523697,30921,7549,2367
2026-10-08T23:57:22Z,10290675105,519,4938315,48761,20776,1406
2026-10-08T23:57:22Z,10292947079,351,20080342,26908,7413,8984
2026-10-08T23:57:22Z,10297836599,741,20288717,42744,37619,2107
2026-10-08T23:57:22Z,10298144467,1854,40549864,42673,95524,3064
2026-10-08T23:57:22Z,10299262219,163,7667893,18524,6801,2161
2026-10-08T23:57:22Z,10299695016,143,16707366,689194,72615,2863
2026-10-08T23:57:22Z,10299762956,421,36691463,122132,102306,5235
2026-10-08T23:57:22Z,10302179427,871,2493399,6337,508,382
2026-10-08T23:57:22Z,10308844888,1567,2737001,4155,558,118
2026-10-08T23:57:22Z,10309128556,636,13401259,190699,225561,4126
2026-10-08T23:57:22Z,10310095331,334,3209552,27277,3000,356
2026-10-08T23:57:22Z,10310563053,2169,50572830,78511,75699,18167
2026-10-08T23:57:22Z,10310999762,3853,31596107,47516,42390,1628
2026-10-08T23:57:22Z,10313654312,64,2230009,6164,1273,350
2026-10-08T23:57:22Z,10391461348,523,12376684,40650,60376,941
2026-10-08T23:57:22Z,10392686454,372,5757977,479762,2766,753
2026-10-08T23:57:22Z,10393438342,2756,20153240,16921,16311,1339
2026-10-08T23:57:22Z,10393620082,1435,89188082,180376,141734,9220
2026-10-08T23:57:22Z,10394064134,1711,29208051,2122940,7858,3120
2026-10-08T23:57:22Z,10395004419,171,17921672,2736155,3946,802
2026-10-08T23:57:22Z,10395261977,83,9287720,48738,43890,2956
2026-10-08T23:57:22Z,10397566868,1451,179998413,483535,244105,19249
2026-10-08T23:57:22Z,10398046208,95,17545623,40421,54849,1110
2026-10-08T23:57:22Z,10398947938,757,3709889,20234,7202,1696
2026-10-08T23:57:22Z,10399125962,2856,125595855,218457,36370,22866
2026-10-08T23:57:22Z,10399136326,17047,111365562,176770,98541,13065
2026-10-08T23:57:22Z,10399413858,935,18936312,24187,19075,996
2026-10-08T23:57:22Z,10399524075,747,6175169,34204,41538,1237
2026-10-08T23:57:22Z,10403820097,3785,41652265,1510550,15177,5275
2026-10-08T23:57:22Z,10404293465,243,4031278,28137,16330,3738
2026-10-08T23:57:22Z,10404519332,1149,24109599,96292,30733,6344
2026-10-08T23:57:22Z,10404766693,73,6848465,429725,16733,2686
2026-10-08T23:57:22Z,10405010493,2013,89401118,221697,175317,13018
2026-10-08T23:57:22Z,10405785379,716,20997573,41893,8773,838
2026-10-08T23:57:22Z,10406668651,149,23454787,555334,134847,4497
2026-10-08T23:57:22Z,10406744768,3548,22772360,41209,12938,1259
2026-10-08T23:57:22Z,10406853972,320,25773436,2148526,7731,833
2026-10-08T23:57:22Z,10409732219,1357,96984576,5912562,245424,7060
2026-10-08T23:57:22Z,10410945205,1804,75700643,129546,116323,3645
2026-10-08T23:57:22Z,10411121857,142,7505204,54640,17475,2073
2026-10-08T23:57:22Z,10411998017,2445,6354391,15942,24651,4129
2026-10-08T23:57:22Z,10415694629,4077,26043562,128026,22340,2886
2026-10-08T23:57:22Z,10415845204,2106,11643178,797725,69541,1401
2026-10-08T23:57:22Z,10417857486,257,13874945,90980,27867,2263
2026-10-08T23:57:22Z,10417987249,510,5154515,73832,26351,3814
2026-10-08T23:57:22Z,10418117926,1646,24756138,128681,48539,2606
2026-10-08T23:57:22Z,10418224975,731,14379084,422692,21628,1068
2026-10-08T23:57:22Z,10418381226,652,11815742,61163,68754,1788
2026-10-08T23:57:22Z,10419655626,814,7074062,150790,3734,454
2026-10-08T23:57:22Z,10420582875,421,23211934,1331147,57120,3624
2026-10-08T23:57:22Z,10420832668,252,1131412,9573,2918,594
2026-10-08T23:57:22Z,10421154706,785,32932520,800446,117908,4329
2026-10-08T23:57:22Z,10421901778,4750,21474110,113064,41669,2195
2026-10-08T23:57:22Z,10422038064,541,2374560,8832,3716,224
2026-10-08T23:57:22Z,10423774136,201,16483778,81490,18501,2753
2026-10-08T23:57:22Z,10424107160,2578,4771987,42952,9775,534
2026-10-08T23:57:22Z,10425789398,769,132006,7243,3389,125
2026-10-08T23:57:22Z,10426768719,228,640849,13134,3222,2945
2026-10-08T23:57:22Z,10428543942,616,5008380,26575,10993,1847
2026-10-08T23:57:22Z,10430019389,9061,11904584,352406,158163,2897
2026-10-08T23:57:22Z,10430413968,1075,30515376,598525,30136,5387
2026-10-08T23:57:22Z,10431718987,2264,43771181,109181,130700,4209
2026-10-08T23:57:22Z,10435170241,238,10005384,33346,12804,1779
2026-10-08T23:57:22Z,10435851846,356,23823850,230974,19464,2790
2026-10-08T23:57:22Z,10436530264,14078,13899412,279293,40804,1608
2026-10-08T23:57:22Z,10437809977,95,15689998,34657,44594,1062
2026-10-08T23:57:22Z,10438013523,1547,60015200,318857,208049,16860
2026-10-08T23:57:22Z,10439568447,3997,23413488,251863,50664,2935
2026-10-08T23:57:22Z,10440833423,1602,102014615,331921,719698,15495
2026-10-08T23:57:22Z,10441199872,1401,78029343,129635,68952,4250
2026-10-08T23:57:22Z,10442743986,269,32422140,128902,51823,7340
2026-10-08T23:57:22Z,10445832507,1513,904172,12120,13317,616
2026-10-08T23:57:22Z,10446291786,1100,22226157,135175,8954,2443
2026-10-08T23:57:22Z,10448083800,82,11589147,19826,52472,1251
2026-10-08T23:57:22Z,10448889633,566,8114604,25700,42150,1033
2026-10-08T23:57:22Z,10450501528,244,6825496,32474,8405,2198
2026-10-08T23:57:22Z,10452420697,108,892982,33479,5033,233
2026-10-08T23:57:22Z,10452740285,1347,21696272,109914,268116,3902
2026-10-08T23:57:22Z,10453281197,213,4354247,231214,1914,1955
2026-10-08T23:57:22Z,10454554751,894,117778755,2278988,315603,10987
2026-10-08T23:57:22Z,10454932245,258,16747188,38551,7425,1524
2026-10-08T23:57:22Z,10455328744,143,2473164,3539,588,538
2026-10-08T23:57:22Z,10455462279,2414,62464636,2305393,24576,7748
2026-10-08T23:57:22Z,10455741150,2152,17246043,34583,14164,4724
2026-10-08T23:57:22Z,10456511458,2640,16323621,32625,14385,1252
2026-10-08T23:57:22Z,10456786408,127,10207558,585013,2774,337
2026-10-08T23:57:22Z,10456832990,173,64166685,98928,74554,6774
2026-10-08T23:57:22Z,10456881513,761,22088298,787437,65933,21175
2026-10-08T23:57:22Z,10458028403,393,5105090,90352,13585,11897
2026-10-08T23:57:22Z,10458789587,1214,17499801,62081,30595,4862
2026-10-08T23:57:22Z,10460801145,11024,213445281,237384,77996,12714
2026-10-08T23:57:22Z,10461810987,340,36028910,65417,12560,2234
2026-10-08T23:57:22Z,10463578886,723,8991931,23315,42187,933
2026-10-08T23:57:22Z,10466601694,563,2365957,18810,11086,1428
2026-10-08T23:57:22Z,10469426282,938,5499684,13946,20759,894
2026-10-08T23:57:22Z,10471583973,1559,32653496,104207,44645,3829
2026-10-08T23:57:22Z,10473810300,7185,13903038,39653,14605,845
2026-10-08T23:57:22Z,10475794799,2120,124464793,1741522,245674,8906
2026-10-08T23:57:22Z,10480491636,48,196057,604,42,44
2026-10-08T23:57:22Z,10480998942,299,16971007,26642,2911,2074
2026-10-08T23:57:22Z,10481791182,3169,31631619,565609,12803,2660
2026-10-08T23:57:22Z,10482775464,1758,34748412,279115,119811,5438
2026-10-08T23:57:22Z,10482905194,1644,16436127,41766,6327,1287
2026-10-08T23:57:22Z,10485201326,1574,18595031,551967,20067,990
2026-10-08T23:57:22Z,10486789708,299,3495399,6792,1128,507
2026-10-08T23:57:22Z,10491385664,240,3489580,1016,741,216
2026-10-08T23:57:22Z,10493730706,329,17520071,116087,29697,4156
2026-10-08T23:57:22Z,10495391267,1134,5211672,63056,12261,901
2026-10-08T23:57:22Z,10496189928,3007,7260718,16924,2083,981
2026-10-08T23:57:22Z,10496981141,254,21041766,190165,17754,1270
2026-10-08T23:57:22Z,10500388554,368,17845958,45992,7316,1240
2026-10-08T23:57:22Z,10501640692,3015,14496063,314139,47136,5496
2026-10-08T23:57:22Z,10501944811,1190,7444564,22468,73289,841
2026-10-08T23:57:22Z,10502841145,10351,105933806,127854,37898,1341
2026-10-08T23:57:22Z,10503838245,292,3501482,191910,86320,894
2026-10-08T23:57:22Z,10504837200,566,14330742,721341,73357,1592
2026-10-08T23:57:22Z,10504918958,1688,4551599,160831,129799,2770
2026-10-08T23:57:22Z,10505651236,151,9648071,55214,32736,4413
2026-10-08T23:57:22Z,10506207587,400,35524323,73437,33731,3116
2026-10-08T23:57:22Z,10506291803,520,9806343,175118,50415,1365
2026-10-08T23:57:22Z,10506354213,163,8633289,65018,11779,1862
2026-10-08T23:57:22Z,10507075860,2435,31270128,1412923,22448,2281
2026-10-08T23:57:22Z,10507650215,532,1099049,32188,10368,2325
2026-10-08T23:57:22Z,10508386614,681,395753,8468,12382,497
2026-10-08T23:57:22Z,10508637145,96,31791566,165219,66815,5194
2026-10-08T23:57:22Z,10512942223,35119,10500561,44366,51906,1274
2026-10-08T23:57:22Z,10512998138,129,11434995,1059469,19886,1253
2026-10-08T23:57:22Z,10514223296,1937,23689528,129378,87276,4283
2026-10-08T23:57:22Z,10514280922,623,16823692,32424,17571,1279
2026-10-08T23:57:22Z,10514321384,2445,1395129,5581,816,231
2026-10-08T23:57:22Z,10514488908,486,21003806,51446,6496,6440
2026-10-08T23:57:22Z,10515124385,51,3005788,383137,51712,1154
2026-10-08T23:57:22Z,10515406328,360,8231162,81394,4896,739
2026-10-08T23:57:22Z,10516888336,1431,85691606,1503040,323511,6634
2026-10-08T23:57:22Z,10517428659,187,14910363,54047,46837,2062
2026-10-08T23:57:22Z,10520829450,2834,39837519,67782,34929,2237
2026-10-08T23:57:22Z,10521797740,3391,57164983,118868,68188,15709
2026-10-08T23:57:22Z,10522766429,232,689933,5738,9546,390
2026-10-08T23:57:22Z,10522965485,250,8194539,553651,5051,304
2026-10-08T23:57:22Z,10524089399,162,4223913,308713,3549,121
2026-10-08T23:57:22Z,10524813259,1634,10503151,44445,20679,2414
2026-10-08T23:57:22Z,10526166728,885,10597833,23281,18430,1358
2026-10-08T23:57:22Z,10526434002,315,31237990,48691,20893,4504
2026-10-08T23:57:22Z,10526463655,3949,15243847,31201,6837,2484
2026-10-08T23:57:22Z,10526853622,6138,9766056,163801,28467,956
2026-10-08T23:57:22Z,10528250136,574,29656418,1798576,109036,4077
2026-10-08T23:57:22Z,10529067596,1901,20761678,616928,21083,2634
2026-10-08T23:57:22Z,10529769390,6033,26377178,17471,11373,2868
2026-10-08T23:57:22Z,10530261598,2602,158931475,460702,67580,12111
2026-10-08T23:57:22Z,10531477636,349,5177280,26427,31856,608
2026-10-08T23:57:22Z,10532995815,3636,8346162,206257,65266,1522
2026-10-08T23:57:22Z,10533638982,1134,8682565,57065,29817,1704
2026-10-08T23:57:22Z,10534873486,2380,11384980,343080,7607,739
2026-10-08T23:57:22Z,10535292470,232,11659046,24662,11808,553
2026-10-08T23:57:22Z,10536000210,3013,16121584,33463,14388,894
2026-10-08T23:57:22Z,10536401008,139,19969639,1503417,9508,1144
2026-10-08T23:57:22Z,10536853610,234,5378628,14796,19795,2667
2026-10-08T23:57:22Z,10537172776,1610,24386522,59512,20599,2087
2026-10-08T23:57:22Z,10537346933,538,2408328,57120,18291,1251
2026-10-08T23:57:22Z,10539411000,8561,221823948,349935,132893,20040
2026-10-08T23:57:22Z,10539789203,195,7240153,61280,20019,2268
2026-10-08T23:57:22Z,10541331578,942,3284266,216654,12100,1350
2026-10-08T23:57:22Z,10544327471,724,37332315,123928,127342,2843
2026-10-08T23:57:22Z,10544339689,712,14408915,1322521,5156,748
2026-10-08T23:57:22Z,10546705891,1115,31426094,118177,57246,5648
2026-10-08T23:57:22Z,10547918402,613,44663707,88200,113400,2698
2026-10-08T23:57:22Z,10548618687,141,2601396,7415,5741,545
2026-10-08T23:57:22Z,10549129889,254,14313649,53910,19882,2736
2026-10-08T23:57:22Z,10550257968,8194,30383783,933185,10685,4151
2026-10-08T23:57:22Z,10550305160,763,1046126,7655,1980,456
2026-10-08T23:57:22Z,10551923502,518,28658954,2262347,38405,752
2026-10-08T23:57:22Z,10552240401,3747,6293668,97236,23593,873
2026-10-08T23:57:22Z,10552540426,1280,12830186,386582,250842,4221
2026-10-08T23:57:22Z,10553704684,2127,6265673,327533,20776,1720
2026-10-08T23:57:22Z,10554316588,183,17753551,47868,72153,841
2026-10-08T23:57:22Z,10556383571,837,1499117,20487,15278,308
2026-10-08T23:57:22Z,10561166339,4736,3745421,153880,6986,375
2026-10-08T23:57:22Z,10561309674,1043,1802825,28769,6321,310
2026-10-08T23:57:22Z,10561352230,596,45336853,1737396,443946,4770
2026-10-08T23:57:22Z,10563114921,1112511,7259668064,7145041,3305016,279764
2026-10-08T23:57:22Z,10565445771,504,34133543,107513,48486,30706
2026-10-08T23:57:22Z,10566677406,3301,6433514,141069,23047,2708
2026-10-08T23:57:22Z,10569930060,379,13707258,203818,70406,7736
2026-10-08T23:57:22Z,10571722689,419,13262438,62411,91363,6384
2026-10-08T23:57:22Z,10572887321,2521,10442628,514846,60534,3271
2026-10-08T23:57:22Z,10575295323,6967,5306002,21063,3135,864
2026-10-08T23:57:22Z,10575619152,1287,9377145,559990,34820,1398
2026-10-08T23:57:22Z,10576219283,86,4314142,40722,28785,1238
2026-10-08T23:57:22Z,10576739951,2950,37943927,397819,24069,4327
2026-10-08T23:57:22Z,10577377368,524,3898088,7130,2779,751
2026-10-08T23:57:22Z,10577588270,2176,41772729,637120,150621,3643
2026-10-08T23:57:22Z,10577682617,2082,37420215,88152,39999,4067
2026-10-08T23:57:22Z,10578398333,6289,16418078,59875,25405,2521
2026-10-08T23:57:22Z,10579389074,2589,23260976,54260,29798,3164
2026-10-08T23:57:22Z,10582993047,124,3799754,79047,17851,1427
2026-10-08T23:57:22Z,10583634958,794,21818786,36760,13304,2703
2026-10-08T23:57:22Z,10586746293,2498,13941516,63622,34345,2041
2026-10-08T23:57:22Z,10587328652,911,15092013,22303,8824,2396
2026-10-08T23:57:22Z,10588977897,3598,17131478,51139,42759,2355
2026-10-08T23:57:22Z,10589388621,357,3822758,251009,13908,1110
2026-10-08T23:57:22Z,10589881655,3785,2733145,9337,6227,366
2026-10-08T23:57:22Z,10590149941,1232,6245329,11728,2337,504
2026-10-08T23:57:22Z,10590260635,1168,6281047,330347,4914,613
2026-10-08T23:57:22Z,10593319486,810,1212450,23853,20286,323
2026-10-08T23:57:22Z,10593671708,158,2848577,7342,829,218
2026-10-08T23:57:22Z,10593720957,89,5684641,16703,4014,1192
2026-10-08T23:57:22Z,10597001332,5164,4392656,113341,17620,12309
2026-10-08T23:57:22Z,10598641427,316,5384041,97556,18336,1394
2026-10-08T23:57:22Z,10598688389,2369,7992285,32644,12426,4710
2026-10-08T23:57:22Z,10599927450,574,5828607,577889,7342,922
2026-10-08T23:57:22Z,10601155553,4423,32923945,190985,127362,5646
2026-10-08T23:57:22Z,10601447895,191,39003870,733371,31894,5838
2026-10-08T23:57:22Z,10603011269,1047,5551527,157044,17962,842
2026-10-08T23:57:22Z,10603675889,1621,2427390,14542,1675,417
2026-10-08T23:57:22Z,10604313373,3820,1064142,11769,3854,279
2026-10-08T23:57:22Z,10604542637,195,5919707,18493,26834,3569
2026-10-08T23:57:22Z,10604772590,2127,31125260,59422,40566,4496
2026-10-08T23:57:22Z,10607363280,196,8817383,1048218,2320,722
2026-10-08T23:57:22Z,10608856704,4996,9087591,490024,70253,1131
2026-10-08T23:57:22Z,10608908197,192,4485168,213052,6429,1077
2026-10-08T23:57:22Z,10612017628,5879,11650913,537840,26273,1040
2026-10-08T23:57:22Z,10614082913,169,13183113,600432,4478,1287
2026-10-08T23:57:22Z,10616474341,1377,18456364,57278,16178,2909
2026-10-08T23:57:22Z,10619854384,746,1391870,88076,10294,1037
2026-10-08T23:57:22Z,10624691669,8779,143328222,413088,81689,14593
2026-10-08T23:57:22Z,10625421552,111,1675938,13303,1368,681
2026-10-08T23:57:22Z,10626746750,493,1290900,23032,5215,1486
2026-10-08T23:57:22Z,10628006421,930,6584385,115965,20880,1828
2026-10-08T23:57:22Z,10628223804,2557,12439337,6271,15615,925
2026-10-08T23:57:22Z,10628526114,2330,6211270,21472,18137,406
2026-10-08T23:57:22Z,10628907188,1135,36260016,833264,59442,6901
2026-10-08T23:57:22Z,10630620554,435,7423167,73004,41778,4291
2026-10-08T23:57:22Z,10630800860,5934,54354252,1523305,7069,6805
2026-10-08T23:57:22Z,10631775021,1620,3827554,68944,4148,385
2026-10-08T23:57:22Z,10634461028,1493,76837398,95236,46454,5817
2026-10-08T23:57:22Z,10634585968,131,7872756,295533,4697,897
2026-10-08T23:57:22Z,10635348596,2432,25171964,138358,18116,2286
2026-10-08T23:57:22Z,10636331438,5558,10073713,322192,75091,1309
2026-10-08T23:57:22Z,10637513477,221,18145275,27439,15064,2412
2026-10-08T23:57:22Z,10637759898,1137,34343684,77997,4744,2139
2026-10-08T23:57:22Z,10638048650,652,4147843,35928,899,259
2026-10-08T23:57:22Z,10638354731,120,7069138,43749,11992,5611
2026-10-08T23:57:22Z,10638886777,12241,3493212,166840,1472,243
2026-10-08T23:57:22Z,10640957718,199,3927375,10177,3375,2777
2026-10-08T23:57:22Z,10641300771,997,13056889,101062,8969,1032
2026-10-08T23:57:22Z,10642022844,356,7061565,68743,2822,772
2026-10-08T23:57:22Z,10642548584,2254,813962,23616,5151,890
2026-10-08T23:57:22Z,10642702105,415,3843958,13042,25915,1294
2026-10-08T23:57:22Z,10643795368,3738,12456263,59534,26837,3547
2026-10-08T23:57:22Z,10643877552,934,1037683,3661,2570,191
2026-10-08T23:57:22Z,10647949490,1191,16045794,28289,10800,474
2026-10-08T23:57:22Z,10648555380,243,2086740,50238,9645,459
2026-10-08T23:57:22Z,10648640958,3405,42492235,482924,37088,3891
2026-10-08T23:57:22Z,10648820673,3473,73331122,1748502,141508,3595
2026-10-08T23:57:22Z,10649255304,11680,48098809,2849026,17983,2525
2026-10-08T23:57:22Z,10649457157,239,5372923,119870,27992,9543
2026-10-08T23:57:22Z,10654199482,609,9164938,71060,23018,1319
2026-10-08T23:57:22Z,10662463285,146,9271747,41588,17385,2979
2026-10-08T23:57:22Z,10664667515,617,29646588,459926,15857,1625
2026-10-08T23:57:22Z,10665420648,10364,15724487,172014,186821,4890
2026-10-08T23:57:22Z,10667006841,2431,13285301,36323,13726,3178
2026-10-08T23:57:22Z,10667357873,4927,13788946,205627,32599,1557
2026-10-08T23:57:22Z,10667860714,279,2310322,130432,60039,1227
2026-10-08T23:57:22Z,10669713140,557,7358831,15702,2529,387
2026-10-08T23:57:22Z,10673920146,30109,7706200,157025,31366,1043
2026-10-08T23:57:22Z,10674300622,275,36871604,118802,31058,3042
2026-10-08T23:57:22Z,10675117523,12393,13599867,110998,23823,1122
2026-10-08T23:57:22Z,10677698797,3781,7660011,62725,20079,1661
2026-10-08T23:57:22Z,10681914462,8667,110682700,297834,282589,13672
2026-10-08T23:57:22Z,10682099418,728,27828136,1288034,27725,1943
2026-10-08T23:57:22Z,10683945170,549,22098865,1140891,16430,3119
2026-10-08T23:57:22Z,10684750879,22804,65690594,2765420,137391,4640
2026-10-08T23:57:22Z,10685282333,25640,88768943,140344,222501,28337
2026-10-08T23:57:22Z,10690360998,1927,102813820,125254,94096,6438
2026-10-08T23:57:22Z,10690942083,5034,11553040,14232,3620,897
2026-10-08T23:57:22Z,10694549945,878,20648358,31328,31752,1234
2026-10-08T23:57:22Z,10696894951,3961,22225393,36609,12080,2104
2026-10-08T23:57:22Z,10697889407,119,6597039,64612,10150,526
2026-10-08T23:57:22Z,10698216738,2124,30815049,114082,144160,3497
2026-10-08T23:57:22Z,10699057921,348,4101986,52365,10507,1591
2026-10-08T23:57:22Z,10700505394,1167,37278406,120804,156936,8175
2026-10-08T23:57:22Z,10700618962,8213,12655540,303009,30750,539
2026-10-08T23:57:22Z,10701628624,11756,25794503,398227,9777,2326
2026-10-08T23:57:22Z,10704015784,3749,10652515,32443,13179,2120
2026-10-08T23:57:22Z,10705618167,124,7095801,7948,5275,1407
2026-10-08T23:57:22Z,10708913337,50267,79877405,143348,580178,4263
2026-10-08T23:57:22Z,10714746778,3362,18110957,741208,124941,4191
2026-10-08T23:57:22Z,10717002748,7318,11057832,452424,102130,4086
2026-10-08T23:57:22Z,10717199977,4876,15783530,378339,7776,1462
2026-10-08T23:57:22Z,10718240577,2394,24631460,201201,87341,1528
2026-10-08T23:57:22Z,10723087263,1296,2854786,9209,2625,453
2026-10-08T23:57:22Z,10724269636,1171,13967137,28019,22305,1256
2026-10-08T23:57:22Z,10726092409,2455,6675432,21341,6587,1414
2026-10-08T23:57:22Z,10727829780,2200,8772261,60888,22584,2507
2026-10-08T23:57:22Z,10730414817,689,313092,4459,1161,27
2026-10-08T23:57:22Z,10732236937,11910,35326545,69761,41090,3600
2026-10-08T23:57:22Z,10733110573,841,4413188,18895,4183,2607
2026-10-08T23:57:22Z,10737127681,708,8480399,49292,26674,2771
2026-10-08T23:57:22Z,10737231383,1345,24450367,623705,20825,1746
2026-10-08T23:57:22Z,10737256446,6887,7429655,657162,10858,1429
2026-10-08T23:57:22Z,10737656087,7818,6266577,14988,9869,785
2026-10-08T23:57:22Z,10737798435,559,4877446,20076,21951,1523
2026-10-08T23:57:22Z,10737986845,4107,4509190,141658,4440,447
2026-10-08T23:57:22Z,10739044772,1194,8278977,188059,54113,843
2026-10-08T23:57:22Z,10739112966,9169,3620609,27299,3276,842
2026-10-08T23:57:22Z,10739681803,412,2879688,51116,1077,247
2026-10-08T23:57:22Z,10740316645,7670,5886066,23341,57097,735
2026-10-08T23:57:22Z,10741302505,1630,5293480,185196,45214,1006
2026-10-08T23:57:22Z,10741514942,3467,4684657,67989,3975,850
2026-10-08T23:57:22Z,10741654282,8222,48465959,1125396,248839,5052
2026-10-08T23:57:22Z,10741792653,2427,11966211,102883,28691,945
2026-10-08T23:57:22Z,10742019356,4715,23109804,36739,8762,1772
2026-10-08T23:57:22Z,10742937135,8496,6314001,74306,10611,2596
2026-10-08T23:57:22Z,10743048214,4888,1495570,27909,10081,455
2026-10-08T23:57:22Z,10744310825,10990,21616768,1178001,8538,3234
2026-10-08T23:57:22Z,10747748563,271,15136093,365610,16123,3212
2026-10-08T23:57:22Z,10747920845,246,1023892,33109,4466,776
2026-10-08T23:57:22Z,10748543623,4044,1898805,57834,45897,716
2026-10-08T23:57:22Z,10748586525,1125,394706,2939,575,147
2026-10-08T23:57:22Z,10749831764,188,4200109,454824,4614,534
2026-10-08T23:57:22Z,10750406988,297,360698,1510,861,99
2026-10-08T23:57:22Z,10751153610,43,922842,36671,1814,563
2026-10-08T23:57:22Z,10751572992,5332,4948550,18121,9469,1479
2026-10-08T23:57:22Z,10751939592,8856,13589471,952485,979,346
2026-10-08T23:57:22Z,10752743876,4180,5959207,242899,3563,558
2026-10-08T23:57:22Z,10752833252,2719,6885014,45865,2966,479
2026-10-08T23:57:22Z,10753487407,2177,17517374,86369,23664,1228
2026-10-08T23:57:22Z,10753751277,11787,20013253,1879301,51724,2369
2026-10-08T23:57:22Z,10755094976,679,22839670,77235,8144,1439
2026-10-08T23:57:22Z,10756011174,13779,97975656,227279,374394,16122
2026-10-08T23:57:22Z,10756631918,574,1120548,54411,652,133
2026-10-08T23:57:22Z,10756780270,1761,5128983,15672,889,246
2026-10-08T23:57:22Z,10756847038,121,1404078,8877,3549,430
2026-10-08T23:57:22Z,10757247806,1974,1324997,14003,5239,626
2026-10-08T23:57:22Z,10757498504,1483,13774319,39489,20180,669
2026-10-08T23:57:22Z,10757504146,846,20091404,29856,8905,663
2026-10-08T23:57:22Z,10757704931,3513,1673512,73973,15894,395
2026-10-08T23:57:22Z,10758397570,2033,14602879,30231,14465,372
2026-10-08T23:57:22Z,10758992223,212,3289064,181892,1930,377
2026-10-08T23:57:22Z,10759337137,4530,37537992,374873,182673,5336
2026-10-08T23:57:22Z,10759415852,1291,4158634,205267,48841,1035
2026-10-08T23:57:22Z,10759430423,1827,4297150,116965,10251,390
2026-10-08T23:57:22Z,10759478428,2400,4233123,157292,40263,788
2026-10-08T23:57:22Z,10759485670,108,9394843,37811,4572,665
2026-10-08T23:57:22Z,10759518799,6395,11071092,107560,12390,1041
2026-10-08T23:57:22Z,10759594563,1582,6750819,15060,8942,2205
2026-10-08T23:57:22Z,10759638075,5108,5211546,152724,73336,1109
2026-10-08T23:57:22Z,10759661128,1649,10260212,46090,5298,2421
2026-10-08T23:57:22Z,10759860151,2164,23516902,40253,28079,3636
2026-10-08T23:57:22Z,10761115872,253,8824918,547547,13773,10222
2026-10-08T23:57:22Z,10761143648,624,4227552,27094,18780,593
2026-10-08T23:57:22Z,10761200080,1403,5175365,28953,51979,4238
2026-10-08T23:57:22Z,10761375767,1570,5556984,369550,87476,2062
2026-10-08T23:57:22Z,10761375938,1714,8374337,31783,58779,964
2026-10-08T23:57:22Z,10761687472,11817,136782639,459876,100164,13746
2026-10-08T23:57:22Z,10761884278,229,2973553,53406,20456,4234
2026-10-08T23:57:22Z,10762175328,217,1055927,2645,3235,245
2026-10-08T23:57:22Z,10762388019,4638,29243275,114886,220651,17006
2026-10-08T23:57:22Z,10762636904,1311,4114835,32417,27047,325
2026-10-08T23:57:22Z,10762757054,4313,18947048,64513,22438,5956
2026-10-08T23:57:22Z,10762798338,6021,6402308,21010,4510,455
2026-10-08T23:57:22Z,10763714513,3336,3616445,17269,3936,256
2026-10-08T23:57:22Z,10763764817,4936,29504322,1098723,15965,2981
2026-10-08T23:57:22Z,10763860058,670,4048093,128331,1422,518
2026-10-08T23:57:22Z,10764221401,11882,4332273,553953,14855,668
2026-10-08T23:57:22Z,10764297006,7192,43621595,29788,17597,3948
2026-10-08T23:57:22Z,10764300350,1166,3348949,16742,4150,557
2026-10-08T23:57:22Z,10764328008,618,10726125,76959,67482,1382
2026-10-08T23:57:22Z,10764332301,466,243952,4708,791,325
2026-10-08T23:57:22Z,10764385875,388,3240336,8645,1472,1549
2026-10-08T23:57:22Z,10764404786,1504,2419202,8486,5922,893
2026-10-08T23:57:22Z,10764412489,704,4330421,220301,7003,4443
2026-10-08T23:57:22Z,10764415267,8146,6797537,16980,5559,692
2026-10-08T23:57:22Z,10764431809,68,166480,6786,369,90
2026-10-08T23:57:22Z,10764479526,12161,37732180,395930,301535,6091
2026-10-08T23:57:22Z,10764492565,199,273215,1623,599,84
2026-10-08T23:57:22Z,10764533320,4601,27946806,83931,68332,8208
2026-10-08T23:57:22Z,10764613327,4017,4648196,37803,5303,2171
2026-10-08T23:57:22Z,10764627709,96203,50206276,117438,89304,10888
2026-10-08T23:57:22Z,10764640833,2958,21425982,62800,13375,3253
2026-10-08T23:57:22Z,10764706572,1565,4775701,9901,5626,1626
2026-10-08T23:57:22Z,10764794065,1294,3491929,157362,3654,2745
2026-10-08T23:57:22Z,10764839604,2239,6596229,36684,28239,675
2026-10-08T23:57:22Z,10764883692,867,678524,1646,1503,113
2026-10-08T23:57:22Z,10764887435,970,3924226,199651,14848,916
2026-10-08T23:57:22Z,10764888929,597,2716911,140079,11190,388
2026-10-08T23:57:22Z,10764891927,915,2248052,5071,1441,524
2026-10-08T23:57:22Z,10764897725,14620,34139687,1592527,146166,3453
2026-10-08T23:57:22Z,10764967952,425,2604587,25811,5238,755
2026-10-08T23:57:22Z,10764980068,1510,3973603,19110,21595,602
2026-10-08T23:57:22Z,10764989090,970,435215,11166,1593,459
2026-10-08T23:57:22Z,10765012427,11050,33637183,151014,101517,5283
2026-10-08T23:57:22Z,10765013362,5059,6862128,13036,5160,599
2026-10-08T23:57:22Z,10765032875,2709,8535292,12778,1492,311
2026-10-08T23:57:22Z,10765035506,534,4761195,343637,2449,662
2026-10-08T23:57:22Z,10765061113,684,3430176,6025,1692,514
2026-10-08T23:57:22Z,10765067592,4099,2361225,36568,5413,606
2026-10-08T23:57:22Z,10765078176,1088,17957347,60334,40467,9518
2026-10-08T23:57:22Z,10765091041,5390,11975870,58960,68199,1782
2026-10-08T23:57:22Z,10765153945,4070,11115670,30697,7914,876
2026-10-08T23:57:22Z,10765158636,553,5331874,14868,4948,378
2026-10-08T23:57:22Z,10765167636,3592,7560879,36693,10418,1201
2026-10-08T23:57:22Z,10765190004,3996,3927506,17899,4777,1109
2026-10-08T23:57:22Z,10765203500,72,518323,1369,568,156
2026-10-08T23:57:22Z,10765279487,890,8041254,70576,5696,1210
2026-10-08T23:57:22Z,10765288803,56325,45890835,247359,159762,3407
2026-10-08T23:57:22Z,10765298801,20634,20847141,760610,34240,1209
2026-10-08T23:57:22Z,10765312940,1979,4561546,9414,5168,305
2026-10-08T23:57:22Z,10765332568,681,6519712,15119,6849,348
2026-10-08T23:57:22Z,10765361336,1000,2538059,5484,1623,315
2026-10-08T23:57:22Z,10765481558,1064,5399533,8211,1054,326
2026-10-08T23:57:22Z,10765490774,2570,2794192,7524,7504,108
2026-10-08T23:57:22Z,10765529256,344,1136077,5771,722,126
2026-10-08T23:57:22Z,10765541201,9684,2997487,13562,1746,168
2026-10-08T23:57:22Z,10765563835,1238,4289653,20562,9059,2291
2026-10-08T23:57:22Z,10765566974,226,1941650,99646,7564,1385
2026-10-08T23:57:22Z,10765574547,2005,3610279,18677,2528,754
2026-10-08T23:57:22Z,10765579304,923,1234944,17149,5596,716
2026-10-08T23:57:22Z,10765582175,11838,4764361,51763,41893,4500
2026-10-08T23:57:22Z,10765629147,2158,5183718,6956,1367,190
2026-10-08T23:57:22Z,10765629453,2113,5304891,448744,10925,915
2026-10-08T23:57:22Z,10765637643,5638,4284251,950154,6111,470
2026-10-08T23:57:22Z,10765686447,7876,12274059,62506,24178,1301
2026-10-08T23:57:22Z,10765708310,415,1186867,18250,9202,684
2026-10-08T23:57:22Z,10765718108,525,1942599,51330,9955,1328
2026-10-08T23:57:22Z,10765748731,1886,1053403,10825,2745,762
2026-10-08T23:57:22Z,10765751583,1797,4629332,17506,5551,1020
2026-10-08T23:57:22Z,10765763629,848,1879772,4775,1318,408
2026-10-08T23:57:22Z,10765764482,3804,12029490,75581,10848,2151
2026-10-08T23:57:22Z,10765785152,24448,4241971,7674,2235,454
2026-10-08T23:57:22Z,10765799968,320,141438,4870,1683,123
2026-10-08T23:57:22Z,10765834825,312,2716119,5553,3269,1645
2026-10-08T23:57:22Z,10765855425,485,1755601,7232,1186,409
2026-10-08T23:57:22Z,10765902945,4534,925757,1942,2198,93
2026-10-08T23:57:22Z,10765906597,1869,2621318,10929,11551,575
2026-10-08T23:57:22Z,10765927544,94,913947,2627,1808,183
2026-10-08T23:57:22Z,10765950109,3970,3857835,27601,7734,1114
2026-10-08T23:57:22Z,10765951887,1774,896329,25420,8574,840
2026-10-08T23:57:22Z,10766004084,2496,1945205,11594,4444,454
2026-10-08T23:57:22Z,10766008884,3694,8152414,41110,28554,779
2026-10-08T23:57:22Z,10766009412,345,1359670,36455,2431,602
2026-10-08T23:57:22Z,10766056678,18418,16153548,606912,22442,1402
2026-10-08T23:57:22Z,10766057873,746,284235,10220,1680,618
2026-10-08T23:57:22Z,10766105412,867,1128553,6706,2533,472
2026-10-08T23:57:22Z,10766135603,2462,4400980,300648,10665,434
2026-10-08T23:57:22Z,10766138478,3234,18201919,959884,23005,624
2026-10-08T23:57:22Z,10766142497,3593,1999023,17242,1977,333
2026-10-08T23:57:22Z,10766222230,1122,2306264,9833,3263,621
2026-10-08T23:57:22Z,10766240516,4050,2051399,148642,3106,361
2026-10-08T23:57:22Z,10766257839,1138,2283484,10463,4366,1148
2026-10-08T23:57:22Z,10766309747,4831,8652202,32564,34664,974
2026-10-08T23:57:22Z,10766349481,9943,4314672,17733,17925,827
2026-10-08T23:57:22Z,10766364164,1370,7789175,25659,5226,1722
2026-10-08T23:57:22Z,10766390665,6055,3093656,51738,8034,1688
2026-10-08T23:57:22Z,10766395909,6763,3434289,40283,12901,914
2026-10-08T23:57:22Z,10766399546,735,6514077,25694,29547,1457
2026-10-08T23:57:22Z,10766420770,963,1368130,65742,9998,164
2026-10-08T23:57:22Z,10766426236,1422,1319579,28114,2511,576
2026-10-08T23:57:22Z,10766440903,1608,1004150,4592,779,382
2026-10-08T23:57:22Z,10766456501,174,254067279,286250,176909,35776
2026-10-08T23:57:22Z,10766494202,532,3785163,20841,5760,2193
2026-10-08T23:57:22Z,10766502612,2833,1349582,20214,2223,805
2026-10-08T23:57:22Z,10766506199,21404,27601943,102120,11018,3879
2026-10-08T23:57:22Z,10766578375,8449,4713147,42624,8295,641
2026-10-08T23:57:22Z,10766687030,3070,6428678,20987,10943,2733
2026-10-08T23:57:22Z,10766721625,10943,13498413,736058,10661,677
2026-10-08T23:57:22Z,10766725034,4334,16104128,39904,6021,4347
2026-10-08T23:57:22Z,10766735253,2216,473089,20324,651,63
2026-10-08T23:57:22Z,10766773917,879,3003173,11086,3120,901
2026-10-08T23:57:22Z,10766812776,4572,2193921,10276,3534,161
2026-10-08T23:57:22Z,10767012496,14821,17357752,49917,21681,2126
2026-10-08T23:57:22Z,10767094794,1594,983072,7093,1651,5562
2026-10-08T23:57:22Z,10767138232,2356,1517443,19629,1019,135
2026-10-08T23:57:22Z,10767240772,13318,2809378,21349,13457,1822
2026-10-08T23:57:22Z,10767357183,279,291607,24153,563,36
2026-10-08T23:57:22Z,10767408330,29445,9864333,29235,24212,1468
2026-10-08T23:57:22Z,10767545737,504,855662,9488,8451,774
2026-10-08T23:57:22Z,10767566226,11558,2714183,11318,3646,181
2026-10-08T23:57:22Z,10767582899,4585,1268255,13949,5517,1378
2026-10-08T23:57:22Z,10767628417,2829,966217,22025,6000,434
2026-10-08T23:57:22Z,10767634248,14456,5898573,25460,5738,503
2026-10-08T23:57:22Z,10767657583,1520,1276691,32638,1322,483
2026-10-08T23:57:22Z,10767698786,1959,3492691,1474,2679,249
2026-10-08T23:57:22Z,10767755908,2008,564979,99045,1262,84
2026-10-08T23:57:22Z,10767780358,3859,8974907,717984,19829,1295
2026-10-08T23:57:22Z,10767824942,8531,1578796,141243,3933,200
2026-10-08T23:57:22Z,10767825538,14039,13922163,70839,24729,1408
2026-10-08T23:57:22Z,10767826343,2520,332208,6484,1794,282
2026-10-08T23:57:22Z,10767858548,280,742101,8105,6037,475
2026-10-08T23:57:22Z,10767912502,521,391010,2336,545,53
2026-10-08T23:57:22Z,10767922762,6211,1867147,92994,9256,1107
2026-10-08T23:57:22Z,10767957681,1550,621607,3979,2392,385
2026-10-08T23:57:22Z,10768023539,14913,12830790,69965,12085,1022
2026-10-08T23:57:22Z,10768172922,1740,1635099,3130,594,224
2026-10-08T23:57:22Z,10768176407,6179,1753230,13183,5229,610
2026-10-08T23:57:22Z,10768202113,4221,1748060,22772,4214,544
2026-10-08T23:57:22Z,10768316438,3599,1648255,164085,606,63
2026-10-08T23:57:22Z,10768399922,0,1401605,4604,703,64
2026-10-08T23:57:22Z,10768425253,14898,4169748,221899,1610,160
2026-10-08T23:57:22Z,10768462078,3059,1543435,8565,3272,92
2026-10-08T23:57:22Z,10768468695,1139,365465,4406,838,256
2026-10-08T23:57:22Z,10768565603,4564,3706358,12961,4392,6355
2026-10-08T23:57:22Z,10768944292,3737,894631,6939,8267,237
2026-10-08T23:57:22Z,10769066324,1782,3609033,3950,1366,192
2026-10-08T23:57:22Z,143384880,286,382696217,1687390,347240,87623
2026-10-08T23:57:22Z,8188414457,165,15266891,2343853,3249,799
2026-10-08T23:57:22Z,102281688,339,22605414,264552,51282,13169
2026-10-08T23:57:22Z,5800321156,87,73815628,310799,16349,10403
2026-10-08T23:57:22Z,7541864170,284,14972312,220585,46153,5333
2026-10-08T23:57:22Z,9539768872,136,19262637,1058166,25003,7020
2026-10-08T23:57:22Z,9114593590,60,31589279,2873439,14528,4801
2026-10-08T23:57:22Z,9646151925,94,16852299,296059,17316,3104
2026-10-08T23:57:22Z,10447378977,138,6179875,456438,830,341
2026-10-08T23:57:22Z,9441720676,127,57279283,50849,17141,3399
2026-10-08T23:57:22Z,6546714281,194,40062602,1619156,36861,3641
2026-10-08T23:57:22Z,3278885012,309,60352645,2104130,74470,8880
2026-10-08T23:57:22Z,7943862223,139,130583054,12384120,377176,30079
2026-10-08T23:57:22Z,7602095794,181,32776310,54978,178442,4164
2026-10-08T23:57:22Z,99361251,188,557430737,3029056,799317,61062
2026-10-08T23:57:22Z,9541728527,143,27760337,140230,83132,12893
2026-10-08T23:57:22Z,5328200500,207,12575287,16206,6253,1362
2026-10-08T23:57:22Z,7997559305,60,10355208,226313,68456,4351
2026-10-08T23:57:22Z,9673019462,125,6724109,17942,3259,1179
2026-10-08T23:57:22Z,4636277071,169,16767161,42766,42052,7091
2026-10-08T23:57:22Z,3057295800,140,30224290,47401,8726,3999
2026-10-08T23:57:22Z,3515656039,163,37206453,76544,21244,3528
2026-10-08T23:57:22Z,7947358622,92,37683119,5159845,17474,1370
2026-10-08T23:57:22Z,7191432947,179,77990361,442406,109994,8265
2026-10-08T23:57:22Z,8773050457,161,32901444,123012,49816,8718
2026-10-08T23:57:22Z,10762008472,147,2023124,7131,1511,47
2026-10-08T23:57:22Z,6920930774,139,44218279,79688,47911,8520
2026-10-08T23:57:22Z,10359282823,120,2132738,33143,10638,1988
2026-10-08T23:57:22Z,8009328211,141,772438831,332106,838978,32753
2026-10-08T23:57:22Z,2012508359,147,218332990,357667,67921,24192
2026-10-08T23:57:22Z,581471540,65,37657262,107679,26586,11299
2026-10-08T23:57:22Z,3993651533,193,51893801,563944,13448,4710
2026-10-08T23:57:22Z,10234614974,129,14187056,19707,38246,1293
2026-10-08T23:57:22Z,8716654969,123,73983104,167628,20708,20702
2026-10-08T23:57:22Z,4844701626,201,153977048,61907,78379,6150
2026-10-08T23:57:22Z,5780178830,99,11254763,905019,1730,541
2026-10-08T23:57:22Z,10764479494,64,594656,2012,2747,624
2026-10-08T23:57:22Z,3721056490,116,231219162,196386,151034,13666
2026-10-08T23:57:22Z,5803669349,160,110548239,234002,47105,8637
2026-10-08T23:57:22Z,6061729346,58,73910656,2188928,139679,13637
2026-10-08T23:57:22Z,10073429496,133,4794346,33775,35899,4759
2026-10-08T23:57:22Z,147007210,103,8019861,57759,14802,2460
2026-10-08T23:57:22Z,2647767875,113,167778955,138204,20911,8526
2026-10-08T23:57:22Z,7886873133,117,37608262,193897,37667,3030
2026-10-08T23:57:22Z,2114042267,110,34161114,117939,28271,32935
2026-10-08T23:57:22Z,9143095482,151,34251872,80007,41378,7925
2026-10-08T23:57:22Z,3348878202,134,328543777,191058,31131,16515
2026-10-08T23:57:22Z,9636109790,76,12544615,806899,9474,3456
2026-10-08T23:57:22Z,1359439564,138,25240584,154262,34723,8513
2026-10-08T23:57:22Z,2995746037,101,93435737,272185,78745,11767
2026-10-08T23:57:22Z,9675229740,107,35470109,1738747,41529,5784
2026-10-08T23:57:22Z,2935861690,85,85636944,1981365,96051,15777
2026-10-08T23:57:22Z,4179266766,149,140184645,80261,19447,5443
2026-10-08T23:57:22Z,5072279323,136,45371817,142801,56879,6655
2026-10-08T23:57:22Z,8355008153,85,19304384,18357,13831,9937
2026-10-08T23:57:22Z,3566531630,178,269061933,323766,103357,14399
2026-10-08T23:57:22Z,5501560386,58,51990090,6551881,16314,5970
2026-10-08T23:57:22Z,7400570888,89,89467272,5450574,71204,3784
2026-10-08T23:57:22Z,9977954973,100,105591332,152945,42950,16371
2026-10-08T23:57:22Z,10707697110,111,801909,2792,7299,474
2026-10-08T23:57:22Z,10174912964,80,1772287,107013,1222,749
2026-10-08T23:57:22Z,10393707211,103,12772481,29366,5447,1065
2026-10-08T23:57:22Z,104984488,102,33587456,314143,89876,21183
2026-10-08T23:57:22Z,225431369,132,2305469709,4744846,579241,105673
2026-10-08T23:57:22Z,5287704645,104,58338605,163438,72862,19900
2026-10-08T23:57:22Z,9251333102,103,34800824,100119,120081,4374
2026-10-08T23:57:22Z,9949303437,83,19916064,65923,103726,2987
2026-10-08T23:57:22Z,7539883665,60,92600115,79603,50308,15817
2026-10-08T23:57:22Z,8539571150,63,14110133,151284,36397,7288
2026-10-08T23:57:22Z,7580022263,139,23530657,39860,30812,14531
2026-10-08T23:57:22Z,9599630721,98,51228676,109101,79621,4861
2026-10-08T23:57:22Z,10322311722,87,5633598,221384,11926,1947
2026-10-08T23:57:22Z,2082737845,97,249413955,498325,218789,70778
2026-10-08T23:57:22Z,2284882312,61,106827880,474141,213720,26826
2026-10-08T23:57:22Z,6112350547,108,118448239,414695,127631,38356
2026-10-08T23:57:22Z,10231960870,105,6311574,100488,23154,1219
2026-10-08T23:57:22Z,9260916865,76,20282154,35297,52955,7553
2026-10-08T23:57:22Z,7089179560,117,113458562,1038486,76115,11439
2026-10-08T23:57:22Z,8618085157,96,49033779,64742,17323,3179
2026-10-08T23:57:22Z,5502624394,95,4126211,30483,11393,1858
2026-10-08T23:57:22Z,5828082166,86,87364440,50485,24796,5301
2026-10-08T23:57:22Z,5918399007,92,131706426,5324385,310031,13085
2026-10-08T23:57:22Z,6829921755,83,82305582,2355939,87199,8449
2026-10-08T23:57:22Z,1255026771,65,585426545,770509,62127,11423
2026-10-08T23:57:22Z,4701326804,53,52049565,261201,39370,5353
2026-10-08T23:57:22Z,4765561827,88,171511344,5090315,369938,37512
2026-10-08T23:57:22Z,2422985977,98,205806980,771369,293817,77633
2026-10-08T23:57:22Z,3662697247,48,39634356,88167,15495,8712
2026-10-08T23:57:22Z,10104229716,111,30673970,100305,248197,13081
2026-10-08T23:57:22Z,9191100702,72,23513583,47955,74188,3029
2026-10-08T23:57:22Z,1216210570,54,293469181,871376,177218,22877
2026-10-08T23:57:22Z,3227010445,54,92320623,276566,75603,19787
2026-10-08T23:57:22Z,4277322898,70,70340735,4909313,46680,10594
2026-10-08T23:57:22Z,2201173838,87,36532222,367530,174187,39941
2026-10-08T23:57:22Z,4088286058,59,25378756,18075,2532,1357
2026-10-08T23:57:22Z,4577439977,91,110683244,5000621,102414,14491
2026-10-08T23:57:22Z,4721594588,71,28784063,173793,73747,6145
2026-10-08T23:57:22Z,5898745851,110,17892006,1265596,4800,8969
2026-10-08T23:57:22Z,9642267522,104,4111047,32777,11493,1839
2026-10-08T23:57:22Z,10289426907,76,5277587,26541,34850,1045
2026-10-08T23:57:22Z,931159924,92,80058076,602260,176559,21966
2026-10-08T23:57:22Z,5413860450,88,22478743,33835,21237,4191
2026-10-08T23:57:22Z,5883705975,49,49094713,40957,5040,1649
2026-10-08T23:57:22Z,7649076344,48,55891744,10305324,30453,6079
2026-10-08T23:57:22Z,2985161144,119,48993773,521354,115939,5326
2026-10-08T23:57:22Z,5165509675,111,24812654,219891,26858,3762
2026-10-08T23:57:22Z,9302146581,70,9663551,38187,5706,1946
2026-10-08T23:57:22Z,9149872124,85,36595879,37986,35278,2438
2026-10-08T23:57:22Z,10210407309,75,27880506,1418541,87390,2873
2026-10-08T23:57:22Z,6664476231,93,85991539,2556313,446712,10551
2026-10-08T23:57:22Z,338943399,72,31029975,151110,20970,5367
2026-10-08T23:57:22Z,3070438122,115,75792655,77819,23024,8585
2026-10-08T23:57:22Z,9078815089,80,40417057,2827404,13558,7328
2026-10-08T23:57:22Z,12454828,104,251011304,1076317,305532,82667
2026-10-08T23:57:22Z,506112045,53,544641790,1868830,279014,76763
2026-10-08T23:57:22Z,5109617119,90,16075643,25661,9630,1398
2026-10-08T23:57:22Z,10167650065,90,4075619,159809,58055,1792
2026-10-08T23:57:22Z,8661631014,59,55742150,4023983,16081,1549
2026-10-08T23:57:22Z,1271506953,101,71279543,369755,105496,17260
2026-10-08T23:57:22Z,3508969520,73,7888448,31072,9792,1417
2026-10-08T23:57:22Z,6385911588,73,32131131,963998,136508,7521
2026-10-08T23:57:22Z,8470436709,55,35029026,13210,874,451
2026-10-08T23:57:22Z,9898609049,84,30111600,36806,29502,1241
2026-10-08T23:57:22Z,7000105765,137,67931921,99836,156176,15369
2026-10-08T23:57:22Z,6527401680,65,4181955,360965,566,191
2026-10-08T23:57:22Z,9653804173,86,14822516,15110,2383,6616
2026-10-08T23:57:22Z,10188079941,77,14130701,23843,29187,3186
2026-10-08T23:57:22Z,457781306,79,44048808,109661,22925,4765
2026-10-08T23:57:22Z,3925341354,85,128105780,429968,106271,22716
2026-10-08T23:57:22Z,4017390447,75,42899956,65532,21334,5916
2026-10-08T23:57:22Z,4251805934,74,83387911,215811,38293,10812
2026-10-08T23:57:22Z,5300929388,78,27300975,125450,27482,5655
2026-10-08T23:57:22Z,6362207891,73,21693000,570802,31142,1587
2026-10-08T23:57:22Z,10399562127,91,4712137,13240,7621,1642
2026-10-08T23:57:22Z,9322514199,101,9536675,27126,4745,1408
2026-10-08T23:57:22Z,8070392042,89,46641544,1538034,51262,5525
2026-10-08T23:57:22Z,3122201263,77,22760599,35159,14413,12457
2026-10-08T23:57:22Z,3463296686,94,74980898,529021,123512,6998
2026-10-08T23:57:22Z,7201268162,75,40246650,1061703,102745,3297
2026-10-08T23:57:22Z,1465584587,79,611485538,1197678,474488,46306
2026-10-08T23:57:22Z,9832580772,67,18151521,193272,24704,1902
2026-10-08T23:57:22Z,7653031880,80,27453713,155529,24255,3318
2026-10-08T23:57:22Z,10764789625,93,1494209,37606,6283,3724
2026-10-08T23:57:22Z,2112490643,84,110933596,228842,50013,67998
2026-10-08T23:57:22Z,3057636537,76,104895485,1858231,33442,10155
2026-10-08T23:57:22Z,5248000811,69,68757201,4184959,5245,2723
2026-10-08T23:57:22Z,9718589349,82,4232658,66188,26840,4346
2026-10-08T23:57:22Z,9808514624,88,23274069,1077810,15185,2055
2026-10-08T23:57:22Z,9203438594,81,10899753,217503,14453,3044
2026-10-08T23:57:22Z,1380809308,86,122341592,336476,90758,28697
2026-10-08T23:57:22Z,2719512531,93,155802383,308542,164389,26830
2026-10-08T23:57:22Z,3462404408,69,114279838,113016,26505,8148
2026-10-08T23:57:22Z,5026554197,69,44544887,28052,15843,7499
2026-10-08T23:57:22Z,9544531673,60,30737108,40223,3574,756
2026-10-08T23:57:22Z,10155839080,62,13093657,319410,16404,3218
2026-10-08T23:57:22Z,6595886247,103,51427152,105250,190765,6436
2026-10-08T23:57:22Z,8138207962,41,42935192,4084503,4048,955
2026-10-08T23:57:22Z,7500820384,69,17475984,31803,8239,2418
2026-10-08T23:57:22Z,9743812375,62,11561297,26741,28150,1630
2026-10-08T23:57:22Z,9040189799,93,182166827,110188,118358,23443
2026-10-08T23:57:22Z,9169239149,98,15390439,164506,30271,2316
2026-10-08T23:57:22Z,3881812193,67,38570306,57258,11411,3475
2026-10-08T23:57:22Z,5372679817,75,75717903,395870,54170,6901
2026-10-08T23:57:22Z,6117665394,80,9090317,12071,4468,1278
2026-10-08T23:57:22Z,9896069131,62,23914380,1622992,36594,1952
2026-10-08T23:57:22Z,9584636122,85,10059458,15448,4655,804
2026-10-08T23:57:22Z,7579926638,94,2250171,39118,6951,1313
2026-10-08T23:57:22Z,9835089582,47,13863149,121504,7032,4277
2026-10-08T23:57:22Z,772169807,94,74334812,202088,59892,18586
2026-10-08T23:57:22Z,2739813217,85,94214934,164784,21525,8851
2026-10-08T23:57:22Z,3481099993,87,27901103,77649,23568,2895
2026-10-08T23:57:22Z,3737753748,77,88184819,42743,28529,14599
2026-10-08T23:57:22Z,4934163223,58,12083854,98425,73367,7693
2026-10-08T23:57:22Z,8359799244,51,37598191,67853,8452,3047
2026-10-08T23:57:22Z,10127090395,71,127698158,5400952,105779,8367
2026-10-08T23:57:22Z,6504717394,67,51476093,83055,153101,32669
2026-10-08T23:57:22Z,8987346036,92,12052965,73660,45606,5798
2026-10-08T23:57:22Z,8784772299,66,64987852,2622135,82058,7968
2026-10-08T23:57:22Z,142553158,103,783195958,2591456,886559,136463
2026-10-08T23:57:22Z,3170620775,102,96065748,251290,121172,21401
2026-10-08T23:57:22Z,3906287814,102,240981525,176288,39200,9557
2026-10-08T23:57:22Z,6851668263,108,6565961,16585,6853,1753
2026-10-08T23:57:22Z,8305711952,89,33629047,100817,87112,4075
2026-10-08T23:57:22Z,211134933,93,514335704,1867181,361443,38046
2026-10-08T23:57:22Z,3121816042,69,12279466,68423,13460,2791
2026-10-08T23:57:22Z,5617640646,100,21223896,470550,185126,17599
2026-10-08T23:57:22Z,10145435093,84,10517883,17362,1204,559
2026-10-08T23:57:22Z,7828488192,62,49300799,303987,141960,7968
2026-10-08T23:57:22Z,7834174817,75,49259180,30602,4848,1854
2026-10-08T23:57:22Z,6752087079,90,4865466,14404,2445,617
2026-10-08T23:57:22Z,3589987987,62,106517277,551404,172566,14518
2026-10-08T23:57:22Z,9757776682,64,111383933,83529,47929,4930
2026-10-08T23:57:22Z,7252801296,68,39316255,1247622,83448,2862
2026-10-08T23:57:22Z,8997111763,65,54844913,78162,115780,5156
2026-10-08T23:57:22Z,7232852447,45,39382450,3063837,4351,1053
2026-10-08T23:57:22Z,162580928,76,52279975,817774,278054,44565
2026-10-08T23:57:22Z,3068253054,95,16454037,15515,7347,1075
2026-10-08T23:57:22Z,5678203702,89,2162322,6282,1360,230
2026-10-08T23:57:22Z,6103280407,55,12625519,1789223,1775,318
2026-10-08T23:57:22Z,8613687643,95,24306835,58458,5392,2095
2026-10-08T23:57:22Z,7294576294,66,43464572,3631198,17028,3983
2026-10-08T23:57:22Z,8340680684,92,98736515,128227,100186,10081
2026-10-08T23:57:22Z,10092286198,80,23882331,49347,13874,1679
2026-10-08T23:57:22Z,9386766101,96,8519369,129504,4157,522
2026-10-08T23:57:22Z,10759566653,86,352198,989,453,49
2026-10-08T23:57:22Z,8596938601,70,28519519,104061,37576,3022
2026-10-08T23:57:22Z,595270616,70,31448929,455045,120112,22905
2026-10-08T23:57:22Z,1801716281,77,20772926,26957,12993,3619
2026-10-08T23:57:22Z,2032463184,108,304358984,436232,199583,39261
2026-10-08T23:57:22Z,2343912333,86,50378086,175999,87247,21960
2026-10-08T23:57:22Z,2435071056,101,106142436,120642,21563,6372
2026-10-08T23:57:22Z,3548276107,76,26026717,480045,117502,19409
2026-10-08T23:57:22Z,4959278843,69,12630592,134385,49926,2383
2026-10-08T23:57:22Z,4979078803,64,102820558,1607604,153691,11542
2026-10-08T23:57:22Z,5703870642,77,113508005,10069675,71245,4326
2026-10-08T23:57:22Z,9135448153,73,17599622,58036,17101,6574
2026-10-08T23:57:22Z,7865058772,65,19183877,410468,57676,6472
2026-10-08T23:57:22Z,9871940535,76,45125652,3455831,8670,1479
2026-10-08T23:57:22Z,791881410,81,57104237,194159,85856,14964
2026-10-08T23:57:22Z,1640789167,74,49885758,310272,61191,17862
2026-10-08T23:57:22Z,2139563899,77,521200110,8852366,375821,54094
2026-10-08T23:57:22Z,4053249539,78,13093722,22148,8350,1171
2026-10-08T23:57:22Z,5216717929,58,38098495,134505,49117,5724
2026-10-08T23:57:22Z,5997239470,62,42250319,1438035,121647,4036
2026-10-08T23:57:22Z,6267943144,98,17548743,128407,23355,9388
2026-10-08T23:57:22Z,8877595115,57,41621677,781830,22561,2373
2026-10-08T23:57:22Z,9629446733,81,12723270,66543,12675,5683
2026-10-08T23:57:22Z,375716943,51,150351950,673220,233028,62115
2026-10-08T23:57:22Z,5848744409,53,15776355,77746,37337,7795
2026-10-08T23:57:22Z,5851241638,70,76314426,1312298,61423,7897
2026-10-08T23:57:22Z,6301368885,75,1426618,27088,7617,849
2026-10-08T23:57:22Z,9098443082,67,11159199,88922,34739,3325
2026-10-08T23:57:22Z,9965907387,60,33210379,116499,112499,12531
2026-10-08T23:57:22Z,7540451462,61,21180730,1007174,34118,5757
2026-10-08T23:57:22Z,10405123254,70,2500218,93693,23720,889
2026-10-08T23:57:22Z,7088802117,96,58024550,147804,41147,4531
2026-10-08T23:57:22Z,354554209,82,862929405,2732445,600722,182808
2026-10-08T23:57:22Z,543433033,86,10534730,26943,9324,2689
2026-10-08T23:57:22Z,2406191199,77,39824536,43705,15744,3933
2026-10-08T23:57:22Z,2491140204,68,25724040,18399,5145,4770
2026-10-08T23:57:22Z,3563989313,69,87219494,268007,92505,21104
2026-10-08T23:57:22Z,3956073837,65,36666217,315945,58030,6687
2026-10-08T23:57:22Z,4343171923,95,8017536,105124,21326,4584
2026-10-08T23:57:22Z,4725882562,75,87299591,226551,92567,32280
2026-10-08T23:57:22Z,5379709744,59,18299057,45169,10544,5684
2026-10-08T23:57:22Z,5988568657,59,21961082,277829,17476,2302
2026-10-08T23:57:22Z,6267547203,82,72595640,65395,51364,5507
2026-10-08T23:57:22Z,6452903718,59,21878626,2691762,1918,513
2026-10-08T23:57:22Z,9834941565,56,90508104,94682,100501,7747
2026-10-08T23:57:22Z,6904570042,38,62596186,4231743,119146,8158
2026-10-08T23:57:22Z,4756005135,79,54868308,736778,112786,39039
2026-10-08T23:57:22Z,5484232175,81,47261376,97648,21637,5669
2026-10-08T23:57:22Z,5971717168,70,15316377,13623,14908,6879
2026-10-08T23:57:22Z,10320185905,62,16207250,18337,6653,2639
2026-10-08T23:57:22Z,7612376466,82,18415063,299063,162545,3960
2026-10-08T23:57:22Z,10006104044,71,37330504,172519,80893,6535
2026-10-08T23:57:22Z,1246853548,76,39586053,369889,108603,33072
2026-10-08T23:57:22Z,3449433624,62,32303649,107606,18001,5069
2026-10-08T23:57:22Z,3967853925,63,446298765,10146802,269215,19715
2026-10-08T23:57:22Z,4161970303,74,83455269,159096,162717,14618
2026-10-08T23:57:22Z,4622872141,67,11990472,19735,4843,503
2026-10-08T23:57:22Z,6098192586,83,69211328,231012,44446,9073
2026-10-08T23:57:22Z,6139943824,72,17126654,151244,45890,3370
2026-10-08T23:57:22Z,9512216044,69,74252056,1629720,210020,10279
2026-10-08T23:57:22Z,10533932233,71,3880884,82810,1857,640
2026-10-08T23:57:22Z,7272015599,68,32051891,48310,38328,32568
2026-10-08T23:57:22Z,8643186875,64,3359600,54142,12648,1149
2026-10-08T23:57:22Z,85505226,74,79422798,319284,100722,35574
2026-10-08T23:57:22Z,3250277181,60,206771023,171547,77844,33979
2026-10-08T23:57:22Z,4045303154,69,106248681,217860,39845,3474
2026-10-08T23:57:22Z,5533168824,79,165524136,10473864,20450,11035
2026-10-08T23:57:22Z,5878197094,61,29479916,39501,13448,9773
2026-10-08T23:57:22Z,6203464868,66,21251940,72837,57304,6644
2026-10-08T23:57:22Z,10299611114,65,23756113,244628,225818,4887
2026-10-08T23:57:22Z,6810151193,82,23842951,25556,9212,4486
2026-10-08T23:57:22Z,7938272070,69,236687293,423249,463118,38330
2026-10-08T23:57:22Z,6752499006,48,5880554,469680,1082,922
2026-10-08T23:57:22Z,10289607858,81,7951976,333688,13017,1269
2026-10-08T23:57:22Z,7746026531,89,37013245,52524,21625,4284
2026-10-08T23:57:22Z,6537995571,72,1874458,11089,4548,1128
2026-10-08T23:57:22Z,8550874096,54,17930397,17149,3804,717
2026-10-08T23:57:22Z,6847216981,42,52063328,46277,26206,2683
2026-10-08T23:57:22Z,2313969312,62,22757990,87427,32325,9368
2026-10-08T23:57:22Z,2734855978,60,9393114,301357,1249,623
2026-10-08T23:57:22Z,2762257604,85,5703198,32268,7830,7029
2026-10-08T23:57:22Z,4668461757,78,18093591,154332,23655,5081
2026-10-08T23:57:22Z,5031367309,49,24001696,284854,69374,3138
2026-10-08T23:57:22Z,8187819072,91,9654357,24259,4305,956
2026-10-08T23:57:22Z,9476223593,51,14629937,32379,4782,4192
2026-10-08T23:57:22Z,9276127219,60,17206701,27736,30372,2653
2026-10-08T23:57:22Z,108687118,92,14015631,121782,35382,8916
2026-10-08T23:57:22Z,4321616544,44,17679387,1844381,2304,986
2026-10-08T23:57:22Z,4518677258,46,11106616,10533,1821,3600
2026-10-08T23:57:22Z,5898577904,67,805284,18043,5407,1745
2026-10-08T23:57:22Z,6040519784,72,12272926,23506,5020,1573
2026-10-08T23:57:22Z,6212813814,74,8607280,29336,16270,4357
2026-10-08T23:57:22Z,6533104111,91,21319995,79903,49224,2044
2026-10-08T23:57:22Z,6839591956,76,23327882,750037,333441,9744
2026-10-08T23:57:22Z,7207532353,67,6713861,70209,18305,6412
2026-10-08T23:57:22Z,7291257156,58,23355614,1058390,174067,8449
2026-10-08T23:57:22Z,8232903155,47,15917429,918369,1591,748
2026-10-08T23:57:22Z,1050830474,61,31686150,97344,28002,5742
2026-10-08T23:57:22Z,1118770076,65,13640364,129507,44941,11240
2026-10-08T23:57:22Z,4958291533,70,2388571,24253,7431,1745
2026-10-08T23:57:22Z,7652236703,106,64647078,31976,6476,1414
2026-10-08T23:57:22Z,7472414080,60,137705437,2715710,304008,23018
2026-10-08T23:57:22Z,10241458276,66,10540471,949511,2970,724
2026-10-08T23:57:22Z,8229835129,53,45739258,34264,24109,4510
2026-10-08T23:57:22Z,8887799462,144,10769729,30851,11924,4000
2026-10-08T23:57:22Z,75587443,63,616648320,2638450,524370,90696
2026-10-08T23:57:22Z,147136117,62,74974380,144151,56536,96633
2026-10-08T23:57:22Z,806257808,70,59264289,396923,105278,16101
2026-10-08T23:57:22Z,1000639036,60,300541124,1917143,13952,14798
2026-10-08T23:57:22Z,2516283984,66,145248578,661863,247762,25983
2026-10-08T23:57:22Z,3997171304,57,60570496,1356202,157320,14556
2026-10-08T23:57:22Z,4025872087,81,115513806,1571945,138567,8110
2026-10-08T23:57:22Z,5154411392,95,30250600,75800,24571,3438
2026-10-08T23:57:22Z,6590563982,62,10432218,85428,27000,3083
2026-10-08T23:57:22Z,9837859228,68,24164140,448578,41496,1770
2026-10-08T23:57:22Z,10030177373,63,14356386,37823,40199,1461
2026-10-08T23:57:22Z,8391342266,68,18034652,101440,39636,3939
2026-10-08T23:57:22Z,9266873836,77,154312734,133894,351583,5921
2026-10-08T23:57:22Z,10421033356,53,16643610,122330,16072,4251
2026-10-08T23:57:22Z,8813012,72,464982258,1857392,781075,92547
2026-10-08T23:57:22Z,1543981493,86,129824219,2505194,68702,13924
2026-10-08T23:57:22Z,4800289647,64,37835429,99990,26848,4564
2026-10-08T23:57:22Z,5866883302,61,59800957,101142,116679,16935
2026-10-08T23:57:22Z,6756738846,62,53092428,3538699,33739,2040
2026-10-08T23:57:22Z,7889679564,62,8141543,45899,15353,1449
2026-10-08T23:57:22Z,10332579362,73,26213951,29258,8174,4016
2026-10-08T23:57:22Z,7688358693,65,40381794,106855,223915,4246
2026-10-08T23:57:22Z,115272207,63,24736877,170685,67784,9473
2026-10-08T23:57:22Z,2768038118,100,78880534,42347,27556,3701
2026-10-08T23:57:22Z,2791229920,59,33732700,110582,184979,6822
2026-10-08T23:57:22Z,4638282337,83,187002076,141982,13617,3148
2026-10-08T23:57:22Z,6361517983,57,26893127,96602,30359,10757
2026-10-08T23:57:22Z,9571037154,64,34202480,58708,68596,3561
2026-10-08T23:57:22Z,9911142766,52,43267933,61527,11355,2256
2026-10-08T23:57:22Z,7479969826,55,47031653,72088,73179,7295
2026-10-08T23:57:22Z,7600851482,55,150833295,166685,228847,16434
2026-10-08T23:57:22Z,10390310565,74,4301228,74631,9419,1478
2026-10-08T23:57:22Z,498792494,46,44599332,152039,37278,7964
2026-10-08T23:57:22Z,4490657706,80,203401065,601765,184133,57805
2026-10-08T23:57:22Z,5341259420,55,387124203,7522895,64928,30055
2026-10-08T23:57:22Z,5447254496,76,67895079,6154965,54080,5335
2026-10-08T23:57:22Z,8639693426,81,42006073,123896,300584,28174
2026-10-08T23:57:22Z,6900677672,55,40312452,52152,20448,1402
2026-10-08T23:57:22Z,10075786862,64,13882314,248354,49233,1140
2026-10-08T23:57:22Z,7042908519,77,3954043,25596,11523,1221
2026-10-08T23:57:22Z,8500639466,69,6459779,34595,19984,2770
2026-10-08T23:57:22Z,9161571268,53,2241330,28660,4359,2010
2026-10-08T23:57:22Z,1914542037,65,12561455,168736,43780,3261
2026-10-08T23:57:22Z,2394934836,89,116216165,728874,124261,10108
2026-10-08T23:57:22Z,2515550066,56,535815106,6332464,927005,49771
2026-10-08T23:57:22Z,2930829678,64,254323045,16605661,23389,12665
2026-10-08T23:57:22Z,4736666911,63,119142643,81683,86238,12628
2026-10-08T23:57:22Z,6182385069,68,3876346,4628,2611,1013
2026-10-08T23:57:22Z,6255392043,51,58130859,1198492,172829,7869
2026-10-08T23:57:22Z,9995470578,81,15827259,24267,11038,5208
2026-10-08T23:57:22Z,10134375742,69,27237475,84536,167828,12302
2026-10-08T23:57:22Z,7843731295,81,3529920,27158,8391,524
2026-10-08T23:57:22Z,29676957,70,90556886,735163,114701,44013
2026-10-08T23:57:22Z,1656465191,69,157623528,655061,191575,21564
2026-10-08T23:57:22Z,2091953627,53,21850948,65742,30718,2152
2026-10-08T23:57:22Z,5001818018,88,21590993,53686,22963,8557
2026-10-08T23:57:22Z,6898956254,74,20159539,157687,53509,5311
2026-10-08T23:57:22Z,6933621657,56,40757525,1762908,29987,4826
2026-10-08T23:57:22Z,9976531812,86,8616855,20089,3429,912
2026-10-08T23:57:22Z,7390175954,54,25906510,30862,10302,3341
2026-10-08T23:57:22Z,6597877862,63,15006933,780546,103039,5694
2026-10-08T23:57:22Z,224422602,57,427180232,2433005,698791,80590
2026-10-08T23:57:22Z,3760156099,53,22024450,42385,10530,2630
2026-10-08T23:57:22Z,5918468057,61,47419288,4650396,10243,2624
2026-10-08T23:57:22Z,6216430180,85,114304551,109261,64516,13295
2026-10-08T23:57:22Z,9913633503,79,41831373,3261813,16599,3498
2026-10-08T23:57:22Z,6858589072,56,179783432,288975,149941,16544
2026-10-08T23:57:22Z,7133320099,52,65032726,81652,186312,30285
2026-10-08T23:57:22Z,10680863064,62,4688212,12847,8681,1493
2026-10-08T23:57:22Z,6839134517,58,47772551,27131,8339,2872
2026-10-08T23:57:22Z,9287923678,53,11561046,121751,132762,3531
2026-10-08T23:57:22Z,9029463012,77,109599054,415010,52900,6705
2026-10-08T23:57:22Z,2598847683,51,97468013,70190,12765,3829
2026-10-08T23:57:22Z,3132369778,51,38931193,77685,23403,7456
2026-10-08T23:57:22Z,3339078226,63,100159801,68763,34146,7686
2026-10-08T23:57:22Z,3854332551,48,109140118,56521,10589,5831
2026-10-08T23:57:22Z,5120885191,57,118240996,724775,213421,18846
2026-10-08T23:57:22Z,6409513651,58,95614067,815104,106477,4274
2026-10-08T23:57:22Z,10013764297,55,18207345,38344,26366,2497
2026-10-08T23:57:22Z,7831131900,68,117669430,119431,96525,9200
2026-10-08T23:57:22Z,9790538284,56,82961497,85264,39505,8333
2026-10-08T23:57:22Z,8974769492,69,20250278,67868,80991,4469
2026-10-08T23:57:22Z,7324958498,64,45243912,4725584,5507,1013
2026-10-08T23:57:22Z,735803076,58,621826156,2652013,689104,89445
2026-10-08T23:57:22Z,1611590046,55,64517540,479847,132254,20572
2026-10-08T23:57:22Z,2330396164,52,8960365,49462,11677,3241
2026-10-08T23:57:22Z,3610374925,68,13011873,44136,15495,3372
2026-10-08T23:57:22Z,4707068422,60,14775790,41897,16854,1802
2026-10-08T23:57:22Z,4923523727,58,3939256,34133,13479,1873
2026-10-08T23:57:22Z,5254185222,95,15908776,188217,16269,5472
2026-10-08T23:57:22Z,6057672550,51,4141914,25646,17679,1952
2026-10-08T23:57:22Z,6668987230,52,40430312,1811316,7350,4525
2026-10-08T23:57:22Z,9185446502,67,27995633,194524,62586,8073
2026-10-08T23:57:22Z,8504871714,76,23662503,19553,3783,2127
2026-10-08T23:57:22Z,6872475669,60,22976791,135892,44222,17296
2026-10-08T23:57:22Z,9556113881,52,39545512,177825,27867,4492
2026-10-08T23:57:22Z,1322426930,58,185149134,436800,79530,13420
2026-10-08T23:57:22Z,3361367174,64,8815031,106612,17700,4089
2026-10-08T23:57:22Z,10333747231,55,28648458,78181,17979,7505
2026-10-08T23:57:22Z,8283479192,59,18453474,1215786,8240,876
2026-10-08T23:57:22Z,9899322847,52,21671990,59925,100572,12862
2026-10-08T23:57:22Z,7264117105,67,22342299,2091581,5404,1346
2026-10-08T23:57:22Z,20587584,52,95703769,524181,163790,25974
2026-10-08T23:57:22Z,171035019,49,1333134122,4889351,1088332,179155
2026-10-08T23:57:22Z,210213771,66,501689873,1540252,540911,60771
2026-10-08T23:57:22Z,4680802582,41,26010670,196033,62239,3830
2026-10-08T23:57:22Z,5321619756,57,68319098,214572,101461,8113
2026-10-08T23:57:22Z,5512092697,70,37981529,474969,42968,10281
2026-10-08T23:57:22Z,6321429881,60,8458412,11534,3158,1311
2026-10-08T23:57:22Z,10253841135,56,15076159,31065,10836,1442
2026-10-08T23:57:22Z,8507372891,56,43325560,1577285,128569,6622
2026-10-08T23:57:22Z,7652753094,55,30398776,136997,55116,18967
2026-10-08T23:57:22Z,653118530,58,189660065,681628,232923,21716
2026-10-08T23:57:22Z,2032465638,62,44816051,509149,183256,22090
2026-10-08T23:57:22Z,2477616476,38,105466028,2509355,98030,26876
2026-10-08T23:57:22Z,3914719246,76,337995426,326784,71875,67461
2026-10-08T23:57:22Z,4991107470,50,80005428,79252,8304,1789
2026-10-08T23:57:22Z,5597104724,61,12902236,41913,11611,2528
2026-10-08T23:57:22Z,7356350779,58,121655803,85199,10814,3106
2026-10-08T23:57:22Z,7915183134,50,49330800,3602498,24953,2740
2026-10-08T23:57:22Z,7243330157,67,20471224,65788,20956,7242
2026-10-08T23:57:22Z,2694371969,51,125351093,277818,71807,29445
2026-10-08T23:57:22Z,3656071129,67,64733024,272153,44030,10960
2026-10-08T23:57:22Z,5130926460,80,41303845,40827,14054,2677
2026-10-08T23:57:22Z,5717515541,66,39003172,42348,23034,7742
2026-10-08T23:57:22Z,6417854155,47,198774989,119255,66597,15498
2026-10-08T23:57:22Z,9906439488,76,3481408,61900,31620,2636
2026-10-08T23:57:22Z,9126204352,58,34026909,55518,65772,1916
2026-10-08T23:57:22Z,7855519248,58,19621804,15004,11878,6775
2026-10-08T23:57:22Z,8343817092,84,9366019,53148,7663,807
2026-10-08T23:57:22Z,7363057857,44,145049320,10117949,71147,10485
2026-10-08T23:57:22Z,10441136920,68,5517035,8004,5684,903
2026-10-08T23:57:22Z,924157032,55,26348549,76562,21510,4635
2026-10-08T23:57:22Z,1349383199,60,60126847,329424,106540,14078
2026-10-08T23:57:22Z,3527688124,45,10807693,54578,17068,2614
2026-10-08T23:57:22Z,3933985529,51,68806221,157817,19157,3347
2026-10-08T23:57:22Z,4388500995,59,65295714,70912,22994,7063
2026-10-08T23:57:22Z,4791585001,76,62919278,539237,201327,12468
2026-10-08T23:57:22Z,4885559763,52,13764025,93720,163099,6368
2026-10-08T23:57:22Z,6329723248,67,57288659,450539,1035,1642
2026-10-08T23:57:22Z,6870184994,53,1444611,3993,1364,381
2026-10-08T23:57:22Z,8180160575,50,56592694,162442,89837,8289
2026-10-08T23:57:22Z,10520062765,57,905380,39871,2448,171
2026-10-08T23:57:22Z,1490130369,61,100162033,528729,168581,43690
2026-10-08T23:57:22Z,2715844182,55,378686316,3404040,593510,42525
2026-10-08T23:57:22Z,3997370929,51,73601452,138985,102021,6283
2026-10-08T23:57:22Z,4065065844,48,124605607,191351,365277,13356
2026-10-08T23:57:22Z,4070221768,52,15412800,36722,43205,3105
2026-10-08T23:57:22Z,4941503535,54,39832252,31206,13872,5638
2026-10-08T23:57:22Z,5245051450,57,21659903,223827,79265,4840
2026-10-08T23:57:22Z,5777634170,64,42524409,688972,50571,7203
2026-10-08T23:57:22Z,6873502822,49,72154245,3215683,508871,18451
2026-10-08T23:57:22Z,10345973434,55,5713942,22014,317,249
2026-10-08T23:57:22Z,7820099744,74,25730259,81070,21538,6395
2026-10-08T23:57:22Z,6648052103,57,13800768,153431,34395,2257
2026-10-08T23:57:22Z,9610561918,49,65551578,2800907,136184,5169
2026-10-08T23:57:22Z,8735635358,53,115705921,224306,464004,22930
2026-10-08T23:57:22Z,65708455,46,26389144,339712,96675,9009
2026-10-08T23:57:22Z,3645561364,45,5179464,46321,5891,1037
2026-10-08T23:57:22Z,3721877077,51,37097708,74113,21911,2500
2026-10-08T23:57:22Z,5663764118,58,4877616,83064,10180,4970
2026-10-08T23:57:22Z,8827949529,76,20341332,1385469,1275,552
2026-10-08T23:57:22Z,6872331463,88,101956978,7451968,79627,3754
2026-10-08T23:57:22Z,10097850807,55,1469563,7047,1376,228
2026-10-08T23:57:22Z,7991338789,48,5293544,85787,24950,2041
2026-10-08T23:57:22Z,185770259,47,84999396,649418,109853,24915
2026-10-08T23:57:22Z,1998877948,52,276971607,909845,355187,24867
2026-10-08T23:57:22Z,2605483903,59,216493724,259880,36767,38828
2026-10-08T23:57:22Z,3305710183,77,192955997,44494,29526,80614
2026-10-08T23:57:22Z,4666344118,52,5242323,106217,38985,3107
2026-10-08T23:57:22Z,9674224595,51,95005656,3409394,140774,8581
2026-10-08T23:57:22Z,7306387107,54,21424974,87202,46311,3099
2026-10-08T23:57:22Z,9257173088,50,4741015,39435,15363,2856
2026-10-08T23:57:22Z,10215335810,71,2803837,2656,1139,256
2026-10-08T23:57:22Z,8070345443,70,121997589,76322,35545,5151
2026-10-08T23:57:22Z,10270331748,61,27072095,243938,10278,2331
2026-10-08T23:57:22Z,9105897479,52,63874064,2128795,140919,3047
2026-10-08T23:57:22Z,7650580161,67,2693903,81256,26274,1414
2026-10-08T23:57:22Z,1512676568,63,99379483,298721,61097,9164
2026-10-08T23:57:22Z,2323699743,78,147869860,583159,228031,26384
2026-10-08T23:57:22Z,2835233972,55,153716780,173793,43457,22751
2026-10-08T23:57:22Z,3245799683,47,37357609,32757,6580,3605
2026-10-08T23:57:22Z,3458415923,62,54322128,134469,40507,3167
2026-10-08T23:57:22Z,4883441943,65,10356579,22400,25171,3831
2026-10-08T23:57:22Z,5682590751,72,162826346,331172,120510,16641
2026-10-08T23:57:22Z,6002149925,77,103293358,1304208,467744,11661
2026-10-08T23:57:22Z,6515096150,53,45332962,1197971,39617,16888
2026-10-08T23:57:22Z,9741799896,47,63109131,3313951,96132,10005
2026-10-08T23:57:22Z,9618795072,52,18991214,69412,251035,4734
2026-10-08T23:57:22Z,6510426771,62,17499375,23116,5452,4459
2026-10-08T23:57:22Z,8464771979,52,13413508,120554,71386,5019
2026-10-08T23:57:22Z,8576015808,57,15282312,56297,11300,2525
2026-10-08T23:57:22Z,7368186615,63,11752114,59828,66892,1626
2026-10-08T23:57:22Z,7880763603,47,43717088,2197101,20233,5782
2026-10-08T23:57:22Z,943242049,62,93708673,185317,83090,32774
2026-10-08T23:57:22Z,3840518707,68,89606703,110266,72457,13997
2026-10-08T23:57:22Z,5100507732,66,12561443,138539,110837,5916
2026-10-08T23:57:22Z,5937860488,72,105415804,320616,206351,9367
2026-10-08T23:57:22Z,10097719800,55,1543885,2028,6443,1130
2026-10-08T23:57:22Z,8333033734,62,39263170,25910,7532,2775
2026-10-08T23:57:22Z,9040771693,53,2594495,329378,240,71
2026-10-08T23:57:22Z,8741232785,54,53859716,121695,296915,6780
2026-10-08T23:57:22Z,10188394289,82,84498673,113469,27509,10203
2026-10-08T23:57:22Z,8809915587,70,11880301,69049,41646,3968
2026-10-08T23:57:22Z,7931043729,69,19844881,40299,5074,1693
2026-10-08T23:57:22Z,10687638113,52,960733,10572,8380,969
2026-10-08T23:57:22Z,9890892152,70,12115111,62119,17014,6015
2026-10-08T23:57:22Z,218535169,62,74628881,204921,47397,7908
2026-10-08T23:57:22Z,736705182,44,14180247,177911,41159,6491
2026-10-08T23:57:22Z,921931373,60,198395332,740464,199634,41125
2026-10-08T23:57:22Z,1895286634,69,17047180,121347,25326,3234
2026-10-08T23:57:22Z,4061212064,63,103715096,3514470,13348,6382
2026-10-08T23:57:22Z,4958197536,70,9122001,53801,19300,3152
2026-10-08T23:57:22Z,6618224782,69,19319276,1506071,41363,1158
2026-10-08T23:57:22Z,1489026993,3095,2693273405,4371320,1026054,110809
2026-10-08T23:57:22Z,1492036164,142,83691415,218888,59051,9927
2026-10-08T23:57:22Z,1494262959,1775,366712467,826162,370457,122158
2026-10-08T23:57:22Z,1499870257,290,127486708,973095,261685,66510
2026-10-08T23:57:22Z,1511883870,3298,2731065498,3078436,2243863,145928
2026-10-08T23:57:22Z,1516533665,17858,14399831309,12261399,4062167,435258
2026-10-08T23:57:22Z,1522593851,218,31812890,380146,85917,13493
2026-10-08T23:57:22Z,1525626450,5465,340589986,887103,396630,22654
2026-10-08T23:57:22Z,1526814825,6214,1125269323,4424646,1109327,106142
2026-10-08T23:57:22Z,1527252839,439,605267459,2879684,82819,23606
2026-10-08T23:57:22Z,1531130248,3485,532222980,859475,363958,43666
2026-10-08T23:57:22Z,1536694921,237,480534752,1470506,228158,28139
2026-10-08T23:57:22Z,1568965904,97,95715508,183078,27353,10861
2026-10-08T23:57:22Z,1578260208,114,26302339,280538,98062,12372
2026-10-08T23:57:22Z,1578560485,0,3355544,8599,4068,1605
2026-10-08T23:57:22Z,1586272220,189,33154524,199659,73020,18415
2026-10-08T23:57:22Z,1609765104,108,82442118,208805,74397,19591
2026-10-08T23:57:22Z,1612857454,136,47958612,42000,20461,8403
2026-10-08T23:57:22Z,1617185934,188,15420017,36422,12185,5615
2026-10-08T23:57:22Z,1617287243,1107,626667753,935273,190524,38678
2026-10-08T23:57:22Z,1638323641,1296,354898968,1386139,331060,44165
2026-10-08T23:57:22Z,1640395061,263,16958132,16208,2666,1022
2026-10-08T23:57:22Z,1644397618,139,58030608,253326,55947,4845
2026-10-08T23:57:22Z,1645606267,163,428400016,1024799,148933,22211
2026-10-08T23:57:22Z,1648467492,1115,58829022,67182,17644,8095
2026-10-08T23:57:22Z,1648496580,2354,239733034,279632,73492,17004
2026-10-08T23:57:22Z,1650291138,532,1001805378,1515122,825539,131745
2026-10-08T23:57:22Z,1651278324,99,354661364,1072759,273135,28684
2026-10-08T23:57:22Z,1654971928,545,33488680,73057,26442,4956
2026-10-08T23:57:22Z,1659645941,542,2358609027,3408427,1242253,140798
2026-10-08T23:57:22Z,1668992109,2270,814592823,1046440,324242,66236
2026-10-08T23:57:22Z,1673554668,976,110220152,224899,54636,12176
2026-10-08T23:57:22Z,1673768711,122,13624264,10893,7994,1061
2026-10-08T23:57:22Z,1685325039,128,194914311,3851678,37204,11426
2026-10-08T23:57:22Z,1686885941,320507,88346082210,30382143,8622834,1416527
2026-10-08T23:57:22Z,1698069706,133,128030711,293967,50594,18369
2026-10-08T23:57:22Z,1699553764,356,298957329,710844,191033,49832
2026-10-08T23:57:22Z,1701332290,4481,1280226239,1823732,348032,99032
2026-10-08T23:57:22Z,1701518532,252,124584889,2091647,43376,6203
2026-10-08T23:57:22Z,1701623492,300,4040717937,2817509,765975,212177
2026-10-08T23:57:22Z,1707552920,560,299167809,935347,288802,40354
2026-10-08T23:57:22Z,1709832923,497,1254832524,3579928,1051783,53743
2026-10-08T23:57:22Z,1709917610,1824,264601415,1074006,406859,45246
2026-10-08T23:57:22Z,1718755273,576,86597284,322365,136606,45280
2026-10-08T23:57:22Z,1718942224,63,57844983,157467,35597,10108
2026-10-08T23:57:22Z,1719305066,425,154802028,377459,133964,13830
2026-10-08T23:57:22Z,1720936166,1700,7935011449,2319749,1494878,129154
2026-10-08T23:57:22Z,1722988797,142,79702184,493516,126081,16454
2026-10-08T23:57:22Z,1724021330,130,1488090893,2071310,434117,69603
2026-10-08T23:57:22Z,1733898268,300,51630611,327948,63855,4296
2026-10-08T23:57:22Z,7009714292,399,87090943,458114,96192,11832
2026-10-08T23:57:22Z,7015341259,2175,45084864,31826,20160,3967
2026-10-08T23:57:22Z,7018190066,12641,6594782889,6130837,3348940,268815
2026-10-08T23:57:22Z,7023305701,243,526199152,36196085,398227,47472
2026-10-08T23:57:22Z,7023488558,301,140609219,179980,90297,17730
2026-10-08T23:57:22Z,7028566528,7954,1149068175,2237810,7123947,124437
2026-10-08T23:57:22Z,7030416430,406,95472231,7823584,545979,68991
2026-10-08T23:57:22Z,7037673488,511,5106939,5839,5331,1001
2026-10-08T23:57:22Z,7037902226,573,20949325,122712,49185,5951
2026-10-08T23:57:22Z,7041101865,121,9047825,28254,7862,1590
2026-10-08T23:57:22Z,7051852656,184,51886756,3804452,12884,2560
2026-10-08T23:57:22Z,7058980030,4033,634196314,1060082,679983,34486
2026-10-08T23:57:22Z,7061783500,124,61429535,1257568,165920,8657
2026-10-08T23:57:22Z,7062617545,90,73261800,87267,142297,42189
2026-10-08T23:57:22Z,7069852763,759,127514877,203985,69372,13317
2026-10-08T23:57:22Z,7071645746,124,73344017,3072423,181671,4488
2026-10-08T23:57:22Z,7072184688,140,4250781,51653,14051,2420
2026-10-08T23:57:22Z,7072674902,116,41341769,245374,54911,9512
2026-10-08T23:57:22Z,7073604286,1253,431643697,447161,39930,32599
2026-10-08T23:57:22Z,7074860883,215,1012990325,2740925,1292218,41387
2026-10-08T23:57:22Z,7076793942,371,88195454,215921,523748,16357
2026-10-08T23:57:22Z,7079152534,293,75962795,4131660,89165,12841
2026-10-08T23:57:22Z,7081611770,3444,239545476,5218334,24502,7487
2026-10-08T23:57:22Z,7082244450,369,47229649,187326,39584,5478
2026-10-08T23:57:22Z,7082423811,1035,302278770,1591210,329330,16856
2026-10-08T23:57:22Z,7084172542,186,1997011,41033,12436,1243
2026-10-08T23:57:22Z,7088784977,124,54817312,314250,53070,4711
2026-10-08T23:57:22Z,7089588429,8566,630202128,3132169,193263,8841
2026-10-08T23:57:22Z,7091353712,180,18344513,50681,13070,4772
2026-10-08T23:57:22Z,7091388561,328,133809397,119709,167128,14262
2026-10-08T23:57:22Z,7094518649,5603,376295775,903951,392676,19349
2026-10-08T23:57:22Z,7101140819,578,32791421,118372,60363,9322
2026-10-08T23:57:22Z,7108384194,8347,401622956,720922,136315,22763
2026-10-08T23:57:22Z,7113599041,117,9414660,125850,18610,627
2026-10-08T23:57:22Z,7113705633,454,19687723,475780,361662,8355
2026-10-08T23:57:22Z,7114126212,140,72366713,2037636,58559,5084
2026-10-08T23:57:22Z,7114667385,978,80599925,66692,6445,1498
2026-10-08T23:57:22Z,7115773109,1050,283515761,1037803,636613,37343
2026-10-08T23:57:22Z,7118588325,147,78891743,285771,211924,15742
2026-10-08T23:57:22Z,7120911607,531,81738256,528464,110410,6382
2026-10-08T23:57:22Z,7126976930,172,106756398,73021,6396,690
2026-10-08T23:57:22Z,7127084123,2410,161538188,345375,157298,15340
2026-10-08T23:57:22Z,7128163167,543,82731744,139883,33849,4505
2026-10-08T23:57:22Z,7128251171,1129,103066076,236584,197891,17055
2026-10-08T23:57:22Z,7139435866,529,44150038,2806394,4422,1848
2026-10-08T23:57:22Z,7139547730,332,54400516,904520,90608,6180
2026-10-08T23:57:22Z,7142584993,119,30517205,483809,20790,615
2026-10-08T23:57:22Z,7143545906,551,89786842,216126,261895,17245
2026-10-08T23:57:22Z,7144947546,342,34432064,108570,21055,5100
2026-10-08T23:57:22Z,7145230420,240,52011105,1047262,6167,4469
2026-10-08T23:57:22Z,9292113306,369,42256226,304752,5840,2637
2026-10-08T23:57:22Z,9293574407,287,59435879,4210443,45733,3435
2026-10-08T23:57:22Z,9294074907,10927,586013089,653645,220852,30240
2026-10-08T23:57:22Z,9294646427,865,112246859,285985,526921,14038
2026-10-08T23:57:22Z,9296042754,2875,88747641,421723,190575,4430
2026-10-08T23:57:22Z,9296252245,3765,247896863,15205734,248191,12355
2026-10-08T23:57:22Z,9296280806,214,54778345,58748,17646,28466
2026-10-08T23:57:22Z,9297902951,387,29654329,408084,155515,22726
2026-10-08T23:57:22Z,9298096434,3468,13745334,158100,55034,5410
2026-10-08T23:57:22Z,9299166304,114,35749759,1203478,107724,7170
2026-10-08T23:57:22Z,9303771057,980,103690683,1929966,32425,11273
2026-10-08T23:57:22Z,9310246727,131,8846877,30469,12897,4159
2026-10-08T23:57:22Z,9312646406,1957,204144626,994946,175153,12374
2026-10-08T23:57:22Z,9312746495,667,19621716,120650,16836,1789
2026-10-08T23:57:22Z,9312830998,132,67423002,122003,77988,2542
2026-10-08T23:57:22Z,9315472782,98,26792065,152015,24605,1687
2026-10-08T23:57:22Z,9315739469,334,90038049,97851,14555,4838
2026-10-08T23:57:22Z,9316885643,161,226288372,6721667,32125,4510
2026-10-08T23:57:22Z,9317784977,1043,143299837,1320219,148013,20130
2026-10-08T23:57:22Z,9320470390,607,195029589,258162,103006,9157
2026-10-08T23:57:22Z,9320646231,89,528866,67102,2646,611
2026-10-08T23:57:22Z,9324081218,135,9001355,42282,12673,4145
2026-10-08T23:57:22Z,9324506782,418,16331830,89823,60685,5644
2026-10-08T23:57:22Z,9328305853,434,36163057,816537,76724,4244
2026-10-08T23:57:22Z,9330616906,149,69949447,2337043,133595,6320
2026-10-08T23:57:22Z,9330730057,1698,299540143,276731,219944,11588
2026-10-08T23:57:22Z,9338511689,131,36804072,10698,11666,1996
2026-10-08T23:57:22Z,9338696299,103,2459674,9907,3388,929
2026-10-08T23:57:22Z,9344307274,377,589735276,419696,686176,43091
2026-10-08T23:57:22Z,9344916045,700,85278146,220004,47508,3361
2026-10-08T23:57:22Z,9348272796,5650,748941835,690446,442516,21240
2026-10-08T23:57:22Z,9351808693,76,31887706,710462,51304,1613
2026-10-08T23:57:22Z,9352840896,307,36975772,1010741,21607,5279
2026-10-08T23:57:22Z,9354709602,218,60680097,823524,294977,6240
2026-10-08T23:57:22Z,9355540807,190,25292285,23185,3983,3108
2026-10-08T23:57:22Z,9357218675,130,44751435,3474914,34074,1161
2026-10-08T23:57:22Z,9357486806,169,3448792,43907,12784,3971
2026-10-08T23:57:22Z,9362896961,3040,158458842,222686,598089,9234
2026-10-08T23:57:22Z,9363735110,4364,5729417405,2066127,1941904,394013
2026-10-08T23:57:22Z,9364041968,880,65249631,565493,27237,5757
2026-10-08T23:57:22Z,9372077571,91,15709391,69760,36220,2247
2026-10-08T23:57:22Z,9382839773,1580,35968570,89111,287391,3341
2026-10-08T23:57:22Z,9384605736,972,1049701168,17277694,2720939,110913
2026-10-08T23:57:22Z,9387269684,158,94814001,146909,39233,13277
2026-10-08T23:57:22Z,9395278151,1944,36531131,1637350,12981,2461
2026-10-08T23:57:22Z,9395554342,194,4564678,404417,1216,565
2026-10-08T23:57:22Z,9399884981,2629,205293507,1061571,67673,4457
2026-10-08T23:57:22Z,9403708294,338,96074726,74396,41964,14823
2026-10-08T23:57:22Z,9404155369,311,49372818,3185797,50117,2092
2026-10-08T23:57:22Z,9409870130,219,23850837,290858,27690,3221
2026-10-08T23:57:22Z,10320417842,1576,7899697,198524,25059,818
2026-10-08T23:57:22Z,10321202755,6191,53733128,492958,173059,2944
2026-10-08T23:57:22Z,10324001605,1563,20545751,491887,100846,2524
2026-10-08T23:57:22Z,10326559245,572,2981041,9514,6479,279
2026-10-08T23:57:22Z,10329213173,304,31602481,41415,38246,2245
2026-10-08T23:57:22Z,10329489265,9883,37544207,2745703,4830,954
2026-10-08T23:57:22Z,10329995185,325,30729810,445142,172140,4679
2026-10-08T23:57:22Z,10334731049,380,59841520,296794,81042,6119
2026-10-08T23:57:22Z,10335443723,2180,23545771,1234722,16845,5026
2026-10-08T23:57:22Z,10335507006,818,1778140,186775,8704,359
2026-10-08T23:57:22Z,10336278580,1589,44579396,1183601,317999,3527
2026-10-08T23:57:22Z,10337069275,168,7337646,65790,40036,3569
2026-10-08T23:57:22Z,10337157761,322,20977484,1220943,16900,952
2026-10-08T23:57:22Z,10338952197,3927,116770324,7265007,383165,8508
2026-10-08T23:57:22Z,10340194375,206,20865042,1604816,21588,3295
2026-10-08T23:57:22Z,10340721921,203,11020204,36395,47436,2498
2026-10-08T23:57:22Z,10341337656,206,3964559,20552,4063,1042
2026-10-08T23:57:22Z,10342857565,119,27814505,36633,7867,2810
2026-10-08T23:57:22Z,10343795685,483,22656288,52283,9400,2296
2026-10-08T23:57:22Z,10346503194,214,22942672,95060,55847,1363
2026-10-08T23:57:22Z,10348973621,186,18929448,35855,10923,1257
2026-10-08T23:57:22Z,10350558449,946,30048040,630061,22881,2054
2026-10-08T23:57:22Z,10351246089,307,4555516,85099,8890,2595
2026-10-08T23:57:22Z,10351850295,3080,38405256,1187335,10893,3401
2026-10-08T23:57:22Z,10352185757,460,36097439,202991,56811,5605
2026-10-08T23:57:22Z,10354167851,205,12284536,28254,7332,1574
2026-10-08T23:57:22Z,10356701370,573,95611165,388913,275888,13760
2026-10-08T23:57:22Z,10357992717,204,73494644,191196,54280,2499
2026-10-08T23:57:22Z,10364552556,668,6044573,176386,26873,1157
2026-10-08T23:57:22Z,10364947962,353,14793218,22284,10188,1074
2026-10-08T23:57:22Z,10368005384,449,38819406,192058,533634,6053
2026-10-08T23:57:22Z,10370802481,3662,112803993,339083,25332,9271
2026-10-08T23:57:22Z,10371406677,5591,19534091,79021,52831,1087
2026-10-08T23:57:22Z,10372351735,310,41779850,92711,167306,3264
2026-10-08T23:57:22Z,10372466625,432,29087353,63547,33805,17661
2026-10-08T23:57:22Z,10376944238,3500,60310500,327761,543228,11091
2026-10-08T23:57:22Z,10378885079,966,82065886,43522,15810,5118
2026-10-08T23:57:22Z,10380743712,2010,12244291,39548,3280,1129
2026-10-08T23:57:22Z,10381830868,310,4987999,21769,6074,439
2026-10-08T23:57:22Z,10383037602,777,26965659,1688044,8126,1067
2026-10-08T23:57:22Z,10383973024,641,32223720,1130990,32010,1768
2026-10-08T23:57:22Z,10384841418,628,88356279,2376094,71825,6330
2026-10-08T23:57:22Z,10384890234,477,18566355,33249,7193,1287
2026-10-08T23:57:22Z,10387635049,2845,9406330,454079,11305,1162
2026-10-08T23:57:22Z,10388509406,76,9870313,56479,27703,1431
2026-10-08T23:57:22Z,10389353525,439,13350298,78859,31435,2239
2026-10-08T23:57:22Z,10389762549,1453,968603,9282,12683,342
2026-10-08T23:57:22Z,10390151142,1095,10857009,36198,11786,2013
2026-10-08T23:57:22Z,10390633859,84,17345882,1307633,11473,556
2026-10-08T23:57:22Z,10391036163,2403,8271749,174381,16713,2259
2026-10-08T23:57:22Z,8500855560,85,11859799,1779066,711,736
2026-10-08T23:57:22Z,9860357119,85,4328234,45760,28586,4037
2026-10-08T23:57:22Z,7173965273,91,12815732,63239,17571,2907
2026-10-08T23:57:22Z,6571312976,85,105347139,10525580,35398,3754
2026-10-08T23:57:22Z,3599169498,64,75107618,5263517,7915,4371
2026-10-08T23:57:22Z,10479788072,101,5637681,28515,5309,965
2026-10-08T23:57:22Z,6927866228,116,98513703,715096,85869,4118
2026-10-08T23:57:22Z,2133174191,98,113982674,381162,65391,20062
2026-10-08T23:57:22Z,6102954168,86,13619802,1811020,27368,13648
2026-10-08T23:57:22Z,2766122154,116,27881186,43141,16108,9086
2026-10-08T23:57:22Z,10088821187,113,22586370,1085841,6676,2292
2026-10-08T23:57:22Z,481618399,136,90972050,142390,38833,13019
2026-10-08T23:57:22Z,1704127601,79,40411841,549998,100055,4731
2026-10-08T23:57:22Z,2607768444,101,120983416,403483,136749,22038
2026-10-08T23:57:22Z,5775855331,90,39393662,31515,12560,2979
2026-10-08T23:57:22Z,10418505887,104,6784250,91734,17808,1740
2026-10-08T23:57:22Z,9566251256,83,16320136,1713549,19738,9774
2026-10-08T23:57:22Z,9852148017,83,14467472,216624,5462,1408
2026-10-08T23:57:22Z,4199391951,129,11904941,32782,10364,3859
2026-10-08T23:57:22Z,5616424765,77,33423645,1319622,56108,3598
2026-10-08T23:57:22Z,1669861051,107,17774008,99296,25696,3320
2026-10-08T23:57:22Z,7320026403,70,130293455,217754,24974,6676
2026-10-08T23:57:22Z,9827937904,58,14562028,24759,3534,1729
2026-10-08T23:57:22Z,3388012996,102,21028616,12651,4459,2405
2026-10-08T23:57:22Z,9643304628,61,20194550,1110889,23721,1317
2026-10-08T23:57:22Z,1731729355,102,178456639,109757,25673,6424
2026-10-08T23:57:22Z,1739980248,134,134967514,434762,175398,52730
2026-10-08T23:57:22Z,10399712766,94,30054651,72896,87459,1806
2026-10-08T23:57:22Z,9083680687,100,89952636,3174670,28544,6923
2026-10-08T23:57:22Z,10758034175,142,8510744,310833,23779,2569
2026-10-08T23:57:22Z,10520859168,94,5925532,34976,24871,3762
2026-10-08T23:57:22Z,7741686902,89,11223743,22029,5492,1220
2026-10-08T23:57:22Z,1083350597,95,663777133,1099891,223158,56484
2026-10-08T23:57:22Z,1831129397,100,115399254,500683,140465,16514
2026-10-08T23:57:22Z,2444192854,104,23781311,123264,30768,6060
2026-10-08T23:57:22Z,9527851429,108,96391697,111592,190253,12681
2026-10-08T23:57:22Z,6736155852,111,6705429,8948,1482,1268
2026-10-08T23:57:22Z,394602509,63,208460150,1285735,220802,37178
2026-10-08T23:57:22Z,4015966375,73,21652520,97861,35947,5122
2026-10-08T23:57:22Z,9893653327,89,9230020,109371,3780,2134
2026-10-08T23:57:22Z,7717590013,88,9342214,291325,17735,1734
2026-10-08T23:57:22Z,10523101954,118,18385802,83320,24146,3823
2026-10-08T23:57:22Z,7204130482,67,121317148,7883755,86213,7313
2026-10-08T23:57:22Z,7819250997,113,10138279,81665,15522,2567
2026-10-08T23:57:22Z,31450932,97,51430605,325016,81640,9570
2026-10-08T23:57:22Z,7733436648,94,42632751,2776524,23469,1265
2026-10-08T23:57:22Z,9975944610,102,4721546,60827,3105,648
2026-10-08T23:57:22Z,10666192800,103,4084453,47890,17947,4907
2026-10-08T23:57:22Z,7070825031,106,35045308,2147446,26790,3066
2026-10-08T23:57:22Z,9339430298,100,3292860,3983,1761,351
