date,universe_id,samples,avg_ccu,peak_ccu,low_ccu,visits_end,visits_gained,favorites_end,favorites_gained,up_votes,down_votes,like_ratio
2026-10-07,10563114921,3,1270278.7,1622921,961486,7128784550,101977916,7048444,77753,3273125,276554,0.9221
2026-10-07,1686885941,3,261692.0,320040,174308,88317844274,19553182,30366527,10827,8619976,1416007,0.8589
2026-10-07,383310974,3,168330.3,200702,133687,44974390900,7840696,29715402,3377,9534546,1513159,0.863
2026-10-07,7326934954,3,164874.7,218653,125934,29921435998,12427756,9805011,10007,5440899,571789,0.9049
2026-10-07,994732206,3,155423.7,206585,114108,64854736830,10452805,20039398,3333,12746317,1065482,0.9229
2026-10-07,66654135,3,148406.0,180909,91498,31114370395,17918560,24386411,9261,10730192,1083624,0.9083
2026-10-07,6035872082,3,109056.0,151269,66993,18578596849,12345138,94096483,62244,10722425,723160,0.9368
2026-10-07,5569032992,3,103650.3,119602,72295,7564467601,8783533,4690231,2203,1720415,248605,0.8737
2026-10-07,3508322461,3,97640.3,120477,56093,7523586471,8550866,3083032,2718,2629883,420625,0.8621
2026-10-07,7709344486,3,86496.3,96801,79832,73853872177,9111357,29498979,3814,15449870,2691426,0.8516
2026-10-07,10035204815,3,81422.3,112988,52130,324333704,7442406,325786,6309,399816,13801,0.9666
2026-10-07,10765288803,3,80592.3,124137,43513,38244482,5745772,222719,22896,145794,3091,0.9792
2026-10-07,9584852943,3,76776.3,105691,32564,6334588065,16736579,6962061,13463,9911989,320570,0.9687
2026-10-07,6701277882,3,73688.0,76124,70843,4771277627,1069307,1287927,310,1345021,278819,0.8283
2026-10-07,10764627709,3,73059.0,91113,47984,40000457,6658895,97170,14354,78475,8956,0.8976
2026-10-07,5595353122,3,67674.0,74301,54821,112459926,2459549,495968,2751,918029,20294,0.9784
2026-10-07,10708913337,3,63341.0,69335,60055,75880695,3213639,140245,2586,569536,4130,0.9928
2026-10-07,5750914919,3,59739.0,71177,49984,4988222796,2506134,3665790,1285,3042336,309299,0.9077
2026-10-07,3317771874,3,55855.0,57332,54235,2660918507,804789,2204078,208,3069297,170494,0.9474
2026-10-07,2711375305,3,49519.7,61257,35981,8051535574,5875110,5897128,3521,3026584,203163,0.9371
2026-10-07,6739698191,3,46442.3,70759,24977,1541435879,3496143,1652056,2287,765806,56011,0.9318
2026-10-07,5203828273,3,44482.0,54142,29608,11115497430,4096538,7551170,6332,4019210,418776,0.9056
2026-10-07,6331902150,3,42273.0,51023,30807,5788884077,2924198,3231534,928,2390761,440978,0.8443
2026-10-07,3808081382,2,42169.5,51889,32450,19367906919,2989164,7691392,1308,5316248,1029913,0.8377
2026-10-07,2440500124,3,40410.3,50506,23808,7841420799,4533694,8248131,3517,4725127,354683,0.9302
2026-10-07,6931042565,3,38209.3,49750,28377,3937543269,3613389,5453828,10644,2572392,129938,0.9519
2026-10-07,10155360168,3,36523.3,43889,22691,144784571,3435578,236286,2538,88564,13783,0.8653
2026-10-07,10684750879,3,35162.3,46359,25954,63570439,1932574,2708432,57626,134399,4517,0.9675
2026-10-07,10765298801,3,34593.3,46961,26233,18155278,2369687,684203,86820,30800,1084,0.966
2026-10-07,7219654364,3,34151.0,63738,18342,1887802332,3716606,16707133,807,267441,39166,0.8723
2026-10-07,5361032378,3,31905.3,33284,30417,2217507169,1187629,1023571,253,1423866,134060,0.9139
2026-10-07,3647333358,3,31659.3,44960,23869,9271376894,3377517,8299344,2450,3241219,210953,0.9389
2026-10-07,10685282333,3,30106.3,41403,22088,84576964,3372383,135700,3981,214235,27415,0.8866
2026-10-07,703124385,3,28268.0,39360,19951,29088323322,8137158,12032840,2164,4365926,1565727,0.736
2026-10-07,10148749921,3,27160.3,33392,21253,2401463869,2733226,3129384,2974,1320605,89472,0.9365
2026-10-07,2668101271,3,26145.3,37608,20072,3601728340,3025272,2580633,1639,949157,231832,0.8037
2026-10-07,3240075297,3,25826.3,40999,13786,8819175242,2545190,3656715,1561,1146864,186091,0.8604
2026-10-07,601130232,3,25462.0,27037,23668,4594923478,1330333,6544505,469,3034114,139867,0.9559
2026-10-07,5578556129,3,22961.3,24219,22168,2060884053,658407,1998008,166,2589236,87358,0.9674
2026-10-07,6765805766,3,22125.0,24529,19006,1277697975,1712025,989046,337,277147,75589,0.7857
2026-10-07,10767825538,3,21198.0,38247,5243,9615556,1972298,54271,6113,20013,991,0.9528
2026-10-07,7089588429,3,20849.7,34120,1921,628050226,1984262,3124295,6193,192860,8815,0.9563
2026-10-07,6521100398,3,20782.7,25045,13663,349945028,1444855,591305,2547,268979,13993,0.9505
2026-10-07,4839802560,3,20752.0,29037,10704,4013032839,1833601,15788838,8069,944977,100529,0.9038
2026-10-07,10766056678,3,20597.7,27529,14280,13483625,2107565,247725,211100,18071,1179,0.9388
2026-10-07,10512942223,3,19774.3,25476,16130,6458865,1748377,31818,7439,37414,919,0.976
2026-10-07,10436530264,3,19250.7,23496,16915,12745859,921487,264821,11933,38806,1504,0.9627
2026-10-07,5995470825,3,19211.7,23824,14944,1336085288,1903080,22165743,45687,1870804,109619,0.9446
2026-10-07,10258991999,3,19175.0,24345,15371,61116596,1061087,862135,5921,161444,8019,0.9527
2026-10-07,9534705677,3,18292.3,24717,13682,304067321,1722551,2998364,37434,288275,25849,0.9177
2026-10-07,10767634248,3,18196.3,25176,12734,3886161,1495376,17716,6493,3758,318,0.922
2026-10-07,1202096104,3,17312.7,20777,14151,3341548045,1463659,31781707,819,2536985,190732,0.9301
2026-10-07,2619619496,3,17231.3,19111,13582,11753945344,1865940,4633816,529,2479878,533857,0.8229
2026-10-07,10744310825,3,16720.7,24388,11489,19975929,1366005,1174449,2534,8039,3089,0.7224
2026-10-07,648454481,3,16659.3,16961,16266,1324467620,559836,1511335,148,1073451,121616,0.8982
2026-10-07,4949420752,3,16561.3,23619,7368,1693255046,1984817,806437,1113,493861,90142,0.8456
2026-10-07,7436755782,3,15715.3,20300,12434,35960125312,1064748,11438439,714,9435694,1054853,0.8994
2026-10-07,10765012427,3,15574.3,19081,11456,32032742,1408199,146201,5140,98442,5115,0.9506
2026-10-07,10741654282,3,15387.7,18452,9333,47485768,940408,1115859,11566,245956,4972,0.9802
2026-10-07,4777817887,3,15302.0,18512,10905,6473335015,1378133,12993349,2093,8455276,591630,0.9346
2026-10-07,10765686447,3,15047.7,18688,12436,10884011,1376448,57510,5226,22210,1180,0.9496
2026-10-07,1831550657,3,14841.3,16651,11268,2249146560,904943,11284525,3169,1415337,116065,0.9242
2026-10-07,8178086002,3,14598.7,17267,12341,80930263,1828903,232850,3484,64688,4405,0.9362
2026-10-07,10675117523,3,14239.7,14873,13551,12857432,573272,110162,861,23329,1100,0.955
2026-10-07,9978329815,3,14208.7,17913,12234,510861905,1551783,1077823,2458,294748,22750,0.9283
2026-10-07,9294074907,3,13791.3,19805,10651,583765506,2001219,651072,2322,220354,30152,0.8796
2026-10-07,10681914462,3,13766.7,18017,10747,108974066,1857669,294241,4446,280167,13509,0.954
2026-10-07,7554119808,3,13729.7,15929,11227,445782466,1290444,5553802,10406,159734,15589,0.9111
2026-10-07,10766721625,3,13571.7,18852,10377,12078892,1176244,683640,53079,9349,596,0.9401
2026-10-07,4342047058,3,13405.7,17213,8424,606916688,776174,1326543,601,524478,32732,0.9413
2026-10-07,10460801145,3,13220.0,17066,11183,211487652,1724537,235295,1837,77582,12605,0.8602
2026-10-07,10004244222,3,13101.3,16810,8491,1904689821,1494352,26554165,15857,1300707,68161,0.9502
2026-10-07,10261267004,3,12990.3,14378,11445,127660194,538602,376307,968,125532,7178,0.9459
2026-10-07,10282097014,3,12944.0,15586,10267,3540540,642701,69801,10793,26189,1291,0.953
2026-10-07,10630800860,3,12920.0,18213,8481,52988570,1547700,1514495,12808,6858,6606,0.5094
2026-10-07,578392296,3,12884.7,14798,11802,1345476628,752612,1004978,203,515262,123176,0.8071
2026-10-07,10766506199,3,12840.0,15961,9031,24782845,1822533,92504,5616,9888,3500,0.7386
2026-10-07,10502841145,3,12619.3,12983,12412,105083372,676049,127414,382,37767,1334,0.9659
2026-10-07,372226183,3,12458.0,19421,6883,6055561951,1328320,9718008,795,2802931,240574,0.921
2026-10-07,10756011174,3,12395.0,15265,9177,96571212,1007151,224095,1800,370237,15932,0.9587
2026-10-07,1516533665,3,12098.0,17062,6952,14397946094,1271837,12260094,843,4061415,435205,0.9032
2026-10-07,6325068386,3,12078.7,14721,7929,4985597937,1072589,6284160,1070,10237891,356947,0.9663
2026-10-07,4983034985,3,11968.7,16583,5996,293111225,901658,872942,1499,120799,28356,0.8099
2026-10-07,4658598196,3,11932.7,13112,10116,1152928657,722135,1503959,856,1422243,59680,0.9597
2026-10-07,10768565603,3,11887.7,15941,7244,2326981,1292250,7885,3678,4070,3915,0.5097
2026-10-07,10763764817,3,11751.0,17756,6623,28456469,982560,1076513,23411,15502,2886,0.843
2026-10-07,7018190066,3,11649.3,13040,9729,6593617494,847061,6129744,731,3348586,268766,0.9257
2026-10-07,10690360998,3,11626.3,29835,1876,102385858,419844,124727,331,93858,6419,0.936
2026-10-07,88070565,3,11582.0,15795,8996,10120123337,626052,14007334,498,5638432,733836,0.8848
2026-10-07,9167377564,3,11430.7,13934,8263,383573141,827802,9011889,16459,660641,19539,0.9713
2026-10-07,10399136326,3,11288.7,15450,8428,109658482,1122026,174158,1282,97826,12901,0.8835
2026-10-07,10765637643,2,11041.0,12281,9801,3132310,458655,783280,82437,5290,358,0.9366
2026-10-07,10550257968,3,10955.0,14279,8422,28780686,1340214,904119,29630,10254,3977,0.7205
2026-10-07,10768023539,3,10910.7,16438,4915,10615311,1083791,60788,4572,10174,870,0.9212
2026-10-07,7395930870,3,10737.7,12314,7637,470352675,772062,504385,1016,358353,20419,0.9461
2026-10-07,9641502068,3,10506.3,14858,7752,120755066,1473537,229704,2192,284202,19000,0.9373
2026-10-07,9855761734,3,10498.7,14123,7069,213396121,752464,294912,900,146008,24584,0.8559
2026-10-07,9796898051,3,10417.3,13154,7906,68907579,531219,1048227,7525,84757,6947,0.9242
2026-10-07,9199655655,3,10342.0,12048,8389,263642339,654428,746480,709,498622,63133,0.8876
2026-10-07,210851291,3,10335.7,13667,6958,5219953832,688635,8539041,678,3659439,259230,0.9338
2026-10-07,4049246711,2,10314.5,15687,4942,929387531,788769,621235,716,227435,124669,0.6459
2026-10-07,6774320049,3,10237.7,12555,6190,278836946,861745,960888,1481,86331,11848,0.8793
2026-10-07,8719555347,3,10218.3,13101,7041,437376858,1004723,637793,1376,224598,18022,0.9257
2026-10-07,10764897725,3,10122.7,14570,6926,32233097,1051214,1484783,39644,141049,3323,0.977
2026-10-07,3310460039,3,10093.0,13944,7702,4723914179,1400429,105229893,1158,405276,263458,0.606
2026-10-07,10765582175,3,10079.3,12916,8124,3403403,797762,38995,6121,32516,3477,0.9034
2026-10-07,10673920146,3,9921.3,12651,7836,5224787,1210770,105613,24041,22532,763,0.9672
2026-10-07,10767408330,3,9812.3,12243,7399,5965570,1008872,18311,2494,15802,984,0.9414
2026-10-07,10700618962,3,9682.7,10619,7999,11779683,670967,291590,10068,29633,513,0.983
2026-10-07,1176784616,3,9659.3,11769,7069,5003758020,921271,3518948,456,2077719,129103,0.9415
2026-10-07,7633926880,3,9617.3,13705,5828,288490292,932852,957749,6177,616581,34655,0.9468
2026-10-07,10173311467,3,9543.0,11991,6741,93274866,758567,882959,2980,510938,12715,0.9757
2026-10-07,5283219861,3,9441.7,13090,5780,368905399,1201984,297388,1431,76572,10496,0.8795
2026-10-07,9561553764,3,9431.7,12580,6889,268534347,1370845,225161,891,258700,17550,0.9365
2026-10-07,10766138478,3,9372.3,12965,6100,17565759,807176,937765,42106,22603,610,0.9737
2026-10-07,10765153945,3,9293.0,12502,7447,10246081,881671,28731,2141,7384,809,0.9013
2026-10-07,10561166339,3,9241.7,13206,7139,3115625,508992,134787,20714,6060,334,0.9478
2026-10-07,1852226622,3,9110.3,10721,6188,3000067827,487902,2748523,464,730259,198685,0.7861
2026-10-07,6176333237,3,9018.3,13989,333,119116169,432070,43509,207,8773,986,0.899
2026-10-07,2936053166,3,8874.0,10195,6455,2273671511,1514155,1866796,1537,1521199,101645,0.9374
2026-10-07,10732236937,3,8860.7,9577,7567,34447850,635371,68798,643,40493,3536,0.9197
2026-10-07,10634461028,3,8818.3,13214,4310,75422994,1477649,93760,1458,45930,5736,0.889
2026-10-07,7398552394,3,8767.7,12457,4579,260862719,680112,403002,747,132414,15635,0.8944
2026-10-07,1000233041,3,8748.7,10866,6446,3316910370,526260,5807746,789,2005267,180581,0.9174
2026-10-07,7008097940,3,8702.3,9609,7481,3344708678,756204,22405110,5112,1247380,327320,0.7921
2026-10-07,7585140258,3,8651.0,10430,7411,143911848,809939,657493,2125,398087,15778,0.9619
2026-10-07,4730278139,3,8555.0,11493,5872,1458117242,828823,1369119,557,1398410,207433,0.8708
2026-10-07,10767922762,3,8539.7,11724,2700,1118856,501945,56020,32060,5361,588,0.9012
2026-10-07,4540138978,3,8355.3,11238,6687,2374338122,661680,67374319,15835,328970,50051,0.8679
2026-10-07,9491545867,3,8241.0,11998,5852,129110885,760136,1278409,9367,29737,6698,0.8162
2026-10-07,10766008884,3,8224.3,10692,6345,7518452,662200,38718,3259,26495,739,0.9729
2026-10-07,7613921865,3,8194.7,9087,7743,802139697,621599,211876,80,271651,12184,0.9571
2026-10-07,10667357873,3,8170.0,10979,5386,12962711,696155,193031,10780,31162,1493,0.9543
2026-10-07,4723764956,3,8156.7,11027,5130,597018799,560159,934811,704,521470,35067,0.937
2026-10-07,9837612476,3,8155.3,9210,6801,351922054,424133,1244478,943,794298,28939,0.9648
2026-10-07,7108384194,3,8092.3,10798,5229,400370762,936584,719655,907,135946,22710,0.8569
2026-10-07,4293374620,3,7963.0,10197,4470,1577105218,1022949,1105973,820,461470,105490,0.8139
2026-10-07,10765490774,2,7832.0,10764,4900,2246411,203322,6264,643,6168,92,0.9853
2026-10-07,7094518649,3,7828.3,9157,6051,375843054,368538,903175,754,392336,19328,0.953
2026-10-07,10539411000,3,7731.3,9798,6183,220772259,583222,347917,797,132402,19958,0.869
2026-10-07,2783797267,3,7728.3,10745,4916,713573515,866532,8203361,24201,377011,45338,0.8927
2026-10-07,10767566226,1,7721.0,7721,7721,1602657,0,6446,0,1947,97,0.9525
2026-10-07,10741514942,3,7657.3,9614,5634,4276645,478109,62910,6831,3627,788,0.8215
2026-10-07,2992873140,3,7638.0,13154,1871,1439987577,695383,1036009,392,494891,82693,0.8568
2026-10-07,10116272705,3,7615.7,7744,7424,3351273,299846,7220,505,23084,681,0.9713
2026-10-07,10529769390,3,7611.0,9567,6435,25770876,515289,17263,212,11207,2834,0.7982
2026-10-07,1526814825,3,7559.7,10116,4782,1124648930,477007,4423152,1173,1108946,106108,0.9127
2026-10-07,10766725034,3,7494.3,10101,5177,15006001,1134073,37524,2433,5648,4081,0.5805
2026-10-07,10753751277,3,7489.0,9905,4956,18293914,669451,1692905,47696,48062,2217,0.9559
2026-10-07,9970645639,3,7481.7,8437,6902,125550295,385218,765442,1354,539323,7087,0.987
2026-10-07,9091133975,3,7476.7,19122,1420,463908205,241582,1289320,269,1231721,24686,0.9804
2026-10-07,10665420648,3,7444.3,8627,5833,14398974,822646,152542,9566,176389,4457,0.9754
2026-10-07,10636331438,3,7418.7,8183,5897,9452847,451359,307530,10303,71945,1263,0.9827
2026-10-07,10740316645,3,7398.7,8372,6058,5268514,389701,20822,1381,51158,672,0.987
2026-10-07,10764221401,3,7334.7,9498,4830,2928947,613246,377948,82327,9189,422,0.9561
2026-10-07,6945584306,3,7315.3,10574,4488,585976961,519461,654799,425,1613406,53638,0.9678
2026-10-07,10765013362,3,7236.3,8034,6621,6410820,377714,12607,410,4904,587,0.8931
2026-10-07,9363735110,3,7228.3,14915,2312,5728785164,435240,2065594,351,1941862,393880,0.8314
2026-10-07,10624691669,3,7185.3,8323,5920,140441751,2065372,407432,3320,80591,14313,0.8492
2026-10-07,10230942274,3,7159.0,9539,5308,99566532,572506,213937,1164,239057,18214,0.9292
2026-10-07,5650396773,3,7140.7,9375,5849,2578256522,807612,2319239,852,2030450,224006,0.9006
2026-10-07,3945578236,2,7079.5,9758,4401,111766025,495794,105997,746,27982,12787,0.6864
2026-10-07,10701628624,3,7063.7,8385,4768,24464845,877820,376086,12771,9368,2216,0.8087
2026-10-07,4750561026,3,7016.0,8383,4810,50118007,452597,330812,2420,197469,22046,0.8996
2026-10-07,6504986360,3,6954.3,7047,6878,609629540,227127,292082,88,494682,16382,0.9679
2026-10-07,10766240516,3,6918.0,10470,4839,1470147,476820,115287,31154,2398,244,0.9076
2026-10-07,9051406594,3,6912.0,8404,6114,398324026,1389310,7765209,20837,2058706,76840,0.964
2026-10-07,2851381018,3,6889.3,9443,4915,865210217,761218,1444022,1054,669095,45127,0.9368
2026-10-07,1016936714,3,6878.3,9487,4158,2267083974,792422,1970418,226,1451065,181965,0.8886
2026-10-07,7028566528,3,6824.7,7293,5906,1148399161,458763,2236837,689,7122198,124368,0.9828
2026-10-07,10737986845,3,6795.0,9311,4898,3876374,545341,126430,14128,3913,411,0.9049
2026-10-07,5039839070,3,6758.3,10557,4615,355253609,332165,521324,388,304773,40901,0.8817
2026-10-07,4348829796,3,6752.3,8692,4295,2715318140,848243,11603878,5255,570992,105530,0.844
2026-10-07,10039889230,3,6745.7,9547,2963,6194915,306771,41136,1694,26133,1128,0.9586
2026-10-07,7488668004,3,6720.3,8202,5798,351488722,486333,453811,717,140780,11692,0.9233
2026-10-07,10767012496,3,6696.3,10951,2513,14638064,1576404,42542,5304,15436,1850,0.893
2026-10-07,10057403337,3,6694.3,8935,5468,236348008,957066,8801327,18653,78961,11265,0.8751
2026-10-07,10321202755,3,6690.7,6931,6483,53540061,146081,491057,1623,172608,2929,0.9833
2026-10-07,10222476236,3,6687.3,7769,4815,41832726,495291,160357,1653,69331,5281,0.9292
2026-10-07,4452297356,3,6686.7,9057,4508,772931817,407409,874709,556,259676,28539,0.901
2026-10-07,4420562665,3,6681.3,8671,5162,92415180,614135,379957,5181,80048,8030,0.9088
2026-10-07,6443367640,3,6655.7,8702,5614,716609398,592196,6981297,4967,254975,20653,0.9251
2026-10-07,9880286438,3,6523.3,7134,6196,25836235,385651,65824,441,84868,2578,0.9705
2026-10-07,321778215,3,6404.0,8163,5007,10462222749,343379,13329234,251,3264552,534998,0.8592
2026-10-07,10526853622,3,6337.3,6676,5770,9205845,350372,156424,2737,27259,916,0.9675
2026-10-07,10765312940,3,6308.0,9273,3474,4121364,383710,8704,692,4504,280,0.9415
2026-10-07,10762388019,3,6272.3,8372,4131,28056760,1049902,111786,3091,215437,16481,0.9289
2026-10-07,10762757054,3,6092.7,8044,5100,18176571,774751,62666,1961,21733,5740,0.7911
2026-10-07,10648820673,3,6075.7,10752,1426,72871493,453185,1740135,8406,141019,3581,0.9752
2026-10-07,1235188606,3,6012.3,7117,5097,1730089209,401898,14549391,128,1117438,78724,0.9342
2026-10-07,65241,3,5957.0,6632,5217,4502155621,933190,11888510,1134,4412867,448795,0.9077
2026-10-07,9098570654,3,5939.7,7087,5323,269473936,302660,454365,687,193782,12100,0.9412
2026-10-07,10532995815,3,5934.7,6756,5373,8030009,309662,201966,4678,63645,1498,0.977
2026-10-07,10278774552,3,5865.0,7162,4431,202532702,646793,349098,808,67313,18484,0.7846
2026-10-07,184199275,3,5832.3,10118,2309,991844659,497875,1925359,957,571062,62063,0.902
2026-10-07,10553704684,3,5801.3,7395,4611,5855953,535555,311027,29232,20395,1681,0.9239
2026-10-07,9931749389,3,5800.0,6427,5070,150929035,546318,245271,1251,164062,6179,0.9637
2026-10-07,10126644530,3,5794.3,9336,1342,1271585,235799,8097,820,10456,80,0.9924
2026-10-07,2471084,3,5737.7,7160,4354,1332429585,428159,4648252,392,2034452,285445,0.877
2026-10-07,10144280947,3,5732.7,6901,3431,627884261,791078,11955556,10773,2015394,44714,0.9783
2026-10-07,9296252245,3,5690.3,7744,4318,247064123,834297,15173281,43898,247353,12309,0.9526
2026-10-07,3308103880,3,5672.0,6683,3714,1837982428,600687,2117690,1562,493865,77312,0.8646
2026-10-07,10765067592,3,5652.3,7144,3876,2010799,253214,32794,3639,4812,541,0.8989
2026-10-07,10608856704,3,5625.0,7563,3494,8238993,703173,456618,27689,63707,1016,0.9843
2026-10-07,245662005,3,5572.3,6536,4240,8067010937,560390,18677159,376,5804597,811758,0.8773
2026-10-07,10421901778,3,5547.7,6404,4535,21088406,314423,111353,1324,41020,2170,0.9498
2026-10-07,2380077519,3,5510.3,6424,3701,3653750199,650094,4663270,883,1958230,317469,0.8605
2026-10-07,10144587520,3,5502.7,6936,4556,83160691,320714,2127519,6645,104887,2726,0.9747
2026-10-07,8342498724,3,5432.0,7437,2662,55256873,287668,109673,313,80414,3204,0.9617
2026-10-07,5720553711,3,5428.0,6626,3583,766998731,475738,3177763,3424,242378,22587,0.9148
2026-10-07,7883776681,3,5417.7,7880,3802,573589390,614352,4744667,4155,1206661,64517,0.9492
2026-10-07,10767824942,3,5391.0,7341,4198,1005975,314022,101226,28548,2482,141,0.9462
2026-10-07,73885730,3,5381.7,6055,4037,3044717862,611884,6008878,587,1539234,270631,0.8505
2026-10-07,10696894951,3,5355.7,7720,3620,20923520,943178,33393,2001,10708,1991,0.8432
2026-10-07,10138624079,3,5354.7,6720,4522,127922140,565451,163551,783,111722,2969,0.9741
2026-10-07,6682487255,3,5323.3,5532,5158,521773968,414581,232495,79,426236,10897,0.9751
2026-10-07,10759638075,3,5299.7,5691,4829,4947489,214098,150560,1897,72264,1075,0.9853
2026-10-07,10768176407,3,5292.3,7130,3506,1101181,411901,8474,3203,3277,411,0.8886
2026-10-07,7856039629,3,5290.3,6645,3331,78067675,721581,2241211,14884,42312,5257,0.8895
2026-10-07,10739112966,3,5257.0,6589,2610,2787610,510751,21502,2983,2368,683,0.7761
2026-10-07,10764297006,3,5201.3,6534,3058,40756618,2122914,27606,1342,16505,3735,0.8155
2026-10-07,7629331599,3,5176.3,6172,4489,267447966,222232,481456,512,336028,12498,0.9641
2026-10-07,1268927906,3,5159.3,5390,4919,2309851665,237787,2608364,300,1165240,155249,0.8824
2026-10-07,10767582899,3,5109.3,6994,3117,964064,206811,10957,1905,4063,1129,0.7826
2026-10-07,4689722433,3,5099.7,6823,3241,626157645,463082,770639,1019,238104,23380,0.9106
2026-10-07,7178032757,3,5094.7,5277,4977,245805863,179689,152591,41,232214,5912,0.9752
2026-10-07,6760085372,3,5031.3,5280,4623,127111317,169874,212007,254,223045,11005,0.953
2026-10-07,5166944221,3,5016.3,6024,4132,1635636928,353765,1770829,418,2981097,121570,0.9608
2026-10-07,1451439645,3,4993.3,6638,3854,4063123280,286659,2772469,155,1696238,158085,0.9147
2026-10-07,903807016,3,4967.7,7158,3122,1597435811,414298,2852360,374,1185848,119787,0.9083
2026-10-07,2274830359,3,4962.3,6153,4089,3040453809,684624,2073198,801,311510,104146,0.7494
2026-10-07,8813969120,3,4953.7,6101,4127,46382830,499243,132396,1196,95520,3380,0.9658
2026-10-07,10199301628,3,4946.3,6448,4061,439038196,596528,2066288,2085,775940,42803,0.9477
2026-10-07,3541611379,3,4929.0,6109,3511,417182081,392560,338195,160,333963,20161,0.9431
2026-10-07,6749060816,3,4918.3,6066,3884,293324458,365130,1917586,1578,303196,60699,0.8332
2026-10-07,10526463655,3,4798.0,6168,3715,14483443,664125,30406,954,6583,2402,0.7327
2026-10-07,7996365376,3,4769.3,5889,2814,448391781,555535,489702,481,206451,28111,0.8802
2026-10-07,10496189928,3,4726.7,6260,2957,6748575,399988,15720,940,1926,879,0.6866
2026-10-07,4987856151,3,4698.7,6008,3717,127667148,356439,531097,1140,376327,12300,0.9684
2026-10-07,10764839604,3,4687.3,6611,3238,6194284,386225,35140,1632,26958,644,0.9767
2026-10-07,8401518398,3,4673.0,6276,2633,120556397,554668,108062,641,21152,8336,0.7173
2026-10-07,10759337137,3,4640.0,5814,3994,36929671,340073,370352,2159,180584,5266,0.9717
2026-10-07,9490116046,3,4626.3,5481,3786,146727209,433886,6546537,14055,10352,5523,0.6521
2026-10-07,10765190004,3,4614.3,6008,3704,3465372,271502,15836,871,4236,967,0.8141
2026-10-07,10415694629,3,4580.3,4922,3966,25425233,456900,123806,2415,21657,2819,0.8848
2026-10-07,10371406677,3,4574.0,6361,3588,18506468,462230,75333,1420,50787,1026,0.9802
2026-10-07,10717199977,3,4553.7,5666,3977,15209778,414863,365988,9134,7490,1414,0.8412
2026-10-07,9891331827,3,4549.7,5086,3758,2105236,332411,109850,14319,51291,1672,0.9684
2026-10-07,10628223804,3,4498.0,5722,3306,12071963,288014,6185,79,15423,902,0.9447
2026-10-07,9296042754,3,4455.0,6488,3187,88210152,459437,419009,2352,189430,4407,0.9773
2026-10-07,8307114974,3,4441.0,5264,3304,400188117,777667,255456,264,100973,16528,0.8593
2026-10-07,3085257211,3,4438.3,5753,3157,5137266343,909578,3871471,1093,1537862,303791,0.835
2026-10-07,10761687472,3,4433.7,6916,2782,134817397,1084862,454810,2050,99225,13515,0.8801
2026-10-07,10338952197,3,4424.0,4945,3862,116484395,236199,7260598,4425,382700,8489,0.9783
2026-10-07,547524060,3,4422.0,5589,2816,1469353102,423488,2288557,714,469883,42867,0.9164
2026-10-07,10226261982,3,4416.0,5705,3710,10008684,264425,365133,8744,126341,1260,0.9901
2026-10-07,1278035280,3,4396.3,5823,2779,782518509,263117,1518485,563,501573,37308,0.9308
2026-10-07,9592387369,3,4396.0,6127,2911,64177651,600587,198230,1415,84496,19821,0.81
2026-10-07,3012965062,3,4395.3,5350,2920,681876415,383190,6504408,9386,563628,53680,0.913
2026-10-07,2360092394,3,4386.3,6586,2327,345486547,334425,9059233,7398,147391,15782,0.9033
2026-10-07,4165164803,3,4359.7,5712,2255,568083713,443302,571754,456,183612,57061,0.7629
2026-10-07,7948426536,3,4332.7,5473,3311,60109626,759002,117415,1476,14191,1708,0.8926
2026-10-07,9826885587,3,4322.7,5281,3539,153764804,211960,362300,609,306869,8852,0.972
2026-10-07,2435789930,3,4277.3,5395,3502,2944095021,597279,2338454,953,875962,106584,0.8915
2026-10-07,2822776643,3,4275.0,5831,3372,144756398,546939,241058,1040,157717,15055,0.9129
2026-10-07,10552240401,3,4274.3,4384,4156,6121353,131146,97029,117,23265,858,0.9644
2026-10-07,3730079862,3,4251.3,4839,3666,60337855,313302,492006,818,163170,14246,0.9197
2026-10-07,9348272796,3,4237.0,5680,3084,748212829,471995,689655,412,442252,21209,0.9542
2026-10-07,7822444776,3,4229.3,5720,3043,765432698,452021,496984,557,204567,34896,0.8543
2026-10-07,10759478428,3,4216.7,5640,3257,3916090,334633,148808,12707,37880,746,0.9807
2026-10-07,10752743876,3,4209.0,5191,2937,5381767,309556,225283,10196,3253,518,0.8626
2026-10-07,10766578375,3,4207.0,4847,3130,3863228,310868,35075,2356,7042,517,0.9316
2026-10-07,10765902945,3,4206.7,4236,4181,727335,124447,1523,150,1911,70,0.9647
2026-10-07,10643795368,3,4198.3,4487,3936,12202375,218635,59103,373,26647,3525,0.8832
2026-10-07,10534873486,3,4177.0,7048,2627,10855993,301094,341873,437,7335,700,0.9129
2026-10-07,10765629147,3,4148.3,5894,2956,4787909,396541,6460,553,1274,179,0.8768
2026-10-07,10189903609,3,4129.0,4402,3736,88420168,474699,144891,705,88593,8342,0.9139
2026-10-07,371263894,3,4107.0,5827,3098,1468879842,314017,2701361,262,1060819,146402,0.8787
2026-10-07,1489026993,3,4083.0,5283,3024,2692846527,356372,4370811,518,1025913,110798,0.9025
2026-10-07,9872734936,3,4066.7,4720,3145,54507127,348450,121210,681,49637,6396,0.8859
2026-10-07,10759430423,3,4037.7,4902,3127,4133002,161638,115578,2583,9966,381,0.9632
2026-10-07,4170977322,3,4036.3,5646,2600,317820854,373197,15946970,19892,359096,31033,0.9205
2026-10-07,10759518799,3,3995.0,5116,3022,10158389,647201,99105,5226,11422,965,0.9221
2026-10-07,10698216738,3,3982.0,5493,2857,30491408,329103,113169,874,143292,3471,0.9763
2026-10-07,10714746778,3,3967.0,4588,3152,17510101,544679,725018,19930,121882,4061,0.9678
2026-10-07,9145063979,3,3966.0,4856,3094,591730063,486817,614586,635,1127202,25616,0.9778
2026-10-07,10766135603,3,3958.0,5310,3127,4132658,250493,290287,11705,10120,418,0.9603
2026-10-07,5666473198,3,3952.3,6293,1649,443764032,514324,142952,163,106257,19085,0.8477
2026-10-07,4924789901,3,3945.0,4922,3144,119516886,211949,173914,184,37632,5410,0.8743
2026-10-07,10766395909,3,3943.3,4863,2616,2659420,324007,29316,3204,10509,693,0.9381
2026-10-07,79301772,3,3926.3,5278,3005,504631178,189359,2001280,275,400729,99022,0.8019
2026-10-07,7274244096,3,3906.3,5173,3056,157279016,321125,940237,308,91550,8409,0.9159
2026-10-07,10737656087,3,3905.7,5704,1493,5811094,276390,14442,367,9475,727,0.9287
2026-10-07,10766309747,3,3899.0,4798,2325,7624834,477260,28163,1577,30091,872,0.9718
2026-10-07,10254680421,3,3890.7,5286,2713,91248622,665908,2429308,18661,27740,6740,0.8045
2026-10-07,10764640833,3,3875.0,5534,2585,20636170,710789,60963,1796,12942,3144,0.8046
2026-10-07,10393438342,3,3813.3,5396,3010,19740393,370141,16765,184,16156,1327,0.9241
2026-10-07,10031505426,3,3810.0,5098,3108,46138896,337768,1797415,14345,207279,5912,0.9723
2026-10-07,10758397570,3,3806.0,5114,2891,14228837,387171,29532,671,14217,364,0.975
2026-10-07,7474367816,3,3799.3,5221,2646,1118415315,345307,1434775,730,1300999,36649,0.9726
2026-10-07,10767628417,3,3798.3,4571,2903,692668,224158,16338,5529,4275,328,0.9287
2026-10-07,6635513269,3,3794.7,5029,2203,13054201,592123,95484,3027,142089,3728,0.9744
2026-10-07,8160348242,3,3785.7,4949,1907,211899412,597866,4770062,13616,144487,15353,0.9039
2026-10-07,10403820097,3,3782.0,4834,2084,40849273,691797,1491778,21497,14935,5166,0.743
2026-10-07,1054526971,3,3773.7,4908,2772,631498140,313451,1716250,407,618333,67742,0.9013
2026-10-07,7703614594,3,3773.7,4746,3147,810001925,323845,483510,178,1428218,25851,0.9822
2026-10-07,6324644175,3,3770.0,4265,2913,68036945,405788,362569,1479,153056,20275,0.883
2026-10-07,9965411707,3,3686.3,4016,3173,48317608,143878,76987,39,73949,2926,0.9619
2026-10-07,10521797740,3,3683.7,4119,2869,56750029,321174,118074,614,67890,15632,0.8128
2026-10-07,4568630521,3,3655.0,4163,2816,1747295075,361576,1622878,337,1132808,191866,0.8552
2026-10-07,10399125962,3,3634.3,4431,2323,125007758,550015,217568,891,36251,22800,0.6139
2026-10-07,8520148363,3,3631.3,4273,2842,266068552,325889,3337951,2605,678598,79692,0.8949
2026-10-07,10764479526,3,3631.3,6002,1772,36351783,292697,381395,1987,291595,5836,0.9804
2026-10-07,10764533320,3,3627.3,4681,2069,27239293,521836,82208,1281,67209,8034,0.8932
2026-10-07,6353751159,3,3612.7,4677,1697,136516307,278457,228719,679,106365,5414,0.9516
2026-10-07,5265857965,3,3609.3,4871,2807,509603086,349490,5781316,5309,476684,72698,0.8677
2026-10-07,9480281767,3,3602.7,5163,2007,29072185,171706,139288,630,18882,4652,0.8023
2026-10-07,10765032875,3,3600.7,5101,2319,8196908,397478,12326,506,1445,296,0.83
2026-10-07,8791358380,3,3591.3,4935,2287,465627191,395493,14072896,15572,296993,15843,0.9494
2026-10-07,4925331346,3,3589.3,3981,2927,329405026,227273,517161,455,236279,9694,0.9606
2026-10-07,10603675889,3,3578.0,4043,2899,2130324,203804,13054,909,1471,380,0.7947
2026-10-07,4523856444,3,3556.3,4249,2403,1365397691,390481,1740030,598,1634462,180309,0.9006
2026-10-07,4850044287,3,3543.0,3873,3090,722489744,344459,1464488,541,188688,32316,0.8538
2026-10-07,10244001346,3,3525.3,4415,2695,122276307,496574,130252,633,34538,3026,0.9194
2026-10-07,10765751583,3,3518.7,5574,1212,3829048,522701,15161,937,4920,863,0.8508
2026-10-07,3990106548,2,3506.0,4223,2789,1873280872,371311,6416895,463,478867,96266,0.8326
2026-10-07,2682938349,3,3486.0,4806,1980,682156517,292451,661380,153,252615,21264,0.9224
2026-10-07,10096155511,3,3482.0,4993,2616,68000425,353421,160694,777,50034,5874,0.8949
2026-10-07,1525626450,3,3480.0,5171,2229,340087619,334252,886324,535,396238,22628,0.946
2026-10-07,10765950109,3,3477.7,4248,2364,3486874,271884,25592,1107,7141,1011,0.876
2026-10-07,10601155553,3,3439.3,4605,1796,32037411,721170,186784,3336,124344,5553,0.9573
2026-10-07,10131390815,3,3437.3,4104,2377,91454605,168488,145819,144,191865,4676,0.9762
2026-10-07,21164849,3,3433.3,4779,2097,804955925,338679,2038255,14926,877641,63436,0.9326
2026-10-07,9825259729,2,3420.0,6417,423,20810656,78521,151516,176,51169,6212,0.8917
2026-10-07,10768202113,1,3405.0,3405,3405,1347770,0,15489,0,3440,362,0.9048
2026-10-07,10756780270,3,3402.7,4795,2618,4718319,393867,11458,3949,797,219,0.7844
2026-10-07,10123059921,3,3402.3,3927,2372,198552319,693375,568097,2026,184655,9950,0.9489
2026-10-07,10430019389,3,3402.0,3726,3085,10795313,244373,280975,3178,147529,2654,0.9823
2026-10-07,9949148856,3,3400.0,4330,2512,5749166,279392,879484,37604,1506,435,0.7759
2026-10-07,9957338123,3,3399.3,4183,2406,57126783,574434,71790,684,7094,2355,0.7508
2026-10-07,5254920366,3,3393.3,4153,2934,1155575763,475190,1043026,770,295244,51055,0.8526
2026-10-07,6017624138,3,3372.7,5672,1925,132549839,241413,810933,996,41269,4187,0.9079
2026-10-07,10766687030,3,3369.7,4318,2111,5815164,468051,18822,1340,9907,2508,0.798
2026-10-07,2549475383,3,3362.0,4411,1792,5502375330,297011,57590167,9227,1332723,150762,0.8984
2026-10-07,9472441390,3,3331.3,4230,2724,294371721,631772,283318,850,215443,9193,0.9591
2026-10-07,10631775021,3,3327.0,5290,1980,3653605,123634,60459,6083,3988,362,0.9168
2026-10-07,10090256806,3,3323.0,4016,2016,55348636,386555,687190,2606,195802,19183,0.9108
2026-10-07,10289201563,3,3321.3,4458,2438,84932650,433921,184243,961,17835,4909,0.7842
2026-10-07,7434179990,3,3292.3,4310,2492,256497377,286300,8962191,8899,390247,13317,0.967
2026-10-07,2640407187,3,3290.0,5461,1170,542824614,214348,429426,168,167366,26314,0.8641
2026-10-07,7058980030,3,3289.0,3732,2749,633629752,410478,1059049,678,679565,34461,0.9517
2026-10-07,10766142497,3,3283.0,4063,1762,1548410,315372,13888,2464,1667,281,0.8557
2026-10-07,10223976219,3,3277.7,4106,2743,50858443,317668,96711,542,65645,7199,0.9012
2026-10-07,6385532960,3,3274.0,3309,3215,27114915,87037,100012,118,49988,3026,0.9429
2026-10-07,10767698786,3,3272.7,4524,1984,3243539,164582,1396,40,2572,233,0.9169
2026-10-07,10766812776,3,3271.7,5127,1601,1412388,456200,7537,1702,2568,104,0.9611
2026-10-07,9582986239,3,3269.7,3336,3151,16887667,149861,72595,213,37941,1994,0.9501
2026-10-07,47545,3,3260.3,3688,2638,5610465033,320345,13608547,724,3467003,264622,0.9291
2026-10-07,9362896961,3,3251.7,3313,3216,158273561,136738,222626,50,598052,9232,0.9848
2026-10-07,2754593977,3,3247.3,4280,2622,755648317,350894,1000866,496,210752,34094,0.8608
2026-10-07,10424107160,3,3240.3,4274,2551,4313159,384418,40152,2403,8472,484,0.946
2026-10-07,10764980068,3,3234.0,3891,2111,3558351,381712,17263,1746,19067,541,0.9724
2026-10-07,3754482795,2,3232.0,4099,2365,1300072019,210334,4620304,880,354113,44284,0.8888
2026-10-07,1281592938,3,3225.0,4267,2302,314490343,288573,2599373,3498,471346,39662,0.9224
2026-10-07,10765906597,3,3211.3,3803,2363,2137193,293021,8957,959,9976,475,0.9545
2026-10-07,10628526114,3,3198.0,4037,2247,5957555,231767,20891,496,17662,396,0.9781
2026-10-07,6010232141,3,3176.3,4134,1918,385099489,345954,359341,422,100125,30557,0.7662
2026-10-07,10310999762,3,3168.7,4389,2311,30972145,318285,46537,354,41658,1611,0.9628
2026-10-07,10748543623,3,3167.3,3761,2600,1565060,175152,47614,3263,39093,609,0.9847
2026-10-07,10329489265,3,3165.3,4185,2209,36721671,362073,2687254,21182,4756,932,0.8361
2026-10-07,7685678300,3,3154.0,4380,1089,286144125,274641,763589,592,334756,20526,0.9422
2026-10-07,10246108265,3,3151.3,3973,2564,22119789,207659,162438,1335,93634,3239,0.9666
2026-10-07,10757498504,3,3148.7,4448,2305,13463217,306222,38776,837,19859,659,0.9679
2026-10-07,10764706572,3,3145.3,4065,1980,4366568,497001,9122,995,5231,1528,0.7739
2026-10-07,10308844888,3,3133.7,4350,2034,2288956,462590,3496,704,416,95,0.8141
2026-10-07,4778845442,3,3115.7,4221,2517,6191535601,263559,1541094,112,1346705,227213,0.8556
2026-10-07,10739044772,3,3083.3,3909,2465,8015350,289837,185705,3988,53154,828,0.9847
2026-10-07,7497471789,3,3068.7,3423,2542,95052916,289951,307981,538,150406,5141,0.9669
2026-10-07,10690942083,3,3064.7,3900,1560,10995370,311119,13449,394,3430,852,0.801
2026-10-07,8539298853,3,3038.7,3799,1865,1301095062,326968,1831129,707,383404,43188,0.8988
2026-10-07,1648496580,3,3034.3,3928,2538,239420766,276527,279062,483,73416,16984,0.8121
2026-10-07,10566677406,3,3026.0,3158,2796,6269087,119422,139603,1095,22650,2666,0.8947
2026-10-07,7127084123,3,3024.0,4203,2307,161264087,220509,344709,471,157116,15317,0.9112
2026-10-07,10766390665,3,3018.3,4802,1302,2348486,336684,37794,5641,6053,1328,0.8201
2026-10-07,3187874989,3,3013.0,4098,2316,188995413,227982,252221,229,86014,14516,0.8556
2026-10-07,6015491985,3,3009.7,4685,1601,380211081,394256,231728,437,89252,11705,0.8841
2026-10-07,6170143659,3,3002.0,3422,2562,874582073,488219,1240259,552,351735,16124,0.9562
2026-10-07,4518160318,3,2993.7,3858,2082,658225820,218143,1205846,579,722294,21987,0.9705
2026-10-07,10743048214,3,2988.7,4160,2302,1108084,164160,24281,3840,8393,336,0.9615
2026-10-07,9584946743,3,2988.0,3178,2693,38932070,178931,289557,464,125772,2379,0.9814
2026-10-07,6583326485,3,2980.7,4258,2262,140281609,296511,223883,756,92619,22908,0.8017
2026-10-07,9910245722,3,2980.0,4137,2005,323718573,456891,1491420,4083,507700,9674,0.9813
2026-10-07,6466404775,3,2956.7,3090,2721,78739560,143333,142129,206,252856,12019,0.9546
2026-10-07,10067258922,3,2954.3,4318,1871,108471438,267828,6859193,21076,399899,4575,0.9887
2026-10-07,5239362765,3,2952.7,3457,2222,398511219,385249,504515,625,170509,70032,0.7089
2026-10-07,10767138232,3,2952.7,3932,1129,752734,327188,9284,4429,435,53,0.8914
2026-10-07,3359505957,3,2939.7,3006,2847,210418548,29230,329110,68,126493,9918,0.9273
2026-10-07,4793836769,3,2938.7,3387,2684,316508486,172031,6647055,1808,987304,25125,0.9752
2026-10-07,10209534490,3,2938.7,3367,2232,124463958,259841,399302,470,1145007,12031,0.9896
2026-10-07,10310563053,3,2934.3,3454,2050,50127387,447467,77877,675,75240,18063,0.8064
2026-10-07,5451143054,3,2929.7,3670,2089,255956622,259227,3596190,3383,262105,55343,0.8257
2026-10-07,10475794799,3,2927.3,3853,2209,124105803,259068,1738190,1996,245175,8883,0.965
2026-10-07,10764613327,3,2923.0,4093,1776,3888197,610737,33145,4011,4701,1457,0.7634
2026-10-07,2583564222,3,2908.7,3655,2476,1120609772,389469,4163461,5525,362776,85744,0.8088
2026-10-07,10431718987,3,2900.3,3224,2264,43495325,220488,108639,466,130013,4179,0.9689
2026-10-07,10269820836,3,2899.3,3892,1827,28744764,166911,9926,28,11442,1963,0.8536
2026-10-07,9520692022,3,2888.3,3584,2130,8120622,429980,625344,14131,2788,4339,0.3912
2026-10-07,10577682617,3,2876.7,4457,1420,36948967,331196,87313,618,39705,4031,0.9078
2026-10-07,8752324161,3,2875.7,3683,2462,236006034,298512,135117,380,22184,10469,0.6794
2026-10-07,4673599750,3,2874.0,4140,1054,559541444,433052,517880,1351,192243,28636,0.8704
2026-10-07,9940812243,3,2855.3,3009,2745,15598432,89936,167603,402,29938,941,0.9695
2026-10-07,10197758650,3,2855.3,4489,1463,16047941,110193,349864,1803,14787,947,0.9398
2026-10-07,10520829450,3,2842.0,3388,1938,39328839,451422,66965,756,34566,2216,0.9398
2026-10-07,4998493959,3,2840.0,3787,2178,263016906,450923,19690751,28739,6374,4386,0.5924
2026-10-07,9780429221,3,2821.0,3409,1760,81586948,379837,1277480,5122,55532,11968,0.8227
2026-10-07,9741874508,3,2819.3,3451,1639,112628222,278183,5821112,11161,81684,6038,0.9312
2026-10-07,4944984948,3,2818.3,3759,2342,306355085,411194,181359,510,8771,4077,0.6827
2026-10-07,2369077151,3,2805.3,3397,2358,429805458,293995,11364769,6085,456349,18449,0.9611
2026-10-07,10717002748,3,2801.7,3296,1967,9976691,199327,390041,6199,94508,3677,0.9626
2026-10-07,5026122481,3,2799.7,3577,2172,274592097,620112,898482,1888,167062,17612,0.9046
2026-10-07,31970568,3,2787.7,3344,1965,1621714388,148616,6099177,261,2083582,256879,0.8902
2026-10-07,10065013948,3,2772.7,3727,2023,76266870,278838,119747,512,133024,8624,0.9391
2026-10-07,2157872230,3,2763.3,3450,2015,1296078391,356680,2179818,481,633806,171643,0.7869
2026-10-07,2589957623,3,2761.3,3796,2193,638612432,412587,9009242,7241,123147,19090,0.8658
2026-10-07,4669328522,3,2757.7,3626,2157,400092157,447591,222729,548,44694,14059,0.7607
2026-10-07,10635348596,3,2745.7,2954,2524,24721483,312174,136729,1109,17870,2256,0.8879
2026-10-07,10127797448,3,2744.7,3889,1986,225118320,476076,6099974,13554,49389,8363,0.8552
2026-10-07,10612017628,3,2742.0,3254,2231,11164393,211110,509574,7033,25350,992,0.9623
2026-10-07,10741792653,3,2734.7,2852,2551,11618697,315193,100656,2276,28197,917,0.9685
2026-10-07,6128091457,3,2729.7,3497,2208,399433579,439185,44210440,39500,157157,11473,0.932
2026-10-07,2765784373,3,2729.3,3053,2259,91441708,231096,536576,450,212178,13873,0.9386
2026-10-07,10577588270,3,2728.7,2969,2383,41563282,169535,636906,201,150327,3632,0.9764
2026-10-07,10320417842,1,2711.0,2711,2711,7679937,0,195164,0,24668,800,0.9686
2026-10-07,9141743926,3,2704.3,2842,2550,459421242,249821,603081,73,536227,11920,0.9783
2026-10-07,9803970239,3,2703.3,3326,1939,59418060,247975,60335,188,23596,9789,0.7068
2026-10-07,10152905521,3,2693.3,3616,2108,87584713,221994,101156,269,68391,1978,0.9719
2026-10-07,10411998017,1,2683.0,2683,2683,6204634,0,15542,0,24490,4114,0.8562
2026-10-07,10765563835,3,2675.7,3552,1247,3910938,388043,18707,2139,8239,2080,0.7984
2026-10-07,9506013695,3,2664.3,3237,1785,123770255,383685,432332,1319,74437,10861,0.8727
2026-10-07,10767240772,3,2661.0,3792,1477,2088560,153900,14618,906,10090,1351,0.8819
2026-10-07,9885372266,3,2659.7,3394,2091,88112289,230183,2513957,1611,150253,10181,0.9365
2026-10-07,10765091041,3,2658.3,3204,1840,11333839,239911,56204,693,65515,1698,0.9747
2026-10-07,7787359931,3,2654.0,4285,1021,149168903,295893,160579,196,98905,8427,0.9215
2026-10-07,9906154135,3,2644.0,3438,1847,54111021,294102,56983,315,17269,2330,0.8811
2026-10-07,10649255304,3,2642.7,3487,1848,46704888,262033,2731938,12154,17733,2482,0.8772
2026-10-07,8156973419,3,2634.3,3335,1804,156657106,198386,5097077,5006,90909,9995,0.9009
2026-10-07,7960300951,3,2626.3,3490,1858,201733882,229861,7790389,6647,375748,17311,0.956
2026-10-07,10324001605,3,2608.3,3109,2236,20385537,147537,489414,2863,100093,2513,0.9755
2026-10-07,6619936488,3,2607.7,3041,1758,41663138,153269,123079,245,39486,6438,0.8598
2026-10-07,4462613685,3,2602.3,4633,724,28825258,184072,177728,253,18006,6105,0.7468
2026-10-07,10410945205,3,2599.3,3301,2070,75523861,150731,129336,184,116123,3641,0.9696
2026-10-07,9549278601,3,2597.0,3549,2063,11492055,268524,864052,15953,1959,880,0.69
2026-10-07,2023680558,3,2593.3,3104,2175,1583858098,172299,1824892,197,402271,78921,0.836
2026-10-07,10013279162,3,2592.7,3468,2080,62777354,436020,103792,627,7826,13837,0.3613
2026-10-07,10059548251,3,2592.0,3986,1710,58580629,688435,127227,541,136794,10406,0.9293
2026-10-07,9807649116,3,2590.3,3507,2073,192709682,612003,373283,962,250206,10258,0.9606
2026-10-07,10162859180,3,2587.0,3569,1743,8146000,135805,106727,1473,21348,1448,0.9365
2026-10-07,10200395747,3,2585.0,3022,2190,1676608354,160997,663162,-2,719793,99531,0.8785
2026-10-07,5580972377,3,2582.3,3032,2174,148883614,274013,619211,1110,695551,25212,0.965
2026-10-07,5351168809,3,2576.0,3037,1808,99357373,215570,100304,469,8816,2504,0.7788
2026-10-07,6136243726,3,2558.3,3458,2090,297377657,349309,186562,618,25510,13111,0.6605
2026-10-07,4931927012,3,2551.3,3114,2160,768794233,238137,696454,306,666697,105666,0.8632
2026-10-07,7264587281,3,2549.7,3189,1983,407545165,472862,1997200,829,127534,38800,0.7667
2026-10-07,10231502419,3,2549.7,2615,2480,6966432,188456,53565,965,20087,753,0.9639
2026-10-07,10766773917,3,2543.3,3654,1783,2771776,250133,10431,698,2971,830,0.7816
2026-10-07,9963622286,3,2542.3,3311,1752,118809977,255151,2691870,319,53942,7175,0.8826
2026-10-07,10057343903,3,2542.3,3194,1682,111818451,278433,4333299,17127,216853,11893,0.948
2026-10-07,10764412489,3,2542.3,4032,1266,4039206,284133,205544,15099,6743,4267,0.6124
2026-10-07,10415845204,3,2533.3,2942,2006,11496861,129590,793826,2839,69164,1387,0.9803
2026-10-07,111958650,3,2522.3,2901,1990,6312139125,397896,11520063,157,5125613,665519,0.8851
2026-10-07,3876150506,2,2520.5,3184,1857,505534224,128837,6762924,170,613913,41921,0.9361
2026-10-07,8006379851,3,2517.3,3245,1621,129253602,217661,7029157,9664,7170,3352,0.6814
2026-10-07,6061766680,3,2505.3,2955,2253,570385974,401681,605848,542,313916,81508,0.7939
2026-10-07,10440833423,3,2493.3,3151,2031,101800878,182166,331527,384,718703,15476,0.9789
2026-10-07,7450497506,3,2489.0,3025,1570,227273669,241603,1631549,1209,216235,13339,0.9419
2026-10-07,9551044479,3,2477.0,2739,2179,54495114,257110,263403,855,185463,5332,0.9721
2026-10-07,10764794065,3,2470.3,3462,1637,3097747,337729,140303,15290,3376,2520,0.5726
2026-10-07,5887211857,3,2470.0,3324,1943,305961502,223206,218486,362,40517,5659,0.8774
2026-10-07,850110028,3,2465.3,3542,1873,189401298,225932,705769,581,379972,36912,0.9115
2026-10-07,3317679266,3,2464.0,2945,2054,5244631338,459854,4439054,492,3697541,279159,0.9298
2026-10-07,10677698797,3,2451.3,3288,1497,7340526,217847,61743,794,19620,1636,0.923
2026-10-07,10455741150,3,2440.3,3091,1833,17025602,179931,34220,277,14035,4672,0.7503
2026-10-07,6174994284,3,2426.7,3044,1386,210007842,193628,352614,231,299463,19697,0.9383
2026-10-07,358276974,3,2426.0,2929,1791,196407542,183215,1014268,778,262165,43005,0.8591
2026-10-07,3405618667,3,2422.0,3044,1585,1535474487,193049,3295949,704,1593326,137788,0.9204
2026-10-07,3110388936,3,2421.3,2640,2042,92803703,139175,311080,904,180317,19280,0.9034
2026-10-07,6336741296,3,2410.7,3394,1607,130471181,234289,7326104,9393,349391,13650,0.9624
2026-10-07,10590260635,3,2406.3,3328,1417,6118756,135792,323643,6961,4798,599,0.889
2026-10-07,10598688389,3,2403.0,2966,1520,7725167,249463,32061,580,12238,4602,0.7267
2026-10-07,10452740285,3,2402.7,2876,1984,21504507,172876,109261,650,266801,3891,0.9856
2026-10-07,3448264866,3,2394.0,2940,1730,70547122,85139,357044,277,131671,6980,0.9497
2026-10-07,972475338,3,2392.0,3084,1962,715797554,218830,1891092,475,503086,82016,0.8598
2026-10-07,10765748731,3,2386.0,3394,1236,770647,212726,8420,1887,2099,580,0.7835
2026-10-07,10376944238,3,2384.0,2861,1586,59856296,248938,325538,1021,540241,11003,0.98
2026-10-07,10031562156,3,2382.3,2875,2026,41962386,177859,441271,1720,27810,3819,0.8793
2026-10-07,5677613211,3,2375.7,2866,2047,630803426,201762,28265751,5972,1103374,61409,0.9473
2026-10-07,3746418487,2,2371.5,3010,1733,336000395,136176,414435,248,71245,15808,0.8184
2026-10-07,9276049439,3,2370.0,3383,1691,59650592,271349,212598,1147,71523,2967,0.9602
2026-10-07,10704015784,3,2364.3,2939,1973,10193122,168182,30889,454,12637,2014,0.8625
2026-10-07,10195997258,3,2358.0,2573,2135,51659392,126548,124763,187,77652,3914,0.952
2026-10-07,10766364164,3,2356.3,3367,1211,7427120,378945,24399,1281,4947,1638,0.7513
2026-10-07,10556383571,1,2352.0,2352,2352,1390968,0,19440,0,14345,292,0.9801
2026-10-07,2294168059,3,2350.7,2894,1898,1259089937,213498,3400586,652,1130871,125420,0.9002
2026-10-07,7194739190,3,2349.7,3475,1502,552942523,505551,325588,581,28814,18599,0.6077
2026-10-07,10572887321,3,2348.3,3047,1601,10086538,260367,501808,8919,59075,3169,0.9491
2026-10-07,9513686983,3,2345.0,3008,1769,437185143,251406,14442176,9465,101352,36881,0.7332
2026-10-07,10757704931,3,2333.7,2979,1631,1254858,167351,55372,5735,12372,308,0.9757
2026-10-07,9788139379,3,2330.0,2786,1734,73166948,196440,178974,362,119446,15052,0.8881
2026-10-07,7623259179,3,2327.0,2992,1620,87400178,138354,295147,333,124145,8214,0.9379
2026-10-07,6369934270,3,2320.7,2982,1273,807535198,301154,9676890,372,374094,59386,0.863
2026-10-07,10765167636,3,2316.3,2726,1813,7036854,181568,34449,472,10018,1146,0.8973
2026-10-07,10768944292,3,2313.3,2738,1846,531710,129308,4767,668,5594,178,0.9692
2026-10-07,6751447237,3,2312.3,3147,1660,156911852,251700,353158,567,262978,9004,0.9669
2026-10-07,6568417585,3,2304.3,2791,1918,225036508,191501,1073258,807,174394,13014,0.9306
2026-10-07,1802741133,3,2304.3,2948,1728,439009195,174324,1125976,500,404168,30754,0.9293
2026-10-07,8524572339,3,2297.0,3257,1626,96150415,121767,139011,88,81668,22433,0.7845
2026-10-07,3204175584,3,2294.3,2690,1663,1210688787,208312,1050276,402,225510,36753,0.8599
2026-10-07,10455462279,3,2287.7,2815,1801,62175756,233712,2299643,4622,24397,7696,0.7602
2026-10-07,3873871110,2,2279.0,2728,1830,38846277,81029,505296,2989,37619,7876,0.8269
2026-10-07,10648640958,3,2270.7,2685,1980,41809161,518872,482025,793,36661,3841,0.9052
2026-10-07,10336278580,3,2268.3,2727,1934,44388585,159743,1180699,2389,317521,3526,0.989
2026-10-07,892043755,3,2267.0,2334,2156,1252060615,46111,3320251,-27,1055513,136802,0.8853
2026-10-07,1511883870,3,2266.7,2789,1743,2730880767,123100,3078295,115,2243748,145921,0.9389
2026-10-07,1954152886,3,2263.7,2887,1617,169765844,169581,251673,305,64111,9115,0.8755
2026-10-07,6019027471,3,2263.3,3148,1744,355474502,374795,11318422,9349,52458,7376,0.8767
2026-10-07,10530261598,3,2263.0,3085,1577,158260885,526368,459201,1050,67383,12082,0.848
2026-10-07,3164075108,3,2261.0,2641,1777,289456377,155284,749542,237,499220,28209,0.9465
2026-10-07,5367389312,3,2258.0,2886,1485,404324083,322239,2080283,1601,168948,14544,0.9207
2026-10-07,7359962123,3,2257.3,2426,1996,58129326,109748,275048,274,88620,5259,0.944
2026-10-07,10765951887,3,2249.3,2714,1602,730009,147528,21812,3376,7419,763,0.9067
2026-10-07,10184247393,3,2245.3,2926,1434,106875813,214525,2927762,6862,96968,3725,0.963
2026-10-07,1008451066,3,2242.7,2889,1882,2954534369,220462,3007005,49,1297511,542696,0.7051
2026-10-07,113491250,3,2238.7,2754,1702,1801748448,189730,5987365,204,2464268,251329,0.9074
2026-10-07,2527789729,3,2231.7,2734,1732,117919821,171162,372883,232,98130,26720,0.786
2026-10-07,10298144467,3,2228.7,2316,2183,40430687,95385,42630,36,95448,3059,0.9689
2026-10-07,9735583968,3,2227.3,2638,1952,155451270,313696,426165,689,120819,10154,0.9225
2026-10-07,7935634976,3,2208.0,3011,1570,88878727,222741,219557,409,79068,16948,0.8235
2026-10-07,274816972,3,2207.3,3001,1538,1370273984,204324,7132471,1466,1981188,138438,0.9347
2026-10-07,10232686472,3,2192.3,2690,1775,74294761,270344,358893,965,62409,6179,0.9099
2026-10-07,10751939592,3,2188.7,2783,1073,12877860,194699,951393,242,862,321,0.7287
2026-10-07,10766502612,3,2188.3,3081,1651,1073315,193239,16545,2461,1801,707,0.7181
2026-10-07,8964956538,3,2184.3,2805,1634,69835871,286955,1232014,7429,203043,6493,0.969
2026-10-07,10439568447,3,2181.0,2421,1843,23171951,141484,249524,964,50102,2907,0.9452
2026-10-07,2626227051,3,2179.7,2656,1608,1108621485,363581,1070818,319,500348,80613,0.8612
2026-10-07,10586746293,3,2175.3,2791,1577,13595435,195015,61875,771,33588,1992,0.944
2026-10-07,605887098,3,2174.7,2617,1507,2532039263,178961,3727058,291,1529939,116664,0.9291
2026-10-07,1359573625,3,2168.3,3025,1646,1642312567,218148,1041533,129,412943,65629,0.8629
2026-10-07,4044579438,2,2161.0,2605,1717,350381360,145387,22412747,10771,16967,11176,0.6029
2026-10-07,10597001332,3,2141.3,3469,1223,3165299,364807,75117,8797,13455,7614,0.6386
2026-10-07,5508238359,3,2135.7,2627,1469,118325865,204315,2000886,2434,65992,20730,0.761
2026-10-07,1531130248,3,2134.0,2809,1274,531893994,226726,859331,93,363840,43665,0.8928
2026-10-07,4181957649,3,2133.7,2699,1651,724833630,336018,1119525,371,411173,85831,0.8273
2026-10-07,9759082891,3,2130.3,2890,1706,28999777,248671,3666723,29029,13814,1007,0.9321
2026-10-07,6417564879,3,2122.0,2642,1234,435611382,580827,419744,670,135969,25233,0.8435
2026-10-07,1230230722,3,2120.0,2999,1257,2835644130,168148,3429597,361,945087,94020,0.9095
2026-10-07,10456511458,3,2119.7,3388,1378,16106639,230518,32189,431,14182,1240,0.9196
2026-10-07,10485201326,3,2119.3,2558,1788,18454585,135371,549886,3016,19985,984,0.9531
2026-10-07,8316902627,3,2118.3,2845,1608,4712708639,227602,2001289,240,3026583,166568,0.9478
2026-10-07,2621511041,3,2112.7,2274,1970,76321130,178342,280300,259,65191,26634,0.7099
2026-10-07,5829613337,3,2107.7,2372,1582,372340665,256205,892417,309,360575,28711,0.9262
2026-10-07,2954818192,3,2100.3,2759,1554,447496984,415371,8749362,12275,71003,11689,0.8586
2026-10-07,9908641400,3,2100.3,3498,754,76164049,333125,58693,165,36086,7765,0.8229
2026-10-07,10765279487,3,2099.7,2638,1438,7829065,225318,69552,1490,5553,1177,0.8251
2026-10-07,10741302505,3,2096.0,2926,1475,5078168,162931,184191,622,43454,973,0.9781
2026-10-07,3457700596,3,2086.3,2235,1796,1072848665,129282,1008920,102,1137218,129895,0.8975
2026-10-07,10718240577,3,2083.7,2706,1467,24322683,203589,199823,825,86954,1522,0.9828
2026-10-07,8356066619,3,2081.0,2201,1959,89515037,44546,47438,26,88508,4526,0.9514
2026-10-07,10737231383,3,2078.0,2665,1619,24193964,210988,620773,2718,20711,1739,0.9225
2026-10-07,10766440903,3,2066.7,2435,1338,813170,141634,3790,491,574,307,0.6515
2026-10-07,10765764482,3,2066.3,2680,1561,11707572,237506,72851,1478,10542,2108,0.8334
2026-10-07,10762636904,3,2064.3,3138,1378,3675542,338311,28898,2565,24293,293,0.9881
2026-10-07,7332711118,3,2062.0,2420,1821,1888421153,183789,2481185,223,1978190,65427,0.968
2026-10-07,911750776,3,2059.7,2676,1225,1527181897,271162,4482178,467,1404716,185953,0.8831
2026-10-07,10590149941,3,2055.0,2683,1531,6034338,146520,11502,206,2265,495,0.8207
2026-10-07,10575619152,3,2053.7,2734,1685,9151237,208334,548379,11938,34274,1360,0.9618
2026-10-07,5807622548,3,2049.0,2877,1539,325690971,361861,411972,453,200186,14543,0.9323
2026-10-07,10524813259,3,2047.7,2155,1960,10373798,106902,44271,139,20574,2403,0.8954
2026-10-07,10643877552,3,2046.3,2738,1115,805495,199220,2854,747,1916,148,0.9283
2026-10-07,3183403065,3,2043.7,2416,1738,2513053982,132286,1398159,12,723571,65230,0.9173
2026-10-07,10724269636,3,2042.7,2693,1591,13787752,170062,27684,276,22209,1236,0.9473
2026-10-07,10752833252,3,2039.3,3013,1380,6464999,358933,43754,1743,2810,461,0.8591
2026-10-07,7673659635,3,2036.7,2676,1057,142232024,119851,337398,222,174374,30097,0.8528
2026-10-07,10576739951,3,2036.0,2748,1244,37548854,281433,366655,23003,23585,4289,0.8461
2026-10-07,10761375938,3,2032.3,2610,1714,8232387,105331,31370,234,58050,951,0.9839
2026-10-07,5665943560,3,2032.0,2622,1582,146618960,311164,17443211,25101,18367,3676,0.8332
2026-10-07,9906378607,3,2030.7,2686,1553,12782509,156699,432728,4218,60315,1123,0.9817
2026-10-07,2404080894,3,2016.7,2379,1491,2019822924,223815,4117735,222,1975423,215101,0.9018
2026-10-07,6651302260,3,2014.7,2775,1555,432174911,213144,3475503,2060,251333,20556,0.9244
2026-10-07,9125259344,3,2011.0,2589,1386,134023831,199272,260493,294,52794,15784,0.7698
2026-10-07,6726637224,3,2002.0,2757,1445,175004006,165460,1643902,180,168412,25136,0.8701
2026-10-07,7453941040,3,2002.0,2383,1294,206233161,142297,367880,175,59360,13469,0.8151
2026-10-07,9312646406,3,2001.7,2563,1126,203768272,304435,993377,1140,174913,12358,0.934
2026-10-07,10764415267,3,1999.7,2724,1360,5967587,175371,14887,263,5232,628,0.8928
2026-10-07,10765481558,3,1999.0,2783,1495,5144260,157219,7815,248,999,310,0.7632
2026-10-07,10769066324,3,1997.7,2783,586,2707442,679936,3273,535,1148,148,0.8858
2026-10-07,9501701013,3,1997.7,2726,1471,104209571,234936,153645,330,29640,11529,0.72
2026-10-07,9877481048,3,1995.0,2372,1397,26712840,225346,65704,387,26021,3216,0.89
2026-10-07,3913007563,2,1988.5,2404,1573,143302616,77903,315026,104,183388,33403,0.8459
2026-10-07,10759594563,3,1981.7,2318,1421,6497025,203484,14710,307,8697,2137,0.8028
2026-10-07,10742937135,3,1978.3,2832,1336,5561477,244795,67180,1630,9858,2327,0.809
2026-10-07,3419284255,3,1969.3,2372,1549,420252760,109241,866351,145,456626,45938,0.9086
2026-10-07,16680835,3,1965.0,2329,1449,551477983,321950,2793769,1379,599958,48335,0.9254
2026-10-07,1776914212,3,1952.3,2534,1000,3008241707,335281,2995041,498,642722,218764,0.7461
2026-10-07,10153098880,3,1951.3,2113,1801,35976196,105415,253318,408,53754,2116,0.9621
2026-10-07,10481791182,3,1947.0,2449,1518,31099699,465458,558959,5844,12519,2602,0.8279
2026-10-07,3756501373,2,1942.5,2574,1311,718000710,78902,442969,187,417224,32945,0.9268
2026-10-07,6332376065,3,1941.3,2921,1107,56253693,142390,2260283,3381,7400,1332,0.8475
2026-10-07,7934320560,3,1937.3,1970,1901,110443365,87165,137129,134,164522,8088,0.9531
2026-10-07,10204542673,3,1928.3,2943,1413,38800008,260378,1358748,7249,27139,3335,0.8906
2026-10-07,7843413523,3,1927.7,2543,1456,150576034,127025,590513,473,167983,10687,0.9402
2026-10-07,1171251167,3,1926.0,2703,1434,291919639,225421,6149666,8735,20614,3215,0.8651
2026-10-07,9382839773,3,1922.0,2192,1724,35859949,87607,88931,182,286975,3336,0.9885
2026-10-07,3079618996,3,1918.0,2500,1457,815612959,216087,1159067,1176,305309,41538,0.8802
2026-10-07,2862098693,3,1916.3,2302,1351,158830220,206576,458173,197,95188,27646,0.7749
2026-10-07,9496852407,3,1914.3,2658,1284,124793001,200777,107413,198,61597,9416,0.8674
2026-10-07,7414497778,3,1907.7,2587,1142,78845717,108361,200113,256,71604,13939,0.8371
2026-10-07,10187294555,3,1905.3,2698,1328,146600772,188499,314048,304,421334,14364,0.967
2026-10-07,9837325548,3,1903.3,2577,1545,58557618,143698,114148,237,55361,3898,0.9342
2026-10-07,9792551117,3,1894.7,2374,1173,182127416,229026,547114,387,44032,18338,0.706
2026-10-07,10060242820,3,1892.7,2496,1110,95768759,363455,80786,170,23801,8312,0.7412
2026-10-07,4772345874,3,1890.7,2527,1481,41529563,139738,41160,158,8227,1237,0.8693
2026-10-07,2821905072,3,1885.3,2443,1121,280850416,186539,5799920,2794,218840,8054,0.9645
2026-10-07,1358133289,3,1882.0,2590,820,1543328134,215821,1594486,371,282752,46626,0.8584
2026-10-07,9272395657,3,1881.7,2311,1222,8405512,146330,11463,126,5455,2538,0.6825
2026-10-07,10504918958,3,1881.0,2311,1565,4343608,169581,156056,4037,126281,2318,0.982
2026-10-07,10418117926,3,1880.0,2401,1449,24648430,85214,128281,338,48371,2598,0.949
2026-10-07,10471583973,3,1880.0,2194,1498,32492035,112021,103623,270,44433,3823,0.9208
2026-10-07,1720936166,3,1872.0,2314,1512,7934552951,350130,2319741,9,1494838,129154,0.9205
2026-10-07,9656201728,3,1871.0,2123,1739,31415146,143047,110121,380,62181,3083,0.9528
2026-10-07,10302179427,3,1865.0,2356,1338,2306225,212197,5895,480,466,354,0.5683
2026-10-07,10589881655,3,1854.3,2297,1305,2244783,200293,7361,707,4710,288,0.9424
2026-10-07,9481391333,3,1854.0,2253,1244,37731447,181714,760519,2014,11545,3621,0.7612
2026-10-07,5112244393,3,1852.7,2448,1303,403864565,189184,2906363,1348,201106,47619,0.8085
2026-10-07,9663968307,3,1851.0,2713,1367,166400884,224466,2223121,2435,166799,32214,0.8381
2026-10-07,10501944811,3,1846.0,2097,1470,7333308,106500,22272,184,72859,833,0.9887
2026-10-07,7882785167,3,1843.7,2097,1427,11639404,153863,78788,727,30801,3048,0.91
2026-10-07,8662243497,3,1837.7,2249,1417,271117053,149752,283061,196,56886,7041,0.8899
2026-10-07,5422546686,3,1837.3,2158,1388,369125682,108412,2251319,311,485965,21949,0.9568
2026-10-07,8296765616,3,1830.3,2315,1327,35975361,188551,76863,360,47856,2503,0.9503
2026-10-07,2652888345,3,1822.3,2292,1276,265383705,199593,128039,193,21499,5939,0.7835
2026-10-07,10753487407,3,1810.0,1949,1738,17041063,331516,84165,1340,23074,1195,0.9508
2026-10-07,8829204428,3,1808.3,2029,1412,9150993,122752,163340,1574,125235,2740,0.9786
2026-10-07,10533638982,3,1807.7,2561,1091,8512909,141639,56499,387,29535,1691,0.9458
2026-10-07,4365819446,3,1805.3,2258,1481,552432825,198542,21489929,7267,134756,14778,0.9012
2026-10-07,8836568224,3,1804.7,2648,1206,129848049,116981,120316,174,139947,3016,0.9789
2026-10-07,2788648141,3,1801.0,2113,1484,1011186770,141597,2169965,1207,1281491,120721,0.9139
2026-10-07,1921509404,3,1800.0,2808,1121,260694893,501870,176413,298,41871,12862,0.765
2026-10-07,2979369058,3,1797.3,2117,1251,182117033,292348,285358,434,93228,19883,0.8242
2026-10-07,10394064134,3,1790.7,2123,1228,28917052,198737,2104657,11984,7787,3090,0.7159
2026-10-07,7938305201,3,1790.0,2623,710,37942972,105170,741745,69,11857,1552,0.8843
2026-10-07,10765763629,3,1783.7,2449,1225,1660236,229877,4333,511,1245,390,0.7615
2026-10-07,10399413858,3,1780.3,2408,1335,18775303,147043,24050,146,19010,991,0.9505
2026-10-07,10124421343,3,1779.0,2077,1262,23846676,252107,44266,471,45938,1147,0.9756
2026-10-07,341654025,3,1777.3,2348,1080,3208758189,259485,5421392,274,859704,257851,0.7693
2026-10-07,616165168,3,1775.7,2673,966,151041016,200856,1230301,1369,80536,15414,0.8394
2026-10-07,10767858548,3,1774.0,2570,997,601948,188113,7353,906,5447,400,0.9316
2026-10-07,1946714362,3,1772.3,2793,991,62669625,102339,164788,113,44673,9971,0.8175
2026-10-07,8504461817,3,1770.7,2514,1133,202234691,208004,115760,240,43624,3736,0.9211
2026-10-07,2305929206,3,1769.3,2185,1273,258512375,236680,1686136,4640,176304,11839,0.9371
2026-10-07,10757247806,3,1768.7,2416,1075,1179618,92153,11257,942,4839,479,0.9099
2026-10-07,2729513759,3,1767.3,2266,1191,1716975218,192426,2317866,638,494051,77421,0.8645
2026-10-07,7628118889,3,1767.0,2151,1375,297083672,163036,783465,572,126627,18518,0.8724
2026-10-07,5944821008,3,1766.7,2376,765,61428373,233030,440271,4559,16769,6862,0.7096
2026-10-07,10404519332,3,1765.0,2014,1465,23977980,129311,96003,346,30578,6316,0.8288
2026-10-07,7780633647,3,1758.0,2368,1279,432384377,376616,339134,440,96397,19198,0.8339
2026-10-07,9073513091,3,1755.0,2095,1577,145636445,216459,180592,231,165092,8100,0.9532
2026-10-07,10637759898,3,1743.7,2102,1330,34093545,219784,77467,416,4705,2119,0.6895
2026-10-07,10552540426,3,1731.7,1908,1392,12698539,110245,386348,225,249946,4200,0.9835
2026-10-07,4595016786,3,1731.0,2047,1323,615045112,155575,770869,378,103849,14560,0.877
2026-10-07,9830725726,3,1730.7,2129,1114,63941817,206155,71420,289,13977,4435,0.7591
2026-10-07,8841437826,3,1728.3,2164,1300,56305219,152990,825410,896,94443,2873,0.9705
2026-10-07,8965717730,3,1728.3,2218,1080,18929363,223813,793329,704,4454,1265,0.7788
2026-10-07,10768462078,3,1721.7,2182,1156,1299402,144770,6633,977,2714,73,0.9738
2026-10-07,5247232141,3,1715.0,2467,1013,76715776,203834,3728818,12810,12854,5377,0.7051
2026-10-07,10370802481,3,1709.3,3288,502,112492169,174963,337758,895,25216,9242,0.7318
2026-10-07,2251388500,3,1705.0,2096,1228,194373475,238717,560691,458,216787,23159,0.9035
2026-10-07,7990186056,3,1704.0,2281,843,411172412,157584,383581,251,286002,18437,0.9394
2026-10-07,10604772590,3,1693.7,2097,1267,30908729,132037,58967,223,40281,4469,0.9001
2026-10-07,10047813675,3,1692.0,2110,1471,24694315,166335,2767196,16437,1393,603,0.6979
2026-10-07,9865931248,3,1690.7,2652,1081,3041057,208977,162211,11499,1191,249,0.8271
2026-10-07,10579389074,3,1687.7,2243,1309,22914266,172322,53278,384,29242,3136,0.9031
2026-10-07,9815834699,3,1684.0,2112,1191,66301515,124632,211572,259,123387,17371,0.8766
2026-10-07,4686994428,3,1683.7,2019,1021,204820556,154163,6645350,3687,44190,6246,0.8762
2026-10-07,10263732883,3,1681.3,2114,1094,6310762,85048,38552,470,11245,2124,0.8411
2026-10-07,7344582593,3,1679.7,1902,1262,338948428,137072,658787,220,377832,55268,0.8724
2026-10-07,110181652,3,1678.0,1970,1491,2357667294,175800,8610805,1157,2271933,236111,0.9059
2026-10-07,5806843156,3,1673.0,2291,1235,177793385,195134,211631,314,50000,11592,0.8118
2026-10-07,8365871374,3,1672.7,2455,773,257806977,213242,20543012,11020,196505,10301,0.9502
2026-10-07,3608594708,3,1672.0,2143,1393,426221727,242637,677993,607,1022797,37124,0.965
2026-10-07,7720654467,3,1669.7,1869,1373,98456160,175525,261578,404,40350,4931,0.8911
2026-10-07,3472976893,3,1667.7,2349,1105,193538385,231878,3674207,6384,64146,14634,0.8142
2026-10-07,9998576154,3,1666.7,2491,1190,131348877,188497,8223973,10262,36640,6454,0.8502
2026-10-07,10767957681,3,1665.3,2053,1181,498632,95007,3224,464,1945,329,0.8553
2026-10-07,2655478023,3,1663.3,2076,1328,1037921543,257188,3519641,339,105220,124941,0.4572
2026-10-07,2247578975,3,1652.0,2116,1238,1236963520,160277,14951010,185,119605,94870,0.5577
2026-10-07,9948575164,3,1651.7,1911,1491,54405512,170914,249102,241,140987,5886,0.9599
2026-10-07,2324662457,3,1647.7,1741,1569,1334180788,54575,1566516,-17,1151623,86919,0.9298
2026-10-07,5265950669,3,1647.0,2171,1336,304006289,153021,205358,192,112912,14703,0.8848
2026-10-07,9320470390,3,1645.7,2384,1085,194847703,197591,257783,374,102962,9148,0.9184
2026-10-07,6601115643,3,1645.0,2135,1173,179059803,131194,3657864,4199,238248,10558,0.9576
2026-10-07,10667006841,3,1642.3,2214,1181,12848101,178872,34955,319,13426,3088,0.813
2026-10-07,5117983607,3,1638.3,2399,1126,230775100,141514,185823,111,115528,17819,0.8664
2026-10-07,7082423811,3,1638.3,2181,1053,302113677,164088,1590940,276,329226,16846,0.9513
2026-10-07,1836146838,3,1632.3,2399,1223,506034246,109585,1366298,182,348647,65943,0.8409
2026-10-07,6375110339,3,1631.3,1962,1251,154123841,127740,106044,125,70778,6186,0.9196
2026-10-07,1851087906,3,1629.0,2159,1050,120971241,120647,437289,374,126284,49988,0.7164
2026-10-07,10255788071,3,1628.3,2236,914,14297833,270768,40497,451,19078,2618,0.8793
2026-10-07,4582358979,3,1624.3,1823,1471,1321738655,95560,1029310,66,1243563,67311,0.9487
2026-10-07,5385674359,3,1623.3,2189,971,526398857,263721,378639,345,271350,103359,0.7242
2026-10-07,10286150288,3,1621.0,2176,886,56205317,215286,60000,366,16396,5691,0.7423
2026-10-07,1318971886,3,1615.0,1857,1315,3017449685,199655,4161460,317,1099664,121838,0.9003
2026-10-07,4991821731,3,1609.7,2095,995,654029700,312864,932852,175,101532,19541,0.8386
2026-10-07,3512256796,3,1609.0,1782,1464,41912822,79779,342875,318,183286,6224,0.9672
2026-10-07,1794056685,3,1604.3,2028,927,140430814,178234,606830,366,28093,6284,0.8172
2026-10-07,10267638347,3,1601.0,1926,1427,7999999,137176,475403,7231,1600,480,0.7692
2026-10-07,9776222468,3,1595.7,2164,1238,90160655,203050,178976,383,49103,8725,0.8491
2026-10-07,4592676978,3,1595.0,2093,1155,33483022,202615,97139,492,21371,19593,0.5217
2026-10-07,10274447949,3,1594.0,2181,991,59278930,198033,4150618,11910,27588,3764,0.8799
2026-10-07,6593476325,3,1593.7,1983,1155,172845937,214867,309555,454,230288,23300,0.9081
2026-10-07,9758688665,3,1591.7,2205,1045,124927949,189282,6365896,9167,35109,5573,0.863
2026-10-07,6190071862,3,1589.7,1812,1273,69558633,99092,231474,145,83294,11561,0.8781
2026-10-07,10091766471,3,1589.0,2150,1112,44699172,216030,110693,554,29066,3077,0.9043
2026-10-07,7911332924,3,1586.3,1701,1385,56988583,123564,71971,98,15262,2390,0.8646
2026-10-07,1494262959,3,1585.0,1872,1204,366547530,125346,826022,230,370399,122132,0.752
2026-10-07,10766735253,3,1577.7,2171,1138,269338,70406,11470,3030,397,54,0.8803
2026-10-07,9162763535,3,1575.7,1805,1353,77529024,386170,96365,432,25663,7338,0.7776
2026-10-07,8881302585,3,1573.7,1933,1095,89892870,168407,174056,307,138351,25086,0.8465
2026-10-07,9758027784,3,1567.3,2257,1061,89879595,267504,130729,452,59670,12631,0.8253
2026-10-07,4836254499,3,1566.0,2010,1030,37035790,126398,125646,258,48910,12590,0.7953
2026-10-07,1312971993,3,1564.3,1709,1491,644725269,54161,2033815,144,570495,90784,0.8627
2026-10-07,4197966812,3,1562.7,2226,1222,558431387,152702,24287618,6943,79810,7970,0.9092
2026-10-07,6161049307,3,1558.0,1967,1315,239550900,299895,987518,318,760136,25040,0.9681
2026-10-07,9449993534,3,1556.7,1857,1128,55266094,205273,77270,319,18393,8645,0.6803
2026-10-07,8795154789,3,1553.0,2314,1131,486423148,257456,396342,293,356008,27158,0.9291
2026-10-07,10268960646,3,1550.0,1862,1010,31251924,289500,877839,11279,58447,3585,0.9422
2026-10-07,3047037061,3,1548.7,1972,1034,154738215,264643,156987,164,84846,13152,0.8658
2026-10-07,9912025777,3,1544.0,1914,1130,219659550,322479,476723,465,179915,13006,0.9326
2026-10-07,10593319486,3,1543.0,2503,701,1007111,126735,21071,1595,18037,283,0.9846
2026-10-07,10253235584,3,1541.7,1683,1323,66450046,72824,643205,374,274670,4224,0.9849
2026-10-07,10069043526,3,1539.7,1902,1105,42195619,180391,958961,5123,60294,5712,0.9135
2026-10-07,8925924444,3,1538.0,1961,1140,110630493,178849,148160,348,147443,11191,0.9295
2026-10-07,10466601694,3,1538.0,1935,1120,2298220,81326,18564,407,10847,1410,0.885
2026-10-07,10767826343,1,1537.0,1537,1537,169957,0,3318,0,898,156,0.852
2026-10-07,9781580133,3,1536.7,2314,1056,11141664,152061,46392,454,32507,8431,0.7941
2026-10-07,10764300350,3,1533.3,1975,1060,3230554,94436,16365,310,4015,548,0.8799
2026-10-07,3097803944,3,1530.3,1886,1337,379924339,231661,190621,316,35058,21019,0.6252
2026-10-07,6371309794,3,1528.3,1997,1123,760141692,368407,487442,566,221200,64056,0.7754
2026-10-07,7874651625,3,1527.0,1824,1046,133284079,129548,293174,301,56908,4780,0.9225
2026-10-07,9142917248,3,1527.0,2138,1071,65268585,175983,4732119,12861,44568,4188,0.9141
2026-10-07,9711289915,3,1525.3,1850,954,161814483,203567,1534546,1892,57899,8309,0.8745
2026-10-07,5026970880,3,1524.0,1893,894,392934518,208802,6399004,712,319516,35838,0.8991
2026-10-07,5272606478,3,1521.3,1808,983,135693355,171979,8898416,6640,228576,18182,0.9263
2026-10-07,10393620082,3,1520.3,1964,1189,88952888,184927,179956,339,141544,9200,0.939
2026-10-07,10140010190,3,1519.7,1898,1188,159615389,284867,196098,581,27323,7536,0.7838
2026-10-07,3624423521,3,1513.3,1881,843,934565868,193441,627883,214,373169,53929,0.8737
2026-10-07,7073604286,3,1513.0,2158,1108,431365670,224258,446677,339,39903,32584,0.5505
2026-10-07,8080493298,3,1513.0,1885,1119,261574453,282308,308823,485,89532,15355,0.8536
2026-10-07,10094225577,3,1510.3,2023,1185,61408988,137474,716515,1344,53762,13073,0.8044
2026-10-07,9150731899,3,1509.0,1997,963,17408499,68011,85888,155,19025,5154,0.7868
2026-10-07,4362587875,3,1503.0,2002,1041,590703335,166714,781250,6779,207614,46056,0.8184
2026-10-07,985731078,3,1500.3,1594,1405,451097583,46652,2276011,69,935684,52300,0.9471
2026-10-07,10458789587,3,1499.3,2223,738,17360543,116101,61589,444,30389,4832,0.8628
2026-10-07,10110316965,3,1497.3,2116,1040,24542470,173945,681492,299,11265,3763,0.7496
2026-10-07,1668992109,3,1495.7,2072,1152,814397474,131573,1046166,175,324153,66230,0.8303
2026-10-07,6069634717,3,1494.7,1839,1109,193165309,152459,260237,116,408614,11668,0.9722
2026-10-07,2943850166,3,1494.0,1810,911,140898744,220560,97667,262,58601,4550,0.928
2026-10-07,4807308814,3,1490.3,1814,1303,1042277020,167571,878462,262,346481,56188,0.8605
2026-10-07,10387635049,3,1490.0,1780,1191,9168787,113813,442222,3742,11131,1132,0.9077
2026-10-07,7155018773,3,1489.7,2817,797,177484729,180169,3918864,32,24413,5455,0.8174
2026-10-07,8181391950,3,1485.3,2101,891,242047628,251735,4577902,2792,264024,27144,0.9068
2026-10-07,9697502306,3,1484.3,1929,1152,114082770,233656,122590,339,27338,3885,0.8756
2026-10-07,2233937689,3,1481.7,1863,1004,78217999,172741,156103,298,57458,8801,0.8672
2026-10-07,8322865535,3,1480.7,1803,1059,37319171,159883,1996065,5706,11132,1460,0.8841
2026-10-07,6949043989,3,1479.7,2823,258,11787035,111567,22376,73,6520,1310,0.8327
2026-10-07,10641300771,3,1479.0,1736,1197,12876916,165900,100748,369,8899,1024,0.8968
2026-10-07,6154386310,3,1477.7,1868,912,49121156,127462,220178,1722,55052,15644,0.7787
2026-10-07,9395278151,3,1476.7,1815,1160,36320874,138534,1637056,166,12935,2453,0.8406
2026-10-07,8546873728,3,1476.3,1865,1058,33359074,125403,699613,112,16169,2061,0.8869
2026-10-07,10211159992,3,1475.3,2081,882,44222187,226350,2364857,12637,15453,1522,0.9103
2026-10-07,10764891927,3,1474.3,2061,867,2001439,163895,4429,368,1195,454,0.7247
2026-10-07,10514223296,3,1470.3,1615,1256,23497197,161874,128684,489,87160,4256,0.9534
2026-10-07,10544327471,3,1469.0,1942,1095,37165967,176982,123492,447,126984,2831,0.9782
2026-10-07,7917550094,3,1467.0,2176,1031,186326723,210572,160482,138,33892,5657,0.857
2026-10-07,10418224975,3,1465.3,1790,996,14273503,103297,420686,2272,21492,1061,0.953
2026-10-07,8014099969,3,1464.7,2096,1004,152536474,121297,256728,339,142065,12495,0.9192
2026-10-07,1998835206,3,1457.3,1655,1190,594458893,96572,1178451,95,514427,77589,0.8689
2026-10-07,6163884815,3,1450.0,1909,1154,167850153,240320,20021310,26160,2209,1192,0.6495
2026-10-07,7671049560,3,1449.7,1787,1079,1032379350,91089,1037514,154,1565147,92174,0.9444
2026-10-07,9662130710,3,1447.7,1794,867,16809165,171692,537324,5048,113727,9661,0.9217
2026-10-07,5456952508,3,1442.3,1923,994,112887191,112325,210019,136,84931,23599,0.7826
2026-10-07,10757504146,3,1437.7,1999,855,19921729,180445,29623,299,8869,661,0.9306
2026-10-07,1742264997,3,1437.0,1653,1042,507938112,109588,1293419,118,676471,73485,0.902
2026-10-07,10766420770,3,1429.7,2230,596,1258377,107697,62761,3917,9773,155,0.9844
2026-10-07,1390601379,3,1429.3,1728,1176,1453073804,119051,2370591,99,1366411,271222,0.8344
2026-10-07,10030829154,3,1429.3,1940,1098,45528782,115085,2663823,6768,78569,2408,0.9703
2026-10-07,10236023188,3,1425.7,1684,1211,124488422,240690,315293,674,337984,11356,0.9675
2026-10-07,2872881913,3,1422.0,1907,957,379586928,169221,1134550,637,156360,24511,0.8645
2026-10-07,10004760418,3,1421.7,2169,1014,129966717,190710,184091,388,65416,4332,0.9379
2026-10-07,7069852763,3,1420.7,2198,874,127361268,136118,203758,205,69305,13306,0.8389
2026-10-07,7812848099,3,1420.7,1920,1092,218757710,133446,223130,162,83053,7080,0.9214
2026-10-07,5903289376,3,1412.0,1907,1052,92024198,63107,213338,171,34202,4286,0.8886
2026-10-07,10130637063,3,1412.0,1924,1154,58260767,123181,4103917,8013,5399,904,0.8566
2026-10-07,10112019404,3,1411.3,1774,908,16863810,187561,238895,2056,22862,5905,0.7947
2026-10-07,5822068820,3,1405.3,1799,1004,172201819,100319,439690,180,105494,9102,0.9206
2026-10-07,10397566868,3,1403.7,1869,1009,179729140,210904,483180,279,244046,19225,0.927
2026-10-07,9627655329,3,1399.7,2189,764,36935834,92617,506445,873,11901,3233,0.7864
2026-10-07,8066283370,3,1398.7,1450,1371,529681143,96893,3067896,395,434722,16515,0.9634
2026-10-07,9186719164,3,1398.7,1629,1282,1597487788,87349,843431,-12,1244624,52641,0.9594
2026-10-07,8669550197,3,1396.7,1880,1078,111378485,189496,138511,325,76573,3716,0.9537
2026-10-07,10764989090,3,1394.7,1796,795,310775,71158,8374,1835,1063,330,0.7631
2026-10-07,10748586525,3,1392.0,1760,961,303957,63509,2336,477,432,114,0.7912
2026-10-07,10501640692,3,1390.3,1892,922,14197625,159164,302159,4065,46951,5419,0.8965
2026-10-07,7283491781,3,1389.0,1850,1080,62038836,130850,127008,248,56432,9436,0.8567
2026-10-07,7364297396,3,1388.0,1760,959,465387304,218636,682772,323,107471,16583,0.8663
2026-10-07,7747782974,3,1386.7,1787,1027,121700761,106256,8730631,6683,28165,3621,0.8861
2026-10-07,8883775493,3,1383.0,1866,1097,135723567,111138,399628,788,47235,10547,0.8175
2026-10-07,10297836599,3,1381.3,2011,985,20080996,143796,42329,258,37250,2093,0.9468
2026-10-07,9485131494,3,1379.3,1949,875,93191352,139895,455151,524,362518,7359,0.9801
2026-10-07,6688157118,3,1379.0,1769,962,533219093,235540,1707689,322,63699,30551,0.6759
2026-10-07,10647949490,3,1377.7,1777,1080,15814245,145647,27907,261,10667,464,0.9583
2026-10-07,10764888929,3,1377.3,2103,916,2576522,141787,135025,6259,10888,367,0.9674
2026-10-07,5091490171,3,1373.0,1915,926,92876505,201343,315647,525,107714,11837,0.901
2026-10-07,9774284077,3,1372.3,1901,757,116856499,200022,4172762,7723,23900,4678,0.8363
2026-10-07,9933939850,3,1372.3,1882,1074,60526444,101705,55736,90,22791,3878,0.8546
2026-10-07,1430007363,3,1368.7,1769,1022,921411716,184878,2426307,927,142509,29650,0.8278
2026-10-07,2073329983,3,1367.0,2162,527,246355014,105323,4777020,1211,506930,34658,0.936
2026-10-07,8724785394,3,1365.0,1695,1027,8330335,96836,362119,2249,11319,565,0.9525
2026-10-07,2017809925,3,1363.7,1817,1020,739414887,203591,15975353,17698,111470,52827,0.6785
2026-10-07,6787216875,3,1357.7,1968,727,212705796,183941,132841,259,63888,15857,0.8012
2026-10-07,7646154613,3,1351.7,1675,1172,313487375,181412,246721,424,68807,21933,0.7583
2026-10-07,3346892457,3,1351.0,1771,1099,455640436,165645,198594,277,25288,10936,0.6981
2026-10-07,7738524573,3,1347.7,1599,1088,176505448,183010,168627,142,106137,9619,0.9169
2026-10-07,2113323331,3,1346.7,1756,1110,893767548,208197,921975,346,150462,41830,0.7825
2026-10-07,10694549945,3,1346.3,1836,712,20522337,112791,31170,150,31669,1228,0.9627
2026-10-07,10188144423,3,1341.0,1770,987,66774084,189040,79266,201,23878,2941,0.8903
2026-10-07,10761375767,3,1340.0,1476,1192,5387675,97193,363561,2468,86578,2014,0.9773
2026-10-07,10171934713,3,1338.0,1363,1294,22882524,87374,924655,642,64864,2907,0.9571
2026-10-07,10766399546,3,1334.7,1617,1087,6253735,277391,24921,803,28340,1384,0.9534
2026-10-07,2176187244,3,1334.7,1776,972,316322929,154713,243106,231,48658,15513,0.7583
2026-10-07,4267277633,3,1330.0,1789,777,612174347,204809,15964630,8721,28571,32449,0.4682
2026-10-07,93740418,3,1327.7,1767,900,3422578100,167593,6952265,424,988220,96256,0.9112
2026-10-07,3426175130,3,1327.7,1729,1064,257308365,127573,110017,236,25066,11107,0.6929
2026-10-07,6466802953,3,1325.3,2183,234,78142483,73431,600970,1350,47772,5982,0.8887
2026-10-07,4599924264,3,1323.7,1853,1038,733844862,185575,297385,171,40315,38376,0.5123
2026-10-07,4053293514,2,1323.5,1600,1047,333730541,115274,888550,318,238040,14207,0.9437
2026-10-07,8869088870,3,1322.3,1581,873,50254725,146410,2677546,7505,140321,3033,0.9788
2026-10-07,5421899973,3,1319.7,1620,1050,389594942,179469,14196399,2845,372953,28590,0.9288
2026-10-07,10108046010,3,1316.7,1571,995,23897592,86131,59350,226,13212,1693,0.8864
2026-10-07,6787644864,3,1314.3,1584,967,117201830,154966,193163,396,52670,5096,0.9118
2026-10-07,1802622907,3,1309.3,1767,894,1306845486,154706,1319253,209,641568,104347,0.8601
2026-10-07,6272727021,3,1304.7,1570,990,16581534,92484,34949,107,40241,2954,0.9316
2026-10-07,5972059550,3,1303.7,1533,1005,831241086,89473,3947100,48,1111834,40405,0.9649
2026-10-07,2049551477,3,1303.3,1611,774,1485814429,172327,1946154,290,454247,69491,0.8673
2026-10-07,10391036163,3,1301.7,1701,1008,8038617,110330,169871,1634,16353,2217,0.8806
2026-10-07,4491246195,3,1300.3,1812,1007,461822706,121691,690488,218,214113,22536,0.9048
2026-10-07,4864117649,3,1299.3,1844,938,440542695,173541,961810,334,650922,70055,0.9028
2026-10-07,4579085368,3,1292.3,1670,1086,192046578,111884,1080733,739,198476,17087,0.9207
2026-10-07,10759415852,3,1290.0,1393,1208,4087782,52035,204259,902,48586,1029,0.9793
2026-10-07,5111507958,3,1289.0,1843,871,156445661,111536,7745785,3349,111630,9254,0.9234
2026-10-07,10351850295,3,1283.3,1966,745,37811157,174436,1167903,4829,10783,3346,0.7632
2026-10-07,4391829435,3,1282.3,1734,1048,390796113,109642,4262806,1270,349953,21288,0.9427
2026-10-07,6505338302,3,1282.0,2323,672,133950610,126685,98607,268,70448,10835,0.8667
2026-10-07,1325411718,3,1282.0,1897,951,400811343,116563,441650,227,249113,32725,0.8839
2026-10-07,10441199872,3,1281.7,1520,978,77725798,211696,129099,378,68735,4240,0.9419
2026-10-07,10529067596,3,1281.7,1742,803,20558804,114770,611931,2675,20894,2608,0.889
2026-10-07,10603011269,3,1280.7,1419,1207,5488816,53775,156552,664,17902,842,0.9551
2026-10-07,10253446435,3,1280.3,1528,943,21884910,75047,108543,336,441854,4462,0.99
2026-10-07,2366560560,3,1273.3,1676,685,981060989,187511,2350786,376,258360,44695,0.8525
2026-10-07,98929893,3,1273.0,1687,891,989447690,84017,2120304,173,640348,67241,0.905
2026-10-07,7373459570,3,1272.3,2093,337,167836030,113487,3639005,2593,316337,5865,0.9818
2026-10-07,10767657583,3,1272.0,1576,919,1066355,196058,28265,5263,1099,401,0.7327
2026-10-07,2220495353,3,1272.0,1723,755,1167156514,142361,1448187,237,315171,57887,0.8448
2026-10-07,5233689103,3,1271.0,1985,837,7759550,120350,8096,126,1889,327,0.8524
2026-10-07,10628907188,3,1267.3,1498,1032,36093315,141748,831176,1959,59225,6879,0.8959
2026-10-07,4343544885,3,1264.0,1590,921,130503437,85199,2836591,1167,396421,10743,0.9736
2026-10-07,10391461348,3,1257.0,2164,581,12190170,134113,40115,410,59985,930,0.9847
2026-10-07,9364041968,3,1252.3,1798,558,65109847,78418,565377,70,27191,5752,0.8254
2026-10-07,10405010493,3,1251.7,1421,1061,89138040,75934,220871,168,174957,12983,0.9309
2026-10-07,6690355795,3,1250.7,1408,1139,32632056,78243,418169,508,69991,2070,0.9713
2026-10-07,5679753654,3,1249.3,2241,204,70012693,422863,1124507,9754,27524,5800,0.826
2026-10-07,10130749197,3,1248.3,1815,835,52265379,168148,2853686,18968,7758,3104,0.7142
2026-10-07,10061124506,3,1247.7,1633,832,67502842,182190,163117,348,241018,12953,0.949
2026-10-07,1709917610,3,1245.3,1309,1137,264497243,79819,1073802,213,406744,45239,0.8999
2026-10-07,2092410051,3,1243.3,1463,859,338989484,47424,1410681,141,514820,67736,0.8837
2026-10-07,465016798,3,1242.0,1688,918,129955046,104122,419865,244,98340,17782,0.8469
2026-10-07,10583634958,3,1239.0,1532,727,21661508,137852,36578,176,13249,2690,0.8312
2026-10-07,4193032947,3,1238.7,1745,702,356322152,98974,2410606,735,518187,21132,0.9608
2026-10-07,4743794878,3,1236.0,2052,274,112322739,120032,36701,54,26174,4839,0.844
2026-10-07,3088609243,3,1233.7,1612,814,752701741,162925,623170,253,107436,35793,0.7501
2026-10-07,10405785379,3,1232.7,1605,859,20891842,97715,41681,166,8743,835,0.9128
2026-10-07,6937137675,3,1224.7,1515,746,110020255,122145,155467,281,23923,4420,0.8441
2026-10-07,9514625031,3,1224.7,1421,889,662080,80095,2240,285,226,102,0.689
2026-10-07,9155036056,3,1224.0,1605,1022,111248184,117511,270011,472,411726,5729,0.9863
2026-10-07,9996384072,3,1224.0,1378,977,6972960,68912,74820,129,26177,553,0.9793
2026-10-07,10454554751,3,1220.7,1616,1014,117561617,154704,2277370,1155,315282,10975,0.9664
2026-10-07,9942734820,3,1219.7,1819,781,35838804,174661,1522110,6234,8576,3004,0.7406
2026-10-07,10178802449,3,1219.7,1528,866,90494867,73007,3156107,2117,51048,3520,0.9355
2026-10-07,757291724,3,1218.3,1766,825,249834129,159147,464140,265,77821,17143,0.8195
2026-10-07,4457060041,3,1218.3,2227,474,145487328,122645,233334,159,96018,13766,0.8746
2026-10-07,7115773109,3,1211.0,1640,990,283359557,99180,1037477,219,636499,37333,0.9446
2026-10-07,6579282112,3,1210.0,1694,908,120872484,128227,8646087,52,10204,2451,0.8063
2026-10-07,9317784977,3,1209.7,1845,820,143150505,136194,1316494,3749,147909,20118,0.8803
2026-10-07,8237105425,3,1205.3,1421,980,44096418,70379,931153,1118,346671,7964,0.9775
2026-10-07,9736593239,3,1205.0,1769,104,61667256,84168,38242,80,8669,1458,0.856
2026-10-07,9539483725,3,1202.3,1714,813,63707829,173771,83392,374,10413,2929,0.7805
2026-10-07,8497987845,3,1202.0,1290,1151,25196135,62831,138349,197,75885,6468,0.9215
2026-10-07,5866227438,3,1195.7,1596,845,370353416,103984,10670740,1319,651567,18388,0.9726
2026-10-07,2443177453,3,1194.7,1620,808,698703056,134642,1212432,144,449280,53466,0.8937
2026-10-07,3936365689,2,1194.0,1226,1162,73552778,46217,349140,97,203499,15397,0.9297
2026-10-07,6280758286,3,1192.0,1827,804,56415788,69582,43261,60,35262,4985,0.8761
2026-10-07,10765361336,3,1191.7,1616,950,2429901,70567,5282,127,1563,312,0.8336
2026-10-07,10766009412,3,1191.3,1797,791,1261092,116885,34828,2331,2289,563,0.8026
2026-10-07,4938220315,3,1189.3,1678,901,481906991,139555,754698,44,189233,15734,0.9232
2026-10-07,10103595714,3,1188.7,1637,889,40269316,178796,144874,419,110090,7282,0.938
2026-10-07,6421358579,3,1186.3,1541,976,85239265,175621,93399,227,43332,5345,0.8902
2026-10-07,7521520342,3,1185.7,1660,941,276412929,133807,258974,188,119905,27220,0.815
2026-10-07,10682099418,3,1185.7,1827,678,27553225,219955,1280752,6416,27496,1924,0.9346
2026-10-07,97314177,3,1181.3,1427,742,584356633,82867,1261242,121,424916,49956,0.8948
2026-10-07,10546705891,3,1180.7,1615,698,31176677,170264,117522,379,56992,5629,0.9101
2026-10-07,9950184599,3,1180.3,1474,746,13445645,95966,121813,2411,92610,2630,0.9724
2026-10-07,10092619788,3,1175.7,1203,1130,13507738,54261,8661,24,23992,738,0.9702
2026-10-07,10763714513,3,1174.0,1469,681,3146220,115006,13856,323,3574,219,0.9423
2026-10-07,8641602265,3,1173.0,1656,648,78395792,119227,212755,206,137814,8051,0.9448
2026-10-07,1072353049,3,1172.3,1410,729,607528786,151766,1328161,607,417342,37129,0.9183
2026-10-07,10066618669,3,1166.0,1481,718,28477771,119498,37488,125,3978,1716,0.6986
2026-10-07,6487579144,3,1164.3,1713,813,31618057,110901,56216,180,14567,3530,0.8049
2026-10-07,10149910491,3,1162.7,1287,1026,42792166,96102,59029,173,21123,4973,0.8094
2026-10-07,10350558449,3,1157.0,1495,871,29940728,98120,628023,2169,22855,2054,0.9175
2026-10-07,9655781693,3,1155.0,1517,867,18015067,86997,36429,140,16524,5240,0.7592
2026-10-07,9257800423,3,1152.0,1306,902,39107867,93910,383739,830,160594,9722,0.9429
2026-10-07,10764887435,3,1151.7,1320,828,3661964,199539,190697,8107,13956,856,0.9422
2026-10-07,8618660961,3,1148.0,1458,685,43035909,104623,133102,193,54158,6838,0.8879
2026-10-07,3191268194,3,1147.7,1386,744,1364348224,85274,5591542,977,1054111,48570,0.956
2026-10-07,7208219743,3,1147.3,1579,887,13228650,78728,146826,711,23902,5826,0.804
2026-10-07,1053132402,3,1147.0,1591,826,572908121,73328,976737,66,298225,71420,0.8068
2026-10-07,6657933195,3,1146.7,1483,790,289337607,105581,1065455,286,369778,27402,0.931
2026-10-07,8238863102,3,1143.0,1303,902,322901881,165268,2293974,209,215918,10774,0.9525
2026-10-07,1214576306,3,1141.0,1334,818,1650814654,73723,4305290,94,1342382,99979,0.9307
2026-10-07,6318887244,3,1137.7,1628,861,155965037,66972,1145037,265,182776,6467,0.9658
2026-10-07,3420059569,3,1136.7,1730,794,970677660,174038,27491540,126,97071,96100,0.5025
2026-10-07,2007050448,3,1135.7,1501,482,205257673,141425,331702,248,126077,19592,0.8655
2026-10-07,10469426282,3,1134.3,1320,869,5441641,43845,13898,43,20668,889,0.9588
2026-10-07,10541331578,3,1132.7,1413,895,3214868,49469,213455,1878,11944,1333,0.8996
2026-10-07,2309918273,3,1132.3,1393,961,54441580,61963,531213,247,205835,22352,0.902
2026-10-07,8723526551,3,1126.7,1720,596,17219061,48058,568979,1819,41808,3513,0.9225
2026-10-07,10383973024,3,1125.0,1405,880,32125981,74405,1129430,1420,31952,1766,0.9476
2026-10-07,7015341259,3,1124.3,1810,417,44909370,104492,31767,50,20127,3959,0.8356
2026-10-07,10766349481,3,1123.3,1413,699,3390702,89496,12627,305,14111,576,0.9608
2026-10-07,5074882778,3,1122.3,1661,644,83099674,86873,87809,132,15468,4500,0.7746
2026-10-07,9294646427,3,1118.7,1522,771,112026878,179720,285388,454,526131,14011,0.9741
2026-10-07,7970033072,3,1117.7,1183,1013,7629934,74280,108911,587,157987,3898,0.9759
2026-10-07,6329693946,3,1113.3,1417,800,89570501,65341,240568,120,113628,10486,0.9155
2026-10-07,10061100187,3,1112.3,1598,557,28426439,146275,413089,1575,9243,2158,0.8107
2026-10-07,1087859240,3,1110.0,1208,1026,385271232,37484,345210,61,118571,23297,0.8358
2026-10-07,9765324104,3,1110.0,1428,650,81792104,176687,420555,442,49196,4617,0.9142
2026-10-07,1001911915,3,1109.3,1397,602,242092249,69813,689058,83,274505,35925,0.8843
2026-10-07,10456881513,3,1107.7,1455,700,21873871,206077,781065,6434,65431,20958,0.7574
2026-10-07,21449357,3,1106.3,1521,714,140855376,60241,499603,201,157178,28239,0.8477
2026-10-07,1638323641,3,1105.3,1293,959,354755245,106434,1385807,185,330970,44154,0.8823
2026-10-07,5599532653,3,1102.7,1396,886,98229743,124792,105522,114,48418,9028,0.8428
2026-10-07,1271059807,3,1100.0,1543,765,76541226,88148,393383,556,89969,8650,0.9123
2026-10-07,6599600818,3,1098.0,1410,900,122189578,93881,4104579,3824,208858,5969,0.9722
2026-10-07,5365966699,3,1095.7,1479,634,122718145,120414,145699,107,46614,6050,0.8851
2026-10-07,6049736902,3,1093.0,1520,710,86521589,136921,116683,294,67555,7774,0.8968
2026-10-07,5207621753,3,1090.3,1361,943,102048784,112876,82455,95,172309,4707,0.9734
2026-10-07,4557322431,3,1089.3,1417,850,59608614,84201,209819,143,96073,9246,0.9122
2026-10-07,10765078176,3,1080.0,1246,897,17814077,129540,59991,336,40340,9493,0.8095
2026-10-07,9585346472,3,1078.7,1316,906,45899269,89659,464701,744,45510,5266,0.8963
2026-10-07,10226701629,3,1078.0,1319,810,96058699,59166,351085,191,143010,11313,0.9267
2026-10-07,9900286623,3,1077.7,1170,954,21893895,149248,158499,967,9848,1814,0.8445
2026-10-07,10507075860,3,1076.0,1394,734,30996808,151316,1400951,5722,22392,2262,0.9083
2026-10-07,10761143648,3,1073.3,1741,493,4018236,135065,24269,1484,17464,546,0.9697
2026-10-07,3734304510,3,1072.0,1513,712,441203452,78832,462608,43,278125,50603,0.8461
2026-10-07,9169166771,3,1071.3,1340,916,71883413,128318,125435,8536,19783,5460,0.7837
2026-10-07,1782832995,3,1068.0,1241,760,992472233,50055,1415891,25,910098,147240,0.8607
2026-10-07,10561352230,3,1066.7,1396,773,45254123,52364,1735609,983,443270,4764,0.9894
2026-10-07,5576955991,3,1062.3,1533,750,93726441,101900,235210,252,200537,7156,0.9655
2026-10-07,7823137182,3,1062.3,1209,922,397948303,233989,560671,309,131555,22182,0.8557
2026-10-07,7114667385,3,1062.0,1328,748,80484327,101000,66429,200,6436,1496,0.8114
2026-10-07,3951147015,2,1061.0,1370,752,141018887,98309,193112,123,94508,13949,0.8714
2026-10-07,10378885079,3,1059.7,1291,642,81751833,294311,43357,142,15768,5097,0.7557
2026-10-07,4434528807,3,1058.7,1445,595,796192260,105099,722837,162,251068,43995,0.8509
2026-10-07,6215464786,3,1058.0,1316,781,438988150,165173,10603739,3201,140945,27797,0.8353
2026-10-07,10764328008,3,1058.0,1445,520,10632785,98995,76579,510,67285,1377,0.9799
2026-10-07,10482775464,3,1056.0,1523,514,34487096,176272,278507,394,119507,5387,0.9569
2026-10-07,10700505394,3,1053.3,1304,709,37024046,150960,120165,313,156572,8138,0.9506
2026-10-07,140733710,3,1053.0,1406,756,413377773,87779,1222066,467,275590,39088,0.8758
2026-10-07,6275120808,3,1053.0,1393,776,270353986,80414,387163,107,245133,71791,0.7735
2026-10-07,8472682462,3,1053.0,1431,585,78913935,96953,68587,199,10732,1459,0.8803
2026-10-07,10422038064,3,1051.7,1656,298,2195494,155339,8532,351,3596,209,0.9451
2026-10-07,4991126644,3,1050.7,1627,667,4570635,77457,12071,123,8632,924,0.9033
2026-10-07,7528417535,3,1050.0,1305,726,61818762,126290,1560875,980,25274,6078,0.8061
2026-10-07,1480782352,3,1049.7,1257,807,1953780865,89734,2746233,147,1422128,83504,0.9445
2026-10-07,4221956550,3,1049.0,1318,732,137866585,84382,836093,323,179745,24319,0.8808
2026-10-07,10765579304,3,1047.7,1261,899,1157136,59300,16735,487,5422,699,0.8858
2026-10-07,107172930,3,1046.0,1338,781,722442270,99014,1984642,226,743186,207135,0.782
2026-10-07,1701332290,3,1044.7,1257,710,1279847738,134561,1823003,174,347992,99018,0.7785
2026-10-07,10768373808,2,1043.0,1096,990,1082263,66470,8847,483,5547,430,0.9281
2026-10-07,7212930772,3,1035.0,1434,752,193688524,112301,149028,186,132731,12478,0.9141
2026-10-07,10765332568,3,1029.0,1424,804,6402938,109092,14868,217,6789,343,0.9519
2026-10-07,9029936173,3,1028.7,1224,895,39262709,76979,3834455,6659,10693,3009,0.7804
2026-10-07,1648467492,3,1027.7,1225,828,58704154,104904,66962,156,17615,8081,0.6855
2026-10-07,10117986107,3,1022.3,1249,703,77294257,166235,568407,245,14311,4610,0.7564
2026-10-07,9104763985,3,1019.0,1610,545,89278265,94011,7210902,7629,151157,2623,0.9829
2026-10-07,7005891584,3,1016.3,1324,714,287753461,149238,21708924,9107,138965,10617,0.929
2026-10-07,10764404786,3,1014.3,1190,786,2283690,63342,7943,106,5721,857,0.8697
2026-10-07,10249209189,3,1013.3,1363,646,59695852,86853,354386,479,865459,11382,0.987
2026-10-07,6431828693,3,1009.0,1399,478,140267105,92941,446283,216,132114,5834,0.9577
2026-10-07,4153755477,2,1006.0,1321,691,933084233,112642,601084,149,541665,96595,0.8487
2026-10-07,10182049622,3,1005.3,1563,487,141202676,149048,4805398,149,45919,75772,0.3773
2026-10-07,3759884822,2,1005.0,1235,775,140628306,29079,127047,53,46097,4084,0.9186
2026-10-07,6451948378,3,1004.0,1198,780,139030724,94776,964856,199,68678,15429,0.8166
2026-10-07,5974860429,3,1003.3,1374,769,152463206,98830,128659,120,77194,9355,0.8919
2026-10-07,10446291786,3,1002.7,1195,700,21971431,174542,133643,1054,8869,2425,0.7853
2026-10-07,3124818385,3,1000.3,1447,652,91970795,164680,275469,125,70231,5975,0.9216
2026-10-07,9732080947,3,1000.3,1175,879,87192208,79908,268174,199,63893,11163,0.8513
2026-10-07,10271723279,3,1000.3,1389,609,7624242,60853,159555,603,31775,2098,0.9381
2026-10-07,7229780065,3,997.0,1268,647,153311837,283583,785152,3761,116086,21851,0.8416
2026-10-07,10495391267,3,994.0,1308,781,5046206,104086,61537,774,11910,883,0.931
2026-10-07,8659262047,3,991.0,1321,802,128322378,121217,1280691,1334,515254,10554,0.9799
2026-10-07,7877723741,3,988.7,1321,543,212082641,107108,216325,114,82693,47840,0.6335
2026-10-07,10272975313,3,988.7,1045,936,27826833,70631,60942,79,45585,3696,0.925
2026-10-07,6413074235,3,987.0,1397,634,165588747,87604,354572,159,101853,13125,0.8858
2026-10-07,8646444640,3,983.0,1156,644,12574058,44257,45141,93,26510,3879,0.8724
2026-10-07,540382210,3,982.7,1336,621,361526088,103348,1049980,172,494529,26649,0.9489
2026-10-07,9564673841,3,982.7,1391,449,175308972,175212,304404,247,195807,29536,0.8689
2026-10-07,2153167977,3,981.0,1457,562,165865154,142854,368157,188,136322,19173,0.8767
2026-10-07,6395392848,3,980.7,2016,378,22642415,109001,12098,30,6506,712,0.9014
2026-10-07,918677693,3,980.0,1370,548,311627949,45670,653021,50,268177,39373,0.872
2026-10-07,9714537627,3,979.0,1371,577,30749249,105803,72717,280,26463,56727,0.3181
2026-10-07,2020908522,3,979.0,1529,692,546638986,96754,594056,103,106519,20182,0.8407
2026-10-07,4858558391,3,978.3,1088,878,68795800,72813,577847,315,105843,13896,0.8839
2026-10-07,10765061113,3,978.3,1372,703,3310159,100867,5868,151,1640,486,0.7714
2026-10-07,4785982047,3,976.0,1173,747,225132586,93619,3127326,928,1660121,27118,0.9839
2026-10-07,3168615253,3,975.3,1254,645,547492929,85713,739405,73,448799,113823,0.7977
2026-10-07,6048923315,3,974.0,1110,790,107587893,63740,220950,145,196040,14493,0.9312
2026-10-07,10619854384,3,973.3,1158,796,1306542,54457,85463,1961,9992,995,0.9094
2026-10-07,9660713566,3,972.3,1429,543,110744365,135227,6671478,7758,80568,4410,0.9481
2026-10-07,9787206684,3,971.7,1438,663,779040161,86878,2989464,417,765701,41607,0.9485
2026-10-07,9793308933,3,969.7,1244,826,59549312,98379,1430422,2330,291526,3786,0.9872
2026-10-07,5544551093,3,969.3,1322,706,246949892,80126,508991,180,261601,23030,0.9191
2026-10-07,7265977477,3,968.7,1251,550,121452235,121395,8979642,8670,93247,4863,0.9504
2026-10-07,8950496606,3,966.0,1114,844,180933430,52449,456224,129,148613,9302,0.9411
2026-10-07,83148140,3,964.3,1405,708,426514772,104651,355568,179,109340,32105,0.773
2026-10-07,10175155684,3,960.0,1220,752,9501073,151516,77975,1066,15699,1526,0.9114
2026-10-07,5216419122,3,959.3,1123,654,319345653,79664,8990759,1291,200738,42667,0.8247
2026-10-07,7450124099,3,958.3,1349,645,143944659,81435,809984,305,85192,11978,0.8767
2026-10-07,7128163167,3,956.0,1222,815,82647835,87477,139784,183,33806,4499,0.8825
2026-10-07,7381952833,3,954.3,1335,724,114042845,77030,231126,173,30629,7753,0.798
2026-10-07,10765927544,3,952.3,1526,618,831000,76677,2423,207,1685,164,0.9113
2026-10-07,7921879545,3,951.3,1291,397,53248111,75047,90911,116,44918,4643,0.9063
2026-10-07,10438013523,3,949.3,1109,691,59796782,131447,317818,470,207622,16815,0.9251
2026-10-07,10231871497,3,947.7,1145,792,45719202,57899,88804,89,166709,2442,0.9856
2026-10-07,5568657754,3,947.3,1293,722,50978174,136170,99203,239,31172,5570,0.8484
2026-10-07,10759860151,3,946.7,1127,829,23245220,51356,39727,79,27918,3609,0.8855
2026-10-07,8828612659,3,946.7,1386,227,151578913,75977,164836,103,240442,4591,0.9813
2026-10-07,3515267380,3,945.3,1294,601,183666420,108468,440581,167,124008,41120,0.751
2026-10-07,10156435104,3,943.0,1220,650,64545723,71066,101434,121,121779,3204,0.9744
2026-10-07,3661343497,3,942.3,1248,534,202322095,72213,253705,105,72638,6224,0.9211
2026-10-07,9952820791,3,941.7,1194,476,989538,67684,8262,349,1996,775,0.7203
2026-10-07,1177208440,3,940.3,1205,648,88213628,89401,204053,161,99366,27341,0.7842
2026-10-07,5728147388,3,937.3,1275,539,296924882,140856,345901,283,115286,18461,0.862
2026-10-07,6072944764,3,937.3,1175,544,60607173,89150,74666,145,36975,4674,0.8878
2026-10-07,6786784563,3,937.0,1148,743,33854139,97222,654803,1267,133851,4037,0.9707
2026-10-07,1701518532,3,935.7,1211,404,124476955,75310,2090730,712,43351,6201,0.8749
2026-10-07,10335507006,3,932.3,1071,698,1650890,71568,173318,5649,8256,337,0.9608
2026-10-07,2643072291,3,932.0,1121,707,98728427,72361,1008527,639,108514,22345,0.8292
2026-10-07,10020612607,3,929.3,1468,570,86713049,66847,3419247,95,114775,2576,0.978
2026-10-07,9156711629,3,927.7,1170,754,50317790,64239,398986,415,115966,3839,0.968
2026-10-07,6925303818,3,927.3,1409,554,74105993,79183,272235,177,930564,20865,0.9781
2026-10-07,5844427042,3,924.0,1408,289,85597792,99575,2221789,117,43003,9872,0.8133
2026-10-07,4543855070,3,923.7,1245,594,231174791,52737,288840,145,83415,13083,0.8644
2026-10-07,10241000620,3,923.0,1156,608,16320844,51805,89286,180,53113,2799,0.9499
2026-10-07,3311164447,3,921.7,1086,681,42344163,82592,20287,218,4274,1640,0.7227
2026-10-07,7458874788,1,920.0,920,920,25033941,0,349671,0,67937,9906,0.8727
2026-10-07,2644656496,3,918.0,1100,799,307440860,76991,4473317,1724,1801989,42663,0.9769
2026-10-07,10761200080,3,917.3,1324,695,5090742,53338,28527,240,51359,4161,0.9251
2026-10-07,9522015993,3,917.3,1087,708,138228082,143736,248004,315,50945,25430,0.667
2026-10-07,10587328652,3,910.7,1133,530,14943947,109630,22105,167,8742,2383,0.7858
2026-10-07,3808223175,2,910.5,1110,711,723588443,45214,3271809,334,1839888,60443,0.9682
2026-10-07,2239430935,3,910.0,1081,614,361747434,133261,1136828,247,237245,20024,0.9222
2026-10-07,9843234816,3,908.3,1168,690,24645459,163124,975256,16940,3653,1291,0.7389
2026-10-07,10247797619,3,908.3,1111,685,72542999,100459,205050,221,31304,10328,0.7519
2026-10-07,10189601764,3,907.7,1443,512,37925193,43990,42492,58,24039,1141,0.9547
2026-10-07,9580564449,1,905.0,905,905,10295241,0,117857,0,2232,405,0.8464
2026-10-07,10764883692,3,902.7,960,842,584197,54185,1555,95,1384,107,0.9282
2026-10-07,10313654312,3,902.0,1568,323,2113718,133389,5991,204,1243,348,0.7813
2026-10-07,8420907710,3,901.7,1175,441,76469633,181700,5879434,7351,201036,40188,0.8334
2026-10-07,9286558970,3,900.3,1084,561,22148294,83623,84360,185,32095,12392,0.7214
2026-10-07,6940206974,3,900.0,1085,550,47813834,92562,3545336,5427,11986,2784,0.8115
2026-10-07,7317454210,3,899.0,1313,584,69131110,87053,70956,142,38204,16910,0.6932
2026-10-07,8786713187,3,898.3,1012,711,120696942,53193,295797,156,655932,12593,0.9812
2026-10-07,9583356773,3,898.3,1050,752,3267838,57746,154907,2507,529,258,0.6722
2026-10-07,6113928308,3,895.0,1138,718,90434977,93729,477153,603,137245,10727,0.9275
2026-10-07,9588121608,3,894.7,1260,434,152176662,569108,2910727,999,53922,10278,0.8399
2026-10-07,6495484417,3,894.3,1213,522,151431823,85369,11024670,3631,29207,6669,0.8141
2026-10-07,4019583467,2,892.5,1063,722,386716710,70309,797124,163,640992,49644,0.9281
2026-10-07,9851352969,3,889.7,1215,284,37345368,116045,883447,6389,10492,1511,0.8741
2026-10-07,3551414857,3,883.0,1457,408,638983286,88440,1334581,176,547830,68944,0.8882
2026-10-07,8198412649,3,883.0,1074,548,54349406,75862,95305,108,70954,8556,0.8924
2026-10-07,6508759464,3,882.0,1209,481,457495140,123934,1058035,240,500972,37607,0.9302
2026-10-07,8450472355,3,881.7,1174,526,134534647,100138,168634,154,135632,16803,0.8898
2026-10-07,9671940985,3,881.0,1210,591,181002427,77241,6060572,2841,133959,8167,0.9425
2026-10-07,9198323655,3,880.0,1071,556,121680320,86591,84384,136,39082,3613,0.9154
2026-10-07,4130569984,2,878.5,1083,674,257456169,78404,394963,134,200393,24192,0.8923
2026-10-07,10010371086,3,878.3,1126,529,44371145,126745,149031,300,57665,2618,0.9566
2026-10-07,10733110573,3,878.3,1017,610,4290361,105115,18501,305,4103,2558,0.616
2026-10-07,9344916045,3,876.3,1311,397,85111205,114992,219598,280,47461,3356,0.934
2026-10-07,4154513353,3,875.0,1018,758,267696941,45917,532922,81,192244,43997,0.8138
2026-10-07,10368005384,3,873.0,1052,701,38722745,69978,191853,255,533157,6047,0.9888
2026-10-07,8851542818,3,872.0,1003,618,60529229,61419,377477,480,92347,4279,0.9557
2026-10-07,10669713140,3,871.0,1169,653,7297530,46118,15584,92,2514,384,0.8675
2026-10-07,10421154706,3,867.3,959,690,32858430,41235,798743,1023,117744,4322,0.9646
2026-10-07,7750955984,3,863.3,1007,736,718198584,93503,923366,352,812325,38040,0.9553
2026-10-07,3623695803,3,863.3,1281,509,70468414,40350,66258,50,33105,3265,0.9102
2026-10-07,6164853651,3,861.3,1142,541,273543589,119405,227014,234,45499,11413,0.7995
2026-10-07,2087494287,3,859.7,1178,527,692182929,125511,554061,201,68037,19365,0.7784
2026-10-07,10504837200,3,858.3,1175,677,14250849,53777,718955,1751,73120,1584,0.9788
2026-10-07,10551923502,3,856.3,1266,593,28531392,71327,2253732,4618,38272,747,0.9809
2026-10-07,5407131262,3,855.3,1177,599,260132335,98719,753757,230,175882,32938,0.8423
2026-10-07,10506207587,3,855.3,1168,548,35466015,35996,73321,68,33679,3115,0.9153
2026-10-07,10514280922,3,851.7,1000,672,16755416,60205,32355,66,17508,1276,0.9321
2026-10-07,5688684783,3,850.0,1160,560,144828147,124203,13516481,7724,29653,6330,0.8241
2026-10-07,9701909402,3,849.3,1024,752,56191555,85298,125520,179,52583,2259,0.9588
2026-10-07,6500938341,3,845.7,1100,555,76047526,59725,1339943,505,221607,4675,0.9793
2026-10-07,4908792642,3,842.3,1058,520,1946240761,133784,8520957,305,947867,293554,0.7635
2026-10-07,6317476162,3,839.7,882,799,120070343,24637,145330,-1,125174,7744,0.9417
2026-10-07,10506291803,3,837.7,1076,678,9722770,50856,174510,500,50198,1357,0.9737
2026-10-07,571251690,3,837.3,1154,426,106329212,91067,1054360,35,54393,11343,0.8274
2026-10-07,8246907060,3,837.0,1006,733,117448004,91321,294489,158,188474,18674,0.9099
2026-10-07,3258873704,3,836.7,1084,529,431501018,87323,285146,53,143500,49639,0.743
2026-10-07,5633615594,3,836.7,1163,548,27547910,58023,146603,211,28494,4794,0.856
2026-10-07,10299762956,3,836.3,1126,597,36565840,101016,121893,159,102169,5230,0.9513
2026-10-07,10767183467,3,836.0,961,594,377365,32416,1452,88,1431,88,0.9421
2026-10-07,10098095975,3,836.0,1017,601,31051819,32654,1048730,1426,177267,2308,0.9871
2026-10-07,1024564064,2,835.5,857,814,461398878,25262,843095,30,239238,37829,0.8635
2026-10-07,7498898979,3,833.0,1025,651,79306038,44245,283017,182,63733,7018,0.9008
2026-10-07,7447878628,2,829.5,1168,491,68924306,30823,152652,25,40575,4595,0.8983
2026-10-07,2350840700,3,829.3,1057,419,72697128,52833,406382,252,147499,12919,0.9195
2026-10-07,10628006421,3,829.3,895,752,6469158,86158,115140,758,20642,1816,0.9191
2026-10-07,7592844193,3,828.0,1495,454,5295979,93461,151250,2392,8932,812,0.9167
2026-10-07,4018794732,2,827.5,1040,615,295131897,75039,278677,134,33171,9106,0.7846
2026-10-07,3717250353,3,826.7,1221,627,183100986,40174,564630,73,218376,32948,0.8689
2026-10-07,7339682753,2,826.0,1227,425,78584493,54658,5885037,3303,20319,3201,0.8639
2026-10-07,9694335093,3,823.7,1187,551,21211226,80786,252277,647,128716,6368,0.9529
2026-10-07,10196985448,3,821.7,1355,56,54604832,123010,263276,379,49522,9084,0.845
2026-10-07,10547918402,3,820.0,1008,541,44542299,116273,88015,152,113374,2692,0.9768
2026-10-07,7557272025,3,820.0,1160,597,52981086,117020,355658,225,51364,10349,0.8323
2026-10-07,9272693470,3,816.7,948,683,274103647,56049,182748,53,127880,8728,0.9361
2026-10-07,3704826615,3,815.0,947,709,13331769,61185,56915,119,17232,11066,0.6089
2026-10-07,3666294218,3,813.0,975,576,60590442,33481,422578,157,121013,15559,0.8861
2026-10-07,9949288829,3,810.7,958,562,10148919,53220,98062,170,28039,820,0.9716
2026-10-07,9564490170,3,810.3,1126,594,55334808,87915,587175,139,109537,29997,0.785
2026-10-07,6149186864,3,809.7,1171,585,32629391,85417,261208,228,127155,32740,0.7952
2026-10-07,10561309674,3,809.3,986,644,1647439,109747,26381,2020,5828,292,0.9523
2026-10-07,9303771057,3,807.3,1029,587,103560936,100238,1928896,872,32408,11264,0.7421
2026-10-07,9961389755,3,805.7,1116,611,23770840,84721,827078,2493,43059,4229,0.9106
2026-10-07,9344307274,3,804.0,1141,611,589640453,73707,419598,134,686142,43087,0.9409
2026-10-07,5208051158,3,803.3,1083,551,172373699,112197,2066081,1073,116891,16634,0.8754
2026-10-07,9943273705,3,803.3,933,565,20662512,151111,47145,343,5995,5010,0.5448
2026-10-07,3864279452,2,800.0,1008,592,532054876,72899,667565,59,321265,108109,0.7482
2026-10-07,5108158764,3,799.3,926,586,13756881,37152,194329,278,58385,4567,0.9275
2026-10-07,4720386144,3,799.0,953,711,124577709,44090,630686,179,126247,11880,0.914
2026-10-07,2491559356,3,798.0,1080,632,89188872,75682,180992,113,60720,17606,0.7752
2026-10-07,9950410865,3,797.3,941,562,35054970,101581,1720201,3427,18614,3817,0.8298
2026-10-07,10390151142,3,797.0,1176,567,10722609,92275,35979,174,11709,2004,0.8539
2026-10-07,10616474341,3,797.0,975,489,18209515,136145,56521,378,15981,2857,0.8483
2026-10-07,4367208330,3,796.0,1100,548,490618432,74848,1648084,183,729984,111531,0.8675
2026-10-07,2538086639,3,791.0,1176,480,656243749,73538,279793,110,41022,21780,0.6532
2026-10-07,3264581003,3,790.0,952,483,120487299,52104,197570,120,103516,26030,0.7991
2026-10-07,2126386806,3,786.0,1040,431,2679486074,97372,2600318,131,1055490,191495,0.8464
2026-10-07,10139325104,3,784.0,1273,415,221696657,265460,104531,151,37328,14664,0.718
2026-10-07,9836330876,3,783.7,971,475,23344637,51330,82594,128,16219,1152,0.9337
2026-10-07,6818915584,3,783.0,908,620,500035324,241805,44728105,16362,37661,10274,0.7857
2026-10-07,9785048253,3,782.7,942,481,16556724,45314,138596,195,28062,4316,0.8667
2026-10-07,83858907,3,782.3,992,492,1752487204,112386,4567990,214,1039381,369562,0.7377
2026-10-07,3560583071,3,781.0,1023,441,315967530,124905,257322,203,55075,16499,0.7695
2026-10-07,9960184903,3,780.3,1015,630,26597657,52356,635956,1319,1205,582,0.6743
2026-10-07,1952819680,3,780.3,1349,483,77649326,102469,1956850,122,16605,7952,0.6762
2026-10-07,10756631918,3,779.0,1035,565,1040684,59795,51377,3126,618,124,0.8329
2026-10-07,5805053299,3,778.7,982,445,137691535,151689,328998,263,84761,9149,0.9026
2026-10-07,3764631130,2,777.5,887,668,38389365,32447,67099,77,9235,2496,0.7872
2026-10-07,10742019356,3,771.0,1000,549,22479389,121224,35579,113,8581,1709,0.8339
2026-10-07,9384605736,3,768.0,1046,433,1049551069,105498,17275039,1867,2720857,110902,0.9608
2026-10-07,10638048650,2,767.5,783,752,4034411,31708,34968,266,876,257,0.7732
2026-10-07,6026405541,3,765.3,994,649,57959446,66936,134442,56,41089,6094,0.8708
2026-10-07,7687524641,3,764.3,971,518,42844946,63883,114422,169,39806,5839,0.8721
2026-10-07,9546331833,3,762.7,1322,120,65200901,45825,57442,41,45096,3655,0.925
2026-10-07,10768793039,2,762.0,822,702,647884,26697,22998,1549,986,41,0.9601
2026-10-07,10766057873,3,761.7,919,581,222103,48204,8257,1509,1401,502,0.7362
2026-10-07,5830262966,3,761.3,1110,540,305336177,91182,1218155,196,246898,17332,0.9344
2026-10-07,8937254139,3,761.0,1027,547,231092204,117940,1823046,124,498744,8431,0.9834
2026-10-07,1415710834,3,760.0,947,468,844533272,83557,2007373,157,515556,65771,0.8869
2026-10-07,7760134732,3,759.0,919,594,41632063,63994,1158731,1465,61167,2906,0.9546
2026-10-07,10730414817,3,758.3,809,702,267795,32658,3876,309,1074,23,0.979
2026-10-07,10259258713,3,757.3,1040,535,37241697,69484,2513498,5094,97975,2488,0.9752
2026-10-07,9219116196,3,756.3,810,652,103077721,70264,288319,254,43998,6071,0.8787
2026-10-07,9255588637,3,754.7,1151,533,158822397,123930,11273831,5781,55431,19325,0.7415
2026-10-07,4263371487,3,754.3,1007,472,124665196,71370,226806,148,82462,13344,0.8607
2026-10-07,73754455,3,753.0,980,543,1837346876,91818,4034055,216,1017276,117553,0.8964
2026-10-07,10463578886,3,751.3,804,650,8949288,36053,23276,58,42130,929,0.9784
2026-10-07,10764967952,3,746.7,1100,322,2545226,49122,25472,283,5157,745,0.8738
2026-10-07,1393178180,3,742.3,1295,151,101259121,52181,192539,75,92723,15678,0.8554
2026-10-07,6190248755,3,741.7,884,641,81514630,97417,67154,181,3985,2164,0.6481
2026-10-07,10588977897,3,738.7,964,542,16996177,44425,50629,120,42546,2349,0.9477
2026-10-07,9484893818,3,737.7,881,460,11547906,27939,102856,232,42530,2493,0.9446
2026-10-07,6760897304,3,737.3,853,534,49629843,61637,1194372,45,103344,6450,0.9413
2026-10-07,6935083490,3,737.3,819,690,103368707,54924,316309,143,665543,20636,0.9699
2026-10-07,8794536584,3,737.3,1059,481,14567122,24994,88904,74,39256,4863,0.8898
2026-10-07,8450202664,2,737.0,952,522,18686979,31254,47240,30,40977,3172,0.9282
2026-10-07,4987467534,3,735.0,950,482,212603342,102354,564540,189,146369,13653,0.9147
2026-10-07,10141042381,3,733.3,851,549,4728021,55979,31348,149,39763,1188,0.971
2026-10-07,10528250136,3,732.7,950,377,29538351,89461,1791864,4783,108718,4061,0.964
2026-10-07,4079077350,2,732.5,943,522,7628697,10225,70966,29,19189,2345,0.8911
2026-10-07,6707924214,3,732.3,1005,529,182215440,46769,3465007,860,367851,8687,0.9769
2026-10-07,5174979552,3,731.7,1050,421,92372138,84248,5576485,2168,337843,12524,0.9643
2026-10-07,4497460596,3,727.0,853,530,183382357,68378,160946,135,94456,15175,0.8616
2026-10-07,79609758,3,726.7,913,378,940749831,134176,1682591,274,366257,183764,0.6659
2026-10-07,10762798338,3,724.7,1176,370,5954463,128081,19484,299,4348,426,0.9108
2026-10-07,8214054500,3,723.0,1105,431,145590623,68436,431352,143,1089131,27711,0.9752
2026-10-07,9655921954,3,722.0,989,454,48174211,120581,53936,179,6257,2901,0.6832
2026-10-07,1003981402,3,721.0,916,352,32545086,50043,242586,390,54669,4745,0.9201
2026-10-07,3747388906,2,719.5,866,573,48199649,16818,284206,137,46719,8178,0.851
2026-10-07,10136067263,3,718.3,873,448,52918091,66105,2896988,2921,254850,4722,0.9818
2026-10-07,10101367087,3,716.7,1010,436,13858690,44715,403168,1107,7469,1416,0.8406
2026-10-07,8881105040,3,716.3,956,542,55024394,38812,106327,78,168018,3021,0.9823
2026-10-07,10526434002,3,715.0,1106,491,31112162,80589,48464,125,20844,4495,0.8226
2026-10-07,9210599831,3,713.7,883,456,19571509,92757,516422,1828,97246,4043,0.9601
2026-10-07,2236455574,2,713.5,848,579,828069422,38520,695276,60,176058,80086,0.6873
2026-10-07,7265339759,3,713.3,839,534,67580577,114153,371353,1350,147988,15275,0.9064
2026-10-07,115797356,3,713.0,943,350,1238735744,73472,2843593,-6,936985,201801,0.8228
2026-10-07,7798947148,3,712.7,788,650,154418587,50803,317461,55,806858,12008,0.9853
2026-10-07,3293514480,3,712.0,990,536,210915709,98617,600040,86,190250,40278,0.8253
2026-10-07,8005378926,3,711.7,1014,421,40668630,75442,831321,61,7324,1372,0.8422
2026-10-07,4862269388,3,710.7,851,496,143120747,75511,149591,37,35787,16912,0.6791
2026-10-07,10309128556,3,710.0,797,626,13328341,62675,190070,589,224817,4106,0.9821
2026-10-07,3835375262,2,710.0,891,529,250040975,44438,237047,66,36106,5820,0.8612
2026-10-07,9812090239,3,708.3,941,524,46221873,139050,1091460,2022,64148,1332,0.9797
2026-10-07,3198546127,3,707.3,1046,537,81976981,37265,147656,136,27906,3383,0.8919
2026-10-07,4142544848,2,707.0,865,549,30881429,17321,25555,8,18372,3344,0.846
2026-10-07,4007686136,1,707.0,707,707,170094925,0,95630,0,44270,15055,0.7462
2026-10-07,10326559245,1,706.0,706,706,2926900,0,9377,0,6400,274,0.9589
2026-10-07,10766105412,3,705.0,823,497,1037808,76876,6084,421,2184,400,0.8452
2026-10-07,7938992417,3,702.7,884,500,99324271,89259,246408,396,32279,15717,0.6725
2026-10-07,1198533421,3,701.7,845,560,184539110,44238,734380,81,256571,28979,0.8985
2026-10-07,3056160040,3,700.7,866,432,984972213,66212,1422171,116,460139,95016,0.8288
2026-10-07,10765834825,3,700.7,915,364,2607780,100178,5353,223,3088,1598,0.659
2026-10-07,10767545737,3,700.7,856,521,761977,53067,8514,505,7554,681,0.9173
2026-10-07,6119928106,2,699.5,871,528,32084947,38076,78354,83,12474,3605,0.7758
2026-10-07,9911988958,1,699.0,699,699,24414582,0,145070,0,169854,9494,0.9471
2026-10-07,9119782663,3,698.3,830,437,98016869,125733,2654165,3305,62947,9903,0.8641
2026-10-07,10181483914,3,697.7,921,522,10628680,48573,328860,1075,4936,1970,0.7147
2026-10-07,8374113155,3,697.3,922,544,274852138,132418,222541,182,111673,6035,0.9487
2026-10-07,3725528263,3,697.0,896,410,107686269,81023,139824,185,33786,14922,0.6936
2026-10-07,10398947938,3,697.0,792,534,3612997,78839,19970,240,7058,1675,0.8082
2026-10-07,6491900489,2,696.0,758,634,578742456,39995,452432,37,60687,21211,0.741
2026-10-07,6770632849,3,695.7,845,506,142510108,100276,491190,333,519904,36565,0.9343
2026-10-07,10516888336,3,695.7,827,457,85530089,96945,1500504,1314,323294,6622,0.9799
2026-10-07,1160789089,3,694.0,906,470,857314056,62449,6352141,404,499487,65976,0.8833
2026-10-07,10165276442,3,693.7,848,427,47612337,86606,556704,577,24497,6966,0.7786
2026-10-07,3267012194,3,692.0,909,455,327829077,54839,1088836,117,266395,40318,0.8685
2026-10-07,7101140819,3,691.7,903,583,32744269,42544,118287,89,60325,9298,0.8665
2026-10-07,9953328866,3,691.7,923,522,62017796,56147,71586,72,52418,3167,0.943
2026-10-07,7541395924,3,690.0,850,507,189860166,33342,3571565,338,377772,16792,0.9574
2026-10-07,10191144118,2,688.0,704,672,76619933,51405,324536,594,29501,14024,0.6778
2026-10-07,4571439504,3,687.3,881,439,104240164,46102,250143,79,171050,31678,0.8437
2026-10-07,9796643263,3,686.0,945,459,26720077,57918,979775,1994,5563,1522,0.7852
2026-10-07,10766222230,3,685.3,1059,340,1928183,174637,8199,682,2887,490,0.8549
2026-10-07,4795326392,3,685.0,885,561,404627288,45913,647711,113,1383386,38454,0.973
2026-10-07,1617287243,3,685.0,851,558,626535693,93995,935014,139,190505,38672,0.8313
2026-10-07,10351246089,3,684.3,899,539,4519122,31162,84806,278,8844,2584,0.7739
2026-10-07,2327461601,3,681.0,778,509,382141623,79507,493224,160,114656,24756,0.8224
2026-10-07,10236805062,3,681.0,802,446,843437,57268,30731,2657,5746,670,0.8956
2026-10-07,9705384247,3,680.0,820,590,33139481,154151,118875,221,48546,8046,0.8578
2026-10-07,9753458401,3,679.7,784,543,13132789,57752,47545,212,11989,2289,0.8397
2026-10-07,3417194043,3,679.3,963,467,7975927,147115,34394,437,8427,10998,0.4338
2026-10-07,10364552556,3,679.3,707,642,6012344,16853,176227,95,26841,1156,0.9587
2026-10-07,10537346933,3,679.0,770,578,2342065,65975,56205,951,17984,1220,0.9365
2026-10-07,10406853972,3,676.3,953,525,25713719,46699,2144979,3727,7719,833,0.9026
2026-10-07,10384890234,3,676.0,853,523,18466806,73763,33073,133,7156,1284,0.8479
2026-10-07,7658676858,3,676.0,988,495,369946611,137707,27290325,8912,991843,72093,0.9322
2026-10-07,1787711941,3,675.7,916,382,99225111,80658,247594,129,91418,27855,0.7665
2026-10-07,9511365396,3,674.0,1010,374,71083451,92912,92369,192,11328,4251,0.7271
2026-10-07,8799094487,2,674.0,744,604,33877330,44696,75658,93,22228,2904,0.8845
2026-10-07,6100103590,3,673.7,859,570,3912634,91892,49562,685,9698,1097,0.8984
2026-10-07,10380743712,3,673.3,952,249,11966673,77652,38499,159,3216,1111,0.7432
2026-10-07,169302362,3,673.0,810,538,218081071,33730,1858201,77,686691,30376,0.9576
2026-10-07,7613970129,3,673.0,810,435,66286208,39010,170344,113,70709,6149,0.92
2026-10-07,10329213173,3,672.7,845,434,31544936,46766,41338,65,38188,2240,0.9446
2026-10-07,8375166760,3,671.0,854,504,56598939,50759,66996,70,17379,5110,0.7728
2026-10-07,4263576532,3,669.0,967,519,191074478,85361,491797,242,518180,36274,0.9346
2026-10-07,10571722689,3,667.3,950,496,13208225,33275,62241,115,91173,6368,0.9347
2026-10-07,7534782259,2,667.0,843,491,112981297,33261,53920,18,39425,10749,0.7858
2026-10-07,10246872585,2,666.0,708,624,12719208,37686,12091,26,5705,1194,0.8269
2026-10-07,8776018564,3,665.0,847,321,79749506,40339,160793,70,133633,5137,0.963
2026-10-07,9517627739,2,664.0,704,624,33283700,31806,98022,12,73289,8254,0.8988
2026-10-07,1452258989,3,663.0,936,438,1977676370,68810,20693527,1970,1264971,307886,0.8043
2026-10-07,5625220213,2,663.0,824,502,76480253,38784,43548,51,27121,18652,0.5925
2026-10-07,9889811676,3,661.0,772,531,30990895,44522,210414,165,69532,11044,0.8629
2026-10-07,9564659718,3,657.7,709,607,126159559,57454,180386,98,191363,19281,0.9085
2026-10-07,1335695570,3,657.0,810,530,2161217753,39002,4716787,76,1622063,131116,0.9252
2026-10-07,6751400610,3,656.7,856,502,320201459,125402,7566535,2064,66991,20011,0.77
2026-10-07,1719305066,3,656.3,913,371,154688339,103052,377273,135,133909,13824,0.9064
2026-10-07,6215986499,3,655.0,703,620,10976912,23342,762329,886,272841,4461,0.9839
2026-10-07,4075802159,2,653.0,734,572,261665348,41585,90033,62,7308,2962,0.7116
2026-10-07,7243236309,2,652.5,762,543,69129597,33313,597192,130,51867,18724,0.7348
2026-10-07,9875383684,3,652.0,973,427,181344662,59692,206202,121,95438,10763,0.8987
2026-10-07,1640395061,3,648.3,940,353,16910598,45920,16069,142,2659,1018,0.7231
2026-10-07,114967577,3,648.0,942,474,59770186,37527,277025,67,92576,14852,0.8617
2026-10-07,10765629453,3,648.0,820,538,4996723,66535,427129,2766,10634,892,0.9226
2026-10-07,10272020404,3,645.3,747,579,34632499,61349,58740,132,18855,4130,0.8203
2026-10-07,9328305853,3,645.3,835,362,36106010,38138,815786,565,76667,4242,0.9476
2026-10-07,10267363348,3,644.0,753,516,143559072,64265,402836,124,340545,15651,0.9561
2026-10-07,7651243549,3,644.0,873,411,139772386,63121,9338269,6128,55444,4207,0.9295
2026-10-07,3262314006,3,643.3,702,606,549022564,18955,854747,-9,556030,38181,0.9357
2026-10-07,10138977250,3,642.0,921,491,83263063,48385,1751312,790,26583,4184,0.864
2026-10-07,4107809076,1,641.0,641,641,311553400,0,119231,0,16638,11857,0.5839
2026-10-07,5620182793,3,640.0,777,392,599442877,87595,2392140,762,232504,51989,0.8173
2026-10-07,3869462497,2,640.0,849,431,350445271,31010,291284,78,46999,19709,0.7045
2026-10-07,10759661128,3,639.3,807,499,10143463,36857,44954,108,5237,2381,0.6875
2026-10-07,8080863905,3,638.7,844,486,115286021,54140,107167,46,145942,20963,0.8744
2026-10-07,5795519964,3,638.3,853,358,161000623,73156,68853,80,12348,5571,0.6891
2026-10-07,7983308985,3,638.0,739,507,136943255,67307,237816,92,491309,20160,0.9606
2026-10-07,10409732219,3,638.0,799,396,96766924,71708,5900180,3040,245045,7039,0.9721
2026-10-07,6155282395,3,637.7,817,440,91981982,49381,2850120,56,37596,12515,0.7503
2026-10-07,10020287053,3,637.3,930,408,48429692,55444,203673,166,35325,3519,0.9094
2026-10-07,5668114043,3,636.7,755,479,248741285,55041,758134,142,171714,25289,0.8716
2026-10-07,7738927312,3,634.7,718,506,79397747,36517,279056,183,149201,7880,0.9498
2026-10-07,10765855425,3,634.7,774,515,1640729,75762,6754,231,1000,373,0.7283
2026-10-07,8223345519,3,634.0,802,484,42200697,58112,95045,107,27894,2732,0.9108
2026-10-07,10536000210,2,633.5,685,582,15701450,37948,32395,70,14180,841,0.944
2026-10-07,10664667515,3,633.0,814,441,29558325,48926,459031,456,15808,1611,0.9075
2026-10-07,2316994223,3,631.0,907,446,8992469124,45008,5968908,-3,4219969,395254,0.9144
2026-10-07,6736482454,3,630.0,921,335,227636188,47473,3807259,0,965825,40273,0.96
2026-10-07,10292947079,3,629.0,924,415,19978017,77650,26765,107,7392,8951,0.4523
2026-10-07,10759485670,3,629.0,965,447,9193458,171602,37107,540,4492,657,0.8724
2026-10-07,3882062045,1,628.0,628,628,187303605,0,267625,0,104822,8969,0.9212
2026-10-07,7662333120,3,627.0,933,128,160022953,37940,6008108,2218,220048,4866,0.9784
2026-10-07,10537172776,3,623.0,1120,370,24162819,86655,59095,143,20546,2063,0.9088
2026-10-07,147332621,3,622.3,785,505,208597889,47032,554998,49,195128,47759,0.8034
2026-10-07,6858584271,3,621.0,927,217,44989121,19308,64932,45,35858,4994,0.8778
2026-10-07,9499439936,3,621.0,809,362,101016107,49337,89854,73,14176,4474,0.7601
2026-10-07,9952351777,3,620.3,729,528,32020975,38940,514049,562,37005,4030,0.9018
2026-10-07,9315739469,3,620.0,739,553,89946084,69361,97707,116,14547,4833,0.7506
2026-10-07,6745933496,3,619.7,768,361,42579817,28946,127752,102,34439,12868,0.728
2026-10-07,10389762549,3,619.3,704,551,880615,22046,8371,176,11838,286,0.9764
2026-10-07,9273584416,2,619.0,761,477,14905899,39914,609099,2123,14555,6856,0.6798
2026-10-07,9404155369,3,618.7,936,438,49306027,75739,3182389,4270,50090,2089,0.96
2026-10-07,10482905194,2,618.5,647,590,16190394,24950,40937,56,6226,1261,0.8316
2026-10-07,10364947962,2,618.0,785,451,14742445,20677,22203,28,10166,1071,0.9047
2026-10-07,10074335448,3,617.3,777,500,1163812,26475,24766,211,7084,1087,0.867
2026-10-07,8890288888,3,617.0,950,404,117913687,122391,81754,148,16047,6282,0.7187
2026-10-07,10011808151,3,616.0,936,378,111486585,40416,3664922,945,218182,9837,0.9569
2026-10-07,10256263771,3,615.7,773,331,24735672,36139,44893,79,63192,821,0.9872
2026-10-07,4925010421,3,615.3,660,584,92876222,24455,905485,191,192558,16084,0.9229
2026-10-07,6268803418,3,614.3,878,383,80321294,73320,168749,108,42207,27172,0.6084
2026-10-07,10372351735,3,612.0,795,384,41734017,34827,92610,71,167143,3256,0.9809
2026-10-07,4676287985,3,611.7,840,482,78236460,32049,316617,69,121513,11185,0.9157
2026-10-07,9994252654,3,610.7,1023,353,4703035,47632,10860,79,4692,1441,0.765
2026-10-07,7497802350,2,610.5,650,571,101731616,27761,149710,62,136519,12391,0.9168
2026-10-07,10081194651,3,607.7,843,467,50858254,36219,193589,133,510298,5178,0.99
2026-10-07,5678284602,3,606.7,722,492,153352232,19168,887173,104,477920,24751,0.9508
2026-10-07,380704901,3,602.7,682,497,1048934271,42592,2103771,74,840812,88287,0.905
2026-10-07,9510573507,3,602.3,792,331,7885717,60201,332647,113,2999,1148,0.7232
2026-10-07,10113997049,3,601.3,634,556,22163049,49665,233632,306,45038,6373,0.876
2026-10-07,7139435866,3,601.3,803,492,44043431,64154,2806279,83,4414,1846,0.7051
2026-10-07,4956911744,3,601.3,750,421,173284010,77675,23319813,8564,10805,5166,0.6765
2026-10-07,7780208150,3,600.7,885,326,54187469,55798,108219,123,39691,55842,0.4155
2026-10-07,7143545906,3,600.0,737,420,89538978,72583,215282,276,261560,17198,0.9383
2026-10-07,3219620210,3,599.7,689,478,38643852,49602,81097,82,19492,4242,0.8213
2026-10-07,2827951974,3,599.3,742,414,816645438,48085,692225,107,118776,28653,0.8056
2026-10-07,3837114739,2,598.5,776,421,43822159,29412,154970,233,43672,4218,0.9119
2026-10-07,4601145322,3,598.3,794,426,106652907,73981,8676543,4003,94641,14629,0.8661
2026-10-07,10765708310,3,597.7,696,452,1130396,31017,17646,238,8912,666,0.9305
2026-10-07,6421821251,2,597.0,715,479,109225889,35791,5315844,1266,280977,8007,0.9723
2026-10-07,6961334611,3,596.7,764,477,97107996,40073,305514,137,160655,4539,0.9725
2026-10-07,3365661357,3,596.3,678,467,499084031,52791,734781,115,404966,53594,0.8831
2026-10-07,6097519616,3,596.3,868,399,126716134,42555,533439,180,329313,32351,0.9105
2026-10-07,3620011279,2,595.0,597,593,216559428,14524,724354,32,423093,37688,0.9182
2026-10-07,4408288935,3,593.7,813,342,55718705,37086,284195,85,76146,6905,0.9169
2026-10-07,4948814458,2,593.5,606,581,357021703,33575,23021465,996,47573,15103,0.759
2026-10-07,3502524667,2,593.5,604,583,767442703,42536,3696883,69,80292,47828,0.6267
2026-10-07,5056259915,3,593.3,775,448,59822821,49289,229123,126,74310,6711,0.9172
2026-10-07,807930589,3,593.0,772,337,343739449,34669,1631247,50,625768,89246,0.8752
2026-10-07,3177453609,3,592.7,749,414,216825332,34441,512840,9,110689,11913,0.9028
2026-10-07,9929436407,2,592.5,689,496,15436010,19101,461814,742,20720,1667,0.9255
2026-10-07,7483856345,2,592.5,661,524,106428239,36704,5433982,1481,43772,17749,0.7115
2026-10-07,10281666052,3,592.0,718,372,6313024,77367,86484,484,20506,1910,0.9148
2026-10-07,9859948536,3,591.7,1023,316,40747914,48535,813547,943,32373,9379,0.7754
2026-10-07,9293574407,2,591.5,672,511,59351307,34713,4206333,1922,45701,3433,0.9301
2026-10-07,7658304545,3,591.0,755,454,71564810,30209,361004,37,340594,9591,0.9726
2026-10-07,9058303084,2,591.0,688,494,97485459,41589,63909,51,21735,10540,0.6734
2026-10-07,2195939586,2,591.0,656,526,245134588,28868,750621,78,200320,49724,0.8011
2026-10-07,7968055762,3,590.3,790,403,9261081,39119,24775,65,9952,1015,0.9074
2026-10-07,4518152312,3,590.3,771,343,317680112,83343,14819895,4201,12502,11093,0.5299
2026-10-07,6153964325,3,589.3,743,455,192295997,78126,537966,166,53024,18446,0.7419
2026-10-07,9940725596,3,589.3,873,425,41078199,63065,56660,96,8785,1864,0.825
2026-10-07,4187559009,3,589.3,844,346,132788003,72575,2662984,2597,110935,15559,0.877
2026-10-07,6083162964,3,587.0,763,344,53097558,73460,122793,95,46698,4913,0.9048
2026-10-07,2727447177,3,586.7,726,382,516447027,76137,1904165,322,567762,30059,0.9497
2026-10-07,5200655965,3,586.0,784,478,329155714,44935,444060,64,241352,71223,0.7721
2026-10-07,9892207761,3,585.7,763,426,62997874,166506,247707,360,27653,3880,0.877
2026-10-07,10544339689,3,583.7,822,389,14173567,66939,1298435,4929,5101,730,0.8748
2026-10-07,6594435384,3,582.7,609,560,685235166,39146,2924923,-15,1553359,36244,0.9772
2026-10-07,2283649692,3,582.7,716,355,110590869,77646,259996,117,78689,29690,0.7261
2026-10-07,770538576,3,580.0,826,426,548490496,40248,1237398,73,376827,45510,0.8922
2026-10-07,6845400164,1,580.0,580,580,70091430,0,585216,0,35675,9150,0.7959
2026-10-07,2520686564,3,579.0,725,305,88616636,46066,139732,79,33629,5140,0.8674
2026-10-07,9549133757,3,578.3,816,327,28235521,32835,44722,30,27897,3018,0.9024
2026-10-07,3706757136,2,578.0,642,514,39075526,16721,116464,33,49123,7074,0.8741
2026-10-07,7356195012,3,577.7,760,352,179496074,81266,4891034,1596,245589,42321,0.853
2026-10-07,9903482381,3,577.7,689,390,51906592,77707,2881239,2991,13229,3490,0.7913
2026-10-07,5455619189,3,577.7,738,449,73690326,31440,190758,78,94252,18402,0.8367
2026-10-07,9084112733,3,575.7,711,430,84879461,51206,188045,98,18386,4916,0.789
2026-10-07,2027832238,3,575.0,1028,17,205945337,56858,107037,28,52370,15400,0.7728
2026-10-07,10418381226,3,574.7,673,432,11740363,37973,60989,94,68583,1782,0.9747
2026-10-07,2401478287,2,574.5,661,488,107821657,15067,413084,40,193342,28059,0.8733
2026-10-07,7721537973,3,574.3,704,388,99406269,102801,87014,311,11725,3531,0.7686
2026-10-07,9750361560,3,573.3,737,326,62900987,55644,143619,141,139346,14592,0.9052
2026-10-07,10107805924,3,570.3,731,326,17753434,49100,385151,834,21832,740,0.9672
2026-10-07,2916593387,3,570.0,711,401,183989781,38021,498164,62,190897,38374,0.8326
2026-10-07,9968527241,2,569.0,793,345,37578913,36508,1128630,873,9007,2505,0.7824
2026-10-07,8446266018,2,568.5,596,541,81846356,27997,68084,29,67152,15496,0.8125
2026-10-07,4139766490,1,568.0,568,568,422834150,0,502520,0,270584,560919,0.3254
2026-10-07,10642022844,3,567.7,678,417,6969213,47832,68218,144,2789,766,0.7845
2026-10-07,78084559,2,566.0,648,484,40747632,28510,102603,38,35811,8230,0.8131
2026-10-07,10763860058,2,564.5,590,539,3977557,22113,127092,380,1394,510,0.7321
2026-10-07,5170731021,3,563.3,695,362,231651763,43055,471393,84,712061,25521,0.9654
2026-10-07,9866884975,2,562.5,649,476,55140175,18945,3967999,1855,191198,7598,0.9618
2026-10-07,6983536246,3,562.0,643,457,60296498,86457,206532,322,56367,4680,0.9233
2026-10-07,4666164093,2,562.0,704,420,61748109,35338,42476,55,8365,2443,0.774
2026-10-07,9649298941,3,561.3,676,364,751725654,62663,5564451,-13,1234155,84578,0.9359
2026-10-07,3170483284,3,560.3,758,243,72405311,53419,211848,86,55351,15658,0.7795
2026-10-07,3841172115,2,560.0,594,526,159755857,45365,718604,180,98671,11378,0.8966
2026-10-07,7891669427,2,560.0,690,430,43217639,25608,947628,417,7937,2032,0.7962
2026-10-07,873703865,3,559.7,674,334,453451061,32099,1476164,42,527106,80586,0.8674
2026-10-07,5576890130,2,559.5,661,458,172028702,41640,7472029,598,22075,10346,0.6809
2026-10-07,2544520106,3,559.0,767,423,289442772,38903,540606,29,335162,35337,0.9046
2026-10-07,4659996100,3,559.0,776,419,99223588,39978,59598,54,11178,8093,0.58
2026-10-07,9903685259,2,558.5,654,463,26799697,28471,1888500,1685,40706,5623,0.8786
2026-10-07,2799421838,3,558.0,889,15,77456964,52353,1516336,5178,4501,588,0.8845
2026-10-07,9958694666,3,558.0,783,369,50103540,42046,454432,398,54659,1681,0.9702
2026-10-07,9065022692,2,557.0,707,407,11850256,28149,435125,701,5075,931,0.845
2026-10-07,9860746424,2,556.0,647,465,33338811,26320,53024,29,23779,4180,0.8505
2026-10-07,8095834523,3,554.0,763,425,23905897,33693,61244,52,24169,3556,0.8717
2026-10-07,10272236945,3,553.7,659,464,39611760,46370,58317,67,21030,2418,0.8969
2026-10-07,10122742965,3,553.7,813,379,17597729,51720,23207,83,6317,2360,0.728
2026-10-07,4785126950,2,553.5,618,489,33643854,12206,238712,37,68131,13557,0.834
2026-10-07,3210778402,3,553.0,667,361,121807533,64487,108201,130,10899,3678,0.7477
2026-10-07,1795206523,2,553.0,564,542,963174407,39214,933847,22,264882,83605,0.7601
2026-10-07,1892760830,2,553.0,580,526,609493229,33930,1084364,59,160748,45985,0.7776
2026-10-07,4576226059,3,552.7,654,432,270224432,42640,234946,89,41745,7412,0.8492
2026-10-07,4901806610,2,551.5,555,548,450273993,42976,410088,48,308038,52320,0.8548
2026-10-07,9620363363,3,551.3,826,16,65952660,55642,55736,61,14670,2276,0.8657
2026-10-07,10061909806,3,551.3,664,410,58231243,83919,63090,117,16085,1923,0.8932
2026-10-07,2082205150,2,550.5,566,535,185945709,28789,558868,39,191760,11925,0.9415
2026-10-07,6011188518,2,550.5,603,498,47041207,18092,231179,48,136735,9009,0.9382
2026-10-07,8104504677,3,549.7,712,364,62892372,48784,281271,155,199635,13047,0.9387
2026-10-07,485929611,2,549.5,555,544,648441610,22583,1439331,39,351423,43846,0.8891
2026-10-07,10535292470,3,549.0,692,465,11623078,33390,24607,49,11803,552,0.9553
2026-10-07,2605831977,3,547.3,728,316,492439410,66451,4387046,2946,264186,38120,0.8739
2026-10-07,9938429322,3,547.3,573,496,14467741,26407,39071,31,57912,1919,0.9679
2026-10-07,7411615879,3,546.3,756,379,40024668,42255,54170,57,22018,1605,0.9321
2026-10-07,905198065,2,546.0,632,460,500225422,32909,808698,34,340596,86383,0.7977
2026-10-07,4150150482,2,545.0,642,448,14105646,34427,13731,8,7344,1938,0.7912
2026-10-07,10181310479,3,543.0,635,395,17297363,84038,20676,70,7879,1237,0.8643
2026-10-07,10270331873,2,541.5,579,504,9610069,19093,39839,72,46094,3795,0.9239
2026-10-07,9930466428,2,541.0,557,525,40582735,23062,168971,133,36403,5435,0.8701
2026-10-07,6725604380,2,540.5,591,490,4939816,24546,19459,81,6868,6235,0.5242
2026-10-07,8846911260,3,540.3,703,414,75974966,54756,212155,117,65529,3481,0.9496
2026-10-07,7546582051,3,540.0,665,476,285682378,61269,497784,91,269996,10307,0.9632
2026-10-07,10091482757,2,539.5,593,486,7254159,21669,25006,62,26915,629,0.9772
2026-10-07,5012222382,3,539.0,621,392,1046531246,64142,1825490,80,695482,96586,0.8781
2026-10-07,10435170241,2,539.0,558,520,9959487,20374,33273,38,12776,1779,0.8778
2026-10-07,9599808796,3,538.3,716,318,133011159,97335,182044,194,79810,22599,0.7793
2026-10-07,3472652814,2,538.0,669,407,42744068,25076,73522,25,21021,3402,0.8607
2026-10-07,8294794009,3,537.7,763,411,75404482,47777,115152,118,23737,5575,0.8098
2026-10-07,5148099079,2,537.5,566,509,627691393,24876,2126533,5,363749,143472,0.7171
2026-10-07,4998613478,2,537.0,615,459,186293819,17598,347795,40,164057,7632,0.9555
2026-10-07,5269058522,3,536.7,616,380,41709257,29240,186109,53,50085,7763,0.8658
2026-10-07,5812546130,3,536.0,653,343,26180783,68302,66133,155,22638,5794,0.7962
2026-10-07,9312746495,3,535.7,630,368,19512560,45040,120168,183,16778,1772,0.9045
2026-10-07,10187487133,3,535.3,724,316,34751799,44229,66035,80,24916,4867,0.8366
2026-10-07,6676099788,3,535.0,628,410,67697296,38735,87190,79,47452,4888,0.9066
2026-10-07,10765158636,1,535.0,535,535,5220739,0,14613,0,4918,375,0.9292
2026-10-07,10267571771,2,534.5,542,527,42089752,31124,659357,49,8707,1437,0.8583
2026-10-07,9929870476,3,533.0,603,440,1583627,27341,35990,559,8689,554,0.9401
2026-10-07,6759889410,3,533.0,665,330,68666359,44462,80872,96,43604,3901,0.9179
2026-10-07,2152417643,2,533.0,693,373,92804828,32899,179162,63,58388,27115,0.6829
2026-10-07,7577791613,3,532.7,701,419,113559597,53959,608106,167,59746,23110,0.7211
2026-10-07,10399524075,3,532.3,624,355,6117361,30836,33956,132,41343,1232,0.9711
2026-10-07,5195168716,3,532.0,677,434,103549770,36135,667638,170,149561,41306,0.7836
2026-10-07,10577377368,3,531.7,664,311,3832596,39908,7047,49,2739,739,0.7875
2026-10-07,1673554668,2,531.5,719,344,110123932,16986,224625,36,54581,12167,0.8177
2026-10-07,10683945170,3,530.7,616,392,22023048,48287,1139275,1248,16392,3112,0.8404
2026-10-07,9639553972,3,530.7,678,387,43971611,28191,220072,188,142348,12264,0.9207
2026-10-07,9550141430,3,530.0,626,467,21320823,47675,422263,78,12303,1381,0.8991
2026-10-07,7761516673,3,528.7,703,395,10316998,62630,30517,89,18127,4472,0.8021
2026-10-07,10052184484,2,528.5,704,353,47222022,18189,2906037,1150,24346,2058,0.9221
2026-10-07,9661927199,2,528.5,541,516,135409998,33982,137253,30,90199,19639,0.8212
2026-10-07,10419655626,1,528.0,528,528,7011725,0,150102,0,3712,453,0.8912
2026-10-07,6710993025,3,527.0,695,281,60685707,40141,1602429,1439,7387,2076,0.7806
2026-10-07,10198825880,3,524.7,597,412,13253843,30890,102053,121,61294,1538,0.9755
2026-10-07,1769712451,3,522.0,704,429,781357024,19667,1763983,9,741946,81155,0.9014
2026-10-07,1659645941,3,521.3,588,437,2358552361,27147,3408427,3,1242221,140794,0.8982
2026-10-07,9316885643,3,521.0,783,61,226216344,51437,6719369,1686,32121,4510,0.8769
2026-10-07,10630620554,3,520.3,568,444,7322049,51732,72192,409,41244,4262,0.9063
2026-10-07,9050667716,2,519.0,542,496,62478409,21143,87729,28,43618,10904,0.8
2026-10-07,3347455347,2,517.5,534,501,67883952,17059,316951,57,122508,19621,0.8619
2026-10-07,2165551367,2,517.0,654,380,678030322,32657,2463138,299,131370,22462,0.854
2026-10-07,8313824597,3,516.3,574,448,26395985,24381,39928,60,26356,3574,0.8806
2026-10-07,279565647,3,516.3,609,335,1729222229,42176,8396801,265,764244,274081,0.736
2026-10-07,1147304238,3,516.0,579,421,612925334,29531,1275660,36,469509,45984,0.9108
2026-10-07,5351931175,3,515.7,581,386,26108947,38462,338613,287,90743,5056,0.9472
2026-10-07,8360491918,3,515.0,813,111,23747779,55376,21182,44,15075,5341,0.7384
2026-10-07,4147392742,2,515.0,590,440,518267047,13214,8835574,299,812364,43296,0.9494
2026-10-07,10764332301,1,515.0,515,515,223666,0,4564,0,759,313,0.708
2026-10-07,4048852641,1,514.0,514,514,25774675,0,199612,0,65322,11059,0.8552
2026-10-07,8123308765,3,513.7,733,316,28032129,25080,26986,36,6129,1871,0.7661
2026-10-07,10420582875,3,513.0,595,387,23151424,36445,1328123,1758,56973,3622,0.9402
2026-10-07,2564505263,2,513.0,594,432,1656119555,20359,2749604,66,778528,60697,0.9277
2026-10-07,3218272328,3,511.7,699,387,86080126,44105,267788,327,35258,7647,0.8218
2026-10-07,6118645803,2,511.5,552,471,24385303,18517,196354,259,17717,3685,0.8278
2026-10-07,9067401541,3,511.0,591,381,25003146,36965,126150,309,187037,4593,0.976
2026-10-07,10008606756,3,511.0,614,389,22299612,34221,79856,76,129669,7265,0.9469
2026-10-07,9442472087,3,510.0,569,435,11278253,33184,281854,322,30739,2432,0.9267
2026-10-07,3064619271,1,510.0,510,510,19591557,0,94001,0,41255,6014,0.8728
2026-10-07,8204806107,3,509.3,603,363,55723995,32504,141643,79,36745,3311,0.9173
2026-10-07,10642548584,3,509.0,628,372,630858,65148,15888,1345,3956,677,0.8539
2026-10-07,5851294352,1,508.0,508,508,8383700,0,121084,0,28001,776,0.973
2026-10-07,1374118848,3,507.3,790,344,70524487,11276,380426,15,155846,21448,0.879
2026-10-07,10642702105,3,507.0,525,484,3817875,18919,12973,59,25827,1289,0.9525
2026-10-07,3846592040,2,507.0,583,431,136355229,23120,183662,4,63697,17451,0.7849
2026-10-07,10384841418,3,506.0,609,360,88283316,40730,2374493,885,71780,6329,0.919
2026-10-07,10526166728,3,505.3,676,337,10524137,26676,23134,57,18347,1351,0.9314
2026-10-07,5096440156,3,505.0,611,369,552279163,53833,665226,92,145715,30926,0.8249
2026-10-07,8072075666,2,505.0,605,405,2549806,11764,35799,134,9921,3024,0.7664
2026-10-07,8203127178,2,505.0,521,489,18067962,18786,41827,33,30669,4103,0.882
2026-10-07,5683563195,3,504.3,689,351,169727302,57048,252253,97,168243,13343,0.9265
2026-10-07,7428819247,3,504.0,685,326,38119560,37079,255469,71,54520,4495,0.9238
2026-10-07,8807109250,1,504.0,504,504,56097546,0,1574277,0,150728,14795,0.9106
2026-10-07,4346424098,3,503.3,699,379,104795826,39116,175211,162,42530,9402,0.819
2026-10-07,7373989866,3,503.0,686,223,187516436,63795,141980,99,102376,4230,0.9603
2026-10-07,6649845578,3,502.7,693,356,57463933,37580,4330607,124,101991,5799,0.9462
2026-10-07,9868545229,3,502.7,659,315,7948515,39980,35700,142,8675,996,0.897
2026-10-07,10205485380,2,502.5,512,493,38981970,30552,52006,34,42445,5956,0.8769
2026-10-07,10329995185,3,500.7,614,419,30666662,40598,444535,405,171966,4676,0.9735
2026-10-07,7378605382,2,500.5,537,464,74784098,14937,82342,18,34677,16371,0.6793
2026-10-07,10270349664,3,499.7,755,353,53320928,42492,4490892,3834,102607,4148,0.9611
2026-10-07,10737256446,3,499.3,613,348,6829352,60731,581492,4994,10362,1307,0.888
2026-10-07,4201418016,3,499.0,586,382,149324407,35072,285810,2,144946,13339,0.9157
2026-10-07,7120911607,3,498.0,574,369,81649952,44082,528094,142,110336,6380,0.9453
2026-10-07,7072674902,2,497.0,754,240,41297907,17924,245087,111,54871,9506,0.8523
2026-10-07,10284380969,3,496.7,735,338,12376048,36057,472656,1359,6186,812,0.884
2026-10-07,4283416256,2,496.5,507,486,24524330,14370,140167,47,38693,8779,0.8151
2026-10-07,10565445771,3,496.3,617,294,34032422,79599,107104,305,48145,30637,0.6111
2026-10-07,6389489439,3,496.0,607,403,162991638,63302,20192741,8422,7495,2375,0.7594
2026-10-07,7641240255,3,496.0,695,367,37287746,53904,2616773,6310,3265,840,0.7954
2026-10-07,10599927450,2,496.0,583,409,5710972,30567,567508,2174,7248,902,0.8893
2026-10-07,9112256336,3,495.0,721,282,9730776,42110,20492,101,8566,1613,0.8415
2026-10-07,1871908106,3,494.3,717,372,393990690,24246,1090683,33,281186,49335,0.8507
2026-10-07,8430503828,3,494.0,978,187,132050729,78662,777158,1092,34583,7286,0.826
2026-10-07,4429851038,2,493.5,684,303,357607723,26668,11615626,1681,122263,11883,0.9114
2026-10-07,5295169598,3,492.7,608,329,255917234,59029,2266564,616,489442,12440,0.9752
2026-10-07,7037902226,3,492.7,759,341,20916163,14108,122614,67,49148,5949,0.892
2026-10-07,3989768869,1,492.0,492,492,334350166,0,875996,0,291161,62572,0.8231
2026-10-07,10040497010,2,492.0,570,414,52720680,20338,91921,35,77640,7377,0.9132
2026-10-07,7023305701,2,491.5,642,341,526100513,41098,36191904,1811,398103,47458,0.8935
2026-10-07,228573408,2,491.5,516,467,2484920860,21959,15003357,-15,748480,169231,0.8156
2026-10-07,10637513477,2,490.5,547,434,18081484,28512,27351,48,15040,2402,0.8623
2026-10-07,8438027136,2,490.0,694,286,24236519,31470,22390,26,6333,2740,0.698
2026-10-07,9800909176,3,489.7,750,109,28507154,26867,40093,37,16339,1006,0.942
2026-10-07,10727829780,3,488.3,522,465,8626217,28777,59953,72,22349,2479,0.9002
2026-10-07,10242984742,3,488.3,581,348,10082694,53390,26121,100,2006,876,0.696
2026-10-07,10445832507,3,488.0,634,377,797867,30829,10894,212,12879,535,0.9601
2026-10-07,10430413968,3,487.0,642,326,30351128,59464,595934,744,30040,5372,0.8483
2026-10-07,5270259419,2,486.5,525,448,123633555,17210,119393,24,57026,35449,0.6167
2026-10-07,6777528662,2,486.5,500,473,61744327,20520,516002,47,184276,14072,0.9291
2026-10-07,7266261686,3,485.7,845,259,23912085,31887,49956,41,13479,4730,0.7402
2026-10-07,9338511689,3,485.0,603,390,36715452,66297,10644,31,11626,1991,0.8538
2026-10-07,9399884981,3,484.3,597,380,204936989,102143,1056676,1151,67579,4448,0.9382
2026-10-07,10589388621,3,484.0,557,382,3762582,52963,250103,1317,13858,1103,0.9263
2026-10-07,3826087550,1,484.0,484,484,34983294,0,140892,0,43550,14632,0.7485
2026-10-07,10755094976,3,483.0,667,292,22670967,84654,76726,208,8101,1426,0.8503
2026-10-07,8836631593,2,483.0,548,418,43206204,21374,51638,42,17527,8462,0.6744
2026-10-07,3261058889,1,483.0,483,483,16422418,0,73054,0,18507,3350,0.8467
2026-10-07,3634139746,3,482.3,583,340,164468360,37758,98539,21,50629,20015,0.7167
2026-10-07,5835368537,2,482.0,550,414,158966018,22193,140472,33,112067,16389,0.8724
2026-10-07,7661378108,1,482.0,482,482,6555140,0,14321,0,2540,834,0.7528
2026-10-07,10531477636,3,481.7,527,429,5153374,14199,26343,74,31775,606,0.9813
2026-10-07,10205419329,3,480.0,569,306,10338417,25637,25228,50,5661,2507,0.6931
2026-10-07,1180269832,3,479.3,609,369,155324466,17436,882933,60,370749,30652,0.9236
2026-10-07,2544016903,3,479.3,589,294,30414675,50953,56931,109,10603,1241,0.8952
2026-10-07,10343795685,3,479.0,677,296,22573825,45911,52056,107,9385,2292,0.8037
2026-10-07,3916548970,1,479.0,479,479,142952287,0,265146,0,143702,9875,0.9357
2026-10-07,10765799968,1,479.0,479,479,112758,0,4037,0,1528,103,0.9368
2026-10-07,10626746750,3,477.0,618,372,1251656,30975,22487,473,5034,1462,0.7749
2026-10-07,7939389895,3,477.0,612,409,84250282,37710,1925486,824,62791,4358,0.9351
2026-10-07,7307246329,3,476.7,690,353,206870670,92214,2353444,853,265622,45708,0.8532
2026-10-07,5031482529,2,476.5,542,411,523957253,26241,32117051,898,18816,14879,0.5584
2026-10-07,4430449940,2,476.5,505,448,315921120,19193,528562,30,465644,38548,0.9235
2026-10-07,10212081143,3,475.3,616,321,1489185,37582,41836,892,3753,1082,0.7762
2026-10-07,4362771421,3,474.7,601,406,402248279,68667,501119,108,173584,30926,0.8488
2026-10-07,3060525991,3,474.3,553,418,70675640,38642,83857,74,23721,11193,0.6794
2026-10-07,10219827882,3,474.0,537,428,10934867,25418,103486,192,232473,2547,0.9892
2026-10-07,10425789398,2,473.5,622,325,103918,6422,5988,539,2772,110,0.9618
2026-10-07,1718755273,3,473.0,602,303,86560363,28165,322258,79,136558,45271,0.751
2026-10-07,5620725145,2,472.5,584,361,67903378,29734,86965,45,23649,10165,0.6994
2026-10-07,2137105308,3,472.3,712,268,55103691,54174,171412,147,39343,13326,0.747
2026-10-07,7735580090,3,471.7,735,223,171577140,62562,12320176,3744,19125,10873,0.6375
2026-10-07,3408154779,2,470.0,678,262,101688324,15529,178684,37,69725,11442,0.859
2026-10-07,9994252977,2,470.0,593,347,35939749,18680,217813,99,83667,7585,0.9169
2026-10-07,7128251171,3,469.7,621,331,102967808,57876,236482,59,197814,17037,0.9207
2026-10-07,10705618167,2,469.0,546,392,7019458,36505,7900,26,5244,1402,0.789
2026-10-07,8279887603,1,469.0,469,469,103404234,0,387578,0,67987,8082,0.8938
2026-10-07,4753878751,3,468.7,704,309,542499709,35436,4554869,732,315740,23192,0.9316
2026-10-07,9130827443,3,468.3,812,209,43112145,35853,1963783,1194,110536,8878,0.9257
2026-10-07,2281570018,3,468.0,685,255,134441406,35591,116902,6,59989,14005,0.8107
2026-10-07,3918560032,1,468.0,468,468,85476370,0,281922,0,77732,16589,0.8241
2026-10-07,8744978097,2,467.5,622,313,18893152,29369,51122,54,70150,4081,0.945
2026-10-07,10461810987,2,467.5,573,362,35920089,35290,65213,63,12471,2229,0.8484
2026-10-07,1187091887,3,467.3,685,348,237341325,61311,506034,67,172253,50629,0.7728
2026-10-07,8353962342,3,466.3,568,404,226620079,26742,8348415,377,190725,10899,0.9459
2026-10-07,5845755850,3,465.7,611,345,126033588,24933,3406215,576,43131,10118,0.81
2026-10-07,10183029417,3,465.7,674,348,20948619,45034,1292739,2572,7530,887,0.8946
2026-10-07,9874419878,3,465.0,718,336,207929995,67253,488253,108,120695,18688,0.8659
2026-10-07,9403708294,2,465.0,562,368,95996304,28431,74334,26,41954,14817,0.739
2026-10-07,3116863918,2,465.0,496,434,19405982,17364,38713,32,10848,2248,0.8283
2026-10-07,6170013953,3,464.7,612,354,155039629,55329,1449295,52,83234,36966,0.6925
2026-10-07,8488806742,3,464.3,634,352,46002218,37949,88290,46,41180,7769,0.8413
2026-10-07,9707841805,3,464.0,494,410,9548233,19050,178468,447,71175,2865,0.9613
2026-10-07,8705454731,2,464.0,493,435,79750011,15723,526264,37,131950,12394,0.9141
2026-10-07,9753814298,3,463.3,681,352,398157840,55453,338361,89,173785,37540,0.8224
2026-10-07,8997725599,2,463.0,485,441,9333009,15276,42076,75,57152,5598,0.9108
2026-10-07,6628327758,2,462.5,557,368,30365640,11072,40925,1,30514,2866,0.9141
2026-10-07,1359546589,2,462.5,514,411,774067651,14003,1235422,34,580524,88258,0.868
2026-10-07,10160578219,3,462.3,589,347,7718242,33793,28145,93,8487,5258,0.6175
2026-10-07,2802559498,1,462.0,462,462,356181935,0,880358,0,339883,38880,0.8974
2026-10-07,3887521769,2,461.5,554,369,149205368,19759,8655747,42,10607,6798,0.6094
2026-10-07,7561154969,2,461.5,544,379,60585270,10517,118794,19,36997,10147,0.7848
2026-10-07,7448595637,2,461.5,463,460,42033970,25017,1400600,49,7833,3197,0.7102
2026-10-07,1709832923,3,460.7,533,388,1254781230,26878,3579812,44,1051734,53742,0.9514
2026-10-07,10008717728,2,460.5,531,390,2692688,10249,9440,20,4277,319,0.9306
2026-10-07,2171758161,3,459.7,639,342,242901177,66030,96870,157,15944,11969,0.5712
2026-10-07,9934614409,3,459.7,697,320,89736884,46302,146124,74,112417,7062,0.9409
2026-10-07,4228233498,1,459.0,459,459,147284941,0,483702,0,99030,20985,0.8251
2026-10-07,10604542637,2,458.0,605,311,5873828,19002,18347,53,26584,3538,0.8825
2026-10-07,6216142007,2,458.0,472,444,59100517,17321,197933,51,68313,11913,0.8515
2026-10-07,6714256816,2,457.5,530,385,64595292,17989,139668,52,125699,7087,0.9466
2026-10-07,9221949930,3,457.0,659,280,11220705,54041,272557,692,9420,1697,0.8474
2026-10-07,1315966725,2,456.0,553,359,763607958,36525,17701445,2283,156585,125703,0.5547
2026-10-07,9872977974,2,456.0,481,431,33978095,28823,313971,292,7557,705,0.9147
2026-10-07,4071487712,1,455.0,455,455,31285373,0,127612,0,37293,3616,0.9116
2026-10-07,7383133134,1,455.0,455,455,117485491,0,883494,0,34984,4989,0.8752
2026-10-07,10383037602,3,454.7,607,193,26862050,64405,1683152,2943,8105,1065,0.8839
2026-10-07,7290225649,3,454.7,586,379,75153871,31887,7728598,2762,4603,1701,0.7302
2026-10-07,6283720248,2,454.5,539,370,61022982,16363,147126,78,70844,8861,0.8888
2026-10-07,9229146348,3,454.0,516,354,10485540,28451,39461,60,17019,4198,0.8021
2026-10-07,7794218964,3,453.3,623,303,36019005,25453,264008,131,76424,3232,0.9594
2026-10-07,4734880740,3,453.3,752,215,16149937,32192,381069,1114,17938,2242,0.8889
2026-10-07,8570876289,3,452.7,785,84,61891880,16817,23459,14,21606,5104,0.8089
2026-10-07,6596627293,2,452.5,455,450,43187969,11489,1189595,287,80521,5859,0.9322
2026-10-07,5782268341,3,452.0,504,364,46551802,30709,438793,226,70385,7313,0.9059
2026-10-07,10522965485,3,451.7,707,246,8157523,28356,551349,1982,5038,304,0.9431
2026-10-07,10765035506,2,451.5,456,447,4646099,36295,336255,2250,2382,632,0.7903
2026-10-07,4538598064,3,450.3,720,149,217879459,52318,3905692,135,191175,13894,0.9322
2026-10-07,7907828295,3,449.3,598,202,436169139,49388,294292,93,683866,27072,0.9619
2026-10-07,10426768719,3,449.0,633,321,608464,35462,12759,572,3121,2865,0.5214
2026-10-07,4586990985,3,447.3,518,367,17968653,37751,66711,92,26585,2832,0.9037
2026-10-07,1743990973,3,445.7,672,331,263794262,69426,156931,123,76115,27063,0.7377
2026-10-07,8017401632,3,445.0,697,264,65277600,36996,155998,78,53560,3623,0.9366
2026-10-07,3962631979,1,445.0,445,445,152159213,0,1108790,0,8714,6434,0.5753
2026-10-07,4507116437,2,444.5,508,381,30350445,28704,51992,81,7231,1449,0.8331
2026-10-07,6238541028,2,444.5,453,436,109238106,21608,95733,41,29827,18099,0.6224
2026-10-07,7884563721,3,444.3,669,270,140409167,73232,876751,685,239051,28546,0.8933
2026-10-07,10554316588,2,442.5,498,387,17725298,12109,47811,46,72061,839,0.9885
2026-10-07,7706951053,3,442.3,638,342,74433921,42427,753149,571,51602,14500,0.7806
2026-10-07,102815652,3,441.0,598,308,62055659,16244,365387,27,115080,14281,0.8896
2026-10-07,1650291138,2,441.0,499,383,1001731101,21055,1515110,-1,825493,131747,0.8624
2026-10-07,5484165112,2,441.0,456,426,219835293,19542,12965052,1046,115140,10834,0.914
2026-10-07,9807783902,1,441.0,441,441,7458813,0,47929,0,8906,2598,0.7742
2026-10-07,10179193118,3,440.3,556,356,44918099,70728,4849005,6390,2842,1688,0.6274
2026-10-07,9219838330,3,439.7,564,323,14141722,33118,40679,52,112898,3136,0.973
2026-10-07,2528641125,2,439.5,445,434,121374713,14697,266850,32,87753,12484,0.8755
2026-10-07,7778848023,3,438.7,591,329,69096960,42414,5073244,3283,15961,1481,0.9151
2026-10-07,5866486371,3,438.0,559,330,15820301,8981,65921,25,25289,1946,0.9285
2026-10-07,10737127681,2,438.0,463,413,8400971,22984,48801,123,26443,2748,0.9059
2026-10-07,10522766429,1,438.0,438,438,662618,0,5529,0,9111,375,0.9605
2026-10-07,4234745929,1,438.0,438,438,353867212,0,4030230,0,208187,53198,0.7965
2026-10-07,7800961209,3,437.7,624,329,76347632,24112,129124,18,23225,2768,0.8935
2026-10-07,6163740913,3,437.7,643,306,260095543,50770,5533244,847,268466,48061,0.8482
2026-10-07,10352185757,2,436.5,532,341,36039197,17565,202832,51,56763,5598,0.9102
2026-10-07,10276281921,2,436.5,452,421,81293433,25447,209017,48,31496,10277,0.754
2026-10-07,9503696692,3,436.3,588,288,87129097,51341,80592,65,35871,16563,0.6841
2026-10-07,10192659240,3,436.0,558,358,23268396,40073,34079,59,10749,1195,0.8999
2026-10-07,3344795851,2,436.0,473,399,448554834,22663,276313,29,47068,33341,0.5854
2026-10-07,6638489184,2,436.0,446,426,25730854,10123,705371,264,3077,1350,0.6951
2026-10-07,2250844717,2,435.5,441,430,2529970,16001,174925,119,1517,1203,0.5577
2026-10-07,4260784961,3,435.0,1191,23,23998146,14660,77650,33,27881,5061,0.8464
2026-10-07,7372152033,3,434.7,622,254,33829749,41261,59260,61,17148,6364,0.7293
2026-10-07,1775919872,3,434.3,542,343,135868522,19438,522320,17,227996,18988,0.9231
2026-10-07,10090384240,1,434.0,434,434,5811857,0,94433,0,27902,2421,0.9202
2026-10-07,4679222104,1,434.0,434,434,115969804,0,120267,0,38157,20368,0.652
2026-10-07,5549835355,3,432.7,663,272,115882500,35521,248733,137,287634,7088,0.976
2026-10-07,32211175,3,432.7,598,339,95193375,39962,6543636,2810,27940,8816,0.7601
2026-10-07,533435040,2,432.5,508,357,868982430,13482,2279047,21,614548,53805,0.9195
2026-10-07,5049569843,3,432.0,588,304,135424370,36972,533597,62,146290,7067,0.9539
2026-10-07,8600977079,3,431.3,489,353,90413591,99111,88914,112,18099,5356,0.7716
2026-10-07,3149100453,3,430.3,672,286,245614644,43524,1335061,537,184947,54552,0.7722
2026-10-07,10448889633,2,430.0,431,429,8061367,14937,25549,34,41951,1027,0.9761
2026-10-07,3983828495,2,429.0,504,354,220244480,11410,163464,11,100812,24552,0.8042
2026-10-07,10764385875,3,428.7,530,252,3134724,76808,8368,203,1426,1498,0.4877
2026-10-07,10196660716,2,428.0,576,280,39496082,25085,2852109,1658,21897,2388,0.9017
2026-10-07,8081472583,2,427.5,529,326,181072127,18900,17023553,1517,265260,23845,0.9175
2026-10-07,433670627,1,427.0,427,427,43476444,0,437015,0,78256,8953,0.8973
2026-10-07,5114328099,3,426.0,575,237,127853078,61550,99989,117,61913,6439,0.9058
2026-10-07,10480998942,3,426.0,563,339,16915109,41390,26509,89,2893,2069,0.583
2026-10-07,7707504980,3,426.0,509,315,35414967,28241,1509290,962,58928,3033,0.951
2026-10-07,7663926977,2,425.5,481,370,43379920,18952,2422794,1292,101620,8075,0.9264
2026-10-07,9501409571,3,425.0,494,356,44031410,37053,226654,222,120032,3024,0.9754
2026-10-07,2548183080,2,424.5,461,388,79362142,5492,291417,19,150036,13011,0.9202
2026-10-07,484789923,2,424.5,458,391,667546157,17621,2129629,71,614194,97971,0.8624
2026-10-07,9784759642,3,422.7,527,316,49597860,42082,53793,81,14854,2718,0.8453
2026-10-07,10507650215,2,422.5,463,382,1033783,17769,31091,297,9986,2214,0.8185
2026-10-07,568307879,2,422.5,453,392,528941527,22231,556174,51,99211,110017,0.4742
2026-10-07,10515406328,2,422.0,460,384,8192192,14739,81000,86,4881,735,0.8691
2026-10-07,9456449045,1,422.0,422,422,12472828,0,18336,0,5622,1039,0.844
2026-10-07,5092535555,2,421.5,469,374,74509233,17980,334282,47,48063,5010,0.9056
2026-10-07,9975893742,3,421.3,623,315,32201412,32378,3166663,4302,46009,3624,0.927
2026-10-07,5329077236,3,421.0,603,282,739173740,33045,1772076,-26,499715,37392,0.9304
2026-10-07,6355251723,3,420.7,772,86,38228839,111754,302495,1291,51505,10687,0.8282
2026-10-07,952510115,2,420.5,435,406,28693706,16521,438899,374,46628,15129,0.755
2026-10-07,7232697205,2,419.5,556,283,96209434,21848,129568,46,39892,12281,0.7646
2026-10-07,7081611770,3,419.3,499,289,239016376,230876,5218040,68,24494,7478,0.7661
2026-10-07,7943133183,3,419.0,498,355,33543929,24240,1122552,768,75666,1768,0.9772
2026-10-07,3891658292,1,419.0,419,419,400856769,0,14518599,0,109148,26369,0.8054
2026-10-07,7429689898,3,418.7,675,202,513122265,84137,819922,126,1433733,79567,0.9474
2026-10-07,7848646653,2,418.5,447,390,132993760,13888,346393,38,929823,14370,0.9848
2026-10-07,8935993972,2,418.5,419,418,14231647,10813,106142,66,104063,3829,0.9645
2026-10-07,8366716517,3,418.0,579,292,77943135,79402,998177,620,178013,19010,0.9035
2026-10-07,2492481398,3,417.3,498,355,414550148,21409,1297535,49,600949,47906,0.9262
2026-10-07,6738135827,3,416.7,481,379,69664240,25741,379438,2,70816,21769,0.7649
2026-10-07,9882296644,2,416.5,482,351,12831103,18232,689358,849,3191,1015,0.7587
2026-10-07,1119466531,2,416.0,501,331,1944261564,17357,3792654,37,1139501,103238,0.9169
2026-10-07,9813946433,1,416.0,416,416,33951962,0,76064,0,115079,10491,0.9165
2026-10-07,1091907805,3,415.7,446,375,273661149,12578,1089083,-2,381948,37702,0.9102
2026-10-07,8832884753,3,415.3,449,353,69721507,16175,745248,136,85337,3368,0.962
2026-10-07,7964539330,2,414.5,446,383,213474810,23802,13261171,261,145764,16544,0.8981
2026-10-07,7661385356,3,414.0,493,336,53622301,24944,214994,78,62655,9983,0.8626
2026-10-07,5902539844,3,413.7,680,108,6966645,55007,190514,1611,17209,3427,0.8339
2026-10-07,10766257839,3,411.3,658,211,2126327,37302,9795,145,4151,1087,0.7925
2026-10-07,10767357183,3,411.3,596,266,235357,27567,19948,2343,408,30,0.9315
2026-10-07,9852933243,3,410.7,536,325,10274998,32278,64154,116,14274,2151,0.869
2026-10-07,4960950398,3,410.7,516,351,75932617,22028,171381,26,97210,11227,0.8965
2026-10-07,8751492147,2,410.0,483,337,117447538,22742,115229,50,32277,9099,0.7801
2026-10-07,9237322219,2,409.5,413,406,18406202,16476,44542,37,29441,2324,0.9268
2026-10-07,1073273083,2,409.5,441,378,662767482,15548,1724345,36,511867,111542,0.8211
2026-10-07,2200020629,3,409.3,476,326,102820638,31172,210743,73,74278,23832,0.7571
2026-10-07,3108473052,3,408.7,492,365,334896583,20625,1082119,51,483340,30209,0.9412
2026-10-07,5550530788,3,408.3,468,315,538370847,259291,190113,181,68452,21716,0.7592
2026-10-07,7037673488,3,408.3,446,382,5085771,14012,5827,5,5321,993,0.8427
2026-10-07,3741075732,3,408.0,454,346,54403482,21056,445876,40,105410,16236,0.8665
2026-10-07,10217234318,2,407.0,450,364,59206240,16805,119147,12,104990,3827,0.9648
2026-10-07,4444526080,1,407.0,407,407,163875900,0,601918,0,164609,39837,0.8051
2026-10-07,7294208165,2,406.5,531,282,212223930,17018,311586,24,242237,21050,0.92
2026-10-07,625764726,1,406.0,406,406,25540272,0,200072,0,47700,9623,0.8321
2026-10-07,9175015027,2,405.5,411,400,58913038,28741,4975281,47,26522,3781,0.8752
2026-10-07,9940076108,2,405.0,485,325,28524221,20866,2541548,1757,12323,2609,0.8253
2026-10-07,10747748563,3,404.7,650,131,15083733,35790,364326,869,16110,3209,0.8339
2026-10-07,3761186887,2,404.5,431,378,437335186,23417,2335213,147,589508,51648,0.9194
2026-10-07,7569509385,3,404.3,519,306,95899999,35111,543644,69,110103,15778,0.8747
2026-10-07,10739681803,2,404.0,418,390,2833861,13860,50624,178,1060,243,0.8135
2026-10-07,3171190217,1,404.0,404,404,239020707,0,885777,0,251684,12257,0.9536
2026-10-07,3354479870,2,403.5,460,347,166423585,19276,291447,24,94453,16986,0.8476
2026-10-07,5244979723,3,402.7,723,202,23927070,51614,238231,140,15167,3380,0.8178
2026-10-07,10241783978,3,402.7,539,262,2225651,35895,113930,1307,54553,1568,0.9721
2026-10-07,10275970697,1,402.0,402,402,36456924,0,244709,0,33871,6085,0.8477
2026-10-07,8572854650,3,401.7,594,287,130323498,37519,885720,56,476956,10654,0.9782
2026-10-07,2970472544,3,401.7,650,112,583865854,28002,26587899,1998,103954,33474,0.7564
2026-10-07,6797677834,3,401.3,481,351,116044627,42266,16480137,5447,4340,1109,0.7965
2026-10-07,1871172282,1,401.0,401,401,102021170,0,355508,0,176013,51330,0.7742
2026-10-07,8475779172,2,399.5,412,387,32714472,16791,52813,59,27226,2074,0.9292
2026-10-07,7703544118,3,399.3,515,340,85461529,21045,1516772,325,1073020,17628,0.9838
2026-10-07,10253570298,2,399.0,411,387,2034525,8870,9584,31,11326,691,0.9425
2026-10-07,6676452674,2,399.0,419,379,137774220,13715,155067,56,127532,10469,0.9241
2026-10-07,6621384161,1,399.0,399,399,86505974,0,2832200,0,78681,4076,0.9507
2026-10-07,10007524016,3,398.7,538,250,31530265,47679,5590995,6366,3350,571,0.8544
2026-10-07,9903325235,2,398.5,464,333,76926678,25492,95591,77,38362,6365,0.8577
2026-10-07,10749831764,2,398.5,408,389,4154326,20380,451637,1513,4585,532,0.896
2026-10-07,10750406988,3,398.3,433,368,338984,11950,1462,41,833,96,0.8967
2026-10-07,9352840896,2,398.0,541,255,36925497,13189,1010001,234,21593,5272,0.8038
2026-10-07,833209132,3,397.3,421,357,100696947,13923,899414,58,256980,27882,0.9021
2026-10-07,5827120940,3,397.3,571,191,197566021,24037,3792878,347,359695,11249,0.9697
2026-10-07,8728034884,1,397.0,397,397,10050017,0,24344,0,10474,1790,0.854
2026-10-07,9914581074,2,396.5,529,264,42057093,14754,67458,22,43114,8152,0.841
2026-10-07,8051653879,2,396.5,495,298,18701228,11428,20724,13,7489,4251,0.6379
2026-10-07,3421408084,2,396.0,408,384,616837364,14563,635139,12,355015,81320,0.8136
2026-10-07,2408700413,2,396.0,403,389,306727543,10324,667593,5,255336,77443,0.7673
2026-10-07,7030416430,2,396.0,516,276,95338557,37683,7812369,2875,545765,68935,0.8879
2026-10-07,9690128730,1,396.0,396,396,1659674,0,12823,0,3934,303,0.9285
2026-10-07,4712126054,2,395.5,460,331,61579314,8159,398142,34,170592,8307,0.9536
2026-10-07,2065706268,3,395.0,522,264,163536405,112222,417563,298,74204,17911,0.8056
2026-10-07,7350402084,3,394.7,467,268,14641076,24394,23640,24,8623,1364,0.8634
2026-10-07,9898409899,3,394.7,511,284,40430815,26067,236653,111,68326,15746,0.8127
2026-10-07,5153268250,2,394.5,452,337,111608045,19089,181923,34,27230,6512,0.807
2026-10-07,8759966530,3,394.3,692,229,128966528,53340,416816,109,85240,9273,0.9019
2026-10-07,10180990272,3,394.3,614,159,53533724,63360,5381804,6795,10394,2489,0.8068
2026-10-07,10334731049,2,394.0,406,382,59808207,9549,296757,5,81017,6115,0.9298
2026-10-07,4871329703,1,394.0,394,394,818636223,0,555090,0,398457,98357,0.802
2026-10-07,10496981141,3,393.7,592,145,20964382,54300,190068,72,17741,1266,0.9334
2026-10-07,8087030587,2,393.5,415,372,59465655,22556,4995071,1801,6894,1042,0.8687
2026-10-07,10761115872,2,393.0,443,343,8758933,22604,544884,989,13698,10185,0.5735
2026-10-07,8212026736,2,392.5,434,351,47358167,11409,291894,60,96390,3543,0.9645
2026-10-07,10514488908,2,391.0,415,367,20935980,19769,51208,42,6475,6424,0.502
2026-10-07,9232634201,1,391.0,391,391,89659806,0,99541,0,27151,4639,0.8541
2026-10-07,10508386614,3,390.7,537,306,320132,39797,6053,1158,10358,349,0.9674
2026-10-07,7082244450,1,390.0,390,390,47145895,0,187057,0,39532,5470,0.8784
2026-10-07,6683166603,2,389.5,457,322,35766313,17879,2039708,585,25099,1444,0.9456
2026-10-07,7857274278,3,389.3,480,340,114434662,35891,11707460,3031,766549,44930,0.9446
2026-10-07,9833852980,2,389.0,405,373,8867002,8960,177081,164,21864,3981,0.846
2026-10-07,8997131346,2,389.0,432,346,11079778,9325,23334,15,6969,1987,0.7781
2026-10-07,6217832823,3,388.7,619,227,95533429,25838,3820074,1160,239359,6530,0.9734
2026-10-07,9105075853,3,388.0,425,355,16079178,10696,78696,16,164813,5727,0.9664
2026-10-07,1888174103,2,388.0,393,383,415092163,23795,398496,37,56142,20085,0.7365
2026-10-07,10247712813,2,388.0,408,368,33023215,14501,49162,26,28638,1333,0.9555
2026-10-07,7872343282,1,388.0,388,388,62307948,0,1173664,0,178605,21255,0.8937
2026-10-07,2805713501,3,387.7,604,246,797940430,47737,806199,66,190456,42204,0.8186
2026-10-07,6467516221,3,387.7,554,254,66190171,32152,2573634,977,28524,5263,0.8442
2026-10-07,1200145783,2,387.5,447,328,17582327,8753,103165,41,32212,6514,0.8318
2026-10-07,8243724761,3,387.3,520,268,51286400,21835,273844,95,79261,2945,0.9642
2026-10-07,8330409552,3,386.0,535,163,156007263,32564,14716014,2994,107215,11112,0.9061
2026-10-07,2628404708,3,386.0,482,320,1016599383,26987,2106539,63,621442,66634,0.9032
2026-10-07,9792947201,3,385.7,417,367,536225615,34862,3520842,53,814501,19916,0.9761
2026-10-07,7289427971,2,384.0,456,312,200351760,19882,1516984,17,80125,32900,0.7089
2026-10-07,8959257868,3,383.7,429,340,14151015,19049,49901,9,22461,2197,0.9109
2026-10-07,2157233282,3,383.7,519,195,38211173,55501,3435291,4481,9637,2696,0.7814
2026-10-07,124283622,3,383.3,605,219,793489379,46914,672942,206,256098,86662,0.7472
2026-10-07,10766494202,3,382.7,474,251,3731114,42769,20596,163,5703,2152,0.726
2026-10-07,10356701370,2,382.5,392,373,95540730,20225,388846,24,275833,13752,0.9525
2026-10-07,10203815049,3,382.0,509,315,20005016,25468,29286,38,18372,3069,0.8569
2026-10-07,10065930742,2,381.5,411,352,5041023,19243,346449,1155,1670,558,0.7496
2026-10-07,1699553764,2,381.0,391,371,298905889,17842,710691,46,191026,49826,0.7931
2026-10-07,4931991343,2,381.0,400,362,75878197,16063,3257217,492,6008,4805,0.5556
2026-10-07,10067868611,2,380.0,423,337,20774525,11701,34846,18,25377,1579,0.9414
2026-10-07,9801436549,2,380.0,420,340,10848931,15171,13825,18,2911,1540,0.654
2026-10-07,9759989445,2,379.5,426,333,26555293,20572,69292,40,27398,3491,0.887
2026-10-07,9315472782,3,378.7,488,248,26759508,27822,151839,149,24571,1685,0.9358
2026-10-07,5910910774,2,378.5,441,316,120529096,13305,181153,25,130638,10750,0.924
2026-10-07,8562618273,2,378.0,463,293,108144967,17458,90618,30,105053,4235,0.9612
2026-10-07,1654971928,3,377.7,460,315,33366383,60305,72896,73,26406,4948,0.8422
2026-10-07,3476371299,3,377.3,490,290,978610757,40284,1366024,75,1570614,63821,0.961
2026-10-07,4851783408,2,377.0,405,349,248416787,18077,238017,18,134113,26089,0.8371
2026-10-07,7284582661,1,377.0,377,377,149113656,0,383232,0,75214,15521,0.8289
2026-10-07,8343243056,3,376.7,487,203,242475049,31779,1694631,335,307136,8100,0.9743
2026-10-07,3013715655,2,376.0,410,342,331041766,12714,2673009,112,196547,18318,0.9147
2026-10-07,8485482226,2,375.5,492,259,23906519,15377,184752,133,45453,3592,0.9268
2026-10-07,8269273068,3,375.0,436,316,41463671,42173,268213,131,284866,12344,0.9585
2026-10-07,10255492538,2,373.5,409,338,8029465,6463,19266,10,25216,920,0.9648
2026-10-07,10083552936,3,373.0,451,271,12724640,24139,566024,1165,12566,1687,0.8816
2026-10-07,10064401653,1,373.0,373,373,11432525,0,127023,0,30074,9669,0.7567
2026-10-07,5665954430,3,372.7,460,312,93417939,25910,935060,105,217579,15865,0.932
2026-10-07,9754968779,2,371.0,501,241,62159172,12658,2969400,722,429846,9590,0.9782
2026-10-07,8321616508,2,371.0,387,355,51270653,7332,53448,25,89323,5285,0.9441
2026-10-07,7498824809,3,370.7,598,151,72589287,32701,89041,74,46255,2513,0.9485
2026-10-07,9723617424,2,370.5,499,242,42640600,17737,68490,25,12692,2854,0.8164
2026-10-07,2820580801,3,370.3,426,299,329408508,28219,408272,18,398588,50668,0.8872
2026-10-07,6805295218,2,370.0,407,333,35747926,16433,129965,42,19879,3779,0.8403
2026-10-07,10614082913,2,369.5,410,329,13146394,17735,599760,486,4460,1286,0.7762
2026-10-07,10067540823,2,369.5,388,351,10297118,23853,12600,42,3470,476,0.8794
2026-10-07,8058628992,3,367.7,461,250,177699914,55924,585538,120,75317,6634,0.919
2026-10-07,8309394444,2,367.5,446,289,23540272,13082,1681583,803,18849,1542,0.9244
2026-10-07,10503838245,3,367.0,402,332,3481959,15688,191812,144,86243,893,0.9898
2026-10-07,7374930268,1,367.0,367,367,6750660,0,293674,0,3207,633,0.8352
2026-10-07,10667860714,3,366.3,380,351,2287003,19841,130168,312,59878,1224,0.98
2026-10-07,5371687033,1,365.0,365,365,9410712,0,111438,0,29450,15033,0.6621
2026-10-07,4252393983,2,364.5,392,337,281960008,18857,3024438,129,121780,24036,0.8352
2026-10-07,212154879,3,364.0,395,341,156065315,2618,1220552,-7,421784,59247,0.8768
2026-10-07,2324018757,1,363.0,363,363,74800898,0,232201,0,118530,18309,0.8662
2026-10-07,7665084235,3,362.7,473,267,24293504,24694,316866,286,56826,5685,0.9091
2026-10-07,7599404611,3,362.7,370,348,13940242,14669,116459,120,33608,1942,0.9454
2026-10-07,7785400752,2,362.5,564,161,239323211,12073,6365555,191,420681,21952,0.9504
2026-10-07,1125307892,3,362.0,456,288,73766087,29258,5728740,1181,400899,14124,0.966
2026-10-07,2026574412,2,362.0,476,248,120853194,26883,1080659,34,176109,4879,0.973
2026-10-07,9668574764,2,361.5,422,301,21895017,16943,1418061,1307,70650,913,0.9872
2026-10-07,7247232515,2,361.5,400,323,27423889,12179,1093736,436,16974,2320,0.8798
2026-10-07,9751615286,3,361.3,520,266,15302607,52163,17206,33,10489,1517,0.8736
2026-10-07,6530766336,3,361.0,509,172,92453811,42048,46201,60,7265,2415,0.7505
2026-10-07,9802644580,3,361.0,403,325,54060475,12155,796746,-56,48348,4825,0.9093
2026-10-07,9701569269,3,360.7,413,293,16179937,25903,1020432,1397,4528,915,0.8319
2026-10-07,9811924734,2,360.0,479,241,25961465,33716,89886,79,30124,2886,0.9126
2026-10-07,5877971206,2,360.0,385,335,65333079,13319,207790,27,74176,10963,0.8712
2026-10-07,1424449565,1,360.0,360,360,256832663,0,988768,0,317493,80401,0.7979
2026-10-07,300039023,2,359.0,381,337,129865506,11217,421306,29,175484,29027,0.8581
2026-10-07,2955322961,2,359.0,375,343,1030191522,25406,1163206,37,1217292,104564,0.9209
2026-10-07,2516044547,2,359.0,415,303,641569871,13930,1640363,2,719605,160554,0.8176
2026-10-07,5731967654,1,359.0,359,359,189312741,0,334502,0,95673,22875,0.807
2026-10-07,9237297311,1,359.0,359,359,2146133,0,18072,0,2968,716,0.8056
2026-10-07,10346503194,2,358.5,384,333,22906189,12351,94983,30,55805,1362,0.9762
2026-10-07,5668874170,2,358.0,434,282,26580868,13591,42694,26,17450,8125,0.6823
2026-10-07,1707552920,1,358.0,358,358,299119292,0,935274,0,288777,40350,0.8774
2026-10-07,5927446137,3,357.7,470,250,47939711,28828,620552,331,48683,11205,0.8129
2026-10-07,6193765296,2,357.5,370,345,26944351,12042,1336686,525,203755,5432,0.974
2026-10-07,10124403207,3,357.3,605,108,1027798,51094,4088,199,1224,300,0.8031
2026-10-07,7848204961,3,356.7,534,33,9778833,14377,85771,40,13126,1291,0.9105
2026-10-07,6030909708,3,356.7,516,118,123292188,37897,21695070,5516,4220,1488,0.7393
2026-10-07,7860226425,2,356.5,575,138,97236753,17744,66552,34,32297,5095,0.8637
2026-10-07,323675642,2,356.5,378,335,598615126,12412,2220967,10,544470,123395,0.8152
2026-10-07,10066929248,2,356.0,435,277,29877258,15524,117832,67,102556,4259,0.9601
2026-10-07,2139712082,3,355.7,559,3,78064260,8995,198450,15,85726,21546,0.7991
2026-10-07,10045085816,2,355.5,419,292,39205436,13680,57156,17,38523,1074,0.9729
2026-10-07,5698013839,3,355.3,480,289,72630375,20674,285395,122,154213,10355,0.9371
2026-10-07,4652005960,3,354.7,380,331,58171379,11062,88190,14,27604,4964,0.8476
2026-10-07,767752328,3,354.0,368,339,255520351,3102,1375667,18,415011,144503,0.7417
2026-10-07,9969095451,2,354.0,439,269,43481692,14722,1711827,460,21592,2978,0.8788
2026-10-07,9297902951,1,354.0,354,354,29629703,0,407870,0,155413,22708,0.8725
2026-10-07,3317064564,2,353.5,358,349,79612716,12268,626329,58,230781,19910,0.9206
2026-10-07,10500388554,2,353.5,407,300,17789277,19502,45836,43,7271,1234,0.8549
2026-10-07,5518683179,2,353.0,354,352,108952688,14052,468054,77,230555,8182,0.9657
2026-10-07,3494556606,2,352.5,381,324,521578030,10499,1991287,7,882156,32599,0.9644
2026-10-07,10168229420,2,352.5,419,286,27520828,10870,105025,57,259898,3629,0.9862
2026-10-07,7462622504,2,352.5,420,285,45208440,25749,79003,46,19499,4307,0.8191
2026-10-07,10417987249,2,352.5,376,329,5117407,7600,73007,88,26136,3795,0.8732
2026-10-07,3717264063,3,352.3,426,277,631642808,34212,2224196,77,760103,66494,0.9196
2026-10-07,4082023366,1,352.0,352,352,158747190,0,186300,0,40154,3924,0.911
2026-10-07,7091388561,3,351.7,468,175,133728438,66499,119463,188,167014,14242,0.9214
2026-10-07,4275891591,2,351.0,399,303,55951167,15295,101589,21,31817,10538,0.7512
2026-10-07,10337157761,2,351.0,428,274,20930902,12703,1219867,310,16864,950,0.9467
2026-10-07,10517428659,2,351.0,407,295,14883130,11310,53971,26,46777,2059,0.9578
2026-10-07,9226697658,1,351.0,351,351,4073691,0,43644,0,90084,1493,0.9837
2026-10-07,3232838484,3,350.0,438,250,91598411,27882,137017,34,46771,3870,0.9236
2026-10-07,3195917432,1,350.0,350,350,68247743,0,122032,0,52081,7364,0.8761
2026-10-07,3384187191,1,350.0,350,350,67432076,0,73564,0,29816,8269,0.7829
2026-10-07,5252919404,2,349.5,448,251,118536263,17467,77481,24,40498,6459,0.8624
2026-10-07,7407722254,2,349.0,375,323,37069504,21199,48731,39,7661,1538,0.8328
2026-10-07,9452898647,2,348.5,509,188,126178350,11561,5377403,347,46428,5509,0.8939
2026-10-07,9001634416,3,348.3,409,277,3954402,10053,22110,26,5585,2754,0.6697
2026-10-07,5678594929,2,348.0,348,348,50699157,14726,69444,32,11810,6358,0.65
2026-10-07,5206433511,2,348.0,431,265,146815057,47916,1931060,869,261310,48346,0.8439
2026-10-07,8093473699,2,347.5,392,303,26164146,7774,93179,17,22863,4123,0.8472
2026-10-07,9715999586,2,347.0,366,328,155824176,18254,113150,12,103941,12679,0.8913
2026-10-07,8232540509,1,347.0,347,347,44625007,0,59318,0,27388,5000,0.8456
2026-10-07,7882829745,3,345.0,380,310,361029571,16423,984706,35,481526,9389,0.9809
2026-10-07,10381830868,2,345.0,398,292,4943496,15590,21649,46,6047,438,0.9325
2026-10-07,7391615616,1,345.0,345,345,23929332,0,1402211,0,130374,5770,0.9576
2026-10-07,2297891297,2,344.5,460,229,39473367,10374,54660,17,21023,5092,0.805
2026-10-07,3274669156,2,344.0,349,339,70641618,11142,682972,114,87243,14301,0.8592
2026-10-07,2160907981,1,344.0,344,344,1322542574,0,2112942,0,518703,108002,0.8277
2026-10-07,10598641427,1,344.0,344,344,5354712,0,97286,0,18272,1391,0.9293
2026-10-07,1536694921,2,343.5,358,329,480487392,18199,1470416,38,228139,28136,0.8902
2026-10-07,6174407103,3,343.0,491,185,93564124,22274,3080281,721,112749,6122,0.9485
2026-10-07,10147259486,2,343.0,466,220,22164985,14470,1005489,667,44105,1467,0.9678
2026-10-07,2839156349,2,342.5,463,222,15574917,10643,25357,16,5978,2053,0.7444
2026-10-07,9324506782,2,342.0,375,309,16288076,12003,89651,46,60584,5633,0.9149
2026-10-07,1037979853,2,342.0,392,292,496703085,8934,1867101,12,834436,71110,0.9215
2026-10-07,7009714292,2,342.0,353,331,87052073,11704,457971,39,96156,11830,0.8904
2026-10-07,9508201896,2,342.0,363,321,11649245,10444,252386,4,2908,538,0.8439
2026-10-07,4590309504,2,341.5,448,235,24657432,13509,23963,13,14466,4717,0.7541
2026-10-07,10213583516,2,341.5,377,306,20121763,21396,1034207,901,58949,2170,0.9645
2026-10-07,10392686454,2,341.5,350,333,5717212,13132,477648,813,2764,750,0.7866
2026-10-07,10699057921,3,341.0,413,226,4075710,23544,52218,120,10473,1589,0.8683
2026-10-07,6764180126,3,341.0,464,138,248782491,17871,193503,32,222611,16124,0.9325
2026-10-07,9081083593,2,341.0,493,189,23318546,13464,336601,202,23271,5712,0.8029
2026-10-07,504035427,1,341.0,341,341,1699549235,0,5963334,0,1370610,82494,0.9432
2026-10-07,10202515720,3,340.7,412,276,2848654,18503,5457,20,2836,384,0.8807
2026-10-07,10569930060,3,340.7,428,238,13620211,62672,203185,352,70200,7709,0.9011
2026-10-07,1434220026,2,339.5,390,289,888788590,6409,2678686,-10,1087552,99197,0.9164
2026-10-07,9896643509,2,338.5,469,208,12050215,14981,15857,11,6599,1805,0.7852
2026-10-07,10340721921,2,338.5,370,307,10989029,11492,36351,18,47393,2491,0.9501
2026-10-07,4161745937,2,338.5,368,309,90700273,14379,297566,11,90134,20923,0.8116
2026-10-07,1527252839,3,337.7,459,183,605197261,51898,2878043,1216,82799,23599,0.7782
2026-10-07,9076692567,3,337.3,397,235,34644788,67608,156575,260,41628,8811,0.8253
2026-10-07,5359468080,2,337.0,358,316,211172150,17429,165807,17,21213,5539,0.793
2026-10-07,4282689669,2,337.0,447,227,41503735,10131,971818,160,24126,6371,0.7911
2026-10-07,8834587397,2,336.5,339,334,577392799,15006,14057016,-68,517642,42786,0.9237
2026-10-07,4712109542,2,336.5,378,295,36181344,6023,307883,36,81770,14155,0.8524
2026-10-07,1247975681,1,336.0,336,336,1870384149,0,5077052,0,2156194,379554,0.8503
2026-10-07,8503596762,3,335.3,405,260,3080120,35188,34229,404,12723,1011,0.9264
2026-10-07,10640957718,1,335.0,335,335,3858878,0,10033,0,3359,2771,0.548
2026-10-07,114070244,3,334.7,403,220,354053910,43836,1221767,106,276472,57408,0.8281
2026-10-07,3114128441,2,334.0,408,260,119907674,35599,141805,38,60283,19801,0.7527
2026-10-07,63951305,1,334.0,334,334,890561034,0,3839256,0,1153055,144189,0.8888
2026-10-07,6646518350,3,333.3,402,236,263314993,39177,354979,29,33683,5841,0.8522
2026-10-07,8902327228,2,333.0,479,187,111072231,14176,125227,21,72556,10453,0.8741
2026-10-07,123956318,3,332.7,389,288,33610825,15408,344838,21,78765,17765,0.816
2026-10-07,1784051919,3,332.7,400,223,232750601,70830,2122051,255,355117,20983,0.9442
2026-10-07,2577700536,2,332.0,386,278,73161713,13027,169648,29,268815,19187,0.9334
2026-10-07,1701623492,1,332.0,332,332,4040630779,0,2817451,0,765964,212175,0.7831
2026-10-07,9954447663,2,331.5,436,227,22421182,18402,1135442,1492,3511,558,0.8629
2026-10-07,10608908197,2,331.0,355,307,4455857,12436,211966,480,6401,1075,0.8562
2026-10-07,7144947546,2,330.5,355,306,34388079,12357,108361,68,21000,5100,0.8046
2026-10-07,7468338447,2,330.5,399,262,343185317,15049,2562652,12,295981,13812,0.9554
2026-10-07,847722000,2,330.0,331,329,203993527,9390,2238711,54,579779,45150,0.9278
2026-10-07,4654951132,1,330.0,330,330,14855719,0,15318,0,8280,1335,0.8612
2026-10-07,9354709602,2,329.0,407,251,60660025,6343,822989,185,294908,6237,0.9793
2026-10-07,170247232,2,328.5,362,295,473333635,12124,2123455,12,749818,243798,0.7546
2026-10-07,10075660664,2,328.0,426,230,2687049,7485,7655,11,7131,287,0.9613
2026-10-07,8601956127,2,328.0,334,322,28408499,17519,119543,108,123901,5205,0.9597
2026-10-07,4535642329,1,328.0,328,328,31964412,0,600263,0,110411,14593,0.8833
2026-10-07,4990998060,1,327.0,327,327,436362279,0,20816901,0,310194,22088,0.9335
2026-10-07,9464360885,2,326.0,446,206,63864753,8857,107184,28,30884,13564,0.6948
2026-10-07,9209811415,3,325.7,578,162,52420794,46053,125246,137,19044,1852,0.9114
2026-10-07,4356309501,2,325.5,376,275,12950571,5879,11194,8,5468,1229,0.8165
2026-10-07,9357218675,2,325.5,407,244,44719468,13820,3472862,958,34070,1161,0.967
2026-10-07,7396511690,2,325.5,345,306,41345976,14560,1425599,452,94799,15330,0.8608
2026-10-07,4885171702,1,325.0,325,325,115461177,0,8413756,0,34908,19995,0.6358
2026-10-07,6964415405,2,324.5,374,275,50912934,12492,148660,45,43984,15063,0.7449
2026-10-07,4835576249,2,324.0,450,198,298527868,24648,282594,33,65385,9183,0.8769
2026-10-07,943733974,2,324.0,380,268,213684918,7467,860556,20,563504,52269,0.9151
2026-10-07,9711972386,2,324.0,345,303,14461223,5059,27262,10,12618,2451,0.8373
2026-10-07,2198666251,2,324.0,382,266,82442039,15782,51137,13,11663,2743,0.8096
2026-10-07,1751760283,2,323.5,401,246,286170487,11704,1162688,30,417345,50472,0.8921
2026-10-07,6190384723,3,323.3,338,316,103617493,34257,554861,52,34009,5472,0.8614
2026-10-07,7940293048,2,323.0,405,241,2783934,24903,3525,19,1071,411,0.7227
2026-10-07,2826640183,2,323.0,332,314,770408181,8525,690919,11,188361,44662,0.8083
2026-10-07,2149444938,2,323.0,360,286,98660236,13857,437500,30,72719,14358,0.8351
2026-10-07,7267853694,2,321.5,350,293,8670314,6605,42756,31,4963,1500,0.7679
2026-10-07,9102566780,2,321.5,408,235,7453835,7096,39810,34,73437,4954,0.9368
2026-10-07,1229590289,2,321.0,438,204,98812440,15633,4190952,1444,61327,8997,0.8721
2026-10-07,7677035096,2,320.0,380,260,6370701,14055,81648,129,5519,1748,0.7595
2026-10-07,1275875292,2,320.0,335,305,573816334,2333,1093942,1,286421,46749,0.8597
2026-10-07,2114144926,2,319.0,336,302,1111954108,18428,532872,0,439192,32468,0.9312
2026-10-07,5479285260,2,318.5,424,213,58536188,22235,10363456,2831,5041,2541,0.6649
2026-10-07,1247231049,2,318.5,375,262,53683026,7662,705804,21,76467,11193,0.8723
2026-10-07,10051853469,3,318.3,434,167,113958303,24176,2490671,609,307644,6049,0.9807
2026-10-07,3989869156,1,318.0,318,318,95581090,0,1591087,0,69274,8269,0.8934
2026-10-07,3749444437,1,318.0,318,318,80316788,0,10118850,0,15745,2879,0.8454
2026-10-07,5747152246,2,317.5,348,287,61038172,14354,1773883,363,16983,4307,0.7977
2026-10-07,4540494160,3,317.3,397,245,268605691,12648,361034,11,505322,22286,0.9578
2026-10-07,10428543942,3,317.0,477,234,4964938,23930,26485,46,10937,1841,0.8559
2026-10-07,10232922349,1,317.0,317,317,7218649,0,74747,0,63968,846,0.9869
2026-10-07,4028801234,1,317.0,317,317,239523998,0,12771206,0,29285,23026,0.5598
2026-10-07,9298096434,3,316.7,448,242,13598043,29036,154809,333,54258,5348,0.9103
2026-10-07,8824087733,2,316.5,343,290,13735290,9312,8185,8,4071,615,0.8688
2026-10-07,5939817752,2,316.5,336,297,72549162,11999,383735,55,120450,13553,0.8989
2026-10-07,5386253062,2,316.0,453,179,41276138,7867,227036,36,31266,2688,0.9208
2026-10-07,52494682,1,316.0,316,316,171347717,0,519625,0,176603,28275,0.862
2026-10-07,8640389608,2,314.0,350,278,2370480,11796,4649,22,4358,457,0.9051
2026-10-07,2655311011,2,314.0,319,309,1427404385,10751,3272025,54,2313523,60513,0.9745
2026-10-07,4996628751,2,314.0,538,90,108768287,10418,7534337,516,20621,4152,0.8324
2026-10-07,7258574494,2,314.0,434,194,23237714,15435,14988,14,5665,1056,0.8429
2026-10-07,10176502031,2,313.5,352,275,15593208,13972,492443,445,142453,2844,0.9804
2026-10-07,3507461489,2,313.0,370,256,21148211,11839,35953,28,11618,1668,0.8745
2026-10-07,10437809977,2,312.5,349,276,15663668,16119,34589,48,44549,1061,0.9767
2026-10-07,5803199989,2,312.5,378,247,162226176,24612,640849,70,55414,16098,0.7749
2026-10-07,10723087263,2,312.5,443,182,2647602,10952,8593,34,2525,432,0.8539
2026-10-07,10417857486,1,312.0,312,312,13830511,0,90834,0,27836,2260,0.9249
2026-10-07,10372466625,1,311.0,311,311,29022423,0,63498,0,33778,17621,0.6572
2026-10-07,10029297024,1,311.0,311,311,35110135,0,139790,0,85874,8805,0.907
2026-10-07,5974510967,3,310.7,320,299,16675926,13817,156709,43,64070,3834,0.9435
2026-10-07,9645309602,2,310.5,440,181,42884963,18207,83900,20,34478,5888,0.8541
2026-10-07,5329644515,2,310.5,330,291,64731971,10253,86754,27,7963,1246,0.8647
2026-10-07,3227754471,2,310.5,320,301,77329976,19538,160111,40,35431,6643,0.8421
2026-10-07,8615117785,2,310.0,366,254,2120699,6363,24604,103,6197,3123,0.6649
2026-10-07,9529449775,1,310.0,310,310,3219739,0,106719,0,12411,649,0.9503
2026-10-07,7000924848,3,309.3,423,204,173700945,121888,180471,163,41570,3003,0.9326
2026-10-07,10080411105,2,309.0,363,255,4259145,10535,9159,10,6417,597,0.9149
2026-10-07,6925369391,2,308.5,329,288,162517294,8988,707119,42,855039,16607,0.9809
2026-10-07,9829910038,2,308.5,335,282,2714103,8568,9181,13,4763,480,0.9084
2026-10-07,10549129889,2,308.5,383,234,14269432,10651,53760,39,19842,2731,0.879
2026-10-07,9228045253,2,308.5,446,171,142525242,10802,251939,13,331172,8782,0.9742
2026-10-07,10258084287,2,308.5,407,210,23085078,8071,33405,7,14813,620,0.9598
2026-10-07,6535370051,2,308.0,338,278,45385369,14935,5230347,1462,24582,2166,0.919
2026-10-07,9722598100,2,307.0,441,173,39011393,8014,162284,25,164826,2471,0.9852
2026-10-07,7076793942,1,307.0,307,307,88159172,0,215900,0,523720,16354,0.9697
2026-10-07,5432177771,2,306.0,358,254,48878676,17417,45008,24,22539,11019,0.6716
2026-10-07,8299444324,2,306.0,413,199,167698224,24968,10255423,1348,338744,19717,0.945
2026-10-07,6332490386,2,304.5,363,246,59470175,13217,39948,36,3739,1717,0.6853
2026-10-07,10601447895,2,304.0,372,236,38953411,18702,733301,24,31877,5832,0.8453
2026-10-07,8946565814,3,303.7,477,6,27042037,19490,27383,16,33623,2224,0.938
2026-10-07,1175471394,3,303.7,406,132,202595199,20054,142987,11,46510,18990,0.7101
2026-10-07,8000413855,2,303.5,373,234,96401068,19234,79649,46,87596,8917,0.9076
2026-10-07,5345619122,2,302.5,381,224,90840424,12764,150455,35,52852,8841,0.8567
2026-10-07,3289847355,3,302.3,374,175,31544699,14423,43339,26,15920,3678,0.8123
2026-10-07,8438735581,2,301.5,387,216,11352807,9531,23420,15,7887,1445,0.8452
2026-10-07,8300580369,2,301.0,330,272,7892079,7053,82376,25,12991,2105,0.8606
2026-10-07,6755261897,2,300.0,333,267,118574369,22071,118469,65,60727,22765,0.7273
2026-10-07,8722889197,2,299.5,387,212,150803341,12258,5299664,232,111676,6232,0.9471
2026-10-07,9463334671,2,299.0,344,254,8610632,9527,56851,20,18388,2266,0.8903
2026-10-07,7126976930,3,298.3,435,70,106697249,37807,72949,46,6392,690,0.9026
2026-10-07,8847904177,2,298.0,336,260,31434014,17236,4280920,1711,9664,1552,0.8616
2026-10-07,8494484575,2,298.0,364,232,78548137,8243,3297402,340,126196,2770,0.9785
2026-10-07,9971722694,2,298.0,357,239,17547864,12514,1206675,649,71152,1933,0.9736
2026-10-07,8646185650,2,296.0,387,205,30748544,7566,49682,14,35476,1616,0.9564
2026-10-07,10648555380,2,294.0,314,274,2036761,14359,47890,642,9365,445,0.9546
2026-10-07,5753515186,2,294.0,302,286,64658073,16152,345985,69,70013,26365,0.7264
2026-10-07,5867087288,2,294.0,375,213,46767526,10209,50617,16,7139,2688,0.7265
2026-10-07,3475191052,1,294.0,294,294,401770696,0,693217,0,267051,25170,0.9139
2026-10-07,7261493599,2,293.5,311,276,225528869,9923,307146,13,325662,19731,0.9429
2026-10-07,5326310507,2,293.0,330,256,138753624,14472,7881610,479,60280,8152,0.8809
2026-10-07,7074860883,2,292.5,325,260,1012971454,5470,2740986,-12,1292207,41386,0.969
2026-10-07,9857818180,2,292.5,300,285,4023963,11124,9167,17,5553,2759,0.6681
2026-10-07,4524605690,3,292.0,440,16,258005410,46306,84014,47,18908,18629,0.5037
2026-10-07,9845995128,2,291.5,456,127,3489828,9546,18334,51,2744,264,0.9122
2026-10-07,10290366643,2,289.0,321,257,12504190,9369,30884,21,7542,2365,0.7613
2026-10-07,3626363135,2,288.5,392,185,39310020,4850,69950,6,25851,7867,0.7667
2026-10-07,10172066108,3,288.3,466,6,14557837,23257,9408,18,357,213,0.6263
2026-10-07,10090818841,2,288.0,429,147,1933742,6495,1903,2,2743,907,0.7515
2026-10-07,10067173115,2,287.5,336,239,22628797,14630,73785,27,128595,80007,0.6165
2026-10-07,9702840627,3,285.7,332,201,11643803,28181,201877,367,164668,5661,0.9668
2026-10-07,725056461,2,285.0,311,259,19735962,8059,43161,21,10617,3059,0.7763
2026-10-07,301252049,2,284.5,312,257,300564017,11865,1042983,13,440417,109041,0.8015
2026-10-07,6231868526,3,284.0,397,144,7365645,15591,39034,52,12813,2509,0.8362
2026-10-07,7779759515,2,284.0,325,243,82732713,11295,347986,36,238563,4633,0.9809
2026-10-07,5655148138,2,284.0,431,137,24377115,17087,47373,39,11668,819,0.9344
2026-10-07,1315450727,1,284.0,284,284,545187988,0,1043146,0,169456,27540,0.8602
2026-10-07,4666414595,3,283.3,348,209,6319471,14521,71965,524,46978,2710,0.9455
2026-10-07,10762175328,2,283.0,316,250,1016342,10980,2579,25,2756,238,0.9205
2026-10-07,9918481645,2,282.0,311,253,7663525,11619,5793,8,3341,773,0.8121
2026-10-07,1165835263,3,281.7,365,216,91941925,15868,264663,34,114371,18236,0.8625
2026-10-07,7893073096,3,278.0,417,37,42597908,34584,300455,40,9280,1708,0.8446
2026-10-07,9747555206,1,277.0,277,277,41984061,0,126265,0,32289,6131,0.8404
2026-10-07,9677121265,2,276.0,348,204,40098764,12877,47982,14,13774,11336,0.5485
2026-10-07,10299262219,2,275.5,402,149,7618759,14757,18391,57,6735,2153,0.7578
2026-10-07,5596056495,2,275.5,300,251,111292094,14128,222374,37,44239,5215,0.8945
2026-10-07,8995269203,3,275.3,424,83,30651146,21945,27008,19,11387,997,0.9195
2026-10-07,10059591740,2,275.0,328,222,26344894,11053,1183113,511,60957,2873,0.955
2026-10-07,6996253752,3,274.7,423,105,17296508,14399,113278,31,51295,2211,0.9587
2026-10-07,6795084137,2,274.5,328,221,138095880,12255,9926977,483,59762,4975,0.9232
2026-10-07,9630276723,2,273.0,381,165,50647426,8264,65206,18,39459,2595,0.9383
2026-10-07,537476076,2,272.5,312,233,212660474,5652,257559,5,52840,6177,0.8953
2026-10-07,1586272220,2,272.5,310,235,33130319,9562,199506,64,72926,18402,0.7985
2026-10-07,1953956112,3,271.0,329,185,62605926,27697,885755,29,45252,5258,0.8959
2026-10-07,3293525400,2,270.5,357,184,75741358,5157,312150,15,120603,15085,0.8888
2026-10-07,9669297195,3,269.7,457,13,32928151,38740,23028,44,2626,1221,0.6826
2026-10-07,8561270645,2,269.0,346,192,47658224,11077,1002475,214,11686,2982,0.7967
2026-10-07,5678463488,2,268.5,310,227,72712661,6016,1774182,89,153092,11773,0.9286
2026-10-07,4512331818,2,268.0,342,194,26940965,10095,82941,12,24487,8031,0.753
2026-10-07,5369242581,2,267.5,332,203,77258791,9948,1147521,47,52112,15472,0.7711
2026-10-07,7959448908,2,267.5,374,161,29741899,14999,23249,18,15611,4321,0.7832
2026-10-07,3132040251,2,267.0,358,176,514413183,5401,547233,6,267288,55354,0.8284
2026-10-07,9511454418,3,266.7,336,140,4341384,67173,34610,358,18546,1656,0.918
2026-10-07,10121169692,2,266.5,355,178,14591216,8362,333180,198,70789,1008,0.986
2026-10-07,4669435504,3,266.0,352,127,379224651,19614,558548,13,219379,34745,0.8633
2026-10-07,7071645746,2,265.0,353,177,73328572,5761,3072044,245,181665,4488,0.9759
2026-10-07,9671745030,3,260.3,307,198,17281980,53564,111622,294,26052,2307,0.9187
2026-10-07,10493730706,2,260.0,333,187,17486332,7347,115996,16,29663,4145,0.8774
2026-10-07,10138988383,2,260.0,335,185,30475145,9067,62231,20,51842,2016,0.9626
2026-10-07,5259044414,3,259.7,373,72,68711076,13787,95023,25,50243,8544,0.8547
2026-10-07,9681943457,2,256.0,407,105,46241598,8545,34413,20,32197,2792,0.9202
2026-10-07,1859597048,2,255.0,350,160,636230205,12354,629746,24,185061,29448,0.8627
2026-10-07,9882110948,2,252.5,412,93,16814249,7853,41627,14,67090,14543,0.8218
2026-10-07,7742376157,2,252.0,320,184,91414137,8953,1582617,24,16567,2753,0.8575
2026-10-07,5295289103,2,250.5,360,141,118423753,11210,6858750,461,152958,13787,0.9173
2026-10-07,9497278040,2,250.5,331,170,82170750,11151,246860,13,57277,3289,0.9457
2026-10-07,6772885092,3,250.3,379,24,105333111,42851,11277002,3938,36096,5447,0.8689
2026-10-07,10024034551,3,250.0,338,109,10469883,19138,413132,688,7993,606,0.9295
2026-10-07,8916086418,2,245.5,321,170,6629609,17113,59640,146,14016,797,0.9462
2026-10-07,9507134447,2,244.0,379,109,31228917,4660,1123752,151,80482,1628,0.9802
2026-10-07,16876831,2,244.0,304,184,121289637,7097,481567,16,179220,28987,0.8608
2026-10-07,5488708927,3,242.3,290,162,7570521,12204,21704,45,5895,992,0.856
2026-10-07,2278167893,2,240.5,322,159,148916042,13888,190666,29,33333,14790,0.6927
2026-10-07,9750146698,3,240.3,372,8,46208988,26187,31611,22,3713,502,0.8809
2026-10-07,1733898268,3,239.3,374,52,51601748,8401,327859,46,63826,4294,0.937
2026-10-07,9980643140,3,238.3,393,4,33307960,19542,2876912,1885,2662,1016,0.7238
2026-10-07,9898970160,2,234.5,334,135,61293208,7545,137706,21,163342,4007,0.9761
2026-10-07,9804429271,2,234.0,365,103,35931682,6503,2020894,293,43987,1774,0.9612
2026-10-07,9086253192,2,234.0,350,118,100210965,7433,3690003,166,43086,2381,0.9476
2026-10-07,708100196,2,231.5,311,152,339038121,7247,1297725,15,305048,41267,0.8808
2026-10-07,10112435932,2,231.5,310,153,4736946,10551,85082,172,8124,320,0.9621
2026-10-07,9557528747,2,230.5,339,122,10054523,11679,424148,598,13347,1478,0.9003
2026-10-07,8212965377,2,230.0,336,124,54354277,12090,56760,18,29621,2620,0.9187
2026-10-07,9893515490,2,225.5,319,132,58736770,8369,1339834,119,433645,7271,0.9835
2026-10-07,10765718108,3,225.0,315,158,1860143,39169,48767,756,9580,1274,0.8826
2026-10-07,7744877355,2,223.0,355,91,50460621,11190,108370,58,190402,13533,0.9336
2026-10-07,6859793761,2,217.5,321,114,29277285,10635,41873,7,10475,1886,0.8474
2026-10-07,9813375035,2,213.0,339,87,54314077,7568,1036842,2,28124,6206,0.8192
2026-10-07,3178326002,2,212.5,300,125,29655940,13633,20088,27,7280,1202,0.8583
2026-10-07,10245012052,2,208.5,323,94,3685967,6110,1981,4,1242,281,0.8155
2026-10-07,6418247233,2,208.5,314,103,119253624,7654,4091541,362,41296,2740,0.9378
2026-10-07,8698022820,2,208.0,295,121,44307457,5531,52087,5,90416,1092,0.9881
2026-10-07,8239435378,2,201.0,323,79,38485362,6145,91153,10,173320,5291,0.9704
2026-10-07,9031167776,3,194.3,258,120,2203985,19966,15031,49,4933,348,0.9341
2026-10-07,4552793904,2,193.5,318,69,354791263,7283,229114,25,189256,27846,0.8717
2026-10-07,7637748042,2,186.5,332,41,42282430,3929,36884,9,45505,4435,0.9112
2026-10-07,9560516761,2,179.0,317,41,30651470,6870,23036,17,9017,1687,0.8424
2026-10-07,9140218204,2,178.0,344,12,19864600,4262,1570698,386,34302,1856,0.9487
2026-10-07,5905501282,3,161.0,243,110,84974382,20867,1756530,4,108445,25792,0.8079
2026-10-07,104598338,3,116.0,144,81,418150614,27335,535709,39,65476,24834,0.725
2026-10-07,0,3,0.0,0,0,0,0,0,0,,,
