date,universe_id,samples,avg_ccu,peak_ccu,low_ccu,visits_end,visits_gained,favorites_end,favorites_gained,up_votes,down_votes,like_ratio
2026-10-09,10563114921,4,1436734.8,1814441,1262753,7388418286,128750222,7246740,101699,3337272,283057,0.9218
2026-10-09,1686885941,4,396807.8,529638,223510,88376293653,30211443,30399716,17573,8626144,1417218,0.8589
2026-10-09,383310974,4,250893.8,386541,140837,44998572461,13279265,29725062,5266,9541412,1513368,0.8631
2026-10-09,7326934954,4,219301.5,276703,169543,29954857477,17380820,9830605,12814,5447498,572479,0.9049
2026-10-09,66654135,4,191555.8,258429,104117,31164356672,24214675,24414109,13756,10740934,1084919,0.9083
2026-10-09,994732206,4,190015.5,235542,140345,64883127711,13947904,20050078,5376,12751987,1065860,0.9229
2026-10-09,5569032992,4,162948.2,223881,95079,7591493349,14201453,4697223,3526,1726942,246879,0.8749
2026-10-09,6035872082,4,159833.0,197496,103872,18615117931,18868879,94275173,94889,10737108,724533,0.9368
2026-10-09,3508322461,2,112585.5,144125,81046,7541992044,5606025,3089814,2247,2633641,421478,0.862
2026-10-09,10765288803,4,108622.8,151425,72149,54477377,8586542,277662,30303,176524,3816,0.9788
2026-10-09,10764627709,4,98221.0,123654,60655,60379656,10173380,136319,18881,100254,12557,0.8887
2026-10-09,10035204815,4,84397.2,116249,66186,340754396,8200921,339644,7309,411796,14381,0.9663
2026-10-09,7709344486,4,83613.8,88811,76999,73878389247,11293062,29509428,5586,15452055,2692662,0.8516
2026-10-09,9584852943,4,79176.0,94153,47320,6364104803,13923741,6991493,14745,9925476,322103,0.9686
2026-10-09,6701277882,4,74006.2,74670,72750,4774063595,1262405,1288640,327,1345321,278924,0.8283
2026-10-09,5750914919,4,67627.2,76774,55619,4994895113,3223276,3669458,1972,3045146,309367,0.9078
2026-10-09,5595353122,4,65813.2,74339,53472,118451358,2705152,502461,3133,923799,20866,0.9779
2026-10-09,2711375305,4,63237.0,76286,43776,8065692866,6786280,5904856,4171,3030390,203513,0.9371
2026-10-09,10708913337,4,55006.0,56450,53353,83093785,3216380,146562,3214,590104,4400,0.9926
2026-10-09,5203828273,4,53960.0,73073,30074,11124958517,4766883,7563033,6236,4022172,419087,0.9056
2026-10-09,6331902150,4,52565.8,60407,36869,5797722361,4358950,3236273,2803,2393338,441311,0.8443
2026-10-09,3808081382,4,52322.2,62270,39756,19382566843,6418434,7698582,3524,5319052,1030821,0.8377
2026-10-09,6739698191,4,51271.2,77499,28433,1549982283,4366067,1658320,3321,768846,56195,0.9319
2026-10-09,10767825538,4,50507.5,79000,22596,18994646,5072483,86522,15683,29566,1890,0.9399
2026-10-09,2440500124,4,49711.0,68729,25268,7851524677,5011030,8256237,4193,4729178,354835,0.9302
2026-10-09,10765298801,4,46987.0,58414,35428,24228993,3381852,897455,136845,39089,1359,0.9664
2026-10-09,6931042565,4,46921.8,57169,34670,3947453056,4867420,5480759,14920,2576109,130206,0.9519
2026-10-09,10155360168,4,46200.8,56339,27718,154427526,4646821,243062,3535,91867,14308,0.8652
2026-10-09,3317771874,4,45719.0,48744,42077,2662730229,796340,2205383,774,3069726,170547,0.9474
2026-10-09,7219654364,4,44344.0,78106,19745,1899523339,5178322,16709327,1007,268892,39458,0.872
2026-10-09,10685282333,4,42015.2,53617,29767,93670910,4901967,146154,5810,231527,29482,0.887
2026-10-09,3240075297,3,39166.0,53056,16149,8826967250,3773308,3661308,2345,1147858,186203,0.8604
2026-10-09,10512942223,4,39064.5,47637,33809,14402811,3902250,51702,7336,63007,1534,0.9762
2026-10-09,3647333358,4,36820.2,51006,26924,9280049279,4413479,8306248,3432,3244078,211107,0.9389
2026-10-09,10684750879,4,36583.5,46847,29502,67946384,2255790,2843123,77703,140826,4790,0.9671
2026-10-09,10148749921,4,34373.0,40389,24870,2408607543,3638984,3136948,3996,1321938,91905,0.935
2026-10-09,4839802560,4,32555.5,46143,14397,4018674986,2985139,15813021,14227,945974,100656,0.9038
2026-10-09,5361032378,4,32254.0,33247,30462,2220427955,1342181,1024208,356,1424510,134076,0.914
2026-10-09,2668101271,4,32003.8,45206,25320,3608760263,3621337,2584915,2256,950403,232076,0.8037
2026-10-09,703124385,4,31943.5,48898,12765,29107930762,9997411,12038842,3276,4367863,1566184,0.7361
2026-10-09,10768023539,4,26851.0,44024,10645,17425651,4594861,86205,16240,15787,1278,0.9251
2026-10-09,2619619496,4,26692.0,31950,21607,11758958841,2651851,4635195,738,2480680,534018,0.8229
2026-10-09,601130232,4,26644.2,28029,24570,4598268046,1557444,6546203,966,3034982,139889,0.9559
2026-10-09,6521100398,4,26532.8,33362,15772,353944523,1957887,598621,3546,271812,14104,0.9507
2026-10-09,1202096104,4,26310.0,33006,17559,3346245994,2414631,31784494,1301,2538274,190840,0.9301
2026-10-09,6765805766,4,25513.0,28402,21743,1282616073,2302396,990374,551,277805,75686,0.7859
2026-10-09,88070565,4,24515.8,31649,16800,10123038741,1501950,14009619,1369,5639409,733826,0.8849
2026-10-09,10766056678,4,24422.8,30921,21005,18719866,2566318,929207,322295,26252,1597,0.9427
2026-10-09,5995470825,4,24253.5,29227,17516,1340909734,2566681,22273026,64426,1874294,109945,0.9446
2026-10-09,10744310825,4,24250.0,33688,13530,23634132,2017364,1181608,3607,9143,3416,0.728
2026-10-09,10436530264,4,23678.0,31230,18629,15177106,1277694,308193,28900,42983,1678,0.9624
2026-10-09,10767634248,4,22667.2,29443,17277,8007896,2109323,32435,6975,7575,701,0.9153
2026-10-09,4949420752,4,22266.2,30510,9110,1699144347,2769711,809731,1652,494966,90436,0.8455
2026-10-09,10768565603,4,21941.2,26020,14249,6462884,2756526,24004,11043,5108,11476,0.308
2026-10-09,1176784616,4,20840.0,35164,8745,5007634556,2635773,3520375,768,2078735,129095,0.9415
2026-10-09,9534705677,4,20814.2,27520,15840,308570004,2318879,3090866,47540,292374,26183,0.9178
2026-10-09,7089588429,4,20550.0,33825,3530,632427246,2225118,3140396,8227,193692,8872,0.9562
2026-10-09,1831550657,4,20276.8,29731,11574,2251816412,1366022,11292453,4055,1416055,116127,0.9242
2026-10-09,10258991999,4,20134.0,24309,16435,63747253,1307081,876268,7373,163839,8252,0.952
2026-10-09,10766506199,4,19630.0,24226,12836,30566340,2964397,110354,8234,12121,4251,0.7403
2026-10-09,9978329815,4,18235.5,22468,16057,515142088,2194552,1084747,3488,296105,22891,0.9282
2026-10-09,5578556129,4,17820.5,25751,4,2062763620,923223,1998687,368,2589664,87379,0.9674
2026-10-09,7436755782,4,17813.8,21861,15826,35963013002,1431786,11440594,1299,9436534,1054951,0.8994
2026-10-09,8719555347,4,17810.5,26597,9546,440533206,1796490,641927,2333,225550,18130,0.9256
2026-10-09,9294074907,4,17504.8,23499,13231,588676056,2662967,656622,2977,221372,30319,0.8795
2026-10-09,4777817887,4,17480.8,21562,12677,6477082858,1895892,12999541,3485,8458426,591847,0.9346
2026-10-09,372226183,4,17434.0,27289,7385,6059575198,1813477,9720697,1505,2804080,240653,0.921
2026-10-09,10766721625,4,17345.5,21116,13805,15082365,1583952,802140,66082,11971,771,0.9395
2026-10-09,7554119808,4,16804.2,19621,13279,449242217,1698765,5579797,14047,161065,15716,0.9111
2026-10-09,648454481,4,16795.8,18165,15311,1325926865,688433,1511832,258,1073763,121680,0.8982
2026-10-09,10767408330,4,16774.8,20709,13346,11936065,2071732,33068,3833,29410,1703,0.9453
2026-10-09,8178086002,4,16632.5,19086,13557,85251822,2193057,241175,4321,67051,4622,0.9355
2026-10-09,10765012427,4,16541.5,20924,11945,35349789,1712606,157076,6062,105211,5491,0.9504
2026-10-09,10756011174,4,16469.8,22545,10263,99328316,1352660,229734,2455,378646,16279,0.9588
2026-10-09,10681914462,4,16324.0,21958,12651,113024759,2342059,302822,4988,285747,13856,0.9538
2026-10-09,10282097014,4,16057.8,20185,12072,5824408,915248,102361,11556,38601,1874,0.9537
2026-10-09,10765686447,4,15991.5,20195,12163,13829007,1554948,68884,6378,26530,1419,0.9492
2026-10-09,9167377564,4,15908.8,19581,12983,386012488,1239173,9061633,24840,662807,19616,0.9713
2026-10-09,6774320049,4,15877.0,22973,8222,281339165,1349924,965811,2946,87536,11948,0.8799
2026-10-09,10673920146,4,15337.0,20899,8769,9856876,2150676,197294,40269,40942,1216,0.9712
2026-10-09,10460801145,4,15197.5,19354,12120,215654081,2208800,239827,2443,78535,12811,0.8598
2026-10-09,1516533665,4,14912.8,19671,7467,14401436828,1605519,12262907,1508,4062837,435325,0.9032
2026-10-09,4049246711,4,14819.8,19486,9205,934611600,2301313,626059,2241,228622,125063,0.6464
2026-10-09,10764897725,4,14769.2,18952,12671,35760671,1620984,1649504,56977,150737,3585,0.9768
2026-10-09,10630800860,4,14744.0,19561,9361,56164103,1809851,1537881,14576,7280,7001,0.5098
2026-10-09,6325068386,4,14624.5,18142,9011,4988615262,1412335,6287001,1418,10241057,357111,0.9663
2026-10-09,4983034985,4,14419.0,23275,6618,295293510,1135738,876929,2067,121590,28448,0.8104
2026-10-09,578392296,4,14165.5,17060,12001,1347693688,1039912,999217,253,515810,123356,0.807
2026-10-09,7018190066,4,14049.5,15921,10503,6595876781,1093892,6132199,1362,3349266,268844,0.9257
2026-10-09,10561166339,4,14030.5,20517,11293,4574509,829088,188932,35052,8101,421,0.9506
2026-10-09,10399136326,4,13927.8,16995,10305,112829952,1464390,178676,1906,99173,13200,0.8825
2026-10-09,10741654282,4,13777.0,18195,9919,49485512,1019553,1139668,14272,252517,5127,0.9801
2026-10-09,210851291,4,13609.2,17498,8911,5221809068,946645,8540698,823,3660342,259296,0.9338
2026-10-09,3310460039,4,13607.0,17592,10148,4727386598,1922431,105232578,1599,405510,263537,0.6061
2026-10-09,10004244222,4,13579.2,16441,11189,1908135992,1751549,26588525,19389,1301345,68234,0.9502
2026-10-09,10766240516,4,13410.8,16674,8531,3066463,1015064,214597,65955,4169,622,0.8702
2026-10-09,10767567751,4,13355.5,17462,10748,2275084,641432,6432,1451,1545,418,0.7871
2026-10-09,4293374620,4,13305.5,16446,8274,1580658333,1980195,1109227,1904,462026,105705,0.8138
2026-10-09,4658598196,4,13280.5,14666,11301,1154798961,1062281,1506055,1326,1423668,59744,0.9597
2026-10-09,10675117523,4,13161.8,13589,12445,14210282,610415,111769,771,24239,1156,0.9545
2026-10-09,10765490774,4,12850.8,18530,10893,3802338,1008146,10394,2870,10585,152,0.9858
2026-10-09,7633926880,4,12722.2,19378,6577,290882282,1253925,974710,8884,619719,34865,0.9467
2026-10-09,1852226622,4,12693.5,15256,8139,3001489089,710008,2749895,709,730581,198700,0.7862
2026-10-09,10550257968,4,12408.0,14416,9185,32054607,1670824,968758,35573,11124,4322,0.7202
2026-10-09,10767380385,4,12333.5,14978,7235,2768816,941326,8453,2522,733,173,0.8091
2026-10-09,9641502068,4,12290.8,16047,8378,124090058,1771750,234388,2548,289262,19295,0.9375
2026-10-09,2936053166,4,12193.5,15924,8630,2278264667,1936882,1871632,1973,1524374,101867,0.9374
2026-10-09,10765582175,4,12178.2,15269,9468,5820158,1055797,57662,5899,49104,5131,0.9054
2026-10-09,7398552394,4,12150.2,19466,5873,262662630,946419,405161,1117,133139,15724,0.8944
2026-10-09,10261267004,4,12117.5,14197,10703,128931607,595944,378352,1057,126221,7221,0.9459
2026-10-09,4723764956,4,12059.5,16820,6854,598747389,1034832,936914,1260,522256,35155,0.9369
2026-10-09,9796898051,4,12038.0,15475,8472,70206043,689296,1067451,10509,86120,7073,0.9241
2026-10-09,9561553764,4,11983.0,14542,8596,272229755,1860653,227751,1361,260391,17749,0.9362
2026-10-09,7585140258,4,11955.0,16506,8086,146461042,1183312,664090,2766,401723,15919,0.9619
2026-10-09,7395930870,4,11660.5,14241,8522,472289382,963371,506887,1366,359466,20487,0.9461
2026-10-09,10768316438,4,11472.2,13862,8482,2511411,863156,235472,71387,888,95,0.9034
2026-10-09,9855761734,4,11401.0,14451,8090,215201697,908960,297269,1157,146824,24718,0.8559
2026-10-09,1000233041,4,11098.5,13594,7640,3318276151,723964,5809692,945,2005721,180611,0.9174
2026-10-09,4540138978,4,10799.5,14042,9349,2376053925,934505,67414049,23105,329194,50095,0.8679
2026-10-09,184199275,4,10770.0,19560,4442,993695806,895627,1929800,2276,572620,62139,0.9021
2026-10-09,7108384194,4,10749.5,14119,6527,402909456,1286500,722275,1353,136733,22817,0.857
2026-10-09,7008097940,4,10707.5,12428,8212,3346849097,1048133,22419444,6862,1248100,327570,0.7921
2026-10-09,10767012496,4,10699.8,15399,3631,19855371,2497619,55972,6055,26874,2381,0.9186
2026-10-09,10690360998,4,10522.0,31493,3120,103298054,484234,125659,405,94326,6464,0.9359
2026-10-09,10634461028,4,10513.2,19447,3219,78596466,1759068,97030,1794,47076,5918,0.8883
2026-10-09,10502841145,4,10384.8,10743,9771,106584423,650617,128330,476,38028,1349,0.9657
2026-10-09,10765637643,4,10312.5,13097,6758,5479806,1195555,1149932,199778,6928,572,0.9237
2026-10-09,10766725034,4,10190.8,12733,6475,17661232,1557104,43343,3439,6466,4711,0.5785
2026-10-09,10539411000,4,10189.5,13117,8320,222683340,859392,351108,1173,133218,20095,0.8689
2026-10-09,9491545867,4,10185.0,14891,7454,131025400,998525,1300137,13497,30203,6817,0.8159
2026-10-09,9199655655,4,10140.2,11923,7716,265173293,717757,748022,781,499308,63337,0.8874
2026-10-09,2783797267,4,10078.5,13428,5742,715464169,890711,8254016,25042,377901,45455,0.8926
2026-10-09,10173311467,4,10039.5,13066,6604,95186938,939785,890449,3759,514523,12904,0.9755
2026-10-09,4342047058,4,10018.0,14641,7549,608489394,717229,1328082,741,525165,32787,0.9412
2026-10-09,10766008884,4,10010.8,12592,7971,9115986,963572,46293,5183,32423,867,0.974
2026-10-09,10767566226,4,9977.0,13392,8403,3700957,986774,14443,3125,4737,245,0.9508
2026-10-09,6945584306,4,9879.8,13881,5348,587546633,734816,655802,490,1614333,53716,0.9678
2026-10-09,10741514942,4,9860.0,12360,6059,5335439,650782,77783,9794,4404,948,0.8229
2026-10-09,10624691669,4,9781.5,11585,7986,146359628,3031406,417283,4195,82733,14833,0.848
2026-10-09,10768425253,4,9774.2,19810,3290,6234252,2064504,342082,120183,1926,248,0.8859
2026-10-09,4730278139,4,9772.8,12403,8181,1460201187,1169212,1370583,865,1399521,207609,0.8708
2026-10-09,10732236937,4,9710.2,11733,7363,36085297,758752,70678,917,41600,3662,0.9191
2026-10-09,10665420648,4,9592.2,12211,6664,16871234,1146747,181464,9450,195322,5206,0.974
2026-10-09,10700618962,4,9584.5,10941,7769,13415046,759506,314508,11499,31878,569,0.9825
2026-10-09,10767138232,4,9582.8,18163,3835,2614149,1096706,31653,12024,1592,239,0.8695
2026-10-09,5650396773,4,9501.5,12493,6706,2580817862,1211777,2322131,1238,2030837,224082,0.9006
2026-10-09,4348829796,4,9459.2,11732,5589,2717771836,1257309,11618829,7823,571445,105588,0.844
2026-10-09,2992873140,4,9388.2,17619,2363,1441575113,855012,1036794,426,495342,82734,0.8569
2026-10-09,10667357873,4,9272.0,11265,6971,14686859,897913,220700,15073,34204,1639,0.9543
2026-10-09,10057403337,4,9261.5,11941,7582,239421297,1404831,8868440,27360,79920,11435,0.8748
2026-10-09,7028566528,4,9258.0,12024,5926,1149912612,844437,2238866,1056,7125937,124513,0.9828
2026-10-09,10222476236,4,9256.0,10773,6258,43185826,691016,164335,2037,71004,5364,0.9298
2026-10-09,2380077519,4,9184.5,11893,5127,3655616564,1028584,4665987,1481,1958799,317544,0.8605
2026-10-09,2851381018,4,9140.2,12934,6071,866888863,976552,1445883,1523,669774,45170,0.9368
2026-10-09,10765491459,4,9091.5,11578,5746,2233989,715531,9927,2770,5951,563,0.9136
2026-10-09,1526814825,4,8907.8,12018,5482,1125881116,611793,4426143,1497,1109650,106190,0.9127
2026-10-09,10763764817,4,8891.5,12013,6828,30532221,1027899,1126280,27557,16445,3081,0.8422
2026-10-09,10701628624,4,8849.2,11079,4631,26955527,1161024,415766,17539,10088,2399,0.8079
2026-10-09,10766138478,4,8843.5,11512,7778,18986718,784799,1001650,41766,23609,647,0.9733
2026-10-09,1016936714,4,8838.5,12401,5304,2269159663,1016681,1971187,426,1451599,182036,0.8886
2026-10-09,4420562665,4,8785.5,10554,6396,94217342,907341,394505,7667,81379,8111,0.9094
2026-10-09,10765013362,4,8718.2,9942,7870,7353245,491117,13788,752,5467,631,0.8965
2026-10-09,6176333237,4,8674.8,16875,750,120081985,493079,43872,178,8802,994,0.8985
2026-10-09,5283219861,4,8658.8,11027,6212,371449403,1204692,300419,1549,77072,10559,0.8795
2026-10-09,9837612476,4,8624.2,9879,7103,353002497,541531,1246992,1429,795796,29036,0.9648
2026-10-09,3945578236,4,8614.0,12640,4751,114153046,1139964,109556,1743,28497,13131,0.6846
2026-10-09,10764221401,4,8605.2,9917,5442,5363409,1031136,671645,117692,19170,855,0.9573
2026-10-09,10765153945,4,8601.5,11559,6237,12001455,885785,32876,2179,8480,936,0.9006
2026-10-09,10116272705,4,8577.2,10594,6854,4178617,444248,9670,1148,28004,932,0.9678
2026-10-09,10768026334,4,8493.0,16956,3124,2017961,610860,121677,37766,546,316,0.6334
2026-10-09,10753751277,4,8453.2,11141,5665,20943780,930527,1934626,55325,53098,2423,0.9564
2026-10-09,7488668004,4,8451.8,9773,7059,352757725,650062,455697,963,141323,11744,0.9233
2026-10-09,10740316645,4,8420.5,9321,7528,6419859,533793,24975,1634,61734,782,0.9875
2026-10-09,10230942274,4,8410.2,10531,6253,100971262,709919,216726,1385,241131,18469,0.9289
2026-10-09,9825259729,4,8406.8,11200,6091,23513579,1117655,154291,1185,53171,6550,0.8903
2026-10-09,4452297356,4,8287.8,11752,5201,774095409,573000,875987,644,260034,28580,0.901
2026-10-09,4750561026,4,8203.2,11098,5139,51289776,679553,336785,3443,202453,22312,0.9007
2026-10-09,9051406594,4,8139.2,9997,6824,401756249,1826565,7816340,29564,2066626,77133,0.964
2026-10-09,10767824942,4,8113.0,10637,6857,2087999,509203,169227,27984,5010,229,0.9563
2026-10-09,10767922762,4,8049.5,9798,5079,2540613,673466,119602,26608,11620,1414,0.8915
2026-10-09,10737986845,4,7953.0,10087,7002,5195099,685909,159856,18198,5037,501,0.9095
2026-10-09,7094518649,4,7945.8,9695,6050,376754181,458406,904724,773,393038,19369,0.953
2026-10-09,10762388019,4,7804.5,9699,4835,30566793,1323518,118619,3733,226680,17554,0.9281
2026-10-09,8342498724,4,7800.0,12177,3485,55943892,371775,110303,347,80826,3225,0.9616
2026-10-09,6443367640,4,7645.2,9625,6140,717879332,723146,6991998,6315,255199,20687,0.925
2026-10-09,10138624079,4,7622.8,9092,6075,129471150,838622,165853,1241,113083,2995,0.9742
2026-10-09,5039839070,4,7605.2,12899,3925,356330691,461809,521950,315,305100,40991,0.8816
2026-10-09,3308103880,4,7582.2,9737,4906,1839553476,867277,2121679,2124,494314,77363,0.8647
2026-10-09,2274830359,4,7561.2,8988,5520,3042587732,880444,2076046,1026,311796,104261,0.7494
2026-10-09,10765312940,4,7556.0,10470,5465,5190188,628642,10781,1367,6301,330,0.9502
2026-10-09,10421901778,4,7541.5,9276,5827,21957471,483361,115434,2370,42533,2221,0.9504
2026-10-09,5720553711,4,7540.2,8800,5610,768512241,776655,3188448,5034,242734,22665,0.9146
2026-10-09,10739112966,4,7497.8,9586,3659,4373851,753242,33071,5772,4145,981,0.8086
2026-10-09,9931749389,4,7444.8,8761,5083,152382024,728536,249027,1888,166184,6223,0.9639
2026-10-09,65241,4,7310.0,9128,5713,4504702473,1230021,11892161,1961,4414079,448936,0.9077
2026-10-09,10638886777,4,7284.8,8855,4469,4376500,883288,195817,28977,1832,284,0.8658
2026-10-09,10144280947,4,7276.5,9605,4184,630110082,1083622,11986390,15927,2017812,44827,0.9783
2026-10-09,9098570654,4,7173.8,8429,6092,270249030,390418,455946,783,194188,12119,0.9413
2026-10-09,10529769390,4,7148.8,8872,6062,26961571,584393,17689,218,11551,2908,0.7989
2026-10-09,321778215,4,7148.0,8789,5190,10463150647,429679,13330199,635,3264813,535012,0.8592
2026-10-09,10648820673,4,7141.0,13531,2358,73886228,555106,1758006,9504,142026,3610,0.9752
2026-10-09,10199301628,4,7104.2,8525,5970,440926855,845534,2073894,3304,777459,42932,0.9477
2026-10-09,10526853622,4,7084.2,7855,6445,10203971,437915,167512,3711,29324,982,0.9676
2026-10-09,9145063979,4,7083.8,8636,5480,593661253,936460,617549,1362,1128919,25676,0.9778
2026-10-09,4689722433,4,7041.5,8530,5436,627462778,780795,773129,1505,238407,23419,0.9106
2026-10-09,10636331438,4,6992.8,8149,6015,10581047,507334,333828,11636,77757,1387,0.9825
2026-10-09,9296252245,4,6975.5,9322,5277,248992227,1095364,15268605,62871,249329,12416,0.9526
2026-10-09,7883776681,4,6923.5,10454,5214,575156220,889883,4754997,6436,1208146,64703,0.9492
2026-10-09,10766578375,4,6897.2,8900,4382,5523279,810132,47340,4716,9410,727,0.9283
2026-10-09,6504986360,4,6884.0,7177,6407,610211848,267955,291864,92,494824,16392,0.9679
2026-10-09,5239362765,4,6875.8,9894,3662,400000164,911483,507127,1616,170855,70325,0.7084
2026-10-09,7856039629,4,6869.0,8031,3862,80062527,995046,2279431,20591,42850,5332,0.8893
2026-10-09,10764297006,4,6842.5,9492,3773,46591145,2969550,31890,2102,18732,4150,0.8186
2026-10-09,245662005,4,6687.0,8450,4908,8068561344,731222,18678745,1009,5805068,811813,0.8773
2026-10-09,73885730,4,6642.2,7713,4553,3046341153,807792,6010284,743,1539752,270754,0.8505
2026-10-09,9880286438,4,6628.5,7128,6235,26806462,492104,66748,453,86037,2639,0.9702
2026-10-09,9970645639,4,6568.2,7400,5655,126413811,401431,768120,1503,540566,7101,0.987
2026-10-09,10321202755,4,6504.8,6748,6118,53911831,178703,495336,2378,173553,2962,0.9832
2026-10-09,10575295323,4,6484.2,7772,3957,6022219,716217,23804,2741,3538,930,0.7919
2026-10-09,10496189928,4,6474.5,7939,3757,8009500,748782,18836,1912,2288,1109,0.6735
2026-10-09,3085257211,4,6452.0,7848,4071,5139423254,1196091,3874124,1448,1538327,303832,0.8351
2026-10-09,1235188606,4,6442.5,7433,4877,1731140180,543678,14549528,103,1117773,78755,0.9342
2026-10-09,10765751583,4,6437.5,11865,2365,5553867,924535,19852,2346,6152,1228,0.8336
2026-10-09,4165164803,4,6434.2,8492,2630,569388387,661411,573253,802,183968,57161,0.7629
2026-10-09,4987856151,4,6419.5,8193,4849,129211659,551502,537015,1657,378899,12406,0.9683
2026-10-09,8401518398,4,6338.8,8285,3036,122051874,724021,109904,877,21488,8426,0.7183
2026-10-09,6635513269,4,6335.8,8927,2887,15191668,1008767,111852,4964,162194,4338,0.974
2026-10-09,9490116046,4,6331.2,8063,4743,147758660,567322,6577793,18954,10418,5575,0.6514
2026-10-09,10553704684,4,6327.5,8764,4015,6849624,583951,360799,33266,21284,1756,0.9238
2026-10-09,10765067592,4,6322.2,8139,4297,2694194,332969,40765,4197,5921,679,0.8971
2026-10-09,2471084,4,6319.8,7665,4971,1333545655,526513,4649856,1019,2035062,285500,0.877
2026-10-09,10766309747,4,6317.8,7806,3423,9334603,682401,34757,2193,37083,1029,0.973
2026-10-09,10278774552,4,6309.8,7187,4488,203971017,724871,350818,871,67638,18552,0.7848
2026-10-09,10608856704,4,6303.5,8778,3651,9922918,835327,523276,33252,76515,1219,0.9843
2026-10-09,903807016,4,6298.8,8874,3393,1598604437,554609,2853422,540,1186240,119878,0.9082
2026-10-09,7996365376,4,6285.2,8692,3278,449944626,759857,491146,781,206902,28201,0.88
2026-10-09,10759638075,4,6250.2,7233,5155,5523145,311599,155935,3211,74949,1157,0.9848
2026-10-09,10762636904,4,6239.0,10159,2739,5125698,1010863,38768,6351,34185,384,0.9889
2026-10-09,10759518799,4,6233.5,8288,3318,12085045,1013953,115000,7440,13372,1112,0.9232
2026-10-09,8307114974,4,6200.2,7526,4196,402439993,1118472,256268,417,101426,16596,0.8594
2026-10-09,10761687472,4,6187.5,9111,2968,138220112,1437473,462093,2217,100875,13865,0.8792
2026-10-09,1278035280,4,6164.5,8642,3021,783268955,372212,1519813,683,501951,37315,0.9308
2026-10-09,10767582899,4,6142.2,7960,4348,1567060,298805,16261,2312,6834,1591,0.8112
2026-10-09,1268927906,4,6130.8,6666,5395,2310779724,384779,2610212,688,1166028,155305,0.8825
2026-10-09,9592387369,4,6087.5,7806,4133,65695198,843858,201857,2147,85884,20185,0.8097
2026-10-09,10762757054,4,6085.8,7654,4662,19743396,796348,66383,1870,23094,6149,0.7897
2026-10-09,7613921865,4,6072.5,6488,5531,803226201,456154,211943,13,271814,12240,0.9569
2026-10-09,10766395909,4,6039.5,7321,3612,3975758,541469,44932,4649,14946,1061,0.9337
2026-10-09,10696894951,4,6034.2,8105,4635,23369631,1144238,39059,2450,13204,2195,0.8575
2026-10-09,547524060,4,5948.8,7062,3467,1470675270,571918,2291158,954,470300,42909,0.9164
2026-10-09,9348272796,4,5926.2,7545,4892,749642594,700759,691077,631,442770,21256,0.9542
2026-10-09,9296042754,4,5908.8,7621,4495,89379685,632044,425081,3358,191973,4460,0.9773
2026-10-09,10764839604,4,5906.0,7660,4724,7095035,498806,39287,2603,30369,719,0.9769
2026-10-09,2435789930,4,5887.5,6897,4810,2945257060,679876,2340476,1239,876187,106618,0.8915
2026-10-09,1451439645,4,5885.5,7502,4811,4063896839,395446,2772911,221,1696614,158096,0.9148
2026-10-09,10768176407,4,5870.5,6995,4144,2277560,524330,16008,2825,6531,759,0.8959
2026-10-09,6749060816,4,5852.2,6490,4173,294296408,491842,1921247,2004,303708,60846,0.8331
2026-10-09,10690942083,4,5834.0,7728,2785,12160577,607537,15074,842,3843,949,0.802
2026-10-09,9885372266,4,5831.0,13167,2660,88963257,465303,2519382,2330,151904,10235,0.9369
2026-10-09,2822776643,4,5757.2,6843,4389,145898297,634487,243254,1353,158557,15193,0.9126
2026-10-09,10126644530,4,5750.0,10218,2014,2026566,386257,10668,1316,13394,120,0.9911
2026-10-09,10534873486,4,5746.0,8018,4080,11840225,455245,343969,889,7879,772,0.9108
2026-10-09,10767240772,4,5731.8,7752,2628,3169355,359977,23272,1923,15245,2023,0.8828
2026-10-09,10376944238,4,5699.8,7398,3270,60856210,545710,330748,2987,547482,11185,0.98
2026-10-09,10371406677,4,5668.0,7565,3009,20163780,629689,81016,1995,53801,1127,0.9795
2026-10-09,7948426536,4,5651.0,6577,4098,62048980,941123,121628,1985,14766,1750,0.894
2026-10-09,6682487255,4,5643.8,6966,4886,522796658,468145,232640,81,426310,10909,0.975
2026-10-09,10039889230,4,5593.0,8454,3536,6923539,313755,47418,2121,30563,1359,0.9574
2026-10-09,10123059921,4,5588.5,6917,3380,200655670,1229485,574691,3906,185722,10014,0.9488
2026-10-09,10526463655,4,5567.2,6841,4342,16026536,782689,32286,1085,7109,2575,0.7341
2026-10-09,10399125962,4,5532.5,7759,2942,126384880,789025,219794,1337,36477,22944,0.6139
2026-10-09,10714746778,4,5510.5,6619,3891,18908962,798005,772030,30822,129327,4366,0.9673
2026-10-09,5166944221,4,5494.5,6264,3982,1636527161,435854,1771853,496,2981866,121646,0.9608
2026-10-09,10765190004,4,5481.8,6591,4407,4393805,466299,19639,1740,5212,1262,0.8051
2026-10-09,3012965062,4,5476.2,7157,2779,683056121,667565,6529606,16084,564080,53776,0.913
2026-10-09,10765902945,4,5457.5,6508,4650,1128703,202946,7848,5906,2684,113,0.9596
2026-10-09,10752743876,4,5443.0,6408,3641,6562224,603017,262451,19552,3852,589,0.8674
2026-10-09,10403820097,4,5425.0,7912,2406,42601867,949602,1541025,30475,15473,5379,0.742
2026-10-09,10254680421,4,5375.0,6430,3403,93047993,1000901,2482504,34130,28086,6852,0.8039
2026-10-09,10759337137,4,5370.8,6166,4732,37978775,440783,377979,3106,184364,5387,0.9716
2026-10-09,7178032757,4,5352.8,5946,4913,246263671,214920,152674,47,232264,5915,0.9752
2026-10-09,8813969120,4,5302.2,6239,4754,47545596,596509,134882,1311,96672,3451,0.9655
2026-10-09,10308844888,4,5252.0,6210,2982,3491540,754539,5299,1144,777,164,0.8257
2026-10-09,371263894,4,5250.2,6869,3352,1469804810,443221,2701950,317,1061234,146420,0.8788
2026-10-09,5666473198,4,5226.8,8950,2053,445253369,727775,143454,275,106472,19147,0.8476
2026-10-09,8539298853,4,5221.0,7689,2603,1302138117,577732,1833521,1399,383732,43226,0.8988
2026-10-09,9811924734,4,5203.2,19230,191,26782954,451718,91134,685,30341,2926,0.912
2026-10-09,79301772,4,5183.0,6575,3871,505153456,269904,2002119,496,400904,99071,0.8018
2026-10-09,4850044287,4,5145.5,5863,3937,723520465,559047,1466113,874,188897,32347,0.8538
2026-10-09,2360092394,4,5140.0,7072,3615,346209442,375607,9073928,8059,147508,15789,0.9033
2026-10-09,10768172922,4,5122.2,6808,3109,2459697,824598,4599,1469,890,349,0.7183
2026-10-09,3990106548,4,5119.0,7518,3307,1875031617,730712,6419022,936,479220,96340,0.8326
2026-10-09,10766812776,4,5084.2,8119,2043,2990227,796306,12722,2446,4380,236,0.9489
2026-10-09,7822444776,4,5079.0,7019,3375,766461515,580876,498252,742,204808,34924,0.8543
2026-10-09,2640407187,4,5067.8,11030,2113,543463549,401222,429757,180,167476,26329,0.8641
2026-10-09,10766687030,4,5045.2,6783,2645,7096656,667978,23362,2375,12009,2959,0.8023
2026-10-09,3541611379,2,5034.5,6329,3740,417926778,230625,338506,92,334120,20182,0.943
2026-10-09,10717199977,4,5030.2,6632,4024,16269709,486179,388677,10338,7996,1492,0.8427
2026-10-09,10764533320,4,5018.5,7165,2609,28664295,717489,85656,1725,69474,8369,0.8925
2026-10-09,8160348242,4,4984.0,6624,2468,213606236,836324,4807761,19581,145418,15462,0.9039
2026-10-09,9872734936,4,4980.5,6075,4014,55985758,510399,124942,1010,50426,6578,0.8846
2026-10-09,3730079862,4,4972.0,5798,3283,61084351,370852,494305,1140,164397,14332,0.9198
2026-10-09,10189903609,4,4951.5,5572,4256,89658951,619919,146848,979,89747,8451,0.9139
2026-10-09,10698216738,4,4930.2,6359,3516,31222810,407761,115277,1195,145205,3519,0.9763
2026-10-09,7274244096,4,4923.2,5980,3827,158178670,467993,941031,458,91755,8441,0.9158
2026-10-09,7629331599,4,4911.2,5889,4073,267937294,238859,482402,536,336406,12516,0.9641
2026-10-09,10424107160,4,4887.5,7829,3475,5362185,590198,46477,3525,11443,588,0.9511
2026-10-09,6760085372,4,4881.2,5191,4425,127561753,214544,212740,351,223366,11032,0.9529
2026-10-09,10649255304,4,4878.8,5956,3795,48623461,524652,2869230,20204,18099,2541,0.8769
2026-10-09,6353751159,4,4840.0,6344,2980,137446938,380659,231357,984,107184,5451,0.9516
2026-10-09,10764640833,4,4832.5,6874,2461,22249167,823185,64723,1923,13805,3340,0.8052
2026-10-09,10764479526,4,4828.8,6893,3353,38331209,599029,400040,4110,304650,6156,0.9802
2026-10-09,21164849,4,4825.5,6164,3055,805926075,494237,2079240,19827,878480,63484,0.9326
2026-10-09,10601155553,4,4816.8,6721,2214,33904041,980096,195160,4175,130146,5737,0.9578
2026-10-09,9957338123,4,4813.8,5636,3094,58637463,832823,73683,1074,7295,2416,0.7512
2026-10-09,1054526971,4,4799.2,5874,3430,632375141,439415,1717430,561,618752,67767,0.9013
2026-10-09,10737656087,4,4761.2,6738,1787,6630874,364297,15370,382,10183,828,0.9248
2026-10-09,10766735253,4,4744.0,7372,2317,798635,325546,34785,14461,1016,87,0.9211
2026-10-09,6161049307,4,4718.2,7047,2995,241896129,1611248,995408,5414,761474,25108,0.9681
2026-10-09,10415694629,4,4702.0,5884,3776,26588970,545408,130465,2439,22907,2945,0.8861
2026-10-09,7474367816,4,4676.5,6044,3476,1119323858,477731,1436793,1056,1301544,36672,0.9726
2026-10-09,4568630521,4,4674.2,5533,3286,1748318874,601451,1623804,539,1133257,191948,0.8552
2026-10-09,10144587520,4,4674.2,5694,3861,83740767,276086,2139114,6687,105301,2742,0.9746
2026-10-09,10758397570,4,4665.0,6039,3932,15086184,483305,31121,890,14762,380,0.9749
2026-10-09,47545,4,4663.2,5303,3910,5612052841,493518,13613872,1623,3468016,264684,0.9291
2026-10-09,1525626450,4,4644.2,6297,2914,341064021,474035,888319,1216,397078,22679,0.946
2026-10-09,10430019389,4,4644.0,4940,4513,12325681,421097,360091,7685,161490,2953,0.982
2026-10-09,9520692022,4,4642.0,5746,3099,9342455,678103,662074,21312,3164,4567,0.4093
2026-10-09,5265857965,4,4637.2,5689,3519,510545984,467949,5794926,7232,477226,72804,0.8676
2026-10-09,10031505426,4,4621.0,6074,3632,46923951,437027,1831612,20492,210269,5977,0.9724
2026-10-09,7058980030,4,4606.2,5345,3533,634794109,597795,1061084,1002,680436,34505,0.9517
2026-10-09,7703614594,4,4563.0,5675,4113,810880779,464535,483895,206,1428489,25863,0.9822
2026-10-09,10036955953,4,4559.2,6405,3019,15752080,1299644,29867,1153,11004,3532,0.757
2026-10-09,6324644175,4,4553.5,5110,3318,69066502,512066,367060,2296,153897,20499,0.8825
2026-10-09,1489026993,4,4548.2,5812,3687,2693719602,446197,4371829,509,1026209,110823,0.9025
2026-10-09,10741302505,4,4528.8,5903,2652,5643123,349643,186968,1772,48433,1056,0.9787
2026-10-09,10765906597,4,4512.2,5818,2530,3030101,408783,12137,1208,12771,640,0.9523
2026-10-09,7685678300,4,4467.8,7877,1565,286899605,410432,765365,964,335326,20569,0.9422
2026-10-09,10289201563,4,4449.5,5213,3064,86058150,593834,187009,1308,18054,4967,0.7842
2026-10-09,8520148363,4,4442.5,4980,3219,266923540,428013,3343839,3278,678898,79835,0.8948
2026-10-09,8791358380,4,4426.2,5838,3685,466786492,523856,14135866,20875,297361,15878,0.9493
2026-10-09,8851542818,4,4418.5,7330,1927,61389969,639593,392633,10316,94215,4412,0.9553
2026-10-09,10310999762,4,4399.2,5647,3763,32078488,482381,48011,495,42794,1638,0.9631
2026-10-09,9949148856,4,4385.5,5347,2837,6651542,526321,996203,78276,1839,510,0.7829
2026-10-09,9826885587,4,4382.0,5118,3938,154263880,250038,363605,749,307431,8875,0.9719
2026-10-09,10532995815,4,4374.8,4991,3559,8605808,259646,210159,3902,66646,1541,0.9774
2026-10-09,10768202113,4,4370.0,5516,3297,2116621,368561,28822,6050,4872,691,0.8758
2026-10-09,9472441390,4,4357.5,5095,3174,295862349,863576,285596,1282,215931,9232,0.959
2026-10-09,10603675889,4,4351.0,5024,3389,2805392,378002,16329,1787,1885,451,0.8069
2026-10-09,9891331827,4,4347.0,4926,3476,2954590,353685,146235,15132,68287,2137,0.9697
2026-10-09,2682938349,4,4341.5,6218,2074,682841379,340548,661675,157,252763,21278,0.9224
2026-10-09,2549475383,4,4337.2,5934,2725,5503145708,429994,57614457,13848,1332823,150778,0.8984
2026-10-09,10759478428,4,4319.0,5020,3099,4577416,344293,169863,12571,43556,837,0.9811
2026-10-09,5125369493,4,4313.2,6834,2489,13836005,354728,69496,448,9272,1088,0.895
2026-10-09,10766135603,4,4307.2,5244,3023,4703459,302479,314600,13952,11431,455,0.9617
2026-10-09,4170977322,4,4280.8,5474,2700,318509012,414787,15980843,22379,359505,31106,0.9204
2026-10-09,10096155511,4,4259.5,5615,3172,68881435,455505,162700,1072,50576,5919,0.8952
2026-10-09,5254920366,4,4243.2,5049,3508,1156761775,616268,1044810,933,295517,51108,0.8526
2026-10-09,4924789901,4,4239.2,5039,3008,120083935,262707,174362,204,37804,5435,0.8743
2026-10-09,10765950109,4,4213.2,4613,3255,4203622,345787,29414,1813,8309,1200,0.8738
2026-10-09,10767628417,4,4210.8,5494,2901,1244829,278612,27037,5012,7444,517,0.9351
2026-10-09,10628223804,4,4202.5,5696,2417,12761391,322054,6357,86,15792,946,0.9435
2026-10-09,4523856444,4,4198.5,5773,2622,1366294156,505988,1741489,819,1635119,180413,0.9006
2026-10-09,9363735110,4,4190.8,4994,3169,5729962690,545285,2066613,486,1942000,394066,0.8313
2026-10-09,10338952197,4,4166.5,4556,3778,117025792,255468,7270586,5579,383689,8521,0.9783
2026-10-09,6583326485,4,4156.5,5383,2953,141110467,443767,226215,1260,93461,23068,0.802
2026-10-09,10643795368,4,4153.5,4334,3876,12697972,241709,60121,587,26993,3576,0.883
2026-10-09,8752324161,4,4141.0,4668,3444,236734570,426041,136125,614,22248,10505,0.6793
2026-10-09,1648496580,4,4130.5,4941,3156,240102306,369272,280323,691,73562,17030,0.812
2026-10-09,10768944292,4,4128.8,5520,3438,1185946,291315,8026,1087,9770,279,0.9722
2026-10-09,7265977477,4,4120.8,5399,3228,125700642,760120,9420326,42411,95871,5074,0.9497
2026-10-09,10329489265,4,4072.5,4843,3509,38026559,482352,2772649,26946,4881,976,0.8334
2026-10-09,4669328522,4,4053.8,4979,3059,401372841,781136,224574,1170,44847,14106,0.7607
2026-10-09,10226261982,4,4026.5,4767,3631,10604821,276425,381270,7807,131309,1330,0.99
2026-10-09,10765091041,4,4010.2,5219,2928,12386143,410273,60350,1390,69723,1828,0.9745
2026-10-09,4673599750,4,3980.2,5999,1560,560562428,572014,520686,1546,192428,28684,0.8703
2026-10-09,10764706572,4,3973.2,4723,2310,5392058,616357,11144,1243,6124,1737,0.779
2026-10-09,9480281767,4,3958.0,5275,2158,29535625,219155,140910,790,19172,4702,0.803
2026-10-09,2369077151,4,3941.5,4519,3522,430733127,369114,11388649,7996,456825,18490,0.9611
2026-10-09,10552240401,4,3915.0,4108,3739,6431104,137436,97410,174,23898,878,0.9646
2026-10-09,10244001346,4,3910.5,4971,2931,123384011,636367,131597,788,35132,3043,0.9203
2026-10-09,10765748731,4,3882.0,5312,1791,1441001,387598,13546,2721,3467,950,0.7849
2026-10-09,2754593977,4,3880.0,4819,3184,756398622,387801,1001890,499,210887,34130,0.8607
2026-10-09,6170143659,4,3877.5,4929,2749,875894209,677797,1241582,670,352244,16150,0.9562
2026-10-09,10761375767,4,3876.8,4886,1456,5832996,276012,382673,13123,88456,2103,0.9768
2026-10-09,10577682617,4,3858.0,5453,2238,37924871,504656,89098,946,40347,4104,0.9077
2026-10-09,9741874508,4,3850.2,4558,2170,113390590,394120,5848344,15219,82090,6086,0.931
2026-10-09,2583564222,4,3838.8,4412,3251,1121645761,497774,4178535,6992,362982,85795,0.8088
2026-10-09,10127797448,4,3832.2,5165,2698,226393656,688875,6135374,18871,49577,8415,0.8549
2026-10-09,10597001332,4,3824.2,6443,1407,4960693,568037,137068,23727,20448,13875,0.5958
2026-10-09,10521797740,4,3812.2,4751,2883,57537994,373011,119557,689,68445,15789,0.8126
2026-10-09,10765635650,4,3802.0,4637,3244,2062703,230088,21293,1981,30418,433,0.986
2026-10-09,10756780270,4,3757.2,4742,2678,5568003,439020,20276,4604,962,276,0.7771
2026-10-09,5026122481,4,3750.0,5253,2663,276276724,897462,902766,2452,167862,17844,0.9039
2026-10-09,10717002748,4,3746.8,4474,2966,11388651,330819,457327,4903,104360,4168,0.9616
2026-10-09,10764613327,4,3744.8,5968,1801,5246437,598241,40941,3138,5772,2434,0.7034
2026-10-09,4925331346,4,3741.8,4338,3129,329949091,276010,518287,683,236595,9714,0.9606
2026-10-09,1281592938,4,3735.8,4516,2424,315196797,361072,2607072,4149,472283,39745,0.9224
2026-10-09,7960300951,4,3729.0,4524,2563,202472428,338498,7818418,9510,376913,17370,0.9559
2026-10-09,6010232141,4,3728.8,4448,2263,386025796,422975,360479,485,100297,30642,0.766
2026-10-09,7264587281,4,3727.5,6102,2201,408871808,668206,1999313,1113,127845,38859,0.7669
2026-10-09,9965411707,4,3693.5,4100,3144,48672411,162579,77117,64,74087,2930,0.962
2026-10-09,10764980068,4,3678.8,4559,2064,4429625,456022,21078,1968,24153,664,0.9732
2026-10-09,10067258922,4,3667.2,5042,2839,109100011,351672,6904411,27818,400625,4599,0.9887
2026-10-09,10059548251,4,3641.2,5000,2830,60380861,1024590,128575,755,137341,10535,0.9288
2026-10-09,4778845442,4,3632.0,4649,2919,6192239652,363841,1541363,167,1346889,227268,0.8556
2026-10-09,7434179990,4,3630.8,4589,2633,257124844,337304,8979975,10058,390880,13351,0.967
2026-10-09,3405618667,4,3628.2,6529,1642,1536039952,293877,3298013,1082,1593607,137804,0.9204
2026-10-09,6128091457,4,3606.0,4410,2934,401205214,632028,44383618,53270,157404,11530,0.9317
2026-10-09,10152905521,4,3603.8,4404,2713,88206107,323193,102022,468,68707,1994,0.9718
2026-10-09,4931927012,4,3596.2,4698,2613,769533354,366659,697208,357,667579,105763,0.8632
2026-10-09,2589957623,4,3571.2,4468,2704,639547794,495810,9025716,9108,123246,19111,0.8658
2026-10-09,10743048214,4,3568.0,4666,2400,1732961,237391,30305,2396,10941,508,0.9556
2026-10-09,6017624138,4,3566.5,5619,974,133114007,280477,813115,1121,41415,4206,0.9078
2026-10-09,10246108265,4,3557.0,4440,2963,22597108,251891,165695,2049,95520,3315,0.9665
2026-10-09,10090256806,4,3543.5,4886,1971,56249679,450796,692101,2381,197339,19377,0.9106
2026-10-09,9141743926,4,3537.2,4437,2543,460061964,320544,603283,95,536388,11927,0.9782
2026-10-09,10410945205,4,3531.8,6106,2088,75911498,210855,129771,225,116512,3657,0.9696
2026-10-09,10766390665,4,3529.0,6154,1283,3516760,423104,58387,6649,9221,1832,0.8343
2026-10-09,4518160318,4,3516.5,4588,2409,658820067,289689,1207535,864,722896,22000,0.9705
2026-10-09,10759430423,4,3516.0,4156,2852,4460259,163109,119290,2325,10610,405,0.9632
2026-10-09,9803970239,4,3509.8,4076,2325,60105188,330244,61004,317,23853,9874,0.7072
2026-10-09,5451143054,4,3506.0,4501,2459,256657097,341099,3605451,4529,262349,55363,0.8257
2026-10-09,9908641400,4,3505.8,6197,1413,77282684,519537,59235,224,36460,7812,0.8235
2026-10-09,9506013695,4,3496.5,4029,2266,125118877,526944,437044,1935,75077,10985,0.8724
2026-10-09,10765032875,4,3489.5,4894,2881,8903637,368345,13298,520,1540,329,0.824
2026-10-09,1451869528,4,3483.8,4339,2007,12653720,581659,1370385,51126,2253,440,0.8366
2026-10-09,2157872230,4,3465.5,4049,2435,1296860397,391234,2180712,502,634058,171718,0.7869
2026-10-09,10765563835,4,3455.5,5163,1586,4817714,528061,23339,2777,10288,2566,0.8004
2026-10-09,9910245722,4,3431.8,4574,2919,324942608,589379,1507334,6576,508807,9716,0.9813
2026-10-09,10765167636,4,3423.8,4189,2505,7857288,296409,37497,804,10664,1241,0.8958
2026-10-09,10765629147,4,3421.8,4969,2231,5550390,366672,7437,481,1436,202,0.8767
2026-10-09,10393438342,4,3417.5,4270,2789,20553945,400705,17118,197,16457,1352,0.9241
2026-10-09,10520829450,4,3407.8,4193,2115,40421796,584277,68674,892,35338,2260,0.9399
2026-10-09,10566677406,4,3398.8,3669,2951,6584990,151476,142727,1658,23422,2737,0.8954
2026-10-09,10757247806,4,3395.8,4374,2106,1497334,172337,16861,2858,5702,807,0.876
2026-10-09,7497471789,4,3389.5,3667,2737,95788326,349664,309110,577,150900,5163,0.9669
2026-10-09,10766142497,4,3380.5,4303,2012,2362470,363447,19652,2410,2241,368,0.8589
2026-10-09,10757498504,4,3376.0,4612,2834,14136007,361688,40601,1112,20695,683,0.9681
2026-10-09,10677698797,4,3369.8,4454,1638,7959872,299861,63801,1076,20480,1706,0.9231
2026-10-09,31970568,4,3355.5,4368,2279,1622120589,201586,6100292,745,2083793,256898,0.8902
2026-10-09,3204175584,3,3348.7,4078,2381,1211274491,304609,1051325,549,225609,36776,0.8598
2026-10-09,4998493959,4,3336.2,4214,2712,263936566,551151,19744476,34784,6413,4410,0.5925
2026-10-09,7787359931,4,3334.8,5230,2090,150069167,433651,161316,349,99346,8452,0.9216
2026-10-09,6466404775,4,3334.5,3519,3078,79128798,189992,142795,384,253456,12069,0.9545
2026-10-09,9830725726,4,3333.2,5477,1530,64870527,340060,72765,476,14154,4505,0.7586
2026-10-09,9780429221,4,3333.0,4509,1810,82522391,491933,1289815,6588,56012,12075,0.8227
2026-10-09,10223976219,4,3326.8,4330,2673,51808734,497216,98257,834,66774,7317,0.9012
2026-10-09,10310563053,4,3311.8,4060,2344,51134008,561178,79431,920,76281,18332,0.8062
2026-10-09,4944984948,4,3310.5,4212,2719,307277924,522178,182620,712,8797,4090,0.6826
2026-10-09,10431718987,4,3296.2,4419,2465,44042054,270873,109841,660,131652,4254,0.9687
2026-10-09,850110028,4,3290.8,4525,2233,190092174,323660,707468,769,380894,36968,0.9115
2026-10-09,2765784373,4,3284.8,3733,2616,91958803,246751,537441,404,212651,13912,0.9386
2026-10-09,3754482795,4,3276.8,5397,1,1301437801,510915,4626479,2338,354413,44330,0.8888
2026-10-09,10475794799,4,3276.0,4255,2468,124776280,311487,1744191,2669,246111,8920,0.965
2026-10-09,9582986239,4,3271.8,3489,3060,17255151,170216,73271,422,38308,2010,0.9501
2026-10-09,10765541201,4,3266.5,4096,2402,3390010,392523,14764,1202,1988,194,0.9111
2026-10-09,10766502612,4,3250.2,4328,1897,1676908,327326,23979,3765,2700,921,0.7457
2026-10-09,10604313373,4,3244.0,4113,1954,1479664,415522,16971,5202,5185,395,0.9292
2026-10-09,7127084123,4,3237.2,4356,2443,161793547,255359,345865,490,157484,15357,0.9111
2026-10-09,7453941040,4,3235.5,4169,2484,207341273,270408,370764,402,59524,13511,0.815
2026-10-09,10766364164,4,3235.0,4884,1321,8276459,487284,27189,1530,5506,1820,0.7516
2026-10-09,10767780358,4,3219.2,3734,2580,9467871,492964,748903,30919,20865,1351,0.9392
2026-10-09,9759082891,4,3215.2,4032,2665,29816028,389294,3764502,46822,13986,1035,0.9311
2026-10-09,6369934270,4,3211.2,4668,1804,808391947,452818,9678074,610,374252,59446,0.8629
2026-10-09,9362896961,4,3209.0,3387,3045,158610918,152076,222743,57,598133,9236,0.9848
2026-10-09,5367389312,4,3199.8,4332,1888,405296840,492617,2084925,2514,169338,14580,0.9207
2026-10-09,6015491985,4,3188.2,4968,1895,381061868,469833,232699,552,89400,11746,0.8839
2026-10-09,10704015784,4,3185.5,3845,2670,10985146,332631,33385,942,13601,2209,0.8603
2026-10-09,10628526114,4,3176.5,4146,2039,6466116,254846,22151,679,18679,422,0.9779
2026-10-09,10031562156,4,3152.2,3844,2602,42684902,261791,449443,2308,28396,3860,0.8803
2026-10-09,3187874989,3,3152.0,3711,2812,189584669,289742,252862,323,86149,14526,0.8557
2026-10-09,9125259344,4,3152.0,3680,2304,134591993,303109,261458,475,52935,15811,0.77
2026-10-09,892043755,4,3143.5,4842,2170,1252196758,72981,3320217,-7,1055549,136802,0.8853
2026-10-09,10739044772,4,3116.8,4256,2066,8585177,306200,193144,5085,55505,862,0.9847
2026-10-09,6417564879,4,3116.5,3863,1852,437111712,856902,421545,1032,136281,25324,0.8433
2026-10-09,10631775021,4,3110.8,3615,2257,4009477,181923,79721,10777,4326,400,0.9154
2026-10-09,9584946743,4,3110.8,3343,2801,39409287,214365,290524,521,126195,2395,0.9814
2026-10-09,4793836769,4,3110.2,3687,2664,316956877,219594,6652184,2678,988298,25142,0.9752
2026-10-09,7623259179,4,3098.0,3893,1734,87794293,192479,296052,465,124533,8240,0.9379
2026-10-09,10766004084,4,3097.2,4554,1593,2242517,297312,12480,886,4955,499,0.9085
2026-10-09,10767698786,4,3096.2,4159,1673,3720949,228258,1541,67,2787,265,0.9132
2026-10-09,5887211857,4,3086.8,4114,2277,306495050,294285,219372,501,40612,5668,0.8775
2026-10-09,10439568447,4,3085.5,3441,2531,23630017,216529,253142,1279,51126,2953,0.9454
2026-10-09,1511883870,4,3080.0,3858,2092,2731236297,170799,3078578,142,2243981,145930,0.9389
2026-10-09,9276049439,4,3069.5,4443,1964,60295709,395984,215217,1780,72238,2994,0.9602
2026-10-09,10131390815,4,3066.0,3614,2268,91805477,174505,146141,150,192125,4683,0.9762
2026-10-09,10013279162,4,3063.8,3752,2563,63732616,543263,105357,896,8284,14006,0.3716
2026-10-09,10612017628,4,3061.2,3439,2663,11922803,271890,545812,7972,26643,1054,0.9619
2026-10-09,9906154135,4,3055.8,3761,2462,54946340,386103,58044,500,17425,2363,0.8806
2026-10-09,2294168059,4,3045.0,3763,2519,1259597247,270489,3401881,695,1131186,125444,0.9002
2026-10-09,3756501373,4,3041.8,4171,2403,718493140,238738,443899,408,417792,32964,0.9269
2026-10-09,10456511458,4,3041.0,4782,1381,16645154,321533,33275,650,14624,1265,0.9204
2026-10-09,9662130710,4,3031.2,4196,2009,17912039,375460,585310,10392,118579,10096,0.9215
2026-10-09,111958650,4,3020.0,3378,2381,6313227892,527386,11520925,607,5125933,665574,0.8851
2026-10-09,10209534490,4,3019.8,3617,2373,125098253,305447,400412,625,1147019,12060,0.9896
2026-10-09,3317679266,4,3016.5,3511,2547,5245914271,638044,4440188,563,3698387,279281,0.9298
2026-10-09,7720654467,4,3014.2,3343,2216,99301539,325172,264200,717,40612,4960,0.8912
2026-10-09,7780633647,4,3013.2,4359,1979,433218120,455735,340052,513,96567,19224,0.834
2026-10-09,3359505957,4,3000.8,3168,2858,210497647,36027,329186,40,126521,9922,0.9273
2026-10-09,10578398333,4,2998.0,3757,2409,16762475,344397,60836,961,26127,2561,0.9107
2026-10-09,10231502419,4,2993.0,3460,2547,7589348,279983,57336,1570,21360,787,0.9645
2026-10-09,6568417585,4,2992.2,3746,2125,225565691,280136,1075406,1062,174729,13036,0.9306
2026-10-09,9513686983,4,2990.8,3621,2112,437865336,354515,14468220,14091,101436,36907,0.7332
2026-10-09,8524572339,4,2985.8,3952,1953,96540702,179264,139303,125,81907,22502,0.7845
2026-10-09,6751447237,4,2971.5,3816,2154,157567829,357777,354658,805,263454,9028,0.9669
2026-10-09,9807649116,4,2970.5,3694,2276,194079116,730460,375626,1244,251433,10328,0.9605
2026-10-09,2023680558,4,2958.2,3318,2363,1584314601,225249,1825379,251,402347,78950,0.836
2026-10-09,10643877552,4,2957.8,4155,1669,1356842,319159,4699,1038,3283,243,0.9311
2026-10-09,358276974,4,2957.5,3704,2100,196898503,238320,1016277,919,262584,43101,0.859
2026-10-09,10748543623,4,2951.2,3330,2544,2122862,224057,61773,3939,49970,762,0.985
2026-10-09,7450497506,4,2945.2,3643,1729,227901818,321803,1634829,1639,216590,13366,0.9419
2026-10-09,10767364198,1,2943.0,2943,2943,952357,0,3428,0,3778,181,0.9543
2026-10-09,9549278601,4,2941.2,3903,2164,12113990,322419,893577,15121,2145,943,0.6946
2026-10-09,1782832995,4,2938.2,9060,23,992636692,95227,1416132,210,910214,147248,0.8608
2026-10-09,10742937135,4,2938.2,4048,2003,6678755,364754,76132,1826,11119,2682,0.8057
2026-10-09,9551044479,4,2937.8,3218,2441,55267237,336990,266991,1354,186964,5406,0.9719
2026-10-09,10635348596,4,2936.5,3599,2346,25552227,380263,139450,1092,18328,2300,0.8885
2026-10-09,10764794065,4,2931.0,3725,1605,3942757,450828,180289,22927,3944,2963,0.571
2026-10-09,6336741296,4,2930.8,3731,1846,131088143,299469,7350591,11074,350713,13724,0.9623
2026-10-09,6174994284,4,2929.5,3666,1724,210557350,264524,353190,287,299765,19730,0.9382
2026-10-09,10752833252,4,2913.0,4763,1523,7322477,437463,47824,1959,3122,501,0.8617
2026-10-09,10767826343,4,2910.0,3807,2055,518088,185880,9311,2827,2592,372,0.8745
2026-10-09,1359573625,4,2907.0,3890,1913,1642973467,314507,1041772,131,413002,65679,0.8628
2026-10-09,10057343903,4,2906.0,3694,1880,112460065,335543,4367394,19743,217774,11957,0.948
2026-10-09,10455741150,4,2906.0,3770,1934,17482638,236595,34956,373,14337,4785,0.7498
2026-10-09,5351168809,4,2903.8,3273,2094,99882155,254909,101400,516,8890,2522,0.779
2026-10-09,10200395747,4,2899.8,3576,2470,1677001061,195272,663142,-16,719853,99594,0.8785
2026-10-09,1851087906,4,2894.0,4212,1285,121363765,211015,438760,890,126623,50043,0.7167
2026-10-09,10598688389,4,2891.5,3701,1581,8272738,280453,33299,655,12587,4827,0.7228
2026-10-09,5807622548,4,2889.2,4267,1896,326802218,633356,413196,686,200371,14562,0.9322
2026-10-09,9788139379,4,2887.8,3171,2192,73695644,283690,179998,584,120294,15143,0.8882
2026-10-09,10572887321,4,2881.5,3746,1834,10771540,328912,525656,10810,61781,3334,0.9488
2026-10-09,1954152886,4,2874.5,3523,1874,170209868,224089,252381,353,64233,9133,0.8755
2026-10-09,6061766680,4,2871.5,3330,2395,571446860,511013,607034,598,314156,81674,0.7937
2026-10-09,1531130248,4,2870.5,3643,1670,532553368,330388,859601,126,364040,43673,0.8929
2026-10-09,10648640958,4,2866.2,3840,2110,43149082,656847,483770,846,37481,3946,0.9047
2026-10-09,972475338,4,2864.0,3654,2080,716563236,292002,1892863,562,503377,82074,0.8598
2026-10-09,10586746293,4,2863.0,3249,2219,14205169,263653,64605,983,34856,2071,0.9439
2026-10-09,8965717730,4,2861.8,4621,1130,19489707,328321,795119,1012,4590,1306,0.7785
2026-10-09,10766349481,4,2861.2,3501,1775,4567750,253078,18469,736,18765,886,0.9549
2026-10-09,2626227051,4,2847.8,3459,2142,1109448773,396062,1071541,385,500619,80632,0.8613
2026-10-09,16680835,4,2845.5,3848,1550,552513000,471415,2798665,2134,600341,48373,0.9254
2026-10-09,3079618996,4,2845.0,3519,2306,816449019,303441,1164045,1727,305458,41561,0.8802
2026-10-09,10455462279,4,2842.8,3222,2185,62758662,294026,2311772,6379,24713,7818,0.7597
2026-10-09,7194739190,4,2821.0,4094,1843,554205507,667494,327202,867,28885,18654,0.6076
2026-10-09,8006379851,4,2819.2,4009,1689,129720354,274612,7046396,10784,7194,3370,0.681
2026-10-09,1230230722,4,2814.5,3992,1567,2836085135,226281,3430335,472,945231,94044,0.9095
2026-10-09,5580972377,4,2811.5,3874,2273,149513777,342178,621383,1230,697025,25287,0.965
2026-10-09,7673659635,4,2805.5,4286,1164,142580989,187606,337988,291,174695,30140,0.8529
2026-10-09,2954818192,4,2803.5,3585,2265,448591865,597019,8780622,17002,71045,11708,0.8585
2026-10-09,10590260635,4,2803.2,3818,1840,6488767,207720,342741,12394,5026,631,0.8885
2026-10-09,10766440903,4,2789.8,3760,1543,1224539,220389,5388,796,1010,457,0.6885
2026-10-09,7359962123,4,2781.8,3078,2283,58425192,143301,275653,304,88871,5270,0.944
2026-10-09,6019027471,4,2772.0,3690,2065,356312900,487036,11338653,12863,52516,7387,0.8767
2026-10-09,10764415267,4,2762.8,3410,1854,7099633,302096,17461,481,5724,715,0.889
2026-10-09,10232686472,4,2762.5,3225,1869,75060003,355527,362459,1101,62854,6231,0.9098
2026-10-09,3746418487,4,2759.5,3381,2234,336846862,303229,416252,597,71350,15857,0.8182
2026-10-09,10030829154,4,2750.0,3608,1910,46726325,289394,2771903,13288,79687,2481,0.9698
2026-10-09,3164075108,3,2742.0,3201,1946,289810161,178394,750118,309,499522,28226,0.9465
2026-10-09,2527789729,4,2738.0,3341,1906,118306717,195530,373433,274,98313,26749,0.7861
2026-10-09,10320417842,4,2737.2,3298,1887,8149321,249624,202644,4120,25423,842,0.9679
2026-10-09,911750776,4,2728.5,3793,1416,1528142877,368185,4484188,625,1405155,185993,0.8831
2026-10-09,7738524573,4,2726.8,4125,1290,177095144,347541,168913,131,106274,9657,0.9167
2026-10-09,9496852407,4,2716.0,3654,2151,125347332,301756,107985,345,61734,9447,0.8673
2026-10-09,1053132402,4,2716.0,5639,1288,573146517,134409,976897,86,298330,71426,0.8068
2026-10-09,10415845204,4,2714.5,2919,2287,11785039,141861,803178,5453,69998,1414,0.9802
2026-10-09,9963622286,4,2709.8,3499,2390,119381739,305691,2692567,362,54037,7193,0.8825
2026-10-09,10751939592,4,2707.8,3518,1676,14018227,428756,952959,474,1039,360,0.7427
2026-10-09,10757704931,4,2697.8,3324,2016,1889578,216066,81019,7046,17392,432,0.9758
2026-10-09,10370802481,4,2690.8,4699,663,113090706,286713,340500,1417,25439,9292,0.7325
2026-10-09,9312646406,4,2688.0,3902,1454,204577759,433133,996573,1627,175394,12404,0.934
2026-10-09,2404080894,4,2684.2,3399,1764,2020358270,264765,4118890,767,1975664,215133,0.9018
2026-10-09,1776914212,4,2680.2,3746,1107,3009125766,444749,2996346,667,642940,218802,0.7461
2026-10-09,9940812243,4,2678.0,2785,2551,15816201,97627,168687,607,30079,950,0.9694
2026-10-09,10065013948,4,2658.2,3474,1853,76808711,298193,120678,530,133823,8679,0.9391
2026-10-09,6136243726,4,2656.0,3439,2089,298397919,408522,188440,752,25610,13150,0.6607
2026-10-09,5829613337,4,2655.5,3321,1888,373062968,351014,893184,398,360975,28745,0.9262
2026-10-09,10768866246,4,2649.2,4385,858,560646,219187,6420,1902,786,87,0.9003
2026-10-09,274816972,4,2635.2,3361,1746,1370799495,256604,7136336,1880,1981680,138459,0.9347
2026-10-09,9272395657,4,2635.2,3105,1502,8847470,212071,11981,262,5635,2648,0.6803
2026-10-09,2652888345,4,2629.5,3127,2151,265850489,235763,128476,217,21582,5970,0.7833
2026-10-09,5508238359,4,2621.8,3032,1684,118856786,257678,2006343,2687,66147,20799,0.7608
2026-10-09,4181957649,4,2612.8,3017,1973,725692322,425287,1120537,573,411532,85919,0.8273
2026-10-09,3913007563,4,2609.0,3128,1956,143665965,157234,315544,225,183659,33448,0.8459
2026-10-09,10718240577,4,2607.2,3315,2103,24906989,275529,202460,1259,87685,1535,0.9828
2026-10-09,3448264866,2,2605.0,3349,1861,70702925,50426,357513,156,131849,6990,0.9497
2026-10-09,10759594563,4,2604.2,3110,1727,7031793,280974,15471,411,9187,2268,0.802
2026-10-09,10530261598,4,2601.8,3460,2063,159602307,670832,461915,1213,67727,12134,0.8481
2026-10-09,1802741133,4,2601.5,3358,2095,439556146,227027,1127860,575,404513,30782,0.9293
2026-10-09,5422546686,4,2593.0,4382,1316,369451030,179597,2251992,356,486123,21973,0.9568
2026-10-09,10765764482,4,2590.8,3286,1632,12338226,308736,77120,1539,11079,2189,0.835
2026-10-09,9912025777,4,2587.0,3219,1682,220849496,539335,478493,745,180053,13033,0.9325
2026-10-09,10577588270,4,2584.8,3065,2113,41961418,188689,637344,224,150939,3660,0.9763
2026-10-09,10741792653,4,2578.8,2902,2058,12302185,335974,105369,2486,29150,966,0.9679
2026-10-09,10324001605,4,2573.5,3195,1767,20709583,163832,495009,3122,101622,2538,0.9756
2026-10-09,9877481048,4,2567.5,3319,1508,27344577,306080,66744,502,26298,3282,0.889
2026-10-09,113491250,4,2559.0,3153,1864,1802255856,240148,5987735,195,2464477,251368,0.9074
2026-10-09,10589881655,4,2554.8,3035,1878,3018146,285001,10207,870,6992,402,0.9456
2026-10-09,8964956538,4,2551.8,3053,1822,70482375,340432,1250447,10136,204962,6547,0.969
2026-10-09,10765763629,4,2551.2,3302,1535,2239557,359785,5533,758,1424,437,0.7652
2026-10-09,605887098,4,2546.5,3026,1627,2532518772,228693,3727856,418,1530111,116679,0.9291
2026-10-09,7935634976,4,2545.8,3851,1432,89401300,271235,220557,511,79368,17020,0.8234
2026-10-09,10184247393,4,2538.2,3067,1785,107337861,253405,2941402,8935,97127,3735,0.963
2026-10-09,9663968307,4,2537.2,3518,1942,167104205,320462,2230618,3487,167180,32328,0.838
2026-10-09,1008451066,4,2532.8,3067,2011,2955122731,276660,3007804,620,1297653,542747,0.7051
2026-10-09,9501701013,4,2530.5,3004,1881,104757931,295088,154478,483,29756,11579,0.7199
2026-10-09,8156973419,4,2521.5,3966,1556,157609999,226102,5130474,3660,91484,10096,0.9006
2026-10-09,2305929206,4,2521.2,3007,1647,259225523,318476,1701834,6414,176633,11889,0.9369
2026-10-09,3876150506,4,2518.8,3046,1914,506101491,240433,6763470,191,614083,41953,0.9361
2026-10-09,10269820836,4,2514.8,3630,939,29098343,165697,10011,40,11502,1986,0.8528
2026-10-09,5677613211,4,2508.2,2921,2189,631239149,232231,28275677,5940,1103915,61446,0.9473
2026-10-09,9906378607,4,2507.2,3158,1684,13413721,218347,459759,5431,61738,1155,0.9816
2026-10-09,6726637224,4,2504.8,3320,1632,175469588,218185,1644343,196,168683,25169,0.8702
2026-10-09,10060242820,4,2489.8,3393,1272,96627531,468088,81282,292,23909,8356,0.741
2026-10-09,2821905072,4,2474.8,3213,1360,281294089,219010,5806519,3457,219074,8069,0.9645
2026-10-09,2862098693,4,2470.8,3184,1470,159301103,232799,458533,187,95317,27672,0.775
2026-10-09,8296765616,4,2454.8,3182,1897,36562469,286780,78157,572,48343,2535,0.9502
2026-10-09,8662243497,4,2454.0,3353,1727,271558316,231218,283642,285,56962,7046,0.8899
2026-10-09,9481391333,4,2452.2,2891,1610,38270075,245316,766926,2248,11646,3663,0.7607
2026-10-09,10768084263,4,2451.2,3690,1255,348516,152201,2783,1135,796,398,0.6667
2026-10-09,10590149941,4,2438.2,3258,1691,6498434,253105,12086,358,2435,524,0.8229
2026-10-09,10394064134,4,2434.2,2934,1639,29495048,286997,2141399,18459,7904,3154,0.7148
2026-10-09,8316902627,4,2422.0,2897,2095,4713303508,290054,2001633,180,3026743,166592,0.9478
2026-10-09,10485201326,4,2419.5,2852,2132,18757465,162434,555993,4026,20164,995,0.953
2026-10-09,1171251167,4,2416.8,3036,1752,292494350,304167,6171271,12024,20653,3223,0.865
2026-10-09,1318971886,4,2407.8,2646,1848,3018040329,302542,4162398,449,1099837,121854,0.9003
2026-10-09,4053293514,4,2406.8,3382,1141,334472628,321942,890611,865,238504,14240,0.9437
2026-10-09,2979369058,4,2406.5,2911,1502,182780791,334771,286327,443,93469,19937,0.8242
2026-10-09,10204542673,4,2405.0,3527,1397,39448689,350287,1377567,10728,27402,3387,0.89
2026-10-09,10767755908,4,2402.8,4004,1013,875804,310825,138007,38962,1854,137,0.9312
2026-10-09,4807308814,4,2394.8,2735,1966,1042914115,277212,879613,451,346650,56217,0.8605
2026-10-09,7882785167,4,2392.0,2984,1584,12047333,181412,80485,716,31377,3131,0.9093
2026-10-09,7414497778,4,2388.8,3685,1295,79136923,151024,200672,285,71824,13987,0.837
2026-10-09,9091133975,4,2379.5,3203,1441,464412179,213736,1290100,268,1232222,24712,0.9803
2026-10-09,9697502306,4,2373.5,2976,1598,114736152,403793,123511,550,27538,3896,0.8761
2026-10-09,6651302260,4,2373.2,3113,1724,432612645,275208,3479498,2664,251509,20570,0.9244
2026-10-09,3110388936,4,2368.5,2803,1874,93110474,141510,312907,902,180600,19313,0.9034
2026-10-09,10452740285,4,2363.5,2974,1904,21894395,198123,110734,820,269719,3927,0.9856
2026-10-09,6688157118,4,2359.5,2732,1647,535027243,438568,1710302,616,63823,30727,0.675
2026-10-09,2621511041,4,2358.2,2943,1839,76692143,196385,280808,294,65338,26686,0.71
2026-10-09,616165168,4,2349.8,3216,1231,151583807,280904,1233869,1848,80678,15459,0.8392
2026-10-09,10769066324,4,2348.8,3642,929,4431279,822246,4568,618,1557,232,0.8703
2026-10-09,10737231383,4,2341.5,2917,1845,24707120,256753,627643,3938,20956,1756,0.9227
2026-10-09,9735583968,4,2334.2,2620,1915,156188745,367842,427795,818,121055,10192,0.9223
2026-10-09,4772345874,4,2329.8,2880,1837,41902633,182905,41537,197,8318,1252,0.8692
2026-10-09,8836568224,4,2320.8,3229,1672,130167675,148494,120951,263,140123,3031,0.9788
2026-10-09,10768468695,4,2320.5,3517,836,595295,229830,6519,2113,1254,404,0.7563
2026-10-09,10765481558,4,2311.8,3002,1723,5607202,207669,8528,317,1096,343,0.7616
2026-10-09,2655478023,4,2311.5,2926,1762,1038728182,362803,3520747,486,105296,124998,0.4572
2026-10-09,6594435384,4,2306.8,5919,588,685633505,313630,2924902,18,1553510,36226,0.9772
2026-10-09,1946714362,4,2302.0,3238,1258,62976991,141819,165034,116,44803,9984,0.8178
2026-10-09,10274447949,4,2297.8,3062,1538,59785410,298104,4181647,19597,27769,3795,0.8798
2026-10-09,10440833423,4,2297.5,2927,1833,102215169,200554,332335,414,720783,15518,0.9789
2026-10-09,3419284255,4,2293.2,2685,1680,420573247,149738,866780,218,456800,45951,0.9086
2026-10-09,7005891584,4,2291.0,2820,1691,289197144,387967,21828527,21283,139356,10679,0.9288
2026-10-09,9449993534,4,2288.8,2931,1486,56009372,310458,78644,456,18695,8805,0.6798
2026-10-09,7938305201,4,2287.0,3895,631,38435896,216044,741980,111,12036,1567,0.8848
2026-10-09,6332376065,4,2277.5,3212,1282,56659561,181292,2272001,4014,7482,1347,0.8474
2026-10-09,10187294555,4,2277.5,2975,1979,147080592,253731,314742,397,421759,14392,0.967
2026-10-09,8504461817,4,2265.2,3112,1906,202888439,298116,116513,332,43679,3744,0.9211
2026-10-09,4686994428,4,2264.0,2829,1382,205315654,259804,6659520,6353,44270,6254,0.8762
2026-10-09,10211159992,4,2262.5,2959,1426,44762673,367465,2394867,21394,15563,1536,0.9102
2026-10-09,3457700596,2,2261.0,2500,2022,1073119103,85154,1009082,39,1137379,129916,0.8975
2026-10-09,10336278580,4,2257.5,2667,1887,44759122,179726,1186928,3327,318504,3532,0.989
2026-10-09,1921509404,4,2256.2,3496,358,261858544,632503,177041,317,42003,12900,0.765
2026-10-09,5944821008,4,2253.5,3714,1068,61988875,331987,450936,6890,16936,6909,0.7103
2026-10-09,4592676978,4,2246.0,2544,1589,33987250,300721,98374,669,21596,19748,0.5223
2026-10-09,2251388500,4,2223.8,2582,1320,194932686,276852,561918,607,217163,23201,0.9035
2026-10-09,10764412489,4,2222.5,3840,886,4625651,295230,235389,15088,7227,4629,0.6096
2026-10-09,7990186056,4,2222.0,2968,1265,411582495,230465,384168,328,286124,18459,0.9394
2026-10-09,10764989090,4,2220.5,2781,1162,594776,159561,14513,3347,2190,589,0.7881
2026-10-09,7344582593,4,2219.0,2800,1454,339331233,185857,659467,359,378133,55310,0.8724
2026-10-09,341654025,4,2215.2,2691,1215,3209427695,319255,5422101,350,859889,257903,0.7693
2026-10-09,9792551117,4,2214.2,2766,1169,182709087,304290,548257,445,44140,18381,0.706
2026-10-09,4267277633,4,2208.8,2700,1424,613610136,385622,16038336,14792,28636,32541,0.4681
2026-10-09,10753487407,4,2205.2,2563,1715,17979212,461838,87973,1604,24195,1244,0.9511
2026-10-09,5247232141,4,2201.0,3284,1181,77172255,271337,3757915,18774,12935,5416,0.7049
2026-10-09,9998576154,4,2199.5,2872,1615,131764980,236152,8246190,13422,36703,6466,0.8502
2026-10-09,5112244393,4,2195.5,2603,1504,404332066,235838,2909132,1491,201210,47687,0.8084
2026-10-09,10302179427,4,2193.8,2536,1386,2745670,252271,6887,550,550,416,0.5694
2026-10-09,6371309794,4,2190.0,2943,1405,761010576,480605,488842,719,221319,64123,0.7754
2026-10-09,10579389074,4,2177.0,2751,1593,23486676,225700,54802,542,30097,3193,0.9041
2026-10-09,9142917248,4,2162.8,2958,1567,65764700,256731,4767306,17945,44674,4208,0.9139
2026-10-09,10667006841,4,2160.2,2591,1516,13540351,255050,36817,494,13915,3234,0.8114
2026-10-09,2872881913,4,2149.0,2701,1287,380050694,254446,1136319,924,156423,24534,0.8644
2026-10-09,5385674359,4,2147.2,2604,1215,527063260,347404,379534,459,271692,103469,0.7242
2026-10-09,2220495353,4,2138.8,2836,1095,1167562744,213059,1448795,321,315257,57906,0.8448
2026-10-09,7628118889,4,2137.8,2490,1414,297498375,210091,784863,721,126901,18561,0.8724
2026-10-09,3097803944,4,2129.2,2513,1841,380513741,344069,191552,531,35096,21028,0.6253
2026-10-09,10397566868,4,2126.8,2480,1382,180306830,308417,483905,370,244160,19283,0.9268
2026-10-09,2943850166,4,2124.5,2674,1372,141901925,354176,98858,396,59009,4586,0.9279
2026-10-09,6505338302,4,2122.2,4140,954,134326591,177657,99103,244,70759,10859,0.867
2026-10-09,10604772590,4,2122.2,2498,1396,31294075,168815,59714,292,40793,4510,0.9004
2026-10-09,6619936488,4,2117.2,3041,1467,41941194,138154,123595,279,39628,6476,0.8595
2026-10-09,10724269636,4,2114.0,2793,1373,14162086,194949,28417,398,22411,1277,0.9461
2026-10-09,1358133289,4,2112.8,2950,1351,1543874495,282060,1595347,443,282913,46653,0.8584
2026-10-09,4743794878,4,2111.5,4293,261,112730923,239561,36774,45,26223,4849,0.8439
2026-10-09,1720936166,4,2108.5,2592,1657,7935465418,453969,2319747,-2,1494910,129152,0.9205
2026-10-09,10124421343,4,2106.8,2505,1341,24406900,304701,45300,573,46989,1180,0.9755
2026-10-09,10765785152,4,2106.0,2686,1524,4672439,430468,8463,789,2504,524,0.8269
2026-10-09,2729513759,4,2098.5,2708,1298,1717426613,212340,2319168,576,494233,77451,0.8645
2026-10-09,7917550094,4,2097.8,3026,1234,186971063,306237,160946,223,33995,5677,0.8569
2026-10-09,2788648141,4,2096.2,2510,1574,1011488915,152408,2172504,1561,1281617,120744,0.9139
2026-10-09,9837325548,4,2095.8,2682,1554,58897192,177311,114607,232,55525,3904,0.9343
2026-10-09,985731078,4,2090.0,3593,1379,451235826,72543,2276174,76,935838,52312,0.9471
2026-10-09,10263732883,4,2089.5,2646,1391,6538350,115818,39662,603,11613,2193,0.8412
2026-10-09,5265950669,4,2087.8,2636,1682,304399487,214505,205834,281,113002,14740,0.8846
2026-10-09,10501640692,4,2079.0,2395,1346,14738206,242143,321117,6978,47283,5547,0.895
2026-10-09,10764891927,4,2078.5,2598,1027,2553950,305898,5791,720,1771,612,0.7432
2026-10-09,2247578975,4,2076.8,2515,1413,1237653811,296700,14951896,341,119689,94906,0.5577
2026-10-09,4991821731,4,2074.0,2730,1236,654799506,396042,933279,227,101580,19554,0.8386
2026-10-09,4595016786,4,2061.8,2428,1625,615530757,239615,772003,537,103930,14577,0.877
2026-10-09,9815834699,4,2054.2,2516,1462,66622573,166192,212202,345,123659,17405,0.8766
2026-10-09,7646154613,4,2051.2,2662,1514,315083579,331298,250034,651,68990,22073,0.7576
2026-10-09,8795154789,4,2051.0,2868,1438,487091697,348057,396988,325,356439,27195,0.9291
2026-10-09,10473810300,4,2046.2,2666,1405,14147522,244484,40353,700,14951,862,0.9455
2026-10-09,8829204428,4,2045.8,2719,1403,9452353,154116,166672,2024,125608,2839,0.9779
2026-10-09,9711289915,4,2042.5,2444,1332,162396416,289433,1540111,2813,58099,8335,0.8745
2026-10-09,4044579438,4,2039.0,2671,1765,350953898,279253,22450864,19975,16998,11193,0.603
2026-10-09,10162859180,4,2038.2,2879,1093,8403600,131818,109078,1322,21734,1467,0.9368
2026-10-09,10544327471,4,2035.5,2646,1419,37583536,251221,124665,737,127873,2858,0.9781
2026-10-09,5026970880,4,2033.8,2572,1125,393544695,305753,6400935,1036,320132,35869,0.8992
2026-10-09,6154386310,4,2030.0,2609,1124,49464745,176218,224797,2477,55500,15790,0.7785
2026-10-09,10255788071,4,2026.8,2785,1144,15087806,351215,41861,631,19811,2726,0.879
2026-10-09,9758027784,4,2026.0,2556,1244,90543299,363088,131810,607,59951,12703,0.8252
2026-10-09,93740418,4,2025.2,2607,1239,3423095199,255468,6953571,591,988411,96270,0.9112
2026-10-09,10767912502,4,2020.0,2515,989,528803,137793,3229,893,756,63,0.9231
2026-10-09,4365819446,4,2015.5,2554,1475,552870467,233085,21503561,7767,134882,14785,0.9012
2026-10-09,10637759898,4,2015.5,2603,1456,34623849,280165,78509,512,4780,2153,0.6895
2026-10-09,1072353049,4,2008.5,2490,1068,607871678,183634,1329491,742,417767,37154,0.9183
2026-10-09,1312971993,4,2008.0,2523,1516,644871515,74544,2034049,155,570516,90787,0.8627
2026-10-09,1668992109,4,2007.5,2842,1309,814782396,189573,1046681,241,324304,66253,0.8304
2026-10-09,10471583973,4,2005.8,2578,1667,32796305,142809,104583,376,44789,3834,0.9211
2026-10-09,10091766471,4,2004.8,2499,1439,45559012,283289,112971,720,29430,3099,0.9047
2026-10-09,10267638347,4,2004.5,2386,1770,8335827,190422,491119,10151,1674,501,0.7697
2026-10-09,1794056685,4,2002.2,2620,1597,140993920,240665,607949,459,28182,6304,0.8172
2026-10-09,1494262959,4,2000.8,2498,1357,366874898,162431,826317,155,370502,122215,0.752
2026-10-09,3624423521,4,1999.2,2496,1184,935096826,268636,628365,236,373313,53949,0.8737
2026-10-09,10481791182,4,1993.5,2498,1188,32152195,520576,572582,6973,13067,2713,0.8281
2026-10-09,10268960646,4,1989.2,2462,1301,32064948,394017,909989,15813,60225,3652,0.9428
2026-10-09,10766773917,4,1983.8,2872,1129,3230526,227353,11731,645,3256,983,0.7681
2026-10-09,4197966812,4,1980.8,2587,1669,558866343,206727,24308428,9154,79860,7979,0.9092
2026-10-09,10546705891,4,1980.0,3045,795,31720077,293983,118833,656,57551,5684,0.9101
2026-10-09,6190071862,4,1972.0,2231,1505,69820659,125888,231818,160,83441,11583,0.8781
2026-10-09,9514625031,4,1969.0,2503,1151,1004977,191717,3297,566,344,174,0.6641
2026-10-09,10195997258,4,1966.8,2309,1667,51929269,122090,125060,144,77807,3927,0.952
2026-10-09,10247797619,4,1959.2,2347,1394,73713153,256719,209663,588,31591,10443,0.7516
2026-10-09,6272727021,4,1956.2,2070,1726,16854053,127894,35255,125,40417,2988,0.9312
2026-10-09,7332711118,4,1955.0,2173,1801,1888852596,207940,2481584,208,1978290,65446,0.968
2026-10-09,10393620082,4,1952.5,2426,1375,89437267,249185,180808,432,141946,9233,0.9389
2026-10-09,6072944764,4,1950.5,2627,686,60936555,208513,75115,282,37144,4709,0.8875
2026-10-09,1836146838,4,1950.2,2528,1324,506342943,144667,1366747,220,348810,65967,0.841
2026-10-09,10130749197,4,1950.2,2390,1193,52680087,262609,2900181,30740,7796,3116,0.7144
2026-10-09,8238863102,4,1949.0,2236,1365,323556366,279584,2294785,344,216276,10805,0.9524
2026-10-09,6593476325,4,1948.2,2270,1461,173394743,282484,310699,577,230690,23366,0.908
2026-10-09,4130569984,4,1947.0,4129,775,257946676,251885,395663,331,200615,24245,0.8922
2026-10-09,4836254499,4,1946.0,2656,1097,37338799,150749,126309,339,49206,12647,0.7955
2026-10-09,10297836599,4,1943.5,2689,1224,20504003,215286,43210,466,37997,2123,0.9471
2026-10-09,10387635049,4,1942.2,2555,1546,9572717,166387,459787,5708,11408,1174,0.9067
2026-10-09,10763714513,4,1937.2,2479,1270,3823010,206565,17916,647,4102,272,0.9378
2026-10-09,8925924444,4,1935.8,2389,1238,111061451,228809,149087,465,147816,11220,0.9294
2026-10-09,10767957681,4,1929.8,2299,1358,740638,119031,4704,725,2796,433,0.8659
2026-10-09,10153098880,4,1928.0,2115,1690,36223886,116711,254302,635,53872,2127,0.962
2026-10-09,10575619152,4,1926.8,2373,1486,9596178,219033,572048,12058,35329,1430,0.9611
2026-10-09,10765279487,4,1925.8,2381,1470,8272726,231472,72384,1808,5878,1236,0.8263
2026-10-09,10765061113,4,1918.2,2332,1101,3601922,171746,6261,236,1765,536,0.7671
2026-10-09,4391829435,4,1916.0,2711,1288,391117127,170897,4265941,1727,350270,21310,0.9427
2026-10-09,10556383571,4,1914.5,2582,1063,1622088,122971,22268,1781,16818,331,0.9807
2026-10-09,9776222468,4,1909.2,2544,1443,90784805,287255,180286,577,49229,8770,0.8488
2026-10-09,8365871374,4,1907.2,2768,1103,258421572,280344,20576103,13757,197321,10339,0.9502
2026-10-09,9395278151,4,1906.5,2182,1584,36713204,182073,1637634,284,13041,2471,0.8407
2026-10-09,5822068820,4,1906.5,2368,1443,172512476,158709,440140,231,105649,9138,0.9204
2026-10-09,8881302585,4,1905.2,2367,1248,90323463,216988,174817,420,138894,25177,0.8465
2026-10-09,3183403065,3,1902.7,1995,1841,2513368969,148102,1398314,15,723674,65218,0.9173
2026-10-09,9774284077,4,1899.0,2449,1065,117476272,287786,4197103,11383,24014,4694,0.8365
2026-10-09,9320470390,4,1889.5,2527,1441,195280439,250850,258663,501,103056,9172,0.9183
2026-10-09,5665943560,4,1888.8,2449,1497,147204787,327472,17488931,26953,18431,3685,0.8334
2026-10-09,6601115643,4,1885.8,2284,1390,179378921,173295,3667414,5494,238419,10575,0.9575
2026-10-09,8356066619,4,1885.8,4216,2,89646748,78850,47474,23,88567,4538,0.9513
2026-10-09,6375110339,4,1885.5,2288,1404,154451321,159464,106243,88,70902,6198,0.9196
2026-10-09,10647949490,4,1883.5,2242,1535,16261472,215678,28609,320,10910,479,0.9579
2026-10-09,7671049560,4,1882.5,2155,1427,1032631338,127252,1037806,186,1565390,92202,0.9444
2026-10-09,8946565814,4,1879.0,1961,1707,27305462,99348,27522,52,33785,2237,0.9379
2026-10-09,2017809925,4,1878.5,2270,1492,740215115,297541,16044223,24385,111537,52849,0.6785
2026-10-09,10761375938,4,1874.8,2428,1411,8491911,117574,32063,280,59352,972,0.9839
2026-10-09,2049551477,4,1869.5,2376,1037,1486326545,252923,1946922,360,454360,69519,0.8673
2026-10-09,1998835206,4,1868.5,2337,1274,594727346,133290,1178673,107,514541,77622,0.8689
2026-10-09,9758688665,4,1868.2,2584,1298,125357865,238116,6385152,11725,35213,5592,0.863
2026-10-09,6787644864,4,1867.5,2124,1353,117579164,218556,194099,584,52836,5115,0.9117
2026-10-09,7155018773,4,1860.8,3135,787,178028731,243302,3918911,28,24482,5463,0.8176
2026-10-09,9237322219,4,1859.2,2034,1564,18653290,185883,44885,230,29657,2330,0.9272
2026-10-09,10529067596,4,1858.2,2780,1169,20938767,177089,621272,4344,21234,2665,0.8885
2026-10-09,3426175130,4,1856.5,2261,1464,257605004,185138,110515,312,25107,11119,0.6931
2026-10-09,5117983607,4,1856.5,2588,1505,231167297,178023,186186,156,115693,17858,0.8663
2026-10-09,10765951887,4,1852.8,2366,1331,1041430,145101,28458,3038,9601,899,0.9144
2026-10-09,10533638982,4,1852.0,2784,1067,8854440,171875,57636,571,30081,1726,0.9457
2026-10-09,10047813675,4,1850.0,2290,1527,25040162,200631,2799631,20718,1405,614,0.6959
2026-10-09,7082423811,4,1846.8,2436,1494,302473841,195071,1591507,297,329419,16870,0.9513
2026-10-09,8546873728,4,1844.2,2125,1368,33720248,175432,699962,165,16306,2072,0.8873
2026-10-09,10112019404,4,1843.0,2429,1069,17310514,251680,243992,2953,23434,6008,0.7959
2026-10-09,6049736902,4,1838.2,2299,1358,87490042,278027,119408,595,68300,7919,0.8961
2026-10-09,8080493298,4,1837.5,2201,1368,262325307,363683,310124,606,89630,15401,0.8534
2026-10-09,7747782974,4,1835.2,2182,1376,122015646,159346,8752244,11097,28221,3637,0.8858
2026-10-09,9865931248,4,1834.8,2856,1290,3599162,259495,191226,13470,1460,305,0.8272
2026-10-09,10236023188,4,1833.0,2237,1537,125154963,349741,317046,897,339396,11414,0.9675
2026-10-09,4599924264,4,1830.2,2417,1491,734374914,315374,297892,289,40335,38381,0.5124
2026-10-09,10140010190,4,1829.2,2229,1540,160401500,386758,197625,765,27454,7569,0.7839
2026-10-09,7364297396,4,1828.5,2478,1017,465971000,304052,683611,450,107603,16608,0.8663
2026-10-09,10418117926,4,1828.0,2212,1470,24851206,95068,129044,363,48661,2612,0.9491
2026-10-09,10399413858,4,1827.8,2516,1232,19110003,173691,24390,203,19157,1003,0.9502
2026-10-09,5806843156,4,1823.2,2307,1231,178200061,229494,212303,381,50065,11610,0.8118
2026-10-09,10524813259,4,1822.8,1931,1727,10610245,107094,44623,178,20784,2425,0.8955
2026-10-09,10110316965,4,1814.2,2254,1311,24975849,222461,682156,347,11372,3822,0.7485
2026-10-09,4362587875,4,1811.5,2242,1011,591027910,181916,793839,7310,207750,46097,0.8184
2026-10-09,5091490171,4,1811.0,2519,1023,93457721,276568,317013,631,107920,11879,0.9008
2026-10-09,8869088870,4,1809.0,2343,1201,51107144,234793,2733293,9776,141266,3069,0.9787
2026-10-09,10298144467,4,1800.0,1842,1733,40640074,90210,42730,57,95593,3070,0.9689
2026-10-09,9774451882,4,1799.8,2040,1637,19277265,336568,26676,681,7637,3899,0.662
2026-10-09,10764888929,4,1795.5,2549,1513,2905773,188862,149256,9177,11800,403,0.967
2026-10-09,3873871110,4,1794.5,2571,1284,39146551,125141,515608,4360,37938,7917,0.8273
2026-10-09,2233937689,4,1793.8,2200,1074,78652873,222920,156889,424,57607,8849,0.8668
2026-10-09,8669550197,4,1791.0,2239,1373,111913228,254603,139352,383,76743,3732,0.9536
2026-10-09,8237105425,4,1786.0,2072,1150,44300045,107436,934378,1546,347697,7991,0.9775
2026-10-09,10411998017,4,1785.5,2564,908,6485464,131073,16290,348,24800,4152,0.8566
2026-10-09,10576739951,4,1781.8,2286,1387,38224221,280294,418974,21155,24433,4346,0.849
2026-10-09,8014099969,4,1780.0,2415,1528,152833271,161085,257483,446,142248,12561,0.9189
2026-10-09,1415710834,4,1779.8,2261,964,844838799,192382,2007768,258,515730,65782,0.8869
2026-10-09,10351850295,4,1779.8,2492,1084,38677347,272091,1195529,8194,10956,3426,0.7618
2026-10-09,4462613685,4,1777.8,3041,116,29163762,156141,178167,197,18251,6216,0.7459
2026-10-09,8181391950,4,1775.8,2264,986,242633129,304465,4583134,3035,264807,27206,0.9068
2026-10-09,7934320560,4,1774.2,1850,1663,110685536,115017,137533,196,164675,8108,0.9531
2026-10-09,3608594708,4,1771.0,2284,1426,426706955,281998,679305,738,1023639,37152,0.965
2026-10-09,2443177453,4,1770.8,2563,1114,699082304,182901,1212877,207,449533,53493,0.8937
2026-10-09,10286150288,4,1766.5,2487,977,56657113,245255,60771,453,16518,5730,0.7424
2026-10-09,9150731899,4,1765.0,2256,1199,17571361,86773,86376,294,19109,5198,0.7862
2026-10-09,4864117649,4,1764.8,2159,1182,441007592,243114,962694,478,651145,70128,0.9028
2026-10-09,6069634717,4,1764.5,2136,1335,193569090,200535,260522,144,409080,11683,0.9722
2026-10-09,10069043526,4,1763.5,1991,1297,42540299,178530,966560,4804,60469,5753,0.9131
2026-10-09,1390601379,4,1762.5,2046,1414,1453405875,159121,2370774,99,1366556,271287,0.8344
2026-10-09,7069852763,4,1759.2,2540,976,127689075,174198,204247,262,69436,13335,0.8389
2026-10-09,10768462078,4,1756.2,2958,1021,1743047,199612,10167,1602,3834,105,0.9733
2026-10-09,10404519332,4,1755.2,2155,1344,24254763,145164,96678,386,30864,6369,0.8289
2026-10-09,10163137378,4,1754.2,2371,1232,987151,139209,15326,1712,1289,219,0.8548
2026-10-09,7073604286,4,1751.2,2219,1188,431924980,281283,447591,430,39956,32611,0.5506
2026-10-09,9948575164,4,1747.2,2058,1438,54831198,201525,249579,279,141370,5893,0.96
2026-10-09,7843413523,4,1741.5,2375,1292,150866901,146579,591540,506,168248,10710,0.9402
2026-10-09,110181652,4,1736.2,2004,1534,2358084573,188968,8613216,1080,2272219,236144,0.9059
2026-10-09,3047037061,4,1733.0,2364,1065,155339712,301864,157309,182,85040,13175,0.8659
2026-10-09,10593319486,4,1729.2,2873,949,1398097,185647,25816,1963,21865,361,0.9838
2026-10-09,10456881513,4,1728.0,2388,935,22374257,285959,796765,9328,66788,21435,0.757
2026-10-09,7373459570,4,1726.2,2894,796,168260256,250614,3648152,5467,316851,5876,0.9818
2026-10-09,3512256796,2,1725.5,1879,1572,42083910,52566,343387,208,183504,6236,0.9671
2026-10-09,8841437826,4,1723.0,1889,1400,56665428,174723,827749,1266,94738,2899,0.9703
2026-10-09,10391461348,4,1722.2,2663,831,12600471,223787,41346,696,60846,943,0.9847
2026-10-09,4491246195,4,1716.5,2244,1410,462375753,234101,691610,430,214278,22559,0.9047
2026-10-09,2176187244,4,1716.0,2144,1297,316716049,214286,243780,358,48703,15530,0.7582
2026-10-09,10094225577,4,1714.8,2209,1276,61715688,161253,719285,1546,53838,13143,0.8038
2026-10-09,9364041968,4,1703.2,2559,983,65395008,145377,565649,156,27311,5769,0.8256
2026-10-09,10748586525,4,1697.2,2015,1186,506741,112035,3679,740,723,205,0.7791
2026-10-09,9382839773,4,1697.0,1915,1557,36058835,90265,89253,142,287771,3345,0.9885
2026-10-09,3346892457,4,1696.2,2007,1569,456113668,231537,199346,351,25339,10942,0.6984
2026-10-09,4582358979,4,1694.8,1830,1547,1321978079,134678,1029402,58,1243626,67312,0.9487
2026-10-09,10188144423,4,1694.8,1978,1429,67291554,258628,79826,287,24033,2971,0.89
2026-10-09,7812848099,4,1691.2,2220,1502,219059918,165073,223466,192,83102,7084,0.9215
2026-10-09,7911332924,4,1683.5,2046,1308,57298860,145475,72170,100,15339,2398,0.8648
2026-10-09,10766057873,4,1679.0,2481,973,395751,111516,13142,2922,2062,730,0.7385
2026-10-09,2073329983,4,1678.8,2887,691,246650486,153242,4779931,1487,507179,34663,0.936
2026-10-09,10458789587,4,1674.8,2206,799,17644613,144812,62644,563,30756,4900,0.8626
2026-10-09,10504918958,4,1672.8,1924,1382,4735447,183848,166158,5327,133537,3030,0.9778
2026-10-09,1701332290,4,1661.5,1849,1115,1280465214,238975,1824118,386,348076,99044,0.7785
2026-10-09,10405010493,4,1655.0,2178,1256,89573983,172865,222086,389,175556,13032,0.9309
2026-10-09,9317784977,4,1652.5,2245,1211,143500159,200322,1325760,5541,148155,20165,0.8802
2026-10-09,3747388906,4,1644.8,2964,470,48335786,79063,284659,223,46829,8188,0.8512
2026-10-09,3168615253,3,1642.7,2029,1000,547792367,164804,739592,98,448973,113836,0.7977
2026-10-09,8883775493,4,1641.5,2188,1246,136034442,143937,401815,1016,47311,10568,0.8174
2026-10-09,1742264997,4,1632.0,2219,976,508220885,142444,1293713,156,676715,73523,0.902
2026-10-09,2366560560,4,1627.2,2131,885,981476438,203932,2351775,499,258515,44716,0.8525
2026-10-09,10004760418,4,1625.0,2393,941,130395085,251446,184936,518,65571,4352,0.9378
2026-10-09,6163884815,4,1622.0,2007,1302,168428033,306133,20081729,33743,2227,1196,0.6506
2026-10-09,9073513091,4,1617.8,1758,1352,146093168,216744,181084,231,165381,8114,0.9532
2026-10-09,5272606478,4,1617.2,2085,1005,136138367,223937,8913524,8080,228787,18216,0.9263
2026-10-09,6451948378,4,1614.8,1909,1292,139310849,165452,965306,214,68819,15457,0.8166
2026-10-09,10682099418,4,1613.5,2320,1020,28153944,325808,1298354,10320,28029,1966,0.9345
2026-10-09,10514223296,4,1612.0,1798,1402,23892469,202941,129931,553,87353,4299,0.9531
2026-10-09,5972059550,4,1610.8,1780,1304,831547924,136222,3947293,96,1111974,40430,0.9649
2026-10-09,10378885079,4,1610.2,2353,673,82446052,380166,43733,211,15849,5133,0.7554
2026-10-09,3936365689,4,1607.0,1756,1470,73801486,97706,349548,135,204051,15447,0.9296
2026-10-09,7874651625,4,1603.0,2120,1081,133610709,162047,294019,438,57029,4794,0.9225
2026-10-09,1802622907,4,1602.0,1920,1072,1307232766,192032,1319776,235,641701,104364,0.8601
2026-10-09,6787216875,4,1599.2,2185,1272,213174068,243228,133545,359,63959,15879,0.8011
2026-10-09,10757504146,4,1590.0,2174,1135,20303385,211981,30177,321,8947,666,0.9307
2026-10-09,9933939850,4,1587.5,2140,1293,60779736,131054,55973,130,22869,3900,0.8543
2026-10-09,10482775464,4,1585.2,2347,660,35005368,256956,279777,662,120154,5484,0.9564
2026-10-09,10066618669,4,1583.2,2031,1000,28859342,176767,37940,207,4039,1722,0.7011
2026-10-09,10628907188,4,1581.2,1785,1182,36443948,183932,835974,2710,59657,6933,0.8959
2026-10-09,3420059569,4,1580.8,2211,1245,971165182,246907,27491916,175,97102,96140,0.5025
2026-10-09,7283491781,4,1579.0,1939,1277,62327488,154147,127470,270,56577,9484,0.8564
2026-10-09,9950184599,4,1578.5,2277,800,13694935,142300,127663,3442,96408,2658,0.9732
2026-10-09,10253235584,4,1578.0,1746,1370,66625962,85670,644072,506,275083,4229,0.9849
2026-10-09,10764300350,4,1575.5,1862,1227,3464559,115610,17092,350,4246,567,0.8822
2026-10-09,7015341259,4,1573.8,2245,572,45231484,146620,31908,82,20187,3974,0.8355
2026-10-09,9162763535,4,1573.8,1753,1223,78311230,382735,97118,399,25894,7402,0.7777
2026-10-09,6487579144,4,1566.0,1997,941,31863807,141819,56669,271,14660,3544,0.8053
2026-10-09,9186719164,4,1565.0,1724,1443,1597718813,114209,843483,-1,1244808,52677,0.9594
2026-10-09,8322865535,4,1564.5,1869,1219,37744992,192805,2010415,5686,11306,1476,0.8845
2026-10-09,10767858548,4,1564.5,2288,298,907810,165709,9025,920,6701,521,0.9279
2026-10-09,10501944811,4,1560.8,1849,1240,7540403,95839,22685,217,73863,854,0.9886
2026-10-09,7823137182,4,1554.5,2218,997,398597512,316186,561671,488,131661,22217,0.8556
2026-10-09,97314177,4,1551.0,2056,805,584584435,110796,1261558,156,425127,49969,0.8948
2026-10-09,5421899973,4,1547.0,1955,1237,390070339,241163,14203756,3740,373259,28627,0.9288
2026-10-09,1325411718,4,1540.0,2115,1050,401151161,186304,442228,321,249287,32752,0.8839
2026-10-09,10020612607,4,1540.0,2080,947,86957350,134902,3419632,234,114902,2583,0.978
2026-10-09,107172930,4,1539.0,2285,906,722741137,159347,1985127,296,743339,207167,0.782
2026-10-09,5866227438,4,1529.0,1980,1128,370621100,144474,10673998,1827,651962,18408,0.9725
2026-10-09,918677693,4,1528.5,2100,767,311774439,73973,653144,69,268228,39381,0.872
2026-10-09,2113323331,4,1527.0,1974,1244,894312168,253209,922930,462,150560,41848,0.7825
2026-10-09,10641300771,4,1527.0,1895,1334,13246518,189629,101497,435,9051,1047,0.8963
2026-10-09,10103595714,4,1526.8,1979,1157,40972883,257743,146668,662,110957,7356,0.9378
2026-10-09,1709917610,4,1524.2,1765,1129,264702452,101037,1074266,260,406945,45266,0.8999
2026-10-09,6937137675,4,1522.5,1949,858,110406795,169458,156523,424,24003,4453,0.8435
2026-10-09,4557322431,4,1515.5,1906,989,59864055,121380,210258,219,96312,9286,0.9121
2026-10-09,757291724,4,1515.2,2098,1219,250162222,196576,464752,352,77858,17154,0.8195
2026-10-09,10418224975,4,1512.5,2113,907,14496677,117593,425387,2695,21795,1077,0.9529
2026-10-09,10061124506,4,1508.2,2115,967,67941567,238442,164023,519,241822,13004,0.949
2026-10-09,10441199872,4,1508.2,1745,1253,78302186,272843,130075,440,69158,4258,0.942
2026-10-09,9765324104,4,1505.8,2294,756,82214836,217274,421509,491,49362,4631,0.9142
2026-10-09,9851352969,4,1505.0,2363,290,37697303,192209,902332,11629,10575,1528,0.8738
2026-10-09,9564673841,4,1504.5,2039,689,175851334,246831,305181,344,195989,29607,0.8688
2026-10-09,10391036163,4,1502.0,2001,1111,8408587,136838,175870,1489,16942,2283,0.8812
2026-10-09,10769037074,1,1502.0,1502,1502,457043,0,6710,0,250,64,0.7962
2026-10-09,6949043989,4,1497.8,2962,569,12088085,156685,22598,115,6617,1334,0.8322
2026-10-09,5903289376,4,1497.5,1888,1032,92187237,82467,213655,172,34271,4296,0.8886
2026-10-09,4434528807,4,1494.5,2007,664,796487222,159119,723205,215,251172,44004,0.8509
2026-10-09,10130637063,4,1491.2,1893,1159,58691685,194868,4132830,12072,5436,909,0.8567
2026-10-09,4019583467,4,1486.2,2185,911,387147333,182747,798013,324,641324,49694,0.9281
2026-10-09,3734304510,4,1484.2,2143,935,441449306,115549,462753,79,278202,50624,0.846
2026-10-09,10196985448,4,1480.8,2686,258,55096740,297755,264946,1081,49753,9156,0.8446
2026-10-09,3088609243,4,1478.8,1998,932,753074668,203768,623735,318,107486,35809,0.7501
2026-10-09,10061100187,4,1471.8,2089,768,28900870,265960,418464,3137,9364,2184,0.8109
2026-10-09,7877723741,4,1470.2,1832,826,212403740,163317,216676,183,82771,47931,0.6333
2026-10-09,6495484417,4,1470.0,1983,749,151735955,146744,11039754,6820,29265,6697,0.8138
2026-10-09,1001911915,4,1469.2,2045,743,242322970,110730,689267,100,274633,35927,0.8843
2026-10-09,2324662457,4,1465.2,1593,1327,1334289787,45925,1566486,-19,1151668,86928,0.9298
2026-10-09,10010371086,4,1463.8,1839,729,44871603,231117,150426,652,58081,2653,0.9563
2026-10-09,1430007363,4,1462.8,1799,1011,921835923,220692,2428261,963,142603,29674,0.8278
2026-10-09,10762798338,4,1461.5,2455,580,6613889,211581,21507,497,4618,464,0.9087
2026-10-09,9539483725,4,1460.8,1715,968,64082967,221831,84160,457,10449,2941,0.7804
2026-10-09,5111507958,4,1460.2,1992,1132,156690650,140010,7752414,4439,111747,9266,0.9234
2026-10-09,10149910491,4,1459.0,1685,1173,43035444,131142,59451,243,21182,5000,0.809
2026-10-09,6275120808,4,1457.0,2002,843,270597194,122055,387427,120,245255,71841,0.7734
2026-10-09,6940206974,4,1449.2,1707,880,48512974,175068,3606045,9536,12080,2822,0.8106
2026-10-09,9257800423,4,1446.0,1633,1187,39438080,135773,386559,1035,161722,9795,0.9429
2026-10-09,9627655329,4,1444.0,2160,1033,37222915,145179,508932,1296,12000,3251,0.7868
2026-10-09,9732080947,4,1440.2,1519,1264,87458369,121145,269154,337,63987,11189,0.8512
2026-10-09,4221956550,4,1440.0,2103,825,138103312,122312,837198,433,179973,24339,0.8809
2026-10-09,10446291786,4,1438.8,2103,899,22496621,270464,136645,1470,9052,2465,0.786
2026-10-09,8724785394,4,1438.2,1776,1157,8603411,131926,370611,4149,11470,574,0.9523
2026-10-09,7528417535,4,1438.0,2190,858,62185643,181209,1563281,1277,25331,6104,0.8058
2026-10-09,10178802449,4,1434.0,1896,1027,90710659,115629,3161898,3478,51128,3533,0.9354
2026-10-09,5576955991,4,1430.8,1958,908,93984920,136144,235879,385,201114,7174,0.9656
2026-10-09,4579085368,4,1430.0,1894,1009,192316222,152933,1082254,828,198676,17129,0.9206
2026-10-09,9952820791,4,1429.0,1968,586,1144856,101741,9058,546,2347,841,0.7362
2026-10-09,140733710,4,1426.8,1830,889,413664401,125883,1223258,556,275829,39142,0.8757
2026-10-09,10726092409,4,1423.0,1560,1154,6871467,196035,21858,517,6686,1448,0.822
2026-10-09,10700505394,4,1421.5,1753,817,37480213,201807,121232,428,157196,8204,0.9504
2026-10-09,8343243056,4,1420.8,3839,385,242623401,97673,1695681,531,307195,8102,0.9743
2026-10-09,10552540426,4,1417.5,1699,1092,12933623,103437,386801,219,251686,4237,0.9834
2026-10-09,10182049622,4,1415.8,2114,815,141742369,280012,4805780,191,46005,75937,0.3773
2026-10-09,9155036056,4,1411.5,1927,1005,111513722,145761,270887,605,412184,5736,0.9863
2026-10-09,2007050448,4,1404.0,2071,700,205712819,235819,332455,439,126276,19605,0.8656
2026-10-09,9943273705,4,1399.5,1729,779,21186040,256796,48565,686,6184,5183,0.544
2026-10-09,10767657583,4,1398.8,1863,789,1495329,218638,35800,3162,1452,547,0.7264
2026-10-09,10507075860,4,1393.5,1648,957,31473835,203707,1420880,7957,22507,2295,0.9075
2026-10-09,1271059807,4,1393.2,2018,1003,76809350,121762,394986,803,90294,8657,0.9125
2026-10-09,9960184903,4,1392.5,1683,1157,26915292,136191,644678,3622,1213,590,0.6728
2026-10-09,4457060041,4,1392.0,2252,491,145767299,148765,233673,181,96117,13780,0.8746
2026-10-09,9032167172,4,1390.2,2569,559,53861509,473371,415731,5702,152322,13786,0.917
2026-10-09,10764887435,4,1389.2,1575,1033,4194388,270162,210295,10644,15722,985,0.941
2026-10-09,4193032947,4,1388.0,1887,1008,356619070,157812,2412698,1172,518551,21146,0.9608
2026-10-09,10742019356,4,1387.2,1715,957,23408573,298769,37068,329,8842,1795,0.8312
2026-10-09,10766971567,1,1387.0,1387,1387,876595,0,6294,0,2281,208,0.9164
2026-10-09,10117986107,4,1386.0,1797,1055,78787514,268964,570862,388,14526,4685,0.7561
2026-10-09,7381952833,4,1384.8,1834,1100,114336701,163178,231684,301,30676,7769,0.7979
2026-10-09,6818915584,4,1379.5,1529,1140,502276063,463934,44913559,30112,37809,10365,0.7848
2026-10-09,8641602265,4,1379.0,2054,801,78749335,182602,213446,375,138095,8081,0.9447
2026-10-09,10694549945,4,1379.0,1808,846,20769064,120706,31489,161,31823,1243,0.9624
2026-10-09,10541331578,4,1378.5,1690,1183,3354746,70480,220031,3377,12257,1370,0.8995
2026-10-09,98929893,4,1377.0,1763,875,989669144,101428,2120619,150,640554,67252,0.905
2026-10-09,5456952508,4,1375.0,2651,1,113225469,177326,210733,581,85163,23643,0.7827
2026-10-09,1648467492,4,1374.2,1588,924,58965000,135978,67407,225,17664,8119,0.6851
2026-10-09,9294646427,4,1372.2,1787,934,112469380,222521,286601,616,527910,14067,0.974
2026-10-09,9714537627,4,1372.0,1867,632,31031663,151530,73320,337,26646,56985,0.3186
2026-10-09,6786784563,4,1366.8,1683,1027,34127413,140136,657944,1544,134395,4046,0.9708
2026-10-09,4343544885,4,1366.0,1695,1096,130704931,106258,2839243,1567,396685,10750,0.9736
2026-10-09,83148140,4,1365.8,1721,872,426779052,149438,356100,297,109417,32123,0.773
2026-10-09,4153755477,4,1364.2,1793,790,933727124,260102,601812,269,541842,96705,0.8486
2026-10-09,4938220315,4,1363.5,1866,994,482264336,181572,754775,44,189311,15755,0.9232
2026-10-09,9942734820,4,1361.5,1871,932,36244839,203262,1535803,7053,8662,3026,0.7411
2026-10-09,6657933195,4,1357.2,1688,892,289588627,140528,1066059,329,369912,27418,0.931
2026-10-09,8618660961,4,1353.8,1639,919,43335636,146502,133727,337,54505,6869,0.8881
2026-10-09,6421358579,4,1351.2,1676,1046,85705426,218234,93963,272,43385,5357,0.8901
2026-10-09,4785982047,4,1351.0,1618,932,225415504,142165,3129947,1311,1661051,27135,0.9839
2026-10-09,9996384072,4,1347.2,1570,1076,7141104,81320,75121,174,26384,564,0.9791
2026-10-09,10389762549,4,1340.0,1522,1167,1024832,56229,9613,331,13210,353,0.974
2026-10-09,7114667385,4,1339.5,1585,926,80727284,127359,66945,253,6460,1499,0.8117
2026-10-09,7115773109,4,1334.8,1758,1014,283683994,168233,1038134,331,636725,37368,0.9446
2026-10-09,10171934713,4,1334.8,1377,1299,23095473,97262,925713,693,64939,2909,0.9571
2026-10-09,10765078176,4,1334.2,1473,1085,18117615,160268,60745,411,40611,9551,0.8096
2026-10-09,10761143648,4,1333.8,2130,669,4404593,177041,29199,2105,19867,625,0.9695
2026-10-09,6215464786,4,1333.2,1657,936,439449497,248427,10612092,4475,141064,27825,0.8352
2026-10-09,7970033072,4,1323.0,1504,1043,7813766,91987,110594,992,159946,3942,0.9759
2026-10-09,10108046010,4,1322.5,1504,1007,24092273,95003,59864,251,13359,1700,0.8871
2026-10-09,10454554751,4,1322.2,1722,1089,117972630,193875,2280299,1311,315911,11000,0.9664
2026-10-09,10583634958,4,1320.0,2024,789,21993612,174826,37000,240,13356,2711,0.8313
2026-10-09,4991126644,4,1314.2,1854,704,4799125,107252,12381,124,8969,953,0.904
2026-10-09,8066283370,4,1310.2,1395,1197,529907422,104460,3068681,410,434809,16525,0.9634
2026-10-09,21449357,4,1305.5,1681,838,141030638,91942,500205,348,157332,28272,0.8477
2026-10-09,5974860429,4,1305.0,1611,1066,152732854,137409,129045,194,77290,9368,0.8919
2026-10-09,540382210,4,1303.8,1709,720,361850620,162717,1050592,309,494834,26697,0.9488
2026-10-09,9736593239,4,1303.0,2255,218,61960438,156447,38474,125,8696,1460,0.8562
2026-10-09,9485131494,4,1301.5,1860,925,93479618,155111,456183,573,362952,7375,0.9801
2026-10-09,6508759464,4,1300.5,1740,673,457869865,184840,1058615,277,501283,37626,0.9302
2026-10-09,4154513353,4,1298.5,1866,884,267852407,94148,533106,112,192293,44005,0.8138
2026-10-09,1638323641,4,1297.5,1650,883,355033955,134987,1386393,254,331130,44173,0.8823
2026-10-09,2020908522,4,1296.5,2006,564,546927002,151768,594358,139,106558,20189,0.8407
2026-10-09,9656201728,4,1295.2,1429,1197,31647556,102658,110860,393,62498,3117,0.9525
2026-10-09,9781580133,4,1292.8,1789,971,11433986,148949,47320,472,32695,8567,0.7924
2026-10-09,10759860151,4,1292.5,1526,1140,23634223,117321,40382,129,28140,3646,0.8853
2026-10-09,6466802953,4,1291.5,2154,406,78357678,109605,604528,1875,47991,5992,0.889
2026-10-09,10422038064,4,1291.5,2043,317,2545641,171081,9116,284,3830,235,0.9422
2026-10-09,5233689103,4,1291.0,2030,252,8040814,146238,8396,144,1934,337,0.8516
2026-10-09,10495391267,4,1289.2,1725,888,5360829,149157,64107,1051,12524,921,0.9315
2026-10-09,5365966699,4,1288.2,1838,758,123034220,144756,145934,114,46700,6066,0.885
2026-10-09,10765629453,4,1286.5,2870,635,5474623,169732,453601,4857,11034,928,0.9224
2026-10-09,3808223175,4,1286.2,1692,791,723857083,121113,3273803,915,1840864,60458,0.9682
2026-10-09,10438013523,4,1282.5,1566,897,60211655,196455,319488,631,208359,16891,0.925
2026-10-09,5728147388,4,1282.2,1916,606,297247672,184221,346617,409,115416,18489,0.8619
2026-10-09,6280758286,4,1282.2,1924,480,56576247,83248,43456,82,35319,4994,0.8761
2026-10-09,10765574547,4,1281.0,1873,722,3746152,135873,18959,282,2582,770,0.7703
2026-10-09,5544551093,4,1277.8,1487,804,247214622,145885,509586,313,261811,23052,0.9191
2026-10-09,4543855070,4,1277.5,1768,1025,231338718,95083,289968,682,83467,13092,0.8644
2026-10-09,6599600818,4,1276.8,1571,1061,122457830,136865,4117639,6705,209116,5987,0.9722
2026-10-09,5568657754,4,1272.5,1546,998,51315453,184632,99856,343,31363,5597,0.8486
2026-10-09,7921879545,4,1272.2,2301,474,53487847,124653,91312,216,45042,4651,0.9064
2026-10-09,6413074235,4,1271.0,1757,671,165811928,122069,354906,201,101954,13134,0.8859
2026-10-09,8937254139,4,1270.5,1670,801,231766594,212887,1824135,267,499416,8455,0.9834
2026-10-09,2126386806,4,1269.2,1777,602,2679940143,216387,2601020,294,1055608,191532,0.8464
2026-10-09,10765361336,4,1267.2,1627,1139,2645756,107697,5710,226,1687,332,0.8356
2026-10-09,3661343497,4,1265.2,1762,627,202520705,97180,254020,164,72714,6233,0.921
2026-10-09,3951147015,4,1263.5,1535,987,141526119,217870,193828,306,94772,13985,0.8714
2026-10-09,6579282112,4,1262.0,1739,886,121155104,145208,8646207,53,10226,2458,0.8062
2026-10-09,2092410051,4,1261.8,1550,996,339105869,57038,1410934,126,514927,67744,0.8837
2026-10-09,1480782352,4,1261.2,1438,921,1954030843,126045,2746636,213,1422392,83507,0.9445
2026-10-09,10765332568,4,1261.2,1709,1019,6649745,130033,15390,271,6906,348,0.952
2026-10-09,5074882778,4,1260.8,1897,905,83366765,143951,88340,282,15502,4518,0.7743
2026-10-09,10175155684,4,1260.5,1530,950,9937851,209877,81116,1357,16337,1567,0.9125
2026-10-09,7738927312,4,1259.5,1377,1085,79749382,83320,281950,357,149432,7936,0.9496
2026-10-09,5679753654,4,1257.8,2644,82,70258811,197924,1129082,3971,27599,5816,0.8259
2026-10-09,9655781693,4,1255.2,1515,863,18208712,103037,36761,182,16657,5266,0.7598
2026-10-09,10759415852,4,1254.0,1380,1136,4216983,58349,206364,1097,49094,1039,0.9793
2026-10-09,5216419122,4,1253.5,1532,786,319541976,104606,8993905,1972,200836,42682,0.8247
2026-10-09,1214576306,4,1249.0,1664,853,1650999578,95082,4305476,105,1342475,99986,0.9307
2026-10-09,9900286623,4,1247.0,1364,942,22245411,177384,161015,1263,10005,1834,0.8451
2026-10-09,10383973024,4,1245.8,1606,916,32334128,110408,1133176,2186,32078,1771,0.9477
2026-10-09,6431828693,4,1244.8,1711,740,140623011,180897,447142,359,132267,5849,0.9577
2026-10-09,10064344359,1,1243.0,1243,1243,16461523,0,34128,0,5355,1352,0.7984
2026-10-09,9384605736,4,1241.8,1523,586,1049862426,161258,17280404,2710,2721013,110937,0.9608
2026-10-09,8420907710,4,1240.2,1915,499,76929209,238243,5898347,10459,201617,40335,0.8333
2026-10-09,9104763985,4,1238.2,1765,934,89451233,107271,7224419,9791,151234,2625,0.9829
2026-10-09,2153167977,4,1235.0,1656,745,166216925,188417,368659,286,136520,19192,0.8767
2026-10-09,2027832238,4,1232.0,2122,105,206190652,161588,107188,88,52416,15446,0.7724
2026-10-09,9522015993,4,1231.2,1398,971,138943756,199927,249410,363,51041,25498,0.6669
2026-10-09,9286558970,4,1227.8,1593,641,22374855,119170,84832,253,32284,12435,0.7219
2026-10-09,9753458401,4,1225.5,1529,813,13322282,102824,48385,487,12121,2314,0.8397
2026-10-09,10226701629,4,1224.5,1624,806,96204000,75073,351541,275,143158,11333,0.9266
2026-10-09,7450124099,4,1224.2,1693,914,144257503,111359,811311,488,85260,11994,0.8767
2026-10-09,2157233282,4,1222.0,1603,544,39395638,199135,3524949,12390,9798,2816,0.7768
2026-10-09,10504837200,4,1221.2,1588,929,14432188,101446,725336,3995,73814,1597,0.9788
2026-10-09,1393178180,4,1220.8,2536,237,101401727,82627,192770,126,92821,15695,0.8554
2026-10-09,10249209189,4,1218.5,1520,884,59919666,117567,355614,695,868019,11423,0.987
2026-10-09,10561352230,4,1208.5,1637,906,45435894,99041,1739414,2018,444654,4834,0.9892
2026-10-09,465016798,4,1205.0,1510,814,130174901,113961,420373,255,98515,17797,0.847
2026-10-09,10603011269,4,1204.2,1297,1145,5607298,55771,157827,783,18050,848,0.9551
2026-10-09,7521520342,4,1203.8,1579,926,276718365,152966,259497,249,120006,27249,0.815
2026-10-09,10766399546,4,1203.5,1658,1013,6756481,242404,26372,678,30707,1513,0.953
2026-10-09,10616474341,4,1201.0,1553,710,18665834,209470,57841,563,16333,2944,0.8473
2026-10-09,7498898979,4,1199.5,1349,909,79677295,106621,285506,390,63990,7058,0.9007
2026-10-09,10766420770,4,1194.8,1710,810,1453573,85443,67688,1946,10132,174,0.9831
2026-10-09,9588121608,4,1194.5,1601,573,153723723,787760,2913232,1337,54039,10302,0.8399
2026-10-09,6113928308,4,1188.5,1405,889,90768611,154095,479252,956,137585,10764,0.9274
2026-10-09,10405785379,4,1187.0,1578,826,21102205,104632,42104,211,8812,842,0.9128
2026-10-09,5688684783,4,1183.5,1427,685,145219544,179254,13542097,11309,29713,6354,0.8238
2026-10-09,6164853651,4,1181.2,1667,582,273911095,168372,227844,404,45539,11429,0.7994
2026-10-09,10061909806,4,1181.2,1581,787,58960381,233561,64381,325,16243,1960,0.8923
2026-10-09,7589856475,4,1180.8,1472,1025,16688310,193120,822772,7268,2196,3549,0.3822
2026-10-09,7212930772,4,1178.0,1386,852,193947438,134716,149399,189,132790,12494,0.914
2026-10-09,10271723279,4,1172.8,1701,660,7769892,77239,160935,743,32074,2114,0.9382
2026-10-09,10253446435,4,1172.0,1428,956,22045709,79320,109163,349,444002,4491,0.99
2026-10-09,9812090239,4,1170.8,1376,893,46941509,243972,1108301,3322,65542,1374,0.9795
2026-10-09,2309918273,4,1169.8,1430,885,54571253,59985,531758,245,206087,22391,0.902
2026-10-09,3311164447,4,1169.0,1352,737,42537906,106535,20810,284,4344,1671,0.7222
2026-10-09,10767665871,1,1167.0,1167,1167,237520,0,7931,0,1131,807,0.5836
2026-10-09,8950496606,4,1166.5,1423,981,181122784,98648,456747,287,148765,9315,0.9411
2026-10-09,8723526551,4,1166.0,1675,791,17351188,74508,573139,2705,41850,3523,0.9224
2026-10-09,9029936173,4,1165.5,1378,1049,39518201,142971,3855589,12618,10733,3028,0.78
2026-10-09,10756631918,4,1161.5,1417,819,1247349,126801,60795,6384,694,150,0.8223
2026-10-09,4367208330,4,1161.0,1618,602,490839477,112464,1648517,202,730220,111544,0.8675
2026-10-09,10350558449,4,1160.5,1423,856,30155217,107177,632975,2914,22902,2055,0.9177
2026-10-09,6690355795,4,1160.2,1437,1038,32825996,88770,419316,548,70156,2076,0.9713
2026-10-09,10669713140,4,1156.0,1448,907,7443558,84727,15891,189,2551,392,0.8668
2026-10-09,9660713566,4,1154.5,1537,760,111073615,169613,6690321,10130,80639,4420,0.948
2026-10-09,5207621753,4,1153.2,1420,1022,102333180,140899,82731,150,172591,4717,0.9734
2026-10-09,6329693946,4,1150.0,1487,836,89723700,75900,240882,181,113769,10490,0.9156
2026-10-09,5844427042,4,1143.8,1892,331,85884535,136441,2222089,170,43096,9885,0.8134
2026-10-09,1087859240,4,1141.2,1350,1022,385367307,43329,345283,33,118590,23297,0.8358
2026-10-09,6318887244,4,1141.0,1552,632,156167846,103040,1145739,382,183069,6471,0.9659
2026-10-09,1617287243,4,1139.8,1478,743,626821547,153794,935501,228,190554,38687,0.8312
2026-10-09,1177208440,4,1139.0,1332,801,88440788,115719,204402,192,99554,27382,0.7843
2026-10-09,10267363348,4,1138.0,1440,818,143906921,115974,403902,224,340808,15710,0.9559
2026-10-09,9843234816,4,1135.8,1476,956,25985238,224615,1141173,14967,3815,1383,0.7339
2026-10-09,10588977897,4,1135.0,1511,837,17227251,95773,51408,269,42935,2367,0.9478
2026-10-09,10765963762,4,1133.8,1760,773,2137889,109189,86129,3844,12423,1078,0.9202
2026-10-09,8472682462,4,1131.5,1533,833,79284041,158077,69296,300,10749,1462,0.8803
2026-10-09,9210599831,4,1127.8,1428,657,20154100,225228,530412,5162,99966,4125,0.9604
2026-10-09,4795326392,4,1125.8,1510,942,404789362,102973,648130,274,1383634,38460,0.973
2026-10-09,6149186864,4,1125.8,1509,833,32922859,161192,262083,562,128136,32955,0.7954
2026-10-09,79609758,4,1121.8,1631,539,941124765,216211,1683322,401,366368,183857,0.6659
2026-10-09,5795519964,4,1119.0,1518,539,161281266,111505,69275,132,12406,5585,0.6896
2026-10-09,8497987845,4,1115.8,1162,1073,25343904,70208,138773,224,76136,6487,0.9215
2026-10-09,2087494287,4,1115.5,1398,550,692499571,164062,554658,296,68075,19375,0.7784
2026-10-09,9787206684,4,1114.5,1529,942,779347275,149555,2991010,765,765817,41624,0.9484
2026-10-09,3864279452,4,1114.0,1483,653,532434659,157761,667918,137,321396,108152,0.7482
2026-10-09,9950410865,4,1110.8,1266,763,35452375,151518,1734955,4565,18861,3862,0.83
2026-10-09,9655921954,4,1107.5,1299,704,48616355,186964,54621,287,6317,2933,0.6829
2026-10-09,9344916045,4,1105.8,1650,456,85429947,151801,220347,343,47545,3363,0.9339
2026-10-09,5805053299,4,1104.5,1379,601,138130618,223111,329937,450,84921,9174,0.9025
2026-10-09,10281666052,4,1102.0,1418,593,6686929,144904,90099,988,21223,1998,0.914
2026-10-09,10737256446,4,1099.2,1357,873,7635002,205347,671480,14318,11088,1473,0.8827
2026-10-09,10766812244,4,1098.0,1509,672,2979969,95926,12344,265,8024,1083,0.8811
2026-10-09,10212081143,4,1091.2,1473,634,1906237,99531,57984,2538,5000,1431,0.7775
2026-10-09,9169166771,4,1089.2,1273,900,72219690,137075,141644,7447,20096,5455,0.7865
2026-10-09,10156435104,4,1086.8,1357,836,64823697,118842,101856,161,122004,3213,0.9743
2026-10-09,2643072291,4,1085.8,1465,658,98901029,84666,1010046,610,108676,22360,0.8294
2026-10-09,7687524641,4,1085.8,1418,635,43023199,89644,114796,175,39906,5858,0.872
2026-10-09,10766257839,4,1084.5,1401,539,2391967,108483,10738,275,4512,1173,0.7937
2026-10-09,10098095975,4,1084.0,1281,777,31181616,61014,1054516,2611,178030,2318,0.9871
2026-10-09,6048923315,4,1083.8,1221,828,107751791,79266,221278,170,196231,14513,0.9311
2026-10-09,10587328652,4,1083.8,1493,586,15234418,142405,22505,202,8908,2414,0.7868
2026-10-09,10764404786,4,1083.5,1269,864,2496465,77263,8652,166,6016,913,0.8682
2026-10-09,9585346472,4,1082.2,1589,709,46088103,102667,466057,790,45685,5281,0.8964
2026-10-09,10765927544,4,1082.0,1747,195,1002593,88646,2844,217,1939,189,0.9112
2026-10-09,3267012194,3,1081.3,1149,1019,327994431,87710,1089132,182,266479,40332,0.8685
2026-10-09,9484893818,4,1081.2,1400,674,11656351,57300,103730,495,42747,2511,0.9445
2026-10-09,9219116196,4,1075.5,1344,634,103261301,102301,288977,377,44074,6084,0.8787
2026-10-09,10766009412,4,1074.2,1838,421,1477765,118095,38362,1907,2599,651,0.7997
2026-10-09,5407131262,4,1073.8,1566,672,260399832,139967,754469,379,176035,32965,0.8423
2026-10-09,8198412649,4,1073.2,1279,699,54565358,105466,95573,121,71103,8580,0.8923
2026-10-09,5208051158,4,1068.8,1331,836,172683370,160822,2069141,1627,116958,16651,0.8754
2026-10-09,3841172115,4,1067.8,1738,457,160025876,119561,719592,411,98799,11389,0.8966
2026-10-09,2350840700,4,1067.5,1615,514,72889650,101461,407206,442,147720,12963,0.9193
2026-10-09,9694335093,4,1065.8,1315,675,21410687,105764,253507,629,128848,6414,0.9526
2026-10-09,10092619788,4,1065.8,1092,1015,13632958,55399,8698,14,24025,744,0.97
2026-10-09,8659262047,4,1062.0,1359,849,128633750,148705,1284069,1526,516212,10583,0.9799
2026-10-09,10398947938,4,1060.0,1504,552,3837158,127269,20590,356,7380,1728,0.8103
2026-10-09,9949288829,4,1059.8,1327,684,10356657,105458,98703,385,28564,824,0.972
2026-10-09,9793308933,4,1058.5,1264,821,59784170,120255,1435196,2769,292325,3797,0.9872
2026-10-09,4263576532,4,1057.0,1538,666,191347507,133477,492520,349,518684,36292,0.9346
2026-10-09,10136067263,4,1056.5,1407,588,53233326,106468,2914376,4778,256420,4755,0.9818
2026-10-09,73754455,4,1056.0,1432,596,1837607263,130850,4034736,354,1017545,117571,0.8964
2026-10-09,10764328008,4,1053.0,1395,649,10829523,103398,77492,533,67754,1390,0.9799
2026-10-09,3258873704,3,1049.0,1251,647,431738500,118334,285285,77,143559,49651,0.743
2026-10-09,10139325104,4,1046.8,1735,621,222558127,500902,105037,290,37432,14710,0.7179
2026-10-09,10761200080,4,1045.8,1506,700,5242740,67375,29246,293,52500,4271,0.9248
2026-10-09,10516888336,4,1045.5,1282,588,85834067,142461,1505030,1990,323720,6639,0.9799
2026-10-09,8828612659,4,1042.8,1461,613,151816305,129048,165206,194,240504,4594,0.9813
2026-10-09,6751400610,4,1042.0,1352,626,320564352,194767,7572517,3142,67038,20066,0.7696
2026-10-09,2239430935,4,1041.2,1485,632,362039065,143945,1137286,199,237353,20026,0.9222
2026-10-09,7208219743,4,1040.8,1301,840,13409486,88660,148125,653,24151,5880,0.8042
2026-10-09,2727447177,4,1040.2,1287,753,517002580,143202,1906969,695,567878,30079,0.9497
2026-10-09,10506207587,4,1036.2,1560,723,35589142,64819,73596,159,33797,3122,0.9154
2026-10-09,4908792642,4,1035.8,1486,592,1946614787,184210,8521933,450,947977,293607,0.7635
2026-10-09,10469426282,4,1035.5,1216,808,5545168,45484,13993,47,20822,896,0.9587
2026-10-09,7750955984,4,1034.5,1202,906,718461270,133344,924174,475,812458,38045,0.9553
2026-10-09,9119782663,4,1032.8,1290,613,98723464,203104,2675084,4738,63239,9944,0.8641
2026-10-09,3124818385,4,1032.5,1479,579,92371120,173894,275884,193,70391,5994,0.9215
2026-10-09,10390151142,4,1028.8,1500,557,10999737,142728,36455,257,11862,2037,0.8534
2026-10-09,10642548584,4,1024.2,1289,659,941406,127444,27285,3669,5964,1019,0.8541
2026-10-09,3191268194,3,1021.7,1331,801,1364565893,107199,5593697,1091,1054348,48577,0.956
2026-10-09,4007686136,4,1021.0,1619,402,170438127,154720,96050,189,44353,15098,0.746
2026-10-09,5174979552,4,1020.2,1329,647,92572006,120300,5581191,2990,337903,12540,0.9642
2026-10-09,10551923502,4,1020.0,1345,735,28774499,115545,2269664,7317,38496,754,0.9808
2026-10-09,4720386144,4,1016.5,1261,784,124727386,92584,631263,388,126393,11894,0.914
2026-10-09,9549133757,4,1015.2,1730,312,28387538,80765,44886,89,27996,3026,0.9025
2026-10-09,6925303818,4,1012.8,1466,483,74304061,82933,272679,193,931797,20868,0.9781
2026-10-09,8646444640,4,1010.0,1284,626,12683740,53877,45353,107,26687,3889,0.8728
2026-10-09,7760134732,4,1009.0,1174,771,41812600,90238,1163473,2343,61357,2918,0.9546
2026-10-09,10466601694,4,1005.5,1408,607,2429613,63656,19096,286,11303,1450,0.8863
2026-10-09,7317454210,4,1002.5,1316,576,69394033,145410,71312,210,38292,16970,0.6929
2026-10-09,10165276442,4,1001.8,1246,602,47957175,127084,559202,869,24595,6999,0.7785
2026-10-09,9404155369,4,1000.8,1579,636,49479020,106202,3191889,6092,50165,2093,0.9599
2026-10-09,8005378926,4,999.2,1527,474,40898058,109030,831543,121,7353,1379,0.8421
2026-10-09,10547918402,4,998.8,1264,565,44801358,137651,88392,192,113427,2700,0.9767
2026-10-09,10259258713,4,998.0,1205,848,37602971,142327,2541624,9999,98345,2499,0.9752
2026-10-09,2644656496,4,996.2,1129,807,307606819,81465,4476386,1694,1802980,42680,0.9769
2026-10-09,10733110573,4,995.8,1313,633,4540196,127008,19278,383,4272,2663,0.616
2026-10-09,571251690,4,993.0,1340,572,106590013,116948,1054440,40,54432,11352,0.8274
2026-10-09,10528250136,4,984.2,1416,536,29786919,130501,1806410,7834,109411,4101,0.9639
2026-10-09,9198323655,4,984.0,1166,671,121996037,154031,84840,216,39144,3626,0.9152
2026-10-09,9599808796,4,981.0,1222,614,133338607,182623,182745,402,79889,22626,0.7793
2026-10-09,7128163167,4,980.5,1237,828,82833943,102199,140068,185,33885,4505,0.8827
2026-10-09,4018794732,4,970.5,1149,574,295466553,146565,279331,278,33225,9119,0.7846
2026-10-09,3759884822,4,968.5,1389,663,140824902,86026,127396,147,46163,4088,0.9186
2026-10-09,1701518532,4,966.8,1796,342,124682739,97850,2092421,774,43400,6212,0.8748
2026-10-09,1452258989,4,966.5,1138,685,1977972156,136728,20704177,4116,1265116,307933,0.8042
2026-10-09,10628006421,4,963.0,1046,876,6698237,113852,117009,1044,21095,1876,0.9183
2026-10-09,3515267380,2,961.0,1236,686,183884208,62036,440856,82,124087,41135,0.751
2026-10-09,10409732219,4,960.0,1206,614,97140262,155686,5919459,6897,245705,7074,0.972
2026-10-09,83858907,4,959.0,1214,617,1752785713,150472,4568586,274,1039519,369596,0.7377
2026-10-09,3869462497,4,956.0,1178,617,350752672,145691,291924,318,47051,19732,0.7045
2026-10-09,10765579304,4,956.0,1098,811,1293511,58567,17649,500,5785,735,0.8873
2026-10-09,9961389755,4,954.8,1329,647,24027053,131737,835488,4643,43365,4263,0.9105
2026-10-09,3264581003,3,954.7,1207,620,120640240,77060,197779,98,103623,26074,0.799
2026-10-09,6858584271,4,954.5,1530,348,45051928,29378,65073,66,35926,5005,0.8777
2026-10-09,1787711941,4,953.8,1285,520,99500028,141347,248059,235,91559,27896,0.7665
2026-10-09,3056160040,4,953.2,1186,593,985153709,90960,1422488,154,460259,95027,0.8289
2026-10-09,10272975313,4,950.2,960,942,28005740,85291,61082,83,45633,3704,0.9249
2026-10-09,7577791613,4,950.0,1282,610,113826008,135855,609225,509,59853,23138,0.7212
2026-10-09,3704826615,4,949.0,1065,704,13489803,79972,57225,180,17347,11122,0.6093
2026-10-09,10421154706,4,948.8,1086,791,33001032,68512,802308,1862,118067,4345,0.9645
2026-10-09,6491900489,4,947.8,1071,719,579034537,154126,452740,173,60725,21224,0.741
2026-10-09,7557272025,4,946.2,1371,624,53365129,174764,356578,346,51525,10391,0.8322
2026-10-09,9701909402,4,945.5,1110,820,56468583,141649,126136,323,52654,2267,0.9587
2026-10-09,9583356773,4,944.8,1098,785,3555257,94176,168140,3841,550,284,0.6595
2026-10-09,7265339759,4,943.5,1142,708,67897645,159489,375073,1831,149652,15340,0.907
2026-10-09,3417194043,4,943.0,1279,499,8367593,197400,35523,538,8726,11277,0.4362
2026-10-09,10167717554,4,941.0,1176,767,10797467,96566,205051,1038,110880,13775,0.8895
2026-10-09,7658676858,4,941.0,1249,741,370456235,254177,27324423,16258,992645,72203,0.9322
2026-10-09,3472976893,2,940.0,1558,322,193919308,119778,3683658,3394,64277,14646,0.8144
2026-10-09,9892207761,4,936.0,1242,485,63487237,245635,248609,445,27791,3906,0.8768
2026-10-09,10335507006,4,935.2,1183,673,1869025,90885,194825,8050,9007,371,0.9604
2026-10-09,4862269388,4,932.8,1126,728,143403151,146345,149658,41,35822,16941,0.6789
2026-10-09,9671940985,4,932.8,1319,600,181222918,127684,6067966,4853,133979,8170,0.9425
2026-10-09,9836330876,4,931.0,1180,627,23567473,90820,83555,255,16357,1169,0.9333
2026-10-09,4901806610,4,930.5,1089,577,450953724,239003,411073,294,308124,52398,0.8547
2026-10-09,10020287053,4,930.5,1293,622,48858029,127633,205751,444,35526,3542,0.9093
2026-10-09,8450202664,4,927.5,1707,243,18848138,95963,47455,125,41100,3179,0.9282
2026-10-09,6500938341,4,923.5,1396,560,76245958,97409,1342064,1072,221795,4687,0.9793
2026-10-09,2236455574,4,922.5,1162,577,828508390,136044,696049,226,176114,80101,0.6874
2026-10-09,9785048253,4,920.8,1187,616,16736984,75636,139738,293,28294,4337,0.8671
2026-10-09,9511365396,4,920.5,1245,522,71516348,175298,93238,386,11376,4288,0.7263
2026-10-09,3293514480,3,916.7,1172,548,211183384,127038,600335,158,190353,40307,0.8253
2026-10-09,10621093890,4,914.2,1130,558,2703694,67664,32293,507,1408,282,0.8331
2026-10-09,8360491918,4,913.0,1328,239,23952896,121969,21449,139,15205,5367,0.7391
2026-10-09,10181483914,4,911.5,1088,706,10823396,99125,333981,2775,5075,1993,0.718
2026-10-09,10241000620,4,910.8,1131,661,16463019,76809,89853,325,53385,2811,0.95
2026-10-09,10231871497,4,910.0,1116,814,45890328,85762,89068,161,167084,2446,0.9856
2026-10-09,6026405541,4,908.5,1166,702,58143746,85332,134587,64,41141,6103,0.8708
2026-10-09,4497460596,4,906.5,1154,562,183566551,89954,161271,151,94556,15177,0.8617
2026-10-09,10197758650,4,904.0,3616,0,16218673,49884,352452,911,14875,951,0.9399
2026-10-09,9303771057,4,903.5,1117,580,103803572,112889,1930951,985,32446,11277,0.7421
2026-10-09,2538086639,4,901.2,1288,609,656506700,125591,280161,175,41032,21780,0.6533
2026-10-09,5668114043,4,896.0,1078,649,248987675,116092,758825,283,171802,25311,0.8716
2026-10-09,10766105412,4,895.8,1367,537,1224061,95508,7249,543,2781,531,0.8397
2026-10-09,5108158764,4,894.2,1047,627,13852747,46718,194794,243,58648,4580,0.9276
2026-10-09,4263371487,4,892.2,1091,573,124858387,92444,227144,156,82541,13357,0.8607
2026-10-09,10380743712,4,891.5,1604,308,12357437,113146,39732,184,3299,1134,0.7442
2026-10-09,1160789089,4,891.2,1025,605,857566824,122309,6353879,845,499587,65991,0.8833
2026-10-09,9903482381,4,890.2,1141,569,52122842,114067,2888533,4112,13308,3501,0.7917
2026-10-09,8776018564,4,888.0,1258,390,79911596,87611,161081,132,133678,5145,0.9629
2026-10-09,10482905194,4,886.2,1207,550,16537257,101130,41995,229,6363,1293,0.8311
2026-10-09,4987467534,4,883.2,1124,433,212866483,126218,564908,221,146516,13660,0.9147
2026-10-09,2283649692,4,882.5,1302,536,110804861,108127,260280,149,78756,29736,0.7259
2026-10-09,5633615594,4,878.8,1330,544,27714819,72269,147184,270,28628,4818,0.8559
2026-10-09,6119928106,4,878.5,1446,432,32362446,154332,78879,297,12570,3619,0.7765
2026-10-09,3210778402,3,878.0,1297,582,122048501,118910,108756,266,10926,3684,0.7478
2026-10-09,3666294218,4,878.0,1069,610,60674708,40978,422883,166,121100,15594,0.8859
2026-10-09,10445832507,4,876.5,1155,588,975826,71654,12655,535,13599,644,0.9548
2026-10-09,9344307274,4,874.5,1124,675,589854407,119131,419858,162,686230,43099,0.9409
2026-10-09,9084112733,4,874.2,1049,693,85166986,114837,188819,218,18436,4931,0.789
2026-10-09,8890288888,4,873.2,1344,419,118211434,154847,82137,206,16075,6293,0.7187
2026-10-09,115797356,4,873.0,1300,416,1238930547,97647,2843613,21,937036,201824,0.8228
2026-10-09,4571439504,4,873.0,1090,539,104409252,102765,250458,198,171167,31696,0.8438
2026-10-09,9272693470,4,872.0,1123,612,274286259,95494,182887,87,127934,8747,0.936
2026-10-09,10765158636,4,871.8,1043,704,5464652,132778,15189,321,4999,380,0.9294
2026-10-09,10561309674,4,871.2,1297,527,1928556,125731,30455,1686,6680,319,0.9544
2026-10-09,10299762956,4,871.0,1178,558,36816493,125030,122429,297,102445,5247,0.9513
2026-10-09,9564490170,4,868.8,1124,558,55585445,133572,587510,192,109801,30093,0.7849
2026-10-09,6736482454,4,864.5,1230,565,227812660,92542,3807280,17,965947,40285,0.96
2026-10-09,10526434002,4,864.5,1432,604,31374598,136608,48895,204,20946,4523,0.8224
2026-10-09,3764631130,4,862.5,1042,672,38677710,125934,67908,364,9292,2515,0.787
2026-10-09,7592844193,4,858.8,1252,498,5596871,107801,158983,2578,9430,849,0.9174
2026-10-09,10619854384,4,857.5,997,697,1469998,78128,90940,2864,10537,1083,0.9068
2026-10-09,2491559356,4,856.0,1085,723,89356389,83450,181210,114,60793,17614,0.7754
2026-10-09,10767357183,4,855.8,1348,493,382131,90524,30481,6328,760,50,0.9383
2026-10-09,9750361560,4,855.0,1204,345,63089013,110632,144034,245,139520,14618,0.9052
2026-10-09,3916548970,4,853.8,1098,662,143102898,85535,265420,164,143768,9877,0.9357
2026-10-09,4858558391,4,853.2,1015,665,68955249,80014,578583,388,105958,13920,0.8839
2026-10-09,8374113155,4,852.0,1193,693,275214719,176942,223086,271,111768,6043,0.9487
2026-10-09,5096440156,4,851.5,981,635,552689541,124603,666381,182,145767,30951,0.8249
2026-10-09,10759661128,4,849.5,1131,661,10334547,74335,46387,297,5343,2428,0.6876
2026-10-09,9156711629,4,848.5,1116,644,50458560,71702,399720,323,116129,3844,0.968
2026-10-09,10664667515,4,848.2,991,603,29740988,94400,461007,1081,15903,1635,0.9068
2026-10-09,5678284602,4,845.0,969,675,153433732,40999,887544,189,478111,24754,0.9508
2026-10-09,2916593387,4,843.8,960,564,184175350,85265,498412,139,191092,38406,0.8327
2026-10-09,10309128556,4,843.2,1116,613,13480819,79560,191639,940,226479,4136,0.9821
2026-10-09,6707924214,4,842.5,1076,641,182329473,59730,3466865,1249,368015,8687,0.9769
2026-10-09,3725528263,4,842.5,1127,390,107862108,96288,140259,240,33839,14958,0.6935
2026-10-09,10586204478,4,841.8,1142,567,775910,58320,20083,1351,4622,839,0.8464
2026-10-09,10101367087,4,838.2,1249,545,14115940,84735,410928,2020,7678,1460,0.8402
2026-10-09,6770632849,4,838.0,1119,499,142758771,118066,491929,345,520942,36617,0.9343
2026-10-09,10765834825,4,836.5,1275,456,2891774,175655,5913,360,3470,1734,0.6668
2026-10-09,4187559009,4,833.2,1113,479,133051931,130502,2672579,4337,111152,15589,0.877
2026-10-09,7938992417,4,833.0,998,565,99519903,104250,247319,470,32338,15741,0.6726
2026-10-09,7143545906,4,832.5,973,665,89915120,128278,216547,421,262136,17285,0.9381
2026-10-09,7761516673,4,832.2,993,593,10679279,116118,31462,233,18284,4615,0.7985
2026-10-09,1003981402,4,829.8,1195,433,32677841,63714,243498,478,54866,4750,0.9203
2026-10-09,3408154779,4,828.0,1005,444,101817822,80215,178943,173,69830,11450,0.8591
2026-10-09,8223345519,4,827.8,982,674,42423554,116739,95477,228,28060,2747,0.9108
2026-10-09,8246907060,4,827.8,981,737,117666528,101411,294791,139,188563,18697,0.9098
2026-10-09,10571722689,4,826.8,1170,559,13326062,63624,62648,237,91592,6401,0.9347
2026-10-09,3623695803,4,825.0,1311,250,70582433,54748,66311,28,33142,3266,0.9103
2026-10-09,10326559245,4,821.8,1363,587,3033451,52410,9633,119,6580,282,0.9589
2026-10-09,6317476162,4,821.2,831,802,120149558,34778,145327,0,125202,7745,0.9417
2026-10-09,8794536584,4,820.5,1137,581,14641598,37599,89167,131,39446,4874,0.89
2026-10-09,6760897304,4,818.5,1009,623,49799188,74689,1194525,63,103439,6472,0.9411
2026-10-09,10766222230,4,818.5,1232,332,2512508,206244,10493,660,3473,672,0.8379
2026-10-09,3837114739,4,816.8,1102,350,43986637,64714,155944,400,43821,4271,0.9112
2026-10-09,10463578886,4,816.5,891,685,9039361,47430,23418,103,42310,933,0.9784
2026-10-09,6745933496,4,816.2,1326,376,42682134,52228,127948,110,34546,12889,0.7283
2026-10-09,10406853972,4,816.2,1183,641,25856242,82806,2155987,7461,7742,833,0.9029
2026-10-09,10544339689,4,814.5,1170,582,14537843,128928,1332204,9683,5184,756,0.8727
2026-10-09,10272236945,4,813.5,894,688,39811718,102648,58622,154,21099,2427,0.8968
2026-10-09,3717250353,4,812.8,1124,493,183206711,56613,564766,78,218439,32959,0.8689
2026-10-09,6153964325,4,811.5,1125,543,192518770,118074,538405,214,53075,18458,0.742
2026-10-09,7613970129,4,810.2,1051,487,66419785,66231,170812,218,70843,6165,0.9199
2026-10-09,10292947079,4,810.2,1067,490,20211655,131313,27075,167,7438,9030,0.4517
2026-10-09,8204806107,4,810.0,1018,472,55870256,77241,142113,248,36842,3315,0.9174
2026-10-09,4956911744,4,808.5,984,484,173541590,136117,23348995,16144,10820,5184,0.6761
2026-10-09,9255588637,4,806.8,1113,590,159172112,183645,11287520,7943,55485,19356,0.7414
2026-10-09,9889811676,4,806.2,968,599,31169026,86457,211219,344,69794,11082,0.863
2026-10-09,10270349664,4,806.0,1117,400,53445748,73284,4502194,7232,102716,4152,0.9611
2026-10-09,9550141430,4,805.8,931,675,21556083,105210,422654,162,12328,1388,0.8988
2026-10-09,7411615879,4,805.0,1137,438,40157878,64399,54321,79,22068,1608,0.9321
2026-10-09,9796643263,4,804.8,1032,610,26864285,75316,984124,2497,5584,1531,0.7848
2026-10-09,10506291803,4,804.2,987,587,9883162,76819,175875,757,50681,1368,0.9737
2026-10-09,5244979723,4,802.8,1404,416,24130699,102793,238761,280,15265,3396,0.818
2026-10-09,10537172776,4,802.8,1332,432,24509068,122546,59720,208,20633,2099,0.9077
2026-10-09,5620182793,4,802.2,1227,381,599666174,114204,2394142,1043,232618,52019,0.8172
2026-10-09,6385532960,4,801.5,3175,6,27247745,15168,100127,23,50084,3027,0.943
2026-10-09,1198533421,4,800.2,948,650,184656424,56809,734548,76,256650,28989,0.8985
2026-10-09,5927446137,4,798.0,1248,446,48112478,62797,623643,744,48877,11252,0.8129
2026-10-09,9994252654,4,797.8,1281,165,4825859,67448,11117,131,4771,1472,0.7642
2026-10-09,10256263771,4,797.0,1057,403,24841471,61055,45070,102,63328,827,0.9871
2026-10-09,10335443723,4,796.8,1093,456,23663461,117690,1238777,4055,16894,5053,0.7698
2026-10-09,8786713187,4,795.8,964,634,120849962,73380,296145,172,656387,12604,0.9812
2026-10-09,8313824597,4,795.5,995,585,26493624,53922,40151,145,26457,3595,0.8804
2026-10-09,169302362,4,794.8,913,676,218221258,67311,1858448,120,686826,30389,0.9576
2026-10-09,807930589,4,792.8,1108,433,343872036,66353,1631364,64,625836,89254,0.8752
2026-10-09,9875383684,4,792.5,1090,516,181542498,110218,206651,240,95480,10773,0.8986
2026-10-09,4601145322,4,790.5,1004,483,106856489,125417,8688108,7335,94662,14645,0.866
2026-10-09,10759485670,4,790.5,1259,165,9626873,232030,38652,841,4643,675,0.8731
2026-10-09,114967577,4,789.5,1109,489,59883463,51679,277231,85,92676,14872,0.8617
2026-10-09,10764883692,4,789.5,890,709,747362,68838,1739,93,1596,121,0.9295
2026-10-09,9872977974,4,788.0,1071,537,34743377,168664,324003,1665,7726,730,0.9137
2026-10-09,8214054500,4,787.8,1268,403,145737353,81724,431670,192,1089361,27713,0.9752
2026-10-09,6097519616,4,785.8,995,507,126867121,82655,534032,348,329453,32362,0.9106
2026-10-09,7968055762,4,785.8,983,586,9420329,77675,25123,176,10058,1020,0.9079
2026-10-09,3219620210,3,785.3,867,634,38845176,99294,81473,217,19561,4254,0.8214
2026-10-09,1180269832,4,785.0,1127,409,155382782,32783,883761,778,370816,30658,0.9236
2026-10-09,279565647,4,784.0,1073,474,1729391808,88811,8397799,525,764324,274097,0.736
2026-10-09,3560583071,2,783.5,1043,524,316167931,66511,257710,148,55088,16510,0.7694
2026-10-09,2327461601,4,782.2,949,520,382344506,93339,493702,221,114707,24770,0.8224
2026-10-09,10425789398,4,781.0,920,562,165406,33400,8221,978,3931,140,0.9656
2026-10-09,9399884981,4,779.5,941,461,205469447,175940,1063635,2064,67722,4462,0.9382
2026-10-09,1335695570,4,778.0,972,603,2161347052,68550,4716970,100,1622213,131119,0.9252
2026-10-09,9315739469,4,775.2,985,550,90164722,126673,98041,190,14568,4843,0.7505
2026-10-09,9953328866,4,774.2,1080,571,62189709,94865,71822,147,52478,3175,0.943
2026-10-09,9940725596,4,774.0,982,531,41290998,112414,57011,188,8809,1875,0.8245
2026-10-09,7128251171,4,772.8,1134,569,103165499,99423,236691,107,197961,17080,0.9206
2026-10-09,7447878628,4,772.8,1339,108,69067072,65657,152711,24,40624,4602,0.8982
2026-10-09,5830262966,4,772.0,1036,524,305637727,127942,1218803,289,247110,17342,0.9344
2026-10-09,8080863905,4,771.8,896,599,115506690,113312,107361,95,146079,20992,0.8744
2026-10-09,6268803418,4,770.8,1065,466,80532467,116532,169080,171,42266,27240,0.6081
2026-10-09,4948814458,4,770.2,1122,369,357231155,108910,23028018,3548,47628,15124,0.759
2026-10-09,6190248755,4,770.2,892,655,81738093,114579,67621,245,3993,2168,0.6481
2026-10-09,8705454731,4,769.8,1016,444,80042042,76850,526999,155,132418,12445,0.9141
2026-10-09,10267571771,4,769.0,1024,420,42516708,126654,659898,175,8758,1452,0.8578
2026-10-09,6170013953,4,768.0,936,390,155252855,122980,1449542,169,83284,37039,0.6922
2026-10-09,8836631593,4,768.0,986,404,43518903,123395,52324,250,17652,8530,0.6742
2026-10-09,4676287985,4,766.5,1027,552,78323385,50490,316778,94,121572,11193,0.9157
2026-10-09,2316994223,4,765.0,1066,591,8992617355,76722,5968808,-30,4220049,395253,0.9144
2026-10-09,7356195012,4,764.8,981,415,179702484,107543,4895183,2214,245778,42378,0.8529
2026-10-09,7884563721,4,764.2,1310,417,140644426,124654,878759,1105,239342,28603,0.8933
2026-10-09,9705384247,4,763.8,944,682,33557389,185930,119637,271,48808,8082,0.8579
2026-10-09,5012222382,4,763.0,902,505,1046713887,96250,1825736,173,695586,96610,0.878
2026-10-09,10011808151,4,762.8,979,455,111621059,67140,3667446,1399,218275,9852,0.9568
2026-10-09,4925010421,4,761.0,962,652,92981656,51976,906658,477,192736,16101,0.9229
2026-10-09,10067540823,4,760.8,999,388,10584827,124865,13101,199,3480,493,0.8759
2026-10-09,10767545737,4,758.2,1063,515,920036,64374,10001,513,9095,821,0.9172
2026-10-09,6530766336,4,757.5,1329,339,92798456,75478,46921,107,7359,2433,0.7515
2026-10-09,9649298941,4,753.0,906,521,751991565,126268,5564459,22,1234217,84610,0.9358
2026-10-09,7101140819,4,752.8,889,478,32845134,53713,118484,112,60434,9331,0.8663
2026-10-09,8450472355,4,752.0,991,548,134811200,135382,169058,201,135736,16823,0.8897
2026-10-09,6935083490,4,751.5,839,637,103500306,65519,316636,188,666042,20646,0.9699
2026-10-09,9859948536,4,750.8,1276,541,40896656,81940,815825,1422,32429,9409,0.7751
2026-10-09,10368005384,4,750.5,986,519,38915203,95797,192350,292,534306,6067,0.9888
2026-10-09,10372351735,4,747.2,974,354,41842109,62259,92834,123,167527,3270,0.9809
2026-10-09,9510573507,4,746.2,998,318,8013983,67082,332914,140,3047,1159,0.7244
2026-10-09,147332621,4,746.0,880,618,208783931,89310,555123,68,195170,47772,0.8034
2026-10-09,8375166760,4,746.0,897,442,56764100,85999,67231,130,17412,5121,0.7727
2026-10-09,2827951974,4,743.5,868,628,816814005,89050,692521,155,118812,28662,0.8056
2026-10-09,4518152312,4,743.5,950,463,317973177,145237,14834083,7363,12516,11100,0.53
2026-10-09,6100103590,4,742.2,962,580,4139675,115094,51349,840,10121,1155,0.8976
2026-10-09,5200655965,4,740.2,914,536,329313818,78774,444148,48,241403,71240,0.7721
2026-10-09,4079077350,4,739.8,940,553,7712638,34786,71158,75,19265,2366,0.8906
2026-10-09,4142544848,4,739.0,994,594,31061586,73787,25737,79,18441,3360,0.8459
2026-10-09,8095834523,4,738.2,981,503,24030914,64039,61494,143,24218,3567,0.8716
2026-10-09,6676099788,4,735.5,870,492,67874056,84783,87392,96,47543,4902,0.9065
2026-10-09,10246872585,4,735.5,1042,397,12945131,116558,12226,71,5776,1215,0.8262
2026-10-09,7378605382,4,734.8,1029,407,74919596,74943,82517,101,34733,16417,0.679
2026-10-09,7243236309,4,734.0,917,525,69351624,108947,598135,554,51975,18754,0.7348
2026-10-09,7983308985,4,732.0,941,488,137118412,87419,238101,147,491698,20172,0.9606
2026-10-09,1024564064,4,732.0,1219,312,461522451,61355,843212,59,239295,37834,0.8635
2026-10-09,5625220213,4,731.8,1336,228,76678539,106152,43770,125,27176,18719,0.5921
2026-10-09,10329213173,4,725.8,1117,422,31672847,70366,41510,95,38306,2250,0.9445
2026-10-09,4139766490,4,723.2,941,393,423224758,174560,503097,243,270804,561413,0.3254
2026-10-09,1952819680,4,722.5,1092,454,77873094,121723,1957120,158,16660,7988,0.6759
2026-10-09,5056259915,4,722.5,899,480,60015038,95178,229503,178,74413,6733,0.917
2026-10-09,2152417643,4,718.2,998,517,93150821,126588,179907,271,58415,27129,0.6829
2026-10-09,5195168716,4,718.0,1075,483,103677366,69313,668242,339,149643,41337,0.7836
2026-10-09,10383037602,4,718.0,1039,271,27053781,88122,1692145,4101,8149,1069,0.884
2026-10-09,1719305066,4,717.8,993,413,154925758,123730,377680,221,134005,13838,0.9064
2026-10-09,4408288935,4,715.8,1045,368,55822894,51645,284438,120,76227,6917,0.9168
2026-10-09,905198065,4,715.0,1044,367,500437902,112194,808911,127,340687,86399,0.7977
2026-10-09,8570876289,4,714.8,1068,230,61961233,42812,23499,25,21617,5109,0.8088
2026-10-09,10764967952,4,713.2,1074,318,2662833,58246,26253,442,5314,768,0.8737
2026-10-09,10081194651,4,712.2,952,522,50966506,60496,193997,250,510810,5182,0.99
2026-10-09,5599532653,4,708.2,890,480,98449330,89227,105808,129,48498,9067,0.8425
2026-10-09,8104504677,4,708.2,884,460,63099428,94944,281921,269,199896,13070,0.9386
2026-10-09,10514280922,4,708.0,823,604,16883117,59425,32515,91,17622,1285,0.932
2026-10-09,10638048650,4,707.2,899,399,4248513,100670,36710,782,918,270,0.7727
2026-10-09,10313654312,4,706.0,1294,52,2339961,109952,6371,207,1313,356,0.7867
2026-10-09,6421821251,4,705.2,1048,361,109415192,111938,5323558,4504,281248,8024,0.9723
2026-10-09,3835375262,4,705.0,1007,410,250341263,135890,237439,179,36146,5823,0.8613
2026-10-09,1769712451,4,704.8,879,517,781453517,46955,1764024,42,742016,81173,0.9014
2026-10-09,7429689898,4,703.5,1176,480,513545033,235977,820402,278,1433908,79629,0.9474
2026-10-09,10236805062,4,703.2,1036,351,971887,70869,36181,3105,6337,733,0.8963
2026-10-09,10577377368,4,702.8,932,383,3969602,71514,7239,109,2831,758,0.7888
2026-10-09,2605831977,4,702.2,920,355,492590005,82784,4393014,3867,264227,38128,0.8739
2026-10-09,6389489439,4,700.8,823,523,163265231,133893,20230232,18267,7510,2377,0.7596
2026-10-09,3365661357,4,698.8,914,488,499273849,95261,735176,186,405080,53612,0.8831
2026-10-09,8881105040,4,698.2,906,582,55133021,57439,106543,142,168104,3025,0.9823
2026-10-09,10138977250,4,696.8,903,501,83408767,78299,1753257,1246,26614,4189,0.864
2026-10-09,10565445771,4,696.2,982,361,34247096,113553,107947,434,48831,30766,0.6135
2026-10-09,380704901,4,695.0,801,572,1049073610,66978,2103984,68,840893,88294,0.905
2026-10-09,5683563195,4,692.8,796,479,169952551,104462,252688,203,168310,13362,0.9264
2026-10-09,10205419329,4,692.8,889,381,10449234,53771,25446,112,5711,2531,0.6929
2026-10-09,9952351777,4,692.2,829,565,32165163,68222,516554,1474,37111,4051,0.9016
2026-10-09,10430413968,4,692.2,803,442,30631699,116323,600212,1687,30206,5400,0.8483
2026-10-09,10113997049,4,692.0,753,641,22400865,105729,235431,533,45275,6405,0.8761
2026-10-09,9868545229,4,691.2,818,479,8096809,76518,36219,242,8806,1017,0.8965
2026-10-09,9546331833,4,690.2,1520,126,65331300,71307,57525,51,45113,3660,0.925
2026-10-09,10191144118,4,690.0,898,425,76971596,168414,328772,1902,29621,14080,0.6778
2026-10-09,6155282395,4,689.8,946,370,92131762,78548,2850323,109,37664,12537,0.7503
2026-10-09,10384890234,4,689.8,835,629,18682042,115687,33475,226,7222,1298,0.8477
2026-10-09,7798947148,4,684.5,732,606,154595935,84139,317622,59,807145,12029,0.9853
2026-10-09,2544016903,4,683.0,959,336,30591946,97847,57323,215,10642,1243,0.8954
2026-10-09,10141042381,4,682.8,794,529,4861564,61558,31757,182,40230,1203,0.971
2026-10-09,3761186887,4,682.8,933,466,437476539,59252,2335875,190,589651,51660,0.9194
2026-10-09,7569509385,4,681.0,910,445,96102315,103144,544102,238,110153,15806,0.8745
2026-10-09,10755094976,4,680.8,884,329,22998426,158756,77547,312,8181,1445,0.8499
2026-10-09,6759889410,4,680.2,878,442,68826387,81338,81224,184,43703,3935,0.9174
2026-10-09,32211175,4,678.2,873,485,95375002,81931,6557537,5908,27958,8821,0.7602
2026-10-09,10122742965,4,677.5,879,460,17754961,84350,23454,135,6370,2383,0.7278
2026-10-09,9564659718,4,676.8,816,508,126378301,110441,180734,172,191653,19311,0.9085
2026-10-09,8807109250,4,675.8,901,418,56197603,54502,1574789,330,150769,14826,0.9105
2026-10-09,8846911260,4,675.5,830,516,76172171,98967,212622,268,65627,3495,0.9494
2026-10-09,10420582875,4,675.0,863,432,23285684,73750,1335493,4346,57265,3630,0.9404
2026-10-09,7229780065,4,674.2,883,460,153550346,116640,785479,152,116225,21878,0.8416
2026-10-09,9338511689,4,673.8,1008,182,36933579,129507,10757,59,11721,1998,0.8544
2026-10-09,9312746495,4,673.5,778,469,19704204,82488,120957,307,16897,1796,0.9039
2026-10-09,10763860058,4,673.2,902,320,4120846,72753,130093,1762,1445,525,0.7335
2026-10-09,7735580090,4,671.2,1131,361,171797726,127025,12332178,6901,19156,10901,0.6373
2026-10-09,7662333120,4,670.5,1083,308,160131055,63436,6013256,3357,220076,4869,0.9784
2026-10-09,9221949930,4,670.0,908,341,11385488,84050,274707,1165,9487,1710,0.8473
2026-10-09,7721537973,4,670.0,840,396,99627941,115650,87749,410,11843,3558,0.769
2026-10-09,2520686564,4,669.8,822,289,88731006,51180,139911,79,33665,5148,0.8674
2026-10-09,1795206523,4,669.2,794,449,963456821,136652,933881,3,264929,83621,0.7601
2026-10-09,9874419878,4,669.2,938,504,208273840,136276,489181,347,120781,18715,0.8658
2026-10-09,7483856345,4,667.5,895,346,106650770,118237,5442624,4864,43849,17789,0.7114
2026-10-09,7780208150,4,667.5,884,334,54337391,77330,108566,162,39787,55967,0.4155
2026-10-09,9065022692,4,666.5,1209,155,11987141,75711,438322,1915,5142,944,0.8449
2026-10-09,4362771421,4,666.0,825,530,402473147,129896,501461,212,173628,30936,0.8488
2026-10-09,873703865,4,664.5,904,362,453571785,59784,1476314,93,527178,80593,0.8674
2026-10-09,10537346933,4,664.2,751,587,2477522,69194,58184,1064,18638,1272,0.9361
2026-10-09,3262314006,3,664.0,706,614,549070825,23846,854707,-16,556045,38182,0.9357
2026-10-09,9639553972,4,664.0,857,459,44117801,54518,220971,209,142496,12312,0.9205
2026-10-09,9753814298,4,663.8,866,562,398360662,107442,338710,188,173834,37561,0.8223
2026-10-09,1374118848,4,663.2,877,423,70584591,28359,380493,32,155913,21449,0.8791
2026-10-09,4659996100,4,663.2,950,542,99366343,90239,59834,160,11188,8105,0.5799
2026-10-09,4107809076,4,661.0,859,374,311903670,116535,119872,215,16657,11864,0.584
2026-10-09,3620011279,4,660.2,802,413,216658451,50067,724563,114,423211,37688,0.9182
2026-10-09,10364552556,4,660.0,685,635,6072658,28085,176478,92,26903,1159,0.9587
2026-10-09,7091388561,4,659.8,968,311,133927989,118592,120066,357,167270,14286,0.9213
2026-10-09,228573408,4,659.0,829,394,2485060571,72780,15003196,-78,748506,169242,0.8156
2026-10-09,10189601764,4,658.2,861,547,38052044,68454,42667,97,24071,1146,0.9546
2026-10-09,3882062045,4,657.8,1065,309,187449350,66911,267857,116,104888,8971,0.9212
2026-10-09,7081611770,4,657.5,852,360,239796764,251288,5218419,85,24510,7490,0.7659
2026-10-09,9328305853,4,657.0,893,365,36217310,54253,817285,748,76783,4248,0.9476
2026-10-09,7120911607,4,655.8,877,429,81814275,76019,528665,201,110463,6385,0.9454
2026-10-09,10399524075,4,655.5,784,458,6220948,45779,34359,155,41741,1246,0.971
2026-10-09,10272020404,4,655.2,747,590,34832914,104236,59224,243,18931,4150,0.8202
2026-10-09,10284380969,4,654.5,968,468,12533247,69297,478624,2381,6230,817,0.8841
2026-10-09,7541395924,4,654.2,853,464,189958433,49685,3572538,563,377878,16803,0.9574
2026-10-09,10508386614,4,654.2,1317,346,464747,68994,10403,1935,14030,623,0.9575
2026-10-09,10766494202,4,652.8,952,314,3854520,69357,21112,271,5841,2237,0.7231
2026-10-09,8446266018,4,652.2,1085,262,81994455,81220,68265,102,67215,15527,0.8123
2026-10-09,10107805924,4,652.2,885,403,17929277,81064,388594,1521,21992,743,0.9673
2026-10-09,5170731021,4,651.5,773,400,231803186,73408,471726,133,712351,25525,0.9654
2026-10-09,7651243549,4,650.8,941,403,139914727,84122,9349957,7844,55459,4210,0.9294
2026-10-09,5812546130,4,650.2,767,417,26342980,87697,66520,209,22686,5804,0.7963
2026-10-09,7339682753,4,650.0,1074,145,78897209,128814,5906046,8996,20375,3209,0.8639
2026-10-09,1718755273,4,647.0,856,375,86636114,38830,322468,103,136642,45293,0.751
2026-10-09,10181310479,4,647.0,776,398,17495665,94460,20908,105,7970,1255,0.864
2026-10-09,9938429322,4,646.8,698,550,14565237,47698,39262,132,58176,1929,0.9679
2026-10-09,10642022844,4,646.5,895,442,7141609,80044,69037,294,2847,776,0.7858
2026-10-09,9517627739,4,646.5,1029,209,33461056,88512,98134,51,73342,8271,0.8987
2026-10-09,9273584416,4,645.8,1001,293,15062310,95970,616594,5037,14592,6904,0.6788
2026-10-09,10355262898,4,645.2,828,309,5444360,75780,160403,1426,2950,1488,0.6647
2026-10-09,6920090082,4,644.2,978,383,29571016,43896,711164,521,337930,17505,0.9508
2026-10-09,10384841418,4,643.8,862,416,88430731,74452,2377640,1546,71854,6334,0.919
2026-10-09,3983828495,4,643.5,743,497,220358326,51162,163549,35,100846,24555,0.8042
2026-10-09,1359546589,4,643.2,763,453,774188587,64618,1235607,130,580594,88259,0.868
2026-10-09,4150150482,4,642.8,761,527,14375326,97478,13828,46,7410,1950,0.7917
2026-10-09,10500388554,4,642.5,1439,272,17918686,72728,46167,175,7353,1251,0.8546
2026-10-09,10526166728,4,641.2,820,519,10648507,50674,23360,79,18464,1361,0.9313
2026-10-09,1147304238,4,641.0,769,432,613001724,36239,1275706,22,469567,45991,0.9108
2026-10-09,6961334611,4,639.0,815,503,97231952,63662,305951,243,160793,4545,0.9725
2026-10-09,9860746424,4,638.8,960,355,33493002,82566,53184,73,23841,4196,0.8503
2026-10-09,7661378108,4,637.8,885,304,6733354,110261,14724,236,2673,848,0.7592
2026-10-09,10727829780,4,636.2,694,551,8845173,72912,61132,244,22675,2521,0.8999
2026-10-09,2544520106,4,635.2,862,468,289559348,59878,540753,73,335259,35340,0.9046
2026-10-09,1640395061,4,635.0,953,443,17024161,66029,16372,164,2677,1026,0.7229
2026-10-09,3887521769,4,634.5,788,397,149463515,94540,8656357,228,10623,6811,0.6093
2026-10-09,5668874170,4,633.8,772,432,26686128,65094,42870,97,17512,8144,0.6826
2026-10-09,9930466428,4,633.2,739,397,40746893,85599,170028,629,36450,5455,0.8698
2026-10-09,10418381226,4,631.8,771,435,11882896,67154,61331,168,68906,1797,0.9746
2026-10-09,10730414817,4,631.0,674,572,345899,32807,4844,385,1208,30,0.9758
2026-10-09,10242984742,4,629.8,766,455,10264423,96180,26554,240,2026,884,0.6962
2026-10-09,8759966530,4,629.2,1043,320,129146353,87871,417210,203,85323,9285,0.9019
2026-10-09,7658304545,4,629.2,761,473,71652038,42192,361136,83,340676,9594,0.9726
2026-10-09,7891669427,4,628.8,875,344,43366966,73940,950498,1271,7964,2040,0.7961
2026-10-09,8294794009,4,628.8,901,360,75556765,76190,115489,137,23795,5583,0.81
2026-10-09,4666164093,4,628.5,901,359,61902986,98992,42767,204,8393,2453,0.7738
2026-10-09,7497802350,4,628.2,1107,304,101884420,78925,150118,210,136703,12417,0.9167
2026-10-09,7428819247,4,627.8,869,344,38237543,61509,255675,84,54589,4513,0.9236
2026-10-09,10198825880,4,627.8,815,428,13371217,61628,102487,265,61552,1550,0.9754
2026-10-09,1673554668,4,627.0,1083,153,110298397,78245,225121,222,54676,12182,0.8178
2026-10-09,8488806742,4,623.8,909,378,46105329,47188,88413,52,41234,7787,0.8411
2026-10-09,5576890130,4,623.5,945,333,172287056,141265,7475466,1888,22114,10364,0.6809
2026-10-09,5835368537,4,623.2,714,423,159126703,84565,140768,167,112098,16405,0.8723
2026-10-09,6983536246,4,622.8,781,447,60512783,108883,207328,415,56577,4705,0.9232
2026-10-09,10225381467,4,622.5,852,494,11414948,126719,27545,263,7568,956,0.8878
2026-10-09,10626746750,4,622.2,879,369,1329495,38595,23571,539,5357,1513,0.7798
2026-10-09,9293574407,4,622.0,918,304,59527804,91925,4214936,4493,45760,3436,0.9302
2026-10-09,7383133134,4,621.8,783,453,117698528,119616,885502,1145,34999,4991,0.8752
2026-10-09,9112256336,4,621.5,906,322,9851061,54705,20791,128,8643,1628,0.8415
2026-10-09,10187487133,4,621.0,833,317,34871753,65563,66281,143,24969,4880,0.8365
2026-10-09,10364947962,4,621.0,848,243,14860653,67435,22403,119,10218,1076,0.9047
2026-10-09,10343795685,4,620.2,875,463,22749627,93339,52505,222,9420,2300,0.8038
2026-10-09,8438027136,4,618.2,1051,107,24385499,86015,22523,72,6369,2748,0.6986
2026-10-09,4161745937,4,618.0,1128,167,90823266,84584,297999,432,90183,20945,0.8115
2026-10-09,10765708310,4,617.8,820,433,1223886,37019,18539,289,9417,703,0.9305
2026-10-09,8799094487,4,616.2,858,296,34098800,111494,76115,230,22322,2918,0.8844
2026-10-09,10074335448,4,615.0,823,446,1251049,42128,25492,330,7261,1128,0.8655
2026-10-09,7139435866,4,613.5,834,497,44258577,108539,2806531,137,4432,1851,0.7054
2026-10-09,1892760830,4,611.8,739,344,609707603,108977,1084852,254,160774,46009,0.7775
2026-10-09,3149100453,3,610.3,874,440,245860024,93081,1338731,1186,184979,54578,0.7722
2026-10-09,10329995185,4,610.0,682,436,30806658,76848,445957,815,172393,4684,0.9735
2026-10-09,10765855425,4,609.8,697,433,1866179,110578,7730,498,1298,444,0.7451
2026-10-09,10683945170,4,609.5,718,456,22179997,81132,1143252,2361,16464,3129,0.8403
2026-10-09,5351931175,4,609.2,813,364,26243634,70829,339647,528,90992,5079,0.9471
2026-10-09,8600977079,4,608.0,671,514,90871131,120768,89503,142,18132,5373,0.7714
2026-10-09,5845755850,4,607.8,695,492,126140768,52306,3408556,1149,43159,10129,0.8099
2026-10-09,9499439936,4,607.0,713,420,101181359,76461,90093,120,14190,4482,0.76
2026-10-09,10764385875,4,606.2,828,266,3341086,100750,8899,254,1514,1586,0.4884
2026-10-09,5455619189,4,604.0,715,446,73793581,50587,190983,113,94327,18427,0.8366
2026-10-09,10536000210,4,603.5,749,347,16254565,132981,33683,220,14443,902,0.9412
2026-10-09,7706951053,4,603.2,697,479,74543681,57541,754700,891,51689,14517,0.7807
2026-10-09,2195939586,4,601.8,773,344,245294799,88218,751022,233,200378,49732,0.8012
2026-10-09,5550530788,4,601.8,772,391,539080741,350099,190677,290,68560,21747,0.7592
2026-10-09,9994252977,4,601.2,743,402,36071127,71509,218486,391,83896,7610,0.9168
2026-10-09,5270259419,4,600.8,699,364,123757310,62533,119561,83,57063,35475,0.6166
2026-10-09,9968527241,4,600.8,899,383,37790142,115109,1133689,2990,9054,2515,0.7826
2026-10-09,6710993025,4,600.0,777,421,60833004,75264,1607750,2896,7405,2081,0.7806
2026-10-09,4576226059,4,598.8,712,460,270352245,78284,235234,175,41764,7422,0.8491
2026-10-09,7290225649,4,598.5,703,484,75279914,59120,7740930,5496,4613,1707,0.7299
2026-10-09,485929611,4,598.0,824,275,648554222,58701,1439623,176,351500,43852,0.8891
2026-10-09,4147392742,4,598.0,735,482,518367116,47878,8837242,1036,812403,43297,0.9494
2026-10-09,7939389895,4,595.8,692,459,84371880,65034,1928118,1482,62816,4361,0.9351
2026-10-09,1659645941,4,594.8,625,551,2358664617,55590,3408426,-1,1242271,140799,0.8982
2026-10-09,7546582051,4,594.5,688,452,285891785,99508,498129,155,270144,10313,0.9632
2026-10-09,8430503828,4,593.5,1021,160,132296571,101055,780376,1226,34641,7296,0.826
2026-10-09,1709832923,4,593.0,670,455,1254885345,52821,3580054,126,1051856,53747,0.9514
2026-10-09,10052184484,4,593.0,899,412,47323526,61405,2912465,4391,24372,2061,0.922
2026-10-09,4586990985,4,592.8,683,465,18119790,87453,66987,169,26668,2852,0.9034
2026-10-09,9058303084,4,591.2,821,261,97671645,94942,64166,135,21746,10558,0.6732
2026-10-09,10461810987,4,588.8,764,335,36156224,127314,65737,320,12709,2241,0.8501
2026-10-09,6215986499,4,588.2,622,557,11031531,24637,764373,1067,273251,4481,0.9839
2026-10-09,9298096434,4,587.8,818,379,13794602,49268,158717,617,55286,5423,0.9107
2026-10-09,5698013839,4,585.2,743,451,72730127,55175,285994,294,154359,10365,0.9371
2026-10-09,10205485380,4,584.8,810,280,39229129,108451,52361,149,42559,5982,0.8768
2026-10-09,9330730057,4,582.8,659,491,299651335,111192,276903,172,220021,11591,0.95
2026-10-09,4785126950,4,581.8,819,336,33715067,34216,238982,124,68191,13571,0.834
2026-10-09,770538576,4,581.2,777,484,548607622,63050,1237574,101,376887,45515,0.8922
2026-10-09,7778848023,4,580.2,796,332,69226624,74952,5083725,6516,15970,1481,0.9151
2026-10-09,9442472087,4,579.0,749,374,11365399,42326,282516,342,30799,2438,0.9266
2026-10-09,1187091887,4,578.0,831,445,237539073,116088,506236,132,172299,50658,0.7728
2026-10-09,9050667716,4,576.5,734,345,62644583,79784,87963,122,43734,10913,0.8003
2026-10-09,7534782259,4,576.0,820,412,113173367,100979,54040,58,39454,10751,0.7859
2026-10-09,7037902226,4,575.8,781,387,20981424,32099,122869,157,49235,5959,0.892
2026-10-09,9882296644,4,574.5,816,205,12927381,59516,693862,3128,3207,1030,0.7569
2026-10-09,10183029417,4,573.2,738,404,21080318,68196,1299787,4088,7573,891,0.8947
2026-10-09,1527252839,4,572.8,794,254,605347974,80515,2881639,1955,82835,23608,0.7782
2026-10-09,9580564449,4,572.5,1015,211,10496562,90127,119591,945,2257,409,0.8466
2026-10-09,5620725145,4,572.2,796,348,68074930,95108,87273,159,23695,10181,0.6995
2026-10-09,3551414857,2,572.0,746,398,639136119,40573,1334859,73,547973,68958,0.8882
2026-10-09,7289427971,4,570.8,768,374,200496676,87022,1517170,124,80172,32936,0.7088
2026-10-09,9067401541,4,570.2,702,395,25123559,58469,126907,373,187914,4633,0.9759
2026-10-09,10160578219,4,570.2,727,369,7838903,63377,28430,185,8540,5302,0.617
2026-10-09,9934614409,4,569.8,849,408,89866157,74819,146344,135,112492,7069,0.9409
2026-10-09,10723087263,4,569.5,783,403,2938943,84157,9406,197,2661,463,0.8518
2026-10-09,7943133183,4,569.2,636,454,33702079,54384,1129335,1638,75974,1784,0.9771
2026-10-09,1315966725,4,568.2,710,386,763900147,132580,17722562,8500,156624,125723,0.5547
2026-10-09,4429851038,4,567.8,860,333,357810972,102761,11627985,6471,122335,11890,0.9114
2026-10-09,6083162964,4,567.5,690,302,53309345,103030,123104,159,46836,4936,0.9047
2026-10-09,10192659240,4,566.0,714,460,23426965,79515,34299,110,10802,1202,0.8999
2026-10-09,8353962342,4,564.5,618,491,226717108,48728,8349512,623,190768,10903,0.9459
2026-10-09,9958694666,4,564.2,799,458,50223789,68222,455516,668,54738,1686,0.9701
2026-10-09,8072075666,4,563.0,800,455,2638215,42744,36879,488,10187,3066,0.7687
2026-10-09,6646518350,4,562.8,742,339,263482610,89844,355110,62,33704,5846,0.8522
2026-10-09,3741075732,4,562.5,670,367,54495407,44974,446085,123,105533,16244,0.8666
2026-10-09,7707504980,4,562.2,675,333,35521840,56438,1512532,1885,59019,3042,0.951
2026-10-09,5114328099,4,561.8,805,244,128002514,79392,100257,143,61974,6448,0.9058
2026-10-09,1743990973,4,561.2,744,450,264040480,124373,157359,215,76379,27093,0.7382
2026-10-09,5295169598,4,560.5,704,353,256062845,78275,2268088,835,489533,12446,0.9752
2026-10-09,8017401632,4,559.8,780,345,65458193,87352,156420,186,53663,3633,0.9366
2026-10-09,9620363363,4,559.5,969,29,66124215,94382,55962,124,14685,2281,0.8656
2026-10-09,3170483284,3,558.3,1089,238,72520079,58356,212043,99,55429,15667,0.7796
2026-10-09,10270331873,4,557.8,700,239,9710832,54719,40148,174,46465,3827,0.9239
2026-10-09,3218272328,3,556.7,616,527,86226874,78013,268846,608,35297,7656,0.8218
2026-10-09,8751492147,4,556.2,648,369,117605930,85814,115596,183,32316,9112,0.7801
2026-10-09,10276281921,4,556.0,667,318,81473709,91819,209326,137,31525,10285,0.754
2026-10-09,4075802159,4,555.8,825,357,261901915,115503,90365,150,7320,2964,0.7118
2026-10-09,3177453609,3,555.0,677,432,216952536,62440,512915,33,110730,11915,0.9028
2026-10-09,9784759642,4,554.8,756,438,49724705,78840,54000,130,14877,2721,0.8454
2026-10-09,3706757136,4,554.5,865,307,39146640,37339,116599,80,49187,7082,0.8741
2026-10-09,8997725599,4,554.0,698,372,9435386,56373,42573,260,58125,5651,0.9114
2026-10-09,3634139746,4,552.8,692,397,164571435,48187,98560,3,50640,20026,0.7166
2026-10-09,8123308765,4,552.5,744,369,28114501,43190,27117,76,6141,1872,0.7664
2026-10-09,2250844717,4,552.0,680,340,2641283,60057,175721,450,1591,1241,0.5618
2026-10-09,2082205150,4,551.8,685,307,186140251,90883,559097,112,191865,11928,0.9415
2026-10-09,1871908106,4,551.5,702,392,394093864,50569,1090810,55,281227,49341,0.8507
2026-10-09,7266261686,4,551.5,947,313,24000303,50970,50081,85,13505,4750,0.7398
2026-10-09,2564505263,4,551.2,734,374,1656222385,55853,2749950,213,778613,60702,0.9277
2026-10-09,4753878751,4,551.2,853,381,542614270,70016,4556861,1388,315814,23198,0.9316
2026-10-09,7373989866,4,551.0,802,291,187680101,95337,142213,140,102430,4231,0.9603
2026-10-09,3502524667,2,549.0,757,341,767710019,62179,3697295,80,80313,47854,0.6266
2026-10-09,78084559,4,548.2,754,318,40895590,75947,102806,103,35882,8241,0.8132
2026-10-09,10419655626,4,547.8,850,213,7125000,50938,151481,691,3759,457,0.8916
2026-10-09,6163740913,4,547.5,751,462,260290572,97522,5536544,1667,268548,48093,0.8481
2026-10-09,3347455347,4,546.8,755,283,67982411,49691,317284,154,122590,19648,0.8619
2026-10-09,9707841805,4,546.8,648,444,9629564,42272,180465,1039,71828,2893,0.9613
2026-10-09,1073273083,4,546.5,685,317,662885019,59788,1724587,125,511932,111554,0.8211
2026-10-09,5148099079,4,546.2,744,363,627858775,84922,2126609,33,363796,143504,0.7171
2026-10-09,10604542637,4,546.2,759,365,5991432,71725,18720,227,27175,3618,0.8825
2026-10-09,6738135827,4,546.0,674,413,69773569,51634,379459,18,70866,21778,0.7649
2026-10-09,7082244450,4,545.5,619,385,47343198,113549,187714,388,39640,5484,0.8785
2026-10-09,10124403207,4,544.8,1026,191,1178619,69456,4669,271,1366,326,0.8073
2026-10-09,9903685259,4,544.5,892,236,26940740,70249,1896046,4146,40851,5648,0.8785
2026-10-09,2281570018,4,543.8,704,337,134601321,74108,116921,6,60016,14012,0.8107
2026-10-09,7794218964,4,543.5,748,396,36106932,46974,264495,243,76583,3238,0.9594
2026-10-09,6011188518,4,543.2,663,315,47158371,55767,231550,163,136902,9016,0.9382
2026-10-09,7907828295,4,543.0,709,267,436341142,90282,294589,156,683977,27079,0.9619
2026-10-09,2492481398,4,542.2,627,458,414627832,38314,1297653,58,601044,47910,0.9262
2026-10-09,7037673488,4,542.2,608,465,5129565,22626,5692,-147,5344,1002,0.8421
2026-10-09,10091482757,4,542.2,750,251,7372438,58376,25388,186,27261,633,0.9773
2026-10-09,9209811415,4,541.8,973,268,52570651,68875,125639,194,19133,1859,0.9114
2026-10-09,484789923,4,540.8,731,242,667659659,61573,2130082,252,614266,98004,0.8624
2026-10-09,10630620554,4,540.5,645,463,7515394,92227,73745,741,42293,4317,0.9074
2026-10-09,5680780931,2,540.5,610,471,13262231,35703,121147,567,17731,4855,0.785
2026-10-09,9898409899,4,539.5,821,342,40506712,38802,236963,171,68428,15759,0.8128
2026-10-09,7561154969,4,537.8,661,397,60667517,41066,118974,100,37025,10157,0.7847
2026-10-09,8203127178,4,537.5,661,316,18192242,63874,42094,152,30783,4127,0.8818
2026-10-09,7350402084,4,536.2,671,291,14714384,36089,23709,30,8648,1371,0.8632
2026-10-09,10435170241,4,536.2,824,299,10060370,54986,33463,117,12828,1784,0.8779
2026-10-09,3060525991,4,535.2,579,476,70845309,74182,84262,175,23731,11196,0.6794
2026-10-09,1775919872,4,533.5,580,459,135933390,27787,522468,72,228058,18997,0.9231
2026-10-09,8744978097,4,532.2,995,90,19026789,74034,51353,134,70337,4107,0.9448
2026-10-09,3198546127,3,531.3,779,287,82087632,57065,148051,217,27926,3384,0.8919
2026-10-09,6845400164,4,531.2,628,438,70333454,121199,585397,110,35758,9169,0.7959
2026-10-09,10008606756,4,531.0,679,393,22405888,52958,80137,153,130013,7272,0.947
2026-10-09,6612614547,4,528.5,806,243,31635894,100126,350760,1857,61618,4618,0.9303
2026-10-09,2139712082,4,528.2,569,455,78109048,18190,198491,12,85736,21548,0.7991
2026-10-09,10737127681,4,527.5,826,248,8550860,70461,49626,334,26847,2794,0.9057
2026-10-09,6238541028,4,527.0,615,312,109376050,79240,95991,142,29877,18124,0.6224
2026-10-09,10765035506,4,526.2,683,233,4878791,117596,351151,7514,2516,673,0.789
2026-10-09,10179193118,4,526.0,650,415,45126473,113125,4867159,10303,2854,1695,0.6274
2026-10-09,10351246089,4,525.8,752,282,4590763,35247,85370,271,8935,2606,0.7742
2026-10-09,6725604380,4,525.5,721,302,5072585,64365,20128,293,7026,6519,0.5187
2026-10-09,9975893742,4,525.5,778,348,32297300,58080,3177604,7905,46130,3630,0.927
2026-10-09,10448889633,4,525.2,717,255,8166697,52093,25845,145,42338,1037,0.9761
2026-10-09,568307879,4,523.8,625,315,529082466,75954,556456,145,99241,110045,0.4742
2026-10-09,7800961209,4,523.2,743,326,76463748,53503,129228,65,23264,2776,0.8934
2026-10-09,9866884975,4,522.8,699,343,55236234,54711,3975024,4963,191421,7609,0.9618
2026-10-09,4507116437,4,522.2,664,271,30510877,88175,52467,270,7255,1455,0.833
2026-10-09,2171758161,4,522.0,731,310,243125209,104118,97397,252,15952,11972,0.5713
2026-10-09,9759989445,4,521.8,754,292,26708295,88192,69612,178,27457,3499,0.887
2026-10-09,9316885643,4,521.5,969,95,226381987,93615,6724673,3006,32134,4511,0.8769
2026-10-09,9852933243,4,521.2,643,443,10396780,60785,64468,179,14378,2195,0.8676
2026-10-09,10203815049,4,521.2,666,450,20093293,49719,29438,80,18414,3083,0.8566
2026-10-09,8366716517,4,521.0,736,297,78161710,101054,999822,797,178385,19090,0.9033
2026-10-09,10514488908,4,519.5,666,266,21077091,73285,51605,159,6519,6462,0.5022
2026-10-09,5031482529,4,517.8,641,374,524096973,76260,32121308,2467,18821,14883,0.5584
2026-10-09,9503696692,4,517.8,624,354,87294291,87804,80823,135,35931,16602,0.684
2026-10-09,5329077236,4,516.8,661,440,739292089,62128,1771921,-81,499774,37391,0.9304
2026-10-09,4071487712,4,516.5,679,329,31375941,39279,127916,125,37380,3623,0.9116
2026-10-09,10040497010,4,516.2,764,221,52836859,65976,92106,102,77769,7393,0.9132
2026-10-09,9800909176,4,516.0,791,165,28603312,46791,40242,71,16361,1007,0.942
2026-10-09,2200020629,4,514.0,625,345,102935030,60831,211038,165,74335,23856,0.757
2026-10-09,6628327758,4,513.0,622,399,30451538,43806,41015,44,30572,2872,0.9141
2026-10-09,2528641125,4,512.5,656,254,121475503,53041,267093,133,87801,12497,0.8754
2026-10-09,7232697205,4,512.5,639,340,96354848,81837,129866,171,39948,12317,0.7643
2026-10-09,2401478287,4,512.2,714,286,107889560,38350,413269,110,193437,28069,0.8733
2026-10-09,9903325235,4,511.2,597,404,77372148,104813,96871,275,38822,6491,0.8568
2026-10-09,2065706268,4,511.0,664,288,163867050,157773,418362,383,74384,17941,0.8057
2026-10-09,10514321384,4,511.0,618,383,1481102,85973,5843,262,862,251,0.7745
2026-10-09,2149444938,4,509.8,559,375,98785959,59223,437823,159,72744,14364,0.8351
2026-10-09,6714256816,4,508.0,631,297,64701303,62960,140103,268,125912,7102,0.9466
2026-10-09,2137105308,4,505.2,620,369,55220296,60466,171729,157,39406,13342,0.7471
2026-10-09,9229146348,4,505.0,633,381,10554483,32234,39594,63,17086,4218,0.802
2026-10-09,10599927450,4,505.0,616,366,5933347,104740,585347,7458,7437,934,0.8884
2026-10-09,10535292470,4,504.5,636,445,11711804,52758,24753,91,11813,553,0.9553
2026-10-09,2548183080,4,503.0,576,371,79405097,21463,291559,72,150093,13018,0.9202
2026-10-09,533435040,4,502.8,621,358,869085112,51043,2279206,66,614615,53814,0.9195
2026-10-09,4712126054,4,502.5,629,310,61636454,34617,398355,119,170699,8306,0.9536
2026-10-09,123956318,4,502.0,648,405,33652893,20453,344918,55,78787,17767,0.816
2026-10-09,4998613478,4,501.0,668,317,186393231,50103,348037,131,164137,7635,0.9556
2026-10-09,10522965485,4,500.8,714,392,8241094,46555,556853,3202,5069,306,0.9431
2026-10-09,10290675105,4,500.5,547,454,4974425,36110,48943,182,20841,1415,0.9364
2026-10-09,10531477636,4,500.2,581,426,5199911,22631,26577,150,32010,611,0.9813
2026-10-09,4228233498,4,500.0,792,208,147401275,60871,483985,156,99128,21002,0.8252
2026-10-09,4430449940,4,500.0,628,281,316039999,58063,528679,67,465693,38556,0.9235
2026-10-09,3013715655,4,498.0,629,295,331133108,45328,2673649,324,196603,18320,0.9148
2026-10-09,3344795851,4,495.0,604,339,448709495,77352,276508,88,47087,33356,0.5853
2026-10-09,10751572992,4,494.5,677,267,5013292,64742,18262,141,9520,1489,0.8647
2026-10-09,7372152033,4,493.5,691,334,33938763,52776,59387,64,17197,6369,0.7297
2026-10-09,3962631979,4,493.2,612,308,152335135,85611,1109805,518,8725,6441,0.5753
2026-10-09,5206433511,4,493.0,573,423,147249284,214706,1938525,3731,261859,48460,0.8438
2026-10-09,4283416256,4,492.5,608,312,24611252,44298,140471,149,38778,8807,0.8149
2026-10-09,9403708294,4,492.2,717,293,96160015,85289,74483,87,41980,14827,0.739
2026-10-09,10764332301,4,492.0,556,433,262553,18601,4916,208,831,334,0.7133
2026-10-09,2165551367,4,491.8,680,317,678204552,88995,2464848,865,131414,22475,0.854
2026-10-09,1650291138,4,491.5,661,276,1001873906,68528,1515129,7,825571,131753,0.8624
2026-10-09,3476371299,2,491.5,599,384,978691031,29231,1366154,53,1570799,63824,0.961
2026-10-09,9661927199,4,491.5,636,245,135629852,106838,137418,70,90300,19654,0.8213
2026-10-09,124283622,4,490.5,704,241,793636311,67514,673594,297,256127,86664,0.7472
2026-10-09,1119466531,4,489.8,647,378,1944370063,58618,3792908,145,1139635,103245,0.9169
2026-10-09,7641240255,4,489.5,601,446,37442142,85123,2632579,9003,3267,841,0.7953
2026-10-09,4538598064,4,488.8,798,289,218040873,81885,3906150,246,191427,13905,0.9323
2026-10-09,7498824809,4,488.5,775,259,72687563,63260,89268,150,46322,2514,0.9485
2026-10-09,10241783978,4,488.0,711,271,2337877,49305,118192,1763,57318,1657,0.9719
2026-10-09,9896643509,4,487.8,732,400,12162700,75383,16021,112,6633,1820,0.7847
2026-10-09,10480998942,4,486.8,598,422,17038798,67791,26799,157,2942,2077,0.5862
2026-10-09,7072674902,4,486.5,845,137,41391164,49395,245697,323,54950,9517,0.8524
2026-10-09,3918560032,4,486.0,665,267,85573528,44001,282110,95,77801,16600,0.8242
2026-10-09,9813946433,4,485.0,615,337,34276777,58725,76988,132,115781,10603,0.9161
2026-10-09,1654971928,4,484.8,559,396,33610590,121910,73214,157,26482,4969,0.842
2026-10-09,5269058522,4,483.8,631,288,41797409,44284,186338,127,50161,7778,0.8658
2026-10-09,7247232515,4,483.5,614,333,27517372,48441,1097161,1838,17008,2324,0.8798
2026-10-09,5492723512,4,482.8,781,206,87082732,77704,1847196,1612,56669,18565,0.7532
2026-10-09,5866486371,4,481.8,747,332,15850940,15750,66032,51,25333,1948,0.9286
2026-10-09,8503596762,4,481.2,606,256,3166272,46075,35220,523,13107,1031,0.9271
2026-10-09,6649845578,4,481.0,549,333,57565959,47900,4330945,154,102123,5816,0.9461
2026-10-09,4931991343,4,479.2,675,344,76013538,63666,3262260,2437,6020,4812,0.5558
2026-10-09,5851294352,4,477.5,672,258,8464575,38227,121639,281,28161,781,0.973
2026-10-09,9081083593,4,477.0,738,362,23427678,67207,338313,1049,23355,5739,0.8027
2026-10-09,10747748563,4,477.0,719,162,15193847,57754,367130,1520,16140,3213,0.834
2026-10-09,8572854650,4,476.2,696,289,130432830,58999,885873,72,477015,10661,0.9781
2026-10-09,3108473052,4,475.2,573,401,334969920,38400,1082278,102,483402,30213,0.9412
2026-10-09,6638489184,4,475.2,566,346,25795674,36881,707049,1044,3086,1354,0.695
2026-10-09,114070244,4,474.8,635,282,354180718,62348,1222173,194,276566,57416,0.8281
2026-10-09,10352185757,4,474.8,675,205,36156477,59038,203152,161,56858,5611,0.9102
2026-10-09,7307246329,4,474.5,603,371,207081207,109497,2355286,925,265787,45749,0.8532
2026-10-09,10642702105,4,473.8,495,440,3867904,23946,13105,63,26043,1299,0.9525
2026-10-09,2628404708,4,473.0,582,376,1016690871,48861,2106723,100,621492,66644,0.9032
2026-10-09,3846592040,4,472.5,520,401,136541698,75692,183698,17,63719,17453,0.785
2026-10-09,3227754471,3,472.0,606,243,77488825,84843,160432,175,35474,6665,0.8418
2026-10-09,3826087550,4,471.5,755,244,35067602,36640,141099,98,43624,14656,0.7485
2026-10-09,3989768869,4,471.2,548,280,334442633,39446,876144,64,291232,62576,0.8231
2026-10-09,4260784961,4,470.8,1072,31,24033793,18330,77727,48,27911,5061,0.8465
2026-10-09,833209132,4,470.5,523,432,100744971,23176,899761,152,257019,27891,0.9021
2026-10-09,6118645803,4,470.5,552,340,24497968,55511,197933,805,17767,3701,0.8276
2026-10-09,4871329703,4,470.2,646,330,818721241,38274,555068,-11,398491,98368,0.802
2026-10-09,10507650215,4,468.5,570,276,1159398,60349,33128,940,10692,2408,0.8162
2026-10-09,3232838484,3,468.0,633,250,91676708,37985,137081,36,46797,3873,0.9236
2026-10-09,9929436407,4,468.0,683,268,15520644,45527,464863,1769,20792,1674,0.9255
2026-10-09,3317064564,4,467.5,534,326,79705482,45319,626692,186,230937,19923,0.9206
2026-10-09,10554316588,4,467.2,668,252,17788407,34856,47981,113,72317,844,0.9885
2026-10-09,3274669156,3,465.3,699,229,70703026,37012,683705,444,87314,14316,0.8591
2026-10-09,3354479870,4,464.5,637,205,166557258,64543,291632,84,94519,17007,0.8475
2026-10-09,2026574412,4,464.0,631,275,120999371,83428,1080876,133,176247,4881,0.9731
2026-10-09,6467516221,4,463.8,642,314,66280428,55875,2576246,1776,28535,5267,0.8442
2026-10-09,4028801234,4,463.2,710,161,239666102,67217,12779602,3857,29298,23044,0.5597
2026-10-09,6216142007,4,462.8,602,314,59214852,57046,198205,129,68410,11937,0.8514
2026-10-09,9130827443,4,462.8,813,231,43207970,51564,1965962,1324,110634,8888,0.9256
2026-10-09,9845995128,4,462.5,952,159,3588881,58022,18643,139,2790,278,0.9094
2026-10-09,5092535555,4,462.2,605,244,74631788,62653,334672,204,48108,5017,0.9056
2026-10-09,6283720248,4,460.2,518,385,61122537,52902,147537,229,70863,8869,0.8888
2026-10-09,6621384161,4,459.2,596,290,86590265,39938,2835362,1371,78708,4087,0.9506
2026-10-09,7677035096,4,458.2,572,253,6541793,56172,83883,671,5612,1773,0.7599
2026-10-09,2805713501,4,458.0,682,321,798098573,74594,806425,86,190495,42216,0.8186
2026-10-09,625764726,4,457.8,622,310,25604897,33301,200389,135,47767,9626,0.8323
2026-10-09,9723617424,4,457.8,669,328,42746867,57898,68657,99,12708,2859,0.8163
2026-10-09,8957522683,4,457.0,685,282,96726296,72019,49945,107,6540,2545,0.7199
2026-10-09,5782268341,4,456.5,550,342,46641537,50893,439550,432,70465,7320,0.9059
2026-10-09,3472652814,2,455.5,735,176,42817668,23121,73631,40,21058,3406,0.8608
2026-10-09,10275970697,4,454.8,608,272,36735199,157634,245518,409,34010,6100,0.8479
2026-10-09,6797677834,4,454.0,515,352,116178048,70282,16496723,9270,4353,1113,0.7964
2026-10-09,10067868611,4,453.8,519,363,20915599,46829,35142,80,25483,1585,0.9414
2026-10-09,8051653879,4,453.2,524,383,18776132,38750,20816,49,7507,4266,0.6376
2026-10-09,3749444437,4,453.0,571,281,80546323,67775,10138785,5031,15787,2882,0.8456
2026-10-09,5549835355,4,452.8,649,340,115981069,53915,249075,181,287769,7088,0.976
2026-10-09,9452898647,4,452.8,689,253,126295478,47985,5382729,1616,46448,5512,0.8939
2026-10-09,9929870476,4,452.8,554,336,1655729,36453,37053,538,8983,577,0.9396
2026-10-09,10417987249,4,452.5,669,238,5182243,27728,74270,438,26496,3822,0.8739
2026-10-09,9501409571,4,451.8,540,411,44166624,64478,227642,436,120350,3033,0.9754
2026-10-09,10406744768,4,451.8,532,330,22877627,105267,41374,165,12995,1264,0.9114
2026-10-09,10392686454,4,451.2,577,311,5815157,57180,483227,3465,2776,756,0.786
2026-10-09,8243724761,4,450.8,526,366,51363267,38600,274180,192,79322,2950,0.9641
2026-10-09,10180990272,4,450.5,703,290,53720868,105781,5401295,11331,10422,2495,0.8068
2026-10-09,3626363135,4,450.5,617,322,39361242,27859,70019,40,25891,7862,0.7671
2026-10-09,7848646653,4,450.0,557,344,133076887,43214,346666,143,930122,14379,0.9848
2026-10-09,2802559498,4,449.8,696,183,356293824,53253,880514,86,339956,38889,0.8973
2026-10-09,3421408084,4,449.5,528,325,616953406,56908,635151,6,355045,81325,0.8136
2026-10-09,10515406328,4,448.5,720,200,8272068,40906,81694,300,4913,740,0.8691
2026-10-09,10761115872,4,448.5,532,263,8902327,77409,550953,3406,13872,10282,0.5743
2026-10-09,1125307892,4,447.2,562,305,73873630,56501,5731550,1694,401132,14135,0.966
2026-10-09,10217234318,4,446.0,549,298,59302903,51387,119279,83,105038,3830,0.9648
2026-10-09,10334731049,4,445.5,574,315,59874131,32611,296836,42,81060,6119,0.9298
2026-10-09,10589388621,4,445.0,497,379,3879950,57192,252282,1273,13990,1120,0.9259
2026-10-09,8309394444,4,444.5,562,348,23633081,52615,1687486,3419,18912,1552,0.9242
2026-10-09,9940076108,4,444.0,548,346,28651781,70892,2552050,6141,12363,2618,0.8252
2026-10-09,8058628992,4,443.8,517,310,177865752,74721,585959,199,75357,6639,0.919
2026-10-09,10196660716,4,443.8,712,291,39630403,74490,2861707,5940,21915,2391,0.9016
2026-10-09,10178432352,4,443.2,1124,142,23616441,31402,2181076,1826,56558,8971,0.8631
2026-10-09,1091907805,4,442.8,497,380,273704592,19567,1089064,-5,381960,37704,0.9102
2026-10-09,5877971206,4,442.2,539,279,65421958,43551,208034,120,74241,10975,0.8712
2026-10-09,2516044547,4,442.0,505,346,641666164,48547,1640357,-6,719625,160579,0.8176
2026-10-09,8212026736,4,441.2,524,325,47429597,35349,292296,181,96513,3552,0.9645
2026-10-09,4201418016,4,441.0,491,398,149407614,36985,285829,1,144976,13343,0.9157
2026-10-09,10356701370,4,440.8,524,296,95681777,70612,389030,117,275951,13763,0.9525
2026-10-09,8081472583,4,440.5,635,251,181177096,59090,17031658,5038,265428,23860,0.9175
2026-10-09,2955322961,4,440.0,612,265,1030398974,85332,1163507,96,1217510,104592,0.9209
2026-10-09,7030416430,4,439.5,623,349,95617731,145500,7835471,11887,546194,69053,0.8878
2026-10-09,2826640183,4,439.0,566,346,770474118,35945,690984,43,188384,44669,0.8083
2026-10-09,10008450782,4,439.0,591,203,12734562,89846,270282,1641,5685,1624,0.7778
2026-10-09,6217832823,4,438.5,598,357,95609556,41181,3823283,1894,239458,6535,0.9734
2026-10-09,10705618167,4,438.0,745,149,7175661,79860,8010,62,5301,1421,0.7886
2026-10-09,102815652,4,435.8,606,306,62107023,26248,365479,52,115119,14284,0.8896
2026-10-09,7468338447,4,434.2,543,292,343289230,57719,2562782,60,296005,13813,0.9554
2026-10-09,9352840896,4,434.2,669,265,37032554,56782,1011849,1108,21623,5284,0.8036
2026-10-09,9833852980,4,434.0,571,257,8922686,30138,177956,483,21997,4008,0.8459
2026-10-09,9529449775,4,433.5,561,302,3328558,40884,109847,706,12708,662,0.9505
2026-10-09,10517428659,4,433.2,540,221,14947831,37468,54188,141,46954,2066,0.9579
2026-10-09,1200145783,4,431.8,566,345,17635565,28990,103444,173,32354,6526,0.8322
2026-10-09,8646185650,4,431.8,551,305,30858082,39563,49898,51,35532,1624,0.9563
2026-10-09,9801436549,4,430.5,552,273,10943197,48269,13929,55,2934,1559,0.653
2026-10-09,1888174103,4,430.2,505,286,415249164,81773,398813,179,56167,20095,0.7365
2026-10-09,3891658292,4,430.0,558,239,401036673,81278,14532722,6482,109157,26372,0.8054
2026-10-09,7023305701,4,430.0,595,293,526316710,117558,36201330,5245,398339,47495,0.8935
2026-10-09,5049569843,4,429.8,593,331,135518846,48597,533738,74,146352,7071,0.9539
2026-10-09,10147259486,4,429.0,638,334,22256090,53563,1010102,2804,44176,1471,0.9678
2026-10-09,7599404611,4,428.8,536,314,13999859,28616,116956,210,33697,1945,0.9454
2026-10-09,1315450727,4,428.5,656,240,545321243,61115,1043444,141,169481,27548,0.8602
2026-10-09,4252393983,4,428.2,556,225,282088042,65308,3025292,446,121832,24044,0.8352
2026-10-09,4444526080,4,428.2,581,227,163993621,58613,602077,80,164684,39864,0.8051
2026-10-09,6193765296,4,427.2,509,316,27020548,44823,1339973,2128,204032,5457,0.974
2026-10-09,8997131346,4,426.8,500,351,11149254,34727,23445,60,6989,1992,0.7782
2026-10-09,7448595637,4,426.0,506,316,42183035,73136,1400945,164,7856,3210,0.7099
2026-10-09,5345619122,4,425.8,529,269,90956497,52634,150723,120,52895,8852,0.8566
2026-10-09,6030909708,4,425.5,602,216,123440263,74677,21717477,11280,4223,1491,0.7391
2026-10-09,4960950398,4,425.2,576,255,75995852,34591,171499,62,97257,11230,0.8965
2026-10-09,7294208165,4,425.2,504,312,212331448,55646,311794,114,242306,21057,0.92
2026-10-09,5153268250,4,425.0,520,324,111724146,62873,182176,143,27255,6515,0.8071
2026-10-09,5665954430,4,424.2,517,364,93520589,53085,935387,163,217695,15881,0.932
2026-10-09,9971895648,4,424.2,633,132,1945560,64828,3364,104,205,117,0.6366
2026-10-09,10219827882,4,423.8,499,379,10990477,26183,103761,155,233110,2555,0.9892
2026-10-09,8302683258,4,423.2,479,329,26158695,48300,36553,99,4554,3845,0.5422
2026-10-09,8093473699,4,423.0,523,347,26228234,32303,93373,88,22889,4136,0.847
2026-10-09,10428543942,4,422.2,643,268,5039348,30968,26648,73,11031,1852,0.8562
2026-10-09,4734880740,4,421.5,699,60,16217086,38499,383249,1372,17997,2243,0.8892
2026-10-09,8475779172,4,421.2,618,260,32824676,62593,53163,180,27304,2082,0.9291
2026-10-09,7000924848,4,420.5,575,343,174160919,236863,181124,332,41659,3014,0.9325
2026-10-09,7261493599,4,420.0,478,317,225651522,45280,307386,86,325734,19745,0.9428
2026-10-09,9914581074,4,420.0,576,266,42149863,52875,67609,94,43151,8166,0.8409
2026-10-09,2820580801,4,419.8,567,252,329491706,41436,408306,14,398618,50680,0.8872
2026-10-09,10007524016,4,418.8,527,371,31670164,79349,5609120,11022,3357,575,0.8538
2026-10-09,5493012775,4,418.5,562,208,100683539,66480,1687921,23,106693,42273,0.7162
2026-10-09,2408700413,4,417.8,503,305,306800874,34140,667644,24,255379,77460,0.7673
2026-10-09,9076692567,4,417.8,479,305,34875762,88308,157579,331,41763,8864,0.8249
2026-10-09,212154879,4,417.5,426,411,156075384,4860,1220551,5,421793,59248,0.8768
2026-10-09,1784051919,4,417.5,523,238,232932308,94804,2122731,332,355205,20993,0.9442
2026-10-09,9315472782,4,417.0,594,303,26844482,52417,152285,270,24648,1690,0.9358
2026-10-09,6676452674,4,416.0,529,288,137875695,47945,155399,157,127656,10475,0.9242
2026-10-09,10637513477,4,416.0,576,178,18208650,63375,27537,98,15102,2422,0.8618
2026-10-09,8269273068,4,415.5,467,282,41578384,57257,268565,168,285135,12376,0.9584
2026-10-09,3261058889,3,413.7,522,286,16435712,6271,73057,-1,18518,3348,0.8469
2026-10-09,9395554342,4,413.2,615,239,4603698,39020,407441,3024,1227,568,0.6836
2026-10-09,9232634201,4,412.8,547,223,89841146,85026,99890,174,27201,4650,0.854
2026-10-09,9456449045,4,412.0,608,184,12590697,58946,18742,202,5809,1089,0.8421
2026-10-09,4996628751,4,411.8,708,235,108846404,44596,7538340,2331,20633,4158,0.8323
2026-10-09,10044193822,4,411.5,567,248,441930,36756,944,80,218,129,0.6282
2026-10-09,8321616508,4,409.8,449,328,51323658,27216,53571,57,89381,5293,0.9441
2026-10-09,10064401653,4,409.8,477,346,11486683,26977,127908,428,30218,9786,0.7554
2026-10-09,9715999586,4,409.5,522,305,155940190,63580,113227,46,103991,12686,0.8913
2026-10-09,6190384723,4,408.8,471,363,103767538,71929,555038,96,34025,5477,0.8613
2026-10-09,4275891591,4,406.2,463,313,56043646,47583,101726,73,31849,10558,0.751
2026-10-09,8959257868,4,406.2,449,367,14217965,30709,50041,56,22529,2205,0.9109
2026-10-09,9857799026,4,405.8,501,231,2366220,33655,28917,291,6000,683,0.8978
2026-10-09,4885171702,4,405.0,528,229,115590046,69183,8421046,4195,34920,20019,0.6356
2026-10-09,9911988958,4,404.5,453,323,24519859,47946,145547,176,170273,9514,0.9471
2026-10-09,1284180886,4,404.2,467,331,477646092,83090,665400,83,102797,26894,0.7926
2026-10-09,3064619271,4,403.2,528,304,19634337,18922,94053,27,41289,6013,0.8729
2026-10-09,7396511690,4,403.2,538,215,41440453,52991,1428326,1729,94841,15346,0.8607
2026-10-09,9792947201,4,403.2,462,373,536315035,42767,3520906,43,814540,19923,0.9761
2026-10-09,4346424098,4,403.0,532,313,104885528,48808,175505,178,42561,9413,0.8189
2026-10-09,8087030587,4,403.0,529,168,59557468,57538,5001899,4699,6902,1044,0.8686
2026-10-09,952510115,4,402.0,579,269,28778693,45757,440988,1243,46978,15173,0.7559
2026-10-09,9175015027,4,402.0,461,268,59120210,95485,4975724,195,26549,3786,0.8752
2026-10-09,4419888429,4,401.0,525,265,27055479,20133,54090,37,14765,3892,0.7914
2026-10-09,7009714292,4,401.0,498,283,87130076,39133,458223,109,96223,11832,0.8905
2026-10-09,7964539330,4,401.0,509,259,213619026,71542,13262957,895,145829,16568,0.898
2026-10-09,8279887603,4,399.8,615,189,103481409,38402,387856,144,68056,8091,0.8937
2026-10-09,5359468080,4,398.5,583,200,211271434,52804,165904,43,21221,5544,0.7929
2026-10-09,4712109542,4,397.8,731,190,36214045,19307,308111,140,81836,14161,0.8525
2026-10-09,7665084235,4,397.2,452,283,24353949,30271,317616,397,56928,5697,0.909
2026-10-09,2160907981,4,396.5,514,288,1322653149,53257,2113089,67,518758,108023,0.8277
2026-10-09,10168229420,4,396.0,546,262,27583488,35334,105283,173,260264,3633,0.9862
2026-10-09,9219838330,4,393.5,463,363,14234857,42982,40798,56,113206,3154,0.9729
2026-10-09,10426768719,4,393.5,565,254,676192,35343,13673,539,3337,3023,0.5247
2026-10-09,6805295218,4,392.8,480,276,35863250,56194,130223,131,19920,3786,0.8403
2026-10-09,847722000,4,392.5,487,278,204058376,33093,2239209,275,579843,45166,0.9277
2026-10-09,10739681803,4,392.5,509,189,2924192,44504,51731,615,1086,253,0.8111
2026-10-09,323675642,4,392.2,472,288,598709572,45493,2221065,28,544527,123398,0.8153
2026-10-09,9508201896,4,392.0,657,116,11717435,31653,252427,20,2923,540,0.8441
2026-10-09,4590309504,4,391.8,552,317,24761094,59687,24074,72,14515,4729,0.7543
2026-10-09,10346503194,4,391.8,476,348,22992622,49950,95190,130,55904,1368,0.9761
2026-10-09,3289847355,3,391.3,475,256,31586096,20787,43375,19,15928,3677,0.8124
2026-10-09,3358820946,4,391.2,514,245,354927644,52335,3065933,98,40050,10981,0.7848
2026-10-09,9098253051,4,391.2,454,347,32884966,63093,2350513,4068,46428,4943,0.9038
2026-10-09,9354709602,4,391.2,468,331,60708004,27907,824512,988,295068,6242,0.9793
2026-10-09,7872343282,4,390.8,527,262,62387304,39661,1174312,321,178679,21268,0.8936
2026-10-09,2970472544,4,390.0,722,155,583943858,45078,26593089,3066,103974,33485,0.7564
2026-10-09,2198666251,4,389.2,629,158,82519335,45492,51232,66,11676,2747,0.8095
2026-10-09,3183742847,3,389.0,513,210,632321333,118075,518413,98,178710,74378,0.7061
2026-10-09,8902327228,4,388.8,515,309,111179614,55991,125386,91,72603,10469,0.874
2026-10-09,5731967654,4,388.5,540,234,189462902,61609,334768,86,95770,22886,0.8071
2026-10-09,5484165112,4,387.5,493,219,219937699,52906,12970039,2553,115176,10841,0.914
2026-10-09,8562618273,4,387.5,537,259,108233150,51528,90763,73,105058,4237,0.9612
2026-10-09,8834587397,4,387.0,537,252,577477819,42354,14056606,-186,517661,42792,0.9236
2026-10-09,9324506782,4,386.8,453,223,16371319,39489,89976,153,60789,5651,0.9149
2026-10-09,7144947546,4,386.2,418,343,34480840,48776,108772,202,21091,5102,0.8052
2026-10-09,4835576249,4,386.0,563,209,298688573,86228,282836,134,65424,9187,0.8769
2026-10-09,6777528662,4,384.0,565,264,61848410,54501,516267,155,184607,14091,0.9291
2026-10-09,1265527561,4,383.2,452,254,363937220,86250,662351,125,144835,23840,0.8587
2026-10-09,2839156349,4,383.2,466,328,15648981,40421,25479,77,6000,2062,0.7442
2026-10-09,3332494509,4,383.0,472,225,268579835,47075,415515,109,119669,14107,0.8945
2026-10-09,5910910774,4,382.5,487,236,120608828,39820,181309,82,130690,10759,0.9239
2026-10-09,4234745929,4,382.0,614,186,353984228,52850,4030269,-1,208224,53209,0.7965
2026-10-09,8000413855,4,382.0,491,237,96531017,73409,79904,145,87771,8950,0.9075
2026-10-09,8832884753,4,381.8,422,319,69769807,22001,745590,181,85361,3368,0.962
2026-10-09,725056461,4,381.5,447,295,19792192,31846,43334,102,10640,3066,0.7763
2026-10-09,8232540509,4,380.8,516,239,44731758,53901,59481,87,27461,5013,0.8456
2026-10-09,5827120940,4,380.5,525,276,197634442,35880,3793679,453,359750,11251,0.9697
2026-10-09,10337157761,4,379.8,452,341,21023021,45537,1222287,1344,16927,958,0.9464
2026-10-09,9671745030,4,379.5,698,201,17421619,71362,112353,402,26245,2318,0.9188
2026-10-09,7661385356,4,379.2,462,286,53698570,37706,215174,110,62723,9989,0.8626
2026-10-09,6535370051,4,378.5,448,306,45615578,62113,5253838,5096,24669,2175,0.919
2026-10-09,10608908197,4,378.5,511,173,4529601,44433,215167,2115,6471,1084,0.8565
2026-10-09,10765799968,4,378.5,468,281,164396,22958,5645,775,1813,128,0.9341
2026-10-09,10486167794,4,378.5,862,58,778011,55530,2263,109,978,3626,0.2124
2026-10-09,2799421838,4,377.8,763,25,77581708,66807,1528212,6502,4503,588,0.8845
2026-10-09,4669435504,4,377.8,609,165,379337116,66893,558609,31,219417,34751,0.8633
2026-10-09,5479285260,4,377.5,462,265,58652080,63687,10379675,8946,5055,2545,0.6651
2026-10-09,9228045253,4,377.5,515,260,142593554,39593,252041,73,331210,8786,0.9742
2026-10-09,4540494160,4,377.0,431,333,268650629,22794,361058,16,505361,22290,0.9578
2026-10-09,10569930060,4,377.0,494,238,13786495,79237,204360,542,70573,7755,0.901
2026-10-09,5803199989,4,376.8,499,272,162395868,90430,641178,199,55440,16102,0.7749
2026-10-09,9645309602,4,376.0,509,298,42979186,64009,84071,104,34499,5897,0.854
2026-10-09,9794842226,4,375.8,413,340,398133,28992,2134,146,1111,177,0.8626
2026-10-09,3717264063,4,375.5,539,297,631757099,60104,2224389,110,760216,66496,0.9196
2026-10-09,10202515720,4,374.8,455,299,2895409,22914,5521,35,2863,386,0.8812
2026-10-09,8601956127,4,374.5,522,182,28515498,57019,120108,339,124200,5218,0.9597
2026-10-09,9105075853,4,374.5,399,342,16117383,18071,78777,24,164875,5732,0.9664
2026-10-09,1699553764,4,374.2,456,293,299011001,53672,710985,141,191044,49837,0.7931
2026-10-09,9807783902,4,373.8,462,251,7593673,38625,49414,284,9058,2744,0.7675
2026-10-09,7931158824,4,372.2,558,151,43573697,45167,654157,317,18228,4249,0.811
2026-10-09,943733974,4,372.0,519,239,213729147,24385,860674,55,563633,52273,0.9151
2026-10-09,6596627293,4,372.0,483,275,43246676,29730,1190768,694,80570,5865,0.9321
2026-10-09,3989869156,4,371.8,454,213,95656910,32992,1592308,566,69339,8278,0.8933
2026-10-09,10051853469,4,371.8,508,247,114044023,44926,2492641,949,307762,6052,0.9807
2026-10-09,9954447663,4,370.8,477,274,22524020,56195,1142409,4503,3519,561,0.8625
2026-10-09,4851783408,4,369.8,550,173,248527603,54605,238083,41,134118,26113,0.837
2026-10-09,1175471394,4,368.2,552,165,202718862,54875,143011,14,46519,18992,0.7101
2026-10-09,9520326953,4,367.5,664,61,3019848,17346,114930,1009,32618,1936,0.944
2026-10-09,9690128730,4,367.2,545,155,1776031,55588,13426,326,4153,321,0.9283
2026-10-09,3371147486,4,367.0,486,195,208038484,56385,193689,110,36153,13487,0.7283
2026-10-09,10749831764,4,366.8,549,180,4249338,49229,458629,3805,4638,541,0.8955
2026-10-09,7284582661,4,366.5,480,245,149328874,56128,384235,150,75297,15555,0.8288
2026-10-09,9357218675,4,366.2,477,272,44799541,48106,3478800,3886,34081,1163,0.967
2026-10-09,4679222104,4,366.0,499,188,116043244,44842,120361,68,38191,20380,0.652
2026-10-09,4642134795,4,365.0,478,231,449302812,90157,27891837,6993,136892,33086,0.8054
2026-10-09,4403361086,4,364.8,414,232,185589286,78684,956781,612,320024,18677,0.9449
2026-10-09,10008717728,4,364.8,468,246,2742926,24884,9580,82,4345,320,0.9314
2026-10-09,4826476142,4,364.5,616,193,105844754,33607,555124,84,170021,22970,0.881
2026-10-09,6764180126,4,364.2,483,189,248837643,29047,193564,24,222632,16122,0.9325
2026-10-09,8995269203,4,364.2,574,172,30726757,43071,27081,36,11409,1000,0.9194
2026-10-09,2297891297,4,363.5,453,250,39550022,39296,54773,55,21042,5100,0.8049
2026-10-09,9511454418,4,363.2,460,164,4675043,104234,36309,435,19535,1741,0.9182
2026-10-09,10654199482,4,363.0,474,205,9216011,51073,71356,296,23134,1328,0.9457
2026-10-09,7462622504,4,362.8,568,219,45331469,68849,79226,142,19539,4320,0.8189
2026-10-09,9297902951,4,362.8,487,218,29680110,25781,408285,201,155599,22734,0.8725
2026-10-09,6174407103,4,362.0,512,249,93629429,36328,3081911,1081,112772,6125,0.9485
2026-10-09,6247557414,4,362.0,490,202,201883529,56900,2346347,685,87026,20997,0.8056
2026-10-09,10213583516,4,361.8,475,274,20271958,73494,1040510,3198,59696,2188,0.9646
2026-10-09,9540040997,4,361.8,494,231,64191312,43596,166059,157,145873,11602,0.9263
2026-10-09,3539082945,2,361.5,430,293,72109479,44095,867489,1032,27846,5851,0.8264
2026-10-09,9701569269,4,360.8,422,304,16258893,42649,1023923,2018,4547,925,0.831
2026-10-09,1310079979,4,360.0,535,227,652007639,39625,556600,30,102971,34803,0.7474
2026-10-09,1424449565,4,360.0,476,246,256908344,39404,988985,127,317573,80410,0.798
2026-10-09,10066929248,4,359.5,472,236,29959035,43952,118141,173,102752,4265,0.9601
2026-10-09,7663926977,4,358.0,453,232,43466299,50032,2427990,3384,101713,8079,0.9264
2026-10-09,98839997,4,357.5,628,245,336557864,34536,1340611,49,452792,109507,0.8053
2026-10-09,9464360885,4,357.2,453,298,63927977,32170,107392,115,30940,13593,0.6948
2026-10-09,1751760283,4,356.5,519,203,286236029,35988,1162820,77,417395,50484,0.8921
2026-10-09,4563062026,4,355.5,436,243,94720113,48202,149792,161,38205,4465,0.8954
2026-10-09,5939817752,4,355.5,448,245,72613027,33077,383890,87,120519,13563,0.8988
2026-10-09,4282689669,4,355.2,479,272,41575189,37352,973031,647,24171,6379,0.7912
2026-10-09,3114128441,4,355.0,604,180,120063582,83168,142054,124,60324,19829,0.7526
2026-10-09,9829910038,4,354.2,420,303,2769879,28023,9307,70,4838,486,0.9087
2026-10-09,3494556606,2,353.5,361,346,521629642,16834,1991412,44,882201,32604,0.9644
2026-10-09,10437809977,4,352.0,638,162,15734720,44722,34748,91,44663,1063,0.9768
2026-10-09,8485482226,4,351.8,487,254,23998146,48191,185572,459,45561,3603,0.9267
2026-10-09,10083552936,4,351.8,427,265,12795884,36746,568661,1488,12600,1690,0.8817
2026-10-09,5485660832,4,351.5,493,189,125232826,74088,70169,95,11308,3009,0.7898
2026-10-09,10496981141,4,351.2,540,142,21110989,69223,190233,68,17762,1272,0.9332
2026-10-09,5867087288,4,351.2,457,240,46828864,38599,50752,80,7144,2690,0.7265
2026-10-09,10456832990,4,351.0,467,231,64213075,46390,98988,60,74585,6775,0.9167
2026-10-09,10247712813,4,350.5,463,229,33102736,39929,49272,68,28684,1339,0.9554
2026-10-09,8722889197,4,350.2,466,244,150885844,43087,5301239,864,111718,6236,0.9471
2026-10-09,2655311011,4,349.8,372,340,1427481206,37670,3272267,116,2313721,60514,0.9745
2026-10-09,6289989379,4,349.5,410,248,158887363,56663,23002989,7697,22951,11824,0.66
2026-10-09,7145230420,4,349.2,520,192,52073604,62499,1048058,796,6176,4475,0.5799
2026-10-09,7857274278,4,349.2,429,307,114553179,57596,11717173,4938,767080,44981,0.9446
2026-10-09,9751615286,4,349.2,458,292,15419003,56084,17300,44,10528,1525,0.8735
2026-10-09,5295289103,4,349.0,490,255,118508199,50260,6862443,2600,152975,13797,0.9173
2026-10-09,5974510967,4,349.0,379,307,16731200,26361,156965,107,64187,3848,0.9434
2026-10-09,5252919404,4,348.8,470,170,118626169,47998,77639,78,40524,6464,0.8624
2026-10-09,8726258,4,347.0,394,255,630754506,51497,2390563,149,453809,154265,0.7463
2026-10-09,1701623492,4,346.2,483,206,4040803163,85226,2817561,52,765991,212180,0.7831
2026-10-09,2577700536,4,346.2,451,181,73245025,44378,169802,83,268959,19203,0.9334
2026-10-09,3116863918,4,346.2,466,248,19492514,42844,38873,93,10879,2258,0.8281
2026-10-09,9802644580,4,346.0,403,313,54102386,20258,796528,-101,48367,4827,0.9093
2026-10-09,3171190217,3,345.7,430,217,239094470,35849,885985,106,251738,12264,0.9535
2026-10-09,10172066108,4,344.5,635,27,14653831,48298,9514,55,358,213,0.627
2026-10-09,767752328,4,344.2,357,320,255530384,4784,1375664,2,415027,144504,0.7417
2026-10-09,3384187191,4,344.2,465,149,67510391,39837,73754,87,29834,8278,0.7828
2026-10-09,10649457157,4,344.2,466,212,5406700,33777,121449,1579,28129,9576,0.746
2026-10-09,8935993972,4,344.0,426,276,14286744,27655,106385,147,104332,3837,0.9645
2026-10-09,9102566780,4,344.0,423,262,7495961,23133,39982,98,73679,4962,0.9369
2026-10-09,9969095451,4,343.0,440,233,43556050,40612,1713781,1200,21608,2981,0.8788
2026-10-09,504035427,4,342.8,418,239,1699639761,46104,5963537,94,1370756,82493,0.9432
2026-10-09,8228371304,4,342.5,423,219,83151380,44975,63239,66,7144,2229,0.7622
2026-10-09,7267853694,4,342.0,429,202,8710127,19882,42954,116,4980,1505,0.7679
2026-10-09,1267991351,4,341.5,602,155,120356813,36961,380788,100,126208,6108,0.9538
2026-10-09,1953956112,4,341.5,412,228,62684732,39504,885820,28,45287,5266,0.8958
2026-10-09,7458874788,4,340.8,412,239,25245118,23020,353518,34,68301,9986,0.8724
2026-10-09,4356309501,4,340.5,453,235,12989876,18700,11259,37,5498,1232,0.8169
2026-10-09,170247232,4,339.2,453,209,473404586,35960,2123491,10,749853,243811,0.7546
2026-10-09,9463334671,4,339.2,397,273,8692014,41138,57042,101,18477,2289,0.8898
2026-10-09,6343637170,4,338.2,527,145,34397696,53905,5641848,5372,4751,2459,0.6589
2026-10-09,4652005960,4,337.8,382,306,58211420,21533,88204,12,27611,4967,0.8475
2026-10-09,1499870257,4,337.2,433,225,127527751,41043,973399,304,261721,66522,0.7973
2026-10-09,7391615616,4,337.0,411,223,23988945,31794,1405608,1904,130633,5798,0.9575
2026-10-09,9260939847,4,337.0,450,231,104985802,36634,2169964,809,146884,4920,0.9676
2026-10-09,10253570298,4,336.8,418,244,2078964,21087,9722,52,11411,699,0.9423
2026-10-09,3034836582,4,335.0,408,194,507649382,50436,1922453,78,87629,61170,0.5889
2026-10-09,5554050692,4,334.8,414,178,30272393,38779,46284,82,18495,4315,0.8108
2026-10-09,8330409552,4,334.8,461,184,156091447,46951,14722641,3983,107238,11117,0.9061
2026-10-09,1247231049,4,334.2,378,286,53741288,28288,706080,111,76503,11200,0.8723
2026-10-09,5753515186,4,334.0,514,148,64755612,51409,346401,210,70067,26392,0.7264
2026-10-09,6654289195,4,334.0,398,272,6730097,36422,13986,95,2143,368,0.8534
2026-10-09,9918481645,4,334.0,389,278,7733152,35456,5816,11,3354,775,0.8123
2026-10-09,1707552920,4,333.8,461,220,299208901,41092,935427,80,288824,40363,0.8774
2026-10-09,301252049,4,333.2,354,308,300651642,42863,1043141,78,440452,109055,0.8015
2026-10-09,9679514364,4,333.0,421,165,10345861,34572,69051,79,14793,2704,0.8455
2026-10-09,6964415405,4,332.8,401,216,50978138,34364,148829,81,44043,15075,0.745
2026-10-09,9001634416,1,332.0,332,332,3987884,6377,22211,16,5624,2765,0.6704
2026-10-09,6996253752,4,331.5,491,109,17337799,18492,113352,29,51393,2213,0.9587
2026-10-09,7856508689,4,331.2,418,226,76717278,55102,3166443,919,197056,10277,0.9504
2026-10-09,7860226425,4,331.0,570,170,97334102,53393,66676,73,32315,5098,0.8637
2026-10-09,9722598100,4,331.0,505,238,39061961,28802,162455,90,164931,2475,0.9852
2026-10-09,10205430196,4,330.8,449,253,17936246,44911,82324,134,46768,65326,0.4172
2026-10-09,10522766429,4,330.8,468,188,717053,27120,5964,226,9959,404,0.961
2026-10-09,1165835263,4,330.8,450,233,91984167,20267,264750,39,114398,18248,0.8624
2026-10-09,10420832668,4,330.5,618,189,1164549,33137,9863,290,2980,604,0.8315
2026-10-09,5747152246,4,330.0,412,185,61110870,37672,1775564,852,17009,4312,0.7978
2026-10-09,1037979853,4,328.0,393,284,496763426,31286,1867153,25,834499,71110,0.9215
2026-10-09,7703544118,4,328.0,396,243,85519224,27972,1517351,265,1073232,17637,0.9838
2026-10-09,10075660664,4,327.0,410,250,2735086,23945,7716,35,7174,290,0.9611
2026-10-09,10493730706,4,326.8,388,269,17550899,30828,116131,44,29736,4159,0.8773
2026-10-09,7346697338,4,326.5,450,157,127998041,98295,96636,81,93789,21000,0.8171
2026-10-09,10045085816,4,326.5,435,276,39275202,39205,57270,76,38565,1076,0.9729
2026-10-09,6623153829,4,325.8,412,207,132261606,81825,176933,157,57608,8740,0.8683
2026-10-09,9754968779,4,325.8,472,232,62231772,38937,2973022,2073,429924,9598,0.9782
2026-10-09,10340194375,4,325.8,438,193,20902021,36979,1606957,2141,21616,3299,0.8676
2026-10-09,5195680485,4,325.5,418,165,73917689,35266,150750,78,46388,6406,0.8787
2026-10-09,9971722694,4,325.0,454,187,17606586,35011,1210036,2131,71274,1942,0.9735
2026-10-09,6818297884,2,325.0,333,317,8006510,4823,17404,4,18391,1581,0.9208
2026-10-09,9526307912,4,324.8,420,216,101851412,41645,175517,100,138308,5836,0.9595
2026-10-09,7374930268,4,324.5,435,185,6842984,41475,297373,1454,3247,649,0.8334
2026-10-09,4666414595,4,324.0,423,249,6391378,41586,74719,1538,49152,2741,0.9472
2026-10-09,1586272220,4,323.8,445,218,33183653,29129,199943,284,73132,18440,0.7986
2026-10-09,6332490386,4,323.0,410,266,59547407,43803,40116,91,3748,1717,0.6858
2026-10-09,10381830868,4,322.5,423,236,5029839,41840,21887,118,6105,440,0.9328
2026-10-09,9857818180,4,322.0,389,210,4109586,39995,9278,50,5627,2802,0.6676
2026-10-09,9929086116,4,322.0,518,253,59875870,35360,4018343,2347,309971,6086,0.9807
2026-10-09,300039023,4,321.5,498,153,129914466,25867,421374,42,175512,29029,0.8581
2026-10-09,9713717379,4,321.5,381,221,44138800,58058,5970024,6200,17568,2775,0.8636
2026-10-09,5371687033,4,321.2,465,167,9483873,35258,111961,258,29603,15099,0.6622
2026-10-09,9497278040,4,321.0,400,264,82256257,49243,247006,91,57312,3290,0.9457
2026-10-09,10342857565,4,321.0,493,120,27861482,46977,36690,57,7875,2812,0.7369
2026-10-09,5432177771,4,320.5,458,141,48973139,50994,45167,80,22593,11050,0.6716
2026-10-09,6542509482,4,320.5,453,212,74956239,33468,3679074,1140,14003,4060,0.7752
2026-10-09,9077534770,4,320.5,358,276,64159158,36460,197436,112,25492,6619,0.7939
2026-10-09,8438735581,4,320.2,442,236,11418027,34890,23520,60,7930,1448,0.8456
2026-10-09,3802391897,4,320.0,351,243,76176802,62020,281501,71,31831,9505,0.7701
2026-10-09,10023404565,1,320.0,320,320,20337797,0,625974,0,38266,1851,0.9539
2026-10-09,4524605690,4,319.5,561,48,258155463,86419,84169,95,18921,18650,0.5036
2026-10-09,10549129889,4,319.5,386,252,14354018,40369,54033,123,19929,2741,0.8791
2026-10-09,1434220026,4,319.0,433,256,888830444,21327,2678683,-7,1087595,99197,0.9164
2026-10-09,8615117785,4,319.0,403,195,2154672,17208,25285,354,6365,3159,0.6683
2026-10-09,1316421563,4,318.2,424,212,333112649,34654,464078,4,173022,18020,0.9057
2026-10-09,4330936850,4,318.2,435,186,74285303,37957,116032,40,54146,14531,0.7884
2026-10-09,4990998060,4,318.2,475,152,436462031,48050,20823469,2988,310209,22094,0.9335
2026-10-09,10080411105,4,318.2,434,250,4328520,33839,9236,33,6482,599,0.9154
2026-10-09,6859793761,4,317.8,623,29,29337032,36618,41964,53,10483,1886,0.8475
2026-10-09,7848204961,4,317.2,582,61,9811034,16341,85833,37,13152,1296,0.9103
2026-10-09,10454932245,4,317.2,414,259,16794909,47721,38654,103,7438,1530,0.8294
2026-10-09,5012919657,4,316.8,413,147,46036671,50629,62555,109,24809,3016,0.8916
2026-10-09,2324018757,4,316.2,446,149,74858386,29119,232302,54,118598,18319,0.8662
2026-10-09,10667860714,4,316.2,337,306,2329787,19465,130754,322,60210,1236,0.9799
2026-10-09,8640389608,4,316.0,349,258,2457628,43114,4772,63,4469,469,0.905
2026-10-09,7658839393,4,315.2,354,260,75082198,9429,1671132,-14,255921,6332,0.9759
2026-10-09,10255492538,4,314.8,369,244,8067695,17878,19343,42,25263,922,0.9648
2026-10-09,10258084287,4,314.0,390,206,23143301,30050,33467,34,14822,622,0.9597
2026-10-09,10750406988,4,312.8,341,285,378743,18045,1562,52,893,100,0.8993
2026-10-09,5518683179,4,311.8,384,171,109023103,35637,468431,189,230592,8183,0.9657
2026-10-09,708100196,4,311.5,427,221,339089586,27899,1297854,53,305079,41273,0.8808
2026-10-09,7258480741,4,311.5,377,218,20185342,29534,233013,201,53878,7241,0.8815
2026-10-09,9409870130,4,311.5,415,191,23884529,33692,291283,425,27716,3222,0.8959
2026-10-09,5488708927,4,311.2,404,181,7605190,17183,21752,28,5915,997,0.8558
2026-10-09,9747555206,4,311.0,419,172,42095476,55545,126630,163,32323,6141,0.8403
2026-10-09,6772885092,4,310.2,537,51,105472370,80131,11289838,7400,36125,5453,0.8688
2026-10-09,10029297024,4,310.2,431,189,35181267,33563,139966,72,85973,8822,0.9069
2026-10-09,8300580369,4,310.0,347,275,7926071,17395,82499,89,13027,2111,0.8605
2026-10-09,7198878133,4,309.8,472,120,82951424,71015,327649,2206,31746,15481,0.6722
2026-10-09,10121169692,4,309.8,413,256,14635713,26612,334271,713,70896,1010,0.986
2026-10-09,2033913602,4,309.5,441,173,435170189,26482,1279366,97,415735,30397,0.9319
2026-10-09,6683166603,4,309.5,379,229,35856950,46184,2041924,1284,25143,1454,0.9453
2026-10-09,7325821778,4,309.5,451,223,23354371,20487,154049,64,40221,4295,0.9035
2026-10-09,7510907928,4,309.5,412,187,30424771,27962,129742,53,38925,11543,0.7713
2026-10-09,8299444324,4,309.5,428,216,167878979,90505,10266446,5376,338901,19736,0.945
2026-10-09,10059591740,4,309.0,372,252,26415233,37185,1185837,1661,61034,2881,0.9549
2026-10-09,10453281197,4,308.8,441,135,4412041,57794,233413,2199,1960,1974,0.4982
2026-10-09,10601447895,4,308.8,411,217,39060680,56810,733462,91,31916,5841,0.8453
2026-10-09,10640957718,4,308.8,529,151,4002679,75304,10301,124,3390,2785,0.549
2026-10-09,1247975681,4,308.5,406,162,1870500583,52969,5077016,-10,2156239,379562,0.8503
2026-10-09,3195917432,3,308.0,386,219,68332376,38126,122080,21,52110,7376,0.876
2026-10-09,7126976930,4,308.0,494,63,106824612,68214,73087,66,6397,692,0.9024
2026-10-09,5526272622,4,307.0,521,100,72648816,47824,52654,75,19517,6235,0.7579
2026-10-09,10458028403,4,307.0,467,167,5134879,29789,90787,435,13631,11953,0.5328
2026-10-09,5289155961,4,306.0,411,166,114446282,52375,168500,98,129181,17470,0.8809
2026-10-09,8187135306,4,305.8,453,188,69029844,80742,77694,114,64317,12140,0.8412
2026-10-09,5386253062,4,305.0,514,138,41325994,25408,227249,107,31314,2693,0.9208
2026-10-09,10503838245,4,305.0,322,287,3517067,15585,192079,169,86419,895,0.9897
2026-10-09,7959448908,4,304.5,596,38,29809358,38041,23315,27,15652,4330,0.7833
2026-10-09,10176502031,4,304.5,428,176,15679553,41259,494906,1110,142812,2855,0.9804
2026-10-09,5027504417,4,304.0,465,117,6857796,37205,58207,131,20861,2755,0.8833
2026-10-09,9569441921,4,304.0,410,115,13889677,56472,100358,187,26247,25527,0.507
2026-10-09,10265803948,4,303.8,412,195,122977742,43345,104875,32,62032,12230,0.8353
2026-10-09,10598641427,4,303.2,435,159,5414147,30106,97835,279,18396,1400,0.9293
2026-10-09,5326310507,4,303.0,383,184,138854137,43288,7885487,1269,60299,8158,0.8808
2026-10-09,5700160823,4,303.0,401,171,56929133,53978,3486397,55,11141,3675,0.752
2026-10-09,10019914160,4,302.5,424,117,7436508,34143,25861,133,24038,5000,0.8278
2026-10-09,2719766208,4,302.2,395,220,74429494,39771,352738,105,137505,15584,0.8982
2026-10-09,8238748429,4,301.8,475,139,64256876,46889,122468,194,232331,9162,0.9621
2026-10-09,10372466625,4,301.8,399,205,29142622,55269,63580,33,33821,17684,0.6567
2026-10-09,2705536355,4,301.5,405,181,54040611,25825,122274,33,46570,12519,0.7881
2026-10-09,7742376157,4,301.5,344,229,91518612,42025,1582757,56,16586,2756,0.8575
2026-10-09,10389353525,4,301.5,354,231,13392498,42200,78979,120,31475,2248,0.9333
2026-10-09,9023560962,4,301.0,680,91,7190955,23564,47550,99,17608,1417,0.9255
2026-10-09,2620076187,4,300.8,392,204,215204501,31382,274381,65,116903,20806,0.8489
2026-10-09,7882829745,4,299.8,325,262,361067752,16282,984736,8,481541,9392,0.9809
2026-10-09,8156949424,4,299.8,349,244,22853066,29522,25161,55,8070,3356,0.7063
2026-10-09,10090384240,4,299.5,363,214,5856317,22084,95011,302,28174,2434,0.9205
2026-10-09,10764479494,4,299.5,406,154,633271,38615,2112,100,2868,656,0.8138
2026-10-09,2263267302,4,298.8,352,207,29916140,23267,178990,89,57395,5489,0.9127
2026-10-09,7258574494,4,298.5,451,59,23308463,37433,15057,36,5675,1056,0.8431
2026-10-09,3104101863,4,298.2,400,164,231401229,28031,1150252,14,364904,32454,0.9183
2026-10-09,5369242581,4,298.0,372,190,77318761,31027,1147957,241,52134,15474,0.7711
2026-10-09,7076793942,4,298.0,370,184,88229523,34069,215954,33,523781,16361,0.9697
2026-10-09,9557528747,4,297.8,441,221,10121009,40004,427491,2237,13357,1479,0.9003
2026-10-09,10435851846,4,297.0,444,174,23896033,72183,231450,476,19489,2794,0.8746
2026-10-09,537476076,4,296.8,382,216,212703904,20923,257620,33,52849,6182,0.8953
2026-10-09,1275875292,4,296.2,320,270,573830190,6919,1093944,1,286440,46749,0.8597
2026-10-09,8887260140,4,296.2,335,274,13166161,9818,40291,18,36236,2086,0.9456
2026-10-09,52494682,4,296.0,423,107,171404319,27617,519780,73,176626,28280,0.862
2026-10-09,10765718108,4,296.0,398,238,1991631,49032,52054,724,10197,1358,0.8825
2026-10-09,9237297311,4,295.8,394,119,2248423,49237,18607,250,3103,739,0.8077
2026-10-09,9917678692,4,295.8,386,217,54030269,39968,67143,112,15239,7235,0.6781
2026-10-09,10067177814,4,295.5,369,216,17035811,33830,20118,33,3238,738,0.8144
2026-10-09,10188861194,4,295.5,311,274,2340459,27943,10294,98,4752,332,0.9347
2026-10-09,4573906792,2,295.5,296,295,4755372,13231,90790,910,18932,1419,0.9303
2026-10-09,10024034551,4,295.2,390,155,10544924,31995,415987,938,8014,611,0.9292
2026-10-09,5678594929,4,295.0,364,177,50777083,39569,69649,95,11828,6364,0.6502
2026-10-09,10299262219,4,295.0,426,214,7719982,52089,18691,167,6899,2171,0.7606
2026-10-09,5655148138,4,294.5,474,52,24449221,41353,47565,96,11708,820,0.9345
2026-10-09,10127764368,4,294.2,381,159,5434670,78717,160356,2240,1233,340,0.7839
2026-10-09,31874888,4,293.8,417,229,120102453,40332,365162,171,67206,14343,0.8241
2026-10-09,4434803478,4,293.8,392,201,1031595154,40074,43295867,1960,708401,56570,0.926
2026-10-09,3256689155,3,293.0,353,249,327020337,24067,291742,0,160667,41313,0.7955
2026-10-09,4888219005,4,292.8,352,231,213556084,32465,123360,63,23971,17193,0.5823
2026-10-09,10614082913,4,292.5,423,148,13220266,37153,601370,938,4492,1289,0.777
2026-10-09,5269942725,4,292.2,365,240,30619321,22331,30929,27,25807,14760,0.6362
2026-10-09,7139547730,4,292.2,337,207,54429199,28683,904730,210,90612,6181,0.9361
2026-10-09,7407722254,4,292.0,432,142,37163696,48159,48933,110,7674,1543,0.8326
2026-10-09,6144216261,4,291.8,342,200,41630528,43468,71463,94,36353,2003,0.9478
2026-10-09,10756847038,4,291.8,354,182,1435682,31604,8985,108,3573,436,0.8912
2026-10-09,6420180292,4,291.5,314,256,30656039,23705,218872,159,67257,3990,0.944
2026-10-09,5678463488,4,291.2,316,235,72756086,21971,1774708,289,153151,11774,0.9286
2026-10-09,9668574764,4,291.2,397,161,21975775,39872,1423758,2910,70747,920,0.9872
2026-10-09,10148419081,4,291.2,361,213,618228,31971,9515,387,2788,85,0.9704
2026-10-09,9296280806,4,291.0,374,210,54858896,80551,58822,74,17662,28499,0.3826
2026-10-09,6717464085,4,290.8,328,218,45126396,34432,329098,137,81525,13320,0.8596
2026-10-09,3132040251,4,290.5,320,243,514446657,17530,547284,29,267314,55357,0.8284
2026-10-09,5611522097,4,290.5,422,129,70844755,39635,1405989,665,66146,17257,0.7931
2026-10-09,9086253192,4,290.5,407,192,100267599,29011,3691603,868,43102,2381,0.9477
2026-10-09,10699057921,4,289.8,349,181,4126213,24227,52458,93,10530,1594,0.8685
2026-10-09,8140627455,4,289.2,354,220,96986953,42542,100201,94,108241,8395,0.928
2026-10-09,9702840627,4,289.2,333,177,11707734,32524,202681,418,165339,5692,0.9667
2026-10-09,7690412163,4,289.0,325,235,87567378,23741,211628,57,49149,5073,0.9064
2026-10-09,6216468795,4,288.8,323,220,156632886,30638,236103,69,552375,15092,0.9734
2026-10-09,6795084137,4,288.5,422,220,138178893,41492,9930246,1643,59784,4983,0.9231
2026-10-09,4415513621,4,287.8,353,193,14336895,25653,148382,177,50846,5753,0.8984
2026-10-09,6505212049,4,286.5,425,185,195799540,56035,463837,65,300137,16657,0.9474
2026-10-09,9100068452,4,286.5,412,171,64282434,37197,2809293,1736,235175,14548,0.9417
2026-10-09,4304597338,4,286.2,379,222,85883720,41182,147961,90,61894,7525,0.8916
2026-10-09,7481713061,4,286.2,377,220,72236890,51583,87493,106,74235,3033,0.9607
2026-10-09,9898970160,4,286.0,382,193,61348497,32338,137858,83,163406,4010,0.976
2026-10-09,4627714100,4,285.8,341,243,158788628,88863,2007621,26,59390,15470,0.7933
2026-10-09,10112435932,4,285.8,380,184,4809595,38454,86206,590,8198,326,0.9618
2026-10-09,10224849445,4,285.8,388,137,6213644,26018,49488,196,20867,2350,0.8988
2026-10-09,10136060216,4,285.2,359,181,15450280,49094,15870,48,1653,872,0.6547
2026-10-09,10257007695,4,285.2,356,215,21429698,34080,59372,94,89455,2256,0.9754
2026-10-09,8473646150,4,285.0,341,187,10491916,16832,47583,74,85749,2123,0.9758
2026-10-09,4186374809,4,284.8,355,195,20620322,26198,31967,31,9041,1323,0.8723
2026-10-09,1536694921,4,284.5,341,182,480582954,48202,1470597,91,228175,28141,0.8902
2026-10-09,1962399895,4,284.5,350,248,63350864,15712,170810,6,139011,22241,0.8621
2026-10-09,2406494408,4,283.8,392,150,429501526,53869,431445,59,97730,42061,0.6991
2026-10-09,1871172282,4,282.8,410,165,102084601,32049,355627,50,176118,51347,0.7743
2026-10-09,7074860883,4,282.8,342,232,1013008736,18411,2740864,-61,1292253,41390,0.969
2026-10-09,9177208241,4,282.8,347,151,80033339,39131,412315,123,39026,16908,0.6977
2026-10-09,905954377,4,282.0,420,164,165361850,13613,426909,29,102872,17168,0.857
2026-10-09,3349588628,4,281.0,389,151,59324382,38312,1233554,27,39395,6493,0.8585
2026-10-09,2426874309,4,280.8,365,159,222660087,14092,682849,30,216818,34057,0.8642
2026-10-09,4691024791,4,280.5,316,205,216673565,40672,150165,92,26055,20070,0.5649
2026-10-09,7886873133,4,280.5,494,178,37652155,43893,194000,103,37683,3032,0.9255
2026-10-09,3264293423,3,280.0,449,68,235267571,28141,686087,24,173758,18159,0.9054
2026-10-09,6500439907,4,280.0,462,101,48757195,35003,159527,48,48145,13343,0.783
2026-10-09,8773050457,4,280.0,350,133,32924382,22938,123138,126,49871,8715,0.8512
2026-10-09,9711972386,4,280.0,302,260,14491589,14207,27293,13,12633,2457,0.8372
2026-10-09,5937080379,4,280.0,362,205,66511669,29439,248839,69,290480,13598,0.9553
2026-10-09,5147512977,4,279.8,369,180,134793250,27089,6107673,504,10111,2644,0.7927
2026-10-09,5596056495,4,279.8,354,168,111400567,52888,222663,143,44288,5220,0.8946
2026-10-09,6936784768,4,279.8,422,137,68192703,56810,3406057,2772,69125,17216,0.8006
2026-10-09,9630276723,4,279.5,385,192,50701924,29756,65286,43,39467,2596,0.9383
2026-10-09,9893515490,4,279.5,391,190,58796641,32529,1340762,524,433792,7273,0.9835
2026-10-09,10138988383,4,279.5,403,210,30534908,31549,62329,63,51920,2017,0.9626
2026-10-09,6302798808,4,279.2,393,170,16495378,22014,420389,669,23558,1448,0.9421
2026-10-09,10113294071,4,279.0,397,157,22241860,43797,130285,216,227129,2446,0.9893
2026-10-09,1404342734,4,278.8,306,240,75433109,24599,293063,47,117001,22431,0.8391
2026-10-09,2327642508,4,278.8,351,177,510319653,30355,1633350,58,489818,62414,0.887
2026-10-09,5329644515,4,278.8,393,196,64790169,29821,86908,79,7972,1248,0.8646
2026-10-09,6475810089,4,278.8,379,198,140123588,23519,2196973,23,128683,7882,0.9423
2026-10-09,8847904177,4,278.8,338,176,31541795,51075,4291295,4801,9731,1561,0.8618
2026-10-09,10340721921,4,278.8,357,217,11048326,28122,36428,33,47474,2500,0.95
2026-10-09,5080118977,4,277.8,399,143,33354808,27915,86277,44,27707,4127,0.8704
2026-10-09,7497527552,4,277.5,382,158,11260267,24507,32270,122,23448,2415,0.9066
2026-10-09,7386897403,4,277.2,353,197,7370383,34803,7523,30,11159,3488,0.7619
2026-10-09,5974009462,4,277.0,334,242,178349923,44994,77848,36,24252,15226,0.6143
2026-10-09,8494484575,4,277.0,335,207,78592761,24892,3299436,1313,126235,2771,0.9785
2026-10-09,10246386961,4,277.0,327,192,60713617,37683,1316032,568,243036,3026,0.9877
2026-10-09,1859597048,4,276.5,395,180,636306235,36187,629877,50,185077,29455,0.8627
2026-10-09,3507461489,2,276.5,345,208,21189744,15267,36026,27,11638,1669,0.8746
2026-10-09,6052033819,4,276.0,314,220,130511432,29388,5837545,633,668983,15723,0.977
2026-10-09,9822980692,4,275.8,364,189,18886673,28704,64332,36,83093,3257,0.9623
2026-10-09,110988953,4,275.5,441,170,701578268,24569,1925729,29,445260,63695,0.8749
2026-10-09,371112664,4,275.5,337,213,101596500,21611,1787940,15,311564,29374,0.9138
2026-10-09,5479908441,4,275.5,354,198,755871761,29704,394016,4,498244,27534,0.9476
2026-10-09,10067173115,4,274.5,386,167,22753589,44216,74147,122,129041,80500,0.6158
2026-10-09,7041101865,4,273.8,420,115,9097648,49823,28460,206,7906,1600,0.8317
2026-10-09,1005391673,4,273.8,339,205,20405571,35911,170000,238,55511,4116,0.931
2026-10-09,16876831,4,272.8,342,142,121333109,21986,481645,50,179253,28994,0.8608
2026-10-09,10090818841,4,272.8,459,78,1968892,17349,1929,15,2780,917,0.752
2026-10-09,8824087733,4,272.2,437,68,13783402,24746,8209,9,4078,616,0.8688
2026-10-09,1347180440,4,272.0,302,229,174171144,12563,387411,7,195533,20787,0.9039
2026-10-09,6651491108,4,271.8,355,201,70027809,41543,105338,40,147688,11829,0.9258
2026-10-09,2114144926,4,271.2,290,233,1112061450,47235,532858,-9,439207,32468,0.9312
2026-10-09,5371127625,4,271.0,343,139,93934658,29926,32585,14,42650,5206,0.8912
2026-10-09,6093419211,4,271.0,330,187,42831605,54731,2857187,109,2343,1032,0.6942
2026-10-09,8203580812,4,271.0,439,134,29693303,39123,386134,472,21529,11205,0.6577
2026-10-09,10674300622,4,271.0,317,197,36952200,80596,118992,190,31142,3050,0.9108
2026-10-09,6766995704,4,270.5,367,122,178673247,40708,72768,35,62578,10256,0.8592
2026-10-09,6957250918,4,270.5,353,145,14332550,43635,73071,190,27073,10442,0.7217
2026-10-09,10065930742,4,270.2,357,159,5131814,33978,351681,1392,1706,563,0.7519
2026-10-09,8333899831,4,270.0,338,211,1854115,14436,12343,19,3357,1388,0.7075
2026-10-09,63951305,4,269.8,365,186,890598416,18204,3839346,60,1153074,144196,0.8888
2026-10-09,1943254200,4,269.2,598,61,49238685,21618,124341,49,44561,6679,0.8697
2026-10-09,9980643140,4,269.2,485,17,33377927,39139,2883947,3882,2663,1016,0.7238
2026-10-09,10299695016,4,268.8,323,152,16730158,22792,689267,73,72686,2865,0.9621
2026-10-09,3531364646,2,268.5,331,206,122855428,17881,7222597,643,23608,11245,0.6774
2026-10-09,7893073096,4,268.5,387,70,42697352,53070,300600,66,9290,1709,0.8446
2026-10-09,9282371706,4,267.5,368,109,28230172,53961,267413,336,13594,3224,0.8083
2026-10-09,6596003198,4,267.0,338,205,39320501,34495,380157,226,129152,9537,0.9312
2026-10-09,4268443739,4,266.5,293,207,135912250,48776,2110662,106,30203,9258,0.7654
2026-10-09,3322582746,4,266.2,411,142,72922928,34606,91155,58,29196,13687,0.6808
2026-10-09,1930696602,4,265.8,317,184,75573598,29137,172092,16,60974,18752,0.7648
2026-10-09,8211072456,4,265.8,365,137,19382371,46827,49515,85,7419,1428,0.8386
2026-10-09,2132866904,4,265.2,351,148,211956780,36655,1670027,112,471501,70603,0.8698
2026-10-09,2383988292,4,265.0,378,163,497369944,27913,908703,46,227027,19802,0.9198
2026-10-09,10758992223,4,264.8,447,90,3317986,28922,183216,1324,1938,379,0.8364
2026-10-09,3827505494,4,264.2,288,224,30944215,25948,51838,31,15431,6325,0.7093
2026-10-09,3934054182,4,264.2,363,169,63357562,22517,1125810,520,184674,11294,0.9424
2026-10-09,6221848978,4,264.2,531,97,47735723,36604,451985,72,93048,16756,0.8474
2026-10-09,8844400854,4,264.2,456,63,184758512,40808,402176,12,96956,7717,0.9263
2026-10-09,1860435730,4,264.0,343,126,104414658,24779,1783082,1313,34421,8372,0.8044
2026-10-09,4990825012,4,263.2,367,147,205039282,28709,8852661,642,13710,6316,0.6846
2026-10-09,3437355615,3,263.0,325,201,216335110,32425,264256,54,214072,11825,0.9477
2026-10-09,9704343971,4,263.0,357,173,142725980,34866,317798,70,265901,10279,0.9628
2026-10-09,7079152534,4,262.8,390,139,76013621,50826,4133052,1392,89220,12854,0.8741
2026-10-09,7691800287,4,262.8,417,124,100998894,28469,3137642,594,52826,15433,0.7739
2026-10-09,2717209656,4,262.5,307,175,27619456,34931,80217,97,14062,5346,0.7245
2026-10-09,7896346755,4,262.0,374,136,41801705,52347,79978,177,89118,3792,0.9592
2026-10-09,9355540807,4,262.0,313,240,25320514,28229,23228,43,3989,3108,0.5621
2026-10-09,9882110948,4,262.0,400,187,16866849,28630,41725,55,67206,14569,0.8218
2026-10-09,10765566974,4,261.8,356,129,1997815,56165,101975,2329,7722,1412,0.8454
2026-10-09,10516060568,4,261.8,404,25,6978407,23941,18111,57,23235,710,0.9703
2026-10-09,3781225418,4,261.8,412,105,58268522,42218,117136,100,44207,7435,0.856
2026-10-09,5617259335,4,261.5,380,90,8839419,12494,29485,28,8345,1452,0.8518
2026-10-09,9710205604,4,261.5,329,204,29261690,23465,498185,200,76550,4308,0.9467
2026-10-09,9585571512,4,261.2,347,144,30352595,37354,41332,59,12322,2545,0.8288
2026-10-09,7972256224,4,260.8,344,184,3931731,7925,46268,65,15936,898,0.9467
2026-10-09,8152539587,4,260.0,335,215,107377971,39045,11529894,3033,97854,10351,0.9043
2026-10-09,1111698561,4,260.0,363,131,699044268,31526,1096938,44,334551,96316,0.7765
2026-10-09,1835674207,4,259.8,387,146,115278755,40904,126191,104,22505,3500,0.8654
2026-10-09,10290366643,4,259.8,349,135,12546901,23204,30975,54,7554,2375,0.7608
2026-10-09,7940293048,4,259.0,464,29,2900114,59240,3653,68,1099,429,0.7192
2026-10-09,2894092245,4,258.5,363,156,204935286,44843,12974950,5095,14792,7905,0.6517
2026-10-09,5259044414,4,258.2,371,112,68750570,21585,95128,55,50280,8547,0.8547
2026-10-09,9560516761,4,257.8,489,70,30757208,51259,23140,51,9043,1697,0.842
2026-10-09,6022371481,4,257.5,305,160,78042499,38847,142958,76,50192,17765,0.7386
2026-10-09,9800616505,4,257.0,330,189,3774432,24761,47080,167,14232,2002,0.8767
2026-10-09,6418247233,4,256.8,339,158,119325420,29693,4095167,1011,41312,2741,0.9378
2026-10-09,10014496141,4,256.8,395,118,7464169,64750,740069,3576,732,320,0.6958
2026-10-09,8212965377,4,256.2,338,200,54446593,49057,56847,53,29642,2629,0.9185
2026-10-09,10204207151,4,256.2,321,196,26204497,22324,67627,12,39624,5439,0.8793
2026-10-09,125205164,4,255.0,311,200,363573465,26918,2076289,72,440152,63367,0.8742
2026-10-09,3222531984,3,255.0,298,224,108430097,45217,225007,99,79807,9103,0.8976
2026-10-09,10235992289,4,254.8,345,136,3220949,54893,49338,643,2797,516,0.8442
2026-10-09,9459951439,4,254.2,284,193,8896625,26509,163982,307,13185,734,0.9473
2026-10-09,5709370512,4,254.0,311,199,387945520,53101,594680,41,64345,27757,0.6986
2026-10-09,10648555380,4,254.0,287,236,2138424,51684,52852,2614,9896,469,0.9548
2026-10-09,6709042729,4,253.2,321,148,47317960,42548,419788,297,28473,7270,0.7966
2026-10-09,9761700404,4,253.2,370,142,147133110,48821,172780,96,112195,9881,0.9191
2026-10-09,10232632495,4,253.2,326,150,19354878,46379,34377,134,9433,2436,0.7948
2026-10-09,9330616906,4,252.8,302,220,69971159,21712,2337632,589,133614,6322,0.9548
2026-10-09,7118588325,4,252.2,335,179,78924109,32366,285900,129,211985,15746,0.9309
2026-10-09,2278167893,4,252.0,442,162,149003333,46323,190784,63,33349,14804,0.6926
2026-10-09,3645347821,4,252.0,374,169,390021265,39626,666022,40,381241,76218,0.8334
2026-10-09,9832907106,1,252.0,252,252,24995235,0,37881,0,3619,2430,0.5983
2026-10-09,10417857486,4,251.8,283,230,13913984,39039,91122,142,27893,2268,0.9248
2026-10-09,3232181171,3,251.7,342,187,60150021,33497,230468,161,89962,9884,0.901
2026-10-09,9146149577,4,251.5,373,207,22386258,27307,19608,54,4840,1097,0.8152
2026-10-09,10148434559,4,251.5,304,209,72392516,29610,475346,225,86829,2912,0.9676
2026-10-09,7435020231,4,250.2,275,230,34517074,15306,120517,31,72341,6968,0.9121
2026-10-09,7674469859,4,250.2,282,181,166321740,22645,11531609,345,401240,17625,0.9579
2026-10-09,4511892440,4,250.0,410,67,41458401,22379,102486,8,4383,849,0.8377
2026-10-09,9561352550,4,250.0,327,187,11159161,11487,30335,42,29929,2547,0.9216
2026-10-09,6453200442,4,249.5,302,157,60560165,51651,6813285,5432,49121,7705,0.8644
2026-10-09,10232922349,4,249.2,312,177,7274092,26550,75002,165,64159,848,0.987
2026-10-09,4610249460,4,249.0,265,231,265103230,39700,132198,81,13502,7791,0.6341
2026-10-09,9240065211,4,248.2,317,127,52545304,28259,2429671,954,229636,4950,0.9789
2026-10-09,5925801449,4,248.2,300,220,18588588,19288,27121,103,29920,1675,0.947
2026-10-09,9551067322,4,248.2,324,167,10368972,22054,22180,53,19019,1947,0.9071
2026-10-09,9560810097,4,248.2,299,183,18528641,31280,1269757,1922,20120,2812,0.8774
2026-10-09,10039338037,4,247.8,275,216,231757245,24860,2481003,157,795873,14475,0.9821
2026-10-09,2131410080,4,247.5,314,143,19062906,36177,68755,86,16836,3957,0.8097
2026-10-09,7957168819,4,247.5,283,204,35840530,32177,116648,102,177698,2660,0.9853
2026-10-09,9137416017,4,247.2,305,138,77264075,85248,39708,32,23013,10045,0.6961
2026-10-09,9878210988,4,247.2,298,148,5060461,25974,49322,195,19380,3519,0.8463
2026-10-09,4113699767,4,246.8,345,113,61418266,26977,300088,90,82750,7304,0.9189
2026-10-09,9804429271,4,246.8,376,153,35978042,23911,2023234,1190,44016,1774,0.9613
2026-10-09,10086454767,4,246.8,281,214,20113459,18728,55950,52,24368,1717,0.9342
2026-10-09,6239989165,4,246.2,318,174,45700552,15200,64578,22,29410,3848,0.8843
2026-10-09,2921237723,4,246.0,337,171,144239446,30490,775532,90,144991,36874,0.7972
2026-10-09,7113705633,4,246.0,303,183,19705681,17958,476256,476,361775,8357,0.9774
2026-10-09,7546135071,4,246.0,361,170,179575856,42266,172393,78,92104,6235,0.9366
2026-10-09,8561270645,4,245.8,305,171,47719784,34364,1003569,636,11704,2985,0.7968
2026-10-09,7084172542,4,245.5,372,144,2013805,16794,41322,289,12488,1253,0.9088
2026-10-09,10550305160,4,245.5,394,108,1083277,37151,7841,186,2032,468,0.8128
2026-10-09,4512331818,4,245.2,409,66,26981376,22106,83019,42,24511,8042,0.753
2026-10-09,10762175328,4,245.0,285,218,1091031,35104,2712,67,3285,254,0.9282
2026-10-09,5403859973,4,244.8,324,154,28366007,14624,261054,75,62523,8156,0.8846
2026-10-09,10234313662,4,244.0,307,173,1191874,15520,6494,33,2959,402,0.8804
2026-10-09,9908843098,4,243.8,323,180,29108947,43229,2128343,3561,26905,3723,0.8784
2026-10-09,2588044974,4,243.5,327,190,640185274,138779,774873,145,285693,18876,0.938
2026-10-09,7729029844,4,243.5,308,140,13107437,38011,59611,99,16171,4289,0.7904
2026-10-09,5157735000,4,243.2,367,164,40631958,59273,519856,125,44579,10867,0.804
2026-10-09,10456786408,4,243.2,340,162,10242442,34884,586454,1441,2784,338,0.8917
2026-10-09,3293525400,3,243.0,275,226,75781895,20854,312252,49,120632,15091,0.8888
2026-10-09,9604810345,4,242.5,353,112,46477227,28886,2283289,1467,66292,8232,0.8895
2026-10-09,10634585968,4,242.5,291,206,7907212,34456,296418,885,4729,901,0.84
2026-10-09,6071712615,4,242.0,310,166,124027142,32799,1244853,317,108898,12030,0.9005
2026-10-09,9681943457,4,241.8,336,141,46301923,30740,34522,60,32233,2795,0.9202
2026-10-09,143384880,4,241.2,407,113,382733142,36925,1687510,120,347248,87627,0.7985
2026-10-09,2515550066,4,240.8,420,80,535837915,22809,6333780,1316,927040,49772,0.949
2026-10-09,4086773669,4,240.8,271,204,506419527,22776,242534,59,84398,29769,0.7393
2026-10-09,5800312217,4,240.8,261,215,106038069,23378,988341,67,988880,14427,0.9856
2026-10-09,3258251641,3,240.7,244,235,107115430,16887,162477,24,91589,17942,0.8362
2026-10-09,3223065041,3,240.3,271,218,115625611,20272,495505,41,137368,14642,0.9037
2026-10-09,9150975254,4,240.2,295,161,55338152,28543,1515818,525,61437,5981,0.9113
2026-10-09,6624299680,4,239.2,271,193,100094577,25552,468722,78,140162,7123,0.9516
2026-10-09,3854678859,4,239.0,304,148,403141291,51842,192280,151,34808,11855,0.7459
2026-10-09,10450501528,4,239.0,323,123,6846138,20642,32550,76,8422,2201,0.7928
2026-10-09,5896294411,4,239.0,287,156,159117822,67397,319773,51,42533,10320,0.8047
2026-10-09,9948825950,4,238.8,308,142,23762463,45527,1962804,3333,6720,3110,0.6836
2026-10-09,6801595469,4,238.5,335,150,66339685,41337,152703,110,25902,4250,0.859
2026-10-09,10766426236,4,238.5,319,117,1352126,32547,28732,618,2552,588,0.8127
2026-10-09,4755741100,4,238.2,320,118,514875536,44850,275495,102,27128,12339,0.6874
2026-10-09,7779759515,4,238.0,280,183,82781520,27885,348189,128,238624,4634,0.981
2026-10-09,6925369391,4,237.8,309,201,162565066,24044,707269,83,855105,16608,0.9809
2026-10-09,4513784130,4,237.2,356,43,74709400,51226,32893,51,6868,3461,0.6649
2026-10-09,9045519638,1,237.0,237,237,18345539,0,1963378,0,2377,308,0.8853
2026-10-09,6146194050,4,236.0,295,136,107286111,45087,320900,112,82774,19189,0.8118
2026-10-09,4050977276,4,235.8,312,137,316435591,44120,7717621,2528,26121,28845,0.4752
2026-10-09,10015834582,4,235.2,366,134,60902592,32139,69266,50,18585,3990,0.8233
2026-10-09,10232373522,4,235.0,286,142,26745578,77275,1237522,1950,65637,7567,0.8966
2026-10-09,1269441040,4,234.5,281,132,288730575,28611,756204,51,145076,65509,0.6889
2026-10-09,7023488558,4,234.5,288,150,140638852,29633,180030,50,90307,17739,0.8358
2026-10-09,3032132418,4,234.2,298,169,79139753,25226,96532,31,39092,9542,0.8038
2026-10-09,5651961021,4,233.2,287,130,14457658,19331,81450,164,15784,3010,0.8398
2026-10-09,10150875031,4,233.2,317,139,27134169,29664,71760,64,82170,4727,0.9456
2026-10-09,3615728730,4,233.2,264,201,27276537,13991,520588,165,130035,14076,0.9023
2026-10-09,4724071612,4,233.0,292,153,466113928,30999,670281,-9,409141,105849,0.7945
2026-10-09,9664591047,4,233.0,319,185,29131823,42161,71106,86,6740,3260,0.674
2026-10-09,7637748042,4,233.0,366,63,42331874,26671,36944,26,45519,4436,0.9112
2026-10-09,5286749994,4,232.8,340,108,57087805,16214,685078,21,140750,29152,0.8284
2026-10-09,3274817696,3,232.7,281,162,142863604,37304,154828,68,48343,41805,0.5363
2026-10-09,9271890694,4,232.5,242,224,11369109,11606,159685,16,194659,4822,0.9758
2026-10-09,5819738730,4,232.5,262,186,25535335,10600,176462,36,116788,7912,0.9366
2026-10-09,2029776337,4,232.2,347,107,262351147,27334,471547,31,78430,21467,0.7851
2026-10-09,5557213486,4,232.2,319,188,126232535,33258,369434,70,72631,5160,0.9337
2026-10-09,10357992717,4,232.2,256,212,73556121,61477,192024,828,54313,2502,0.956
2026-10-09,5315312115,1,232.0,232,232,10686351,3286,93469,15,14849,2229,0.8695
2026-10-09,5905501282,4,231.8,339,122,85030345,28670,1756510,-7,108497,25806,0.8079
2026-10-09,7617886606,4,231.5,408,111,2571425,37571,29188,270,1594,381,0.8071
2026-10-09,2587270618,4,230.8,280,156,505487027,42235,657374,42,114924,33331,0.7752
2026-10-09,4257969255,4,230.5,357,100,86391939,21520,262106,47,206961,12800,0.9418
2026-10-09,1157126388,4,230.5,308,135,354055643,28198,1157272,59,311376,36023,0.8963
2026-10-09,117307972,4,230.2,265,168,909279383,14002,2824903,24,931010,84407,0.9169
2026-10-09,10593671708,4,230.2,271,197,2888016,39439,7582,240,837,221,0.7911
2026-10-09,1352659201,4,229.8,319,165,69714810,31252,203659,60,61702,19696,0.758
2026-10-09,9292113306,4,229.8,272,186,42286836,30610,304819,67,5847,2639,0.689
2026-10-09,10341337656,4,229.5,282,148,3993393,28834,20629,77,4075,1044,0.7961
2026-10-09,9411563986,4,229.2,284,177,89365978,34114,154593,43,138610,27628,0.8338
2026-10-09,26216381,4,229.0,261,184,138409962,22090,490762,5,166780,22755,0.8799
2026-10-09,10524089399,4,229.0,285,199,4254140,30227,310413,1700,3567,121,0.9672
2026-10-09,4919010625,4,228.8,306,134,137599921,21920,241735,36,113935,13939,0.891
2026-10-09,1229590289,4,228.5,317,190,98896782,40216,4197724,3366,61395,8998,0.8722
2026-10-09,3878727131,4,228.5,238,210,117708230,13803,187434,84,88075,8584,0.9112
2026-10-09,9145282410,4,228.5,340,113,40753580,21299,291460,102,39653,7360,0.8434
2026-10-09,4760747038,4,228.2,291,144,38211109,29930,400835,-14,204477,28392,0.8781
2026-10-09,10205184118,4,227.8,252,175,20654262,31425,63393,93,50797,3120,0.9421
2026-10-09,10406668651,4,227.5,266,169,23470973,16186,555752,418,134871,4498,0.9677
2026-10-09,10337069275,4,227.5,297,141,7348125,10479,65882,92,40093,3574,0.9182
2026-10-09,4924516231,4,227.2,468,99,119891078,13766,104377,35,149819,15323,0.9072
2026-10-09,7652236703,4,227.0,335,150,64685647,38569,32029,53,6476,1414,0.8208
2026-10-09,1221933810,4,226.8,296,131,182777190,50717,512423,152,85945,23822,0.783
2026-10-09,8178650215,4,226.8,263,135,32612574,41249,2397690,3694,91827,3046,0.9679
2026-10-09,10234614974,4,226.8,297,189,14207564,20508,19735,28,38283,1295,0.9673
2026-10-09,5607392395,4,226.5,283,160,15217660,11039,14081,21,17053,1721,0.9083
2026-10-09,9934748045,4,226.2,330,132,38377259,28609,280928,578,20117,15503,0.5648
2026-10-09,280343502,4,226.0,323,141,402941615,29639,1667492,49,476671,83499,0.8509
2026-10-09,7294576294,4,226.0,302,158,43502925,38353,3634532,3334,17032,3983,0.8105
2026-10-09,9715909786,4,225.8,257,180,104588008,27611,3758192,693,41032,9965,0.8046
2026-10-09,7653031880,4,225.8,314,169,27489613,35900,155723,194,24278,3321,0.8797
2026-10-09,1257593254,4,225.5,297,145,350962459,24296,6378592,1565,216378,18030,0.9231
2026-10-09,2865006607,4,225.5,290,144,99846361,30479,148525,95,39743,18290,0.6848
2026-10-09,5379950946,4,225.2,390,135,61124373,29118,810144,23,33094,5645,0.8543
2026-10-09,7071645746,4,225.0,307,176,73362598,18581,3073152,729,181677,4489,0.9759
2026-10-09,10512998138,4,225.0,337,61,11467016,32021,1062728,3259,19898,1257,0.9406
2026-10-09,7742053421,4,224.8,340,114,90811358,34527,5929974,1227,32686,10403,0.7586
2026-10-09,10766456501,4,224.8,301,185,254209646,142367,286433,183,177034,35813,0.8317
2026-10-09,7459972296,4,224.5,289,145,100029207,31416,2244019,584,78377,2989,0.9633
2026-10-09,2227097851,4,224.2,270,191,7748474,31714,15474,56,9316,876,0.9141
2026-10-09,7091353712,4,224.2,300,151,18366008,21495,50770,89,13085,4786,0.7322
2026-10-09,7142584993,4,224.0,268,183,30550665,33460,484274,465,20807,616,0.9712
2026-10-09,10395004419,4,224.0,277,116,17958062,36390,2741512,5357,3957,804,0.8311
2026-10-09,9750146698,4,223.2,407,15,46282758,43531,31684,37,3714,503,0.8807
2026-10-09,4552793904,4,223.0,387,112,354858941,40821,229229,87,189341,27856,0.8717
2026-10-09,9867760183,4,222.5,360,121,76688366,33884,188262,67,82609,10397,0.8882
2026-10-09,10310095331,4,222.5,393,54,3224640,15088,27383,106,3004,357,0.8938
2026-10-09,4894729602,4,222.0,268,158,101404370,27436,4270657,1713,74159,6190,0.923
2026-10-09,8618085157,4,222.0,293,189,49060674,26895,64825,83,17337,3179,0.845
2026-10-09,1006875674,4,222.0,266,192,20929854,17167,29413,17,8076,1639,0.8313
2026-10-09,3569141441,2,221.5,316,127,54394566,5313,310753,8,75735,15036,0.8344
2026-10-09,9043900837,4,220.8,300,98,6069323,16791,89589,118,18483,1423,0.9285
2026-10-09,1400034651,4,220.2,462,61,24679397,19592,278842,83,62564,5295,0.922
2026-10-09,2033000034,4,219.8,283,166,222043249,45505,242060,18,96587,11992,0.8896
2026-10-09,9630866039,4,219.5,266,139,3546816,29108,28058,205,8900,756,0.9217
2026-10-09,5847579910,4,219.5,266,111,90552497,32750,263058,69,59511,11711,0.8356
2026-10-09,32095083,4,219.2,279,146,369492538,32252,1566866,111,359248,73101,0.8309
2026-10-09,6749892429,4,219.0,269,166,42660194,14890,146560,49,50905,7260,0.8752
2026-10-09,9144698943,4,219.0,259,196,36411393,23567,36288,16,14079,5282,0.7272
2026-10-09,422959610,4,218.8,323,113,123491088,23874,216673,38,39273,12047,0.7653
2026-10-09,1733898268,4,218.8,447,33,51653189,22578,328043,95,63880,4299,0.9369
2026-10-09,1522593851,4,218.2,272,169,31829509,16619,380339,193,85944,13498,0.8643
2026-10-09,5045757922,4,218.0,271,186,212848589,34754,8749409,1487,7201,2403,0.7498
2026-10-09,8053835414,4,218.0,255,153,27524208,20293,32176,33,9994,1571,0.8642
2026-10-09,4098607814,4,217.8,296,115,276585031,37656,270512,64,79971,26685,0.7498
2026-10-09,6780150139,4,217.8,304,137,23658976,16723,162401,123,110267,12623,0.8973
2026-10-09,7866302411,4,217.5,296,126,53182258,21496,129425,-1,53527,3815,0.9335
2026-10-09,10354167851,4,217.5,299,101,12306306,21770,28297,43,7342,1575,0.8234
2026-10-09,604142934,4,217.2,248,169,338413726,15855,1098101,17,326768,105186,0.7565
2026-10-09,6399835454,4,217.2,277,151,32802274,11933,286172,36,31827,2353,0.9312
2026-10-09,4844688863,4,217.2,348,27,11266229,14198,16568,23,6772,1315,0.8374
2026-10-09,2782489944,4,217.0,248,166,25280216,15202,52436,25,16673,4408,0.7909
2026-10-09,4082023366,4,217.0,317,145,158829118,37709,186462,69,40193,3929,0.911
2026-10-09,4535642329,4,217.0,285,147,32003950,30225,600613,271,110471,14600,0.8833
2026-10-09,7088784977,4,217.0,277,165,54837710,20398,314346,96,53078,4711,0.9185
2026-10-09,3825332406,4,216.5,236,179,254603792,51033,382400,-8,238875,16212,0.9364
2026-10-09,7335437420,4,216.5,314,142,16031996,21639,805120,833,110342,3001,0.9735
2026-10-09,7835102410,4,216.5,256,140,144485286,35641,9040535,1827,12205,2896,0.8082
2026-10-09,4542048826,4,216.2,269,153,93937056,18500,173532,18,70293,6823,0.9115
2026-10-09,6944270854,4,215.8,257,143,123352464,30968,102200,56,98343,13635,0.8782
2026-10-09,10764492565,4,215.8,229,207,287876,14661,1688,65,624,84,0.8814
2026-10-09,2232507648,4,215.5,251,152,235267901,22882,669285,14,398729,25300,0.9403
2026-10-09,6200551119,4,215.5,282,127,26260109,26897,846702,480,65798,17344,0.7914
2026-10-09,6735081142,4,215.5,310,105,101067872,33626,296099,73,92859,7876,0.9218
2026-10-09,6231868526,4,215.2,354,143,7406818,19859,39171,66,12870,2519,0.8363
2026-10-09,9226697658,4,215.2,253,171,4104137,13209,43763,60,90340,1503,0.9836
2026-10-09,9419242500,4,215.2,283,168,28806902,28334,492763,144,122544,2301,0.9816
2026-10-09,5408397887,4,214.8,270,164,35820494,30655,97236,81,36166,3591,0.9097
2026-10-09,9599630721,4,214.8,263,170,51254878,26202,109159,58,79635,4861,0.9425
2026-10-09,2435071056,4,214.5,325,76,106166329,23893,120682,40,21565,6373,0.7719
2026-10-09,3475191052,2,214.5,323,106,401813099,13341,693259,16,267062,25172,0.9139
2026-10-09,10539789203,4,214.5,299,128,7261758,21605,61384,104,20045,2274,0.8981
2026-10-09,8079278639,4,214.2,252,153,2469824,8059,27086,57,7756,1034,0.8824
2026-10-09,4849157113,4,213.8,293,108,36009520,28182,178007,62,35931,8281,0.8127
2026-10-09,7430288939,4,213.8,356,104,9230956,21819,11166,36,4086,553,0.8808
2026-10-09,321279858,4,213.2,317,131,1665004017,29665,5124614,33,1625916,187630,0.8965
2026-10-09,7191432947,4,213.2,299,139,78026172,35811,442550,144,110038,8270,0.9301
2026-10-09,8728034884,4,213.2,438,53,10089580,19754,24402,30,10508,1797,0.854
2026-10-09,5354625397,4,213.0,264,148,32882411,12161,144500,6,54998,8468,0.8666
2026-10-09,8913675853,4,212.8,304,104,40542900,27330,49026,45,30389,19431,0.61
2026-10-09,8596938601,4,212.5,279,186,28532646,13127,104108,47,37584,3023,0.9256
2026-10-09,2464573238,4,212.2,349,96,288745097,37800,272759,98,53534,31218,0.6317
2026-10-09,3326279937,4,212.2,249,153,74898600,17022,410109,30,113351,19239,0.8549
2026-10-09,4887744468,4,212.2,233,167,85222062,27192,368636,56,92899,12359,0.8826
2026-10-09,8209640691,4,212.2,239,165,68367465,53945,340785,252,146619,5777,0.9621
2026-10-09,9528783772,1,212.0,212,212,14106683,0,22868,0,3030,1115,0.731
2026-10-09,4877714411,4,211.5,295,148,318858829,30565,1065351,31,203888,26481,0.885
2026-10-09,6755261897,4,211.5,279,126,118693422,55005,118855,153,60767,22809,0.7271
2026-10-09,7199608878,4,211.5,315,137,55532582,20524,182506,44,290223,5504,0.9814
2026-10-09,8974153311,4,211.2,274,110,3195895,17506,11103,53,3158,500,0.8633
2026-10-09,7713362139,4,210.8,258,124,87530008,24676,2577067,988,8526,4083,0.6762
2026-10-09,123069416,4,210.5,266,142,88890024,27013,512084,86,154395,15992,0.9061
2026-10-09,3178326002,3,210.3,436,47,29717306,35400,20204,60,7308,1205,0.8585
2026-10-09,10767094794,4,210.0,337,90,1036238,53166,7353,260,1730,5965,0.2248
2026-10-09,2618786652,4,209.8,241,159,52686034,13137,327836,-9,72745,11305,0.8655
2026-10-09,2080556531,4,209.5,314,94,110868449,18314,115893,26,38038,5060,0.8826
2026-10-09,10536853610,4,209.0,290,72,5416997,38369,14885,89,19905,2677,0.8815
2026-10-09,928270134,4,208.8,229,169,63158333,24764,269733,52,86118,11568,0.8816
2026-10-09,10230921598,4,208.5,261,148,144438329,37369,9314877,1429,77676,9131,0.8948
2026-10-09,1739980248,4,208.2,270,164,135001785,34271,434813,51,175406,52732,0.7689
2026-10-09,8836930196,4,208.2,258,137,11359145,14384,64024,67,24409,6233,0.7966
2026-10-09,4833468691,4,207.8,426,87,101050217,30045,216201,79,36011,16388,0.6872
2026-10-09,6314664695,4,207.8,283,138,62319197,15094,2905476,549,169139,13129,0.928
2026-10-09,7518216173,4,207.8,256,130,74805668,104192,65938,76,52058,4716,0.9169
2026-10-09,9031167776,4,207.8,295,121,2255435,22340,15253,91,5007,354,0.934
2026-10-09,9507134447,4,207.8,312,151,31251974,13832,1124695,766,80510,1634,0.9801
2026-10-09,7278893183,4,207.5,234,173,75205190,45533,102186,80,21072,4132,0.8361
2026-10-09,44636121,4,207.2,247,184,84811451,10380,573824,7,182461,28096,0.8666
2026-10-09,10134375742,4,207.2,291,143,27256970,19495,84575,39,167865,12306,0.9317
2026-10-09,700312613,4,206.8,253,156,365017216,27771,220374,55,37259,46584,0.4444
2026-10-09,6424949786,4,206.8,273,157,35320329,36471,360503,167,93091,2941,0.9694
2026-10-09,10173396939,4,206.8,424,75,17916658,34108,1675269,1911,17309,1510,0.9198
2026-10-09,9636406493,2,206.5,207,206,5440665,6868,87017,248,12855,2415,0.8418
2026-10-09,6075694711,4,206.0,267,148,32066060,17620,130134,57,42621,11219,0.7916
2026-10-09,3647595473,4,206.0,296,111,63253906,26313,116641,71,23901,5269,0.8194
2026-10-09,10093833731,4,205.8,222,191,51066189,11903,80265,-2,53159,4808,0.9171
2026-10-09,1463361180,4,205.5,272,108,28439522,11455,376177,98,88095,9961,0.8984
2026-10-09,5129563181,4,205.5,283,123,71254469,12619,313456,32,69285,8809,0.8872
2026-10-09,104923451,4,205.0,307,92,206251784,15804,2297221,18,945299,112222,0.8939
2026-10-09,5497606909,4,205.0,256,144,14091029,25364,119635,60,22883,1659,0.9324
2026-10-09,7411700191,4,205.0,252,162,51581282,55533,4813081,4255,15810,2690,0.8546
2026-10-09,10423774136,4,205.0,285,122,16509903,26125,81540,50,18511,2754,0.8705
2026-10-09,2393639258,4,204.8,396,79,31999883,28431,84955,50,31712,10577,0.7499
2026-10-09,4883092215,4,204.8,324,126,26450895,14712,181308,34,41456,3086,0.9307
2026-10-09,7541864170,4,204.5,282,130,14986977,14665,220779,194,46202,5340,0.8964
2026-10-09,10033740377,4,204.5,282,105,38618360,40093,86512,100,55982,8220,0.872
2026-10-09,9578994406,4,204.5,256,165,9156017,19391,53475,132,119056,1974,0.9837
2026-10-09,8443571594,4,204.2,236,179,19120519,14310,53944,39,78578,3742,0.9545
2026-10-09,8603178384,4,204.2,287,131,67821938,22704,126925,57,36406,5475,0.8693
2026-10-09,9826685598,4,204.2,263,102,19948821,29748,25248,78,6094,2319,0.7244
2026-10-09,125223108,4,204.0,239,151,101769074,24957,488449,34,146327,25604,0.8511
2026-10-09,3992524315,4,204.0,247,108,92373028,37013,102208,74,34754,23571,0.5959
2026-10-09,8125588973,4,204.0,266,139,24338090,29219,24011,89,6741,1697,0.7989
2026-10-09,9464263569,4,203.8,228,178,4469113,9596,37003,90,36054,1427,0.9619
2026-10-09,6504717394,4,203.5,280,104,51493977,17884,83097,42,153139,32679,0.8241
2026-10-09,10245012052,4,203.2,352,107,3732919,23857,2006,13,1254,284,0.8153
2026-10-09,10758034175,4,203.2,259,147,8531717,20973,311068,235,23806,2570,0.9026
2026-10-09,8675480462,4,202.8,245,173,7773913,17567,28684,72,7614,1803,0.8085
2026-10-09,2456044697,4,202.2,231,151,136894191,29006,222161,72,38484,8904,0.8121
2026-10-09,5069824722,4,202.2,315,143,21371400,33595,32987,55,8025,16580,0.3262
2026-10-09,1612857454,4,202.0,239,180,47978504,19892,42040,40,20468,8412,0.7087
2026-10-09,9126204352,4,202.0,352,113,34044554,17645,55569,51,65784,1916,0.9717
2026-10-09,10130967442,4,202.0,275,105,34741489,44817,47880,108,9997,3904,0.7192
2026-10-09,106086152,4,201.5,333,79,207436559,18707,348450,24,85784,20670,0.8058
2026-10-09,2781894239,4,201.5,232,146,418461451,31595,426323,41,70041,72164,0.4925
2026-10-09,7789403886,4,201.5,286,123,347164143,41333,357756,40,363445,24292,0.9373
2026-10-09,2949408954,4,201.2,303,104,114708313,19944,171407,34,26257,4003,0.8677
2026-10-09,6595886247,4,201.0,325,144,51445938,18786,105317,67,190810,6440,0.9674
2026-10-09,9256255979,4,201.0,323,89,91193099,45195,126946,93,16187,4371,0.7874
2026-10-09,7332812970,4,200.2,275,140,70579406,25583,2598514,979,313157,4110,0.987
2026-10-09,2499076778,4,200.0,298,120,174099540,27595,367882,54,137948,51327,0.7288
2026-10-09,3536180561,2,200.0,265,135,4971304,8978,55106,73,17404,1435,0.9238
2026-10-09,3566531630,2,200.0,259,141,269071336,9403,323791,25,103362,14401,0.8777
2026-10-09,7229464493,4,199.8,248,146,11326213,15922,43597,86,16208,3608,0.8179
2026-10-09,104598338,4,199.5,305,90,418292281,34870,535944,53,65481,24838,0.725
2026-10-09,3478678937,2,199.5,239,160,29984561,3321,82107,0,39365,4886,0.8896
2026-10-09,9060752643,4,199.0,243,122,20262554,22754,1452959,1664,66693,2603,0.9624
2026-10-09,5858282128,4,198.8,259,91,85354909,34806,8402649,192,28154,5258,0.8426
2026-10-09,117644499,4,198.5,272,126,169770749,24325,340611,62,58732,10719,0.8457
2026-10-09,5156590883,4,198.0,253,157,75340939,26030,242597,66,112463,10477,0.9148
2026-10-09,7733436648,4,197.8,249,125,42652743,19992,2777461,937,23479,1267,0.9488
2026-10-09,7221312013,4,197.2,306,108,12025175,14203,59463,21,32184,9534,0.7715
2026-10-09,5060314849,4,197.0,237,152,2002330,21437,11856,83,1345,410,0.7664
2026-10-09,10214798872,4,197.0,236,166,24657537,21253,213804,13,16369,1266,0.9282
2026-10-09,2703506783,4,196.8,260,133,339296970,30639,214490,49,40026,15261,0.724
2026-10-09,10186342197,4,196.8,283,137,23296574,18231,65074,51,78992,6723,0.9216
2026-10-09,10404293465,4,196.8,234,139,4050586,19308,28235,98,16381,3753,0.8136
2026-10-09,2932087834,4,196.5,270,134,90211062,31306,333381,79,70022,13433,0.839
2026-10-09,5654670037,4,196.5,278,116,183515014,63715,823235,158,129858,24771,0.8398
2026-10-09,6918732178,4,196.5,266,120,1519904,20546,4256,53,2184,1034,0.6787
2026-10-09,9479962597,4,196.5,287,117,41991878,29124,40802,50,13379,1358,0.9079
2026-10-09,8293451157,4,196.2,270,145,8948044,20039,16714,27,5566,2169,0.7196
2026-10-09,10231678265,4,196.2,312,132,5726381,21233,155766,343,15093,1539,0.9075
2026-10-09,8239435378,4,195.8,304,124,38521409,19530,91228,41,173356,5293,0.9704
2026-10-09,551811297,4,195.0,256,130,93337834,28253,246306,111,64549,15699,0.8044
2026-10-09,7321712757,4,195.0,240,119,22906733,18977,114220,92,50628,2901,0.9458
2026-10-09,8916086418,4,195.0,341,76,6708356,40249,60244,291,14183,801,0.9465
2026-10-09,7486728492,4,194.8,238,170,27579482,15259,312391,219,150580,5118,0.9671
2026-10-09,9866702716,4,194.5,238,125,20168373,24494,126173,135,226013,2658,0.9884
2026-10-09,9583346276,4,194.5,295,81,30638246,35473,1068466,55,7412,1774,0.8069
2026-10-09,5032031589,4,194.2,329,79,18760633,13175,30141,6,13952,1331,0.9129
2026-10-09,9940489814,4,194.2,274,111,2603374,14362,29203,49,7592,1670,0.8197
2026-10-09,8877595115,4,194.0,277,109,41640748,19071,782651,821,22567,2374,0.9048
2026-10-09,9078815089,4,194.0,333,113,40443102,26045,2828698,1294,13559,7333,0.649
2026-10-09,9441720676,4,194.0,317,39,57321429,42146,50901,52,17143,3401,0.8345
2026-10-09,9242602878,1,194.0,194,194,45119473,0,38894,0,6620,1323,0.8334
2026-10-09,4932503936,4,193.8,220,165,103585469,35324,35738,49,3320,2014,0.6224
2026-10-09,6647992437,4,193.8,273,152,91830947,20211,35855,33,5160,3353,0.6061
2026-10-09,8348991330,4,193.5,347,76,19895343,32007,53934,34,15611,955,0.9424
2026-10-09,1840897362,4,193.2,261,129,331160602,15253,832667,40,246857,26402,0.9034
2026-10-09,8738763254,4,193.0,261,88,30259457,34563,122092,124,14665,3595,0.8031
2026-10-09,3874877728,4,192.8,289,143,95489454,36555,2201508,2590,10391,1562,0.8693
2026-10-09,8374787126,4,192.8,238,157,35430024,41079,36396,82,9041,1847,0.8304
2026-10-09,10404766693,4,192.8,268,105,6869363,20898,431439,1714,16787,2699,0.8615
2026-10-09,194950372,4,192.5,250,122,112210233,23912,538679,51,131667,27759,0.8259
2026-10-09,9884025025,4,192.5,326,68,76550863,32867,107366,62,22492,4481,0.8339
2026-10-09,540856839,4,192.2,228,165,711457087,15483,3526701,16,975847,98681,0.9082
2026-10-09,6456578030,4,192.2,232,151,12088641,27423,84192,99,16199,3759,0.8117
2026-10-09,7051852656,4,192.2,249,136,51921146,34390,3807041,2589,12888,2561,0.8342
2026-10-09,5114901609,4,191.2,231,115,97745770,33615,227652,71,268718,18979,0.934
2026-10-09,9251333102,4,191.0,269,153,34819807,18983,100151,32,120091,4376,0.9648
2026-10-09,6860207008,4,190.8,327,36,62390849,44484,5820075,3597,32508,6322,0.8372
2026-10-09,10088821187,4,190.8,275,86,22606912,20542,1087056,1215,6680,2293,0.7445
2026-10-09,3549098124,2,190.5,245,136,19724321,17173,12316,5,3726,646,0.8522
2026-10-09,3249295527,3,190.3,241,125,317072318,45140,602585,66,143251,25807,0.8473
2026-10-09,5956634861,4,190.2,231,147,153197756,24915,594067,49,71441,16307,0.8142
2026-10-09,2575793677,4,190.0,223,140,36937246,10369,351805,31,114882,15462,0.8814
2026-10-09,7818137963,4,190.0,238,138,25164053,22103,2338226,1325,23976,1524,0.9402
2026-10-09,1069466626,4,189.8,209,171,216876237,31165,2823163,39,209197,41982,0.8329
2026-10-09,1182609799,4,189.8,220,140,296459866,19853,748965,31,125247,28041,0.8171
2026-10-09,3441153192,2,189.5,246,133,30382850,16192,27524,31,4884,4710,0.5091
2026-10-09,4914269443,4,189.5,283,72,123286111,22234,200788,36,94338,30075,0.7583
2026-10-09,7473164424,4,189.5,300,133,50512671,24310,857078,26,116752,14920,0.8867
2026-10-09,8970620890,4,189.5,315,104,24371742,17849,71534,57,155846,16423,0.9047
2026-10-09,9677121265,4,189.2,240,151,40164892,35842,48086,51,13796,11355,0.5485
2026-10-09,2287245386,4,188.8,279,104,208512121,18350,235181,2,111716,74317,0.6005
2026-10-09,10119860642,4,188.8,287,89,22739725,34270,787459,782,54929,16039,0.774
2026-10-09,10747920845,4,188.5,258,90,1045873,21981,33638,529,4514,782,0.8523
2026-10-09,7889400622,4,188.2,279,104,7942554,19140,10150,19,2894,1934,0.5994
2026-10-09,8420667959,4,188.2,271,55,13745498,13987,6768,2,5931,1078,0.8462
2026-10-09,8801566255,4,188.2,312,80,57979494,26430,128548,51,64451,6489,0.9085
2026-10-09,2957056386,4,188.0,212,133,16408944,17928,562319,494,8077,1308,0.8606
2026-10-09,4674142558,4,188.0,299,74,54333568,27910,7285906,12,3686,1619,0.6948
2026-10-09,4130089970,4,187.8,274,78,10884581,16559,28511,73,9802,2666,0.7862
2026-10-09,5214918244,4,187.5,264,66,88825553,27373,74296,66,82479,11628,0.8764
2026-10-09,6671012142,4,187.5,217,101,18699203,15868,454774,524,35193,5533,0.8641
2026-10-09,9751761702,4,187.5,213,163,34411222,15074,826241,285,39317,1767,0.957
2026-10-09,10491385664,4,187.5,286,55,3522457,32877,1024,8,745,220,0.772
2026-10-09,8535088052,1,187.0,187,187,3689408,0,16689,0,6070,2208,0.7333
2026-10-09,2394934836,4,186.8,327,62,116253799,37634,728992,118,124274,10112,0.9248
2026-10-09,6546714281,4,186.8,240,106,40088327,25725,1619616,460,36868,3641,0.9101
2026-10-09,1685325039,4,186.5,235,113,194942659,28348,3851723,45,37210,11428,0.765
2026-10-09,8333033734,4,186.5,274,132,39285821,22651,25947,37,7532,2775,0.7308
2026-10-09,9468765165,4,186.5,365,84,90819452,39421,778794,57,47692,5777,0.892
2026-10-09,345667450,4,186.2,278,90,36735421,25543,104179,28,30242,18402,0.6217
2026-10-09,597286316,4,186.2,272,103,154875319,18035,260312,183,34001,34378,0.4972
2026-10-09,4549657526,4,185.8,267,72,66024813,28844,92765,58,19575,13524,0.5914
2026-10-09,10442743986,4,185.2,215,120,32450661,28521,128966,64,51851,7342,0.876
2026-10-09,8230649365,4,185.0,232,164,30796646,33913,3450833,3496,892,308,0.7433
2026-10-09,10448083800,4,185.0,276,118,11607823,18676,19852,26,52505,1251,0.9767
2026-10-09,9660772441,4,184.5,256,98,8178352,24162,129394,332,32795,1448,0.9577
2026-10-09,3166350952,3,184.3,258,103,22776361,10069,213370,30,46541,3619,0.9279
2026-10-09,964540701,4,184.2,242,138,43142019,20327,433126,66,160222,26240,0.8593
2026-10-09,2623596063,4,184.0,244,98,98434187,29813,173025,71,49654,13047,0.7919
2026-10-09,27761886,4,183.8,222,128,43639279,13552,230879,51,75424,9957,0.8834
2026-10-09,4654951132,4,183.5,297,28,14889916,20087,15338,18,8293,1336,0.8613
2026-10-09,99361251,4,183.2,260,124,557452460,21723,3029132,76,799345,61061,0.929
2026-10-09,4500652595,4,183.2,219,114,267721552,35975,102220,95,11155,12117,0.4793
2026-10-09,3481099993,2,183.0,205,161,27906320,5217,77658,9,23570,2896,0.8906
2026-10-09,8156335562,4,182.8,226,136,52061357,24640,326802,158,99121,6773,0.936
2026-10-09,9813375035,4,182.8,299,101,54354296,21256,1036892,26,28134,6208,0.8192
2026-10-09,7785400752,4,182.2,240,138,239382449,24057,6366092,160,420737,21956,0.9504
2026-10-09,5747480325,4,181.8,217,133,255634637,21890,337707,20,511611,45405,0.9185
2026-10-09,10761884278,4,181.8,305,89,2992804,19251,53576,170,20539,4248,0.8286
2026-10-09,4418726539,4,181.2,285,111,13805882,23885,21006,33,8938,4235,0.6785
2026-10-09,5584394571,4,181.2,228,105,36116546,24699,171605,87,41041,15415,0.727
2026-10-09,8698022820,4,181.2,239,125,44335573,15037,52139,29,90435,1092,0.9881
2026-10-09,6919822640,4,180.5,206,160,60549728,27145,864837,341,20334,4832,0.808
2026-10-09,9277195104,4,180.2,232,109,196773395,33499,320015,117,676877,44489,0.9383
2026-10-09,10232643663,4,180.0,220,142,61519713,25696,674337,203,250606,5361,0.9791
2026-10-09,10241458276,4,180.0,249,127,10569202,28731,951164,1653,2976,727,0.8037
2026-10-09,913548071,4,179.8,326,91,343891239,26840,461838,30,126928,42117,0.7509
2026-10-09,855385310,4,179.5,269,53,392492889,17349,1018100,51,177360,50880,0.7771
2026-10-09,9035240873,4,179.5,242,104,29361461,19215,773750,434,23560,8494,0.735
2026-10-09,7452857402,4,179.2,206,154,48766409,30769,181082,92,61399,4364,0.9336
2026-10-09,6138976267,4,179.0,243,83,17862948,15920,76886,88,46072,9361,0.8311
2026-10-09,10607363280,4,179.0,232,83,8845815,28432,1051030,2812,2326,727,0.7619
2026-10-09,1135367592,4,178.5,247,89,84265106,13436,506093,30,132473,42772,0.7559
2026-10-09,2865535599,4,178.2,236,115,839889313,27187,2767041,-19,430510,53226,0.89
2026-10-09,6801627818,4,178.2,208,156,92855417,19691,17588136,2927,371980,119560,0.7568
2026-10-09,9168386959,4,178.2,222,118,59704274,17479,261138,104,632207,11147,0.9827
2026-10-09,9656480960,4,178.2,202,134,23394504,24891,43884,43,10227,2352,0.813
2026-10-09,1568965904,4,178.0,224,83,95735465,19957,183141,63,27355,10866,0.7157
2026-10-09,3187798118,3,178.0,221,150,109746810,11934,301580,39,106936,22108,0.8287
2026-10-09,3898041240,4,178.0,268,84,88242286,28820,98412,37,35630,33004,0.5191
2026-10-09,9976531812,4,178.0,207,126,8639126,22271,20156,67,3435,915,0.7897
2026-10-09,4380294826,4,177.8,212,114,30911297,16915,130048,71,49492,8005,0.8608
2026-10-09,6357377403,4,177.5,219,124,19458132,28012,145701,129,34425,4457,0.8854
2026-10-09,3109731140,4,177.2,249,129,463133549,35648,1257349,48,243682,29918,0.8907
2026-10-09,9161811618,4,177.2,231,152,74618541,19503,358142,42,60898,6946,0.8976
2026-10-09,9898609049,4,177.2,221,116,30126653,15053,36818,12,29510,1241,0.9596
2026-10-09,4638282337,4,177.0,302,85,187053622,51546,142055,73,13618,3148,0.8122
2026-10-09,9101545371,4,177.0,249,100,13415336,32390,93320,124,25773,2084,0.9252
2026-10-09,8787792657,4,176.8,184,162,816046,17960,4734,36,1816,247,0.8803
2026-10-09,39766263,4,176.5,214,139,610372740,37098,1890179,666,151658,47111,0.763
2026-10-09,2655895471,4,176.5,220,151,81757349,18815,160449,41,37612,16404,0.6963
2026-10-09,1784924271,4,176.2,248,136,49887500,18232,324410,21,77980,12474,0.8621
2026-10-09,874010830,4,175.5,215,117,193567147,13001,570090,16,128244,32912,0.7958
2026-10-09,4671010462,4,175.2,211,100,459492071,19340,17978685,1181,145904,18911,0.8853
2026-10-09,3870834201,4,175.0,258,64,117667307,31003,518122,129,215151,63404,0.7724
2026-10-09,3954883335,4,175.0,312,63,13349413,25427,4186,15,2240,766,0.7452
2026-10-09,8916375040,4,175.0,230,133,223739128,20813,95803,36,87556,7411,0.922
2026-10-09,9643304628,4,175.0,224,129,20210918,16368,1111778,889,23729,1320,0.9473
2026-10-09,9743812375,4,175.0,312,67,11586209,24912,26786,45,28179,1632,0.9453
2026-10-09,3063853166,4,174.8,248,101,33545131,11083,745809,95,363053,9519,0.9745
2026-10-09,5661134200,4,174.8,223,134,180183458,29970,256678,30,111976,22081,0.8353
2026-10-09,7834174817,4,174.8,236,124,49280049,20869,30628,26,4854,1854,0.7236
2026-10-09,7208561693,4,174.5,294,97,133912868,22355,10660239,905,123207,5182,0.9596
2026-10-09,6701101774,4,174.2,211,124,249766968,131485,230426,62,55707,9913,0.8489
2026-10-09,9736048825,4,174.0,238,132,1331676,13027,36174,357,7229,609,0.9223
2026-10-09,8993151589,4,173.5,270,65,9393265,10494,124987,72,11259,1516,0.8813
2026-10-09,1761773144,4,173.2,214,108,239557428,26434,327446,67,67468,40064,0.6274
2026-10-09,5597371866,4,173.0,243,136,38370351,37532,97152,64,234725,10767,0.9561
2026-10-09,6077405865,4,173.0,283,94,19731202,15852,101646,25,33511,7673,0.8137
2026-10-09,9727036596,4,173.0,229,127,60113478,46054,527719,334,33656,2776,0.9238
2026-10-09,341518102,4,172.5,210,76,189699978,27590,311228,42,45329,11227,0.8015
2026-10-09,2636039700,4,172.5,276,88,393900631,46543,391166,55,89358,58825,0.603
2026-10-09,5048990623,4,172.5,252,105,12182582,18629,42185,158,18045,3100,0.8534
2026-10-09,9156250281,4,172.5,243,103,24715393,16498,3548434,2073,4749,700,0.8715
2026-10-09,188736399,4,172.2,237,78,54012639,18178,554211,190,119330,33406,0.7813
2026-10-09,7175500329,4,172.2,223,114,32041066,68989,171770,377,65989,6958,0.9046
2026-10-09,7236441063,4,172.2,243,118,39183125,23607,71797,79,90464,5267,0.945
2026-10-09,8449579949,4,172.2,203,132,14390705,30615,22667,40,9572,3752,0.7184
2026-10-09,3491874687,2,172.0,178,166,17143804,7300,266329,127,29095,3149,0.9023
2026-10-09,7947358622,4,172.0,270,36,37706912,23793,5162694,2849,17477,1370,0.9273
2026-10-09,1722988797,4,171.8,216,80,79719902,17718,493566,50,126096,16459,0.8845
2026-10-09,4664728623,4,171.8,253,106,131523313,15172,172852,19,61258,13111,0.8237
2026-10-09,5981856625,4,171.8,243,118,209976220,22515,488499,66,58482,11405,0.8368
2026-10-09,10348973621,4,171.5,257,88,18963474,34026,35921,66,10935,1257,0.8969
2026-10-09,1133783360,4,171.2,253,122,31333351,19718,46552,37,10261,2610,0.7972
2026-10-09,1162568770,4,171.2,198,121,51875314,18493,173457,23,48689,9535,0.8362
2026-10-09,498490399,4,171.0,250,75,2614403840,18281,5819684,-34,1863897,367958,0.8351
2026-10-09,1811388660,4,171.0,223,101,130912018,17129,1452536,520,30917,9443,0.766
2026-10-09,5113572498,4,171.0,361,54,27423278,25287,23031,13,8875,2057,0.8118
2026-10-09,225431369,4,170.8,214,121,2305485515,15806,4744809,-37,579248,105675,0.8457
2026-10-09,2575809686,4,170.8,195,132,6334799,12174,28863,14,13275,2663,0.8329
2026-10-09,10486789708,4,170.8,228,115,3516987,21588,6830,38,1133,508,0.6904
2026-10-09,4072288216,4,170.5,225,98,222248907,22732,344729,20,165110,78545,0.6776
2026-10-09,433670627,4,170.2,263,108,43526795,19028,437391,140,78357,8955,0.8974
2026-10-09,5554338507,4,170.2,231,105,18138441,17198,86956,39,28764,4558,0.8632
2026-10-09,6218783244,4,170.2,215,133,137404199,20257,59638,2,57917,7832,0.8809
2026-10-09,8550874096,4,170.2,251,123,17950183,19786,17186,37,3805,719,0.8411
2026-10-09,9612416050,4,170.2,226,84,2663751,16757,91206,353,22961,761,0.9679
2026-10-09,9549894418,4,170.2,223,85,807398,17022,33535,333,3221,1058,0.7527
2026-10-09,9871986464,4,169.8,255,113,55475453,25880,76300,26,82352,11659,0.876
2026-10-09,10455328744,4,169.5,310,49,2497789,24625,3570,31,590,539,0.5226
2026-10-09,1958807588,4,169.2,195,139,289131018,18456,331674,-11,147639,58957,0.7146
2026-10-09,8711562354,4,169.2,250,79,2150132,27485,10722,44,4483,2078,0.6833
2026-10-09,9918678725,4,169.2,220,92,101189452,28376,131605,42,65659,10710,0.8598
2026-10-09,1208948106,4,168.8,209,111,399973780,44661,780620,84,205877,47519,0.8125
2026-10-09,2807944996,4,168.8,193,143,56494079,18673,66843,49,28961,7453,0.7953
2026-10-09,3993508361,4,168.8,227,98,106166061,15996,865895,-7,117064,15400,0.8837
2026-10-09,4645056651,4,168.8,217,95,37224391,17020,59823,56,5842,2043,0.7409
2026-10-09,10390633859,4,168.8,231,109,17367794,21912,1309000,1367,11478,556,0.9538
2026-10-09,866362715,4,168.5,246,112,136912404,23570,346808,72,106482,19293,0.8466
2026-10-09,5803669349,4,168.0,208,120,110573768,25529,234045,43,47111,8637,0.8451
2026-10-09,8791363740,4,168.0,197,91,44686494,22622,4220549,2717,21296,1620,0.9293
2026-10-09,1079978427,4,168.0,256,102,259800391,23874,439885,45,73598,22812,0.7634
2026-10-09,9312830998,4,167.8,192,131,67445694,22692,122051,48,77999,2542,0.9684
2026-10-09,9792273312,4,167.8,269,74,2573791,13340,17437,102,7639,3249,0.7016
2026-10-09,10103396197,4,167.8,234,76,9360887,21671,25340,67,8666,3014,0.742
2026-10-09,5841858050,4,167.8,318,53,39667439,16068,164014,67,37328,4334,0.896
2026-10-09,2273199208,4,167.5,189,148,613077285,23756,572107,47,80570,14633,0.8463
2026-10-09,4981761600,4,167.5,217,109,36030289,13680,483762,148,112727,5588,0.9528
2026-10-09,8138207962,4,167.5,322,48,42962852,27660,4086741,2238,4053,955,0.8093
2026-10-09,9778862115,4,167.5,223,94,6299021,13828,7657,24,4037,1538,0.7241
2026-10-09,8340680684,4,167.2,246,105,98758376,21861,128271,44,100208,10081,0.9086
2026-10-09,4298676072,4,167.0,231,109,18501595,6624,109942,3,37641,8830,0.81
2026-10-09,4539219341,4,167.0,301,67,37351509,18246,99221,49,29082,14644,0.6651
2026-10-09,6752499006,4,167.0,216,141,5912865,32311,471814,2134,1087,922,0.5411
2026-10-09,5109155090,4,166.8,277,109,62341831,19114,394728,99,15284,3173,0.8281
2026-10-09,4578260860,4,166.5,218,85,47556530,14353,2326732,693,65457,14255,0.8212
2026-10-09,9338696299,4,166.2,243,68,2469386,9712,9931,24,3391,931,0.7846
2026-10-09,4281211770,4,165.8,222,67,273352146,33499,206333,62,61488,20289,0.7519
2026-10-09,3661799116,4,165.5,223,105,50499263,31113,86264,78,25098,9362,0.7283
2026-10-09,1617185934,4,165.2,266,80,15441388,21371,36451,29,12194,5620,0.6845
2026-10-09,7387114108,4,165.2,185,136,87882699,33275,470772,156,124070,8666,0.9347
2026-10-09,6401952734,4,164.8,211,127,911875534,11670,671026,22,519534,57682,0.9001
2026-10-09,7791104322,4,164.8,211,121,48524773,14871,193638,61,37166,3481,0.9144
2026-10-09,10398046208,4,164.8,230,101,17558817,13194,40449,28,54874,1111,0.9802
2026-10-09,9893653327,4,164.5,202,127,9245511,15491,109530,159,3784,2136,0.6392
2026-10-09,4982226076,4,164.0,192,88,89761000,21904,148077,111,236328,11738,0.9527
2026-10-09,9253627770,4,163.8,219,80,17139459,20251,22361,43,8637,1495,0.8524
2026-10-09,2900817893,4,163.0,207,108,15102584,7671,36828,15,27184,3417,0.8883
2026-10-09,9800424118,4,163.0,214,123,15363207,29123,68021,112,53638,2467,0.956
2026-10-09,3655030699,4,163.0,276,93,132883118,14551,3534981,866,542502,16323,0.9708
2026-10-09,9673019462,4,162.8,195,126,6737026,12917,17972,30,3263,1182,0.7341
2026-10-09,5190405772,4,162.5,242,90,109527869,29277,5090448,823,14418,10359,0.5819
2026-10-09,7366910133,4,162.2,253,82,12714742,20635,44388,22,53159,1182,0.9782
2026-10-09,6959389664,4,162.0,185,145,14556196,6788,8675,2,9538,1364,0.8749
2026-10-09,9496887785,4,162.0,217,85,60791795,28838,128292,68,197917,19004,0.9124
2026-10-09,9015856507,4,162.0,271,84,18757019,11039,1228508,689,17838,1568,0.9192
2026-10-09,10558159857,1,162.0,162,162,2913978,0,79011,0,772,355,0.685
2026-10-09,6102954168,4,161.8,228,71,13639775,19973,1813721,2701,27382,13655,0.6673
2026-10-09,7709099852,4,161.8,208,107,14105902,14818,1279510,1015,15055,2092,0.878
2026-10-09,220828728,4,161.5,251,83,363670588,18023,2959639,51,710907,108094,0.868
2026-10-09,9551699017,4,161.5,191,129,12635555,10821,120335,117,43816,3371,0.9286
2026-10-09,5997239470,4,161.2,257,111,42268460,18141,1438399,364,121679,4040,0.9679
2026-10-09,8191321227,4,161.2,184,144,2746277,13613,21953,65,6637,1343,0.8317
2026-10-09,10123898404,4,161.2,207,88,34244498,11775,1327774,427,320157,4379,0.9865
2026-10-09,7209131331,4,160.8,262,95,39551586,44716,107243,71,19186,3993,0.8277
2026-10-09,22430683,4,160.5,224,67,490054782,34526,1799253,45,424154,92958,0.8202
2026-10-09,9036406485,4,160.5,216,117,518309,15638,27848,950,8836,824,0.9147
2026-10-09,9926735691,4,160.5,274,58,3370960,10835,12690,53,4475,803,0.8479
2026-10-09,1271506953,4,160.2,211,137,71301199,21656,369815,60,105500,17266,0.8594
2026-10-09,7061783500,4,160.2,193,125,61447854,18319,1257831,263,165950,8659,0.9504
2026-10-09,7486872264,4,160.2,203,141,35411939,30578,2295071,1714,14382,1372,0.9129
2026-10-09,187796008,4,160.0,198,137,131609150,16449,1341829,190,427241,26466,0.9417
2026-10-09,4483319427,4,160.0,246,79,35708314,27893,17493,37,2973,1329,0.6911
2026-10-09,6112350547,4,159.8,183,131,118468544,20305,414713,18,127640,38360,0.7689
2026-10-09,9602989009,4,159.5,194,129,10820009,13423,113792,84,17670,1704,0.912
2026-10-09,10765203500,4,159.5,203,114,535467,17144,1407,38,584,158,0.7871
2026-10-09,1168263273,4,159.5,187,131,550670168,17932,2191140,-11,779498,132045,0.8551
2026-10-09,3454599963,2,159.5,217,102,44984969,5256,2763223,75,32010,15761,0.6701
2026-10-09,5849979605,4,159.2,190,133,70473674,30795,273912,43,310861,11191,0.9653
2026-10-09,9550406138,4,159.0,186,137,97929234,23603,157113,34,186515,22994,0.8902
2026-10-09,9020929856,4,158.0,179,113,14477532,23361,13434,50,2210,1613,0.5781
2026-10-09,7549259159,4,157.8,200,79,21922871,27519,417496,652,41862,7337,0.8509
2026-10-09,9310246727,4,157.5,207,127,8862356,15479,30526,57,12919,4167,0.7561
2026-10-09,577949054,4,157.2,191,89,80053487,12438,242247,91,53804,19737,0.7316
2026-10-09,3348878202,4,157.2,167,138,328569699,25922,191120,62,31134,16518,0.6534
2026-10-09,5098122729,4,157.2,215,72,25165224,17099,86520,57,23280,2871,0.8902
2026-10-09,9863361487,4,157.2,207,90,13119991,18448,466289,694,5441,657,0.8923
2026-10-09,2153753929,4,157.0,190,134,43329795,23648,114331,19,46076,8768,0.8401
2026-10-09,7072184688,4,157.0,192,113,4264619,13838,51731,78,14076,2421,0.8532
2026-10-09,5926583186,4,157.0,217,90,86150872,23718,8547841,1336,148139,22059,0.8704
2026-10-09,1512676568,4,156.8,291,74,99399695,20212,298786,65,61111,9166,0.8696
2026-10-09,8127329309,4,156.8,254,40,17120966,26383,1796972,2644,8302,524,0.9406
2026-10-09,9894949745,4,156.5,192,99,16460781,15584,34707,34,20141,2811,0.8775
2026-10-09,7699580568,4,156.5,217,132,41343461,9808,610706,67,137896,5819,0.9595
2026-10-09,2647767875,4,156.0,188,125,167807524,28569,138275,71,20918,8529,0.7104
2026-10-09,9513407177,4,156.0,223,92,20866634,23578,16770,42,23650,2054,0.9201
2026-10-09,6991103480,4,156.0,252,69,23272286,13305,731452,461,18872,3017,0.8622
2026-10-09,5983600452,4,155.8,246,59,9106408,12786,44226,51,26511,2905,0.9012
2026-10-09,2647834887,4,155.5,204,67,902346932,33961,20688816,-16,326294,48136,0.8714
2026-10-09,5215846239,4,155.2,218,60,15688893,6787,32741,8,12359,3327,0.7879
2026-10-09,9416689400,4,155.2,202,95,1947276,11720,5415,33,1637,823,0.6654
2026-10-09,9965907387,4,155.2,242,68,33233625,23246,116567,68,112578,12539,0.8998
2026-10-09,2938948258,4,155.0,197,102,14082891,36429,57661,131,14053,1430,0.9076
2026-10-09,6872331463,4,155.0,239,54,101977230,20252,7453049,1081,79637,3754,0.955
2026-10-09,9191100702,4,154.8,235,110,23530577,16994,47997,42,74205,3029,0.9608
2026-10-09,6137023653,4,154.5,186,142,1112233,8994,2037,20,1282,298,0.8114
2026-10-09,9357486806,4,154.5,217,99,3458396,9604,43946,39,12798,3974,0.7631
2026-10-09,5449033072,4,154.0,176,132,69442553,25911,995187,55,47861,8763,0.8452
2026-10-09,3536173216,2,153.5,180,127,96277347,24533,55556,56,10185,7644,0.5713
2026-10-09,7744877355,4,153.5,242,69,50521329,32116,108659,143,190543,13556,0.9336
2026-10-09,8638825448,4,153.5,189,113,60194993,27375,58994,66,94372,10528,0.8996
2026-10-09,3291589472,3,153.3,159,144,56478995,15947,147513,-2,54649,4994,0.9163
2026-10-09,9931060493,4,153.2,187,136,40773802,16908,857766,227,57937,3714,0.9398
2026-10-09,6593208232,4,153.0,239,74,44740124,17020,53481,31,42811,11106,0.794
2026-10-09,7920020824,4,153.0,215,68,42652942,24532,767349,293,126889,4979,0.9622
2026-10-09,10399712766,4,152.5,173,119,30070627,15976,72924,28,87470,1806,0.9798
2026-10-09,7626153268,4,152.2,213,75,102842222,26726,2818904,608,19585,9244,0.6794
2026-10-09,4165288042,4,152.0,214,65,6869626,12355,64995,154,16967,4055,0.8071
2026-10-09,7629884826,4,152.0,193,122,90467115,17631,565489,22,577292,10541,0.9821
2026-10-09,1861512506,4,151.8,195,110,81786244,26364,187759,16,70101,46349,0.602
2026-10-09,5703870642,4,151.8,202,127,113524639,16634,10070562,887,71255,4328,0.9427
2026-10-09,3958291198,4,151.5,196,103,41310538,11137,82021,23,38329,7653,0.8336
2026-10-09,6050869775,4,151.5,214,75,34448495,20282,74106,84,25830,5519,0.8239
2026-10-09,9021906675,4,151.5,227,65,76580399,19877,68173,26,27941,6058,0.8218
2026-10-09,6404384774,4,151.2,189,102,26424487,15159,174347,59,41907,1785,0.9591
2026-10-09,9669297195,4,151.2,255,10,33017824,47925,23128,44,2628,1223,0.6824
2026-10-09,10593720957,4,151.2,212,73,5705900,21259,16733,30,4025,1196,0.7709
2026-10-09,9577222392,4,151.2,198,76,42591959,19517,412088,193,29189,5221,0.8483
2026-10-09,5613066784,4,151.0,232,83,17125026,22398,81497,89,13410,5150,0.7225
2026-10-09,6908171946,4,151.0,252,116,28312371,21691,57613,34,122053,4456,0.9648
2026-10-09,8220767002,4,151.0,194,124,43574340,11383,406194,140,72055,2697,0.9639
2026-10-09,5367086137,4,150.8,210,109,68986201,14634,91207,17,50501,5268,0.9055
2026-10-09,7089179560,4,150.8,201,91,113484060,25498,1038686,200,76123,11441,0.8693
2026-10-09,7113599041,4,150.8,238,109,9432218,17558,126003,153,18636,627,0.9675
2026-10-09,7114126212,4,150.8,200,75,72405936,39223,2039320,1684,58579,5086,0.9201
2026-10-09,8403802220,4,150.8,197,83,40141940,27711,105145,61,30497,19551,0.6094
2026-10-09,10506354213,4,150.5,177,92,8669590,36301,65294,276,11841,1874,0.8634
2026-10-09,7394964165,4,150.2,176,121,61113126,11995,226531,60,228699,11393,0.9525
2026-10-09,9865604662,4,150.2,275,18,3501763,13644,1763,10,1089,137,0.8883
2026-10-09,7819250997,4,150.0,176,103,10173817,35538,81942,277,15566,2580,0.8578
2026-10-09,2270890905,4,149.8,293,97,53206215,5852,288512,3,101313,10259,0.9081
2026-10-09,753724558,4,149.5,174,93,21859284,6871,99947,7,29789,4439,0.8703
2026-10-09,1645606267,4,149.5,198,82,428416545,16529,1024825,26,148938,22211,0.8702
2026-10-09,4733698178,4,149.5,192,107,5960352,11226,74797,91,10886,650,0.9437
2026-10-09,3333234029,4,149.2,206,106,5607925,10400,91413,82,29903,6224,0.8277
2026-10-09,3852524123,4,148.5,191,103,92130234,15321,2175080,125,8377,2362,0.7801
2026-10-09,5341259420,4,148.5,222,58,387146490,22287,7523023,128,64931,30056,0.6836
2026-10-09,10536401008,4,148.5,189,100,20001286,31647,1505123,1706,9511,1145,0.8925
2026-10-09,8964336233,4,148.2,211,69,66676231,26741,145999,43,155810,17971,0.8966
2026-10-09,7537130234,4,148.0,219,94,44740648,22072,290160,86,63017,5528,0.9194
2026-10-09,8514476218,4,148.0,216,48,40187576,23424,38562,58,41908,6090,0.8731
2026-10-09,10548618687,4,148.0,169,124,2608413,7017,7424,9,5747,548,0.9129
2026-10-09,2715844182,4,147.5,179,101,378701288,14972,3404356,316,593532,42527,0.9331
2026-10-09,4867536568,4,147.5,212,89,100366276,23292,235500,17,119419,13001,0.9018
2026-10-09,8009328211,4,147.2,193,93,772481303,42472,332112,6,838991,32756,0.9624
2026-10-09,5613944660,4,147.2,243,55,27488738,21544,1094560,923,2560,2043,0.5562
2026-10-09,177749064,4,147.0,179,113,55274588,10450,331786,25,80732,11263,0.8776
2026-10-09,9582636207,4,146.8,161,130,14894167,9899,15464,12,7136,1772,0.8011
2026-10-09,5238130813,4,146.2,189,80,28609868,21937,131004,75,30353,6664,0.82
2026-10-09,6517184723,4,146.2,202,124,20657270,20578,45717,78,34523,4392,0.8871
2026-10-09,8015734617,4,146.2,177,118,437637626,135203,2622694,666,97712,8760,0.9177
2026-10-09,9646151925,4,146.2,178,77,16870327,18028,297633,1574,17319,3109,0.8478
2026-10-09,1383204830,4,146.0,189,51,88901540,20807,545007,358,204488,90453,0.6933
2026-10-09,6907084894,4,146.0,188,103,24539252,23357,90937,71,31737,5608,0.8498
2026-10-09,8661631014,4,145.8,220,46,55761781,19631,4024814,831,16087,1551,0.9121
2026-10-09,9995470578,4,145.8,181,94,15850740,23481,24324,57,11050,5213,0.6795
2026-10-09,3085857678,4,145.5,218,84,257617405,18308,945425,177,126175,34223,0.7866
2026-10-09,9372077571,4,145.5,207,73,15727766,18375,69809,49,36246,2250,0.9416
2026-10-09,10012581678,4,145.5,166,99,22752736,48700,31391,87,5626,4955,0.5317
2026-10-09,7717590013,4,145.5,186,78,9359225,17011,291779,454,17745,1737,0.9108
2026-10-09,6611035093,4,145.2,220,65,222410595,22032,6178882,207,254396,23249,0.9163
2026-10-09,10040426659,4,145.2,166,103,4845851,7300,50649,50,8635,1020,0.8944
2026-10-09,10576219283,4,145.2,223,62,4330596,16454,40792,70,28830,1239,0.9588
2026-10-09,5800097475,4,145.0,163,127,47373695,18099,122911,77,15861,5186,0.7536
2026-10-09,7390175954,4,145.0,194,80,25924060,17550,30900,38,10307,3342,0.7551
2026-10-09,1673768711,4,144.8,168,124,13634245,9981,10901,8,7995,1062,0.8827
2026-10-09,2498556598,4,144.8,173,106,23945021,7084,141881,19,41722,8664,0.828
2026-10-09,78351145,4,144.5,182,116,219243235,13178,1831249,46,526461,38257,0.9323
2026-10-09,4636277071,4,144.5,212,47,16781668,14507,42807,41,42069,7094,0.8557
2026-10-09,7423951772,4,144.2,204,63,74495435,28158,415055,119,375276,22525,0.9434
2026-10-09,10283918188,4,144.2,186,124,12036614,30586,54099,129,9198,1532,0.8572
2026-10-09,8305711952,4,144.0,208,111,33647717,18670,100865,48,87147,4076,0.9553
2026-10-09,10104810835,4,144.0,177,94,32144399,37656,61432,96,26584,57170,0.3174
2026-10-09,686030892,4,143.8,182,114,52632644,29307,209937,67,57700,21176,0.7315
2026-10-09,4959278843,4,143.8,180,98,12642427,11835,134506,121,49948,2390,0.9543
2026-10-09,3573098848,4,143.8,169,117,194868290,9831,412525,-17,163759,18110,0.9004
2026-10-09,2138463428,4,143.5,241,43,33802346,13524,436765,155,44735,11386,0.7971
2026-10-09,5147238735,4,143.5,219,65,8042460,6706,34952,10,20158,5292,0.7921
2026-10-09,5663764118,4,143.5,227,83,4891434,13818,83087,23,10186,4975,0.6719
2026-10-09,3400106011,4,143.2,214,73,59561704,16862,826551,26,46953,7692,0.8592
2026-10-09,5971717168,4,143.2,321,33,15326450,10073,13633,10,14914,6884,0.6842
2026-10-09,6049446718,4,143.2,253,59,53626847,16193,128071,13,25775,2541,0.9103
2026-10-09,9105897479,4,143.2,201,88,63893072,19008,2129324,529,140931,3047,0.9788
2026-10-09,10418505887,4,143.2,170,106,6799090,14840,91861,127,17823,1743,0.9109
2026-10-09,7585947700,4,143.0,182,72,50476917,20152,996125,302,14425,1337,0.9152
2026-10-09,3898464270,4,143.0,201,61,9057230,11544,30695,72,7721,3180,0.7083
2026-10-09,338943399,4,142.8,164,89,31042048,12073,151504,394,20986,5374,0.7961
2026-10-09,1718942224,4,142.8,183,87,57858635,13652,157503,36,35602,10113,0.7788
2026-10-09,6938955762,4,142.8,171,103,25927244,10172,49653,8,42321,12825,0.7674
2026-10-09,4393276188,4,142.5,180,101,61275505,12513,308041,36,197674,11235,0.9462
2026-10-09,5775855331,4,142.5,175,120,39412711,19049,31550,35,12568,2977,0.8085
2026-10-09,6117314924,4,142.5,182,99,16422307,10967,295105,107,37183,6221,0.8567
2026-10-09,8537350835,4,142.5,165,116,33835603,9190,201166,16,59022,2096,0.9657
2026-10-09,4975820673,4,142.2,169,84,89202784,21322,10437786,2196,4150,2561,0.6184
2026-10-09,3760156099,4,142.2,185,80,22038122,13672,42424,39,10540,2632,0.8002
2026-10-09,9515324315,4,142.0,200,77,11174948,18818,69482,25,25640,8334,0.7547
2026-10-09,1294246302,4,141.8,186,93,582809050,16140,1104699,-1,326835,81944,0.7995
2026-10-09,5274716309,4,141.5,165,115,54115006,24481,1723654,3063,3564,1125,0.7601
2026-10-09,7961333063,4,141.5,169,97,12750665,21131,160720,50,74499,2637,0.9658
2026-10-09,3462404408,2,141.0,154,128,114288113,8275,113016,0,26506,8148,0.7649
2026-10-09,6304850669,4,141.0,178,109,21273050,7967,73581,21,49730,3120,0.941
2026-10-09,6197726342,4,140.8,215,67,23766440,20620,64987,64,19408,2159,0.8999
2026-10-09,9250508067,4,140.8,195,90,7576079,42573,37424,123,12162,2028,0.8571
2026-10-09,668582985,4,140.5,159,114,138076639,2755,903072,-5,275671,45878,0.8573
2026-10-09,3070438122,4,140.5,198,95,75808475,15820,77890,71,23030,8586,0.7284
2026-10-09,6996099240,4,140.5,166,119,84274464,30919,265593,97,31581,11720,0.7293
2026-10-09,5836869368,4,140.2,207,116,3434222475,19567,918670,-29,2026179,68900,0.9671
2026-10-09,6497729434,4,140.0,181,98,44031076,18160,117440,41,230331,11326,0.9531
2026-10-09,8539139845,4,140.0,205,57,15805177,14662,417667,159,14264,972,0.9362
2026-10-09,1651278324,4,139.8,166,108,354730099,68735,1072852,93,273161,28689,0.905
2026-10-09,2331157949,4,139.8,173,85,171512486,11832,511158,24,203032,18607,0.916
2026-10-09,10155839080,4,139.8,173,46,13107580,13923,319914,504,16409,3218,0.836
2026-10-09,324740177,4,139.2,211,73,348308476,16266,1495381,27,521301,54468,0.9054
2026-10-09,4765561827,4,139.2,184,109,171535584,24240,5091119,804,369966,37520,0.9079
2026-10-09,5072279323,4,139.2,184,99,45385678,13861,142857,56,56888,6660,0.8952
2026-10-09,9260916865,4,139.0,210,77,20302773,20619,35353,56,52962,7555,0.8752
2026-10-09,9913633503,4,138.8,215,43,41853143,21770,3263337,1524,16602,3498,0.826
2026-10-09,6520342642,4,138.8,233,64,72451639,30407,37873,37,4387,6773,0.3931
2026-10-09,848145103,4,138.5,153,123,2333485028,18495,5882218,-54,1160611,103643,0.918
2026-10-09,6756738846,4,138.0,173,95,53109663,17235,3539171,472,33746,2040,0.943
2026-10-09,6956141473,3,138.0,162,111,14081529,5837,1095376,172,136054,8096,0.9438
2026-10-09,6420997980,4,137.8,224,73,12035672,13355,31464,27,7410,1679,0.8153
2026-10-09,2114042267,4,137.5,175,76,34192094,30980,117966,27,28277,32948,0.4619
2026-10-09,9642267522,4,137.5,169,121,4117992,6945,32828,51,11514,1841,0.8621
2026-10-09,2886328901,4,137.2,191,75,34391222,14477,147468,79,40075,11594,0.7756
2026-10-09,2953945619,4,137.2,190,91,130769345,13452,458560,12,189093,34790,0.8446
2026-10-09,4495671366,4,137.2,179,85,31469422,14393,49132,17,24289,8007,0.7521
2026-10-09,10037019232,4,137.2,152,126,4660525,14387,14360,39,5785,1643,0.7788
2026-10-09,3576572609,4,137.2,164,89,13946851,12509,36538,78,14437,2093,0.8734
2026-10-09,4233554182,4,137.0,179,82,18994466,9381,52669,12,12197,3895,0.758
2026-10-09,9215622365,4,137.0,246,1,30206704,18954,15515,13,4288,802,0.8424
2026-10-09,3965173814,4,136.8,158,114,244619455,9813,273660,-2,319295,12311,0.9629
2026-10-09,8599518829,4,136.8,212,97,20815708,9100,38532,14,19017,4048,0.8245
2026-10-09,6752087079,4,136.5,170,78,4892570,27104,14516,112,2460,618,0.7992
2026-10-09,9541728527,4,136.5,208,68,27785494,25157,140302,72,83150,12898,0.8657
2026-10-09,9784883402,4,136.2,158,111,34729430,17662,134472,58,273527,4573,0.9836
2026-10-09,9124107331,4,136.2,185,73,22948778,14337,1992531,635,19030,1775,0.9147
2026-10-09,8784772299,4,136.0,230,84,65003689,15837,2622129,-6,82062,7972,0.9115
2026-10-09,9663757076,4,135.8,158,124,39253022,9853,522399,50,161872,5121,0.9693
2026-10-09,7002376067,4,135.5,155,108,12458076,22628,33567,52,10149,3070,0.7678
2026-10-09,9299166304,4,135.5,189,91,35764609,14850,1203673,195,107733,7177,0.9375
2026-10-09,807765388,4,135.2,167,102,50675287,8659,163564,22,59014,9257,0.8644
2026-10-09,6862378638,4,135.0,172,73,3282534,9490,79407,99,17701,2152,0.8916
2026-10-09,1349383199,4,134.8,218,70,60141816,14969,329451,27,106548,14078,0.8833
2026-10-09,8420998291,4,134.8,169,82,29232025,24698,70586,38,84534,15596,0.8442
2026-10-09,7688358693,4,134.8,188,107,40395259,13465,106905,50,223944,4246,0.9814
2026-10-09,1766958151,4,134.2,218,74,58309350,19131,177018,25,68368,10736,0.8643
2026-10-09,3240343305,3,134.0,178,97,170484961,14461,1373106,61,341458,24030,0.9343
2026-10-09,9949303437,4,134.0,170,103,19931204,15140,65973,50,103786,2991,0.972
2026-10-09,10638354731,4,134.0,198,92,7082492,13354,43817,68,12061,5616,0.6823
2026-10-09,9899040447,3,133.3,163,105,1977522,7064,4336,11,2114,442,0.8271
2026-10-09,3532628446,2,133.0,175,91,17362097,8747,155624,37,32698,3358,0.9069
2026-10-09,6267547203,4,132.8,191,84,72609729,14089,65397,2,51366,5507,0.9032
2026-10-09,8407708933,4,132.8,167,91,12568620,11703,57399,9,39747,4512,0.8981
2026-10-09,10107313561,4,132.8,194,46,8924901,9998,104910,135,68408,3733,0.9483
2026-10-09,7204130482,4,132.2,187,82,121334719,17571,7885049,1294,86224,7313,0.9218
2026-10-09,1465584587,4,132.0,175,80,611502703,17165,1197691,13,474498,46307,0.9111
2026-10-09,4778447568,4,132.0,219,65,20733748,15269,27660,36,10636,1455,0.8797
2026-10-09,2146451001,4,131.8,167,103,292779132,14047,3066216,723,78619,24842,0.7599
2026-10-09,4395344197,4,131.8,210,73,20348215,13351,62799,8,27605,5240,0.8405
2026-10-09,6625910847,4,131.5,160,107,54391151,28612,1322495,773,22177,5050,0.8145
2026-10-09,6915452933,4,131.5,183,48,16411150,21146,55247,51,16370,1854,0.8983
2026-10-09,9606896356,4,131.5,186,94,23825891,10831,88339,33,127263,6074,0.9544
2026-10-09,10375105020,4,131.5,188,94,10655186,10972,24537,289,19740,941,0.9545
2026-10-09,2012508359,4,131.2,152,83,218350358,17368,357711,44,67923,24192,0.7374
2026-10-09,5553581209,4,131.2,160,78,130349549,53160,94485,119,15098,5375,0.7375
2026-10-09,5661020014,4,131.2,188,88,35648951,12921,855285,308,89961,7289,0.925
2026-10-09,7320026403,4,131.0,194,57,130330826,37371,217784,30,24981,6676,0.7891
2026-10-09,10289822998,4,131.0,200,77,8138595,9906,585166,769,17937,557,0.9699
2026-10-09,10175116204,4,131.0,192,81,3232433,11047,7885,29,1603,557,0.7421
2026-10-09,7640282930,4,131.0,161,86,69433726,13296,2399422,365,820055,14719,0.9824
2026-10-09,2920257964,4,130.8,178,85,285849162,18346,175499,11,98931,18168,0.8448
2026-10-09,3550555214,2,130.5,170,91,19874989,12810,122621,40,32980,13619,0.7077
2026-10-09,9871940535,4,130.5,179,94,45142822,17170,3457001,1170,8671,1479,0.8543
2026-10-09,4049380684,4,130.2,143,106,14542401,9476,119413,16,33201,3176,0.9127
2026-10-09,6092088279,4,130.2,280,40,33875384,16538,193358,112,168160,4494,0.974
2026-10-09,9763957106,3,130.0,146,100,12595148,14044,1888750,1595,1414,1010,0.5833
2026-10-09,6216430180,4,129.8,178,106,114326375,21824,109307,46,64527,13296,0.8292
2026-10-09,7600851482,4,129.8,201,93,150862967,29672,166722,37,228861,16438,0.933
2026-10-09,2251478786,4,129.8,196,72,129545782,22563,120830,41,22199,15121,0.5948
2026-10-09,4178985930,4,129.5,145,104,13444596,17738,50166,40,18199,4300,0.8089
2026-10-09,4620241901,4,129.5,185,66,131610577,12047,210350,-2,43717,16357,0.7277
2026-10-09,3608732146,4,129.5,149,118,120777688,14209,763981,148,1214851,23149,0.9813
2026-10-09,1644397618,4,129.2,194,54,58043818,13210,253337,11,55954,4847,0.9203
2026-10-09,394602509,4,128.8,158,72,208477025,16875,1285789,54,220811,37179,0.8559
2026-10-09,1865885235,4,128.8,170,82,187645251,20049,3741383,224,119953,26263,0.8204
2026-10-09,6605251156,4,128.8,174,47,57461430,17403,72634,25,32683,3823,0.8953
2026-10-09,8188085194,4,128.8,142,109,8693329,10942,253691,31,16908,1376,0.9247
2026-10-09,2655290561,4,128.5,174,69,220379371,17655,585248,24,280436,44516,0.863
2026-10-09,3925341354,4,128.5,199,97,128120568,14788,430001,33,106286,22719,0.8239
2026-10-09,6182655829,4,128.5,160,80,56132140,24125,192283,65,62449,12841,0.8294
2026-10-09,5966905324,4,128.2,182,59,17213678,26349,846094,55,23217,4036,0.8519
2026-10-09,8292778231,4,128.2,156,79,51306594,23121,969681,199,13691,1939,0.8759
2026-10-09,9977954973,4,128.2,183,79,105609226,17894,152951,6,42952,16373,0.724
2026-10-09,2257943402,4,128.0,181,93,328709207,19882,996346,14,330323,71484,0.8221
2026-10-09,10289426907,4,128.0,174,96,5289138,11551,26581,40,34878,1050,0.9708
2026-10-09,1648565735,3,128.0,185,53,400470657,16390,1391917,24,395923,61880,0.8648
2026-10-09,10515124385,4,127.8,176,64,3020687,14899,384785,1648,51900,1160,0.9781
2026-10-09,6927866228,4,127.5,143,114,98528726,15023,715102,6,85875,4122,0.9542
2026-10-09,10230578056,4,127.5,178,80,46748377,20368,67511,22,27509,3901,0.8758
2026-10-09,5866004245,4,127.5,179,61,71903910,15080,470894,63,59616,8641,0.8734
2026-10-09,8507699752,4,127.0,177,85,115105489,19961,10242535,434,53819,5481,0.9076
2026-10-09,4126908979,4,126.8,168,69,30397091,8992,181266,13,81383,31907,0.7184
2026-10-09,4199391951,4,126.8,159,108,11917849,12908,32811,29,10373,3860,0.7288
2026-10-09,5988250208,4,126.8,155,82,129378459,21714,343895,9,51844,7741,0.8701
2026-10-09,9852148017,4,126.8,167,85,14488251,20779,216913,289,5463,1409,0.795
2026-10-09,102231468,4,126.5,194,80,124087156,15810,279763,34,69491,17127,0.8023
2026-10-09,6763123315,4,126.5,154,91,84126395,17196,243391,45,103344,15181,0.8719
2026-10-09,1116949753,4,126.5,151,77,122434712,14109,597871,50,191762,25079,0.8843
2026-10-09,4791585001,4,126.2,178,61,62934136,14858,539282,45,201342,12477,0.9416
2026-10-09,9324081218,4,126.2,135,110,9013002,11647,42304,22,12679,4148,0.7535
2026-10-09,10222315805,4,126.2,206,76,7053270,17061,32460,54,27751,4253,0.8671
2026-10-09,2133174191,4,126.0,158,49,114007888,25214,381236,74,65395,20066,0.7652
2026-10-09,5693963765,4,126.0,187,41,68168051,45178,62331,81,17658,4937,0.7815
2026-10-09,7602095794,4,125.8,229,48,32785043,8733,54981,3,178498,4165,0.9772
2026-10-09,8840856120,4,125.5,171,85,70949166,9954,179079,23,46960,5297,0.8986
2026-10-09,9140218204,4,125.5,266,22,19892063,14374,1572954,1283,34312,1857,0.9487
2026-10-09,961242429,4,125.5,207,41,49709358,11386,65917,20,22554,9835,0.6963
2026-10-09,1578260208,4,125.2,215,80,26307371,5032,280554,16,98071,12373,0.888
2026-10-09,9386766101,4,125.2,171,61,8534026,14657,129526,22,4170,522,0.8887
2026-10-09,1964570867,4,124.8,171,74,747837691,19406,1069619,-6,277701,75339,0.7866
2026-10-09,5328200500,4,124.8,248,34,12598468,23181,16277,71,6259,1366,0.8209
2026-10-09,7330008550,4,124.8,162,105,18440117,15853,82639,66,69113,1143,0.9837
2026-10-09,1963768903,4,124.5,138,102,165033867,15625,457716,29,71780,34617,0.6746
2026-10-09,5001818018,4,124.5,168,77,21607891,16898,53718,32,22972,8562,0.7285
2026-10-09,6500474078,4,124.5,129,115,5376435,7614,79328,83,16133,2059,0.8868
2026-10-09,10662463285,4,124.5,163,93,9285133,13386,41639,51,17407,2986,0.8536
2026-10-09,6743843913,4,124.5,169,84,29774344,9746,53920,23,46938,1432,0.9704
2026-10-09,9498950927,4,124.5,183,79,17854184,11049,62567,27,48814,2265,0.9557
2026-10-09,6085390305,4,124.2,153,98,29190885,11853,92854,32,11553,9143,0.5582
2026-10-09,6766404767,4,124.2,202,56,73568352,18408,218377,23,58257,32543,0.6416
2026-10-09,8393350511,4,124.2,143,84,80498705,41401,245170,154,60960,8348,0.8796
2026-10-09,9387269684,4,124.2,168,95,94827112,13111,146940,31,39240,13281,0.7471
2026-10-09,4810910714,4,124.0,174,79,29123739,11019,49908,2,29267,5514,0.8415
2026-10-09,8741232785,4,124.0,234,39,53871659,11943,121722,27,296929,6780,0.9777
2026-10-09,5200032028,4,123.8,158,54,27719371,13642,53361,34,21171,8270,0.7191
2026-10-09,8781187550,4,123.8,183,62,18073384,19290,101142,81,14083,3613,0.7958
2026-10-09,4251805934,4,123.5,174,83,83397764,9853,215821,10,38295,10813,0.7798
2026-10-09,3278885012,3,123.3,188,56,60379280,26635,2105033,903,74500,8883,0.8935
2026-10-09,6362207891,4,123.2,161,67,21703899,10899,571335,533,31153,1589,0.9515
2026-10-09,6391458589,4,123.2,155,66,3284281,15634,287940,1472,74972,2496,0.9678
2026-10-09,9962753776,4,123.2,165,100,21746022,10569,88304,35,240262,5945,0.9759
2026-10-09,3107874866,4,123.0,157,63,72031077,38643,895377,472,53068,11255,0.825
2026-10-09,3237615544,3,123.0,192,71,328272020,23784,117580,34,16017,8538,0.6523
2026-10-09,9203438594,4,122.8,149,97,10916026,16273,217752,249,14472,3046,0.8261
2026-10-09,9793892589,4,122.8,167,69,38600535,13749,1944838,619,97341,4984,0.9513
2026-10-09,3589987987,4,122.8,161,81,106531098,13821,551442,38,172578,14517,0.9224
2026-10-09,10388509406,4,122.8,180,96,9879519,9206,56539,60,27714,1433,0.9508
2026-10-09,2768038118,4,122.5,157,92,78889918,9384,42362,15,27559,3702,0.8816
2026-10-09,7062617545,4,122.5,199,53,73287366,25566,87318,51,142350,42202,0.7713
2026-10-09,7570489548,4,122.5,148,91,23062412,17696,21599,37,10569,1226,0.8961
2026-10-09,10447378977,4,122.5,151,69,6201296,21421,457621,1183,832,343,0.7081
2026-10-09,1492036164,4,122.2,156,65,83708255,16840,218907,19,59053,9930,0.8561
2026-10-09,7782036711,4,122.0,131,103,35371040,10533,150152,96,208213,5272,0.9753
2026-10-09,9757776682,4,122.0,155,80,111396644,12711,83540,11,47929,4931,0.9067
2026-10-09,5868588140,4,122.0,174,58,236147327,12979,529149,-18,326565,76006,0.8112
2026-10-09,7789353543,4,121.8,162,94,124073212,12604,5560623,521,286355,10640,0.9642
2026-10-09,7831131900,4,121.8,196,87,117697152,27722,119478,47,96536,9206,0.9129
2026-10-09,7984525041,4,121.8,160,53,5415932,13975,47248,91,12624,1602,0.8874
2026-10-09,9276127219,4,121.5,158,92,17226294,19593,27796,60,30382,2658,0.9196
2026-10-09,10145435093,4,121.2,137,93,10542716,24833,17419,57,1206,564,0.6814
2026-10-09,9539768872,4,121.2,179,45,19280954,18317,1058652,486,25016,7027,0.7807
2026-10-09,8391342266,4,121.0,150,90,18043098,8446,101458,18,39648,3940,0.9096
2026-10-09,9178347165,4,121.0,174,92,18291745,18671,1430950,853,8099,1502,0.8436
2026-10-09,5918399007,4,121.0,158,70,131725142,18716,5324976,591,310060,13087,0.9595
2026-10-09,2177157737,4,120.8,156,59,35455410,9925,111387,21,60400,27696,0.6856
2026-10-09,9965260090,4,120.8,136,106,3734858,13053,118243,237,12791,624,0.9535
2026-10-09,1001748136,4,120.8,149,76,21043586,21862,72625,90,35052,9036,0.795
2026-10-09,8220481827,4,120.5,165,55,22707608,22952,1330383,867,27541,6472,0.8097
2026-10-09,9907404458,4,120.5,152,63,35241546,11051,40781,27,14590,1597,0.9013
2026-10-09,9716340958,4,120.5,208,18,17289847,14891,2345193,1288,25110,2121,0.9221
2026-10-09,9103302710,4,120.2,159,97,79391055,20158,88136,50,47797,4332,0.9169
2026-10-09,1883423040,4,120.0,145,57,138930136,19535,383689,22,113065,220946,0.3385
2026-10-09,5111819042,4,120.0,145,78,31579185,18984,32438,77,9132,1365,0.87
2026-10-09,2234531384,4,120.0,154,83,246485679,8796,568990,35,150302,14274,0.9133
2026-10-09,3388012996,4,119.8,153,81,21042265,13649,12664,13,4463,2407,0.6496
2026-10-09,6361652767,4,119.5,145,47,153158007,19405,284620,68,51436,42239,0.5491
2026-10-09,10762008472,4,119.5,159,69,2032370,9246,7148,17,1516,47,0.9699
2026-10-09,7719766419,4,119.2,186,52,33328341,16704,273850,34,42750,9640,0.816
2026-10-09,5184742769,4,119.0,215,55,60157124,14702,1074838,696,206535,14532,0.9343
2026-10-09,8500855560,4,118.8,144,73,11882489,22690,1782755,3689,712,737,0.4914
2026-10-09,2694371969,4,118.5,149,70,125366150,15057,277844,26,71812,29444,0.7092
2026-10-09,4069560710,4,118.5,136,97,290225534,6297,322320,-3,444883,22876,0.9511
2026-10-09,7523931033,4,118.5,167,69,22273476,21077,1466328,1210,2552,836,0.7532
2026-10-09,8188414457,4,118.2,150,77,15287458,20567,2346411,2558,3251,801,0.8023
2026-10-09,8334544191,4,118.2,227,18,4753099,15722,34182,161,2266,276,0.8914
2026-10-09,9843407918,4,118.2,182,66,10319879,16637,51163,60,13987,826,0.9442
2026-10-09,4674987887,4,118.0,144,70,81546268,64883,9098390,6592,4564,1508,0.7516
2026-10-09,7252801296,4,118.0,155,92,39328605,12350,1247901,279,83485,2865,0.9668
2026-10-09,8827949529,4,118.0,149,83,20354430,13098,1386221,752,1276,553,0.6976
2026-10-09,9527851429,4,118.0,163,71,96404277,12580,111611,19,190257,12682,0.9375
2026-10-09,2541236151,4,117.8,168,77,45235794,8872,164694,25,44992,4645,0.9064
2026-10-09,2781888563,4,117.8,157,68,365137802,20842,3499126,18,73672,29584,0.7135
2026-10-09,4688177962,4,117.8,188,43,19439531,7386,64763,13,17637,9390,0.6526
2026-10-09,8263672055,4,117.8,194,49,8447520,11502,30797,24,9950,3179,0.7579
2026-10-09,9643480573,4,117.8,147,89,33919224,8911,692682,362,93874,3284,0.9662
2026-10-09,495693931,4,117.5,147,72,926773327,18591,2811181,42,707065,141097,0.8336
2026-10-09,4846197410,4,117.5,213,65,24438637,26025,75809,74,32262,6129,0.8404
2026-10-09,6098192586,4,117.5,150,75,69247013,35685,231080,68,44459,9073,0.8305
2026-10-09,9046580625,4,117.5,198,46,7737979,7494,39169,28,20767,437,0.9794
2026-10-09,9570888371,4,117.5,177,51,202810693,18497,152576,28,51587,15874,0.7647
2026-10-09,6736155852,4,117.2,151,90,6724522,19093,8996,48,1485,1269,0.5392
2026-10-09,8250618750,4,117.2,166,83,26810607,15738,61100,-2,32492,12137,0.728
2026-10-09,7997540903,4,117.0,182,50,21560202,15334,764945,724,35615,11608,0.7542
2026-10-09,9649606423,4,117.0,150,94,24177777,20080,52156,39,25267,1960,0.928
2026-10-09,7658192401,4,117.0,198,23,43694964,15195,3756276,1061,85837,2943,0.9669
2026-10-09,10124222703,3,117.0,132,92,6801108,10912,15539,17,10061,2322,0.8125
2026-10-09,3993651533,4,116.8,144,82,51911493,17692,564188,244,13453,4712,0.7406
2026-10-09,8514466390,4,116.8,211,50,80587891,12249,4407004,443,52280,3154,0.9431
2026-10-09,7704576936,4,116.5,213,66,85357383,12081,1197747,5,153223,15711,0.907
2026-10-09,4435906301,4,116.2,125,110,8139819,5190,15475,-2,11681,1454,0.8893
2026-10-09,2783074114,4,116.2,171,56,189085754,16404,384907,11,66550,16365,0.8026
2026-10-09,7070825031,4,116.0,129,88,35062828,17520,2148534,1088,26802,3066,0.8973
2026-10-09,5878197094,4,116.0,181,78,29494043,14127,39540,39,13452,9775,0.5792
2026-10-09,2284882312,4,115.8,159,79,106857827,29947,474201,60,213733,26828,0.8885
2026-10-09,8423024086,4,115.8,157,62,44905368,15150,91372,35,28205,5183,0.8448
2026-10-09,3602256716,4,115.5,150,66,80374910,7901,541348,75,118606,9074,0.9289
2026-10-09,5803093656,4,115.2,143,93,25214062,5549,440328,26,550710,9076,0.9838
2026-10-09,9655897254,4,115.2,120,113,10343864,7140,158375,4,139791,2501,0.9824
2026-10-09,10030177373,4,115.2,154,80,14371488,15102,37865,42,40222,1462,0.9649
2026-10-09,6106474668,4,115.2,142,78,24767500,6295,598903,20,184274,5867,0.9691
2026-10-09,8283479192,4,114.8,168,71,18465750,12276,1216468,682,8241,876,0.9039
2026-10-09,10697889407,4,114.8,121,102,6603793,6754,64668,56,10161,527,0.9507
2026-10-09,2139563899,4,114.2,153,83,521217949,17839,8852277,-89,375829,54097,0.8742
2026-10-09,4144991005,4,114.2,193,36,63423243,13109,116669,30,118601,9010,0.9294
2026-10-09,4277322898,4,114.2,146,68,70358696,17961,4910593,1280,46688,10597,0.815
2026-10-09,7943862223,4,114.2,180,59,130606570,23516,12385846,1726,377206,30080,0.9261
2026-10-09,9911771068,4,114.2,146,60,23225034,16123,52527,25,26523,4978,0.842
2026-10-09,3544574074,2,114.0,147,81,32084167,6041,916437,236,90934,10158,0.8995
2026-10-09,2339944792,4,113.8,164,61,31799758,13815,171410,24,36650,7243,0.835
2026-10-09,3129182821,4,113.8,163,84,109385153,6934,377604,-4,110339,11367,0.9066
2026-10-09,2860485766,4,113.5,151,68,58263636,15654,2025569,25,86732,10176,0.895
2026-10-09,9322514199,4,113.5,159,64,9563454,26779,27205,79,4757,1410,0.7714
2026-10-09,10037267577,4,113.5,141,53,12413414,19101,189466,51,11261,3508,0.7625
2026-10-09,5673784666,4,113.5,227,24,55861211,17181,1012982,183,26297,2647,0.9085
2026-10-09,3560075960,2,113.5,162,65,27710710,8272,51510,10,11398,11071,0.5073
2026-10-09,504765147,4,113.2,142,56,158895060,25839,389526,6,185409,209143,0.4699
2026-10-09,2047210140,4,113.2,149,75,1176511080,14848,2558513,191,790064,133062,0.8559
2026-10-09,8187819072,4,113.2,140,99,9666290,11933,24309,50,4310,956,0.8185
2026-10-09,6159717337,4,113.0,179,68,17336754,29019,38359,73,12129,2163,0.8487
2026-10-09,1858442722,4,112.8,230,46,160619297,8901,640785,5,237475,50379,0.825
2026-10-09,9110459155,4,112.8,148,67,15410257,17706,43949,39,23055,38408,0.3751
2026-10-09,6447231901,3,112.7,130,88,46332089,4600,192274,32,332807,10491,0.9694
2026-10-09,9741799896,4,112.5,213,59,63129892,20761,3314929,978,96140,10010,0.9057
2026-10-09,4903000298,4,112.2,172,29,33789739,11254,34298,9,13099,2316,0.8498
2026-10-09,7088802117,4,112.0,153,68,58039654,15104,147854,50,41162,4533,0.9008
2026-10-09,10167214983,4,112.0,184,65,52689002,9567,2984631,473,73224,2098,0.9721
2026-10-09,5154411392,4,111.8,154,84,30258012,7412,75806,6,24578,3440,0.8772
2026-10-09,6720585148,4,111.8,139,74,155629144,16366,2574988,-28,1013107,27839,0.9733
2026-10-09,9258043104,4,111.5,191,55,41727898,6128,188038,36,122015,2591,0.9792
2026-10-09,2254119010,4,111.2,146,73,1645991,5143,28776,35,3579,278,0.9279
2026-10-09,5130926460,4,111.2,157,61,41337148,33303,40863,36,14061,2682,0.8398
2026-10-09,9828046301,4,111.2,160,72,8817907,6041,98038,6,12864,2314,0.8475
2026-10-09,2151379579,4,111.0,158,58,1534338306,21276,1121586,26,208443,58681,0.7803
2026-10-09,8355008153,4,111.0,178,41,19323890,19506,18383,26,13843,9947,0.5819
2026-10-09,2516706345,4,111.0,169,47,295559531,44119,337653,78,49997,47892,0.5108
2026-10-09,6407388008,4,110.8,149,81,19843588,6748,40695,18,79157,2150,0.9736
2026-10-09,9339430298,4,110.8,116,106,3301936,9076,3988,5,1762,351,0.8339
2026-10-09,8584153563,3,110.7,154,87,72062591,6169,8010270,518,26375,2027,0.9286
2026-10-09,10490506292,4,110.5,178,37,1065446,14872,1830,20,296,135,0.6868
2026-10-09,5446377791,4,110.2,154,88,195097042,12463,176240,31,45292,23935,0.6543
2026-10-09,10680863064,4,110.2,137,83,4699422,11210,12867,20,8696,1494,0.8534
2026-10-09,9991421325,4,110.0,136,75,31003969,11560,728869,-14,27452,8078,0.7726
2026-10-09,203829788,4,109.8,146,86,67640463,14193,395820,42,92586,19734,0.8243
2026-10-09,6714629102,4,109.8,128,93,18651042,10410,1260077,278,10780,1038,0.9122
2026-10-09,6639891603,2,109.5,112,107,19626728,6594,81881,32,30850,6540,0.8251
2026-10-09,10258087043,3,109.3,122,91,5474561,5222,23231,12,5262,1480,0.7805
2026-10-09,5413860450,4,109.2,144,88,22488414,9671,33855,20,21254,4196,0.8351
2026-10-09,8887799462,4,109.2,138,68,10780545,10816,30867,16,11928,4002,0.7488
2026-10-09,9280810829,4,109.2,153,81,41199546,7835,103485,-2,85350,4304,0.952
2026-10-09,10138661961,4,109.2,148,78,48737164,11569,112175,7,205580,5207,0.9753
2026-10-09,1048838263,4,109.2,184,46,25571027,14612,65265,41,16967,5242,0.764
2026-10-09,10127090395,4,109.0,137,64,127727755,29597,5400849,-103,105803,8371,0.9267
2026-10-09,1831129397,4,108.8,142,75,115412579,13325,500707,24,140474,16514,0.8948
2026-10-09,5109617119,4,108.8,129,65,16085610,9967,25679,18,9633,1399,0.8732
2026-10-09,7556543437,4,108.8,157,68,52158415,11710,149505,0,291558,16634,0.946
2026-10-09,4045303154,4,108.5,153,88,106260498,11817,217892,32,39853,3474,0.9198
2026-10-09,7813000783,4,108.2,150,55,34732075,14555,38047,21,71051,2266,0.9691
2026-10-09,3599169498,4,108.2,136,54,75120635,13017,5263919,402,7916,4373,0.6442
2026-10-09,4053249539,4,108.0,124,67,13103280,9558,22171,23,8354,1173,0.8769
2026-10-09,9320646231,4,108.0,152,63,538450,9584,68000,898,2680,620,0.8121
2026-10-09,254394801,4,107.8,126,63,1482074855,27600,4238943,-17,1604118,230897,0.8742
2026-10-09,4756005135,4,107.8,123,99,54877611,9303,737124,346,112812,39044,0.7429
2026-10-09,6452903718,4,107.8,173,57,21895877,17251,2693520,1758,1920,513,0.7891
2026-10-09,6837227715,4,107.8,149,83,109369598,8875,2848056,150,172722,6826,0.962
2026-10-09,1598111240,4,107.8,216,54,4085648,8678,25808,56,5783,955,0.8583
2026-10-09,5533168824,4,107.5,123,83,165547584,23448,10474508,644,20454,11037,0.6495
2026-10-09,10174912964,4,107.5,131,66,1784582,12295,107528,515,1227,751,0.6203
2026-10-09,3997171304,4,107.2,175,67,60582691,12195,1356710,508,157340,14558,0.9153
2026-10-09,10765529256,4,107.2,155,50,1159370,23293,5845,74,735,128,0.8517
2026-10-09,7938272070,4,107.0,131,75,236703938,16645,423262,13,463126,38302,0.9236
2026-10-09,3388500099,1,107.0,107,107,5236466,0,133522,0,13519,3002,0.8183
2026-10-09,947318189,4,106.8,134,65,331147373,21671,1082425,145,629678,58768,0.9146
2026-10-09,564406126,4,106.5,134,81,833163825,6646,4321359,-15,1389868,107853,0.928
2026-10-09,8613687643,4,106.5,130,80,24318298,11463,58501,43,5401,2097,0.7203
2026-10-09,8716654969,4,106.5,169,63,73996784,13680,167671,43,20714,20710,0.5
2026-10-09,10322311722,4,106.5,156,55,5651265,17667,222005,621,11959,1953,0.8596
2026-10-09,156428258,4,106.2,135,88,798307398,11868,3686322,39,1058739,116512,0.9009
2026-10-09,4654377185,4,106.2,156,44,17387822,18892,102022,60,42756,3588,0.9226
2026-10-09,7598310995,4,106.2,210,34,7507846,11288,64580,600,6340,1593,0.7992
2026-10-09,10000918243,4,106.2,134,59,18898580,10474,205610,72,76477,3699,0.9539
2026-10-09,1724021330,4,106.0,156,43,1488112980,22087,2071368,58,434133,69605,0.8618
2026-10-09,8897501653,4,106.0,125,80,13973595,8650,508528,143,68587,3611,0.95
2026-10-09,7855703227,1,106.0,106,106,34036069,0,3094769,0,10881,1790,0.8587
2026-10-09,5512092697,4,105.8,151,62,37991196,9667,475115,146,42981,10283,0.8069
2026-10-09,7922830257,4,105.5,138,55,4456213,10507,18254,43,5025,410,0.9246
2026-10-09,8229835129,4,105.5,172,70,45754413,15155,34289,25,24115,4511,0.8424
2026-10-09,10625421552,4,105.5,165,55,1690512,14574,13421,118,1380,685,0.6683
2026-10-09,4666344118,4,105.2,127,82,5247688,5365,106344,127,39013,3108,0.9262
2026-10-09,1731729355,4,105.0,122,87,178480412,23773,109806,49,25681,6424,0.7999
2026-10-09,3898855449,4,105.0,170,35,26112351,9219,93511,17,51449,12935,0.7991
2026-10-09,7843731295,4,105.0,135,83,3546406,16486,27211,53,8400,524,0.9413
2026-10-09,4991107470,4,104.8,171,62,80020602,15174,79277,25,8305,1789,0.8228
2026-10-09,9029463012,4,104.8,155,66,109612169,13115,415030,20,52902,6706,0.8875
2026-10-09,16371559,4,104.5,133,82,600968716,14729,2641446,83,749483,73499,0.9107
2026-10-09,140239261,4,104.5,153,62,16278574215,29640,14764177,496,2889830,518307,0.8479
2026-10-09,10231960870,4,104.5,135,76,6320258,8684,100549,61,23181,1220,0.95
2026-10-09,10505651236,4,104.5,160,61,9653950,5879,55281,67,32775,4416,0.8813
2026-10-09,7488190691,4,104.2,111,93,304156457,5913,207643,-51,400098,11695,0.9716
2026-10-09,10074100574,4,104.2,126,90,10601622,10046,19841,28,12371,3170,0.796
2026-10-09,6664476231,4,104.0,118,89,86000303,8764,2556541,228,446726,10552,0.9769
2026-10-09,10399562127,4,104.0,116,91,4718496,6359,13249,9,7628,1646,0.8225
2026-10-09,7329298703,4,104.0,145,51,52128046,8176,63211,22,23225,1192,0.9512
2026-10-09,1204566291,4,103.8,157,50,424719720,12023,997533,0,307957,100936,0.7531
2026-10-09,4857352699,3,103.7,131,77,90451959,5855,542642,3,41776,5226,0.8888
2026-10-09,3721056490,4,103.5,119,67,231235557,16395,196443,57,151039,13666,0.917
2026-10-09,953622098,4,103.2,152,76,108492122,14444,543868,10,208196,33794,0.8603
2026-10-09,5616424765,4,103.2,136,87,33436063,12418,1320182,560,56111,3600,0.9397
2026-10-09,105689481,4,103.0,113,84,200264510,3121,1316271,0,500790,115616,0.8124
2026-10-09,2153667358,4,103.0,132,55,141728298,11018,303587,23,91146,10903,0.8932
2026-10-09,6563693787,4,103.0,121,56,24519894,12721,38639,14,20260,4755,0.8099
2026-10-09,7580022263,4,103.0,166,52,23551342,20685,39925,65,30832,14542,0.6795
2026-10-09,9039708736,3,103.0,128,82,25854715,9835,1440638,559,43249,2882,0.9375
2026-10-09,147007210,4,102.5,135,46,8033180,13319,57803,44,14811,2465,0.8573
2026-10-09,4048852641,4,102.5,109,91,25879928,7228,202489,19,65438,11103,0.8549
2026-10-09,9083680687,4,102.5,132,54,89967300,14664,3174837,167,28551,6923,0.8048
2026-10-09,10479788072,4,102.5,114,71,5646062,8381,28542,27,5314,965,0.8463
2026-10-09,10687638113,4,102.5,131,77,966842,6109,10606,34,8404,974,0.8961
2026-10-09,10332579362,4,102.5,128,82,26239352,25401,29295,37,8179,4023,0.6703
2026-10-09,2142948266,4,102.2,125,73,680034298,14316,1169490,-41,779645,73900,0.9134
2026-10-09,2865328349,4,102.2,149,50,60252943,9996,359826,43,202771,25059,0.89
2026-10-09,9675229740,4,102.2,175,45,35488950,18841,1738762,15,41539,5787,0.8777
2026-10-09,5970598956,4,102.2,147,50,34210548,9696,1804265,386,8210,2371,0.7759
2026-10-09,5900199679,4,102.2,133,74,42575490,16842,211732,62,74125,12351,0.8572
2026-10-09,5287704645,4,102.0,146,71,58350270,11665,163468,30,72878,19900,0.7855
2026-10-09,185770259,4,101.8,135,70,85010436,11040,649833,415,109858,24915,0.8151
2026-10-09,10006104044,4,101.8,129,80,37336790,6286,172532,13,80907,6537,0.9252
2026-10-09,10210407309,4,101.8,155,55,27898332,17826,1419326,785,87408,2876,0.9681
2026-10-09,2563713593,4,101.5,142,52,94546435,15819,194726,20,126801,38294,0.768
2026-10-09,6684784890,4,101.5,124,82,19134549,13138,35135,20,6321,1398,0.8189
2026-10-09,7152338202,4,101.5,131,76,119033903,8406,74307,11,23951,7300,0.7664
2026-10-09,10737798435,4,101.5,133,63,4888307,10861,20119,43,22009,1530,0.935
2026-10-09,2429804179,2,101.5,125,78,24916081,1584,146197,8,20403,6759,0.7512
2026-10-09,1380809308,4,101.2,109,97,122347769,6177,336479,3,90760,28696,0.7598
2026-10-09,5216717929,4,101.2,135,43,38110452,11957,134564,59,49129,5725,0.8956
2026-10-09,7757926832,4,101.2,141,37,46496338,17006,67927,33,157672,21322,0.8809
2026-10-09,8218591943,4,101.2,164,38,37440915,9719,153556,70,288433,3915,0.9866
2026-10-09,7649076344,4,101.2,147,73,55910418,18674,10308192,2868,30459,6078,0.8336
2026-10-09,10359282823,4,101.2,147,45,2144091,11353,33214,71,10653,1996,0.8422
2026-10-09,6457637847,4,101.0,144,52,19583573,14803,29783,16,24584,1355,0.9478
2026-10-09,7272015599,4,101.0,158,46,32065764,13873,48322,12,38330,32575,0.5406
2026-10-09,9718589349,4,100.8,112,77,4237219,4561,66226,38,26874,4347,0.8608
2026-10-09,9563386957,4,100.5,138,75,75036050,12403,245568,16,159294,5860,0.9645
2026-10-09,6830856257,4,100.5,126,86,60976772,13615,3423878,706,47852,4299,0.9176
2026-10-09,2607768444,4,100.0,127,54,121007625,24209,403522,39,136765,22041,0.8612
2026-10-09,7893515528,4,100.0,115,67,302549109,17998,248626,9,590305,20333,0.9667
2026-10-09,10270331748,4,100.0,147,71,27085904,13809,244017,79,10278,2333,0.815
2026-10-09,10452420697,4,100.0,130,48,900630,7648,33610,131,5050,235,0.9555
2026-10-09,7741686902,4,100.0,123,76,11238887,15144,22062,33,5499,1218,0.8187
2026-10-09,7628235825,4,100.0,169,54,18145513,4694,491102,184,177720,5522,0.9699
2026-10-09,8847291613,3,100.0,130,78,45184724,6398,206445,37,72110,6060,0.9225
2026-10-09,4285646576,4,99.8,129,74,27818001,8435,362288,61,79339,18593,0.8101
2026-10-09,6165840924,4,99.8,146,63,23105214,14839,138411,54,37672,6381,0.8552
2026-10-09,9848302960,4,99.8,118,70,9556173,48619,116908,512,8678,619,0.9334
2026-10-09,10411121857,4,99.8,138,46,7521646,16442,54654,14,17490,2076,0.8939
2026-10-09,10374499973,4,99.8,128,86,16818989,14360,1073743,721,46425,1438,0.97
2026-10-09,6478300087,4,99.5,125,69,81942745,39799,5636000,1687,13875,4393,0.7595
2026-10-09,709199250,2,99.5,121,78,27362593,1957,2135271,57,12996,2095,0.8612
2026-10-09,5447254496,4,99.2,127,65,67908922,13843,6155939,974,54084,5337,0.9102
2026-10-09,6829921755,4,99.2,132,77,82328332,22750,2355990,51,87210,8453,0.9116
2026-10-09,3493529497,2,99.0,119,79,50210172,6498,133461,10,45078,5250,0.8957
2026-10-09,7612376466,4,99.0,124,68,18425969,10906,299253,190,162605,3964,0.9762
2026-10-09,9042945532,4,99.0,141,81,49075755,22038,191762,100,125404,6707,0.9492
2026-10-09,952270478,3,99.0,139,37,24660233,6288,72607,10,28130,6911,0.8028
2026-10-09,375716943,4,98.8,125,43,150363939,11989,673243,23,233034,62122,0.7895
2026-10-09,7363057857,4,98.8,131,81,145064218,14898,10118177,228,71156,10488,0.8715
2026-10-09,7553550762,4,98.8,154,12,27678158,6883,967769,359,41512,1341,0.9687
2026-10-09,5884411410,4,98.8,132,63,69513153,21571,186120,45,140298,17434,0.8895
2026-10-09,10508637145,4,98.5,134,53,31815894,24328,165245,26,66828,5199,0.9278
2026-10-09,1698069706,4,98.2,127,62,128046274,15563,293998,31,50597,18370,0.7336
2026-10-09,1170436920,4,98.2,112,71,11364870,8843,29027,12,9872,1243,0.8882
2026-10-09,3057636537,4,98.0,119,77,104906595,11110,1858672,441,33445,10156,0.7671
2026-10-09,4225854774,4,97.8,118,75,32445801,5501,47901,-2,16908,9287,0.6455
2026-10-09,839922895,4,97.5,109,80,21268855,5905,180102,16,52183,7356,0.8765
2026-10-09,6571312976,4,97.5,143,50,105365864,18725,10526965,1385,35403,3755,0.9041
2026-10-09,4278693737,4,97.5,162,5,5576465,11837,26190,18,1640,3135,0.3435
2026-10-09,4831379386,4,97.5,122,51,19293569,7971,1034079,284,43107,3935,0.9164
2026-10-09,3057295800,4,97.2,126,51,30264691,40401,47433,32,8731,4002,0.6857
2026-10-09,4179266766,4,97.2,181,30,140203081,18436,80277,16,19454,5444,0.7813
2026-10-09,5300929388,4,97.2,115,55,27307992,7017,125482,32,27492,5651,0.8295
2026-10-09,9808514624,4,97.0,142,41,23284105,10036,1078123,313,15186,2055,0.8808
2026-10-09,10320185905,4,97.0,127,62,16219902,12652,18368,31,6660,2642,0.716
2026-10-09,3208508216,2,97.0,137,57,2559927,741,15593,0,4676,1488,0.7586
2026-10-09,7324958498,4,96.8,118,75,45259058,15146,4727067,1483,5510,1015,0.8444
2026-10-09,1083350597,4,96.8,126,57,663789158,12025,1099908,17,223167,56486,0.798
2026-10-09,7470750655,4,96.5,131,46,67076915,22057,2121332,722,20602,3359,0.8598
2026-10-09,2605483903,4,96.2,117,56,216508993,15269,259899,19,36769,38830,0.4864
2026-10-09,7540451462,4,96.2,159,54,21191364,10634,1007660,486,34120,5759,0.8556
2026-10-09,4703978359,4,96.2,133,62,60352437,9882,69171,22,13113,2845,0.8217
2026-10-09,1934249057,4,96.0,142,45,586794250,8925,1831746,119,648295,30718,0.9548
2026-10-09,2313969312,4,95.8,130,55,22766376,8386,87444,17,32326,9370,0.7753
2026-10-09,2516283984,4,95.8,114,53,145270671,22093,661895,32,247766,25984,0.9051
2026-10-09,5502624394,4,95.8,103,87,4129042,2831,30497,14,11396,1860,0.8597
2026-10-09,5574298486,4,95.8,118,59,8873080,5442,34538,18,12020,4326,0.7353
2026-10-09,2876622588,4,95.8,116,65,548734273,11147,480653,28,64291,15088,0.8099
2026-10-09,2635075184,4,95.8,144,49,134375525,43785,332828,46,52557,5823,0.9003
2026-10-09,6537995571,4,95.5,159,47,1883352,8894,11140,51,4577,1125,0.8027
2026-10-09,4769379956,3,95.3,103,81,108112151,6683,443425,26,222264,25378,0.8975
2026-10-09,9837859228,4,95.2,121,84,24172776,8636,448742,164,41509,1771,0.9591
2026-10-09,3593138763,4,95.2,127,59,22841054,7276,291559,68,66214,8984,0.8805
2026-10-09,4577439977,4,94.8,121,51,110700989,17745,5001833,1212,102417,14495,0.876
2026-10-09,7525776296,3,94.7,114,73,18266971,12075,10051,15,1028,248,0.8056
2026-10-09,4017390447,4,94.5,118,79,42924875,24919,65565,33,21339,5918,0.7829
2026-10-09,8974769492,4,94.5,103,88,20262962,12684,67908,40,81015,4471,0.9477
2026-10-09,8697490304,4,94.5,111,85,9456357,6428,372645,216,2470,971,0.7178
2026-10-09,10064194308,4,94.5,138,58,16888473,6423,936774,339,6817,847,0.8895
2026-10-09,1704127601,4,94.2,123,57,40429216,17375,550078,80,100074,4731,0.9549
2026-10-09,8987346036,4,94.2,115,65,12059951,6986,73707,47,45629,5803,0.8872
2026-10-09,3451663900,2,94.0,100,88,237754480,5698,1135811,18,683649,70349,0.9067
2026-10-09,6533104111,4,93.8,118,72,21332136,12141,79970,67,49258,2044,0.9602
2026-10-09,9085382417,4,93.8,146,70,37102996,10406,4041994,930,5736,2987,0.6576
2026-10-09,3185207046,3,93.7,104,74,25058292,3351,121780,12,55342,6464,0.8954
2026-10-09,5095657558,4,93.2,139,51,36752046,9492,118260,21,37354,10709,0.7772
2026-10-09,5372679817,4,93.2,117,77,75734153,16250,395929,59,54175,6901,0.887
2026-10-09,10108284887,4,93.0,122,58,7059377,17865,12955,24,3279,652,0.8341
2026-10-09,2993982571,2,93.0,102,84,6544816,812,33587,2,11767,7573,0.6084
2026-10-09,6900677672,4,92.8,136,65,40336124,23672,52181,29,20452,1403,0.9358
2026-10-09,6920930774,4,92.8,145,37,44235888,17609,79718,30,47918,8523,0.849
2026-10-09,10039940475,4,92.8,119,62,1639537,7354,13586,42,5089,1278,0.7993
2026-10-09,10097719800,4,92.8,135,29,1552101,8216,2041,13,6475,1135,0.8509
2026-10-09,9570974642,4,92.8,169,48,31129586,7411,1522417,355,40296,2772,0.9356
2026-10-09,8898919857,3,92.7,99,88,4489963,14941,8746,15,2364,1893,0.5553
2026-10-09,5617640646,4,92.5,113,60,21238053,14157,470739,189,185202,17603,0.9132
2026-10-09,9351808693,4,92.5,128,77,31903438,15732,710538,76,51313,1614,0.9695
2026-10-09,9619492068,4,92.5,157,16,51381493,7227,358774,31,403611,8355,0.9797
2026-10-09,1359439564,4,92.2,141,48,25245550,4966,154278,16,34730,8517,0.8031
2026-10-09,9266873836,4,92.0,104,85,154316627,3893,133882,-12,351589,5922,0.9834
2026-10-09,9438247464,4,92.0,143,48,3074750,11799,104746,367,4509,818,0.8464
2026-10-09,9566251256,4,92.0,107,77,16354291,34155,1716174,2625,19745,9789,0.6686
2026-10-09,1740238153,3,92.0,115,66,345195151,9865,353436,31,66661,21996,0.7519
2026-10-09,4648356765,1,92.0,92,92,21089616,0,19656,0,2431,2225,0.5221
2026-10-09,9626728130,4,91.8,128,63,109514570,10328,3431067,368,113408,13752,0.8919
2026-10-09,7882458860,4,91.5,129,58,65349123,9749,75584,34,159577,2831,0.9826
2026-10-09,1669861051,4,91.2,126,47,17787006,12998,99340,44,25703,3324,0.8855
2026-10-09,5275559565,4,91.2,115,69,20210235,5173,59503,-2,20959,3323,0.8631
2026-10-09,6631166683,4,91.2,119,73,75409333,14804,98904,34,42608,26149,0.6197
2026-10-09,4061212064,4,91.0,106,46,103743748,28652,3517598,3128,13350,6388,0.6764
2026-10-09,7000105765,4,91.0,137,44,67950853,18932,99904,68,156223,15373,0.9104
2026-10-09,9968798691,1,91.0,91,91,5904535,0,5248,0,303,169,0.6419
2026-10-09,5165509675,4,90.8,116,74,24826300,13646,219966,75,26865,3764,0.8771
2026-10-09,6273901846,3,90.7,116,76,5734692,4728,29518,26,6551,877,0.8819
2026-10-09,2880808628,4,90.5,127,53,33995545,5067,119607,-1,68389,12136,0.8493
2026-10-09,6851668263,4,90.5,107,67,6574275,8314,16600,15,6858,1752,0.7965
2026-10-09,8500639466,4,90.5,123,51,6465272,5493,34605,10,20000,2768,0.8784
2026-10-09,9261495998,4,90.5,137,52,30837095,15428,2512826,866,13893,1885,0.8805
2026-10-09,3874272609,4,90.5,114,56,9372957,6513,21825,23,16053,7252,0.6888
2026-10-09,5271803834,4,90.5,120,54,31250339,15741,4884734,2638,2955,1082,0.732
2026-10-09,6510426771,4,90.2,130,75,17507610,8235,23137,21,5456,4464,0.55
2026-10-09,9149872124,4,90.2,106,74,36613624,17745,38013,27,35282,2440,0.9353
2026-10-09,10707697110,4,90.2,117,45,812107,10198,2823,31,7390,476,0.9395
2026-10-09,12454828,4,90.0,126,44,251023284,11980,1076318,1,305534,82673,0.787
2026-10-09,6664442620,3,90.0,110,73,3731805,4330,225881,205,26790,852,0.9692
2026-10-09,8560366648,4,89.8,96,75,48632033,24321,58336,42,71497,5839,0.9245
2026-10-09,5836986902,4,89.8,160,38,23432449,14796,15416,22,7256,2694,0.7292
2026-10-09,1685316311,4,89.8,105,56,56983506,8260,1797895,15,6972,3382,0.6734
2026-10-09,7400570888,4,89.5,96,75,89482690,15418,5451625,1051,71224,3784,0.9496
2026-10-09,9896069131,4,89.5,148,55,23924952,10572,1623569,577,36604,1952,0.9494
2026-10-09,4701326804,4,89.0,161,19,52069815,20250,261281,80,39374,5355,0.8803
2026-10-09,6329723248,4,89.0,126,34,57302238,13579,450689,150,1037,1643,0.3869
2026-10-09,9653804173,4,89.0,147,59,14850473,27957,15156,46,2387,6623,0.2649
2026-10-09,3480841671,1,89.0,89,89,212047676,0,2112965,0,213011,15100,0.9338
2026-10-09,6088537495,2,89.0,93,85,24366973,2394,121195,44,33394,6123,0.8451
2026-10-09,6512332880,1,89.0,89,89,8102407,0,93141,0,21901,1436,0.9385
2026-10-09,31450932,4,88.8,133,40,51443468,12863,325059,43,81651,9573,0.8951
2026-10-09,4518677258,4,88.8,143,68,11119860,13244,10555,22,1825,3604,0.3362
2026-10-09,7356350779,4,88.8,123,70,121684747,28944,85258,59,10817,3106,0.7769
2026-10-09,5905920721,4,88.8,149,36,131624621,20590,91742,46,27381,18804,0.5929
2026-10-09,772169807,4,88.5,95,70,74341620,6808,202114,26,59896,18588,0.7632
2026-10-09,10073429496,4,88.5,130,62,4802118,7772,33816,41,35927,4771,0.8828
2026-10-09,5100507732,4,88.2,119,52,12567111,5668,138601,62,110880,5919,0.9493
2026-10-09,5248000811,4,88.0,106,71,68772288,15087,4185567,608,5245,2723,0.6583
2026-10-09,7479969826,4,88.0,126,51,47048235,16582,72146,58,73199,7298,0.9093
2026-10-09,8070345443,4,88.0,117,74,122011735,14146,76349,27,35550,5153,0.8734
2026-10-09,9584636122,4,88.0,118,50,10069763,10305,16132,684,4657,804,0.8528
2026-10-09,10089507840,4,88.0,167,54,83426656,14065,108511,15,47048,5240,0.8998
2026-10-09,1609765104,4,87.8,107,59,82451027,8909,208820,15,74401,19595,0.7915
2026-10-09,2112490643,4,87.5,110,48,110947594,13998,228969,127,50016,68003,0.4238
2026-10-09,6267943144,4,87.5,115,63,17565081,16338,128471,64,23364,9401,0.7131
2026-10-09,7915183134,4,87.5,107,72,49339773,8973,3602956,458,24955,2741,0.901
2026-10-09,10393707211,4,87.5,98,60,12786687,14206,29393,27,5455,1066,0.8365
2026-10-09,8348280901,4,87.5,126,61,107920428,9762,43990,13,14736,9628,0.6048
2026-10-09,5417936082,3,87.3,137,47,6070119,3905,76452,21,16457,2349,0.8751
2026-10-09,9797688646,3,87.3,103,58,58508985,4764,64921,8,40260,6835,0.8549
2026-10-09,6810151193,4,87.2,130,59,23852887,9936,25572,16,9213,4490,0.6723
2026-10-09,5898577904,4,87.2,120,60,811517,6233,18119,76,5420,1762,0.7547
2026-10-09,595270616,4,87.0,126,48,31455687,6758,455075,30,120133,22906,0.8399
2026-10-09,9169239149,4,87.0,119,49,15399939,9500,164620,114,30282,2317,0.9289
2026-10-09,7799183193,4,87.0,109,53,103834498,14443,86416,26,128119,8423,0.9383
2026-10-09,9912806911,3,87.0,98,68,23138864,6396,37026,11,6671,1433,0.8232
2026-10-09,8470436709,4,86.8,123,15,35041108,12082,13219,9,874,451,0.6596
2026-10-09,10666192800,4,86.8,109,61,4096503,12050,47947,57,17989,4923,0.7851
2026-10-09,7151023620,3,86.7,114,67,36117850,4759,26297,11,6642,2669,0.7133
2026-10-09,6103280407,4,86.5,120,64,12639029,13510,1790954,1731,1775,318,0.8481
2026-10-09,10041009357,4,86.5,108,54,3077118,24317,13558,93,7616,1013,0.8826
2026-10-09,10759566653,4,86.5,122,57,362690,10492,1011,22,467,50,0.9033
2026-10-09,2032222420,4,86.5,137,62,41971344,7802,283814,20,107035,16195,0.8686
2026-10-09,8668547750,4,86.5,140,34,39059090,16484,83460,67,65050,2108,0.9686
2026-10-09,7650013922,4,86.5,109,65,11073940,4601,92949,40,28895,4337,0.8695
2026-10-09,9571037154,4,86.5,137,47,34214235,11755,58721,13,68614,3562,0.9506
2026-10-09,6281662204,3,86.3,120,58,14866931,9509,124850,28,17597,9705,0.6445
2026-10-09,1261193936,3,86.3,107,72,1731707451,4999,2004868,6,455337,115516,0.7976
2026-10-09,4025872087,4,86.2,118,61,115519509,5703,1571972,27,138570,8112,0.9447
2026-10-09,5780178830,4,86.2,117,54,11267215,12452,905307,288,1733,542,0.7618
2026-10-09,4934163223,4,86.0,105,49,12096643,12789,98491,66,73412,7698,0.9051
2026-10-09,9899322847,4,86.0,125,55,21685790,13800,59946,21,100585,12872,0.8865
2026-10-09,9494045651,3,86.0,106,64,1276212,6397,2694,18,1506,241,0.862
2026-10-09,4834449429,4,85.5,108,62,120748746,12703,541681,40,117930,12216,0.9061
2026-10-09,7207532353,4,85.5,104,55,6718776,4915,70224,15,18314,6412,0.7407
2026-10-09,7820099744,4,85.5,107,51,25741711,11452,81106,36,21549,6405,0.7709
2026-10-09,1858105063,4,85.5,119,66,108148024,39416,443992,38,57144,8434,0.8714
2026-10-09,2056544720,2,85.5,90,81,133675957,1513,673229,0,203889,45564,0.8173
2026-10-09,3121816042,4,85.2,95,71,12286838,7372,68457,34,13465,2790,0.8284
2026-10-09,7061687750,4,85.2,94,64,9081936,5191,28227,9,11415,4076,0.7369
2026-10-09,2082737845,4,85.0,128,31,249425429,11474,498333,8,218795,70783,0.7556
2026-10-09,5239027843,4,85.0,110,56,12223934,7092,74672,24,35872,5936,0.858
2026-10-09,6933621657,4,85.0,115,37,40772750,15225,1763208,300,29998,4827,0.8614
2026-10-09,9890892152,4,85.0,97,73,12122920,7809,62140,21,17021,6019,0.7388
2026-10-09,3270347456,3,85.0,99,71,265554689,5869,334668,10,230476,25304,0.9011
2026-10-09,4896453022,3,84.7,118,33,18177242,5416,27600,20,4532,1318,0.7747
2026-10-09,7726043256,3,84.7,98,69,22652565,3283,208415,17,128309,6307,0.9531
2026-10-09,736705182,4,84.5,103,75,14188527,8280,177930,19,41165,6493,0.8638
2026-10-09,10092286198,4,84.5,98,71,23894473,12142,49375,28,13879,1679,0.8921
2026-10-09,6827416165,4,84.5,100,60,5100513,6175,68534,14,16189,1443,0.9182
2026-10-09,9544531673,4,84.5,108,57,30749727,12619,40265,42,3577,758,0.8251
2026-10-09,4294402833,3,84.3,109,56,24255002,5768,78860,13,25244,5233,0.8283
2026-10-09,2631605645,3,84.3,95,70,65953494,6722,165907,17,99771,17576,0.8502
2026-10-09,4725882562,4,84.2,118,43,87311599,12008,226569,18,92576,32280,0.7415
2026-10-09,8177819100,4,84.2,168,19,3100442,7873,16210,16,2350,409,0.8518
2026-10-09,9832580772,4,84.2,111,55,18165152,13631,193345,73,24720,1904,0.9285
2026-10-09,6002149925,4,84.0,102,74,103300479,7121,1304241,33,467755,11661,0.9757
2026-10-09,2930829678,4,83.8,129,41,254346952,23907,16608215,2554,23389,12666,0.6487
2026-10-09,4015966375,4,83.8,107,37,21664715,12195,97886,25,35956,5124,0.8753
2026-10-09,5501560386,4,83.8,116,48,52003946,13856,6553610,1729,16314,5970,0.7321
2026-10-09,2609809803,4,83.8,148,18,62927237,5556,2092378,596,10339,2310,0.8174
2026-10-09,1582293268,3,83.7,122,52,135224173,4618,214248,5,132672,11314,0.9214
2026-10-09,211134933,4,83.5,108,46,514343702,7998,1867214,33,361455,38047,0.9048
2026-10-09,1216210570,4,83.5,117,54,293478105,8924,871370,-6,177221,22876,0.8857
2026-10-09,4587522298,3,83.3,127,56,46366931,6743,259819,10,33448,17963,0.6506
2026-10-09,9834941565,4,83.2,111,72,90520360,12256,94699,17,100506,7748,0.9284
2026-10-09,7991338789,4,83.0,100,52,5300522,6978,85922,135,24971,2042,0.9244
2026-10-09,3681669024,4,83.0,124,46,96015179,9503,167403,14,161648,68280,0.703
2026-10-09,7130790664,3,83.0,130,47,11456726,18581,51386,104,14591,1327,0.9166
2026-10-09,3881812193,4,82.8,113,37,38584655,14349,57293,35,11416,3477,0.7665
2026-10-09,3933985529,4,82.8,100,73,68817226,11005,157847,30,19159,3348,0.8512
2026-10-09,6839134517,4,82.8,103,58,47785714,13163,27162,31,8339,2875,0.7436
2026-10-09,4396714365,4,82.8,116,55,147898457,7264,3653329,63,451451,19444,0.9587
2026-10-09,4766378400,4,82.8,130,55,37467313,6352,52155,16,13820,2263,0.8593
2026-10-09,4343171923,4,82.5,92,64,8021380,3844,105130,6,21330,4586,0.823
2026-10-09,4707068422,4,82.5,93,55,14789076,13286,41926,29,16859,1802,0.9034
2026-10-09,9835089582,4,82.5,139,27,13875049,11900,121699,195,7038,4282,0.6217
2026-10-09,10053434203,4,82.5,127,56,27212914,13591,2069029,930,23290,3653,0.8644
2026-10-09,454194438,4,82.5,101,52,65978695,12496,167801,28,27265,11824,0.6975
2026-10-09,10559253584,4,82.5,105,64,13331204,12836,22503,25,4794,1199,0.7999
2026-10-09,2331555831,2,82.5,89,76,76730949,3108,56022,9,17970,8961,0.6673
2026-10-09,2091953627,4,82.2,123,38,21867629,16681,65784,42,30748,2156,0.9345
2026-10-09,4490657706,4,82.2,155,48,203414528,13463,601768,3,184137,57807,0.7611
2026-10-09,8283159479,4,82.2,129,34,42247652,7879,126073,4,381788,5625,0.9855
2026-10-09,5993969021,4,82.2,98,59,17627844,7930,60294,16,16728,3637,0.8214
2026-10-09,6802522764,4,81.8,97,72,1141273,4349,16198,75,5849,644,0.9008
2026-10-09,7618444254,4,81.8,101,65,41115882,9380,745789,113,407465,7699,0.9815
2026-10-09,10520859168,4,81.8,130,44,5942294,16762,35038,62,24906,3772,0.8685
2026-10-09,4958197536,4,81.5,114,48,9126732,4731,53813,12,19307,3152,0.8597
2026-10-09,2270874096,4,81.5,125,37,42276838,9098,47030,11,21778,3415,0.8644
2026-10-09,8070392042,4,81.2,99,67,46655621,14077,1538233,199,51268,5529,0.9027
2026-10-09,9433498615,4,81.2,126,59,3498549,7778,49227,60,11710,740,0.9406
2026-10-09,10417062810,4,81.2,86,77,22520981,9189,39423,30,26724,1713,0.9398
2026-10-09,6385911588,4,81.0,98,60,32140881,9750,964016,18,136534,7524,0.9478
2026-10-09,8137661920,4,81.0,136,45,74190889,17566,63992,24,50857,6044,0.8938
2026-10-09,3185346597,3,81.0,100,70,215061030,4593,1317235,103,79460,12256,0.8664
2026-10-09,3975400948,3,81.0,115,44,148459844,4139,291962,2,111730,15361,0.8791
2026-10-09,8504871714,4,80.8,109,36,23672427,9924,19569,16,3788,2128,0.6403
2026-10-09,9257173088,4,80.5,106,58,4746493,5478,39454,19,15373,2861,0.8431
2026-10-09,7334425664,3,80.3,100,64,3025168,1941,166198,118,59110,1547,0.9745
2026-10-09,931159924,4,80.2,105,42,80066580,8504,602295,35,176572,21968,0.8894
2026-10-09,10441136920,4,80.2,113,35,5525016,7981,8010,6,5684,903,0.8629
2026-10-09,5084931780,4,80.0,115,29,43187598,8466,64727,8,29021,10649,0.7316
2026-10-09,4192576542,4,79.8,125,51,12913805,4599,118884,15,37348,4424,0.8941
2026-10-09,4721594588,4,79.8,112,40,28791494,7431,173811,18,73758,6147,0.9231
2026-10-09,2727463616,2,79.5,97,62,115085075,3673,304694,4,62902,8826,0.877
2026-10-09,10006323745,4,79.2,99,65,26318235,20088,469939,481,12137,989,0.9247
2026-10-09,6597877862,4,79.0,102,51,15020771,13838,781447,901,103107,5698,0.9476
2026-10-09,10104229716,4,79.0,123,32,30684138,10168,100321,16,248235,13082,0.9499
2026-10-09,10299611114,4,79.0,92,65,23764190,8077,244681,53,225875,4887,0.9788
2026-10-09,1441101830,4,79.0,128,28,31232847,6398,227877,136,11779,13517,0.4656
2026-10-09,3568135846,2,79.0,97,61,44156891,1591,185605,9,112842,7740,0.9358
2026-10-09,7360300064,4,79.0,127,24,171055104,16162,8086849,1070,13007,7539,0.6331
2026-10-09,10141851815,3,79.0,97,60,5516911,3545,13025,6,2958,1151,0.7199
2026-10-09,3336930453,3,79.0,86,70,74798900,4576,626296,27,82043,17768,0.822
2026-10-09,9040189799,4,78.8,109,36,182179958,13131,110203,15,118368,23444,0.8347
2026-10-09,10094599280,3,78.7,94,61,7539853,4668,334287,189,20430,779,0.9633
2026-10-09,5893257624,3,78.7,96,69,37745829,5757,103799,19,20007,8484,0.7022
2026-10-09,75587443,4,78.5,93,59,616662191,13871,2638541,91,524376,90698,0.8525
2026-10-09,3480296203,2,78.5,86,71,216683677,6780,342557,8,112702,29829,0.7907
2026-10-09,7343942944,4,78.5,139,43,27312340,7609,46742,20,26601,1128,0.9593
2026-10-09,10345973434,4,78.5,111,47,5730460,16518,22071,57,317,250,0.5591
2026-10-09,3934229151,3,78.3,126,49,23651186,17990,32253,26,7225,1579,0.8206
2026-10-09,481618399,4,78.2,127,25,90976278,4228,142393,3,38834,13019,0.7489
2026-10-09,10188079941,4,78.2,137,26,14142927,12226,23861,18,29196,3189,0.9015
2026-10-09,10533932233,4,78.2,91,45,3888397,7513,82911,101,1867,641,0.7444
2026-10-09,2835233972,4,78.0,110,39,153728836,12056,173822,29,43462,22752,0.6564
2026-10-09,4515828939,4,78.0,154,25,128207915,18802,34144,26,15328,20557,0.4271
2026-10-09,10318074836,3,78.0,91,62,2508824,5807,19385,90,5241,1896,0.7343
2026-10-09,2985161144,4,77.8,96,67,49006245,12472,521432,78,115966,5326,0.9561
2026-10-09,6007378447,4,77.8,152,41,66213024,5690,145630,26,197026,6648,0.9674
2026-10-09,2201173838,4,77.5,115,24,36538332,6110,367544,14,174198,39941,0.8135
2026-10-09,3068253054,4,77.5,149,28,16460965,6928,15530,15,7349,1076,0.8723
2026-10-09,7042908519,4,77.5,125,35,3962802,8759,25638,42,11544,1224,0.9041
2026-10-09,8589587086,4,77.5,150,19,7368486,9548,143757,89,4499,532,0.8943
2026-10-09,10199327179,4,77.5,140,22,32284692,23865,39371,23,16429,2509,0.8675
2026-10-09,9630427308,4,77.5,126,55,25005890,7676,40661,12,29671,3061,0.9065
2026-10-09,5937860488,4,77.5,109,51,105440897,25093,320671,55,206382,9367,0.9566
2026-10-09,3906287814,4,77.2,104,47,240990600,9075,176300,12,39208,9558,0.804
2026-10-09,5678203702,4,77.2,122,42,2176059,13737,6308,26,1368,230,0.8561
2026-10-09,8639693426,4,77.2,107,46,42021651,15578,123926,30,300603,28184,0.9143
2026-10-09,8359799244,4,77.0,101,60,37607066,8875,67878,25,8452,3047,0.735
2026-10-09,6211067578,4,77.0,122,43,81960114,22443,102060,25,80400,30931,0.7222
2026-10-09,9572720990,3,77.0,92,66,72674038,5746,75183,17,96255,7943,0.9238
2026-10-09,791881410,4,76.8,93,67,57109177,4940,194162,3,85858,14964,0.8516
2026-10-09,5779606636,4,76.8,98,65,14708404,5997,360255,31,59482,3942,0.9378
2026-10-09,6212813814,4,76.8,83,63,8610377,3097,29342,6,16270,4357,0.7888
2026-10-09,6590563982,4,76.8,117,53,10438901,6683,85466,38,27005,3084,0.8975
2026-10-09,4827308727,4,76.5,94,65,5906049,12183,30015,114,9183,2783,0.7674
2026-10-09,8574830649,4,76.5,127,55,53920631,10230,1158999,370,154554,2685,0.9829
2026-10-09,5851241638,4,76.5,92,55,76322776,8350,1312297,-1,61429,7896,0.8861
2026-10-09,6695557387,2,76.5,106,47,12501179,1671,25295,7,44492,937,0.9794
2026-10-09,9908542703,3,76.3,108,43,36828229,4794,2809799,276,28865,2043,0.9339
2026-10-09,4869168196,4,76.2,110,56,128064054,9337,182693,6,98178,10858,0.9004
2026-10-09,10188394289,4,76.0,90,59,84513129,14456,113479,10,27512,10204,0.7295
2026-10-09,10523101954,4,76.0,104,48,18400172,14370,83357,37,24165,3827,0.8633
2026-10-09,10001527292,3,76.0,95,41,12357904,6265,28047,13,11122,1047,0.914
2026-10-09,6169011426,2,76.0,86,66,49474705,2017,3153231,60,262776,9816,0.964
2026-10-09,5495994056,3,75.7,83,65,4532548,3897,27403,16,7559,2037,0.7877
2026-10-09,7444113888,4,75.5,105,48,3466292,8119,9935,26,4403,1084,0.8024
2026-10-09,3610374925,4,75.5,93,65,13020107,8234,44179,43,15501,3372,0.8213
2026-10-09,9969687051,4,75.5,116,43,39408803,7762,2583729,329,10758,2322,0.8225
2026-10-09,10553315121,3,75.3,96,45,3030177,2925,7412,5,1140,299,0.7922
2026-10-09,1801716281,4,75.2,103,46,20782947,10021,26962,5,12998,3622,0.7821
2026-10-09,6540390962,4,75.2,97,65,60264955,7956,5162719,577,91236,8021,0.9192
2026-10-09,2719512531,4,75.0,98,50,155812153,9770,308541,-1,164394,26832,0.8597
2026-10-09,2502424930,3,75.0,88,58,119606092,6059,160009,12,58924,21241,0.735
2026-10-09,5299341139,3,75.0,95,57,1641058,6472,23153,122,6999,751,0.9031
2026-10-09,8308137275,2,75.0,77,73,1936061,1013,80364,43,20156,1054,0.9503
2026-10-09,4388500995,4,74.8,91,63,65320446,24732,70918,6,23004,7065,0.765
2026-10-09,7505220577,3,74.7,77,72,10221984,3307,143683,22,7775,1922,0.8018
2026-10-09,108687118,4,74.5,83,56,14019708,4077,121788,6,35386,8919,0.7987
2026-10-09,5897329101,4,74.5,96,48,6103083,10411,35034,16,9501,2769,0.7743
2026-10-09,1914542037,4,74.2,101,51,12566671,5216,168769,33,43791,3263,0.9307
2026-10-09,6203464868,4,74.2,101,32,21260819,8879,72887,50,57315,6644,0.8961
2026-10-09,5133527740,4,74.2,89,48,22005805,7824,23848,29,4069,2732,0.5983
2026-10-09,8620685718,4,74.2,91,59,163956414,8202,85003,9,66604,17941,0.7878
2026-10-09,9011750676,4,74.0,114,45,9791777,8529,321222,217,26805,1490,0.9473
2026-10-09,1937412040,3,74.0,99,53,79144578,3302,121659,2,62266,7421,0.8935
2026-10-09,3532820968,1,74.0,74,74,39663638,0,98464,0,19064,17773,0.5175
2026-10-09,5083208987,2,74.0,90,58,73546575,2332,380455,2,30723,6646,0.8222
2026-10-09,8330910875,1,74.0,74,74,25799642,0,92213,0,51361,6602,0.8861
2026-10-09,1255026771,4,73.8,106,50,585439839,13294,770542,33,62127,11424,0.8447
2026-10-09,4979078803,4,73.8,83,55,102828243,7685,1607578,-26,153700,11548,0.9301
2026-10-09,10253841135,4,73.8,81,62,15083010,6851,31079,14,10838,1442,0.8826
2026-10-09,9960859288,4,73.8,102,47,5218435,7828,16191,11,1090,1152,0.4862
2026-10-09,4609061520,4,73.8,100,45,68326849,6493,228332,94,4291,2372,0.644
2026-10-09,3645561364,4,73.8,103,28,5186384,6920,46355,34,5895,1037,0.8504
2026-10-09,2692329068,3,73.7,93,57,32888411,3473,267181,15,81313,13779,0.8551
2026-10-09,99402433,3,73.7,82,66,373509796,6035,5075960,-5,49481,45659,0.5201
2026-10-09,909309773,4,73.5,93,54,246748388,6327,1456225,7,486151,46532,0.9126
2026-10-09,1656465191,4,73.5,95,37,157632015,8487,655067,6,191582,21567,0.8988
2026-10-09,5254185222,4,73.5,100,42,15919804,11028,188292,75,16276,5474,0.7483
2026-10-09,9302146581,4,73.5,92,50,9673940,10389,38204,17,5711,1946,0.7459
2026-10-09,9610561918,4,73.5,83,52,65561156,9578,2801284,377,136198,5168,0.9634
2026-10-09,1225151525,4,73.5,95,59,49842667,10638,51341,36,6577,5143,0.5612
2026-10-09,7196736932,4,73.5,91,49,20911249,7937,81144,23,129887,3875,0.971
2026-10-09,1050830474,4,73.5,96,50,31697173,11023,97365,21,28007,5743,0.8298
2026-10-09,10200291205,2,73.5,80,67,42392699,3889,1244058,65,46091,5214,0.8984
2026-10-09,10300417123,3,73.3,80,64,19368845,3294,963125,115,19338,1446,0.9304
2026-10-09,1490130369,4,73.2,98,47,100166120,4087,528734,5,168585,43693,0.7942
2026-10-09,5966671374,4,73.2,118,21,20322182,6840,49565,2,20994,1481,0.9341
2026-10-09,7650580161,4,73.0,90,48,2698117,4214,81432,176,26313,1416,0.9489
2026-10-09,5352702811,4,73.0,116,34,19097894,10207,26083,5,11483,3322,0.7756
2026-10-09,9464536088,1,73.0,73,73,4053956,0,24004,0,3691,1343,0.7332
2026-10-09,9040771693,4,72.8,91,47,2603873,9378,330517,1139,240,71,0.7717
2026-10-09,2047972424,3,72.7,109,50,20071159,5978,617128,61,8244,2375,0.7763
2026-10-09,9980122809,3,72.7,94,46,27118271,5076,33699,9,8102,1597,0.8353
2026-10-09,10351964255,3,72.7,78,68,9834199,5089,16869,14,10353,958,0.9153
2026-10-09,1000639036,4,72.5,110,58,300559106,17982,1919200,2057,13955,14798,0.4853
2026-10-09,2344995422,2,72.5,74,71,126372842,1869,180204,1,31656,23590,0.573
2026-10-09,9636320246,2,72.5,74,71,4126307,1735,134420,78,8648,2640,0.7661
2026-10-09,9633409501,3,72.3,104,55,32448839,3778,1828179,190,37220,8044,0.8223
2026-10-09,115272207,4,72.2,84,52,24744566,7689,170706,21,67785,9474,0.8774
2026-10-09,6061729346,4,72.2,99,53,73921868,11212,2189261,333,139690,13637,0.9111
2026-10-09,9135448153,4,72.2,85,45,17607215,7593,58047,11,17106,6575,0.7224
2026-10-09,10395261977,4,72.2,85,55,9296923,9203,48755,17,43911,2961,0.9368
2026-10-09,4883441943,4,72.0,81,57,10364837,8258,22430,30,25193,3832,0.868
2026-10-09,8144728961,4,72.0,82,58,87007414,4312,416157,-8,228945,16920,0.9312
2026-10-09,1118770076,4,72.0,81,58,13642748,2384,129509,2,44942,11239,0.8
2026-10-09,9512216044,4,72.0,106,38,74261783,9727,1629716,-4,210022,10282,0.9533
2026-10-09,8842956505,3,72.0,85,58,74510459,4327,178589,10,540382,6540,0.988
2026-10-09,2805043214,3,72.0,97,50,41555678,5905,1794087,276,36227,12991,0.7361
2026-10-09,9500132193,3,72.0,92,46,27187743,4805,64990,15,30511,1915,0.9409
2026-10-09,5230403905,2,72.0,75,69,81655213,3413,50732,8,19980,9176,0.6853
2026-10-09,6182385069,4,71.8,80,62,3880295,3949,4631,3,2613,1015,0.7202
2026-10-09,7931043729,4,71.8,99,39,19857586,12705,40310,11,5078,1693,0.75
2026-10-09,6897035933,4,71.8,96,56,51065570,4312,2414839,195,94013,3598,0.9631
2026-10-09,9623069248,4,71.8,119,35,18392298,4301,26272,3,9694,1406,0.8733
2026-10-09,9409415054,3,71.7,96,56,27422237,3138,125143,9,222998,2289,0.9898
2026-10-09,4452979818,4,71.5,81,56,46513705,5438,97716,25,31207,1416,0.9566
2026-10-09,3009988823,2,71.5,81,62,54104219,1988,383044,12,111721,8527,0.9291
2026-10-09,1049011994,3,71.3,91,44,44872301,3397,728947,103,32731,5894,0.8474
2026-10-09,6010989102,3,71.3,85,54,26922541,5825,193453,13,28510,12074,0.7025
2026-10-09,4554643534,3,71.3,90,52,79148171,4500,224692,5,45757,77020,0.3727
2026-10-09,6255392043,4,71.2,90,59,58135689,4830,1198488,-4,172833,7869,0.9565
2026-10-09,9618795072,4,71.2,96,54,18997429,6215,69428,16,251062,4734,0.9815
2026-10-09,9790538284,4,71.2,96,56,82972709,11212,85274,10,39509,8333,0.8258
2026-10-09,8446095862,4,71.0,143,1,5461803,7917,104357,50,3677,531,0.8738
2026-10-09,2032463184,4,70.8,98,38,304376723,17739,436222,-10,199592,39261,0.8356
2026-10-09,4958291533,4,70.8,75,64,2395403,6832,24275,22,7446,1746,0.8101
2026-10-09,5484232175,4,70.8,89,41,47275110,13734,97686,38,21650,5670,0.7925
2026-10-09,6301368885,4,70.8,99,40,1429466,2848,27113,25,7630,848,0.9
2026-10-09,6382127660,4,70.8,136,8,21576861,5378,37338,10,41164,1486,0.9652
2026-10-09,8562591184,4,70.8,98,40,46241803,6453,44486,13,14765,2913,0.8352
2026-10-09,9809200157,3,70.7,89,47,5538525,6032,36966,15,7359,1475,0.833
2026-10-09,6188934843,3,70.3,99,37,46658928,3496,1522107,55,74582,6249,0.9227
2026-10-09,6449635131,3,70.3,97,34,56575299,5353,2603809,223,31249,1345,0.9587
2026-10-09,1918040842,3,70.3,84,60,144034567,3712,159151,13,63194,8758,0.8783
2026-10-09,2343912333,4,70.2,95,36,50387076,8990,176010,11,87252,21961,0.7989
2026-10-09,6668987230,4,70.2,108,48,40447423,17111,1811729,413,7353,4527,0.6189
2026-10-09,10405123254,4,70.2,78,63,2505504,5286,93804,111,23765,891,0.9639
2026-10-09,85505226,4,70.0,95,39,79429780,6982,319307,23,100734,35576,0.739
2026-10-09,4289890765,4,70.0,95,46,2279933,2539,46953,25,6223,497,0.926
2026-10-09,7382457344,4,70.0,80,57,33177512,17934,24682,-1,22995,3222,0.8771
2026-10-09,2664980198,4,70.0,94,38,62702566,9256,88663,12,16859,4132,0.8032
2026-10-09,7756085302,4,70.0,89,50,10203157,5210,9669,17,4610,768,0.8572
2026-10-09,418815794,3,70.0,81,56,16331773,3154,110763,2,25400,4099,0.861
2026-10-09,8615214267,3,70.0,73,68,8832770,2592,22784,2,43183,1986,0.956
2026-10-09,8184143053,2,70.0,72,68,16641746,1374,35176,4,54050,2760,0.9514
2026-10-09,2110289489,2,70.0,76,64,70150376,1444,404797,6,126014,27922,0.8186
2026-10-09,4507204989,1,70.0,70,70,144272895,0,431927,0,108669,12709,0.8953
2026-10-09,171035019,4,69.8,91,61,1333151368,17246,4889342,-9,1088337,179160,0.8587
2026-10-09,204387960,4,69.8,103,55,131939373,12375,846453,40,194479,23769,0.8911
2026-10-09,6321429881,4,69.8,88,46,8467959,9547,11582,48,3161,1313,0.7065
2026-10-09,7173965273,4,69.8,92,46,12824349,8617,63256,17,17581,2909,0.858
2026-10-09,7828488192,4,69.8,100,32,49310274,9475,304035,48,141962,7968,0.9469
2026-10-09,9893211046,3,69.7,85,52,9763331,3384,33504,15,29902,3294,0.9008
2026-10-09,324740367,4,69.5,88,51,10406179,9421,40775,21,11314,244,0.9789
2026-10-09,2323699743,4,69.5,88,44,147878849,8989,583159,0,228041,26384,0.8963
2026-10-09,5026554197,4,69.5,102,37,44556971,12084,28050,-2,15849,7505,0.6786
2026-10-09,5379709744,4,69.5,88,45,18307022,7965,45235,66,10548,5687,0.6497
2026-10-09,8975063538,4,69.5,90,56,6873024,13467,532696,576,27286,986,0.9651
2026-10-09,10764789625,4,69.5,91,57,1502617,8408,37699,93,6310,3740,0.6279
2026-10-09,2528275561,3,69.3,82,62,14489483,3120,61018,6,24315,9124,0.7271
2026-10-09,1386633342,3,69.3,85,51,22390700,3515,182375,31,57516,5685,0.91
2026-10-09,2766122154,4,69.2,148,16,27894203,13017,43161,20,16115,9087,0.6394
2026-10-09,7291257156,4,69.2,94,50,23363968,8354,1058673,283,174087,8449,0.9537
2026-10-09,8507372891,4,69.2,80,53,43333168,7608,1577517,232,128581,6623,0.951
2026-10-09,9636109790,4,69.2,87,38,12555321,10706,807333,434,9485,3458,0.7328
2026-10-09,9584456560,4,69.2,75,62,82309443,7297,3965664,219,88512,10782,0.8914
2026-10-09,10390310565,4,69.2,87,58,4307074,5846,74670,39,9432,1480,0.8644
2026-10-09,3463296686,2,69.0,79,59,74992385,11487,529032,11,123518,6998,0.9464
2026-10-09,9098443082,4,69.0,109,34,11166879,7680,89010,88,34763,3326,0.9127
2026-10-09,10582993047,4,69.0,91,37,3816066,16312,79255,208,17904,1433,0.9259
2026-10-09,8978470369,4,69.0,94,45,18753436,4921,99146,5,90814,3352,0.9644
2026-10-09,7993970345,2,69.0,73,65,41771071,1938,278255,9,36532,6537,0.8482
2026-10-09,6938969105,2,69.0,103,35,17212542,3063,44781,5,5645,2282,0.7121
2026-10-09,5557713766,2,69.0,75,63,8051451,1973,37487,10,13981,3037,0.8215
2026-10-09,9301742875,1,69.0,69,69,1172839,0,125,0,99,1608,0.058
2026-10-09,7057665895,1,69.0,69,69,18083976,0,110768,0,7328,1866,0.797
2026-10-09,7652753094,4,68.8,93,32,30404569,5793,136997,0,55127,18969,0.744
2026-10-09,9549611152,3,68.7,85,39,13560267,3111,217492,29,10856,1331,0.8908
2026-10-09,9987781584,3,68.7,82,50,3829165,2088,68716,33,15165,2822,0.8431
2026-10-09,6117665394,4,68.5,84,47,9101914,11597,12102,31,4474,1281,0.7774
2026-10-09,6409513651,4,68.5,78,59,95618205,4138,814919,-185,106481,4274,0.9614
2026-10-09,9671104117,4,68.5,87,48,8585458,9124,34624,20,14037,2799,0.8337
2026-10-09,9907145913,4,68.5,112,43,11257052,5814,21076,11,26551,834,0.9695
2026-10-09,2517626050,2,68.5,70,67,152173308,982,526314,-2,138306,19173,0.8783
2026-10-09,5638036602,3,68.3,85,47,35545387,3760,3427905,213,6180,1950,0.7601
2026-10-09,8092897735,3,68.3,72,61,4760604,3099,14746,16,18540,1559,0.9224
2026-10-09,6490954291,3,68.3,74,65,102812835,3595,195791,-3,166271,49537,0.7705
2026-10-09,162580928,4,68.2,78,54,52285020,5045,817774,0,278055,44565,0.8619
2026-10-09,10751153610,4,68.2,105,34,949558,26716,37695,1024,1858,578,0.7627
2026-10-09,2032465638,4,68.0,79,55,44820893,4842,509183,34,183273,22090,0.8924
2026-10-09,2762257604,4,68.0,109,26,5706069,2871,32270,2,7830,7031,0.5269
2026-10-09,4943874686,4,68.0,95,52,23756666,14628,73905,25,21447,7309,0.7458
2026-10-09,5383076404,4,68.0,114,23,5786587,8381,62648,54,8529,1852,0.8216
2026-10-09,9827937904,4,68.0,100,30,14573599,11571,24802,43,3536,1731,0.6713
2026-10-09,10124386469,3,68.0,90,41,24837274,7674,2291508,636,9486,1525,0.8615
2026-10-09,7516718402,3,68.0,78,55,70108765,7572,74481,4,32333,2639,0.9245
2026-10-09,2530992810,3,68.0,73,60,19216903,3958,26909,10,6859,3811,0.6428
2026-10-09,3555581615,1,68.0,68,68,34167770,0,71473,0,94527,5089,0.9489
2026-10-09,6571777817,3,68.0,80,60,37329594,5080,5903597,685,64781,9380,0.8735
2026-10-09,1427255903,2,68.0,93,43,11290765,592,89637,0,33509,11408,0.746
2026-10-09,3902317791,2,68.0,72,64,36768182,1280,57469,-2,29139,5507,0.841
2026-10-09,4721240977,2,68.0,73,63,21532309,1483,293575,10,35788,3695,0.9064
2026-10-09,1868816330,1,68.0,68,68,49215435,0,60388,0,14622,3390,0.8118
2026-10-09,8155695837,1,68.0,68,68,37310889,0,68955,0,23635,5309,0.8166
2026-10-09,8166233521,1,68.0,68,68,73265677,0,670046,0,223853,13969,0.9413
2026-10-09,8997111763,4,67.8,89,31,54856671,11758,78196,34,115786,5156,0.9574
2026-10-09,8644306226,4,67.8,92,17,53482254,5513,48024,5,25491,8976,0.7396
2026-10-09,5898745851,4,67.8,100,35,17908634,16628,1266372,776,4806,8979,0.3486
2026-10-09,8310928826,3,67.7,98,15,13604611,4409,163280,21,16723,2711,0.8605
2026-10-09,3170620775,3,67.3,92,42,96083493,17745,251349,59,121179,21405,0.8499
2026-10-09,1108432543,3,67.3,78,58,719786150,3460,639215,5,131097,93471,0.5838
2026-10-09,2409748538,3,67.3,87,54,27190399,4231,38388,13,7010,1791,0.7965
2026-10-09,6515096150,4,67.2,74,62,45420741,87779,1197996,25,39622,16889,0.7011
2026-10-09,7444224664,4,67.2,92,56,410979503,15656,628286,6,1086760,55060,0.9518
2026-10-09,3250277181,3,67.0,87,31,206786620,15597,171568,21,77850,33982,0.6961
2026-10-09,3854332551,4,67.0,83,44,109150282,10164,56541,20,10592,5831,0.6449
2026-10-09,6839591956,4,67.0,89,33,23336324,8442,750208,171,333504,9745,0.9716
2026-10-09,7243330157,4,67.0,97,47,20475464,4240,65792,4,20960,7242,0.7432
2026-10-09,10167650065,4,67.0,71,61,4079351,3732,159843,34,58075,1792,0.9701
2026-10-09,4444314116,3,67.0,84,35,217546531,3716,232830,21,161106,5397,0.9676
2026-10-09,2501111265,3,67.0,80,53,194905863,9875,228348,18,111972,19581,0.8512
2026-10-09,4816044149,3,67.0,78,57,4616513,1686,247930,100,134617,1497,0.989
2026-10-09,1611590046,4,66.8,104,35,64523923,6383,479876,29,132268,20573,0.8654
2026-10-09,8859375716,4,66.8,108,43,20859061,12817,1522358,741,34034,918,0.9737
2026-10-09,9930318071,4,66.8,93,50,44635514,6028,47883,11,11074,2681,0.8051
2026-10-09,1603160529,3,66.7,86,55,30188157,4688,509659,179,61764,9388,0.8681
2026-10-09,3305710183,4,66.5,81,37,193053055,97058,44534,40,29545,80650,0.2681
2026-10-09,10283025251,4,66.5,84,53,20164505,7242,876100,98,13039,2634,0.8319
2026-10-09,7481498998,2,66.5,86,47,20783834,1203,204857,8,90521,9498,0.905
2026-10-09,2319507188,3,66.3,73,60,28041723,4936,38546,8,17179,16655,0.5077
2026-10-09,3428694728,3,66.3,79,58,63986530,10087,141069,15,84682,19555,0.8124
2026-10-09,8022169810,4,66.2,95,55,22732184,7011,86714,20,35481,5497,0.8659
2026-10-09,3498637623,2,66.0,72,60,194751781,2655,734408,3,322699,26554,0.924
2026-10-09,1963369849,3,66.0,78,54,902470655,5717,1289919,-2,271561,176643,0.6059
2026-10-09,8339716476,3,66.0,82,50,93505353,5376,8643932,402,30051,2611,0.9201
2026-10-09,180358774,3,66.0,71,59,624731653,3221,2119047,13,307186,39934,0.885
2026-10-09,1699904679,2,66.0,78,54,63380312,1922,226084,-4,70514,30523,0.6979
2026-10-09,4039122813,1,66.0,66,66,61101001,0,176715,0,102333,15067,0.8717
2026-10-09,3361367174,4,65.8,89,37,8819139,4108,106624,12,17707,4090,0.8124
2026-10-09,7368186615,4,65.8,79,48,11756044,3930,59847,19,66913,1626,0.9763
2026-10-09,7500820384,4,65.8,94,29,17485350,9366,31823,20,8243,2419,0.7731
2026-10-09,7708055130,4,65.8,93,35,120642013,12488,9513056,747,35891,2414,0.937
2026-10-09,7762712538,4,65.8,110,44,92921512,13583,101244,22,107974,9806,0.9167
2026-10-09,4622872141,4,65.5,84,37,11996981,6509,19756,21,4844,503,0.9059
2026-10-09,8643186875,4,65.5,79,57,3368493,8893,54184,42,12671,1151,0.9167
2026-10-09,1847733324,4,65.5,114,45,481632353,7221,215295,14,44554,19852,0.6918
2026-10-09,8161187430,4,65.5,80,57,6983410,4230,16476,8,24643,2432,0.9102
2026-10-09,8011932667,2,65.5,72,59,29936464,2110,102421,8,84116,9347,0.9
2026-10-09,3764534614,2,65.5,67,64,116675322,784,272498,0,177886,21753,0.891
2026-10-09,7511715624,3,65.3,68,61,16490841,2315,805121,80,50542,2129,0.9596
2026-10-09,506112045,4,65.2,97,37,544652684,10894,1868857,27,279016,76765,0.7842
2026-10-09,33877715,4,65.2,91,48,104378895,14065,93062,27,16718,6923,0.7072
2026-10-09,2735830277,4,65.2,88,52,35377997,14383,158988,12,31516,10618,0.748
2026-10-09,6618224782,4,65.0,86,43,19329486,10210,1506555,484,41367,1159,0.9727
2026-10-09,8180160575,4,65.0,90,40,56600875,8181,162459,17,89841,8289,0.9155
2026-10-09,5554734894,3,65.0,71,56,17345594,2405,65339,59,260366,22309,0.9211
2026-10-09,4556356236,3,65.0,68,63,62612403,5798,175091,18,24768,10020,0.712
2026-10-09,3197994674,1,65.0,65,65,48667644,0,63152,0,17411,5960,0.745
2026-10-09,4313179376,1,65.0,65,65,43678008,0,127790,0,41616,11409,0.7848
2026-10-09,4321616544,4,64.8,83,31,17690406,11019,1844421,40,2306,986,0.7005
2026-10-09,10075786862,4,64.8,74,57,13886992,4678,248370,16,49238,1141,0.9774
2026-10-09,8038376407,4,64.8,70,57,127768929,7975,156752,3,41485,8322,0.8329
2026-10-09,7026701434,4,64.8,80,54,47876195,4200,449124,2,76922,7322,0.9131
2026-10-09,2086011099,3,64.7,85,26,41530522,3029,186482,3,59194,7959,0.8815
2026-10-09,9893170196,3,64.7,76,43,2336695,5799,72036,88,9630,2894,0.7689
2026-10-09,4413285181,3,64.7,76,54,50461997,6321,2635498,268,13954,4713,0.7475
2026-10-09,1998877948,4,64.5,84,55,276977850,6243,909853,8,355202,24868,0.9346
2026-10-09,3840518707,4,64.5,84,57,89614700,7997,110274,8,72461,13999,0.8381
2026-10-09,7768433033,4,64.5,128,3,33966370,10491,31869,9,18242,884,0.9538
2026-10-09,6799406473,4,64.5,76,48,14077665,4553,231575,68,25126,4126,0.8589
2026-10-09,4373419003,2,64.5,79,50,39206213,1405,106136,2,26602,25656,0.5091
2026-10-09,5210011607,2,64.5,78,51,32696176,1671,613014,-6,614316,16019,0.9746
2026-10-09,10417600082,2,64.5,70,59,592554,2030,3576,21,1368,3456,0.2836
2026-10-09,1655411599,2,64.5,76,53,45502384,1720,323027,13,102658,20027,0.8368
2026-10-09,297557386,3,64.3,79,39,29278085,1724,300749,7,90697,18196,0.8329
2026-10-09,3843517771,3,64.3,70,56,95519882,4334,152826,8,53135,12921,0.8044
2026-10-09,4476373373,3,64.3,86,42,267064409,6149,196938,12,76488,18768,0.803
2026-10-09,7018980692,3,64.3,75,56,29740653,5003,1381119,239,94841,28099,0.7714
2026-10-09,2422985977,4,64.2,101,30,205818924,11944,771369,0,293822,77638,0.791
2026-10-09,4745526903,4,64.2,113,39,30494555,11685,18136,18,9073,17622,0.3399
2026-10-09,10029295102,4,64.2,81,45,1028080,2959,5248,18,2936,643,0.8203
2026-10-09,5717515541,4,64.0,109,26,39012273,9101,42359,11,23038,7744,0.7484
2026-10-09,8911523792,3,64.0,85,37,82508409,6424,269738,23,38428,4261,0.9002
2026-10-09,9113699321,3,64.0,74,49,8911699,4252,74251,11,44344,6411,0.8737
2026-10-09,7445470955,3,64.0,96,44,34420734,5946,966596,115,39160,6033,0.8665
2026-10-09,1707370335,2,64.0,83,45,8452076,782,52044,2,18447,4080,0.8189
2026-10-09,8691111564,2,64.0,65,63,50451493,1916,5005019,154,16078,5739,0.7369
2026-10-09,10754036564,1,64.0,64,64,125737,0,13,0,11,233,0.0451
2026-10-09,10764570523,1,64.0,64,64,845838,0,8954,0,2153,234,0.902
2026-10-09,2184403286,1,64.0,64,64,16988928,0,14214,0,6937,1413,0.8308
2026-10-09,3339078226,4,63.8,77,51,100165152,5351,68767,4,34148,7687,0.8163
2026-10-09,6904570042,4,63.8,80,34,62604241,8055,4232222,479,119150,8159,0.9359
2026-10-09,10013764297,4,63.8,84,19,18217533,10188,38377,33,26386,2497,0.9135
2026-10-09,3662697247,4,63.8,85,37,39643704,9348,88195,28,15498,8713,0.6401
2026-10-09,3167488512,3,63.7,130,11,133160074,9947,356241,5,42384,12722,0.7691
2026-10-09,8046999888,4,63.5,141,12,21046037,5635,29963,2,9871,1386,0.8769
2026-10-09,1410457361,2,63.5,69,58,386969938,1503,1832480,-1,667275,84222,0.8879
2026-10-09,2617649759,3,63.3,143,12,29319250,4080,28171,5,34318,8381,0.8037
2026-10-09,5682590751,4,63.2,71,55,162831308,4962,331159,-13,120513,16642,0.8787
2026-10-09,6858589072,4,63.2,97,34,179797857,14425,288972,-3,149950,16545,0.9006
2026-10-09,9114593590,4,63.2,90,27,31598621,9342,2873724,285,14530,4806,0.7514
2026-10-09,9185446502,4,63.2,75,42,28002943,7310,194531,7,62595,8075,0.8857
2026-10-09,10215335810,4,63.2,82,37,2811248,7411,2665,9,1140,258,0.8155
2026-10-09,5120885191,4,63.0,84,33,118248210,7214,724771,-4,213424,18847,0.9189
2026-10-09,5245051450,4,63.0,79,33,21666017,6114,223854,27,79279,4837,0.9425
2026-10-09,6847216981,4,63.0,78,41,52079481,16153,46317,40,26207,2684,0.9071
2026-10-09,9161571268,4,63.0,86,38,2245421,4091,28690,30,4364,2010,0.6847
2026-10-09,3656259398,3,63.0,71,47,40570795,1734,277589,-1,65751,4581,0.9349
2026-10-09,5253648332,3,63.0,82,31,50588899,3819,54493,6,18653,15070,0.5531
2026-10-09,5190556381,3,63.0,70,54,11313487,2825,85918,13,18741,5219,0.7822
2026-10-09,5874575257,3,63.0,87,49,10776194,4922,60982,17,14244,5362,0.7265
2026-10-09,31874845,2,63.0,76,50,67156780,1494,409124,12,92668,17174,0.8436
2026-10-09,4065065844,4,62.8,84,24,124610410,4803,191354,3,365280,13356,0.9647
2026-10-09,4161970303,4,62.8,68,56,83463845,8576,159132,36,162729,14616,0.9176
2026-10-09,6361517983,4,62.8,87,25,26906801,13674,96637,35,30371,10758,0.7384
2026-10-09,135768313,3,62.7,75,42,52449367,4726,361232,26,81814,10740,0.884
2026-10-09,6987255246,3,62.7,63,62,15218759,4040,1148527,321,8785,1802,0.8298
2026-10-09,4028658904,3,62.7,69,51,169166305,5059,2379447,171,102791,38216,0.729
2026-10-09,5316084314,4,62.5,91,41,1607860,3615,61741,191,6640,571,0.9208
2026-10-09,6527401680,4,62.5,76,40,4196739,14784,362028,1063,568,192,0.7474
2026-10-09,4350641020,2,62.5,74,51,34808405,2143,69789,3,23765,8144,0.7448
2026-10-09,3585930820,2,62.5,70,55,131276474,1573,259746,5,181244,14498,0.9259
2026-10-09,3431093460,3,62.0,87,48,14253089,5869,18473,17,5984,2963,0.6688
2026-10-09,8613985583,2,62.0,70,54,42622273,1602,1512138,28,20986,1828,0.9199
2026-10-09,4544652203,2,62.0,77,47,4957929,815,210621,29,24674,4341,0.8504
2026-10-09,6352299542,2,62.0,67,57,7414348,989,108372,12,26077,1772,0.9364
2026-10-09,2614617698,1,62.0,62,62,39174367,0,237507,0,19582,6147,0.7611
2026-10-09,543433033,4,61.8,82,41,10537179,2449,26946,3,9325,2689,0.7762
2026-10-09,6870184994,4,61.8,66,58,1445812,1201,3997,4,1364,381,0.7817
2026-10-09,4518213768,3,61.7,70,55,26085790,3565,32160,5,8747,2201,0.799
2026-10-09,2429681475,3,61.7,75,41,13969372,2676,62132,8,15303,5844,0.7236
2026-10-09,4360326848,3,61.7,69,57,47969178,3819,36240,10,5967,9042,0.3976
2026-10-09,1699709637,2,61.5,62,61,87784091,1380,547544,1,171476,16345,0.913
2026-10-09,7579968588,3,61.3,89,45,769014,2283,4434,4,1892,1236,0.6049
2026-10-09,2940826531,3,61.3,67,51,56773655,3526,210731,17,133882,11174,0.923
2026-10-09,3914719246,4,61.2,83,25,338014322,18896,326835,51,71883,67463,0.5159
2026-10-09,3245799683,3,61.0,72,43,37368826,11217,32791,34,6585,3606,0.6462
2026-10-09,9860357119,4,61.0,97,22,4337145,8911,45831,71,28629,4039,0.8764
2026-10-09,9949028705,4,61.0,81,47,81907656,5926,161386,-9,166865,5786,0.9665
2026-10-09,7497746489,4,61.0,115,0,63534929,10149,212186,5,2018,1595,0.5585
2026-10-09,9644470111,3,61.0,76,51,13324901,2386,639740,56,76781,1496,0.9809
2026-10-09,1623041059,3,61.0,71,49,102221562,1557,336647,1,125201,24056,0.8388
2026-10-09,2357812100,1,61.0,61,61,70239617,0,61531,0,57205,19369,0.7471
2026-10-09,3267638623,1,61.0,61,61,194944799,0,467758,0,148331,44088,0.7709
2026-10-09,142553158,4,60.8,104,28,783203515,7557,2591449,-7,886564,136463,0.8666
2026-10-09,2739813217,4,60.8,79,44,94237720,22786,164807,23,21530,8851,0.7087
2026-10-09,5440820902,4,60.8,78,52,69822600,2502,203456,-12,131268,8849,0.9368
2026-10-09,7476107443,4,60.8,109,6,76410978,9112,7626556,801,45296,5524,0.8913
2026-10-09,2150346856,3,60.7,69,47,78232846,7117,824308,29,81796,11835,0.8736
2026-10-09,4885559763,4,60.5,68,50,13767719,3694,93728,8,163106,6370,0.9624
2026-10-09,4923523727,4,60.5,67,54,3942351,3095,34143,10,13488,1873,0.8781
2026-10-09,7472414080,4,60.5,75,23,137716550,11113,2715678,-32,304009,23021,0.9296
2026-10-09,9509842868,4,60.5,91,44,233992982,4908,463450,-39,682400,27408,0.9614
2026-10-09,10111742174,4,60.5,101,30,30849413,4157,61807,14,141946,3228,0.9778
2026-10-09,3645313968,2,60.5,62,59,37919494,909,165454,2,45555,4117,0.9171
2026-10-09,2515205133,2,60.5,65,56,27639100,2568,394570,17,67857,3617,0.9494
2026-10-09,4997187162,3,60.3,75,36,19542608,2625,56683,9,25855,3007,0.8958
2026-10-09,9871049410,3,60.3,90,41,26678051,4725,41769,10,24989,5384,0.8227
2026-10-09,1144096461,3,60.3,80,46,54698504,2720,333884,17,80675,20020,0.8012
2026-10-09,5193569427,3,60.3,74,49,8897819,1999,150659,0,47636,6142,0.8858
2026-10-09,5082567812,3,60.3,63,58,68021117,4208,166324,17,76602,6255,0.9245
2026-10-09,9237586116,3,60.3,70,46,5666570,7712,7235,39,5690,1324,0.8112
2026-10-09,10413337362,4,60.2,65,52,5952073,6614,8986,16,4180,448,0.9032
2026-10-09,2406191199,4,60.0,86,24,39831551,7015,43701,-4,15748,3934,0.8001
2026-10-09,3132369778,3,60.0,74,38,38939298,8105,77690,5,23404,7457,0.7584
2026-10-09,2566300911,4,60.0,73,39,75982211,2108,404354,-6,147873,24211,0.8593
2026-10-09,6913458370,4,60.0,80,37,64199878,9955,914778,99,57604,7885,0.8796
2026-10-09,7427548753,2,60.0,67,53,16077744,878,76928,7,31130,13919,0.691
2026-10-09,9735689161,1,60.0,60,60,9547973,0,90895,0,13452,1387,0.9065
2026-10-09,104984488,4,59.8,88,29,33593647,6191,314162,19,89881,21184,0.8093
2026-10-09,7201268162,4,59.8,73,30,40264919,18269,1062018,315,102820,3299,0.9689
2026-10-09,7264117105,4,59.8,73,39,22357604,15305,2091582,1,5407,1345,0.8008
2026-10-09,10084046557,3,59.7,63,54,2213313,3968,218915,298,510,186,0.7328
2026-10-09,3677281072,3,59.7,65,57,133689993,2927,332828,1,173409,20178,0.8958
2026-10-09,8413523250,3,59.7,64,53,24861053,14370,80846,43,31555,6350,0.8325
2026-10-09,5988568657,4,59.5,85,25,21969128,8046,277893,64,17480,2302,0.8836
2026-10-09,6994332851,2,59.5,77,42,36667471,2139,876707,148,25635,5828,0.8148
2026-10-09,10470750483,2,59.5,79,40,3585368,1349,7729,1,5891,378,0.9397
2026-10-09,8295820930,3,59.3,89,33,17253230,3441,49410,11,103476,4168,0.9613
2026-10-09,60219992,3,59.3,64,53,157123327,4746,4196458,246,12435,3445,0.7831
2026-10-09,9463026019,3,59.3,66,51,21040781,2026,32844,1,43253,3347,0.9282
2026-10-09,8107738357,4,59.2,78,28,5349815,3866,71907,47,10809,3288,0.7668
2026-10-09,9592052490,4,59.2,76,44,68594444,9686,117797,25,17329,3332,0.8387
2026-10-09,2935861690,4,59.0,102,29,85648436,11492,1981643,278,96062,15778,0.8589
2026-10-09,3967853925,4,59.0,79,33,446307708,8943,10147291,489,269227,19714,0.9318
2026-10-09,7594957185,4,59.0,112,7,21673132,11040,2651093,1106,16447,1314,0.926
2026-10-09,7162721918,3,59.0,73,46,127292994,4275,14440348,-27,11022,5105,0.6835
2026-10-09,4039436304,3,59.0,69,45,82817462,6943,5284650,548,191621,13881,0.9325
2026-10-09,4094879085,3,59.0,65,55,3014747,3010,12504,8,3822,850,0.8181
2026-10-09,2414164590,1,59.0,59,59,99080075,0,135346,0,25375,11050,0.6966
2026-10-09,10204429578,4,58.8,73,48,386512,10737,17626,750,2418,83,0.9668
2026-10-09,1671262904,3,58.7,80,33,199649584,3279,1326750,137,89496,18390,0.8295
2026-10-09,9193169923,3,58.7,61,55,15705289,7093,466394,39,12070,1726,0.8749
2026-10-09,5713659018,4,58.5,99,16,39345921,12207,73928,7,32000,7009,0.8203
2026-10-09,8540379129,4,58.5,81,27,27791800,7935,19762,9,12465,1521,0.8912
2026-10-09,6783518913,2,58.5,69,48,46237629,981,451591,-1,256947,9447,0.9645
2026-10-09,1524368576,2,58.5,68,49,16484741,1193,251666,7,81835,7388,0.9172
2026-10-09,8952676692,2,58.5,59,58,3809429,1048,12787,1,3957,721,0.8459
2026-10-09,6290175032,2,58.5,59,58,84640845,3002,405592,3,262656,8268,0.9695
2026-10-09,2095204327,2,58.5,62,55,98367962,2712,211390,4,40920,9492,0.8117
2026-10-09,10230860661,2,58.5,64,53,17795858,557,182411,-13,55398,11570,0.8272
2026-10-09,7669979046,2,58.5,60,57,19282019,2072,58582,6,17468,2637,0.8688
2026-10-09,8125761207,2,58.5,61,56,30543814,1199,46007,4,33298,5076,0.8677
2026-10-09,6413244337,2,58.5,71,46,92855017,4370,185249,1,26368,9193,0.7415
2026-10-09,1903250814,2,58.5,67,50,142298544,1198,510057,1,115234,49383,0.7
2026-10-09,6263381091,3,58.3,71,35,14151432,3489,111271,13,32071,5864,0.8454
2026-10-09,7141039129,3,58.3,70,39,17712544,1390,422578,11,8115,778,0.9125
2026-10-09,6942875911,3,58.3,68,43,127489033,6270,213910,-7,71085,20134,0.7793
2026-10-09,8023972182,3,58.3,75,36,27364243,3285,1763016,141,12000,8161,0.5952
2026-10-09,6037604362,3,58.3,74,31,6643284,1607,221369,72,3560,1033,0.7751
2026-10-09,354554209,4,58.2,81,35,862937460,8055,2732462,17,600728,182808,0.7667
2026-10-09,921931373,4,58.0,93,1,198401638,6306,740464,0,199638,41126,0.8292
2026-10-09,8735635358,4,58.0,86,37,115718182,12261,224345,39,464025,22930,0.9529
2026-10-09,6420341213,4,58.0,83,34,37012638,3381,1264001,94,293994,4721,0.9842
2026-10-09,9925257612,3,58.0,122,10,12642503,4126,20463,4,16039,4782,0.7703
2026-10-09,2143535223,3,58.0,78,45,33933457,3484,108426,12,30771,10506,0.7455
2026-10-09,10113540671,3,58.0,75,46,46482883,9123,70396,19,13288,5363,0.7125
2026-10-09,5161684602,2,58.0,74,42,7245269,1265,28351,5,9494,2627,0.7833
2026-10-09,6306680178,2,58.0,59,57,4535198,838,118092,1,37987,2394,0.9407
2026-10-09,948033255,1,58.0,58,58,30678470,0,252964,0,72360,7401,0.9072
2026-10-09,443044710,1,58.0,58,58,22773511,0,107545,0,31347,15047,0.6757
2026-10-09,10093799077,1,58.0,58,58,1690805,0,7643,0,1023,361,0.7392
2026-10-09,26494385,1,58.0,58,58,226692253,0,1304842,0,231480,36811,0.8628
2026-10-09,218535169,4,57.8,89,24,74639207,10326,204953,32,47399,7909,0.857
2026-10-09,924157032,4,57.8,70,39,26355163,6614,76577,15,21510,4636,0.8227
2026-10-09,5129987855,3,57.7,59,57,60964682,5884,73913,6,55261,10610,0.8389
2026-10-09,7885459007,3,57.7,59,57,2689852,1111,10561,8,3748,791,0.8257
2026-10-09,653118530,4,57.5,67,49,189668334,8269,681641,13,232935,21718,0.9147
2026-10-09,9830531532,2,57.5,63,52,9845647,2555,22088,19,12873,788,0.9423
2026-10-09,5950399071,2,57.5,62,53,11785515,1948,21899,4,6225,1663,0.7892
2026-10-09,9961640495,3,57.3,61,50,3288616,2906,6876,7,3603,401,0.8999
2026-10-09,6873502822,4,57.2,64,48,72163687,9442,3215955,272,508909,18454,0.965
2026-10-09,7306387107,4,57.2,77,38,21429702,4728,87220,18,46318,3099,0.9373
2026-10-09,1375027828,4,57.2,77,44,78594606,17837,357060,23,44815,9825,0.8202
2026-10-09,8219047046,4,57.2,98,23,20056691,5224,66811,11,164521,3418,0.9796
2026-10-09,3458415923,2,57.0,76,38,54325917,3789,134476,7,40508,3168,0.9275
2026-10-09,6061790718,3,57.0,74,34,46652395,5336,22297,23,1471,891,0.6228
2026-10-09,333156820,2,57.0,89,25,82291064,1749,159975,8,20673,9036,0.6958
2026-10-09,4107844453,2,57.0,61,53,45920175,1875,51236,6,61022,7476,0.8909
2026-10-09,3700393331,1,57.0,57,57,210198,0,1306,0,254,88,0.7427
2026-10-09,8232903155,4,56.8,96,22,15923195,5766,918529,160,1592,748,0.6803
2026-10-09,8191429227,3,56.7,66,47,80247318,2629,190874,16,585238,12254,0.9795
2026-10-09,10343148160,3,56.7,69,40,11106938,2669,27341,3,33620,996,0.9712
2026-10-09,6938426802,3,56.7,66,52,39350095,4202,85574,20,166696,4040,0.9763
2026-10-09,3780233682,3,56.7,91,32,73589643,2881,689257,39,58756,7164,0.8913
2026-10-09,224422602,4,56.5,68,40,427184605,4373,2432994,-11,698798,80592,0.8966
2026-10-09,7160901012,4,56.5,78,33,3568179,3406,67642,138,14788,3932,0.79
2026-10-09,7865058772,4,56.5,94,20,19188421,4544,410505,37,57685,6472,0.8991
2026-10-09,8688682817,2,56.5,75,38,21630281,1533,58000,7,7022,4488,0.6101
2026-10-09,1328541192,2,56.5,57,56,17017865,1545,37457,12,8553,2258,0.7911
2026-10-09,273862097,2,56.5,69,44,26533497,1471,118470,1,61486,24296,0.7168
2026-10-09,7133491548,2,56.5,72,41,11718276,1459,69002,19,17650,12151,0.5923
2026-10-09,8622097204,3,56.3,79,36,17881387,2910,49821,8,61209,2005,0.9683
2026-10-09,9314801860,3,56.3,74,46,17053522,3903,10869,8,1296,473,0.7326
2026-10-09,379064808,3,56.3,64,46,57809785,4176,670902,54,64724,7246,0.8993
2026-10-09,5682590273,3,56.3,72,46,57469825,1973,240629,11,583440,10593,0.9822
2026-10-09,3515656039,2,56.0,59,53,37216393,9940,76560,16,21250,3529,0.8576
2026-10-09,6040519784,4,56.0,81,23,12283012,10086,23524,18,5022,1573,0.7615
2026-10-09,3737753748,4,56.0,75,38,88197121,12302,42748,5,28530,14601,0.6615
2026-10-09,2204432936,3,56.0,59,54,715193693,4224,557456,-12,91000,29465,0.7554
2026-10-09,10595513010,3,56.0,70,30,1852537,3199,9978,16,2408,537,0.8177
2026-10-09,6168081654,2,56.0,57,55,5352882,991,57317,6,10098,2807,0.7825
2026-10-09,5597104724,4,55.8,73,28,12910500,8264,41915,2,11612,2529,0.8212
2026-10-09,7889679564,4,55.8,70,26,8148039,6496,45929,30,15358,1450,0.9137
2026-10-09,5883705975,4,55.8,67,30,49102739,8026,40978,21,5040,1650,0.7534
2026-10-09,9256910782,3,55.7,70,48,54026841,2297,3094789,73,377343,5868,0.9847
2026-10-09,8466192888,3,55.7,61,50,67953910,2824,40647,0,16900,2850,0.8557
2026-10-09,1246853548,4,55.5,68,40,39590576,4523,369886,-3,108609,33076,0.7666
2026-10-09,4312837160,2,55.5,65,46,40051889,1360,32565,3,16306,8199,0.6654
2026-10-09,2748983678,2,55.5,60,51,13447056,777,130889,7,30713,1788,0.945
2026-10-09,7813156957,3,55.3,66,41,1977981,3091,86262,69,36517,1033,0.9725
2026-10-09,8984078588,3,55.3,66,37,13580302,3824,49281,12,44817,2742,0.9423
2026-10-09,4037784525,3,55.3,73,38,110284566,4186,126253,10,180760,15336,0.9218
2026-10-09,8144578975,3,55.3,57,53,38731688,6051,240491,30,4217,1273,0.7681
2026-10-09,7380774985,4,55.2,62,50,2256641,2022,3696,5,2963,373,0.8882
2026-10-09,7855519248,4,55.0,81,19,19630603,8799,15015,11,11881,6775,0.6368
2026-10-09,2976891473,3,55.0,65,47,47241606,2736,110123,9,42098,17723,0.7037
2026-10-09,1079465131,1,55.0,55,55,174190495,0,393776,0,191283,19581,0.9071
2026-10-09,10352794760,1,55.0,55,55,3526260,0,46749,0,20891,8406,0.7131
2026-10-09,8309059073,1,55.0,55,55,24313429,0,105103,0,64612,1475,0.9777
2026-10-09,806257808,4,54.8,85,26,59268895,4606,396931,8,105283,16102,0.8673
2026-10-09,1543981493,4,54.8,102,11,129832290,8071,2505555,361,68707,13925,0.8315
2026-10-09,9476223593,4,54.8,61,38,14642152,12215,32418,39,4783,4194,0.5328
2026-10-09,9906439488,4,54.8,73,37,3486577,5169,61926,26,31649,2634,0.9232
2026-10-09,9810804730,4,54.8,83,8,3581710,6825,446853,683,403,228,0.6387
2026-10-09,9087909877,3,54.7,68,42,15673402,3124,35931,9,8825,4599,0.6574
2026-10-09,2992277256,4,54.5,89,30,32321577,7246,60987,14,23123,13430,0.6326
2026-10-09,10200713960,2,54.5,56,53,37858665,2353,73662,8,85204,4102,0.9541
2026-10-09,4678911002,2,54.5,59,50,290255813,1514,403351,-1,211869,64252,0.7673
2026-10-09,3081555258,4,54.0,74,31,59117293,9086,491650,31,169982,13167,0.9281
2026-10-09,5800321156,4,54.0,91,31,73825591,9963,310846,47,16352,10404,0.6112
2026-10-09,8357673370,2,54.0,64,44,1274325,493,3587,0,2387,615,0.7951
2026-10-09,10070351442,2,54.0,60,48,2525993,583,6018,-1,3813,814,0.8241
2026-10-09,4450071428,1,54.0,54,54,6687230,0,14859,0,4576,949,0.8282
2026-10-09,4941503535,4,53.8,62,44,39837610,5358,31209,3,13872,5639,0.711
2026-10-09,10289607858,4,53.8,69,21,7966137,14161,334410,722,13025,1272,0.911
2026-10-09,7565016759,4,53.8,81,23,255627009,11256,303999,8,425774,23325,0.9481
2026-10-09,69299478,4,53.8,62,49,10363340,5559,32702,10,9116,2558,0.7809
2026-10-09,4034530348,3,53.7,68,32,45681268,3222,109444,9,21793,6822,0.7616
2026-10-09,3324110884,3,53.7,57,50,27264631,2070,81073,15,22445,3828,0.8543
2026-10-09,65708455,4,53.5,65,38,26391959,2815,339722,10,96678,9010,0.9147
2026-10-09,498792494,4,53.5,103,17,44602716,3384,152040,1,37279,7964,0.824
2026-10-09,10421033356,4,53.5,81,40,16649403,5793,122347,17,16075,4255,0.7907
2026-10-09,6657534906,4,53.5,75,39,7903182,7635,84221,55,21018,800,0.9633
2026-10-09,833423526,2,53.5,64,43,526818874,1896,2128333,1,674283,139758,0.8283
2026-10-09,6483209208,2,53.5,57,50,26939446,904,270450,6,78907,7025,0.9182
2026-10-09,6702065946,2,53.5,62,45,3174447,840,180834,25,11522,1569,0.8801
2026-10-09,9082896447,3,53.3,60,45,867867,2668,14553,16,3437,1015,0.772
2026-10-09,8888610095,3,53.3,68,25,7721732,5758,397112,201,57756,3210,0.9473
2026-10-09,5031367309,4,53.2,66,42,24006927,5231,284903,49,69389,3137,0.9567
2026-10-09,6139943824,4,53.0,68,31,17131563,4909,151274,30,45896,3370,0.9316
2026-10-09,4107674683,3,53.0,71,41,98287863,2035,234260,2,398101,21579,0.9486
2026-10-09,3021395192,2,53.0,68,38,35155602,2075,438704,3,82060,16112,0.8359
2026-10-09,5554114616,2,53.0,66,40,59146885,1929,489878,8,73070,8206,0.899
2026-10-09,5857747609,2,53.0,58,48,119921390,2651,162067,3,278163,13574,0.9535
2026-10-09,350059755,2,53.0,62,44,367523312,1192,2041646,1,385830,53715,0.8778
2026-10-09,2491140204,4,52.8,79,41,25732904,8864,18404,5,5146,4769,0.519
2026-10-09,9826473097,4,52.8,73,35,4172082,9432,7186,16,6071,477,0.9272
2026-10-09,10290134511,3,52.7,58,48,1303328,1946,31698,41,3819,1071,0.781
2026-10-09,2621357931,3,52.7,61,45,416393345,2823,903525,4,277845,24712,0.9183
2026-10-09,1895286634,4,52.5,71,38,17057254,10074,121386,39,25327,3234,0.8868
2026-10-09,2444192854,4,52.5,84,30,23783721,2410,123273,9,30769,6060,0.8355
2026-10-09,10520062765,4,52.5,98,19,911808,6428,40434,563,2457,172,0.9346
2026-10-09,9556113881,4,52.5,63,44,39550617,5105,177840,15,27870,4492,0.8612
2026-10-09,9497625867,2,52.5,70,35,59595177,1050,1576997,19,48597,8421,0.8523
2026-10-09,6164470123,2,52.5,61,44,4318069,1654,325461,157,1286,670,0.6575
2026-10-09,281642366,3,52.3,57,49,42870868,2766,247223,3,61579,11916,0.8379
2026-10-09,7840654141,3,52.3,58,48,4991791,2847,299291,157,3780,662,0.851
2026-10-09,10011658225,4,52.2,84,27,26376352,10873,1204513,545,10718,3518,0.7529
2026-10-09,29676957,4,52.0,61,33,90561899,5013,735204,41,114716,44018,0.7227
2026-10-09,7672753673,4,52.0,84,14,30031243,8144,2063544,269,23073,6133,0.79
2026-10-09,3673235426,4,52.0,91,25,205303295,8293,403087,4,109314,51559,0.6795
2026-10-09,4741312477,3,52.0,72,27,24754803,3646,43986,8,11288,2948,0.7929
2026-10-09,6409446943,2,52.0,66,38,6584133,1158,61625,8,13611,3058,0.8165
2026-10-09,9073624878,1,52.0,52,52,93484627,0,58338,0,9104,1438,0.8636
2026-10-09,2598847683,4,51.8,67,32,97481691,13678,70203,13,12765,3830,0.7692
2026-10-09,3721877077,4,51.8,65,26,37107513,9805,74153,40,21915,2501,0.8976
2026-10-09,1606003779,3,51.7,57,48,44742463,3612,45988,11,13193,15203,0.4646
2026-10-09,2330396164,4,51.5,69,37,8964466,4101,49474,12,11682,3240,0.7829
2026-10-09,5848744409,4,51.5,67,32,15784286,7931,77822,76,37354,7803,0.8272
2026-10-09,8850286191,2,51.5,52,51,11559061,1561,59816,7,22884,1627,0.9336
2026-10-09,803871463,2,51.5,55,48,299782386,2030,963372,4,287807,44996,0.8648
2026-10-09,7719992044,2,51.5,52,51,64746863,2687,58091,10,31614,6387,0.8319
2026-10-09,6094102038,2,51.5,61,42,20051940,1261,85809,3,27958,9070,0.7551
2026-10-09,7540205320,2,51.5,54,49,6077888,456,42529,3,16049,4953,0.7642
2026-10-09,7514346273,2,51.5,54,49,1921587,2226,13103,3,4740,1430,0.7682
2026-10-09,8482984219,4,51.2,118,17,22120151,7473,829375,259,50055,22862,0.6865
2026-10-09,8662820852,4,51.2,59,37,14813582,1827,115759,43,313476,3285,0.9896
2026-10-09,735803076,4,51.0,68,29,621831061,4905,2652003,-10,689111,89445,0.8851
2026-10-09,3956073837,4,51.0,69,28,36671859,5642,315965,20,58041,6687,0.8967
2026-10-09,9674224595,4,51.0,59,46,95015086,9430,3409654,260,140782,8581,0.9425
2026-10-09,5601202916,3,51.0,74,32,81003072,2849,10910677,162,4267,1159,0.7864
2026-10-09,319401355,2,51.0,59,43,259933620,1369,1533525,1,416296,38686,0.915
2026-10-09,6470898568,1,51.0,51,51,24163609,0,168652,0,60379,5288,0.9195
2026-10-09,3139902823,1,51.0,51,51,91787531,0,340541,0,135194,12178,0.9174
2026-10-09,2416015385,4,50.8,64,30,7923672,4135,47865,32,10963,884,0.9254
2026-10-09,6417854155,4,50.8,84,20,198789179,14190,119286,31,66607,15502,0.8112
2026-10-09,8284003604,3,50.7,68,40,120156344,3700,161643,4,253429,13245,0.9503
2026-10-09,3924708500,3,50.7,55,47,102409065,3960,95741,23,35221,7989,0.8151
2026-10-09,9573195851,3,50.7,86,31,51488204,3755,770416,44,27470,1975,0.9329
2026-10-09,324740320,3,50.7,64,30,22768275,4395,76288,2,29558,2727,0.9155
2026-10-09,1225802146,3,50.7,68,33,465417261,2811,1427871,8,522301,58536,0.8992
2026-10-09,1640789167,4,50.5,70,28,49892277,6519,310334,62,61195,17863,0.7741
2026-10-09,8464771979,4,50.5,69,32,13420222,6714,120592,38,71408,5019,0.9343
2026-10-09,6911529884,4,50.5,78,26,48083608,10946,34128,26,5058,8240,0.3804
2026-10-09,1012352727,2,50.5,58,43,11396185,1059,129264,-2,28374,7028,0.8015
2026-10-09,28401883,2,50.5,55,46,469417615,1285,3329796,-10,669714,103632,0.866
2026-10-09,2984768123,3,50.3,62,43,40488594,2732,446339,10,151837,8419,0.9475
2026-10-09,7685384451,3,50.3,71,34,302996561,3859,293139,-1,339485,23161,0.9361
2026-10-09,3847618795,3,50.3,65,31,89475669,2188,105800,7,77728,11787,0.8683
2026-10-09,2031579354,3,50.3,58,39,16473725,1868,182046,6,62163,9038,0.8731
2026-10-09,8820222330,3,50.3,63,26,64007396,2039,38201,2,27446,6323,0.8128
2026-10-09,2235801300,3,50.3,60,42,2509157,1402,5875,4,2649,1130,0.701
2026-10-09,9014952653,4,50.2,67,29,25758189,4547,30834,23,46883,1514,0.9687
2026-10-09,4088286058,4,50.0,59,39,25387768,9012,18103,28,2534,1357,0.6512
2026-10-09,9629446733,4,50.0,73,36,12729541,6271,66543,0,12676,5686,0.6903
2026-10-09,1683376305,3,50.0,80,30,40926308,2294,384026,2,75169,5827,0.9281
2026-10-09,6648052103,4,49.8,78,29,13806683,5915,153433,2,34404,2257,0.9384
2026-10-09,5495660002,3,49.7,60,43,43312332,3054,134637,9,125953,5663,0.957
2026-10-09,7579926638,4,49.5,56,45,2255883,5712,39179,61,6963,1315,0.8411
2026-10-09,3627275994,4,49.5,79,31,34466607,11071,166977,36,57877,6104,0.9046
2026-10-09,9838133456,2,49.5,82,17,1267703,1294,82175,65,1208,160,0.883
2026-10-09,9804070987,2,49.5,50,49,2901752,900,9209,2,9021,1225,0.8804
2026-10-09,8779774274,2,49.5,50,49,60703913,1263,1671206,23,4926,3813,0.5637
2026-10-09,2135430017,3,49.3,60,38,402806225,4212,638462,12,134410,68279,0.6631
2026-10-09,4764717084,3,49.3,67,32,151036590,3586,314771,17,76026,15551,0.8302
2026-10-09,3953135340,3,49.3,54,42,42190346,4564,38657,9,12900,7184,0.6423
2026-10-09,8549020162,4,49.2,91,26,24351111,3334,51752,11,74447,2342,0.9695
2026-10-09,1578560485,4,49.0,108,6,3357621,2077,8601,2,4072,1604,0.7174
2026-10-09,5777634170,4,49.0,73,20,42534082,9673,689114,142,50578,7205,0.8753
2026-10-09,9287923678,4,49.0,66,28,11568330,7284,121767,16,132804,3533,0.9741
2026-10-09,5298620031,3,49.0,64,20,14270109,4898,135737,6,9180,2467,0.7882
2026-10-09,6443761081,3,49.0,67,34,67080488,3194,6206795,184,82521,1832,0.9783
2026-10-09,3762953501,3,49.0,66,37,3361219,1391,19071,14,4375,1257,0.7768
2026-10-09,849891408,2,49.0,63,35,25455055,1051,163200,9,50041,6555,0.8842
2026-10-09,794509015,2,49.0,52,46,88821736,1086,210956,2,83066,17031,0.8299
2026-10-09,5421898784,2,49.0,51,47,35105026,1432,300770,2,39159,5798,0.871
2026-10-09,10162135165,1,49.0,49,49,3721065,0,258820,0,1388,170,0.8909
2026-10-09,10188443172,1,49.0,49,49,5758428,0,12744,0,16114,664,0.9604
2026-10-09,3122201263,4,48.8,86,4,22764705,4106,35164,5,14415,12456,0.5365
2026-10-09,4070221768,4,48.8,53,44,15413263,463,36721,-1,43205,3105,0.933
2026-10-09,9988290343,4,48.8,79,15,34026842,4471,45316,10,17036,1620,0.9132
2026-10-09,3227010445,3,48.7,74,18,92328380,7757,276582,16,75605,19788,0.7926
2026-10-09,5459170171,3,48.7,67,16,13351879,2455,219574,37,29890,10637,0.7375
2026-10-09,10440766252,3,48.7,63,29,13787021,3241,29858,9,16317,2416,0.871
2026-10-09,7949002987,4,48.5,83,15,3680175,6141,44353,47,6532,1456,0.8177
2026-10-09,8028630897,3,48.3,67,36,10266331,2459,245021,40,10462,8126,0.5628
2026-10-09,3997370929,4,48.0,67,40,73604978,3526,138988,3,102025,6284,0.942
2026-10-09,5321619756,4,48.0,56,37,68323348,4250,214584,12,101469,8113,0.926
2026-10-09,6898956254,4,48.0,65,41,20167380,7841,157698,11,53520,5312,0.9097
2026-10-09,2974058674,3,48.0,67,32,151650681,3684,434248,1,173245,27295,0.8639
2026-10-09,10271341023,3,48.0,58,35,12041766,3056,26002,11,22215,1512,0.9363
2026-10-09,9041359104,2,48.0,50,46,23468059,1426,134721,3,12535,2004,0.8622
2026-10-09,2656602014,2,48.0,57,39,18677126,1304,69622,5,17800,3994,0.8167
2026-10-09,63955796,1,48.0,48,48,703034726,0,4265836,0,1253783,77576,0.9417
2026-10-09,4680802582,4,47.8,64,25,26022006,11336,196063,30,62253,3830,0.942
2026-10-09,10237338193,4,47.8,59,25,12519403,4833,14914,10,2307,546,0.8086
2026-10-09,8225616258,4,47.8,72,24,11767797,2236,87435,-7,117601,1620,0.9864
2026-10-09,10440909815,3,47.7,57,41,103216,2911,6727,133,716,96,0.8818
2026-10-09,7513026554,3,47.7,54,42,79435376,4324,68704,2,173343,5988,0.9666
2026-10-09,2059074987,3,47.7,53,42,166015641,3368,313159,6,65540,13999,0.824
2026-10-09,147136117,4,47.5,57,28,74985721,11341,144174,23,56538,96635,0.3691
2026-10-09,10089681302,4,47.5,80,16,9506170,3388,43314,30,89215,1008,0.9888
2026-10-09,5866883302,4,47.5,62,32,59806564,5607,101151,9,116686,16936,0.8733
2026-10-09,2360086523,2,47.5,59,36,329038761,966,879366,8,41915,10756,0.7958
2026-10-09,6749318228,2,47.5,48,47,42517937,1901,983272,1,66992,9213,0.8791
2026-10-09,5147564687,2,47.5,48,47,46070942,1725,1525880,4,4557,5447,0.4555
2026-10-09,8495161471,3,47.3,79,3,4704772,4369,272772,449,29079,1255,0.9586
2026-10-09,8138599331,3,47.3,54,41,9356064,2019,34629,0,86100,3157,0.9646
2026-10-09,10096982704,3,47.3,53,44,44088442,5446,2403364,192,10335,2673,0.7945
2026-10-09,943242049,4,47.2,60,25,93715919,7246,185330,13,83099,32774,0.7172
2026-10-09,210213771,4,47.0,67,16,501694835,4962,1540245,-7,540913,60771,0.899
2026-10-09,8213721395,4,47.0,59,35,14553459,3692,25340,1,25225,1481,0.9445
2026-10-09,7432254268,3,47.0,76,30,53967322,2017,822055,14,716246,8652,0.9881
2026-10-09,4202932581,2,47.0,58,36,196185214,724,262351,0,105940,10504,0.9098
2026-10-09,12060141,2,47.0,47,47,109485449,877,696327,2,260569,24783,0.9131
2026-10-09,10013070030,2,47.0,50,44,9490590,1080,44887,6,12715,2054,0.8609
2026-10-09,9674179529,3,46.7,68,17,14724839,2286,22894,9,6271,4016,0.6096
2026-10-09,8292068736,3,46.7,61,36,150785949,8422,426340,-34,397245,38021,0.9126
2026-10-09,8213575729,3,46.7,55,32,11219490,3763,44959,14,10948,1799,0.8589
2026-10-09,4844701626,4,46.5,60,24,154004128,27080,61941,34,78397,6153,0.9272
2026-10-09,9143095482,4,46.5,64,16,34264756,12884,80033,26,41393,7925,0.8393
2026-10-09,10276958295,2,46.5,60,33,9285950,1253,18219,6,4213,1214,0.7763
2026-10-09,174831381,2,46.5,57,36,65337362,743,412921,10,102931,15555,0.8687
2026-10-09,6957393054,3,46.3,59,36,5768496,4136,5183,8,1143,374,0.7535
2026-10-09,6539022606,3,46.3,56,41,45357821,3619,49531,0,11159,1400,0.8885
2026-10-09,10764431809,4,46.2,62,34,185506,19026,7424,638,394,96,0.8041
2026-10-09,9362957553,4,46.0,57,37,12271652,3779,258194,80,53892,1567,0.9717
2026-10-09,5918468057,4,46.0,62,37,47429632,10344,4650854,458,10247,2624,0.7961
2026-10-09,1668757602,3,46.0,62,31,42632848,2606,215532,12,103767,25580,0.8022
2026-10-09,1502198149,2,46.0,59,33,873714839,1936,1455300,-1,320014,73567,0.8131
2026-10-09,7475457002,2,46.0,50,42,4001621,1258,540544,98,573,444,0.5634
2026-10-09,7311580939,4,45.8,56,41,8972696,1809,65651,-5,156959,3200,0.98
2026-10-09,3102306074,3,45.7,68,17,3180856,4983,29365,11,1663,305,0.845
2026-10-09,2734855978,4,45.5,50,39,9407618,14504,301742,385,1249,625,0.6665
2026-10-09,8576015808,4,45.5,56,38,15290605,8293,56319,22,11305,2525,0.8174
2026-10-09,4760216074,2,45.5,48,43,120517240,1768,5848626,38,132317,10578,0.926
2026-10-09,8998514734,3,45.3,60,35,17617419,2581,51824,9,22703,4014,0.8498
2026-10-09,9553855481,3,45.3,70,19,17977016,1997,821937,74,34410,2340,0.9363
2026-10-09,8353463684,3,45.3,65,30,173102341,3039,151721,13,243706,9102,0.964
2026-10-09,4668461757,4,45.2,59,26,18098277,4686,154340,8,23661,5081,0.8232
2026-10-09,3508969520,2,45.0,58,32,7893693,5245,31099,27,9799,1418,0.8736
2026-10-09,7133320099,4,45.0,72,21,65040168,7442,81668,16,186325,30289,0.8602
2026-10-09,4341358490,3,45.0,64,30,127711630,1994,127362,5,124441,7883,0.9404
2026-10-09,9538407588,3,45.0,56,30,20240057,2090,1435994,113,11946,1996,0.8568
2026-10-09,2183179955,3,45.0,52,34,160888723,2209,733147,-4,181817,13043,0.9331
2026-10-09,3098057526,3,45.0,59,20,135296181,1975,96841,3,25146,6375,0.7978
2026-10-09,8944906740,2,45.0,55,35,87790406,1947,1468850,9,428070,14832,0.9665
2026-10-09,6190899973,2,45.0,59,31,34014235,1051,124319,1,177842,3253,0.982
2026-10-09,781563604,2,45.0,50,40,562279455,1058,4614987,19,744472,59525,0.926
2026-10-09,8752531238,1,45.0,45,45,5562864,0,111917,0,12650,1516,0.893
2026-10-09,1616542584,1,45.0,45,45,224632758,0,339386,0,70771,38645,0.6468
2026-10-09,6091537736,4,44.8,56,25,911786,8471,11550,114,1624,438,0.7876
2026-10-09,5906018208,3,44.7,64,25,13791062,1677,184159,6,42323,4475,0.9044
2026-10-09,4888405440,3,44.7,62,30,59500244,6938,56797,14,12452,5683,0.6866
2026-10-09,6057672550,4,44.5,58,24,4150067,8153,25684,38,17693,1956,0.9005
2026-10-09,8046625183,3,44.3,92,12,44666234,2032,111362,2,18907,1733,0.916
2026-10-09,6872475669,4,44.2,60,27,22986187,9396,135897,5,44231,17297,0.7189
2026-10-09,7746026531,4,44.2,70,15,37016694,3449,52559,35,21635,4286,0.8347
2026-10-09,9926075798,4,44.0,67,29,15927146,3366,51425,13,100638,4902,0.9536
2026-10-09,7911733012,3,44.0,63,30,17360314,4061,13422,5,12908,3421,0.7905
2026-10-09,10527122650,3,44.0,47,38,2839375,4590,10963,14,1960,746,0.7243
2026-10-09,7500938546,3,44.0,57,20,3981907,3139,17469,9,7804,257,0.9681
2026-10-09,6337547778,2,44.0,61,27,15525631,1422,1011590,96,5479,1564,0.7779
2026-10-09,4422506925,2,44.0,52,36,5808112,1407,23001,6,5320,1282,0.8058
2026-10-09,411275487,2,44.0,70,18,477499103,1149,1816347,0,458878,87412,0.84
2026-10-09,102281688,4,43.8,67,17,22612655,7241,264769,217,51302,13169,0.7957
2026-10-09,4858350084,3,43.7,59,30,24347807,2901,6811,10,496,712,0.4106
2026-10-09,5071522817,3,43.7,73,14,19577296,4520,41890,11,9519,4780,0.6657
2026-10-09,10333747231,4,43.5,55,19,28655993,7535,78187,6,17980,7506,0.7055
2026-10-09,9663426536,2,43.5,70,17,17805435,505,928558,34,6057,991,0.8594
2026-10-09,7261382479,2,43.5,47,40,32926039,972,4893162,107,267658,12387,0.9558
2026-10-09,1206146391,3,43.3,49,33,27048875,1882,190925,7,37010,5978,0.8609
2026-10-09,7482175997,3,43.0,105,8,3295175,1282,9306,-1,3233,790,0.8036
2026-10-09,3572713022,2,43.0,56,30,84270488,2434,168908,3,40372,8156,0.8319
2026-10-09,6243984455,3,43.0,62,29,23577129,1529,56951,1,27658,9472,0.7449
2026-10-09,2583460830,2,43.0,46,40,24929826,781,65482,6,24586,4441,0.847
2026-10-09,7338561074,2,43.0,50,36,24532247,739,32825,0,15736,2977,0.8409
2026-10-09,6951473456,4,42.8,61,8,61938243,4071,79583,4,105563,2896,0.9733
2026-10-09,6473847106,3,42.7,57,21,8092841,4969,17266,27,6705,1360,0.8314
2026-10-09,9045238,3,42.3,51,35,152188466,3556,1247569,11,309772,25323,0.9244
2026-10-09,9084281025,4,42.2,55,32,18348549,4873,16002,10,4750,724,0.8677
2026-10-09,9834202013,3,42.0,52,37,30803805,2231,43861,6,34188,1581,0.9558
2026-10-09,2050890865,2,42.0,52,32,245366613,744,382242,-2,190153,40534,0.8243
2026-10-09,2995746037,4,41.8,96,12,93445038,9301,272208,23,78749,11769,0.87
2026-10-09,5828082166,4,41.5,82,19,87376060,11620,50501,16,24803,5301,0.8239
2026-10-09,6483696355,3,41.3,44,37,43713934,1658,68647,-1,55372,5607,0.9081
2026-10-09,8813012,4,41.0,54,28,464987612,5354,1857392,0,781078,92547,0.8941
2026-10-09,5444205790,3,41.0,59,30,20976393,2450,1256231,-39,29820,14800,0.6683
2026-10-09,8779464785,2,41.0,50,32,155716056,764,114144,-3,146640,8685,0.9441
2026-10-09,9301122330,2,41.0,56,26,3997040,878,7974,6,2532,434,0.8537
2026-10-09,2709659970,2,41.0,55,27,25704079,1083,45252,0,12013,2063,0.8534
2026-10-09,10512926312,2,41.0,53,29,9963667,975,34386,10,10633,969,0.9165
2026-10-09,4529461190,1,41.0,41,41,30131140,0,54298,0,16421,4020,0.8033
2026-10-09,10007567876,4,40.8,57,22,93108,3519,6312,223,1097,62,0.9465
2026-10-09,9095931810,3,40.7,59,24,29239675,2907,87113,5,98443,2807,0.9723
2026-10-09,3548276107,2,40.5,43,38,26029028,2311,480054,9,117512,19410,0.8582
2026-10-09,7880763603,4,40.0,54,20,43728531,11443,2197585,484,20236,5785,0.7777
2026-10-09,7587104675,3,40.0,53,16,653496,1361,21733,28,2988,785,0.7919
2026-10-09,8991105066,3,40.0,59,25,26272599,1913,17812,-2,14330,2305,0.8614
2026-10-09,3459689177,1,40.0,40,40,2444395,0,76883,0,17388,1136,0.9387
2026-10-09,581471540,4,39.8,93,14,37661307,4045,107692,13,26592,11301,0.7018
2026-10-09,9679625425,3,39.7,56,30,75089316,2756,96464,11,105214,3375,0.9689
2026-10-09,9401128436,3,39.3,60,14,4604164,2814,217259,127,10978,1844,0.8562
2026-10-09,1863420406,3,39.3,56,19,84812171,2259,258325,5,76266,8846,0.8961
2026-10-09,1322426930,4,39.2,53,16,185157168,8034,436811,11,79533,13421,0.8556
2026-10-09,9293362703,2,39.0,54,24,4654731,1134,177493,56,19516,1697,0.92
2026-10-09,2791229920,4,38.8,62,12,33742026,9326,110605,23,184987,6825,0.9644
2026-10-09,10240930513,2,38.5,48,29,4572457,658,22367,2,35013,1313,0.9639
2026-10-09,7187738470,2,38.5,55,22,35308047,1581,68731,3,23522,4724,0.8328
2026-10-09,3417807086,2,38.5,50,27,12904427,359,118999,3,11969,5744,0.6757
2026-10-09,2481103512,2,38.5,55,22,49599260,703,153297,-1,25007,4199,0.8562
2026-10-09,6355251723,4,38.0,48,24,38244462,5325,302518,12,51520,10693,0.8281
2026-10-09,8090378469,2,38.0,48,28,60608563,1007,3591213,43,103556,5019,0.9538
2026-10-09,10075695505,1,38.0,38,38,23460262,0,60931,0,48766,13338,0.7852
2026-10-09,8539571150,4,37.8,53,19,14115989,5856,151348,64,36416,7294,0.8331
2026-10-09,7728423041,3,37.7,43,28,19273025,1979,1128507,111,170749,7596,0.9574
2026-10-09,3563989313,2,37.5,42,33,87222414,2920,268009,2,92507,21103,0.8143
2026-10-09,9911142766,4,37.5,48,31,43277559,9626,61539,12,11357,2256,0.8343
2026-10-09,9720364938,3,37.3,60,24,1276199,1691,15731,12,5522,1113,0.8323
2026-10-09,7997559305,4,37.2,57,12,10360657,5449,226412,99,68490,4353,0.9402
2026-10-09,2477616476,4,37.0,55,13,105472894,6866,2509524,169,98031,26882,0.7848
2026-10-09,10609157514,3,37.0,57,19,3479387,2521,4840,6,1173,274,0.8106
2026-10-09,5940874374,3,37.0,50,21,52731096,2263,3087052,50,416637,7734,0.9818
2026-10-09,9659404694,3,37.0,45,33,13956610,2810,1520018,66,4267,880,0.829
2026-10-09,4201860712,3,37.0,47,17,88725296,1977,267367,4,178038,9030,0.9517
2026-10-09,380561452,2,37.0,53,21,21540871,200,265603,-1,71956,11470,0.8625
2026-10-09,9760992210,3,36.3,49,28,6338134,1428,392846,141,24226,1926,0.9264
2026-10-09,3656071129,4,36.0,64,16,64737190,4166,272177,24,44035,10961,0.8007
2026-10-09,9553838253,3,36.0,57,7,5520409,3315,18998,13,12931,1140,0.919
2026-10-09,9611181855,2,36.0,54,18,2892013,1250,37835,3,5404,770,0.8753
2026-10-09,8809915587,4,35.8,47,29,11888719,8418,69051,2,41647,3971,0.913
2026-10-09,7481041042,3,35.3,71,11,50489656,2547,5639178,272,8225,3261,0.7161
2026-10-09,8510440883,3,35.3,59,19,65396752,2928,44764,3,33854,4289,0.8876
2026-10-09,7539883665,4,35.2,61,6,92609087,8972,79608,5,50313,15822,0.7608
2026-10-09,5902539844,4,35.2,46,28,6976919,3692,190506,-7,17238,3430,0.834
2026-10-09,10081690324,3,34.7,56,14,15597629,2538,17121,2,5100,1086,0.8244
2026-10-09,7997601071,3,34.7,52,22,17029820,3268,412222,94,177555,10933,0.942
2026-10-09,9250344985,3,34.7,68,15,38327116,3266,950557,50,8711,3784,0.6972
2026-10-09,9691752199,3,34.7,59,12,20063931,709,20049,1,19554,1265,0.9392
2026-10-09,7331771719,3,34.3,85,0,74267740,2333,3827093,-16,73493,10892,0.8709
2026-10-09,8057997851,3,34.3,48,9,15074876,2414,8879,8,1399,1285,0.5212
2026-10-09,10097850807,4,34.2,47,21,1473316,3753,7070,23,1382,229,0.8579
2026-10-09,457781306,4,33.8,50,16,44053411,4603,109679,18,22929,4763,0.828
2026-10-09,9975944610,4,33.8,48,18,4730367,8821,60895,68,3115,649,0.8276
2026-10-09,8458613782,3,33.7,60,15,53055481,1854,47002,3,33716,6190,0.8449
2026-10-09,8191858693,3,33.3,58,18,49981513,1696,63071,1,47372,3281,0.9352
2026-10-09,2120707657,3,32.3,64,15,99044771,2270,85007,2,66609,31071,0.6819
2026-10-09,2459683091,3,31.7,52,8,11200036,2026,33619,2,5542,1850,0.7497
2026-10-09,7232852447,4,30.2,37,21,39387720,5270,3064215,378,4351,1053,0.8051
2026-10-09,4800289647,4,30.0,36,20,37844244,8815,100044,54,26885,4566,0.8548
2026-10-09,8249964998,3,29.7,51,12,10193334,1432,655952,109,34856,2902,0.9231
2026-10-09,4736666911,4,29.5,53,4,119148057,5414,81693,10,86247,12628,0.8723
2026-10-09,8379124282,3,29.0,55,14,33499714,1674,26876,1,14349,2156,0.8694
2026-10-09,1670760783,3,29.0,64,10,30546687,1155,77597,2,16111,2959,0.8448
2026-10-09,8343817092,4,28.2,42,19,9370438,4419,53160,12,7664,807,0.9047
2026-10-09,10480491636,4,28.2,99,2,217570,21513,672,68,50,51,0.495
2026-10-09,9892365176,3,28.0,68,5,4278911,1500,16287,3,14523,567,0.9624
2026-10-09,3449433624,2,26.5,30,23,32305336,1687,107606,0,18001,5069,0.7803
2026-10-09,20587584,4,25.8,45,5,95706231,2462,524178,-3,163791,25973,0.8631
2026-10-09,3527688124,2,20.0,21,19,10809204,1511,54593,15,17072,2614,0.8672
2026-10-09,0,4,0.0,0,0,0,0,0,0,,,
2026-10-09,10768399922,4,0.0,0,0,1401605,0,4607,3,703,64,0.9166
