date,universe_id,samples,avg_ccu,peak_ccu,low_ccu,visits_end,visits_gained,favorites_end,favorites_gained,up_votes,down_votes,like_ratio
2026-10-06,10563114921,2,1009812.0,1063151,956473,7026806634,13450228,6970691,9582,3247734,274146,0.9222
2026-10-06,1686885941,2,300285.0,314220,286350,88298291092,3804319,30355700,1810,8617987,1415711,0.8589
2026-10-06,383310974,2,199518.0,209242,189794,44966550204,1572483,29712025,607,9532278,1513093,0.863
2026-10-06,66654135,2,186673.0,194762,178584,31096451835,3447241,24377150,1803,10726384,1083193,0.9083
2026-10-06,7326934954,2,145629.5,146310,144949,29909008242,1868219,9795004,1383,5438503,571571,0.9049
2026-10-06,994732206,2,145399.0,146476,144322,64844284025,1665452,20036065,459,12744302,1065350,0.9229
2026-10-06,5569032992,2,140938.0,154082,127794,7555684068,2107513,4688028,527,1718341,249164,0.8734
2026-10-06,7709344486,2,122085.5,129079,115092,73844760820,5451336,29495165,1569,15449000,2690971,0.8517
2026-10-06,6035872082,2,113777.0,124791,102763,18566251711,2108079,94034239,10157,10717628,722735,0.9368
2026-10-06,3508322461,2,113352.0,123359,103345,7515035605,2041063,3080314,608,2628224,420129,0.8622
2026-10-06,10764627709,2,96257.5,101722,90793,33341562,1614782,82816,3084,70121,7596,0.9023
2026-10-06,5595353122,2,79014.0,79424,78604,110000377,510655,493217,548,915562,20059,0.9786
2026-10-06,6701277882,2,71341.5,72717,69966,4770208320,158279,1287617,14,1344921,278768,0.8283
2026-10-06,7219654364,2,69067.0,75098,63036,1884085726,1268742,16706326,212,266933,39072,0.8723
2026-10-06,10035204815,2,61496.5,62464,60529,316891298,843881,319477,685,394743,13525,0.9669
2026-10-06,5750914919,2,60865.5,61928,59803,4985716662,453139,3664505,210,3041351,309249,0.9077
2026-10-06,9584852943,2,59642.5,61298,57987,6317851486,1817938,6948598,1475,9906439,319896,0.9687
2026-10-06,10708913337,2,58822.0,59720,57924,72667056,489158,137659,347,560707,3966,0.993
2026-10-06,5203828273,2,57392.5,57964,56821,11111400892,835805,7544838,1235,4017793,418520,0.9057
2026-10-06,2711375305,1,56962.0,56962,56962,8045660464,0,5893607,0,3024876,203045,0.9371
2026-10-06,3317771874,2,53478.5,53696,53261,2660113718,125154,2203870,30,3069112,170487,0.9474
2026-10-06,6331902150,2,48781.5,55227,42336,5785959879,587373,3230606,205,2390262,440767,0.8443
2026-10-06,2440500124,1,48171.0,48171,48171,7836887105,0,8244614,0,4723232,354616,0.9302
2026-10-06,10155360168,2,45199.0,47879,42519,141348993,710994,233748,482,87272,13603,0.8651
2026-10-06,3240075297,2,43435.0,46026,40844,8816630052,749017,3655154,369,1146516,186046,0.8604
2026-10-06,6931042565,2,41492.5,46398,36587,3933929880,673988,5443184,1409,2571095,129822,0.9519
2026-10-06,3808081382,2,39690.5,42644,36737,19364917755,779039,7690084,309,5315772,1029758,0.8377
2026-10-06,10765288803,2,38955.0,39507,38403,32498710,491427,199823,1443,132780,2757,0.9797
2026-10-06,5361032378,2,29826.5,30971,28682,2216319540,197092,1023318,31,1423640,134044,0.9139
2026-10-06,10765298801,2,29675.5,31437,27914,15785591,348938,597383,12633,27342,979,0.9654
2026-10-06,10148749921,2,29321.0,31573,27069,2398730643,509657,3126410,452,1320123,88456,0.9372
2026-10-06,4839802560,2,28987.0,30468,27506,4011199238,446851,15780769,1716,944681,100476,0.9039
2026-10-06,10684750879,2,27935.0,29015,26855,61637865,247770,2650806,6397,131751,4407,0.9676
2026-10-06,10685282333,2,26208.0,27232,25184,81204581,483705,131719,685,208169,26666,0.8864
2026-10-06,4949420752,2,25912.5,28822,23003,1691270229,532105,805324,292,493488,90055,0.8457
2026-10-06,6521100398,2,25884.0,26754,25014,348500173,327541,588758,588,268109,13955,0.9505
2026-10-06,372226183,2,24633.0,28842,20424,6054233631,435542,9717213,191,2802542,240535,0.921
2026-10-06,601130232,2,24509.0,25258,23760,4593593145,215269,6544036,58,3033794,139860,0.9559
2026-10-06,6765805766,2,23432.0,24228,22636,1275985950,294440,988709,48,276981,75547,0.7857
2026-10-06,6739698191,2,22447.0,23774,21120,1537939736,283718,1649769,211,764633,55920,0.9319
2026-10-06,3647333358,2,21547.5,22084,21011,9267999377,373294,8296894,336,3240159,210881,0.9389
2026-10-06,5578556129,2,21273.0,21721,20825,2060225646,103849,1997842,2,2589089,87362,0.9674
2026-10-06,1516533665,2,19148.5,19878,18419,14396674257,331230,12259251,177,4060902,435153,0.9032
2026-10-06,2619619496,1,19039.0,19039,19039,11752079404,0,4633287,0,2479575,533808,0.8229
2026-10-06,648454481,2,18844.5,18907,18782,1323907784,105638,1511187,37,1073313,121595,0.8982
2026-10-06,2668101271,1,18798.0,18798,18798,3598703068,0,2578994,0,948681,231741,0.8037
2026-10-06,5995470825,2,18155.0,18577,17733,1334182208,281921,22120056,5620,1869400,109485,0.9447
2026-10-06,1831550657,2,18045.5,18435,17656,2248241617,188539,11281356,601,1415092,116020,0.9242
2026-10-06,10766506199,2,17454.5,20297,14612,22960312,395964,86888,1510,9172,3226,0.7398
2026-10-06,10258991999,2,17133.0,18016,16250,60055509,152076,856214,876,160481,7937,0.9529
2026-10-06,703124385,2,17048.0,23733,10363,29080186164,643230,12030676,220,4365187,1565535,0.736
2026-10-06,1202096104,2,16873.0,16952,16794,3340084386,247101,31780888,134,2536593,190685,0.9301
2026-10-06,88070565,2,16390.0,16391,16389,10119497285,163522,14006836,91,5638200,733818,0.8848
2026-10-06,10766056678,2,15864.0,16033,15695,11376060,301206,36625,586,15572,999,0.9397
2026-10-06,6325068386,2,15657.5,17026,14289,4984525348,242651,6283090,158,10236760,356876,0.9663
2026-10-06,10436530264,2,15654.0,16831,14477,11824372,128488,252888,516,36828,1427,0.9627
2026-10-06,7554119808,2,15546.0,17333,13759,444492022,253505,5543396,1780,159237,15551,0.911
2026-10-06,10512942223,2,15387.0,15466,15308,4710488,217471,24379,1374,29468,740,0.9755
2026-10-06,578392296,2,15253.5,15744,14763,1344724016,186196,1004775,46,515026,123131,0.8071
2026-10-06,10756011174,2,14852.5,17019,12686,95564061,181219,222295,449,367312,15823,0.9587
2026-10-06,10673920146,2,14716.0,17713,11719,4014017,291359,81572,6586,17841,626,0.9661
2026-10-06,4777817887,2,14712.0,16087,13337,6471956882,224731,12991256,312,8454136,591544,0.9346
2026-10-06,184199275,2,14581.0,18566,10596,991346784,192943,1924402,374,570676,62045,0.9019
2026-10-06,10765686447,2,14527.0,14746,14308,9507563,244942,52284,1176,20410,1071,0.9501
2026-10-06,10765012427,2,14429.0,15141,13717,30624543,215370,141061,922,95507,4963,0.9506
2026-10-06,10675117523,2,14267.5,14448,14087,12284160,98315,109301,150,22839,1082,0.9548
2026-10-06,10767634248,2,13932.0,14261,13603,2390785,208513,11223,1108,2284,183,0.9258
2026-10-06,10261267004,2,13829.5,15191,12468,127121592,96931,375339,212,125245,7159,0.9459
2026-10-06,8178086002,2,13566.0,14740,12392,79101360,292311,229366,581,63740,4336,0.9363
2026-10-06,10282097014,2,13448.0,14797,12099,2897839,114687,59008,2262,22060,1110,0.9521
2026-10-06,4723764956,2,13304.0,15349,11259,596458640,162415,934107,207,521210,35052,0.937
2026-10-06,9978329815,2,13271.5,14271,12272,509310122,261153,1075365,416,294270,22703,0.9284
2026-10-06,10502841145,2,13144.0,13212,13076,104407323,139688,127032,57,37670,1329,0.9659
2026-10-06,6774320049,2,12951.5,13135,12768,277975201,187620,959407,314,86141,11809,0.8794
2026-10-06,10744310825,2,12927.0,13595,12259,18609924,194000,1171915,417,7619,3005,0.7171
2026-10-06,2783797267,1,12593.0,12593,12593,712706983,0,8179160,0,376620,45275,0.8927
2026-10-06,7436755782,2,12495.5,12858,12133,35959060564,136447,11437725,70,9435411,1054816,0.8994
2026-10-06,9534705677,2,12463.0,13146,11780,302344770,168965,2960930,3760,286769,25729,0.9177
2026-10-06,4658598196,2,12352.0,12592,12112,1152206522,130413,1503103,155,1421714,59642,0.9597
2026-10-06,7585140258,2,12152.5,13390,10915,143101909,187189,655368,510,396831,15724,0.9619
2026-10-06,10173311467,2,12083.5,13207,10960,92516299,161222,879979,787,509527,12646,0.9758
2026-10-06,7018190066,2,11959.0,12455,11463,6592770433,153453,6129013,130,3348350,268740,0.9257
2026-10-06,10681914462,2,11737.5,12026,11449,107116397,281074,289795,674,276931,13370,0.9539
2026-10-06,9294074907,2,11573.0,12507,10639,581764287,259866,648750,301,219958,30101,0.8796
2026-10-06,6945584306,2,11241.0,12214,10268,585457500,142771,654374,92,1613051,53607,0.9678
2026-10-06,7395930870,2,11125.0,12197,10053,469580613,129833,503369,183,357935,20385,0.9461
2026-10-06,10732236937,2,11105.5,12019,10192,33812479,142253,68155,166,40075,3476,0.9202
2026-10-06,1852226622,2,11074.0,12122,10026,2999579925,97211,2748059,107,730165,198681,0.7861
2026-10-06,8719555347,2,11058.5,11322,10795,436372135,189276,636417,265,224290,17983,0.9258
2026-10-06,9199655655,2,10948.0,11445,10451,262987911,117190,745771,135,498274,63060,0.8877
2026-10-06,10460801145,2,10939.5,11104,10775,209763115,235172,233458,199,77223,12545,0.8603
2026-10-06,7081611770,1,10913.0,10913,10913,238785500,0,5217972,0,24489,7478,0.7661
2026-10-06,10630800860,2,10911.5,11097,10726,51440870,220770,1501687,1759,6674,6398,0.5106
2026-10-06,10767012496,2,10911.0,11743,10079,13061660,422314,37238,1603,10848,1685,0.8656
2026-10-06,10761687472,1,10659.0,10659,10659,133732535,0,452760,0,98695,13412,0.8804
2026-10-06,10399136326,2,10476.5,11362,9591,108536456,159497,172876,188,97350,12823,0.8836
2026-10-06,2936053166,1,10331.0,10331,10331,2272157356,0,1865259,0,1520115,101579,0.9374
2026-10-06,10550257968,2,10283.0,11021,9545,27440472,217895,874489,4333,9920,3850,0.7204
2026-10-06,10700618962,2,10129.5,10888,9371,11108716,126331,281522,1835,28658,491,0.9832
2026-10-06,10767408330,2,10104.0,10600,9608,4956698,164213,15817,659,13252,846,0.94
2026-10-06,210851291,2,10087.0,10168,10006,5219265197,107585,8538363,107,3659136,259224,0.9338
2026-10-06,4293374620,2,9932.5,10914,8951,1576082269,200100,1105153,115,461286,105427,0.814
2026-10-06,10701628624,2,9756.0,10010,9502,23587025,210291,363315,3196,9144,2181,0.8074
2026-10-06,10741514942,2,9666.5,10023,9310,3798536,102942,56079,1622,3265,699,0.8237
2026-10-06,7008097940,2,9516.5,9961,9072,3343952474,130050,22399998,776,1247197,327223,0.7922
2026-10-06,10741654282,2,9501.5,9592,9411,46545360,111415,1104293,1081,243111,4892,0.9803
2026-10-06,10767825538,2,9492.0,13043,5941,7643258,112641,48158,612,17799,846,0.9546
2026-10-06,4983034985,2,9349.5,12776,5923,292209567,79497,871443,179,120527,28313,0.8098
2026-10-06,1176784616,2,9263.5,9766,8761,5002836749,149266,3518492,92,2077447,129102,0.9415
2026-10-06,9561553764,2,9251.5,9835,8668,267163502,218411,224270,144,258047,17481,0.9366
2026-10-06,4049246711,2,9177.5,10323,8032,928598762,187637,620519,133,227265,124593,0.6459
2026-10-06,10004244222,2,9109.0,9720,8498,1903195469,185671,26538308,1585,1300410,68123,0.9502
2026-10-06,10539411000,2,9029.5,10663,7396,220189037,103315,347120,207,132179,19915,0.8691
2026-10-06,9855761734,2,8941.0,9961,7921,212643657,96827,294012,131,145735,24512,0.856
2026-10-06,10765582175,2,8752.0,9430,8074,2605641,118592,32874,1114,26678,2883,0.9025
2026-10-06,10766721625,2,8751.0,8975,8527,10902648,145754,630561,5874,8374,552,0.9382
2026-10-06,3310460039,2,8656.5,9094,8219,4722513750,184892,105228735,118,405188,263422,0.606
2026-10-06,10665420648,2,8456.5,9185,7728,13576328,154399,142976,2317,169934,4229,0.9757
2026-10-06,321778215,2,8347.5,8470,8225,10461879370,78485,13328983,36,3264464,534988,0.8592
2026-10-06,7108384194,2,8081.0,8155,8007,399434178,152285,718748,132,135647,22681,0.8567
2026-10-06,4420562665,2,8072.0,8373,7771,91801045,121446,374776,913,79574,8007,0.9086
2026-10-06,10222476236,2,8069.0,8671,7467,41337435,104534,158704,359,68593,5232,0.9291
2026-10-06,9837612476,2,7914.5,8410,7419,351497921,69885,1243535,111,793736,28899,0.9649
2026-10-06,903807016,2,7910.5,8331,7490,1597021513,108143,2851986,98,1185715,119759,0.9083
2026-10-06,10624691669,2,7814.5,8062,7567,138376379,353043,404112,751,79789,14148,0.8494
2026-10-06,10763764817,2,7771.5,8145,7398,27473909,150726,1053102,3700,15086,2788,0.844
2026-10-06,9167377564,1,7704.0,7704,7704,382745339,0,8995430,0,659883,19513,0.9713
2026-10-06,7028566528,2,7670.0,7978,7362,1147940398,99452,2236148,136,7120994,124319,0.9828
2026-10-06,9641502068,2,7614.5,7778,7451,119281529,153767,227512,318,281990,18860,0.9373
2026-10-06,4750561026,2,7614.0,8319,6909,49665410,78426,328392,437,195492,21911,0.8992
2026-10-06,7398552394,2,7602.0,8597,6607,260182607,82294,402255,101,132120,15624,0.8942
2026-10-06,10597001332,2,7568.0,8945,6191,2800492,184189,66320,5127,12227,6481,0.6536
2026-10-06,4452297356,2,7523.0,8899,6147,772524408,77626,874153,94,259554,28516,0.901
2026-10-06,9970645639,2,7465.5,7695,7236,125165077,63543,764088,228,538725,7076,0.987
2026-10-06,9796898051,2,7406.0,7581,7231,68376360,62233,1040702,761,84195,6897,0.9243
2026-10-06,10765013362,2,7405.5,8055,6756,6033106,64609,12197,79,4675,571,0.8912
2026-10-06,10116272705,2,7396.0,7682,7110,3051427,29285,6715,78,21607,625,0.9719
2026-10-06,7094518649,2,7395.5,8334,6457,375474516,56835,902421,114,392073,19321,0.953
2026-10-06,10765153945,2,7296.0,8363,6229,9364410,109065,26590,292,6830,760,0.8999
2026-10-06,5283219861,2,7272.0,8760,5784,367703415,169515,295957,198,76387,10471,0.8794
2026-10-06,10737656087,2,7265.5,8589,5942,5534704,86675,14075,95,9183,684,0.9307
2026-10-06,10766725034,2,7116.0,7678,6554,13871928,189893,35091,445,5284,3842,0.579
2026-10-06,65241,2,7091.5,7667,6516,4501222431,187240,11887376,223,4412395,448747,0.9077
2026-10-06,2992873140,1,7060.0,7060,7060,1439292194,0,1035617,0,494701,82665,0.8568
2026-10-06,1526814825,2,7032.5,7711,6354,1124171923,68442,4421979,198,1108700,106074,0.9127
2026-10-06,4348829796,2,6997.0,7037,6957,2714469897,145792,11598623,874,570846,105509,0.844
2026-10-06,10764897725,2,6988.5,7004,6973,31181883,131777,1445139,4918,138482,3231,0.9772
2026-10-06,3990106548,2,6974.0,8454,5494,1872909561,163928,6416432,256,478786,96248,0.8326
2026-10-06,6504986360,2,6949.5,7090,6809,609402413,40078,291994,13,494638,16381,0.9679
2026-10-06,10144280947,2,6947.5,7220,6675,627093183,153381,11944783,1936,2014527,44684,0.9783
2026-10-06,10766008884,2,6945.5,7289,6602,6856252,101676,35459,521,23841,675,0.9725
2026-10-06,7856039629,2,6942.5,7823,6062,77346094,158752,2226327,3381,42135,5218,0.8898
2026-10-06,4165164803,2,6871.5,7322,6421,567640411,128935,571298,158,183518,57015,0.763
2026-10-06,4540138978,2,6866.5,6953,6780,2373676442,92848,67358484,2676,328883,50038,0.8679
2026-10-06,10321202755,2,6790.0,6978,6602,53393980,24913,489434,179,172244,2917,0.9833
2026-10-06,7996365376,2,6788.5,7814,5763,447836246,133510,489221,115,206280,28092,0.8801
2026-10-06,73885730,1,6741.0,6741,6741,3044105978,0,6008291,0,1539050,270594,0.8505
2026-10-06,7488668004,2,6655.5,6670,6641,351002389,81853,453094,124,140580,11681,0.9233
2026-10-06,3308103880,2,6633.0,6661,6605,1837381741,122303,2116128,268,493701,77285,0.8646
2026-10-06,1278035280,2,6569.5,7302,5837,782255392,62746,1517922,129,501444,37298,0.9308
2026-10-06,10278774552,2,6569.5,7246,5893,201885909,122347,348290,157,67160,18437,0.7846
2026-10-06,4730278139,2,6488.0,7182,5794,1457288419,102031,1368562,84,1398046,207377,0.8708
2026-10-06,9051406594,2,6429.0,6904,5954,396934716,197323,7744372,2790,2055715,76729,0.964
2026-10-06,10636331438,2,6399.0,6917,5881,9001488,63666,297227,1420,69590,1216,0.9828
2026-10-06,1525626450,2,6359.0,7081,5637,339753367,106243,885789,155,395980,22607,0.946
2026-10-06,10766138478,2,6340.0,6568,6112,16758583,98299,895659,6034,21970,596,0.9736
2026-10-06,9880286438,2,6330.0,6621,6039,25450584,60189,65383,88,84441,2544,0.9708
2026-10-06,371263894,2,6325.0,6576,6074,1468565825,77307,2701099,59,1060696,146388,0.8787
2026-10-06,10762388019,2,6274.0,6640,5908,27006858,164348,108695,513,210578,16058,0.9291
2026-10-06,10057403337,2,6254.5,6904,5605,235390942,135265,8782674,2643,78680,11216,0.8752
2026-10-06,1235188606,2,6210.5,6276,6145,1729687311,66289,14549263,21,1117327,78712,0.9342
2026-10-06,9931749389,2,6176.5,6467,5886,150382717,96280,244020,210,163335,6155,0.9637
2026-10-06,245662005,2,6164.5,6286,6043,8066450547,103811,18676783,59,5804417,811732,0.8773
2026-10-06,10529769390,2,6163.0,6198,6128,25255587,65617,17051,29,11031,2806,0.7972
2026-10-06,2380077519,1,6050.0,6050,6050,3653100105,0,4662387,0,1958073,317426,0.8605
2026-10-06,10230942274,2,6043.0,6254,5832,98994026,82113,212773,153,238327,18115,0.9294
2026-10-06,10608856704,2,6012.0,6686,5338,7535820,124060,428929,5608,58733,962,0.9839
2026-10-06,10526853622,2,6001.5,6495,5508,8855473,57745,153687,459,26606,901,0.9672
2026-10-06,2851381018,1,5976.0,5976,5976,864448999,0,1442968,0,668838,45111,0.9368
2026-10-06,1000233041,2,5958.5,5984,5933,3316384110,60132,5806957,145,2005092,180572,0.9174
2026-10-06,10764613327,2,5950.0,7368,4532,3277460,119673,29134,927,4078,958,0.8098
2026-10-06,7633926880,2,5939.5,7573,4306,287557440,89096,951572,710,615471,34552,0.9468
2026-10-06,5650396773,2,5922.0,6201,5643,2577448910,106167,2318387,86,2030324,223985,0.9006
2026-10-06,10740316645,2,5918.5,6465,5372,4878813,55763,19441,163,46953,640,0.9866
2026-10-06,10667357873,2,5897.5,6855,4940,12266556,92069,182251,1114,29747,1436,0.9539
2026-10-06,10766309747,2,5874.0,6694,5054,7147574,119707,26586,486,28347,848,0.971
2026-10-06,10553704684,2,5861.0,6705,5017,5320398,87831,281795,5062,19860,1632,0.9241
2026-10-06,10421901778,2,5848.0,6376,5320,20773983,52198,110029,317,40514,2159,0.9494
2026-10-06,6443367640,2,5827.0,5988,5666,716017202,86872,6976330,652,254884,20642,0.9251
2026-10-06,1268927906,2,5796.5,6046,5547,2309613878,43604,2608064,61,1165056,155239,0.8824
2026-10-06,7948426536,2,5791.5,7353,4230,59350624,138502,115939,279,14031,1696,0.8922
2026-10-06,10759518799,2,5774.5,6387,5162,9511188,146177,93879,1442,10739,918,0.9212
2026-10-06,10762757054,2,5753.0,6066,5440,17401820,122488,60705,350,20987,5567,0.7904
2026-10-06,2471084,2,5710.0,6204,5216,1332001426,71860,4647860,81,2034165,285419,0.877
2026-10-06,10759638075,2,5704.5,6206,5203,4733391,38393,148663,275,71358,1061,0.9853
2026-10-06,10634461028,2,5670.0,8713,2627,73945345,121548,92302,212,45410,5684,0.8888
2026-10-06,8307114974,2,5667.0,6696,4638,399410450,165109,255192,81,100824,16508,0.8593
2026-10-06,10765067592,2,5651.0,6476,4826,1757585,43279,29155,573,4367,504,0.8965
2026-10-06,5720553711,2,5615.0,6092,5138,766522993,86377,3174339,653,242280,22573,0.9148
2026-10-06,10532995815,2,5612.5,5927,5298,7720347,44960,197288,763,61928,1473,0.9768
2026-10-06,10764297006,2,5554.5,5981,5128,38633704,345566,26264,301,15750,3596,0.8141
2026-10-06,6635513269,2,5454.0,5971,4937,12462078,150178,92457,929,136757,3569,0.9746
2026-10-06,10753751277,2,5449.5,5537,5362,17624463,84400,1645209,5564,46808,2170,0.9557
2026-10-06,9490116046,2,5439.0,6018,4860,146293323,93336,6532482,3294,10324,5509,0.6521
2026-10-06,4342047058,2,5438.5,6216,4661,606140514,60077,1325942,73,524174,32692,0.9413
2026-10-06,10601155553,2,5409.0,6028,4790,31316241,172568,183448,732,122148,5492,0.957
2026-10-06,1016936714,2,5405.5,6676,4135,2266291552,120692,1970192,42,1450856,181924,0.8886
2026-10-06,6682487255,2,5361.5,5552,5171,521359387,71261,232416,13,426207,10890,0.9751
2026-10-06,9908641400,2,5350.5,7029,3672,75830924,115838,58528,47,35980,7750,0.8228
2026-10-06,10561166339,2,5326.0,5572,5080,2606633,60502,114073,2057,5314,298,0.9469
2026-10-06,10526463655,2,5290.0,5563,5017,13819318,116485,29452,186,6332,2325,0.7314
2026-10-06,10764533320,2,5264.5,5274,5255,26717457,117150,80927,307,66305,7916,0.8933
2026-10-06,5166944221,2,5241.0,5455,5027,1635283163,60991,1770411,73,2980798,121549,0.9608
2026-10-06,8401518398,2,5194.0,5562,4826,120001729,85976,107421,115,21040,8293,0.7173
2026-10-06,6760085372,2,5176.5,5305,5048,126941443,36174,211753,60,222928,10992,0.953
2026-10-06,547524060,2,5171.0,5292,5050,1468929614,87015,2287843,153,469744,42858,0.9164
2026-10-06,10717199977,2,5159.5,5564,4755,14794915,77963,356854,1693,7326,1383,0.8412
2026-10-06,8160348242,2,5149.0,5306,4992,211301546,138497,4756446,3740,144165,15328,0.9039
2026-10-06,10767240772,2,5148.0,5340,4956,1934660,50481,13712,448,9243,1256,0.8804
2026-10-06,2274830359,1,5118.0,5118,5118,3039769185,0,2072397,0,311437,104124,0.7494
2026-10-06,7178032757,2,5115.0,5271,4959,245626174,31124,152550,5,232200,5911,0.9752
2026-10-06,10739112966,2,5082.0,5855,4309,2276859,112322,18519,561,1929,575,0.7704
2026-10-06,6749060816,2,5062.0,5268,4856,292959328,65229,1916008,249,303002,60635,0.8333
2026-10-06,9891331827,2,4967.0,5089,4845,1772825,60682,95531,2715,44308,1452,0.9683
2026-10-06,2682938349,1,4960.0,4960,4960,681864066,0,661227,0,252546,21261,0.9224
2026-10-06,9296252245,2,4958.0,5186,4730,246229826,118278,15129383,5336,246573,12260,0.9526
2026-10-06,5666473198,2,4953.5,5480,4427,443249708,104035,142789,42,106194,19043,0.8479
2026-10-06,3541611379,2,4934.0,5198,4670,416789521,64634,338035,28,333870,20151,0.9431
2026-10-06,9098570654,2,4843.5,4903,4784,269171276,42388,453678,115,193596,12096,0.9412
2026-10-06,10138624079,2,4808.0,5056,4560,127356689,80392,162768,112,111245,2957,0.9741
2026-10-06,7629331599,2,4799.0,4930,4668,267225734,33941,480944,90,335860,12492,0.9641
2026-10-06,10766240516,2,4755.5,5557,3954,993327,55311,84133,4494,1819,166,0.9164
2026-10-06,10768565603,2,4744.5,5740,3749,1034731,81754,4207,434,3829,1960,0.6614
2026-10-06,9480281767,2,4718.5,5341,4096,28900479,38708,138658,148,18779,4634,0.8021
2026-10-06,10199301628,2,4665.0,5050,4280,438441668,83475,2064203,258,775538,42778,0.9477
2026-10-06,10737986845,2,4630.0,4648,4612,3331033,71311,112302,1947,3602,375,0.9057
2026-10-06,10768176407,2,4588.0,5103,4073,689280,70004,5271,572,2042,271,0.8828
2026-10-06,9491545867,2,4580.5,4847,4314,128350749,78581,1269042,810,29574,6648,0.8165
2026-10-06,4568630521,2,4565.5,4894,4237,1746933499,77760,1622541,56,1132679,191830,0.8552
2026-10-06,10399125962,2,4554.5,5149,3960,124457743,97577,216677,157,36186,22748,0.614
2026-10-06,10765906597,2,4468.5,5028,3909,1844172,62831,7998,284,9196,412,0.9571
2026-10-06,2435789930,1,4434.0,4434,4434,2943497742,0,2337501,0,875853,106570,0.8915
2026-10-06,7089588429,2,4429.5,6944,1915,626065964,76777,3118102,322,192490,8795,0.9563
2026-10-06,10552240401,2,4391.5,4537,4246,5990207,23669,96912,20,23035,847,0.9645
2026-10-06,3945578236,2,4371.5,4554,4189,111270231,89443,105251,156,27885,12713,0.6869
2026-10-06,3085257211,1,4353.0,4353,4353,5136356765,0,3870378,0,1537683,303766,0.835
2026-10-06,3730079862,2,4331.5,4808,3855,60024553,49964,491188,169,162763,14199,0.9198
2026-10-06,8813969120,2,4312.5,4561,4064,45883587,72023,131200,186,95004,3335,0.9661
2026-10-06,4924789901,2,4296.5,4676,3917,119304937,39945,173730,34,37580,5402,0.8743
2026-10-06,10764706572,2,4292.5,5261,3324,3869567,113035,8127,198,4770,1424,0.7701
2026-10-06,7058980030,2,4286.0,4659,3913,633219274,84390,1058371,172,679286,34445,0.9517
2026-10-06,9872734936,2,4285.0,4538,4032,54158677,65000,120529,143,49377,6364,0.8858
2026-10-06,9145063979,2,4276.0,4782,3770,591243246,84630,613951,149,1126786,25604,0.9778
2026-10-06,10765902945,2,4230.5,4248,4213,602888,22357,1373,25,1757,62,0.9659
2026-10-06,4987856151,2,4220.5,4364,4077,127310709,51810,529957,220,375728,12280,0.9684
2026-10-06,10643795368,2,4182.5,4348,4017,11983740,34584,58730,82,26504,3509,0.8831
2026-10-06,8836568224,1,4140.0,4140,4140,129731068,0,120142,0,139892,3013,0.9789
2026-10-06,10767582899,2,4138.5,4872,3405,757253,29617,9052,343,3045,972,0.758
2026-10-06,10521797740,2,4125.0,4187,4063,56428855,61612,117460,127,67679,15549,0.8132
2026-10-06,850110028,2,4117.0,4721,3513,189175366,62310,705188,138,379668,36904,0.9114
2026-10-06,10254680421,2,4108.5,4666,3551,90582714,111332,2410647,2967,27600,6695,0.8048
2026-10-06,10767824942,2,4097.5,4271,3924,691953,41717,72678,3927,1822,113,0.9416
2026-10-06,10752833252,2,4057.5,4786,3329,6106066,104672,42011,724,2656,444,0.8568
2026-10-06,10759337137,2,4040.0,4334,3746,36589598,47428,368193,384,179371,5232,0.9717
2026-10-06,10338952197,1,4036.0,4036,4036,116248196,0,7256173,0,382271,8482,0.9783
2026-10-06,10648640958,1,4036.0,4036,4036,41290289,0,481232,0,36358,3790,0.9056
2026-10-06,6324644175,1,4035.0,4035,4035,67631157,0,361090,0,152773,20214,0.8831
2026-10-06,10766812776,2,4023.5,4182,3865,956188,91430,5835,339,1977,78,0.962
2026-10-06,10766364164,2,4005.0,4308,3702,7048175,99615,23118,357,4730,1560,0.752
2026-10-06,1451439645,2,4001.0,4107,3895,4062836621,39950,2772314,26,1696107,158075,0.9147
2026-10-06,10766395909,2,3994.5,4396,3593,2335413,55442,26112,643,9305,622,0.9373
2026-10-06,4931927012,2,3980.0,4815,3145,768556096,56149,696148,66,666398,105633,0.8632
2026-10-06,10189903609,2,3970.5,4102,3839,87945469,75828,144186,85,88158,8303,0.9139
2026-10-06,10403820097,2,3968.5,4464,3473,40157476,110456,1470281,3086,14742,5073,0.744
2026-10-06,10743048214,2,3931.5,4191,3672,943924,41228,20441,850,7240,300,0.9602
2026-10-06,10415694629,2,3907.0,4694,3120,24968333,61808,121391,509,21248,2761,0.885
2026-10-06,10714746778,2,3894.5,4177,3612,16965422,99501,705088,2794,119135,3959,0.9678
2026-10-06,9830725726,2,3886.0,5324,2448,63735662,50980,71131,85,13932,4417,0.7593
2026-10-06,8965717730,1,3882.0,3882,3882,18705550,0,792625,0,4402,1257,0.7779
2026-10-06,8520148363,2,3872.5,4029,3716,265742663,61698,3335346,483,678493,79633,0.895
2026-10-06,10765629147,2,3855.0,4242,3468,4391368,61411,5907,85,1193,167,0.8772
2026-10-06,10766390665,2,3854.5,4695,3014,2011802,70145,32153,1253,5094,1209,0.8082
2026-10-06,10766687030,2,3845.0,4120,3570,5347113,87414,17482,314,9301,2316,0.8006
2026-10-06,10430019389,2,3840.5,3884,3797,10550940,47308,277797,634,145614,2625,0.9823
2026-10-06,10759478428,2,3823.0,3965,3681,3581457,50151,136101,1959,34807,682,0.9808
2026-10-06,5026122481,2,3820.5,4207,3434,273971985,124490,896594,496,166765,17545,0.9048
2026-10-06,10144587520,1,3813.0,3813,3813,82839977,0,2120874,0,104649,2721,0.9747
2026-10-06,79301772,2,3797.5,4092,3503,504441819,31800,2001005,53,400675,99006,0.8019
2026-10-06,10677698797,2,3787.0,3935,3639,7122679,53261,60949,175,19293,1600,0.9234
2026-10-06,10764980068,2,3774.5,3844,3705,3176639,80342,15517,446,16569,485,0.9716
2026-10-06,9965411707,2,3770.0,4052,3488,48173730,25888,76948,7,73909,2918,0.962
2026-10-06,7883776681,2,3749.0,3784,3714,572975038,62481,4740512,304,1206078,64446,0.9493
2026-10-06,9592387369,2,3734.0,4228,3240,63577064,77464,196815,184,83934,19693,0.81
2026-10-06,10696894951,2,3723.0,4010,3436,19980342,101330,31392,178,9775,1928,0.8353
2026-10-06,10698216738,2,3721.0,4062,3380,30162305,47192,112295,161,142498,3451,0.9764
2026-10-06,10690942083,2,3704.5,3779,3630,10684251,62568,13055,80,3324,827,0.8008
2026-10-06,7274244096,2,3695.0,3929,3461,156957891,52564,939929,53,91454,8406,0.9158
2026-10-06,10123059921,2,3688.0,4170,3206,197858944,131589,566071,429,184325,9931,0.9489
2026-10-06,10767628417,2,3686.0,3740,3632,468510,42762,10809,1075,2826,235,0.9232
2026-10-06,10764640833,2,3674.5,3775,3574,19925381,108170,59167,320,12525,3064,0.8035
2026-10-06,10158471028,1,3670.0,3670,3670,7075019,0,287678,0,159821,1817,0.9888
2026-10-06,8600977079,1,3668.0,3668,3668,90314480,0,88802,0,18091,5352,0.7717
2026-10-06,5039839070,2,3665.0,7330,0,354921444,33875,520936,277,304633,40909,0.8816
2026-10-06,7823137182,1,3633.0,3633,3633,397714314,0,560362,0,131521,22175,0.8557
2026-10-06,10371406677,2,3611.0,4066,3156,18044238,57013,73913,178,50084,1003,0.9804
2026-10-06,4170977322,2,3601.0,4060,3142,317447657,56734,15927078,3521,358925,30996,0.9205
2026-10-06,10764839604,2,3561.5,4028,3095,5808059,50766,33508,222,25620,605,0.9769
2026-10-06,10765950109,2,3559.5,3682,3437,3214990,48384,24485,302,6741,940,0.8776
2026-10-06,9957338123,2,3554.5,3629,3480,56552349,91764,71106,110,7011,2339,0.7498
2026-10-06,10308844888,2,3553.5,4025,3082,1826366,87195,2792,142,320,76,0.8081
2026-10-06,1230230722,2,3547.5,3600,3495,2835475982,49295,3429236,102,945031,94016,0.9095
2026-10-06,4925331346,2,3541.0,3830,3252,329177753,39099,516706,87,236149,9685,0.9606
2026-10-06,9296042754,2,3529.5,3543,3516,87750715,58895,416657,346,188557,4387,0.9773
2026-10-06,4523856444,2,3518.5,3648,3389,1365007210,64056,1739432,86,1634232,180258,0.9007
2026-10-06,10717002748,2,3514.5,3986,3043,9777364,40936,383842,1355,92923,3628,0.9624
2026-10-06,6010232141,2,3507.0,3679,3335,384753535,66387,358919,82,100060,30530,0.7662
2026-10-06,4850044287,2,3476.5,3575,3378,722145285,56757,1463947,133,188625,32304,0.8538
2026-10-06,8539298853,2,3476.5,3647,3306,1300768094,61966,1830422,136,383319,43179,0.8988
2026-10-06,10764479526,1,3474.0,3474,3474,36059086,0,379408,0,290139,5806,0.9804
2026-10-06,9826885587,2,3468.5,3512,3425,153552844,30047,361691,66,306605,8844,0.972
2026-10-06,10090256806,2,3463.5,3547,3380,54962081,76177,684584,551,195060,19094,0.9108
2026-10-06,7497471789,2,3454.5,3527,3382,94762965,53571,307443,117,150198,5133,0.967
2026-10-06,5265857965,2,3445.5,3710,3181,509253596,59964,5776007,911,476498,72673,0.8677
2026-10-06,10748543623,2,3441.5,3578,3305,1389908,38148,44351,730,35838,571,0.9843
2026-10-06,10289201563,2,3439.0,3539,3339,84498729,73696,183282,182,17760,4887,0.7842
2026-10-06,9741874508,2,3432.0,3638,3226,112350039,54280,5809951,2064,81542,6020,0.9312
2026-10-06,10758397570,2,3431.0,3542,3320,13841666,58556,28861,104,13983,353,0.9754
2026-10-06,10039889230,2,3409.5,3542,3277,5888144,26661,39442,191,24790,1077,0.9584
2026-10-06,9348272796,2,3403.0,3683,3123,747740834,63424,689243,64,442118,21192,0.9543
2026-10-06,47545,1,3403.0,3403,3403,5610144688,0,13607823,0,3466714,264607,0.9291
2026-10-06,2822776643,1,3397.0,3397,3397,144209459,0,240018,0,157346,15005,0.9129
2026-10-06,5254920366,2,3396.5,3936,2857,1155100573,80089,1042256,123,295144,51034,0.8526
2026-10-06,9520692022,2,3385.5,3444,3327,7690642,101905,611213,4257,2659,4268,0.3839
2026-10-06,10370802481,2,3383.5,3864,2903,112317206,54406,336863,304,25147,9226,0.7316
2026-10-06,10566677406,2,3370.0,3455,3285,6149665,24005,138508,255,22371,2641,0.8944
2026-10-06,6505338302,2,3368.0,4246,2490,133823925,47826,98339,77,70363,10828,0.8666
2026-10-06,4743794878,2,3353.0,4379,2327,112202707,57063,36647,5,26154,4839,0.8439
2026-10-06,10742937135,2,3345.5,3598,3093,5316682,65153,65550,495,9549,2243,0.8098
2026-10-06,9582986239,2,3339.5,3473,3206,16737806,26341,72382,49,37813,1984,0.9501
2026-10-06,9472441390,2,3338.5,3614,3063,293739949,82655,282468,147,215269,9180,0.9591
2026-10-06,8524572339,2,3327.0,3530,3124,96028648,33964,138923,35,81596,22404,0.7846
2026-10-06,9885372266,2,3325.0,3606,3044,87882106,51028,2512346,327,149908,10165,0.9365
2026-10-06,21164849,1,3325.0,3325,3325,804617246,0,2023329,0,877352,63422,0.9326
2026-10-06,10766142497,2,3317.0,3639,2995,1233038,59546,11424,588,1418,239,0.8558
2026-10-06,3405618667,2,3295.5,3405,3186,1535281438,50039,3295245,170,1593237,137779,0.9204
2026-10-06,31970568,2,3294.0,3500,3088,1621565772,29525,6098916,49,2083496,256874,0.8902
2026-10-06,2765784373,1,3286.0,3286,3286,91210612,0,536126,0,211979,13869,0.9386
2026-10-06,1511883870,1,3275.0,3275,3275,2730757667,0,3078180,0,2243659,145917,0.9389
2026-10-06,10628526114,2,3272.0,3804,2740,5725788,38527,20395,73,17245,382,0.9783
2026-10-06,6061766680,2,3257.5,3707,2808,569984293,81671,605306,82,313853,81465,0.7939
2026-10-06,6170143659,2,3254.0,3338,3170,874093854,81330,1239707,107,351559,16118,0.9562
2026-10-06,10765032875,2,3249.5,3503,2996,7799430,63411,11820,95,1389,280,0.8322
2026-10-06,7264587281,2,3233.0,3272,3194,407072303,98301,1996371,152,127434,38776,0.7667
2026-10-06,10759430423,2,3224.5,3630,2819,3971364,24758,112995,281,9617,367,0.9632
2026-10-06,9551044479,2,3224.0,3565,2883,54238004,55242,262548,303,184981,5310,0.9721
2026-10-06,7703614594,1,3216.0,3216,3216,809678080,0,483332,0,1428112,25848,0.9822
2026-10-06,7434179990,2,3202.5,3295,3110,256211077,49068,8953292,1655,390019,13310,0.967
2026-10-06,10598688389,2,3183.0,3561,2805,7475704,56243,31481,133,12103,4508,0.7286
2026-10-06,6385532960,2,3181.0,3305,3057,27027878,15547,99894,12,49933,3022,0.9429
2026-10-06,7822444776,2,3173.5,3267,3080,764980677,54985,496427,70,204483,34883,0.8543
2026-10-06,9780429221,2,3169.5,3197,3142,81207111,73948,1272358,1118,55335,11932,0.8226
2026-10-06,358276974,1,3161.0,3161,3161,196224327,0,1013490,0,261986,42964,0.8591
2026-10-06,10520829450,2,3156.0,3457,2855,38877417,78950,66209,125,34250,2198,0.9397
2026-10-06,10762798338,2,3153.5,4252,2055,5826382,65745,19185,187,4287,418,0.9112
2026-10-06,6417564879,2,3143.5,3951,2336,435030555,118324,419074,124,135841,25195,0.8435
2026-10-06,1054526971,2,3137.0,3217,3057,631184689,45211,1715843,60,618155,67734,0.9012
2026-10-06,5351168809,2,3134.5,3159,3110,99141803,47828,99835,85,8793,2499,0.7787
2026-10-06,10226261982,2,3124.5,3132,3117,9744259,33603,356389,934,123828,1234,0.9901
2026-10-06,10376944238,2,3118.5,3159,3078,59607358,64229,324517,279,538916,10964,0.9801
2026-10-06,9506013695,2,3118.0,3589,2647,123386570,74931,431013,269,74275,10842,0.8726
2026-10-06,9362896961,1,3113.0,3113,3113,158136823,0,222576,0,598010,9231,0.9848
2026-10-06,10231502419,2,3109.0,3329,2889,6777976,45906,52600,277,19695,738,0.9639
2026-10-06,10031505426,2,3086.5,3343,2830,45801128,43128,1783070,1569,206075,5883,0.9722
2026-10-06,4689722433,2,3074.5,3127,3022,625694563,56292,769620,130,238003,23371,0.9106
2026-10-06,6726637224,2,3047.5,3213,2882,174838546,39899,1643722,47,168316,25125,0.8701
2026-10-06,1281592938,2,3042.5,3067,3018,314201770,45105,2595875,531,470983,39625,0.9224
2026-10-06,7623259179,2,3041.5,3274,2809,87261824,29519,294814,61,124001,8210,0.9379
2026-10-06,9803970239,2,3039.5,3336,2743,59170085,48597,60147,27,23514,9760,0.7067
2026-10-06,10765751583,2,3033.5,4596,1471,3306347,63318,14224,187,4570,786,0.8532
2026-10-06,7155018773,2,3027.0,3345,2709,177304560,60909,3918832,17,24389,5449,0.8174
2026-10-06,9584946743,2,3025.0,3241,2809,38753139,31436,289093,75,125581,2371,0.9815
2026-10-06,10764794065,2,3020.5,3042,2999,2760018,66441,125013,3543,3146,2336,0.5739
2026-10-06,10577588270,2,2992.5,3202,2783,41393747,30835,636705,49,150057,3620,0.9764
2026-10-06,6818915584,1,2978.0,2978,2978,499793519,0,44711743,0,37641,10265,0.7857
2026-10-06,10458789587,2,2976.0,3023,2929,17244442,34846,61145,284,30215,4804,0.8628
2026-10-06,5367389312,2,2972.0,2981,2963,404001844,69551,2078682,397,168814,14537,0.9207
2026-10-06,9877481048,2,2971.5,3312,2631,26487494,58336,65317,98,25924,3185,0.8906
2026-10-06,5239362765,2,2958.5,3160,2757,398125970,59369,503890,105,170428,69971,0.7089
2026-10-06,111958650,2,2957.0,3048,2866,6311741229,72057,11519906,20,5125516,665498,0.8851
2026-10-06,1359573625,2,2945.0,2988,2902,1642094419,53196,1041404,13,412914,65621,0.8629
2026-10-06,6353751159,2,2944.0,3205,2683,136237850,41597,228040,115,106177,5411,0.9515
2026-10-06,9807649116,2,2943.5,3453,2434,192097679,86877,372321,200,249646,10227,0.9606
2026-10-06,2157872230,1,2939.0,2939,2939,1295721711,0,2179337,0,633680,171623,0.7869
2026-10-06,3359505957,2,2931.5,2973,2890,210389318,5686,329042,5,126480,9919,0.9273
2026-10-06,10767922762,2,2925.0,3123,2727,616911,39330,23960,1957,2731,292,0.9034
2026-10-06,10756780270,2,2919.0,3417,2421,4324452,57628,7509,74,735,198,0.7878
2026-10-06,10765091041,2,2918.5,3068,2769,11093928,46025,55511,167,64607,1676,0.9747
2026-10-06,4669328522,1,2916.0,2916,2916,399644566,0,222181,0,44654,14048,0.7607
2026-10-06,6466404775,2,2910.0,3020,2800,78596227,25200,141923,44,252653,12010,0.9546
2026-10-06,10576739951,2,2910.0,3691,2129,37267421,72569,343652,5939,23230,4264,0.8449
2026-10-06,10766502612,2,2905.0,3081,2729,880076,44894,14084,707,1483,607,0.7096
2026-10-06,10765764482,2,2902.5,3375,2430,11470066,62309,71373,374,10354,2069,0.8335
2026-10-06,3754482795,2,2894.0,3127,2661,1299861685,57424,4619424,212,354073,44281,0.8888
2026-10-06,1648496580,2,2879.5,2999,2760,239144239,44725,278579,79,73367,16968,0.8122
2026-10-06,10741792653,2,2874.0,2942,2806,11303504,55650,98380,435,27744,906,0.9684
2026-10-06,10131390815,2,2859.0,3179,2539,91286117,17488,145675,20,191753,4675,0.9762
2026-10-06,9940812243,2,2856.0,2961,2751,15508496,16126,167201,67,29890,939,0.9695
2026-10-06,10310999762,1,2849.0,2849,2849,30653860,0,46183,0,41373,1599,0.9628
2026-10-06,5451143054,2,2846.5,2916,2777,255697395,41450,3592807,483,262017,55331,0.8256
2026-10-06,1531130248,2,2841.0,2909,2773,531667268,50089,859238,21,363777,43664,0.8928
2026-10-06,3187874989,2,2830.5,3297,2364,188767431,41804,251992,41,85972,14505,0.8556
2026-10-06,10060242820,1,2810.0,2810,2810,95405304,0,80616,0,23746,8298,0.741
2026-10-06,10765748731,2,2801.0,2819,2783,557921,52172,6533,543,1564,423,0.7871
2026-10-06,7474367816,2,2801.0,2886,2716,1118070008,40812,1434045,89,1300829,36641,0.9726
2026-10-06,10766135603,2,2798.5,2925,2672,3882165,34227,278582,1476,9445,390,0.9603
2026-10-06,1489026993,2,2790.5,2829,2752,2692490155,42346,4370293,53,1025803,110787,0.9025
2026-10-06,2754593977,1,2786.0,2786,2786,755297423,0,1000370,0,210676,34085,0.8607
2026-10-06,10481791182,2,2774.0,3068,2480,30634241,97502,553115,1348,12293,2567,0.8273
2026-10-06,2369077151,1,2758.0,2758,2758,429511463,0,11358684,0,456210,18438,0.9612
2026-10-06,10589881655,2,2752.5,2850,2655,2044490,52073,6654,200,4178,269,0.9395
2026-10-06,3204175584,2,2745.5,2778,2713,1210480475,44170,1049874,77,225479,36748,0.8599
2026-10-06,10310563053,2,2744.0,2977,2511,49679920,69956,77202,105,74822,17959,0.8064
2026-10-06,8342498724,2,2725.5,2793,2658,54969205,16902,109360,10,80250,3193,0.9617
2026-10-06,1008451066,2,2725.0,2746,2704,2954313907,46222,3006956,0,1297459,542676,0.7051
2026-10-06,1776914212,2,2724.5,2877,2572,3007906426,72938,2994543,100,642641,218750,0.7461
2026-10-06,4518160318,2,2719.5,3108,2331,658007677,30196,1205267,106,722061,21984,0.9705
2026-10-06,9141743926,2,2718.5,2774,2663,459171421,41717,603008,9,536159,11915,0.9783
2026-10-06,8752324161,2,2717.0,2831,2603,235707522,50816,134737,66,22159,10456,0.6794
2026-10-06,9363735110,2,2712.0,2898,2526,5728349924,51856,2065243,33,1941811,393814,0.8314
2026-10-06,10439568447,1,2707.0,2707,2707,23030467,0,248560,0,49727,2897,0.9449
2026-10-06,4793836769,2,2699.0,2732,2666,316336455,27150,6645247,254,986941,25122,0.9752
2026-10-06,10424107160,2,2690.5,2715,2666,3928741,51360,37749,369,7390,443,0.9434
2026-10-06,4053293514,2,2687.0,2895,2479,333615267,54616,888232,169,237959,14204,0.9437
2026-10-06,10757704931,2,2682.0,3227,2137,1087507,29959,49637,1009,11099,279,0.9755
2026-10-06,1946714362,2,2678.0,2818,2538,62567286,27953,164675,32,44625,9968,0.8174
2026-10-06,605887098,2,2669.0,2690,2648,2531860302,36858,3726767,55,1529884,116656,0.9292
2026-10-06,3164075108,1,2666.0,2666,2666,289301093,0,749305,0,499105,28201,0.9465
2026-10-06,10329489265,2,2662.5,3139,2186,36359598,52287,2666072,3098,4717,918,0.8371
2026-10-06,6174994284,1,2655.0,2655,2655,209814214,0,352383,0,299364,19682,0.9383
2026-10-06,3110388936,1,2650.0,2650,2650,92664528,0,310176,0,180175,19275,0.9034
2026-10-06,10268960646,1,2650.0,2650,2650,30962424,0,866560,0,57833,3568,0.9419
2026-10-06,5508238359,2,2643.0,2851,2435,118121550,40820,1998452,405,65948,20694,0.7612
2026-10-06,7960300951,2,2640.0,3328,1952,201504021,34644,7783742,1277,375434,17295,0.956
2026-10-06,10031562156,2,2631.0,2916,2346,41784527,30053,439551,330,27649,3810,0.8789
2026-10-06,10431718987,2,2629.0,2823,2435,43274837,35511,108173,81,129336,4150,0.9689
2026-10-06,5580972377,2,2619.5,2986,2253,148609601,44271,618101,203,694948,25177,0.965
2026-10-06,10255788071,2,2613.5,3101,2126,14027065,71702,40046,124,18822,2578,0.8795
2026-10-06,10628223804,2,2612.0,2918,2306,11783949,30216,6106,1,15247,889,0.9449
2026-10-06,6128091457,2,2605.0,2626,2584,398994394,67727,44170940,5848,157104,11459,0.932
2026-10-06,113491250,2,2601.5,2629,2574,1801558718,35958,5987161,44,2464195,251303,0.9075
2026-10-06,7685678300,2,2594.5,3813,1376,285869484,30506,762997,88,334560,20511,0.9422
2026-10-06,10612017628,2,2592.0,2598,2586,10953283,33759,502541,1091,25059,981,0.9623
2026-10-06,10246108265,2,2583.0,2784,2382,21912130,27462,161103,177,92908,3211,0.9666
2026-10-06,7359962123,2,2578.0,2734,2422,58019578,20580,274774,74,88500,5253,0.944
2026-10-06,10739044772,2,2560.0,3205,1915,7725513,36485,181717,511,52059,806,0.9848
2026-10-06,10410945205,2,2552.0,2753,2351,75373130,23615,129152,46,115940,3630,0.9696
2026-10-06,104598338,1,2549.0,2549,2549,418123279,0,535670,0,65474,24834,0.725
2026-10-06,10765563835,2,2545.0,2765,2325,3522895,59583,16568,348,7430,1864,0.7994
2026-10-06,6369934270,2,2542.0,2566,2518,807234044,49479,9676518,60,374029,59370,0.863
2026-10-06,7127084123,2,2536.5,2676,2397,161043578,31370,344238,62,156981,15303,0.9112
2026-10-06,2023680558,2,2533.5,2594,2473,1583685799,30379,1824695,32,402234,78911,0.836
2026-10-06,911750776,2,2532.0,2751,2313,1526910735,51461,4481711,109,1404599,185947,0.8831
2026-10-06,10244001346,2,2531.5,2557,2506,121779733,60844,129619,99,34229,3018,0.919
2026-10-06,10766773917,2,2518.5,3098,1939,2521643,35203,9733,127,2786,761,0.7855
2026-10-06,10765951887,2,2501.0,2798,2204,582481,29292,18436,807,6311,681,0.9026
2026-10-06,9912025777,1,2501.0,2501,2501,219337071,0,476258,0,179889,12999,0.9326
2026-10-06,10057343903,2,2496.5,2786,2207,111540018,44167,4316172,2775,216470,11868,0.948
2026-10-06,3419284255,2,2487.5,2494,2481,420143519,27362,866206,37,456549,45938,0.9086
2026-10-06,10096155511,2,2486.5,2606,2367,67647004,37993,159917,91,49806,5854,0.8948
2026-10-06,5677613211,1,2486.0,2486,2486,630601664,0,28259779,0,1103157,61396,0.9473
2026-10-06,9788139379,2,2485.5,2494,2477,72970508,35893,178612,66,119131,15020,0.888
2026-10-06,6583326485,2,2477.0,2546,2408,139985098,40759,223127,114,92345,22864,0.8015
2026-10-06,7344582593,1,2477.0,2477,2477,338811356,0,658567,0,377716,55250,0.8724
2026-10-06,7917550094,2,2464.5,2752,2177,186116151,56899,160344,30,33864,5647,0.8571
2026-10-06,10455462279,2,2455.0,2501,2409,61942044,42217,2295021,716,24294,7661,0.7603
2026-10-06,10631775021,2,2449.0,2659,2239,3529971,22735,54376,1028,3856,340,0.919
2026-10-06,10152905521,2,2439.0,2612,2266,87362719,31514,100887,48,68295,1976,0.9719
2026-10-06,9910245722,2,2433.5,2665,2202,323261682,61587,1487337,848,507271,9660,0.9813
2026-10-06,10415845204,2,2433.0,2548,2318,11367271,17950,790987,464,68878,1377,0.9804
2026-10-06,10393438342,2,2429.0,2739,2119,19370252,41834,16581,16,16017,1312,0.9243
2026-10-06,9399884981,1,2428.0,2428,2428,204834846,0,1055525,0,67555,4445,0.9383
2026-10-06,10455741150,2,2427.0,2487,2367,16845671,31980,33943,53,13931,4622,0.7509
2026-10-06,10482775464,1,2427.0,2427,2427,34310824,0,278113,0,119265,5360,0.957
2026-10-06,3448264866,2,2420.0,2689,2151,70461983,13073,356767,65,131578,6976,0.9497
2026-10-06,2583564222,1,2416.0,2416,2416,1120220303,0,4157936,0,362707,85726,0.8088
2026-10-06,7450497506,1,2416.0,2416,2416,227032066,0,1630340,0,216090,13331,0.9419
2026-10-06,5795519964,1,2411.0,2411,2411,160927467,0,68773,0,12334,5568,0.689
2026-10-06,10195997258,2,2401.5,2661,2142,51532844,20787,124576,35,77562,3913,0.952
2026-10-06,3317679266,2,2396.5,2508,2285,5244171484,67865,4438562,68,3697249,279114,0.9298
2026-10-06,1954152886,2,2391.5,2568,2215,169596263,31290,251368,66,64067,9109,0.8755
2026-10-06,10059548251,1,2390.0,2390,2390,57892194,0,126686,0,136607,10360,0.9295
2026-10-06,10232686472,2,2384.0,2672,2096,74024417,50306,357928,341,62255,6158,0.91
2026-10-06,5091490171,2,2383.5,2709,2058,92675162,54894,315122,114,107621,11824,0.901
2026-10-06,7882785167,2,2383.0,2815,1951,11485541,33547,78061,140,30606,3021,0.9102
2026-10-06,8791358380,2,2381.0,2556,2206,465231698,48237,14057324,2143,296882,15841,0.9493
2026-10-06,1072353049,1,2381.0,2381,2381,607377020,0,1327554,0,417158,37116,0.9183
2026-10-06,4778845442,2,2379.5,2415,2344,6191272042,32647,1540982,13,1346644,227208,0.8556
2026-10-06,10586746293,1,2378.0,2378,2378,13400420,0,61104,0,33181,1973,0.9439
2026-10-06,2626227051,1,2372.0,2372,2372,1108257904,0,1070499,0,500242,80600,0.8612
2026-10-06,10765167636,2,2370.0,2377,2363,6855286,30634,33977,115,9850,1127,0.8973
2026-10-06,10378885079,1,2365.0,2365,2365,81457522,0,43215,0,15743,5087,0.7558
2026-10-06,10013279162,2,2364.0,2669,2059,62341334,68433,103165,127,7647,13781,0.3569
2026-10-06,9272395657,1,2360.0,2360,2360,8259182,0,11337,0,5389,2511,0.6822
2026-10-06,10534873486,2,2357.0,2614,2100,10554899,30561,341436,54,7196,687,0.9129
2026-10-06,2305929206,1,2333.0,2333,2333,258275695,0,1681496,0,176214,11816,0.9372
2026-10-06,10572887321,2,2323.5,2405,2242,9826171,42470,492889,1266,57984,3132,0.9488
2026-10-06,892043755,2,2322.5,2429,2216,1252014504,8979,3320278,0,1055505,136802,0.8853
2026-10-06,9735583968,2,2322.0,2489,2155,155137574,62464,425476,123,120739,10140,0.9225
2026-10-06,10635348596,2,2314.0,2537,2091,24409309,43831,135620,203,17686,2242,0.8875
2026-10-06,3457700596,1,2308.0,2308,2308,1072719383,0,1008818,0,1137153,129879,0.8975
2026-10-06,2862098693,1,2303.0,2303,2303,158623644,0,457976,0,95135,27630,0.7749
2026-10-06,10209534490,1,2297.0,2297,2297,124204117,0,398832,0,1144227,12018,0.9896
2026-10-06,10577682617,2,2295.5,2672,1919,36617771,41459,86695,90,39507,4006,0.9079
2026-10-06,10649255304,2,2289.0,2432,2146,46442855,40610,2719784,1865,17695,2474,0.8773
2026-10-06,4944984948,2,2288.0,2368,2208,305943891,56720,180849,78,8756,4073,0.6825
2026-10-06,10298144467,2,2286.0,2405,2167,40335302,16487,42594,5,95391,3056,0.969
2026-10-06,10766440903,2,2275.0,2412,2138,671536,31824,3299,165,455,262,0.6346
2026-10-06,7673659635,2,2271.0,2670,1872,142112173,22472,337176,42,174300,30078,0.8528
2026-10-06,5829613337,2,2265.0,2331,2199,372084460,47023,892108,53,360452,28702,0.9262
2026-10-06,10286150288,2,2254.5,3062,1447,55990031,36217,59634,57,16343,5678,0.7422
2026-10-06,2589957623,1,2254.0,2254,2254,638199845,0,9002001,0,123112,19086,0.8658
2026-10-06,9298096434,1,2254.0,2254,2254,13569007,0,154476,0,54135,5339,0.9102
2026-10-06,10765279487,2,2251.5,2471,2032,7603747,42432,68062,263,5399,1147,0.8248
2026-10-06,4592676978,1,2238.0,2238,2238,33280407,0,96647,0,21294,19534,0.5216
2026-10-06,2404080894,1,2233.0,2233,2233,2019599109,0,4117513,0,1975308,215087,0.9018
2026-10-06,2360092394,1,2210.0,2210,2210,345152122,0,9051835,0,147351,15774,0.9033
2026-10-06,4686994428,2,2207.5,2232,2183,204666393,35152,6641663,1007,44166,6238,0.8762
2026-10-06,16680835,2,2204.5,2312,2097,551156033,52992,2792390,256,599824,48327,0.9254
2026-10-06,2729513759,1,2203.0,2203,2203,1716782792,0,2317228,0,493982,77407,0.8645
2026-10-06,10404519332,2,2201.0,2557,1845,23848669,27768,95657,91,30480,6292,0.8289
2026-10-06,10648820673,2,2199.0,2846,1552,72418308,24245,1731729,483,140561,3568,0.9752
2026-10-06,10501944811,2,2198.5,2365,2032,7226808,20477,22088,52,72381,827,0.9887
2026-10-06,9073513091,1,2197.0,2197,2197,145419986,0,180361,0,164945,8088,0.9533
2026-10-06,9501701013,1,2189.0,2189,2189,103974635,0,153315,0,29600,11511,0.72
2026-10-06,10124421343,2,2186.0,2384,1988,23594569,48172,43795,127,45512,1135,0.9757
2026-10-06,10475794799,2,2185.0,2472,1898,123846735,34153,1736194,222,244844,8871,0.965
2026-10-06,1998835206,1,2184.0,2184,2184,594362321,0,1178356,0,514376,77585,0.8689
2026-10-06,9481391333,2,2169.0,2305,2033,37549733,36134,758505,340,11510,3608,0.7613
2026-10-06,9656201728,2,2168.5,2249,2088,31272099,30869,109741,111,62008,3062,0.9529
2026-10-06,1836146838,2,2166.0,2320,2012,505924661,27250,1366116,31,348584,65935,0.8409
2026-10-06,9513686983,1,2165.0,2165,2165,436933737,0,14432711,0,101321,36870,0.7332
2026-10-06,9711289915,1,2162.0,2162,2162,161610916,0,1532654,0,57837,8296,0.8746
2026-10-06,9496852407,1,2158.0,2158,2158,124592224,0,107215,0,61560,9404,0.8675
2026-10-06,5026970880,1,2157.0,2157,2157,392725716,0,6398292,0,319308,35832,0.8991
2026-10-06,10200395747,2,2154.5,2193,2116,1676447357,18924,663164,-14,719757,99509,0.8785
2026-10-06,8356066619,2,2148.0,2208,2088,89470491,8247,47412,10,88473,4523,0.9514
2026-10-06,4998493959,2,2145.0,2154,2136,262565983,52214,19662012,3330,6352,4380,0.5919
2026-10-06,7194739190,2,2145.0,2332,1958,552436972,71984,325007,80,28779,18588,0.6076
2026-10-06,10769066324,2,2142.0,2484,1800,2027506,116782,2738,83,978,122,0.8891
2026-10-06,7843413523,2,2140.0,2360,1920,150449009,24426,590040,153,167887,10680,0.9402
2026-10-06,2621511041,1,2129.0,2129,2129,76142788,0,280041,0,65121,26606,0.7099
2026-10-06,4772345874,1,2128.0,2128,2128,41389825,0,41002,0,8204,1235,0.8692
2026-10-06,1668992109,2,2127.5,2139,2116,814265901,28815,1045991,46,324105,66222,0.8303
2026-10-06,7934320560,2,2120.5,2137,2104,110356200,20683,136995,34,164467,8084,0.9532
2026-10-06,2979369058,1,2119.0,2119,2119,181824685,0,284924,0,93098,19859,0.8242
2026-10-06,10768462078,1,2116.0,2116,2116,1154632,0,5656,0,2413,60,0.9757
2026-10-06,10336278580,2,2107.5,2315,1900,44228842,23920,1178310,300,317124,3521,0.989
2026-10-06,10766399546,2,2106.0,2576,1636,5976344,59223,24118,207,26966,1317,0.9534
2026-10-06,2954818192,1,2100.0,2100,2100,447081613,0,8737087,0,70994,11681,0.8587
2026-10-06,9312646406,2,2099.0,2144,2054,203463837,48262,992237,190,174765,12340,0.934
2026-10-06,2527789729,1,2093.0,2093,2093,117748659,0,372651,0,98066,26708,0.7859
2026-10-06,2443177453,1,2089.0,2089,2089,698568414,0,1212288,0,449195,53447,0.8937
2026-10-06,3841172115,1,2084.0,2084,2084,159710492,0,718424,0,98647,11373,0.8966
2026-10-06,10324001605,2,2080.5,2262,1899,20238000,19620,486551,441,99449,2507,0.9754
2026-10-06,10394064134,2,2080.5,2123,2038,28718315,37948,2092673,2192,7746,3075,0.7158
2026-10-06,6164853651,1,2077.0,2077,2077,273424184,0,226780,0,45488,11409,0.7995
2026-10-06,1851087906,2,2076.5,2149,2004,120850594,26293,436915,81,126194,49976,0.7163
2026-10-06,7015341259,1,2076.0,2076,2076,44804878,0,31717,0,20103,3953,0.8357
2026-10-06,10753487407,2,2069.0,2144,1994,16709547,58277,82825,312,22643,1177,0.9506
2026-10-06,6568417585,2,2067.5,2124,2011,224845007,28738,1072451,166,174266,13006,0.9306
2026-10-06,10440833423,2,2065.5,2169,1962,101618712,22788,331143,49,717813,15459,0.9789
2026-10-06,9162763535,2,2065.0,2502,1628,77142854,76694,95933,125,25535,7306,0.7775
2026-10-06,9663968307,1,2063.0,2063,2063,166176418,0,2220686,0,166696,32187,0.8382
2026-10-06,9851352969,1,2060.0,2060,2060,37229323,0,877058,0,10469,1509,0.874
2026-10-06,5422546686,2,2058.5,2149,1968,369017270,22394,2251008,44,485910,21944,0.9568
2026-10-06,10759594563,2,2058.5,2095,2022,6293541,36312,14403,92,8491,2086,0.8028
2026-10-06,9449993534,2,2055.5,2203,1908,55060821,41890,76951,75,18293,8616,0.6798
2026-10-06,6336741296,1,2050.0,2050,2050,130236892,0,7316711,0,348947,13615,0.9624
2026-10-06,10127797448,2,2049.0,2053,2045,224642244,52799,6086420,1569,49314,8349,0.8552
2026-10-06,10524813259,2,2048.0,2191,1905,10266896,18559,44132,18,20490,2394,0.8954
2026-10-06,10764415267,2,2047.5,2083,2012,5792216,29917,14624,62,5146,612,0.8937
2026-10-06,3913007563,2,2047.5,2248,1847,143224713,21671,314922,23,183342,33388,0.8459
2026-10-06,972475338,2,2045.0,2204,1886,715578724,33076,1890617,77,502974,82007,0.8598
2026-10-06,9812090239,1,2030.0,2030,2030,46082823,0,1089438,0,63888,1324,0.9797
2026-10-06,1802741133,2,2028.0,2283,1773,438834871,25394,1125476,87,404042,30746,0.9293
2026-10-06,10604772590,1,2026.0,2026,2026,30776692,0,58744,0,40117,4461,0.8999
2026-10-06,2652888345,1,2021.0,2021,2021,265184112,0,127846,0,21463,5934,0.7834
2026-10-06,2821905072,1,2021.0,2021,2021,280663877,0,5797126,0,218729,8048,0.9645
2026-10-06,341654025,1,2018.0,2018,2018,3208498704,0,5421118,0,859640,257836,0.7693
2026-10-06,4181957649,2,2017.0,2137,1897,724497612,46278,1119154,56,411027,85797,0.8273
2026-10-06,10418117926,2,2014.5,2292,1737,24563216,14663,127943,68,48242,2587,0.9491
2026-10-06,6371309794,1,2012.0,2012,2012,759773285,0,486876,0,221157,64037,0.7755
2026-10-06,10757498504,2,2008.5,2056,1961,13156995,31071,37939,97,19524,638,0.9684
2026-10-06,10529067596,2,2007.5,2906,1109,20444034,31099,609256,907,20792,2595,0.889
2026-10-06,10552540426,2,2001.0,2245,1757,12588294,21550,386123,47,249057,4182,0.9835
2026-10-06,3079618996,1,1998.0,1998,1998,815396872,0,1157891,0,305267,41532,0.8802
2026-10-06,6019027471,1,1998.0,1998,1998,355099707,0,11309073,0,52436,7366,0.8768
2026-10-06,3756501373,1,1992.0,1992,1992,717921808,0,442782,0,417124,32943,0.9268
2026-10-06,6593476325,1,1987.0,1987,1987,172631070,0,309101,0,230140,23277,0.9081
2026-10-06,6136243726,2,1984.5,2025,1944,297028348,46582,185944,88,25476,13096,0.6605
2026-10-06,6619936488,2,1975.5,2066,1885,41509869,17197,122834,26,39427,6427,0.8598
2026-10-06,7720654467,2,1971.0,2193,1749,98280635,31325,261174,82,40302,4925,0.8911
2026-10-06,3124818385,1,1965.0,1965,1965,91806115,0,275344,0,70180,5970,0.9216
2026-10-06,6530766336,1,1961.0,1961,1961,92411763,0,46141,0,7255,2412,0.7505
2026-10-06,10047813675,1,1955.0,1955,1955,24527980,0,2750759,0,1381,598,0.6978
2026-10-06,110181652,2,1953.0,1976,1930,2357491494,31841,8609648,192,2271782,236106,0.9059
2026-10-06,7528417535,1,1953.0,1953,1953,61692472,0,1559895,0,25258,6066,0.8063
2026-10-06,8964956538,2,1952.0,2077,1827,69548916,44622,1224585,1134,202371,6477,0.969
2026-10-06,2788648141,1,1945.0,1945,1945,1011045173,0,2168758,0,1281445,120714,0.9139
2026-10-06,2220495353,1,1944.0,1944,1944,1167014153,0,1447950,0,315138,57877,0.8448
2026-10-06,7364297396,2,1942.5,2102,1783,465168668,46849,682449,81,107407,16577,0.8663
2026-10-06,7613921865,2,1939.5,3874,5,801518098,25112,211796,6,271543,12131,0.9572
2026-10-06,10504918958,2,1934.0,2023,1845,4174027,29312,152019,942,123007,2254,0.982
2026-10-06,10690360998,2,1931.5,1933,1930,101966014,29851,124396,31,93682,6393,0.9361
2026-10-06,274816972,1,1919.0,1919,1919,1370069660,0,7131005,0,1981016,138428,0.9347
2026-10-06,2233937689,1,1914.0,1914,1914,78045258,0,155805,0,57393,8782,0.8673
2026-10-06,10530261598,1,1911.0,1911,1911,157734517,0,458151,0,67258,12065,0.8479
2026-10-06,10112019404,1,1911.0,1911,1911,16676249,0,236839,0,22652,5864,0.7944
2026-10-06,5887211857,2,1909.5,1941,1878,305738296,30377,218124,42,40482,5657,0.8774
2026-10-06,10452740285,1,1908.0,1908,1908,21331631,0,108611,0,265569,3874,0.9856
2026-10-06,8925924444,1,1908.0,1908,1908,110451644,0,147812,0,147307,11170,0.9295
2026-10-06,10302179427,2,1905.5,2109,1702,2094028,39242,5415,95,444,329,0.5744
2026-10-06,10643877552,2,1901.5,2087,1716,606275,32212,2107,142,1450,115,0.9265
2026-10-06,8829204428,2,1899.0,2176,1622,9028241,21566,161766,358,125114,2700,0.9789
2026-10-06,2294168059,1,1897.0,1897,1897,1258876439,0,3399934,0,1130742,125399,0.9002
2026-10-06,10724269636,2,1896.0,2178,1614,13617690,25363,27408,39,22119,1220,0.9477
2026-10-06,5944821008,2,1889.0,2101,1677,61195343,39991,435712,1024,16688,6831,0.7096
2026-10-06,2549475383,1,1889.0,1889,1889,5502078319,0,57580940,0,1332687,150756,0.8984
2026-10-06,7628118889,1,1888.0,1888,1888,296920636,0,782893,0,126511,18495,0.8725
2026-10-06,10456511458,1,1883.0,1883,1883,15876121,0,31758,0,14085,1231,0.9196
2026-10-06,98929893,2,1881.5,1957,1806,989363673,21788,2120131,32,640257,67241,0.905
2026-10-06,1318971886,2,1879.5,1976,1783,3017250030,39310,4161143,68,1099608,121834,0.9003
2026-10-06,10153098880,2,1872.0,2033,1711,35870781,17489,252910,69,53690,2113,0.9621
2026-10-06,9906154135,1,1869.0,1869,1869,53816919,0,56668,0,17214,2318,0.8813
2026-10-06,10514223296,1,1865.0,1865,1865,23335323,0,128195,0,87073,4232,0.9536
2026-10-06,10485201326,2,1864.5,1990,1739,18319214,20799,546870,426,19909,980,0.9531
2026-10-06,1171251167,1,1859.0,1859,1859,291694218,0,6140931,0,20598,3213,0.8651
2026-10-06,3183403065,2,1858.0,1947,1769,2512921696,18451,1398147,3,723534,65232,0.9173
2026-10-06,6925303818,2,1853.5,1964,1743,74026810,23820,272058,63,930086,20865,0.9781
2026-10-06,4836254499,2,1852.0,1889,1815,36909392,22920,125388,59,48761,12565,0.7951
2026-10-06,1271059807,2,1846.0,2063,1629,76453078,27508,392827,174,89859,8642,0.9123
2026-10-06,6751447237,2,1845.0,2033,1657,156660152,31767,352591,92,262781,8998,0.9669
2026-10-06,2324662457,1,1844.0,1844,1844,1334126213,0,1566533,0,1151598,86916,0.9298
2026-10-06,10069043526,1,1833.0,1833,1833,42015228,0,953838,0,60214,5696,0.9136
2026-10-06,2251388500,1,1817.0,1817,1817,194134758,0,560233,0,216625,23148,0.9035
2026-10-06,10136067263,1,1817.0,1817,1817,52851986,0,2894067,0,254496,4716,0.9818
2026-10-06,5679753654,1,1811.0,1811,1811,69589830,0,1114753,0,27397,5760,0.8263
2026-10-06,5385674359,2,1805.0,1964,1646,526135136,46351,378294,83,271249,103317,0.7242
2026-10-06,5112244393,1,1801.0,1801,1801,403675381,0,2905015,0,201066,47574,0.8087
2026-10-06,10471583973,2,1799.0,2221,1377,32380014,18016,103353,67,44287,3814,0.9207
2026-10-06,10761375938,2,1795.5,2050,1541,8127056,16399,31136,41,57602,939,0.984
2026-10-06,9963622286,1,1795.0,1795,1795,118554826,0,2691551,0,53896,7167,0.8826
2026-10-06,6651302260,1,1795.0,1795,1795,431961767,0,3473443,0,251253,20550,0.9244
2026-10-06,6154386310,1,1792.0,1792,1792,48993694,0,218456,0,54894,15580,0.7789
2026-10-06,8006379851,1,1788.0,1788,1788,129035941,0,7019493,0,7149,3347,0.6811
2026-10-06,5844427042,1,1788.0,1788,1788,85498217,0,2221672,0,42976,9868,0.8133
2026-10-06,8080493298,2,1783.5,2005,1562,261292145,50464,308338,80,89503,15334,0.8537
2026-10-06,9382839773,1,1782.0,1782,1782,35772342,0,88749,0,286554,3328,0.9885
2026-10-06,6190071862,2,1781.5,1941,1622,69459541,18600,231329,24,83249,11548,0.8782
2026-10-06,10065013948,1,1781.0,1781,1781,75988032,0,119235,0,132560,8589,0.9391
2026-10-06,9758027784,1,1775.0,1775,1775,89612091,0,130277,0,59551,12604,0.8253
2026-10-06,7332711118,2,1769.0,1770,1768,1888237364,28189,2480962,17,1978132,65420,0.968
2026-10-06,6395392848,2,1768.5,1814,1723,22533414,38873,12068,13,6483,706,0.9018
2026-10-06,6688157118,1,1768.0,1768,1768,532983553,0,1707367,0,63679,30529,0.6759
2026-10-06,3734304510,2,1767.5,2104,1431,441124620,23102,462565,8,278080,50601,0.846
2026-10-06,4595016786,2,1767.0,1932,1602,614889537,27390,770491,67,103819,14557,0.877
2026-10-06,4991821731,1,1765.0,1765,1765,653716836,0,932677,0,101509,19536,0.8386
2026-10-06,1494262959,2,1760.0,1772,1748,366422184,21746,825792,24,370359,122107,0.752
2026-10-06,5272606478,1,1757.0,1757,1757,135521376,0,8891776,0,228495,18174,0.9263
2026-10-06,10466601694,2,1755.5,2078,1433,2216894,15048,18157,80,10579,1383,0.8844
2026-10-06,10767957681,2,1752.0,1958,1546,403625,17752,2760,108,1644,284,0.8527
2026-10-06,10184247393,1,1752.0,1752,1752,106661288,0,2920900,0,96895,3723,0.963
2026-10-06,97314177,1,1747.0,1747,1747,584273766,0,1261121,0,424846,49947,0.8948
2026-10-06,9759082891,1,1745.0,1745,1745,28751106,0,3637694,0,13776,1002,0.9322
2026-10-06,9549278601,2,1741.0,1927,1555,11223531,31747,848099,1647,1903,842,0.6933
2026-10-06,2872881913,1,1740.0,1740,1740,379417707,0,1133913,0,156329,24505,0.8645
2026-10-06,10067258922,1,1740.0,1740,1740,108203610,0,6838117,0,399607,4570,0.9887
2026-10-06,8316902627,2,1739.0,1805,1673,4712481037,34526,2001049,11,3026519,166560,0.9478
2026-10-06,3624423521,1,1738.0,1738,1738,934372427,0,627669,0,373123,53918,0.8737
2026-10-06,4434528807,1,1737.0,1737,1737,796087161,0,722675,0,251038,43993,0.8509
2026-10-06,140733710,1,1721.0,1721,1721,413289994,0,1221599,0,275510,39068,0.8758
2026-10-06,3097803944,1,1720.0,1720,1720,379692678,0,190305,0,35040,21009,0.6252
2026-10-06,8374113155,1,1714.0,1714,1714,274719720,0,222359,0,111642,6034,0.9487
2026-10-06,10094225577,1,1696.0,1696,1696,61271514,0,715171,0,53728,13056,0.8045
2026-10-06,2017809925,1,1695.0,1695,1695,739211296,0,15957655,0,111454,52825,0.6784
2026-10-06,8881302585,1,1694.0,1694,1694,89724463,0,173749,0,138123,25051,0.8465
2026-10-06,10387635049,2,1692.0,1898,1486,9054974,22481,438480,795,11055,1121,0.9079
2026-10-06,2049551477,1,1685.0,1685,1685,1485642102,0,1945864,0,454207,69482,0.8673
2026-10-06,3876150506,1,1681.0,1681,1681,505405387,0,6762754,0,613876,41917,0.9361
2026-10-06,9662130710,2,1680.5,1694,1667,16637473,31356,532276,867,112927,9579,0.9218
2026-10-06,9125259344,1,1679.0,1679,1679,133824559,0,260199,0,52734,15772,0.7698
2026-10-06,9815834699,1,1677.0,1677,1677,66176883,0,211313,0,123295,17360,0.8766
2026-10-06,8841437826,2,1670.0,1676,1664,56152229,28708,824514,162,94340,2862,0.9706
2026-10-06,6579282112,1,1670.0,1670,1670,120744257,0,8646035,0,10195,2449,0.8063
2026-10-06,10718240577,1,1667.0,1667,1667,24119094,0,198998,0,86700,1514,0.9828
2026-10-06,6375110339,2,1664.5,1761,1568,153996101,23111,105919,32,70727,6183,0.9196
2026-10-06,2655478023,1,1658.0,1658,1658,1037664355,0,3519302,0,105206,124920,0.4572
2026-10-06,8181391950,2,1651.0,1725,1577,241795893,45253,4575110,499,263731,27118,0.9068
2026-10-06,10263732883,2,1649.0,1796,1502,6225714,15374,38082,78,11123,2093,0.8416
2026-10-06,985731078,2,1647.5,1655,1640,451050931,8555,2275942,24,935622,52300,0.9471
2026-10-06,2366560560,1,1647.0,1647,1647,980873478,0,2350410,0,258291,44684,0.8525
2026-10-06,7780633647,2,1644.0,1784,1504,432007761,50406,338694,72,96319,19164,0.8341
2026-10-06,540382210,1,1641.0,1641,1641,361422740,0,1049808,0,494450,26634,0.9489
2026-10-06,4991126644,2,1639.0,1642,1636,4493178,19708,11948,29,8492,905,0.9037
2026-10-06,4362587875,1,1637.0,1637,1637,590536621,0,774471,0,207561,46041,0.8185
2026-10-06,10628907188,1,1634.0,1634,1634,35951567,0,829217,0,59035,6861,0.8959
2026-10-06,9539483725,1,1631.0,1631,1631,63534058,0,83018,0,10402,2926,0.7805
2026-10-06,8238863102,1,1631.0,1631,1631,322736613,0,2293765,0,215821,10768,0.9525
2026-10-06,9404155369,1,1631.0,1631,1631,49230288,0,3178119,0,50073,2084,0.96
2026-10-06,9522015993,1,1627.0,1627,1627,138084346,0,247689,0,50920,25415,0.6671
2026-10-06,4582358979,2,1623.0,1671,1575,1321643095,16273,1029244,1,1243538,67310,0.9487
2026-10-06,4557322431,2,1620.0,1726,1514,59524413,22551,209676,44,95997,9229,0.9123
2026-10-06,4153755477,1,1620.0,1620,1620,932971591,0,600935,0,541625,96573,0.8487
2026-10-06,6787644864,1,1613.0,1613,1613,117046864,0,192767,0,52603,5089,0.9118
2026-10-06,4391829435,1,1607.0,1607,1607,390686471,0,4261536,0,349839,21283,0.9427
2026-10-06,5456952508,1,1604.0,1604,1604,112774866,0,209883,0,84865,23592,0.7825
2026-10-06,1390601379,2,1603.5,1604,1603,1452954753,23598,2370492,6,1366380,271190,0.8344
2026-10-06,10391036163,2,1603.0,1685,1521,7928287,25130,168237,399,16159,2198,0.8803
2026-10-06,10546705891,1,1580.0,1580,1580,31006413,0,117143,0,56800,5613,0.9101
2026-10-06,10766349481,2,1579.0,1825,1333,3301206,21306,12322,100,13840,564,0.9608
2026-10-06,7738524573,1,1576.0,1576,1576,176322438,0,168485,0,106072,9613,0.9169
2026-10-06,1720936166,2,1574.0,1620,1528,7934202821,46823,2319732,5,1494799,129160,0.9205
2026-10-06,3608594708,2,1573.0,1653,1493,425979090,35907,677386,108,1022462,37114,0.965
2026-10-06,7073604286,1,1572.0,1572,1572,431141412,0,446338,0,39888,32571,0.5505
2026-10-06,3047037061,1,1565.0,1565,1565,154473572,0,156823,0,84746,13142,0.8657
2026-10-06,8669550197,1,1565.0,1565,1565,111188989,0,138186,0,76517,3712,0.9537
2026-10-06,9169166771,1,1558.0,1558,1558,71755095,0,116899,0,19695,5461,0.7829
2026-10-06,6015491985,2,1555.0,1762,1348,379816825,35753,231291,46,89187,11697,0.8841
2026-10-06,10637759898,2,1551.5,1570,1533,33873761,32815,77051,75,4679,2107,0.6895
2026-10-06,5550530788,2,1550.5,2579,522,538111556,88444,189932,81,68416,21708,0.7591
2026-10-06,5599532653,1,1550.0,1550,1550,98104951,0,105408,0,48355,9015,0.8429
2026-10-06,6858584271,1,1547.0,1547,1547,44969813,0,64887,0,35838,4992,0.8777
2026-10-06,7935634976,2,1540.0,1905,1175,88655986,22966,219148,58,78948,16924,0.8235
2026-10-06,9774284077,1,1537.0,1537,1537,116656477,0,4165039,0,23860,4670,0.8363
2026-10-06,9776222468,1,1535.0,1535,1535,89957605,0,178593,0,49047,8708,0.8492
2026-10-06,10741302505,2,1532.5,1772,1293,4915237,20611,183569,97,42306,950,0.978
2026-10-06,7208219743,2,1530.0,1562,1498,13149922,18111,146115,185,23793,5799,0.804
2026-10-06,8237105425,2,1530.0,1695,1365,44026039,15465,930035,366,346323,7954,0.9775
2026-10-06,1701332290,1,1529.0,1529,1529,1279713177,0,1822829,0,347968,99016,0.7785
2026-10-06,6751400610,1,1529.0,1529,1529,320076057,0,7564471,0,66973,19995,0.7701
2026-10-06,7283491781,1,1525.0,1525,1525,61907986,0,126760,0,56366,9430,0.8567
2026-10-06,5665943560,1,1515.0,1515,1515,146307796,0,17418110,0,18351,3668,0.8334
2026-10-06,9395278151,1,1513.0,1513,1513,36182340,0,1636890,0,12897,2447,0.8405
2026-10-06,10759415852,1,1512.0,1512,1512,4035747,0,203357,0,48361,1021,0.9793
2026-10-06,10197758650,1,1512.0,1512,1512,15937748,0,348061,0,14707,933,0.9403
2026-10-06,10397566868,1,1507.0,1507,1507,179518236,0,482901,0,244014,19210,0.927
2026-10-06,1742264997,2,1505.0,1589,1421,507828524,18961,1293301,16,676355,73480,0.902
2026-10-06,10130749197,1,1504.0,1504,1504,52097231,0,2834718,0,7747,3098,0.7143
2026-10-06,8296765616,1,1502.0,1502,1502,35786810,0,76503,0,47692,2495,0.9503
2026-10-06,10763714513,1,1502.0,1502,1502,3031214,0,13533,0,3498,214,0.9423
2026-10-06,7229780065,1,1500.0,1500,1500,153028254,0,781391,0,115783,21775,0.8417
2026-10-06,9906378607,1,1499.0,1499,1499,12625810,0,428510,0,60006,1119,0.9817
2026-10-06,6161049307,2,1498.0,1580,1416,239251005,46404,987200,92,760009,25031,0.9681
2026-10-06,9697502306,1,1497.0,1497,1497,113849114,0,122251,0,27276,3883,0.8754
2026-10-06,5365966699,1,1495.0,1495,1495,122597731,0,145592,0,46573,6046,0.8851
2026-10-06,1312971993,2,1493.0,1534,1452,644671108,8744,2033671,15,570484,90784,0.8627
2026-10-06,7671049560,2,1492.0,1533,1451,1032288261,15649,1037360,12,1565062,92163,0.9444
2026-10-06,7874651625,1,1492.0,1492,1492,133154531,0,292873,0,56867,4774,0.9226
2026-10-06,5807622548,2,1490.5,1594,1387,325329110,38596,411519,56,200151,14534,0.9323
2026-10-06,5265950669,1,1489.0,1489,1489,303853268,0,205166,0,112866,14688,0.8848
2026-10-06,10579389074,2,1488.5,1560,1417,22741944,25406,52894,66,29021,3112,0.9032
2026-10-06,10441199872,1,1486.0,1486,1486,77514102,0,128721,0,68598,4231,0.9419
2026-10-06,10765763629,1,1484.0,1484,1484,1430359,0,3822,0,1167,369,0.7598
2026-10-06,9781580133,1,1484.0,1484,1484,10989603,0,45938,0,32424,8355,0.7951
2026-10-06,10269820836,2,1483.5,1830,1137,28577853,12214,9898,3,11397,1948,0.854
2026-10-06,6508759464,1,1483.0,1483,1483,457371206,0,1057795,0,500867,37603,0.9302
2026-10-06,10253235584,2,1478.0,1592,1364,66377222,12055,642831,53,274538,4218,0.9849
2026-10-06,10350558449,1,1476.0,1476,1476,29842608,0,625854,0,22823,2052,0.9175
2026-10-06,10066618669,2,1468.0,1596,1340,28358273,27921,37363,36,3961,1714,0.698
2026-10-06,7414497778,2,1465.5,1774,1157,78737356,13118,199857,30,71539,13919,0.8371
2026-10-06,6017624138,2,1461.0,2178,744,132308426,14581,809937,51,41230,4177,0.908
2026-10-06,10764300350,2,1460.5,1631,1290,3136118,14838,16055,47,3915,539,0.879
2026-10-06,8504461817,1,1457.0,1457,1457,202026687,0,115520,0,43612,3734,0.9211
2026-10-06,9837325548,1,1457.0,1457,1457,58413920,0,113911,0,55278,3893,0.9342
2026-10-06,6937137675,1,1455.0,1455,1455,109898110,0,155186,0,23904,4410,0.8442
2026-10-06,10767657583,2,1454.5,1835,1074,870297,38493,23002,1232,898,328,0.7325
2026-10-06,10393620082,1,1453.0,1453,1453,88767961,0,179617,0,141411,9190,0.939
2026-10-06,3746418487,1,1452.0,1452,1452,335864219,0,414187,0,71229,15805,0.8184
2026-10-06,6176333237,1,1449.0,1449,1449,118684099,0,43302,0,8752,982,0.8991
2026-10-06,10768944292,2,1445.0,1450,1440,402402,18338,4099,108,4832,142,0.9715
2026-10-06,2309918273,1,1445.0,1445,1445,54379617,0,530966,0,205721,22339,0.902
2026-10-06,9384605736,2,1445.0,2016,874,1049445571,25052,17273172,643,2720797,110890,0.9608
2026-10-06,10108046010,1,1443.0,1443,1443,23811461,0,59124,0,13153,1690,0.8861
2026-10-06,4365819446,1,1443.0,1443,1443,552234283,0,21482662,0,134723,14776,0.9012
2026-10-06,10575619152,1,1441.0,1441,1441,8942903,0,536441,0,33804,1336,0.962
2026-10-06,9564673841,1,1441.0,1441,1441,175133760,0,304157,0,195753,29513,0.869
2026-10-06,9948575164,2,1440.0,1596,1284,54234598,28318,248861,28,140819,5880,0.9599
2026-10-06,3936365689,2,1438.0,1446,1430,73506561,14361,349043,24,203375,15376,0.9297
2026-10-06,4864117649,1,1436.0,1436,1436,440369154,0,961476,0,650838,70029,0.9029
2026-10-06,6275120808,2,1434.5,1467,1402,270273572,19237,387056,16,245102,71775,0.7735
2026-10-06,7787359931,2,1431.5,1884,979,148873010,24323,160383,20,98793,8421,0.9215
2026-10-06,10737231383,1,1431.0,1431,1431,23982976,0,618055,0,20585,1734,0.9223
2026-10-06,4807308814,2,1429.0,1546,1312,1042109449,27883,878200,58,346446,56177,0.8605
2026-10-06,9843234816,1,1425.0,1425,1425,24482335,0,958316,0,3643,1281,0.7398
2026-10-06,9900286623,1,1425.0,1425,1425,21744647,0,157532,0,9798,1803,0.8446
2026-10-06,8937254139,1,1416.0,1416,1416,230974264,0,1822922,0,498640,8428,0.9834
2026-10-06,10110316965,1,1413.0,1413,1413,24368525,0,681193,0,11219,3741,0.7499
2026-10-06,8546873728,1,1413.0,1413,1413,33233671,0,699501,0,16121,2061,0.8866
2026-10-06,5114328099,1,1412.0,1412,1412,127791528,0,99872,0,61890,6438,0.9058
2026-10-06,10103595714,1,1407.0,1407,1407,40090520,0,144455,0,109926,7269,0.938
2026-10-06,10187294555,2,1403.5,1408,1399,146412273,25589,313744,42,421168,14352,0.967
2026-10-06,10211159992,1,1403.0,1403,1403,43995837,0,2352220,0,15422,1511,0.9108
2026-10-06,10188144423,1,1403.0,1403,1403,66585044,0,79065,0,23827,2934,0.8904
2026-10-06,5927446137,1,1400.0,1400,1400,47910883,0,620221,0,48657,11191,0.813
2026-10-06,4673599750,1,1399.0,1399,1399,559108392,0,516529,0,192177,28610,0.8704
2026-10-06,93740418,1,1398.0,1398,1398,3422410507,0,6951841,0,988149,96251,0.9112
2026-10-06,3512256796,1,1397.0,1397,1397,41833043,0,342557,0,183158,6218,0.9672
2026-10-06,6069634717,1,1397.0,1397,1397,193012850,0,260121,0,408383,11666,0.9722
2026-10-06,9150731899,2,1395.0,1575,1215,17340488,8890,85733,25,18991,5125,0.7875
2026-10-06,10766105412,1,1395.0,1395,1395,960932,0,5663,0,1982,368,0.8434
2026-10-06,10390151142,2,1394.0,1485,1303,10630334,27859,35805,74,11655,1998,0.8537
2026-10-06,8322865535,1,1391.0,1391,1391,37159288,0,1990359,0,11055,1457,0.8836
2026-10-06,5972059550,2,1387.0,1406,1368,831151613,16410,3947052,11,1111780,40403,0.9649
2026-10-06,3168615253,2,1382.0,1405,1359,547407216,20068,739332,4,448748,113819,0.7977
2026-10-06,10501640692,1,1380.0,1380,1380,14038461,0,298094,0,46872,5365,0.8973
2026-10-06,10456881513,1,1379.0,1379,1379,21667794,0,774631,0,64880,20790,0.7573
2026-10-06,7005891584,2,1378.0,1585,1171,287604223,31827,21699817,2250,138918,10604,0.9291
2026-10-06,1709917610,2,1374.5,1490,1259,264417424,14155,1073589,46,406679,45226,0.8999
2026-10-06,10030829154,1,1371.0,1371,1371,45413697,0,2657055,0,78437,2402,0.9703
2026-10-06,10267638347,2,1366.0,1389,1343,7862823,20828,468172,1095,1564,473,0.7678
2026-10-06,5117983607,2,1364.5,1530,1199,230633586,20559,185712,16,115478,17812,0.8664
2026-10-06,10140010190,1,1360.0,1360,1360,159330522,0,195517,0,27270,7517,0.7839
2026-10-06,3873871110,1,1359.0,1359,1359,38765248,0,502307,0,37549,7864,0.8268
2026-10-06,6601115643,1,1355.0,1355,1355,178928609,0,3653665,0,238177,10551,0.9576
2026-10-06,7911332924,1,1352.0,1352,1352,56865019,0,71873,0,15227,2384,0.8646
2026-10-06,9276049439,1,1350.0,1350,1350,59379243,0,211451,0,71179,2952,0.9602
2026-10-06,5806843156,1,1347.0,1347,1347,177598251,0,211317,0,49979,11584,0.8118
2026-10-06,571251690,1,1342.0,1342,1342,106238145,0,1054325,0,54381,11343,0.8274
2026-10-06,5728147388,1,1341.0,1341,1341,296784026,0,345618,0,115230,18443,0.862
2026-10-06,6272727021,1,1339.0,1339,1339,16489050,0,34842,0,40195,2941,0.9318
2026-10-06,3661343497,1,1337.0,1337,1337,202249882,0,253600,0,72620,6225,0.921
2026-10-06,9091133975,1,1336.0,1336,1336,463666623,0,1289051,0,1231563,24671,0.9804
2026-10-06,10516888336,1,1334.0,1334,1334,85433144,0,1499190,0,323169,6618,0.9799
2026-10-06,10667006841,2,1332.0,1524,1140,12669229,22750,34636,50,13290,3062,0.8127
2026-10-06,9142917248,1,1330.0,1330,1330,65092602,0,4719258,0,44535,4184,0.9141
2026-10-06,5822068820,1,1330.0,1330,1330,172101500,0,439510,0,105430,9096,0.9206
2026-10-06,1430007363,1,1326.0,1326,1326,921226838,0,2425380,0,142472,29644,0.8278
2026-10-06,7212930772,1,1326.0,1326,1326,193576223,0,148842,0,132714,12471,0.9141
2026-10-06,7970033072,2,1325.5,1346,1305,7555654,14829,108324,137,157310,3880,0.9759
2026-10-06,4263576532,2,1325.0,1550,1100,190989117,24936,491555,62,518046,36260,0.9346
2026-10-06,8488806742,1,1325.0,1325,1325,45964269,0,88244,0,41152,7766,0.8412
2026-10-06,10765078176,1,1321.0,1321,1321,17684537,0,59655,0,40210,9474,0.8093
2026-10-06,10171934713,2,1316.5,1382,1251,22795150,14098,924013,76,64840,2904,0.9571
2026-10-06,4044579438,1,1313.0,1313,1313,350235973,0,22401976,0,16963,11173,0.6029
2026-10-06,1802622907,1,1313.0,1313,1313,1306690780,0,1319044,0,641524,104339,0.8601
2026-10-06,5244979723,1,1313.0,1313,1313,23875456,0,238091,0,15146,3377,0.8177
2026-10-06,10765481558,1,1311.0,1311,1311,4987041,0,7567,0,961,296,0.7645
2026-10-06,10226701629,2,1309.0,1422,1196,95999533,11062,350894,50,142950,11307,0.9267
2026-10-06,6332376065,1,1309.0,1309,1309,56111303,0,2256902,0,7363,1323,0.8477
2026-10-06,10616474341,1,1305.0,1305,1305,18073370,0,56143,0,15856,2831,0.8485
2026-10-06,3417194043,1,1305.0,1305,1305,7828812,0,33957,0,8319,10885,0.4332
2026-10-06,918677693,2,1303.0,1418,1188,311582279,9394,652971,16,268148,39373,0.872
2026-10-06,8066283370,1,1299.0,1299,1299,529584250,0,3067501,0,434676,16511,0.9634
2026-10-06,3293514480,1,1297.0,1297,1297,210817092,0,599954,0,190201,40273,0.8253
2026-10-06,3258873704,1,1294.0,1294,1294,431413695,0,285093,0,143481,49633,0.743
2026-10-06,10124403207,1,1293.0,1293,1293,976704,0,3889,0,1169,282,0.8057
2026-10-06,9599808796,1,1293.0,1293,1293,132913824,0,181850,0,79788,22598,0.7793
2026-10-06,4267277633,1,1292.0,1292,1292,611969538,0,15955909,0,28569,32440,0.4683
2026-10-06,3472976893,1,1290.0,1290,1290,193306507,0,3667823,0,64079,14621,0.8142
2026-10-06,9119782663,1,1290.0,1290,1290,97891136,0,2650860,0,62896,9895,0.8641
2026-10-06,10761375767,1,1288.0,1288,1288,5290482,0,361093,0,86095,1988,0.9774
2026-10-06,1053132402,1,1287.0,1287,1287,572834793,0,976671,0,298206,71415,0.8068
2026-10-06,8005378926,2,1284.0,1542,1026,40593188,23334,831260,24,7311,1373,0.8419
2026-10-06,1480782352,1,1284.0,1284,1284,1953691131,0,2746086,0,1422045,83497,0.9445
2026-10-06,9186719164,1,1281.0,1281,1281,1597400439,0,843443,0,1244577,52628,0.9594
2026-10-06,2092410051,2,1279.5,1428,1131,338942060,7828,1410540,24,514779,67729,0.8837
2026-10-06,8366716517,1,1277.0,1277,1277,77863733,0,997557,0,177886,18981,0.9036
2026-10-06,107172930,1,1276.0,1276,1276,722343256,0,1984416,0,743130,207130,0.782
2026-10-06,9320470390,1,1271.0,1271,1271,194650112,0,257409,0,102920,9143,0.9184
2026-10-06,10544327471,1,1271.0,1271,1271,36988985,0,123045,0,126670,2827,0.9782
2026-10-06,9765324104,1,1268.0,1268,1268,81615417,0,420113,0,49099,4605,0.9143
2026-10-06,9865931248,2,1267.0,1412,1122,2832080,29646,150712,2012,1122,235,0.8268
2026-10-06,9714537627,1,1262.0,1262,1262,30643446,0,72437,0,26389,56632,0.3179
2026-10-06,7738927312,1,1262.0,1262,1262,79361230,0,278873,0,149173,7878,0.9498
2026-10-06,10091766471,1,1260.0,1260,1260,44483142,0,110139,0,29000,3072,0.9042
2026-10-06,7812848099,1,1259.0,1259,1259,218624264,0,222968,0,83028,7077,0.9215
2026-10-06,10641300771,2,1258.0,1365,1151,12711016,24245,100379,58,8826,1016,0.8968
2026-10-06,5216419122,1,1255.0,1255,1255,319265989,0,8989468,0,200703,42654,0.8247
2026-10-06,2943850166,1,1253.0,1253,1253,140678184,0,97405,0,58500,4542,0.928
2026-10-06,9344916045,1,1249.0,1249,1249,84996213,0,219318,0,47431,3354,0.934
2026-10-06,8795154789,2,1248.5,1384,1113,486165692,30992,396049,35,355862,27151,0.9291
2026-10-06,10162859180,1,1245.0,1245,1245,8010195,0,105254,0,21166,1438,0.9364
2026-10-06,3808223175,2,1242.5,1256,1229,723543229,18971,3271475,163,1839720,60438,0.9682
2026-10-06,5247232141,2,1242.5,1470,1015,76511942,23938,3716008,1599,12811,5364,0.7049
2026-10-06,4197966812,1,1242.0,1242,1242,558278685,0,24280675,0,79790,7967,0.9092
2026-10-06,10281666052,1,1242.0,1242,1242,6235657,0,86000,0,20319,1893,0.9148
2026-10-06,7687524641,1,1240.0,1240,1240,42781063,0,114253,0,39771,5834,0.8721
2026-10-06,6940206974,1,1239.0,1239,1239,47721272,0,3539909,0,11974,2774,0.8119
2026-10-06,8420907710,1,1239.0,1239,1239,76287933,0,5872083,0,200820,40118,0.8335
2026-10-06,10149910491,1,1238.0,1238,1238,42696064,0,58856,0,21096,4967,0.8094
2026-10-06,9942734820,1,1237.0,1237,1237,35664143,0,1515876,0,8540,2999,0.7401
2026-10-06,8724785394,1,1236.0,1236,1236,8233499,0,359870,0,11276,561,0.9526
2026-10-06,9950184599,2,1234.5,1370,1099,13349679,14963,119402,352,91022,2619,0.972
2026-10-06,5421899973,1,1234.0,1234,1234,389415473,0,14193554,0,372832,28576,0.9288
2026-10-06,1087859240,2,1233.5,1282,1185,385233748,8642,345149,8,118566,23297,0.8358
2026-10-06,4785982047,2,1233.0,1240,1226,225038967,20677,3126398,215,1659768,27110,0.9839
2026-10-06,10537172776,1,1233.0,1233,1233,24076164,0,58952,0,20521,2055,0.909
2026-10-06,4858558391,2,1231.5,1321,1142,68722987,13554,577532,103,105769,13888,0.8839
2026-10-06,6113928308,2,1231.0,1332,1130,90341248,21079,476550,140,137154,10722,0.9275
2026-10-06,5208051158,1,1230.0,1230,1230,172261502,0,2065008,0,116867,16630,0.8754
2026-10-06,10274447949,1,1220.0,1220,1220,59080897,0,4138708,0,27529,3756,0.8799
2026-10-06,8497987845,2,1217.5,1300,1135,25133304,10921,138152,29,75768,6462,0.9214
2026-10-06,10267363348,1,1217.0,1217,1217,143494807,0,402712,0,340497,15644,0.9561
2026-10-06,6786784563,1,1216.0,1216,1216,33756917,0,653536,0,133719,4027,0.9708
2026-10-06,10061124506,2,1211.0,1221,1201,67320652,27915,162769,76,240696,12930,0.949
2026-10-06,1782832995,2,1209.5,1213,1206,992422178,9455,1415866,6,910067,147238,0.8607
2026-10-06,2113323331,1,1209.0,1209,1209,893559351,0,921629,0,150419,41821,0.7825
2026-10-06,10764887435,2,1207.5,1351,1064,3462425,34649,182590,1608,13194,812,0.942
2026-10-06,10253446435,1,1203.0,1203,1203,21809863,0,108207,0,440726,4450,0.99
2026-10-06,8662243497,1,1202.0,1202,1202,270967301,0,282865,0,56871,7035,0.8899
2026-10-06,6163884815,1,1202.0,1202,1202,167609833,0,19995150,0,2203,1192,0.6489
2026-10-06,4579085368,1,1202.0,1202,1202,191934694,0,1079994,0,198374,17071,0.9208
2026-10-06,10765061113,1,1201.0,1201,1201,3209292,0,5717,0,1594,476,0.77
2026-10-06,10757247806,1,1200.0,1200,1200,1087465,0,10315,0,4625,435,0.914
2026-10-06,1001911915,2,1199.5,1253,1146,242022436,12349,688975,16,274464,35925,0.8843
2026-10-06,10438013523,1,1193.0,1193,1193,59665335,0,317348,0,207380,16797,0.9251
2026-10-06,10766222230,2,1185.5,1617,754,1753546,47112,7517,180,2664,430,0.861
2026-10-06,10236023188,2,1185.5,1253,1118,124247732,32264,314619,92,337422,11339,0.9675
2026-10-06,4130569984,1,1185.0,1185,1185,257377765,0,394829,0,200355,24184,0.8923
2026-10-06,9257800423,1,1185.0,1185,1185,39013957,0,382909,0,160215,9710,0.9429
2026-10-06,1648467492,1,1184.0,1184,1184,58599250,0,66806,0,17591,8076,0.6854
2026-10-06,2176187244,1,1183.0,1183,1183,316168216,0,242875,0,48642,15509,0.7582
2026-10-06,3088609243,1,1181.0,1181,1181,752538816,0,622917,0,107415,35789,0.7501
2026-10-06,7453941040,1,1179.0,1179,1179,206090864,0,367705,0,59338,13467,0.815
2026-10-06,10765579304,2,1178.5,1243,1114,1097836,12078,16248,110,5264,675,0.8863
2026-10-06,1638323641,1,1177.0,1177,1177,354648811,0,1385622,0,330906,44152,0.8823
2026-10-06,3551414857,1,1175.0,1175,1175,638894846,0,1334405,0,547750,68937,0.8882
2026-10-06,10757504146,1,1173.0,1173,1173,19741284,0,29324,0,8853,655,0.9311
2026-10-06,1358133289,1,1173.0,1173,1173,1543112313,0,1594115,0,282696,46616,0.8584
2026-10-06,616165168,1,1171.0,1171,1171,150840160,0,1228932,0,80475,15407,0.8393
2026-10-06,4019583467,1,1171.0,1171,1171,386646401,0,796961,0,640935,49637,0.9281
2026-10-06,8618660961,1,1167.0,1167,1167,42931286,0,132909,0,54034,6828,0.8878
2026-10-06,3515267380,1,1167.0,1167,1167,183557952,0,440414,0,123973,41114,0.751
2026-10-06,6048923315,2,1159.5,1170,1149,107524153,15029,220805,54,195947,14480,0.9312
2026-10-06,10092619788,1,1159.0,1159,1159,13453477,0,8637,0,23969,737,0.9702
2026-10-06,3191268194,1,1155.0,1155,1155,1364262950,0,5590565,0,1054037,48567,0.956
2026-10-06,10700505394,1,1149.0,1149,1149,36873086,0,119852,0,156407,8118,0.9507
2026-10-06,8014099969,1,1147.0,1147,1147,152415177,0,256389,0,141994,12471,0.9193
2026-10-06,9996384072,2,1144.5,1164,1125,6904048,11713,74691,21,26085,552,0.9793
2026-10-06,10603011269,1,1138.0,1138,1138,5435041,0,155888,0,17831,836,0.9552
2026-10-06,10761200080,1,1134.0,1134,1134,5037404,0,28287,0,51000,4132,0.9251
2026-10-06,4987467534,1,1131.0,1131,1131,212500988,0,564351,0,146329,13646,0.9147
2026-10-06,9294646427,2,1130.0,1165,1095,111847158,27136,284934,90,525454,13988,0.9741
2026-10-06,10399413858,1,1126.0,1126,1126,18628260,0,23904,0,18951,985,0.9506
2026-10-06,9732080947,1,1120.0,1120,1120,87112300,0,267975,0,63867,11160,0.8513
2026-10-06,3864279452,1,1116.0,1116,1116,531981977,0,667506,0,321247,108099,0.7482
2026-10-06,6760897304,1,1113.0,1113,1113,49568206,0,1194327,0,103316,6442,0.9413
2026-10-06,10418224975,1,1113.0,1113,1113,14170206,0,418414,0,21376,1052,0.9531
2026-10-06,9286558970,1,1110.0,1110,1110,22064671,0,84175,0,31989,12367,0.7212
2026-10-06,83148140,1,1108.0,1108,1108,426410121,0,355389,0,109307,32096,0.773
2026-10-06,7760134732,1,1104.0,1104,1104,41568069,0,1157266,0,61113,2902,0.9547
2026-10-06,10547918402,1,1104.0,1104,1104,44426026,0,87863,0,113353,2685,0.9769
2026-10-06,4260784961,2,1102.5,1480,725,23983486,2371,77617,4,27877,5060,0.8464
2026-10-06,6451948378,1,1098.0,1098,1098,138935948,0,964657,0,68637,15425,0.8165
2026-10-06,7747782974,1,1097.0,1097,1097,121594505,0,8723948,0,28143,3613,0.8862
2026-10-06,7877723741,2,1093.0,1111,1075,211975533,19492,216211,24,82663,47808,0.6336
2026-10-06,10767545737,2,1092.5,1373,812,708910,11757,8009,157,6930,627,0.917
2026-10-06,1177208440,1,1088.0,1088,1088,88124227,0,203892,0,99285,27319,0.7842
2026-10-06,10204542673,1,1086.0,1086,1086,38539630,0,1351499,0,27075,3318,0.8908
2026-10-06,4367208330,1,1085.0,1085,1085,490543584,0,1647901,0,729886,111527,0.8675
2026-10-06,10507075860,1,1084.0,1084,1084,30845492,0,1395229,0,22371,2245,0.9088
2026-10-06,10533638982,2,1083.5,1095,1072,8371270,15817,56112,61,29316,1673,0.946
2026-10-06,10495391267,1,1080.0,1080,1080,4942120,0,60763,0,11743,861,0.9317
2026-10-06,10647949490,1,1074.0,1074,1074,15668598,0,27646,0,10595,462,0.9582
2026-10-06,7990186056,1,1071.0,1071,1071,411014828,0,383330,0,285963,18426,0.9395
2026-10-06,10767858548,2,1070.5,1776,365,413835,8164,6447,47,4627,317,0.9359
2026-10-06,6421358579,1,1069.0,1069,1069,85063644,0,93172,0,43312,5342,0.8902
2026-10-06,3056160040,1,1069.0,1069,1069,984906001,0,1422055,0,460093,95015,0.8288
2026-10-06,7128251171,1,1066.0,1066,1066,102909932,0,236423,0,197762,17030,0.9207
2026-10-06,1415710834,1,1064.0,1064,1064,844449715,0,2007216,0,515495,65769,0.8869
2026-10-06,10247797619,1,1064.0,1064,1064,72442540,0,204829,0,31263,10321,0.7518
2026-10-06,9950410865,1,1063.0,1063,1063,34953389,0,1716774,0,18564,3810,0.8297
2026-10-06,4343544885,1,1061.0,1061,1061,130418238,0,2835424,0,396299,10737,0.9736
2026-10-06,10010371086,2,1060.0,1113,1007,44244400,30713,148731,71,57548,2606,0.9567
2026-10-06,5688684783,1,1059.0,1059,1059,144703944,0,13508757,0,29625,6322,0.8241
2026-10-06,10351850295,1,1059.0,1059,1059,37636721,0,1163074,0,10745,3330,0.7634
2026-10-06,7082423811,1,1058.0,1058,1058,301949589,0,1590664,0,329155,16840,0.9513
2026-10-06,10764404786,1,1056.0,1056,1056,2220348,0,7837,0,5625,845,0.8694
2026-10-06,9892207761,1,1054.0,1054,1054,62831368,0,247347,0,27585,3877,0.8768
2026-10-06,9655781693,1,1053.0,1053,1053,17928070,0,36289,0,16490,5223,0.7595
2026-10-06,10469426282,1,1052.0,1052,1052,5397796,0,13855,0,20598,888,0.9587
2026-10-06,10271723279,2,1049.5,1262,837,7563389,11225,158952,115,31638,2088,0.9381
2026-10-06,9998576154,1,1049.0,1049,1049,131160380,0,8213711,0,36605,6447,0.8503
2026-10-06,6329693946,2,1047.5,1143,952,89505160,9355,240448,17,113589,10482,0.9155
2026-10-06,1794056685,1,1047.0,1047,1047,140252580,0,606464,0,28068,6277,0.8172
2026-10-06,8365871374,1,1047.0,1047,1047,257593735,0,20531992,0,196300,10292,0.9502
2026-10-06,3346892457,1,1044.0,1044,1044,455474791,0,198317,0,25275,10935,0.698
2026-10-06,3704826615,1,1044.0,1044,1044,13270584,0,56796,0,17190,11029,0.6092
2026-10-06,7646154613,1,1043.0,1043,1043,313305963,0,246297,0,68782,21922,0.7583
2026-10-06,10733110573,2,1042.5,1101,984,4185246,19093,18196,77,4038,2512,0.6165
2026-10-06,1003981402,1,1041.0,1041,1041,32495043,0,242196,0,54589,4741,0.9201
2026-10-06,9943273705,2,1039.5,1103,976,20511401,33740,46802,87,5961,4981,0.5448
2026-10-06,10762636904,2,1038.5,1233,844,3337231,27723,26333,291,22090,266,0.9881
2026-10-06,3210778402,1,1038.0,1038,1038,121743046,0,108071,0,10894,3674,0.7478
2026-10-06,3747388906,2,1036.5,1073,1000,48182831,5925,284069,46,46708,8178,0.851
2026-10-06,5974860429,1,1035.0,1035,1035,152364376,0,128539,0,77144,9354,0.8919
2026-10-06,1617287243,1,1033.0,1033,1033,626441698,0,934875,0,190489,38666,0.8313
2026-10-06,9219116196,1,1033.0,1033,1033,103007457,0,288065,0,43970,6067,0.8787
2026-10-06,6072944764,1,1033.0,1033,1033,60518023,0,74521,0,36931,4659,0.888
2026-10-06,7356195012,1,1032.0,1032,1032,179414808,0,4889438,0,245512,42310,0.853
2026-10-06,2640407187,1,1031.0,1031,1031,542610266,0,429258,0,167327,26315,0.8641
2026-10-06,5576955991,2,1031.0,1042,1020,93624541,15143,234958,41,200319,7148,0.9655
2026-10-06,10454554751,1,1031.0,1031,1031,117406913,0,2276215,0,315033,10962,0.9664
2026-10-06,2327461601,1,1025.0,1025,1025,382062116,0,493064,0,114637,24750,0.8224
2026-10-06,10694549945,1,1024.0,1024,1024,20409546,0,31020,0,31607,1222,0.9628
2026-10-06,757291724,1,1019.0,1019,1019,249674982,0,463875,0,77806,17141,0.8195
2026-10-06,7592844193,2,1018.0,1223,813,5202518,21327,148858,520,8810,802,0.9166
2026-10-06,10561309674,2,1013.0,1201,825,1537692,26608,24361,541,5432,280,0.951
2026-10-06,4221956550,2,1008.0,1098,918,137782203,12513,835770,80,179654,24316,0.8808
2026-10-06,9155036056,1,1001.0,1001,1001,111130673,0,269539,0,411511,5729,0.9863
2026-10-06,6690355795,1,1001.0,1001,1001,32553813,0,417661,0,69909,2068,0.9713
2026-10-06,4018794732,1,997.0,997,997,295056858,0,278543,0,33161,9103,0.7846
2026-10-06,73754455,1,997.0,997,997,1837255058,0,4033839,0,1017191,117548,0.8964
2026-10-06,7265977477,1,996.0,996,996,121330840,0,8970972,0,93158,4852,0.9505
2026-10-06,6026405541,2,995.5,1102,889,57892510,15542,134386,9,41072,6090,0.8709
2026-10-06,9588121608,1,994.0,994,994,151607554,0,2909728,0,53888,10269,0.8399
2026-10-06,9112256336,2,993.5,1143,844,9688666,11083,20391,22,8546,1602,0.8421
2026-10-06,7114667385,1,993.0,993,993,80383327,0,66229,0,6433,1496,0.8113
2026-10-06,6355251723,1,992.0,992,992,38117085,0,301204,0,51460,10672,0.8282
2026-10-06,3837114739,2,990.0,997,983,43792747,13597,154737,105,43644,4208,0.9121
2026-10-06,7143545906,1,989.0,989,989,89466395,0,215006,0,261412,17180,0.9383
2026-10-06,2087494287,1,987.0,987,987,692057418,0,553860,0,68027,19364,0.7784
2026-10-06,2239430935,1,986.0,986,986,361614173,0,1136581,0,237200,20019,0.9222
2026-10-06,6083162964,1,985.0,985,985,53024098,0,122698,0,46656,4907,0.9048
2026-10-06,6787216875,1,984.0,984,984,212521855,0,132582,0,63863,15849,0.8012
2026-10-06,10766257839,2,983.0,1204,762,2089025,13240,9650,68,4072,1074,0.7913
2026-10-06,7521520342,1,980.0,980,980,276279122,0,258786,0,119853,27205,0.815
2026-10-06,6599600818,1,980.0,980,980,122095697,0,4100755,0,208748,5965,0.9722
2026-10-06,10175155684,2,978.5,1052,905,9349557,27860,76909,212,15486,1511,0.9111
2026-10-06,8883775493,1,978.0,978,978,135612429,0,398840,0,47206,10540,0.8175
2026-10-06,10583634958,1,977.0,977,977,21523656,0,36402,0,13182,2680,0.831
2026-10-06,10541331578,2,976.0,1103,849,3165399,7100,211577,293,11826,1328,0.899
2026-10-06,10766009412,2,974.0,1224,724,1144207,15229,32497,594,2106,514,0.8038
2026-10-06,10565445771,2,973.5,1142,805,33952823,27441,106799,121,47906,30570,0.6105
2026-10-06,10165276442,1,971.0,971,971,47525731,0,556127,0,24473,6957,0.7787
2026-10-06,8430503828,1,970.0,970,970,131972067,0,776066,0,34568,7285,0.8259
2026-10-06,8851542818,2,969.5,993,946,60467810,10499,376997,143,92235,4278,0.9557
2026-10-06,4497460596,2,964.0,1089,839,183313979,17340,160811,33,94425,15169,0.8616
2026-10-06,9585346472,1,963.0,963,963,45809610,0,463957,0,45437,5258,0.8963
2026-10-06,4601145322,1,962.0,962,962,106578926,0,8672540,0,94634,14623,0.8662
2026-10-06,6770632849,1,960.0,960,960,142409832,0,490857,0,519476,36525,0.9343
2026-10-06,5207621753,1,958.0,958,958,101935908,0,82360,0,172212,4700,0.9734
2026-10-06,5111507958,1,957.0,957,957,156334125,0,7742436,0,111582,9252,0.9234
2026-10-06,9156711629,1,955.0,955,955,50253551,0,398571,0,115873,3831,0.968
2026-10-06,9933939850,1,951.0,951,951,60424739,0,55646,0,22762,3872,0.8546
2026-10-06,10767183467,2,950.0,1255,645,344949,6709,1364,33,1347,80,0.9439
2026-10-06,3951147015,2,950.0,967,933,140920578,27192,192989,42,94463,13942,0.8714
2026-10-06,1214576306,1,950.0,950,950,1650740931,0,4305196,0,1342341,99974,0.9307
2026-10-06,8198412649,1,949.0,949,949,54273544,0,95197,0,70909,8556,0.8923
2026-10-06,9753458401,2,948.0,1058,838,13075037,15684,47333,74,11948,2287,0.8393
2026-10-06,4938220315,2,947.5,1012,883,481767436,18705,754654,10,189207,15728,0.9233
2026-10-06,10768373808,2,947.0,956,938,1015793,16148,8364,101,5241,389,0.9309
2026-10-06,2727447177,1,947.0,947,947,516370890,0,1903843,0,567737,30056,0.9497
2026-10-06,6215464786,2,946.5,1021,872,438822977,23392,10600538,437,140910,27791,0.8353
2026-10-06,8156973419,1,946.0,946,946,156458720,0,5092071,0,90823,9976,0.901
2026-10-06,3311164447,1,944.0,944,944,42261571,0,20069,0,4244,1630,0.7225
2026-10-06,7450124099,1,940.0,940,940,143863224,0,809679,0,85176,11976,0.8767
2026-10-06,10587328652,1,937.0,937,937,14834317,0,21938,0,8677,2373,0.7852
2026-10-06,9903482381,1,936.0,936,936,51828885,0,2878248,0,13205,3478,0.7915
2026-10-06,5866227438,2,935.5,1006,865,370249432,14459,10669421,185,651443,18378,0.9726
2026-10-06,4263371487,1,933.0,933,933,124593826,0,226658,0,82426,13339,0.8607
2026-10-06,4599924264,1,931.0,931,931,733659287,0,297214,0,40308,38374,0.5123
2026-10-06,10383037602,1,929.0,929,929,26797645,0,1680209,0,8089,1059,0.8842
2026-10-06,5903289376,1,929.0,929,929,91961091,0,213167,0,34185,4283,0.8887
2026-10-06,6049736902,2,928.5,932,925,86384668,20006,116389,54,67445,7756,0.8969
2026-10-06,2643072291,1,926.0,926,926,98656066,0,1007888,0,108439,22334,0.8292
2026-10-06,5805053299,1,926.0,926,926,137539846,0,328735,0,84706,9146,0.9025
2026-10-06,4908792642,2,924.0,954,894,1946106977,21348,8520652,62,947819,293538,0.7635
2026-10-06,9792551117,1,924.0,924,924,181898390,0,546727,0,43986,18329,0.7059
2026-10-06,114967577,2,922.5,938,907,59732659,9574,276958,18,92534,14849,0.8617
2026-10-06,10628006421,2,922.5,930,915,6383000,16826,114382,204,20431,1795,0.9192
2026-10-06,5568657754,1,920.0,920,920,50842004,0,98964,0,31103,5560,0.8483
2026-10-06,83858907,2,919.0,928,910,1752374818,21577,4567776,43,1039340,369545,0.7377
2026-10-06,10117986107,1,918.0,918,918,77128022,0,568162,0,14299,4602,0.7565
2026-10-06,7265339759,2,914.0,955,873,67466424,21743,370003,252,147401,15255,0.9062
2026-10-06,10272975313,1,913.0,913,913,27756202,0,60863,0,45553,3693,0.925
2026-10-06,9485131494,2,912.5,930,895,93051457,12267,454627,69,362356,7356,0.9801
2026-10-06,9655921954,1,912.0,912,912,48053630,0,53757,0,6238,2891,0.6833
2026-10-06,7761516673,2,911.5,943,880,10254368,17769,30428,34,18101,4447,0.8028
2026-10-06,7128163167,1,911.0,911,911,82560358,0,139601,0,33782,4493,0.8826
2026-10-06,2605831977,1,908.0,908,908,492372959,0,4384100,0,264175,38115,0.8739
2026-10-06,10446291786,1,907.0,907,907,21796889,0,132589,0,8820,2411,0.7853
2026-10-06,6487579144,1,904.0,904,904,31507156,0,56036,0,14532,3518,0.8051
2026-10-06,10537346933,1,904.0,904,904,2276090,0,55254,0,17631,1198,0.9364
2026-10-06,9694335093,1,904.0,904,904,21130440,0,251630,0,128680,6341,0.953
2026-10-06,9303771057,1,904.0,904,904,103460698,0,1928024,0,32393,11259,0.7421
2026-10-06,10682099418,1,901.0,901,901,27333270,0,1274336,0,27331,1911,0.9346
2026-10-06,10380743712,2,899.5,973,826,11889021,19049,38340,41,3207,1100,0.7446
2026-10-06,7069852763,1,897.0,897,897,127225150,0,203553,0,69263,13295,0.839
2026-10-06,7411615879,2,896.5,1035,758,39982413,12495,54113,16,21998,1605,0.932
2026-10-06,9104763985,1,893.0,893,893,89184254,0,7203273,0,151120,2623,0.9829
2026-10-06,2520686564,1,893.0,893,893,88570570,0,139653,0,33617,5138,0.8674
2026-10-06,10309128556,1,891.0,891,891,13265666,0,189481,0,224152,4098,0.982
2026-10-06,10297836599,1,891.0,891,891,19937200,0,42071,0,37044,2087,0.9467
2026-10-06,10528250136,1,890.0,890,890,29448890,0,1787081,0,108473,4051,0.964
2026-10-06,10764412489,2,888.0,903,873,3755073,17107,190445,703,6508,4095,0.6138
2026-10-06,3725528263,1,884.0,884,884,107605246,0,139639,0,33761,14901,0.6938
2026-10-06,10398947938,2,882.0,932,832,3534158,15314,19730,49,6972,1656,0.8081
2026-10-06,3264581003,2,881.5,917,846,120435195,9668,197450,11,103479,26016,0.7991
2026-10-06,10335507006,1,877.0,877,877,1579322,0,167669,0,8018,328,0.9607
2026-10-06,10212081143,2,876.5,1047,706,1451603,10900,40944,298,3659,1067,0.7742
2026-10-06,5633615594,1,871.0,871,871,27489887,0,146392,0,28447,4790,0.8559
2026-10-06,7721537973,1,869.0,869,869,99303468,0,86703,0,11663,3529,0.7677
2026-10-06,8759966530,1,869.0,869,869,128913188,0,416707,0,85223,9268,0.9019
2026-10-06,2644656496,1,868.0,868,868,307363869,0,4471593,0,1801500,42658,0.9769
2026-10-06,10764328008,1,867.0,867,867,10533790,0,76069,0,67031,1371,0.98
2026-10-06,9660713566,1,866.0,866,866,110609138,0,6663720,0,80528,4407,0.9481
2026-10-06,10765708310,2,863.0,1068,658,1099379,6910,17408,71,8704,653,0.9302
2026-10-06,7750955984,1,862.0,862,862,718105081,0,923014,0,812257,38040,0.9553
2026-10-06,3560583071,1,861.0,861,861,315842625,0,257119,0,55060,16492,0.7695
2026-10-06,5407131262,1,860.0,860,860,260033616,0,753527,0,175829,32928,0.8423
2026-10-06,10514280922,2,857.5,923,792,16695211,10748,32289,7,17444,1276,0.9318
2026-10-06,3267012194,2,857.0,861,853,327774238,11041,1088719,38,266359,40314,0.8685
2026-10-06,8646444640,1,857.0,857,857,12529801,0,45048,0,26440,3867,0.8724
2026-10-06,3666294218,2,856.0,914,798,60556961,6076,422421,26,120973,15552,0.8861
2026-10-06,10764888929,1,856.0,856,856,2434735,0,128766,0,10514,358,0.9671
2026-10-06,8659262047,2,853.5,923,784,128201161,16313,1279357,195,514884,10545,0.9799
2026-10-06,10626746750,2,840.0,856,824,1220681,9584,22014,200,4916,1437,0.7738
2026-10-06,4408288935,2,837.0,902,772,55681619,8027,284110,10,76127,6902,0.9169
2026-10-06,9705384247,2,833.5,1045,622,32985330,29165,118654,49,48446,8029,0.8578
2026-10-06,5108158764,1,831.0,831,831,13719729,0,194051,0,58275,4564,0.9274
2026-10-06,3420059569,1,831.0,831,831,970503622,0,27491414,0,97062,96091,0.5025
2026-10-06,6657933195,1,829.0,829,829,289232026,0,1065169,0,369713,27396,0.931
2026-10-06,10405785379,1,828.0,828,828,20794127,0,41515,0,8707,834,0.9126
2026-10-06,9758688665,1,827.0,827,827,124738667,0,6356729,0,35074,5563,0.8631
2026-10-06,8869088870,1,826.0,826,826,50108315,0,2670041,0,140225,3032,0.9788
2026-10-06,10730414817,2,825.5,884,767,235137,6636,3567,57,1017,18,0.9826
2026-10-06,10764385875,2,824.5,875,774,3057916,27498,8165,81,1397,1465,0.4881
2026-10-06,79609758,1,824.0,824,824,940615655,0,1682317,0,366218,183731,0.6659
2026-10-06,5174979552,2,822.0,867,777,92287890,15119,5574317,368,337810,12523,0.9643
2026-10-06,10766420770,2,818.5,930,707,1150680,8796,58844,240,9526,145,0.985
2026-10-06,3426175130,1,811.0,811,811,257180792,0,109781,0,25056,11105,0.6929
2026-10-06,10004760418,1,803.0,803,803,129776007,0,183703,0,65340,4329,0.9379
2026-10-06,9510573507,1,798.0,798,798,7825516,0,332534,0,2982,1142,0.7231
2026-10-06,465016798,1,797.0,797,797,129850924,0,419621,0,98257,17781,0.8468
2026-10-06,7884563721,2,793.5,966,621,140335935,21039,876066,172,238949,28527,0.8933
2026-10-06,7938992417,1,790.0,790,790,99235012,0,246012,0,32253,15709,0.6725
2026-10-06,5812546130,2,789.5,845,734,26112481,19180,65978,51,22613,5786,0.7963
2026-10-06,10764967952,2,787.5,1055,520,2496104,8762,25189,67,5094,737,0.8736
2026-10-06,2157233282,1,787.0,787,787,38155672,0,3430810,0,9633,2693,0.7815
2026-10-06,10642548584,2,786.0,899,673,565710,17650,14543,467,3636,612,0.8559
2026-10-06,10765332568,1,781.0,781,781,6293846,0,14651,0,6748,338,0.9523
2026-10-06,9317784977,2,778.5,781,776,143014311,12411,1312745,313,147810,20100,0.8803
2026-10-06,4154513353,2,777.0,803,751,267651024,7238,532841,10,192223,43992,0.8138
2026-10-06,6413074235,2,776.5,878,675,165501143,9919,354413,27,101820,13122,0.8858
2026-10-06,2153167977,1,772.0,772,772,165722300,0,367969,0,136241,19162,0.8767
2026-10-06,6495484417,1,770.0,770,770,151346454,0,11021039,0,29190,6662,0.8142
2026-10-06,8246907060,2,765.5,779,752,117356683,15203,294331,29,188439,18670,0.9099
2026-10-06,5620182793,2,758.5,761,756,599355282,14306,2391378,102,232459,51983,0.8172
2026-10-06,9952820791,1,757.0,757,757,921854,0,7913,0,1827,745,0.7103
2026-10-06,9209811415,2,745.5,923,568,52374741,16014,125109,33,19011,1849,0.9114
2026-10-06,10463578886,2,742.5,763,722,8913235,5489,23218,5,42050,928,0.9784
2026-10-06,2283649692,1,737.0,737,737,110513223,0,259879,0,78662,29663,0.7262
2026-10-06,6100103590,2,732.5,790,675,3820742,15652,48877,124,9503,1080,0.8979
2026-10-06,6190248755,1,727.0,727,727,81417213,0,66973,0,3980,2160,0.6482
2026-10-06,10141042381,1,726.0,726,726,4672042,0,31199,0,39595,1178,0.9711
2026-10-06,9221949930,2,725.0,793,657,11166664,14080,271865,202,9393,1690,0.8475
2026-10-06,6983536246,2,722.5,752,693,60210041,19868,206210,70,56284,4671,0.9234
2026-10-06,2491559356,1,722.0,722,722,89113190,0,180879,0,60693,17591,0.7753
2026-10-06,9793308933,2,713.0,748,678,59450933,13107,1428092,205,291187,3778,0.9872
2026-10-06,6935083490,2,704.0,715,693,103313783,8813,316166,34,665328,20633,0.9699
2026-10-06,10236805062,2,696.5,849,544,786169,8990,28074,484,5468,629,0.8968
2026-10-06,6215986499,2,688.5,696,681,10953570,4464,761443,190,272667,4450,0.9839
2026-10-06,5012222382,2,678.5,780,577,1046467104,12856,1825410,17,695442,96581,0.8781
2026-10-06,1921509404,2,653.5,1034,273,260193023,18364,176115,15,41817,12855,0.7649
2026-10-06,10765834825,2,652.0,766,538,2507602,15976,5130,41,2952,1533,0.6582
2026-10-06,9442472087,1,643.0,643,643,11245069,0,281532,0,30714,2429,0.9267
2026-10-06,10389762549,2,642.0,713,571,858569,3212,8195,23,11544,277,0.9766
2026-10-06,115797356,2,639.5,770,509,1238662272,10416,2843599,-2,936963,201786,0.8228
2026-10-06,1147304238,2,639.0,672,606,612895803,6470,1275624,-8,469484,45981,0.9108
2026-10-06,2137105308,1,639.0,639,639,55049517,0,171265,0,39308,13321,0.7469
2026-10-06,10181310479,2,634.0,659,609,17213325,16141,20606,9,7843,1225,0.8649
2026-10-06,10766494202,1,629.0,629,629,3688345,0,20433,0,5669,2126,0.7273
2026-10-06,1180269832,2,624.0,640,608,155307030,3582,882873,10,370737,30651,0.9236
2026-10-06,6280758286,2,623.0,874,372,56346206,3965,43201,3,35236,4984,0.8761
2026-10-06,10399524075,2,622.0,750,494,6086525,6620,33824,31,41214,1227,0.9711
2026-10-06,3262314006,2,621.0,623,619,549003609,3089,854756,-2,556019,38181,0.9357
2026-10-06,10249209189,1,616.0,616,616,59608999,0,353907,0,864511,11371,0.987
2026-10-06,1198533421,2,613.0,656,570,184494872,6445,734299,13,256526,28978,0.8985
2026-10-06,10426768719,2,612.0,750,474,573002,8237,12187,161,2979,2761,0.519
2026-10-06,7372152033,2,609.5,660,559,33788488,8634,59199,14,17131,6360,0.7293
2026-10-06,10428543942,2,607.5,726,489,4941008,7592,26439,19,10912,1838,0.8558
2026-10-06,7428819247,2,606.0,650,562,38082481,8244,255398,20,54503,4493,0.9238
2026-10-06,3634139746,1,598.0,598,598,164430602,0,98518,0,50624,20011,0.7167
2026-10-06,1784051919,2,596.0,693,499,232679771,20340,2121796,56,355096,20981,0.9442
2026-10-06,4457060041,2,594.0,926,262,145364683,8570,233175,9,95978,13764,0.8746
2026-10-06,10299762956,2,586.0,716,456,36464824,9873,121734,18,102082,5226,0.9513
2026-10-06,10642702105,2,579.5,615,544,3798956,4146,12914,8,25735,1282,0.9525
2026-10-06,3761186887,2,575.5,609,542,437311769,8458,2335066,47,589481,51651,0.9194
2026-10-06,7983308985,2,571.5,603,540,136875948,10410,237724,12,491173,20154,0.9606
2026-10-06,10445832507,2,570.0,667,473,767038,6508,10682,36,12752,523,0.9606
2026-10-06,8503596762,2,567.5,677,458,3044932,9078,33825,128,12567,999,0.9264
2026-10-06,5295169598,2,561.0,631,491,255858205,12108,2265948,127,489393,12439,0.9752
2026-10-06,9229146348,2,557.0,640,474,10457089,6647,39401,20,16993,4191,0.8022
2026-10-06,10766057873,2,555.5,570,541,173899,6991,6748,258,1205,436,0.7343
2026-10-06,1719305066,2,554.0,610,498,154585287,14034,377138,38,133867,13820,0.9064
2026-10-06,7101140819,2,552.5,593,512,32701725,5617,118198,10,60278,9280,0.8666
2026-10-06,3170483284,2,546.0,814,278,72351892,8151,211762,12,55328,15654,0.7795
2026-10-06,6153964325,2,538.5,586,491,192217871,11740,537800,27,53003,18439,0.7419
2026-10-06,124283622,2,538.5,540,537,793442465,11417,672736,43,256096,86657,0.7472
2026-10-06,10589388621,2,531.0,555,507,3709619,10100,248786,277,13801,1098,0.9263
2026-10-06,2065706268,2,519.5,568,471,163424183,24393,417265,75,74125,17899,0.8055
2026-10-06,4150150482,2,512.0,574,450,14071219,10920,13723,3,7337,1935,0.7913
2026-10-06,1718755273,2,506.5,527,486,86532198,4855,322179,19,136536,45261,0.751
2026-10-06,7350402084,2,502.0,535,469,14616682,5490,23616,6,8609,1365,0.8631
2026-10-06,10219827882,2,502.0,527,477,10909449,4951,103294,41,232098,2543,0.9892
2026-10-06,9511454418,1,497.0,497,497,4274211,0,34252,0,18246,1634,0.9178
2026-10-06,6996253752,2,486.5,564,409,17282109,4229,113247,7,51270,2212,0.9586
2026-10-06,4201418016,2,482.0,504,460,149289335,6258,285808,5,144926,13338,0.9157
2026-10-06,7307246329,2,480.5,606,355,206778456,14543,2352591,136,265562,45687,0.8532
2026-10-06,10569930060,2,480.0,492,468,13557539,16231,202833,123,70053,7693,0.901
2026-10-06,9796643263,2,480.0,526,434,26662159,7838,977781,254,5544,1519,0.7849
2026-10-06,10241783978,2,477.5,578,377,2189756,8337,112623,352,53622,1531,0.9722
2026-10-06,8946565814,2,475.0,482,468,27022547,4131,27367,9,33607,2223,0.938
2026-10-06,7706951053,2,474.5,570,379,74391494,8009,752578,125,51574,14494,0.7806
2026-10-06,1775919872,2,471.0,492,450,135849084,4031,522303,10,227982,18987,0.9231
2026-10-06,9076692567,2,465.5,539,392,34577180,14995,156315,64,41599,8799,0.8254
2026-10-06,7037673488,2,461.5,471,452,5071759,3128,5822,1,5315,991,0.8428
2026-10-06,10699057921,2,460.5,499,422,4052166,5386,52098,29,10444,1586,0.8682
2026-10-06,4676287985,2,455.5,480,431,78204411,4118,316548,2,121488,11184,0.9157
2026-10-06,123956318,2,455.5,556,355,33595417,3537,344817,5,78757,17766,0.8159
2026-10-06,10508386614,2,451.5,509,394,280335,8504,4895,190,9276,258,0.9729
2026-10-06,8214054500,2,444.0,449,439,145522187,7363,431209,25,1089034,27709,0.9752
2026-10-06,114070244,2,444.0,460,428,354010074,9297,1221661,29,276441,57404,0.8281
2026-10-06,8269273068,2,424.0,451,397,41421498,8339,268082,18,284786,12338,0.9585
2026-10-06,3232838484,2,421.5,468,375,91570529,5679,136983,8,46763,3869,0.9236
2026-10-06,10761143648,1,421.0,421,421,3883171,0,22785,0,16595,520,0.9696
2026-10-06,10422038064,2,418.5,522,315,2040155,18946,8181,29,3492,198,0.9463
2026-10-06,8058628992,2,417.0,446,388,177643990,11317,585418,32,75310,6632,0.9191
2026-10-06,1527252839,2,408.5,436,381,605145363,10715,2876827,223,82789,23596,0.7782
2026-10-06,7091388561,2,405.5,487,324,133661939,10286,119275,31,166936,14227,0.9215
2026-10-06,10503838245,2,403.5,425,382,3466271,3134,191668,49,86167,891,0.9898
2026-10-06,1393178180,2,399.0,719,79,101206940,3379,192464,16,92688,15666,0.8554
2026-10-06,9898409899,2,392.5,533,252,40404748,4077,236542,19,68296,15741,0.8127
2026-10-06,9792947201,2,381.5,410,353,536190753,5728,3520789,6,814490,19911,0.9761
2026-10-06,10765927544,2,375.0,654,96,754323,3712,2216,17,1557,145,0.9148
2026-10-06,3289847355,2,374.0,393,355,31530276,3297,43313,3,15917,3676,0.8124
2026-10-06,10765718108,2,372.5,384,361,1820974,8876,48011,281,9370,1252,0.8821
2026-10-06,10667860714,1,372.0,372,372,2267162,0,129856,0,59722,1217,0.98
2026-10-06,10202515720,2,367.5,368,367,2830151,3313,5437,8,2825,381,0.8812
2026-10-06,1165835263,2,367.0,378,356,91926057,3438,264629,8,114360,18234,0.8625
2026-10-06,9671745030,2,365.5,398,333,17228416,13588,111328,80,25972,2302,0.9186
2026-10-06,9751615286,2,364.5,372,357,15250444,8048,17173,8,10463,1519,0.8732
2026-10-06,3476371299,2,354.0,369,339,978570473,5761,1365949,12,1570543,63820,0.961
2026-10-06,9702840627,2,343.0,358,328,11615622,6291,201510,105,164326,5651,0.9668
2026-10-06,833209132,2,329.5,334,325,100683024,2241,899356,1,256966,27882,0.9021
2026-10-06,7882829745,2,329.0,340,318,361013148,2670,984671,4,481517,9389,0.9809
2026-10-06,7665084235,1,325.0,325,325,24268810,0,316580,0,56800,5682,0.9091
2026-10-06,7848204961,2,316.5,419,214,9764456,2221,85731,4,13115,1288,0.9106
2026-10-06,4462613685,2,314.5,523,106,28641186,1939,177475,5,17843,6017,0.7478
2026-10-06,5049569843,2,311.5,328,295,135387398,4153,533535,7,146260,7065,0.9539
2026-10-06,1953956112,2,310.0,323,297,62578229,5111,885726,9,45241,5256,0.8959
2026-10-06,5905501282,2,301.5,306,297,84953515,6996,1756526,-4,108424,25789,0.8079
2026-10-06,9031167776,2,296.5,318,275,2184019,4891,14982,10,4902,346,0.9341
2026-10-06,5488708927,2,276.0,314,238,7558317,2140,21659,3,5888,987,0.8564
2026-10-06,10313654312,2,196.0,318,74,1980329,3499,5787,9,1204,340,0.7798
2026-10-06,0,1,0.0,0,0,0,0,0,0,,,
