ts,place_id,universe_id,name,playing
2026-10-08T00:11:28Z,107778070777162,10563114921,Steal An Egg,1007941
2026-10-08T00:11:28Z,4924922222,1686885941,Brookhaven 🏡RP,312272
2026-10-08T00:11:28Z,142823291,66654135,Murder Mystery 2,192463
2026-10-08T00:11:28Z,920587237,383310974,[🎃] Adopt Me!,165965
2026-10-08T00:11:28Z,2753915549,994732206,Blox Fruits,146756
2026-10-08T00:11:28Z,79546208627805,7326934954,99 Nights in the Forest 🔦,143147
2026-10-08T00:11:28Z,9391468976,3508322461,[SKY ASSASSIN] Jujutsu Shenanigans,143143
2026-10-08T00:11:28Z,16116270224,5569032992,🎃 Dandy's World [ALPHA],140989
2026-10-08T00:11:28Z,17625359962,6035872082,RIVALS,132108
2026-10-08T00:11:28Z,107535308163741,10764627709,Huss Valley,96669
2026-10-08T00:11:28Z,109983668079237,7709344486,[🌗] Steal a Brainrot,91523
2026-10-08T00:11:28Z,135856908115931,7219654364,[🎃DUELS] Murderers VS Sheriffs,76392
2026-10-08T00:11:28Z,16205713724,5595353122,Slayers 2,72698
2026-10-08T00:11:28Z,7041939546,2711375305,Catalog Avatar Creator,67341
2026-10-08T00:11:28Z,121864768012064,6701277882,[🦑UPD] Fish It! 🐟,66880
2026-10-08T00:11:28Z,16732694052,5750914919,Fisch 🎂 [BIRTHDAY],59724
2026-10-08T00:11:28Z,95082159892680,9584852943,[X20] +1 Speed Keyboard Escape | Candy & Chocolate,59562
2026-10-08T00:11:28Z,18687417158,6331902150,Forsaken,56272
2026-10-08T00:11:28Z,113290951185459,10708913337,[🎉 UPD 7] Anime Dice,55140
2026-10-08T00:11:28Z,124216119978534,10035204815,[⚡] Ride A Pet,53115
2026-10-08T00:11:28Z,8737899170,3317771874,🎃 [HATCH WARS] Pet Simulator 99! 🍀,53007
2026-10-08T00:11:28Z,15101393044,5203828273,Dress To Impress ⭐,49200
2026-10-08T00:11:28Z,126987974021910,10155360168,Illegal Soccer,48938
2026-10-08T00:11:28Z,114326934417838,10765288803,Break and Steal an Egg,46690
2026-10-08T00:11:28Z,73956553001240,6931042565,[UPD] Volleyball Legends,45933
2026-10-08T00:11:28Z,8481844229,3240075297,Berry Avenue 🏠 RP,45213
2026-10-08T00:11:28Z,6516141723,2440500124,DOORS 🚨,43380
2026-10-08T00:11:28Z,10449761463,3808081382,The Strongest Battlegrounds,42729
2026-10-08T00:11:28Z,127994242634536,8901905971,🤔 Killer or Not,41969
2026-10-08T00:11:28Z,13967668166,4839802560,LifeTogether 🏠 RP,30604
2026-10-08T00:11:28Z,14315258385,4949420752,Realistic Street Soccer,29546
2026-10-08T00:11:28Z,78515283254292,10148749921,Animal Hospital (Anomaly) 🧪,29212
2026-10-08T00:11:28Z,15532962292,5361032378,Sol's RNG [ Eon 1-29 ],27894
2026-10-08T00:11:28Z,96510596525082,10685282333,Ball VS Ball,26966
2026-10-08T00:11:28Z,893973440,372226183,Flee the Facility,26740
2026-10-08T00:11:28Z,74395953411817,6521100398,Dreamville 🏡 RP [Multiple Kids! 👧],26250
2026-10-08T00:11:28Z,6872265039,2619619496,BedWars [🎣RERELEASE🪤],25782
2026-10-08T00:11:28Z,111543903102439,10765298801,+1 Stone Skipping,24826
2026-10-08T00:11:28Z,104715542330896,6765805766,BlockSpin 🔪 [MANSION UNDERGROUND],23987
2026-10-08T00:11:28Z,99409088950210,10673920146,Survive a Million Monkeys,23628
2026-10-08T00:11:28Z,118805555015549,10684750879,[BOSS]+1 Loot To Forge,23362
2026-10-08T00:11:28Z,1537690962,601130232,Bee Swarm Simulator,23282
2026-10-08T00:11:28Z,9872472334,3647333358,Evade,21894
2026-10-08T00:11:28Z,93978595733734,6739698191,[CURE] Violence District,21447
2026-10-08T00:11:28Z,116802325837172,10766506199,7 Days Cat-Sitting,20871
2026-10-08T00:11:28Z,16146832113,5578556129,Anime Vanguards: Wrathful Assault,20501
2026-10-08T00:11:28Z,17516596118,5995470825,[🎃BATTLEPASS] Hypershot,19614
2026-10-08T00:11:28Z,2338325648,184199275,[🔥] NFL Universe Football,19498
2026-10-08T00:11:28Z,18668065416,6325068386,[🧟‍♂️ Don Lorenzo] Blue Lock: Rivals,19478
2026-10-08T00:11:28Z,4623386862,1516533665,Piggy [SEASON 9 - FRIGHT NIGHT],18946
2026-10-08T00:11:28Z,6961824067,2668101271,Fling Things and People,17668
2026-10-08T00:11:28Z,5233782396,1831550657,✨ Creatures of Sonaria 📜 Survive Kaiju Animals,17577
2026-10-08T00:11:28Z,3351674303,1202096104,Driving Empire,17226
2026-10-08T00:11:28Z,1730877806,648454481,[🍬HALLOWEEN PT 1] Grand Piece Online,17024
2026-10-08T00:11:28Z,75387700043737,7554119808,🛍️ My Avatar!,16694
2026-10-08T00:11:28Z,114574503491412,10512942223,Anime Zero [FLAME DIRECTOR] 🔥👻,16492
2026-10-08T00:11:28Z,101770480176177,10258991999,[MONGOLS] Command An Army,16198
2026-10-08T00:11:28Z,1458767429,578392296,ABA,15717
2026-10-08T00:11:28Z,117951390082378,10764926550,survive simulator,15702
2026-10-08T00:11:28Z,185655149,88070565,[🍂] Welcome to Bloxburg,15692
2026-10-08T00:11:28Z,117713779364528,8178086002,Lethal Ape Experience [☠️BTM],15451
2026-10-08T00:11:28Z,99679692310083,10766056678,Steal Animal Egg,15167
2026-10-08T00:11:28Z,13600218266,4723764956,🎥My Movie,15037
2026-10-08T00:11:28Z,7171174521,2783797267,[🌲FOREST🌲] American Plains Mudding,14668
2026-10-08T00:11:28Z,74188431054457,9978329815,Mukbang Game [Testing]🥞🧇!,14339
2026-10-08T00:11:28Z,78490532994307,10436530264,Build An Ant Empire,14182
2026-10-08T00:11:28Z,123720558354386,10765012427,Build the Pyramid!,13435
2026-10-08T00:11:28Z,126884695634066,7436755782,[🧑‍🌾] Grow a Garden 🌶️,13381
2026-10-08T00:11:28Z,109928390521457,10675117523,Anime Breaker [🏰TOWER],13176
2026-10-08T00:11:28Z,13772394625,4777817887,Blade Ball,13104
2026-10-08T00:11:28Z,14608970270,5039839070,(ANNIVERSARY) Outcome Memories v0.2,13069
2026-10-08T00:11:28Z,118418618261207,7585140258,RUNAWAYS [beta],12869
2026-10-08T00:11:28Z,122446657157717,9534705677,[🔥NEW SNIPER] Sniper Arena,12600
2026-10-08T00:11:28Z,94647229517154,6945584306,[💀QOL🐱] Azure Latch,12365
2026-10-08T00:11:28Z,82081400078378,10765686447,Steal ASMR!,12349
2026-10-08T00:11:28Z,116495829188952,7018190066,Dead Rails,12308
2026-10-08T00:11:28Z,90568084448279,9294074907,[FPS] One Tap,12299
2026-10-08T00:11:28Z,13379208636,4658598196,Attack on Titan Revolution,12254
2026-10-08T00:11:28Z,122485613019196,6774320049,Dubai 🏡 RP [KIDS UPDATE! 👶🎉],12241
2026-10-08T00:11:28Z,108567435288296,10399136326,Anime Ability Arena,12137
2026-10-08T00:11:28Z,98800969324557,10261267004,[🚂 UPD] Storage Hunters: Open World,11687
2026-10-08T00:11:28Z,101880234193261,10767012496,[UPDATE] Turbo Soccer : Beta 1.0,11629
2026-10-08T00:11:28Z,5289509545,1852226622,Gacha Online ✨ RP,11607
2026-10-08T00:11:28Z,122245938604556,10681914462,[☁️WORLD 2] +1 Tongue Escape😛,11460
2026-10-08T00:11:28Z,127403135954624,10732236937,[ Halloween ] Kaiju Alpha,11410
2026-10-08T00:11:28Z,102072869879193,10502841145,[OVERCLOCK] Anime Astral Simulator,11387
2026-10-08T00:11:28Z,77108422251420,10756011174,[🔱] Search For The Needle,11034
2026-10-08T00:11:28Z,7554888362,2936053166,[🦑] Squid Game X,10992
2026-10-08T00:11:28Z,12177325772,4293374620,FIFA Super Soccer,10987
2026-10-08T00:11:28Z,103037106396302,10460801145,TROLL Hug Tower,10921
2026-10-08T00:11:28Z,120656419209274,10766721625,(🌀) Drill for Eggs,10909
2026-10-08T00:11:28Z,104320321984431,10744310825,Paint to Get Rich [MUSEUM] 🎨,10717
2026-10-08T00:11:28Z,79480724066456,8719555347,[🛥️Boats🛥️] Southern Mudding 🚜 OffRoading,10712
2026-10-08T00:11:28Z,6205205961,2274830359,Escape Running Head,10647
2026-10-08T00:11:28Z,119271610514030,9491545867,[NOW] Break a Brainrot Egg!,10549
2026-10-08T00:11:28Z,12334109280,4342047058,Guts & Blackpowder,10485
2026-10-08T00:11:28Z,1962086868,703124385,Tower of Hell,10331
2026-10-08T00:11:28Z,94009908234110,10765582175,dogs,10199
2026-10-08T00:11:28Z,94823097601547,10715453071,Re://Adventures [UPD 1 🔥 ],10125
2026-10-08T00:11:28Z,135486323963203,9825259729,Duck Duck (Tag) 🦆,10114
2026-10-08T00:11:28Z,107164765081465,10550257968,Steal A Verity!,10107
2026-10-08T00:11:28Z,132173349090360,10630800860,Color My Flag,9874
2026-10-08T00:11:28Z,120851538706364,9561553764,Murder Duels,9787
2026-10-08T00:11:28Z,105011592530400,10741654282,Build and Kill Zombies,9784
2026-10-08T00:11:28Z,537413528,210851291,Build A Boat For Treasure,9754
2026-10-08T00:11:28Z,128448883585036,10516066038,+1 Skinny Per Step,9727
2026-10-08T00:11:28Z,99567941238278,7008097940,[🥇] Ink Game,9667
2026-10-08T00:11:28Z,137228775845999,10173311467,Ghost Driver [ALPHA],9652
2026-10-08T00:11:28Z,79268393072444,7395930870,Sell Lemons 🍋,9570
2026-10-08T00:11:28Z,117935850321807,10768023539,Makeup Mania! BETA [LIMITED NECKLACE],9525
2026-10-08T00:11:28Z,113481077323469,10761687472,Scream And Run [VERITY],9519
2026-10-08T00:11:28Z,128736949265057,9199655655,(学乱) Gakuran,9470
2026-10-08T00:11:28Z,76838459031868,10001039611,just an innocent game,9284
2026-10-08T00:11:28Z,89469502395769,10004244222,[🍂] Kick a Lucky Block,9211
2026-10-08T00:11:28Z,78453398695059,10665420648,[UPD 2] THRESHOLD,8922
2026-10-08T00:11:28Z,124061247871628,10701628624,Animal Daycare (Anomaly),8825
2026-10-08T00:11:28Z,97577741629233,10222476236,⭐Catalog Avatar Runway,8809
2026-10-08T00:11:28Z,132767904294856,10700618962,[⚽] Blue Lock Farm,8783
2026-10-08T00:11:28Z,122606989565107,8401518398,Obby But You're on a Scooter,8584
2026-10-08T00:11:28Z,3260590327,1176784616,Tower Defense Simulator,8418
2026-10-08T00:11:28Z,128899661081075,10737656087,(👑UPDATE👑) THA BRONX 3,8373
2026-10-08T00:11:28Z,70411440483149,9167377564,100 Days At Sea,8367
2026-10-08T00:11:28Z,92637789841354,10539411000,🍂 Clean all the Leaves,8181
2026-10-08T00:11:28Z,11158043705,3990106548,Baddies 💅,8171
2026-10-08T00:11:28Z,12593620250,4420562665,[🎃EVENT] Ride Storm,8132
2026-10-08T00:11:28Z,11379739543,4049246711,Timebomb Duels [Alpha],8090
2026-10-08T00:11:28Z,120700541929930,7108384194,Knife VS Gun DUELS,8090
2026-10-08T00:11:28Z,15318113891,5283219861,Lethal Ape (Caves),8087
2026-10-08T00:11:28Z,6358567974,2355999843,Salon de Fiestas,8086
2026-10-08T00:11:28Z,112731528776884,9641502068,[UPD] KNIFE DUELS,8029
2026-10-08T00:11:28Z,189707,65241,Natural Disaster Survival,7973
2026-10-08T00:11:28Z,2534724415,903807016,[🗺️] Emergency Response: Liberty County,7960
2026-10-08T00:11:28Z,102764584124249,10597001332,I Can Read Your Mind,7910
2026-10-08T00:11:28Z,113506071094099,7996365376,[🌴] SHARP,7870
2026-10-08T00:11:28Z,130739873848552,7028566528,[PERFECTION ✨] Basketball: Zero,7818
2026-10-08T00:11:28Z,134208374070897,10624691669,{ Pt. 2 } MONOCHROME👁️,7797
2026-10-08T00:11:28Z,8712817601,3310460039,🚨BARRY'S PRISON RUN! (OBBY),7782
2026-10-08T00:11:28Z,735030788,321778215,Royale🎃High,7755
2026-10-08T00:11:28Z,128119795963270,7856039629,Murder Mystery DUELS,7736
2026-10-08T00:11:28Z,136020512003847,9855761734,[GANGS] San Diego Roleplay,7513
2026-10-08T00:11:28Z,94217045453265,9051406594,Dueling Grounds ⚔️,7495
2026-10-08T00:11:28Z,135911818477576,10766240516,Shoot For Eggs,7383
2026-10-08T00:11:28Z,101906032112547,9796898051,Drill to Earth’s Core 🌎,7299
2026-10-08T00:11:28Z,13621938427,4730278139,[DEIMOS👹] untitled boxing game 🥊,7265
2026-10-08T00:11:28Z,131346454575416,9837612476,[💥] Mini War,7222
2026-10-08T00:11:28Z,86537831042007,10767825538,Sarab,7202
2026-10-08T00:11:28Z,82866880824588,9908641400,Football Fusion 3,7177
2026-10-08T00:11:28Z,84556640895285,10057403337,[🔥 BERSERKER] Deagle Arena,7157
2026-10-08T00:11:28Z,74865107636750,10741514942,Renovate A House,7156
2026-10-08T00:11:28Z,6403373529,2380077519,[UPDATE🏴‍☠️] Slap Battles👏,7007
2026-10-08T00:11:28Z,131378148336503,7089588429,(WHEELIE STYLE x BIG UPDATE) Drag Drive Simulator,6927
2026-10-08T00:11:28Z,72920620366355,8307114974,[SEASON 3] Operation One,6902
2026-10-08T00:11:28Z,3663340706,1278035280,Warrior Cats: Ultimate Edition,6890
2026-10-08T00:11:28Z,80242821185181,10764897725,+1 Wings For Eggs,6877
2026-10-08T00:11:28Z,12355337193,4348829796,MVSD | Murderers VS Sheriffs Duels,6873
2026-10-08T00:11:28Z,84515722934860,7613921865,[🧪] Anime Expeditions,6848
2026-10-08T00:11:28Z,11765402359,4165164803,Clip It 😂🎬👗,6775
2026-10-08T00:11:28Z,127877871885165,6635513269,he ate them. [HORROR],6748
2026-10-08T00:11:28Z,110175021189594,10230942274,Ability Arena 💥,6711
2026-10-08T00:11:28Z,72105128013629,10766725034,Kidnap And Jail,6708
2026-10-08T00:11:28Z,109203247742910,10763764817,Swing For Eggs,6675
2026-10-08T00:11:28Z,155615604,73885730,Prison Life,6670
2026-10-08T00:11:28Z,117949143041402,10116272705,[ 🎉RELEASE ] Anime Mysterious,6649
2026-10-08T00:11:28Z,134728380684025,10766578375,[NEW] Aisles Of The Locust,6634
2026-10-08T00:11:28Z,12985361032,4540138978,Metro Life 🏡 City RP,6605
2026-10-08T00:11:28Z,114697347887839,10144280947,🐒 +1 Speed Monkey Escape,6599
2026-10-08T00:11:28Z,109694820409483,9830725726,[W27] Obby But You're on a Kart,6574
2026-10-08T00:11:28Z,85896571713843,6504986360,[🍁UPD] Bubble Gum Simulator INFINITY,6535
2026-10-08T00:11:28Z,86479448397834,7488668004,🎃 Bake or Die 💀,6530
2026-10-08T00:11:28Z,13687899540,4750561026,Cold War [VIETNAM],6473
2026-10-08T00:11:28Z,107467295209358,7398552394,A desrt [SANDBOX],6466
2026-10-08T00:11:28Z,8704997000,3308103880,[🧪] Maple Hospital 🍂,6413
2026-10-08T00:11:28Z,891852901,371263894,Greenville RP (⭐AUDI + SHELBY RELATED + RACES!),6401
2026-10-08T00:11:28Z,77843161404023,9970645639,Run a Restaurant!,6348
2026-10-08T00:11:28Z,76943966208523,10766008884,Clone to Steal Eggs,6331
2026-10-08T00:11:28Z,107894105055312,7948426536,[🎃👻UPDATE] Wax ASMR Tower,6272
2026-10-08T00:11:28Z,117448312570314,10762388019,[1 & 2 PLAYER] Grapple Cart Obby,6222
2026-10-08T00:11:28Z,100429474155186,10321202755,[✨] Anime Fighting Simulator,6220
2026-10-08T00:11:28Z,119048529960596,7094518649,[🛵] Restaurant Tycoon 3,6216
2026-10-08T00:11:28Z,79389059854988,10740316645,⛏️ My Anime Mine,6212
2026-10-08T00:11:28Z,4639625707,1526814825,[Visby] War Tycoon,6205
2026-10-08T00:11:28Z,2768379856,1000233041,3008 [2.75],6184
2026-10-08T00:11:28Z,12699642568,4452297356,Neighbors 🔊,6183
2026-10-08T00:11:28Z,121165298854655,10759518799,[CLASSES] DON'T LET HIM IN,6170
2026-10-08T00:11:28Z,16389395869,5650396773,a dusty trip [🚗SEASON],6140
2026-10-08T00:11:28Z,76841016201110,10667357873,[🍀X3] 💭Dream Car Collection,6056
2026-10-08T00:11:28Z,3623096087,1268927906,💪Muscle Legends,5967
2026-10-08T00:11:28Z,134459712190924,10529769390,[📊PATCH📊] Slop Tower Defense! 💔,5908
2026-10-08T00:11:28Z,4637668954,1525626450,(🍂) Rensselaer County,5903
2026-10-08T00:11:28Z,128784467030899,10199301628,[UPD🚀] Merge a Nuke!,5883
2026-10-08T00:11:28Z,14422394494,4983034985,Conquer The World WW2 [👑 Formables ],5873
2026-10-08T00:11:28Z,121831322352666,10765013362,Dig For Eggs,5827
2026-10-08T00:11:28Z,85245205758607,10278774552,[UPD] Paint Or Seek [Chameleon],5801
2026-10-08T00:11:28Z,137477934962022,10767240772,Crack the Egg 🥚,5799
2026-10-08T00:11:28Z,102489700929678,10605467256,Lucky Block World,5785
2026-10-08T00:11:28Z,87740422849523,10765153945,Steal A Car,5780
2026-10-08T00:11:28Z,98610101874791,10766138478,+1 Strength for Eggs,5767
2026-10-08T00:11:28Z,606849621,245662005,Jailbreak,5736
2026-10-08T00:11:28Z,111063058742520,10043030167,Chat is back,5734
2026-10-08T00:11:28Z,111097829542198,9880286438,[Wild Hunt Upd!] Legacy Piece,5729
2026-10-08T00:11:28Z,16625391970,5720553711,NewSmith 🏡 RP,5651
2026-10-08T00:11:28Z,77649408247578,9931749389,🎃HALLOWEEN 🎃 Dungeon Quest Reborn,5501
2026-10-08T00:11:28Z,82457571485380,10138624079,Zombie Rush Survival 🧟‍♂️,5478
2026-10-08T00:11:28Z,120475074479690,10753751277,Steal From The Rich!,5476
2026-10-08T00:11:28Z,132239307080610,10526853622,[🌋] Deep Fishing🎣,5470
2026-10-08T00:11:28Z,1365404657,547524060,Feather Family 🎃 [Burrowing Owl],5410
2026-10-08T00:11:28Z,92122513197996,9145063979,⛏️Dig to Escape,5247
2026-10-08T00:11:28Z,118298168947099,10601155553,That Freekick Challenge (TFC),5213
2026-10-08T00:11:28Z,135193469413243,8160348242,MM2 Aim Trainer 2,5205
2026-10-08T00:11:28Z,114501358617756,7960300951,Bridge Battles!,5170
2026-10-08T00:11:28Z,115668616082195,10762757054,WHO FARTED?,5137
2026-10-08T00:11:28Z,3475397644,1235188606,[⭐SZN 10] Dragon Adventures 🐉,5126
2026-10-08T00:11:28Z,124761153798409,10254680421,[🎃] Soccer Stars 26,5116
2026-10-08T00:11:28Z,139020444733179,10696894951,Survive Deep in the Woods,5108
2026-10-08T00:11:28Z,13482468151,4689722433,Kitten Game 🐾,5065
2026-10-08T00:11:28Z,121780816998126,10717199977,100 Days on Chunk,5042
2026-10-08T00:11:28Z,132352755769957,6749060816,Asylum Life 🔊,5030
2026-10-08T00:11:28Z,96168869671905,9472441390,💎 ROB IT,5021
2026-10-08T00:11:28Z,16447934574,5666473198,[🎃] Soccer: Touch Football,4985
2026-10-08T00:11:28Z,138110382920220,10764297006,Pixel Conquest,4958
2026-10-08T00:11:28Z,138686218420016,10532995815,[🎃] Mine Antarctica,4950
2026-10-08T00:11:28Z,110829983956014,6682487255,[ 🪄🎩] Anime Card Clash,4920
2026-10-08T00:11:28Z,101480963912212,9296252245,[🔥AURA] Phonk Edit Tower 🎶,4912
2026-10-08T00:11:28Z,90148635862803,9098570654,🧟 Survive the Apocalypse,4891
2026-10-08T00:11:28Z,70906625936847,6443367640,Gym Star Simulator 🏋️,4848
2026-10-08T00:11:28Z,101914772188620,9490116046,Build with Voxels 🔨,4848
2026-10-08T00:11:28Z,7991339063,3085257211,Rainbow Friends,4844
2026-10-08T00:11:28Z,13822889,2471084,🌳 Lumber Tycoon 2,4837
2026-10-08T00:11:28Z,14259168147,4931927012,[🎃]🏀Basketball Legends🏀,4832
2026-10-08T00:11:28Z,10941514720,3945578236,Chaos Jenga,4826
2026-10-08T00:11:28Z,128451689942376,6760085372,[🎞️ DOMAIN] Jujutsu: Zero,4826
2026-10-08T00:11:28Z,15002061926,5166944221,Death Ball,4807
2026-10-08T00:11:28Z,137095720966003,10766395909,Film Animals [1-5 Player],4800
2026-10-08T00:11:28Z,6989310863,2682938349,Wild Horse Islands,4782
2026-10-08T00:11:28Z,74260430392611,7178032757,[🍁] Rebirth Champions: Ultimate,4757
2026-10-08T00:11:28Z,2418863943,850110028,"[HIGHWAY TRAFFIC] Roanoke, VA Driving RP",4753
2026-10-08T00:11:28Z,15198166649,5239362765,DON'T GET ELIMINATED,4705
2026-10-08T00:11:28Z,13076380114,4568630521,[💥] Heroes Battlegrounds,4700
2026-10-08T00:11:28Z,139536504610209,10737986845,🛠️Build and Kill Verity,4695
2026-10-08T00:11:28Z,116921506811323,10526463655,[NEW] 8 Ball Duels,4684
2026-10-08T00:11:28Z,74629631798007,10759638075,[🎣 UPD] Pets Universe! 🐾,4667
2026-10-08T00:11:28Z,103429966174263,10608856704,+1 Paint Keyboard Adventure,4655
2026-10-08T00:11:28Z,140317247681516,7265977477,Jump Clicker 🚀,4646
2026-10-08T00:11:28Z,114234929420007,7633926880,[UPDATE] BloxStrike,4572
2026-10-08T00:11:28Z,93934100402512,9891331827,Clover Time [Early Access],4560
2026-10-08T00:11:28Z,133294838637122,10551595617,⚽ Jump To Steal Soccer Players ⚽,4546
2026-10-08T00:11:28Z,18753889337,6353751159,Main Street 🏡RP [Pets! 🐕],4450
2026-10-08T00:11:28Z,125039473548047,10144587520,[UPD☄️] Anime Card Farm,4433
2026-10-08T00:11:28Z,117985153726741,10553704684,Own a Grocery Store 🛒,4424
2026-10-08T00:11:28Z,13664698400,4743794878,The Classic Soccer,4417
2026-10-08T00:11:28Z,7772810845,3012965062,The Presentation Experience,4412
2026-10-08T00:11:28Z,127380660530951,7058980030,Survive Overnight in a Mega Store,4398
2026-10-08T00:11:28Z,70435795041539,9872734936,[UPD] Junk Mechanics,4397
2026-10-08T00:11:28Z,90913221847091,6505338302,🏈Football Legends🏈,4387
2026-10-08T00:11:28Z,129827112113663,7629331599,Prospecting! 💎,4366
2026-10-08T00:11:28Z,72387437800091,9506013695,DUELS [🌸SAKURA],4346
2026-10-08T00:11:28Z,120951586797306,10690942083,🙈 Killer or Innocent,4315
2026-10-08T00:11:28Z,91704854174760,10189903609,Finish The Word! [ SUMMER ],4277
2026-10-08T00:11:28Z,138860257448193,10714746778,Build Your Voxel Coaster,4266
2026-10-08T00:11:28Z,106078822951099,6818915584,🎠 Mingle Carousel [SQUID GAME 2],4259
2026-10-08T00:11:28Z,106838580527183,10440342381,Voxels,4246
2026-10-08T00:11:28Z,18666738837,6324644175,Death Order: Simon Says,4244
2026-10-08T00:11:28Z,14438406081,4987856151,Wanted [💰UPDATE],4237
2026-10-08T00:11:28Z,9503261072,3541611379,TB II | Tower Defense X: BETA,4232
2026-10-08T00:11:28Z,10165583746,3730079862,Examination,4213
2026-10-08T00:11:28Z,4520749081,1451439645,King Legacy,4198
2026-10-08T00:11:28Z,7305309231,2851381018,Taxi Boss 🚖,4197
2026-10-08T00:11:28Z,73621314943835,10399125962,Guess the character color,4166
2026-10-08T00:11:28Z,105452889569708,10370802481,[UPDATE] Beatball,4166
2026-10-08T00:11:28Z,117883700024872,10764533320,[UPD] Aura Dance Battles 🔥,4165
2026-10-08T00:11:28Z,14564651437,5026122481,Death in the Box,4144
2026-10-08T00:11:28Z,118447215156914,8156973419,Prism Runway Show💎,4137
2026-10-08T00:11:28Z,91064322438141,10752743876,💃[Disco dance] Trending Emote Dance,4113
2026-10-08T00:11:28Z,127089247654125,8813969120,[DELIVERIES🍔NEW TRACKS] TR Legacy,4082
2026-10-08T00:11:28Z,15240723287,5254920366,Secret Staycation,4081
2026-10-08T00:11:28Z,2809202155,1016936714,[CDR & DD] Your Bizarre Adventure,4075
2026-10-08T00:11:28Z,119789365111500,8520148363,💥 Tank Game! [2.4],4070
2026-10-08T00:11:28Z,7138009149,2765784373,PHIGHTING! [BETA],4052
2026-10-08T00:11:28Z,85103892698583,10603675889,A Long Walk 🪓,4043
2026-10-08T00:11:28Z,14236925335,4924789901,Neighbors 🔊 [18+],4030
2026-10-08T00:11:28Z,90906407195271,7883776681,[EVENT🎃] Racket Rivals,4030
2026-10-08T00:11:28Z,133585162751824,9480281767,Monopoly,3981
2026-10-08T00:11:28Z,166986752,79301772,🔨Plane Crazy🔨 [UPDATE],3960
2026-10-08T00:11:28Z,17882166032,6128091457,Clone Engine,3950
2026-10-08T00:11:28Z,92606991708989,10552240401,[UPD 7] Defeat Anime RNG,3949
2026-10-08T00:11:28Z,13416197699,4669328522,Zooo,3948
2026-10-08T00:11:28Z,114204398207377,9348272796,[UPDATE] Survive Zombie Arena,3937
2026-10-08T00:11:28Z,192800,47545,🍕Work at a Pizza Place,3914
2026-10-08T00:11:28Z,94640181989498,10338952197,Grow a Chicken Fighter,3911
2026-10-08T00:11:28Z,81239378558719,7823137182,Hide the body,3895
2026-10-08T00:11:28Z,85967844112283,10759337137,Last Stop [Beta],3861
2026-10-08T00:11:28Z,17698425045,6061766680,[UNBANS] fight in a school,3859
2026-10-08T00:11:28Z,135717153770519,7274244096,Toilet World Roleplay 2,3844
2026-10-08T00:11:28Z,82797688803922,9885372266,Unseen Liminality,3843
2026-10-08T00:11:28Z,92648272637932,10764479526,+1 Mog Evolution,3837
2026-10-08T00:11:28Z,73897506680154,10643795368,Idle Mafia Game,3824
2026-10-08T00:11:28Z,131479356121251,10521797740,[🍁] 50 Player BINGO!,3823
2026-10-08T00:11:28Z,103331563595376,10752833252,Gnomes! [Steal & Escape],3806
2026-10-08T00:11:28Z,70640255604878,10649255304,Pull An Egg,3786
2026-10-08T00:11:28Z,76153324611685,9957338123,[PRO] Kart Of Hell,3703
2026-10-08T00:11:28Z,17556820024,6010232141,Untitled Fling Game,3691
2026-10-08T00:11:28Z,15269951959,5265857965,Legends Battlegrounds,3655
2026-10-08T00:11:28Z,6507422231,2435789930,Twilight Daycare!✨RP [Dreamland ☁️🌙😴],3652
2026-10-08T00:11:28Z,102053304052438,10677698797,DELTARUNE Fight [UPDATE],3603
2026-10-08T00:11:28Z,113232329524315,7497471789,🔪 MAFIA [V2.3] - ACT II,3601
2026-10-08T00:11:28Z,13999660589,4850044287,Together [Party Game],3534
2026-10-08T00:11:28Z,130481402522628,10765190004,Anime High School RP,3533
2026-10-08T00:11:28Z,102837194624695,9807649116,[👮] Tactical: Swat Simulator,3529
2026-10-08T00:11:28Z,8317834514,3187874989,The Mad Murderer X,3495
2026-10-08T00:11:28Z,5985232436,2157872230,Infectious Smile,3486
2026-10-08T00:11:28Z,6366329104,2360092394,Off-Roading Epic,3477
2026-10-08T00:11:28Z,12931609417,4523856444,Color or Die 🎨,3475
2026-10-08T00:11:28Z,101914705206759,10767582899,[💻UPD] 📱 Build a Phone Empire,3472
2026-10-08T00:11:28Z,137334925228489,9949148856,[FPS] FLING,3467
2026-10-08T00:11:28Z,10253248401,3754482795,Elemental Powers Tycoon,3446
2026-10-08T00:11:28Z,120790217521707,7081611770,[💌] Roll a Fat Friend [2 Players Obby],3423
2026-10-08T00:11:28Z,113745337705295,9296042754,Riot City 🚨 Prison Escape,3419
2026-10-08T00:11:28Z,99449877692519,8524572339,bridger: WESTERN (GREEN DAY & OASIS),3390
2026-10-08T00:11:28Z,120189115846709,10090256806,TTK Testing [CUSTOMIZATION],3390
2026-10-08T00:11:28Z,119068914321553,9741874508,[⚔️CLANS] Traitor VS Sheriff DUELS,3377
2026-10-08T00:11:28Z,137826330724902,8539298853,Scary Shawarma Kiosk: the ANOMALY [horror],3368
2026-10-08T00:11:28Z,87468080405188,10123059921,[UPDATE] Home Alone: Anomalies,3367
2026-10-08T00:11:28Z,6382584061,2369077151,Build to Survive 🛠️,3365
2026-10-08T00:11:28Z,131623223084840,9363735110,[🌊] Escape Tsunami For Brainrots!,3364
2026-10-08T00:11:28Z,135535794227264,8965717730,100 Players Lava Escape 🔥,3344
2026-10-08T00:11:28Z,126815230666914,9803970239,Forsaken Combat,3321
2026-10-08T00:11:28Z,18199615050,6170143659,[UPD] Demonology🕯️,3319
2026-10-08T00:11:28Z,76911729991355,9965411707,[UPD 4🌊] Noob Incremental,3317
2026-10-08T00:11:28Z,18948446518,6417564879,Mr.Mix,3314
2026-10-08T00:11:28Z,9049840490,3405618667,Sonic Speed Simulator,3313
2026-10-08T00:11:28Z,109397169461300,7264587281,SNIPER DUELS,3308
2026-10-08T00:11:28Z,134381727982611,9826885587,Evomon[S3 TRADE],3307
2026-10-08T00:11:28Z,85070260180613,9812090239,Defend Your Base From Scary Worm,3304
2026-10-08T00:11:28Z,7243409883,2822776643,Elemental Magic Arena [🍀],3301
2026-10-08T00:11:28Z,2916899287,1054526971,Blackhawk Rescue Mission 5,3298
2026-10-08T00:11:28Z,108533757090220,7703614594,[⏳🧪] Garden Tower Defense 🌻,3287
2026-10-08T00:11:28Z,92722005168254,10764640833,SKI,3253
2026-10-08T00:11:28Z,14238596528,4925331346,Giga Mansion Tycoon 🏝️,3231
2026-10-08T00:11:28Z,134679507313109,10758397570,Steal an Egg for Squishy Dumplings!,3230
2026-10-08T00:11:28Z,99521272836282,9551044479,Final Swarm [🌊Atlantis],3228
2026-10-08T00:11:28Z,75317862071711,9584946743,[🌐 WORLD 9 EXPANSION] Immortality Incremental,3214
2026-10-08T00:11:28Z,129279692364812,7623259179,Nullscape [DOOM IN BLOOM],3212
2026-10-08T00:11:28Z,4616652839,1511883870,Shindo Life [250],3208
2026-10-08T00:11:28Z,84449017742177,10289201563,[NEW RIGS] Chameleon! 🎨,3205
2026-10-08T00:11:28Z,20321167,21164849,Pilot Training Flight Simulator,3204
2026-10-08T00:11:28Z,99925503388128,10039889230,[UPD] Fishing Master,3203
2026-10-08T00:11:28Z,102555956950143,10766135603,+1 Lift Rock for Treasure,3191
2026-10-08T00:11:28Z,113385977463481,10576739951,MM2 of The Locust [ORIGINAL],3170
2026-10-08T00:11:28Z,119355263204054,10310563053,Keyboard Wars,3165
2026-10-08T00:11:28Z,81734857983173,10415694629,Carry the Glass Together! [2 Player Obby],3157
2026-10-08T00:11:28Z,113323927469374,6688157118,Musical Chairs 🎵🪑,3156
2026-10-08T00:11:28Z,131117978948830,7155018773,[Testing] DMvsS,3150
2026-10-08T00:11:28Z,6884319169,2626227051,MIC UP 🔊,3146
2026-10-08T00:11:28Z,113956654824187,10765312940,[🌋] Swim For Eggs!,3135
2026-10-08T00:11:28Z,3457390032,1230230722,Club Roblox RP 💗 [👶 NEEDS],3126
2026-10-08T00:11:28Z,122498324859761,10763714513,2 Player Ice Cream Tycoon 🍦,3100
2026-10-08T00:11:28Z,137925884276740,7822444776,[VOID] ✈️ Build A Plane,3082
2026-10-08T00:11:28Z,286090429,111958650,Arsenal,3080
2026-10-08T00:11:28Z,98894876188248,9780429221,Cheating During Testing [BETA],3072
2026-10-08T00:11:28Z,123847390309161,9592387369,[HELL] Spiral Difficulty Chart Obby,3064
2026-10-08T00:11:28Z,85624479560888,10308844888,Board Of Hell,3060
2026-10-08T00:11:28Z,76285745979410,9362896961,[👹Boss] Anime Card Collection,3059
2026-10-08T00:11:28Z,4580204640,1489026993,🔪Survive the Killer!,3047
2026-10-08T00:11:28Z,138363592957250,10529067596,⛳ Hit a Golf Ball,3044
2026-10-08T00:11:28Z,71600459831333,6726637224,Street Life Remastered 🔥,3043
2026-10-08T00:11:28Z,74729868188364,9582986239,Fish an Anime RNG 🎲,3028
2026-10-08T00:11:28Z,4111023553,1359573625,Deepwoken,3020
2026-10-08T00:11:28Z,69184822,31970568,Theme Park Tycoon 2,3016
2026-10-08T00:11:28Z,114122724051462,10520829450,Spot and Mark!,3001
2026-10-08T00:11:28Z,122278212262864,10371406677,Race for Eggs,2999
2026-10-08T00:11:28Z,114381378262504,10119624374,Build Whatever! [🔨],2988
2026-10-08T00:11:28Z,4646477729,1531130248,Tower Heroes [UPD] 🎃,2978
2026-10-08T00:11:28Z,97248134864084,10765764482,[CHAPTER 2] Cut it Out!,2970
2026-10-08T00:11:28Z,115618367729321,9877481048,[SCYLLA + DUELS] TITAN BASH! (TESTING),2966
2026-10-08T00:11:28Z,8369888266,3204175584,Redcliff City 🏡RP,2946
2026-10-08T00:11:28Z,15550215902,5367389312,[🎵CUSTOM SERVERS] Sing It! Karaoke Battles [VC🎤],2939
2026-10-08T00:11:28Z,863266079,358276974,Apocalypse Rising 2,2938
2026-10-08T00:11:28Z,2551991523,911750776,Broken Bones IV,2936
2026-10-08T00:11:28Z,3678761576,1281592938,[🗣️CALLOUT🗣️] ENTRENCHED 🥀,2934
2026-10-08T00:11:28Z,124731807130219,10534873486,+1 Bite Per Click,2926
2026-10-08T00:11:28Z,126325864277234,10756780270,STOP! Word Duel,2924
2026-10-08T00:11:28Z,134363641369914,10376944238,Build Your Backrooms,2914
2026-10-08T00:11:28Z,121781732399469,10439568447,[UPD] Anomaly Cafe,2906
2026-10-08T00:11:28Z,73189007576537,7720654467,Blockies [2-3-4-5 Player Obby],2901
2026-10-08T00:11:28Z,137533474840546,10061909806,Sneak Out! 🤫,2889
2026-10-08T00:11:28Z,131103239963274,10255788071,Cowboy DUELS,2881
2026-10-08T00:11:28Z,125488740127641,8752324161,Build Anything! [🛠️],2875
2026-10-08T00:11:28Z,136404558442020,8836568224,[SEASON 3] Kayak and Surf 🌊,2871
2026-10-08T00:11:28Z,129253568870286,10060242820,Bonk & Block [5v5],2866
2026-10-08T00:11:28Z,133341016381877,6466404775,[🎃] MOUNT RNG,2858
2026-10-08T00:11:28Z,8884433153,3359505957,Collect All Pets!,2857
2026-10-08T00:11:28Z,78353262320982,7882785167,Enfosi,2849
2026-10-08T00:11:28Z,15768329004,5451143054,IT GIRL 🏝️,2843
2026-10-08T00:11:28Z,93091759101123,10031505426,FPS🔥AirDrop Arena [S5]🔥,2842
2026-10-08T00:11:28Z,71647256260480,7917550094,Podiums VC 🔊,2825
2026-10-08T00:11:28Z,115681808123944,10131390815,[🌎W8] Throw a Coin,2817
2026-10-08T00:11:28Z,15507022415,5351168809,Chiquititas - Ray of Light Orphanage 🏫,2814
2026-10-08T00:11:28Z,117533937949084,9910245722,Iron Soul: Dungeon,2794
2026-10-08T00:11:28Z,80734098185936,7359962123,An Average Campaign [Alpha v0.5.1],2790
2026-10-08T00:11:28Z,86259628805375,10310999762,💪 +1 Strength to Grow Your Arm！,2784
2026-10-08T00:11:28Z,4850588087,1648496580,Bendy and the ink Machine,2779
2026-10-08T00:11:28Z,13822562292,4793836769,[🌴NEW MAP]🚗Midnight Chasers: Highway Racing,2771
2026-10-08T00:11:28Z,75663528075786,7450497506,HOW TO TRAIN YOUR DRAGON,2760
2026-10-08T00:11:28Z,105904727825849,10598688389,Rat Lab 🧪 [TIERS],2750
2026-10-08T00:11:28Z,105724836892064,10431718987,[🧬] Merge a Mini Army,2748
2026-10-08T00:11:28Z,15930174396,5508238359,The Dank Murderer X,2723
2026-10-08T00:11:28Z,6447798030,2404080894,[LULLABY] Funky Friday,2720
2026-10-08T00:11:28Z,21532277,16680835,Notoriety: A PAYDAY® Experience,2719
2026-10-08T00:11:28Z,126424052816775,10481791182,NBA: Heroes 🏀,2709
2026-10-08T00:11:28Z,130880054413998,9298096434,Dreamworlds [Dreamcore Obby],2709
2026-10-08T00:11:28Z,2788229376,1008451066,Da Hood,2690
2026-10-08T00:11:28Z,72248722616845,10059548251,Samurai DUELS,2685
2026-10-08T00:11:28Z,114125816375987,10424107160,[🌙] Survive The Night,2667
2026-10-08T00:11:28Z,5118969548,1776914212,Spider,2661
2026-10-08T00:11:28Z,124239460312806,10589881655,SELL YOUR OUTFIT,2660
2026-10-08T00:11:28Z,8246874626,3164075108,[X2 WEEK] Dragon Soul | Anime MMO 🐲,2659
2026-10-08T00:11:28Z,98502499119821,8342498724,Heavyweight Fishing,2630
2026-10-08T00:11:28Z,116497287371701,10648820673,[🍲] Karinderya!,2624
2026-10-08T00:11:28Z,6104994594,2220495353,Pilfering Pirates,2621
2026-10-08T00:11:28Z,1554960397,605887098,Car Dealership Tycoon [🏠],2617
2026-10-08T00:11:28Z,88047783411976,10765091041,Open Sea For Animals!,2616
2026-10-08T00:11:28Z,11392373641,4053293514,FNAF: Eternal Nights 🍕,2614
2026-10-08T00:11:28Z,5571328985,1946714362,[🎉] Bloodlines,2608
2026-10-08T00:11:28Z,5671985295,1999874107,[👟X5] +1 Speed Animal Hospital Escape,2603
2026-10-08T00:11:28Z,2693023319,972475338,🚩Expedition Antarctica,2602
2026-10-08T00:11:28Z,119031818630096,10628223804,TANPANAMA,2589
2026-10-08T00:11:28Z,131683977882464,10764613327,[🎧] GUESS THE SONG! 0.5s,2581
2026-10-08T00:11:28Z,113460023824827,10586746293,[❤️] My ASMR House 🏠,2576
2026-10-08T00:11:28Z,104693964860826,9940812243,[JJK+S2] Anime RNG Defense,2567
2026-10-08T00:11:28Z,99703116573266,10393438342,[🎂 X2 🎫 + X2 💰 ] Alliance Tower Defense! ⚔️,2562
2026-10-08T00:11:28Z,11782774748,4170977322,IQ Test 🧠,2554
2026-10-08T00:11:28Z,118367369949006,6583326485,Ground War [TANKS],2552
2026-10-08T00:11:28Z,128263975853774,7434179990,🛠️Build and Survive,2552
2026-10-08T00:11:28Z,6804602922,2583564222,[MAP!] Boxing Beta! 🥊,2550
2026-10-08T00:11:28Z,292439477,113491250,[Fall Weapon Remodels!] Phantom Forces,2549
2026-10-08T00:11:28Z,5712833750,2023680558,Animal Simulator,2545
2026-10-08T00:11:28Z,7670825572,2979369058,Pummu Talladega,2534
2026-10-08T00:11:28Z,13159565330,4592676978,eat stuf get fat,2523
2026-10-08T00:11:28Z,106187832607756,8600977079,The Button Room,2519
2026-10-08T00:11:28Z,6816975827,2589957623,[☀️] Car Suspension Test,2511
2026-10-08T00:11:28Z,123921593837160,7474367816,Climb and Jump Tower [NEW WORLD],2511
2026-10-08T00:11:28Z,98242614091515,10764794065,📸 Hide from Camera or Die! 💀,2508
2026-10-08T00:11:28Z,138205182571367,10329489265,[UPD🖌️] Paint to Hide and Seek!,2504
2026-10-08T00:11:28Z,16991287194,5829613337,something evil will happen,2501
2026-10-08T00:11:28Z,7117492592,2754593977,[💎] Realistic Hand RP 🖐🤏 Without VR,2500
2026-10-08T00:11:28Z,5593925613,1954152886,Countryball World 🌎,2493
2026-10-08T00:11:28Z,125466848790058,10046786918,[UPD] Fur Infection LITE VR+,2493
2026-10-08T00:11:28Z,97824450589417,10577588270,🦸 +1 Superhero Evolution,2488
2026-10-08T00:11:28Z,14772802900,5091490171,[🎥REPLAY] Jailbird,2482
2026-10-08T00:11:28Z,129305872972839,9272395657,[SPOOKY MONTH] Forsaken Combat Fighting,2476
2026-10-08T00:11:28Z,18214855317,6174994284,Savannah Life,2473
2026-10-08T00:11:28Z,8075399143,3110388936,[✨ QOL + Susanoo Rework 👹 ] Ninja Time,2472
2026-10-08T00:11:28Z,7336302630,2862098693,Project Delta,2468
2026-10-08T00:11:28Z,10224049386,3746418487,House Tycoon 2,2466
2026-10-08T00:11:28Z,113897119818920,10612017628,Mega Ramp for Lucky Blocks!,2461
2026-10-08T00:11:28Z,102054284786904,9912025777,Secure the Airport,2456
2026-10-08T00:11:28Z,120135584963579,8791358380,Don’t Steal the Bobo 🐻,2447
2026-10-08T00:11:28Z,119004860768199,9788139379,[UPD]BreakDoor,2439
2026-10-08T00:11:28Z,16480898254,5677613211,Eat the World,2437
2026-10-08T00:11:28Z,18102078939,6136243726,CRAZY CHEFS! 👨‍🍳,2425
2026-10-08T00:11:28Z,18799085098,6369934270,💀 Hide or OOF!,2424
2026-10-08T00:11:28Z,127775478639865,10635348596,[UPD2] Machine Party 💥,2404
2026-10-08T00:11:28Z,129932912185311,8946565814,[UPDATE 3.0 ⚓] Anime Origins,2404
2026-10-08T00:11:28Z,12912731475,4518160318,Mansion Tycoon 🌴🏠,2401
2026-10-08T00:11:28Z,98664161516921,9141743926,[NOW] Catch a Monster,2398
2026-10-08T00:11:28Z,5286116071,1851087906,[🐶DOGS] Hunting Season [BETA],2391
2026-10-08T00:11:28Z,6263431107,2305929206,[⚡] Imposters & Roles | Among us,2388
2026-10-08T00:11:28Z,82983707799188,9481391333,[🩸PART 2] WEAPON DUELS [Murderers vs Sheriffs],2388
2026-10-08T00:11:28Z,129902688314105,10766440903,[W2] Lift a Karen,2388
2026-10-08T00:11:28Z,84403204002907,10765032875,Motorcycle for Animals,2376
2026-10-08T00:11:28Z,9096881148,3419284255,Peroxide [Update!],2366
2026-10-08T00:11:28Z,71895508397153,7344582593,Die of Death,2360
2026-10-08T00:11:28Z,4889315193,1668992109,Total Roblox Drama,2357
2026-10-08T00:11:28Z,129692563688057,10455741150,[HAUNTED] My Dino Life! 🦖,2354
2026-10-08T00:11:28Z,130404059693601,10096155511,Strike: Warfare,2354
2026-10-08T00:11:28Z,102422301065716,10766239678,Followers game,2352
2026-10-08T00:11:28Z,6934310111,2652888345,Avatar Simulator,2344
2026-10-08T00:11:28Z,8737602449,3317679266,PLS DONATE 💸,2338
2026-10-08T00:11:28Z,9224601490,3457700596,[OPE V2] Fruit Battlegrounds,2338
2026-10-08T00:11:28Z,16867505761,5795519964,Escape Angry Head,2316
2026-10-08T00:11:28Z,137233438285284,10209534490,Chicken Farm 🐣,2312
2026-10-08T00:11:28Z,103285721487694,9906154135,💥 Extreme Gear Troll Tower,2309
2026-10-08T00:11:28Z,109258067111533,7015341259,[🍂] TOUCHLINE,2296
2026-10-08T00:11:28Z,7241858214,2821905072,Build to Survive 🛠️ [TESTING],2295
2026-10-08T00:11:28Z,99817148924004,7498898979,[🎃] Burgerz🍔,2292
2026-10-08T00:11:28Z,13775256536,4778845442,[LEGACY] Toilet Tower Defense,2285
2026-10-08T00:11:28Z,88611017452341,10764839604,Backflip for Animals!,2284
2026-10-08T00:11:28Z,13473615074,4686994428,Boxywood 🏠🌴 RP,2278
2026-10-08T00:11:28Z,10834586502,3913007563,The Battle Bricks,2272
2026-10-08T00:11:28Z,6161235818,2251388500,Twisted [BETA],2266
2026-10-08T00:11:28Z,137737622318848,10628526114,Ping Pong Training 🏓,2266
2026-10-08T00:11:28Z,93467044568807,10753487407,🙈🙊🙉 BOMBANANA!,2265
2026-10-08T00:11:28Z,83569851223739,10057343903,+1 Speed Evolve 🦊,2263
2026-10-08T00:11:28Z,74716719697996,10455462279,[🎃SOON]🚪Survive Verity in Area 51🔦,2259
2026-10-08T00:11:28Z,134719268825886,10415845204,[⚡NEW] Clicker Simulator! 🖱️,2242
2026-10-08T00:11:28Z,137287903930382,9399884981,Dont Wake Grandma! 🤫,2238
2026-10-08T00:11:28Z,96280251181127,9496852407,⚔️Build to Defend Loot,2237
2026-10-08T00:11:28Z,106683702021527,9449993534,Guess the Slapper,2236
2026-10-08T00:11:28Z,93829858358973,10152905521,💪 +1 Muscle to Break Walls,2235
2026-10-08T00:11:28Z,16272604134,5615055859,TwisterX [0.15],2229
2026-10-08T00:11:28Z,97042065873644,9843234816,[EARLY HALLOWEEN] Appleton's Grabpack System,2225
2026-10-08T00:11:28Z,119865329453489,7194739190,Skaters Of Hell,2209
2026-10-08T00:11:28Z,133719960214587,8374113155,STEAL COOKIES🍪,2206
2026-10-08T00:11:28Z,108645230905176,10244001346,Mrbeast Island Escape,2202
2026-10-08T00:11:28Z,14567590300,5026970880,🎃 BATHE DA BABY [S14],2201
2026-10-08T00:11:28Z,113987393426315,10246108265,[⚓] Navy War,2201
2026-10-08T00:11:28Z,13755196581,4772345874,📸PhotoShoot Scenes,2199
2026-10-08T00:11:28Z,99513630394609,10537172776,[✨] Character Color Race,2195
2026-10-08T00:11:28Z,119579217517090,9513686983,Escape Waves For Lucky Blocks,2192
2026-10-08T00:11:28Z,7577961216,2943850166,(Testing) Squid Game X,2191
2026-10-08T00:11:28Z,140481779622210,8504461817,Escape The Lava 🔥,2188
2026-10-08T00:11:28Z,109686116036889,7453941040,DANGEROUS NIGHT [FURNISH THE BUNKER],2179
2026-10-08T00:11:28Z,86524001536792,9216313546,Project Superstellar,2175
2026-10-08T00:11:28Z,7605357829,2954818192,SQUID GAME,2171
2026-10-08T00:11:28Z,10260193230,3756501373,[UPDATE 4] Meme Sea,2169
2026-10-08T00:11:28Z,75568173037446,10136067263,[W4] Get Fat to Break Tape 🍗,2159
2026-10-08T00:11:28Z,109509029034984,10067258922,+1 Aura Per Click,2157
2026-10-08T00:11:28Z,6698800091,2527789729,[MOBILE!📱]Prior Extinction - Dinosaur Survival!,2154
2026-10-08T00:11:28Z,71599043035739,9735583968,SCP MORPH,2152
2026-10-08T00:11:28Z,99122501338948,8238863102,Tower of Zombies 🧟,2152
2026-10-08T00:11:28Z,97598239454123,10200395747,Grow a Garden 2,2149
2026-10-08T00:11:28Z,10179538382,3734304510,South Bronx: The Trenches❗,2144
2026-10-08T00:11:28Z,119168493101362,10013279162,Draw It Better! 🎨,2126
2026-10-08T00:11:28Z,132768098780837,10378885079,[⚔️UPD] Block Wars,2122
2026-10-08T00:11:28Z,112413741511713,7127084123,[TRAINS] 🏙️ Mini City Tycoon,2119
2026-10-08T00:11:28Z,18153851914,6154386310,[MURDERER] Classic Arena,2116
2026-10-08T00:11:28Z,654732683,274816972,[New Car!🛫] Car Crushers 2 - Physics Simulation,2110
2026-10-08T00:11:28Z,127737908858963,6530766336,Escape Moving Head,2105
2026-10-08T00:11:28Z,7074772062,2729513759,Speed Draw!,2103
2026-10-08T00:11:28Z,7971857341,3079618996,🕹️[Arcade] Youtuber Tycoon!,2097
2026-10-08T00:11:28Z,2512643572,892043755,[🍀UPD] Bubble Gum Simulator,2095
2026-10-08T00:11:28Z,126870639873289,10690360998,Jump for Animals!,2087
2026-10-08T00:11:28Z,135000370479961,9813946433,Draw & Slide,2083
2026-10-08T00:11:28Z,5244411056,1836146838,Bloxy Bingo,2075
2026-10-08T00:11:28Z,116070952245255,10604772590,[UPD] Build Base to Survive VERITY,2074
2026-10-08T00:11:28Z,75547400568620,9312646406,Land or Die! 🐙 [KRAKEN],2073
2026-10-08T00:11:28Z,78933302895115,10757498504,Steal An Anime Egg,2073
2026-10-08T00:11:28Z,18259975825,6190071862,Grave/Digger,2068
2026-10-08T00:11:28Z,86247128610772,10530261598,[BOILED ONE] House of The Locust,2062
2026-10-08T00:11:28Z,16154918775,5580972377,[RANKED] 💥 BUCKSHOT,2058
2026-10-08T00:11:28Z,815405518,341654025,The Floor Is LAVA!🔥,2057
2026-10-08T00:11:28Z,121268060261990,9501701013,🚨Suspect,2054
2026-10-08T00:11:28Z,112226578490421,8080493298,A Grabpack Test [HUGGY WUGGY],2052
2026-10-08T00:11:28Z,3631820248,1271059807,[🎉6th Anniversary!] Stevos Gems Eras Roleplay,2046
2026-10-08T00:11:28Z,11815767793,4181957649,Ultimate Battlegrounds,2042
2026-10-08T00:11:28Z,6939111033,2655478023,Escape Papa Pizza's Pizzeria! (SCARY OBBY),2037
2026-10-08T00:11:28Z,139506321380888,10579389074,[UPD] ZOO or OOF 2💥,2037
2026-10-08T00:11:28Z,90086669327265,10410945205,+1 Cut Grass Adventure,2030
2026-10-08T00:11:28Z,112838150455902,9162763535,Encounters SMASH Battles 🎃.2,2030
2026-10-08T00:11:28Z,70670854739587,10482775464,Bad Guy Mystery,2028
2026-10-08T00:11:28Z,10704789056,3876150506,[NEW] Drive World,2024
2026-10-08T00:11:28Z,6520999642,2443177453,[New Features] Basically FNF: Remix,2020
2026-10-08T00:11:28Z,70390793715007,9663968307,Hooked! [TRAIT],2020
2026-10-08T00:11:28Z,90038414385014,10458789587,[🏰] Build a House,2013
2026-10-08T00:11:28Z,91746497060666,9125259344,My Jail Cell! (🗓️Daily Rewards!),1998
2026-10-08T00:11:28Z,12090482034,4267277633,Escape Baby Bobby Daycare! (OBBY),1997
2026-10-08T00:11:28Z,107653945083776,10298144467,Roll Anime to Fight!,1995
2026-10-08T00:11:28Z,9192423027,3448264866,Industrialist,1985
2026-10-08T00:11:28Z,71704434889758,10634461028,(BETA) Drive A Kukirin!,1984
2026-10-08T00:11:28Z,6737970321,2549475383,Livetopia 🏡 RP,1976
2026-10-08T00:11:28Z,83038462357724,10475794799,Dig & Clean 🧼,1971
2026-10-08T00:11:28Z,84525826229916,10127797448,Would You Rather: Boys & Girls Outfit Tower!,1971
2026-10-08T00:11:28Z,2968914904,1072353049,[Halloween] Forgotten Worlds,1968
2026-10-08T00:11:28Z,98629859043211,6568417585,[UPDATE] M.E.G. Endless Reality,1955
2026-10-08T00:11:28Z,118464614321108,10124421343,Biker Duo 🏍️ [2 Player Obby],1946
2026-10-08T00:11:28Z,132586479415502,7364297396,Webbed! ❄️ [2 Player Obby],1943
2026-10-08T00:11:28Z,18512318831,6272727021,[🎉RELEASE🎉] Undertale Adventures X,1930
2026-10-08T00:11:28Z,15696848933,5422546686,[🍁] Horse Life,1918
2026-10-08T00:11:28Z,14301835518,4944984948,Team School Breakout! (TEAMWORK OBBY),1913
2026-10-08T00:11:28Z,18700851435,6336741296,[FIRE FIGHTING] Flight World,1911
2026-10-08T00:11:28Z,5670218884,1998835206,[🎂] item asylum,1910
2026-10-08T00:11:28Z,108843562394237,9564673841,Monkey Bomb Tag,1910
2026-10-08T00:11:28Z,127415661078736,9539483725,Become Hungry Worm,1905
2026-10-08T00:11:28Z,70400654680508,7934320560,Five Nights TD 2 [EVOLUTIONS],1897
2026-10-08T00:11:28Z,73908022013371,8925924444,Baboon Tag X,1894
2026-10-08T00:11:28Z,6153766069,2247578975,Escape The Carnival of Terror Obby!,1893
2026-10-08T00:11:28Z,127742093697776,8316902627,[🪙] Plants & Brainrots 🌻,1891
2026-10-08T00:11:28Z,4282985734,1390601379,Combat Warriors,1887
2026-10-08T00:11:28Z,15598056478,5385674359,BEAT BOUNCE 🎶 (GEOMETRY DASH),1885
2026-10-08T00:11:28Z,14451515684,4991821731,PETAPETA: 【10/6 3rd Anniversary】,1881
2026-10-08T00:11:28Z,18803315158,6371309794,[UPD]💪Ninja Challenge [BETA],1879
2026-10-08T00:11:28Z,112781315318195,10195997258,[🦖] Pull a Lucky Fish,1879
2026-10-08T00:11:28Z,3242417672,1171251167,Carros Rebaixados BR (Pre-Alpha),1878
2026-10-08T00:11:28Z,111702513024754,10765951887,DUCTWORKS / Multiplayer upd,1872
2026-10-08T00:11:28Z,5171347293,1802741133,✈️ Cabin Crew Simulator,1869
2026-10-08T00:11:28Z,14212732626,4917368083,✨ [FIXED DONATIONS] PLS WAIT 💸,1861
2026-10-08T00:11:28Z,99183404085821,10718240577,[🌌] Steal Fish Eggs,1861
2026-10-08T00:11:28Z,3851622790,1318971886,Break In (Story),1854
2026-10-08T00:11:28Z,111989938562194,7332711118,Brainrot Evolution,1851
2026-10-08T00:11:28Z,112333343527957,10394064134,Highschool Experience RP,1850
2026-10-08T00:11:28Z,6299805723,2324662457,[☀️LUNAR VS SOLAR🌑] Anime Fighters,1849
2026-10-08T00:11:28Z,17192092512,5887211857,Deermont 🏡RP,1842
2026-10-08T00:11:28Z,136764190843219,9384605736,[🎩] Knockout! 🐧,1842
2026-10-08T00:11:28Z,14475396559,4998493959,TEAM GRANDMA ESCAPE!👵🏻 (TEAMWORK OBBY),1840
2026-10-08T00:11:28Z,13166293021,4595016786,Barbie DreamHouse Tycoon,1820
2026-10-08T00:11:28Z,71132543521245,8356066619,[🔵UPD 4.75💧] Anime Squadron,1819
2026-10-08T00:11:28Z,120217704230083,8937254139,Dungeon Hunters [UPD],1815
2026-10-08T00:11:28Z,7711635737,2992873140,Emergency Hamburg,1811
2026-10-08T00:11:28Z,138432670504218,10247797619,Survive 7 Days In Arctic [Alpha],1808
2026-10-08T00:11:28Z,74102906764176,10440833423,[✨] Greedy Growers 🌱,1804
2026-10-08T00:11:28Z,119455737640001,9774284077,Logo Color Bridge,1803
2026-10-08T00:11:28Z,17581668152,6019027471,Nitro Car,1800
2026-10-08T00:11:28Z,110627433764494,10065013948,Fake a Brainrot,1799
2026-10-08T00:11:28Z,14835828495,5112244393,Dudes Battlegrounds,1793
2026-10-08T00:11:28Z,98679602313466,8669550197,[AURAS!] Muscle Transform Simulator 💪,1787
2026-10-08T00:11:28Z,8304191830,3183403065,[🤹APRIL FOOL'S🤡] AA,1786
2026-10-08T00:11:28Z,137628283909891,6925303818,Goalbound,1780
2026-10-08T00:11:28Z,79226825467411,10765279487,Shuffle an Egg,1778
2026-10-08T00:11:28Z,70911358699250,9851352969,🗽 RODOGRAU 2.0,1776
2026-10-08T00:11:28Z,122507029092776,10577682617,Build a +1 Obby,1776
2026-10-08T00:11:28Z,127078880769763,9711289915,🙂[LORD VERITY] Emotes Testing ✨,1775
2026-10-08T00:11:28Z,140409475718339,9073513091,[HALLOWEEN!] Anime Apocalypse,1772
2026-10-08T00:11:28Z,118973301158777,9759082891,[UPDATE] +1 Aura Climb Tower,1771
2026-10-08T00:11:28Z,72712036210947,7673659635,Fix It Up!,1770
2026-10-08T00:11:28Z,79312497897212,10767698786,[NEW] Cidro Janji (Jawa Party),1770
2026-10-08T00:11:28Z,99255447043899,9963622286,[WORLD 4] Become a Brainrot,1770
2026-10-08T00:11:28Z,221718525,97314177,[UPDATE💪] Ninja Tycoon (v4.8),1762
2026-10-08T00:11:28Z,104485012391716,10441199872,Find and Mark!,1761
2026-10-08T00:11:28Z,71315343,98929893,[PARASITE 🌀] Dragon Ball Rage,1759
2026-10-08T00:11:28Z,4588604953,1494262959,[⚙️] Criminality,1759
2026-10-08T00:11:28Z,5777099015,2049551477,Cheese Escape [Horror],1757
2026-10-08T00:11:28Z,13042495892,4557322431,[QT: REWIRED] Project: Afternight,1757
2026-10-08T00:11:28Z,13864661000,4807308814,Break In 2 (Story),1756
2026-10-08T00:11:28Z,119822977170203,10184247393,Power Blast Lucky Blocks!,1753
2026-10-08T00:11:28Z,93028168925975,10324001605,🌷 My Flower Shop,1749
2026-10-08T00:11:28Z,113099333239841,10524813259,"[ 🎃3.0 ] RE:Heads, Please! [RNG]",1749
2026-10-08T00:11:28Z,6243699076,2294168059,The Mimic,1748
2026-10-08T00:11:28Z,277751860,110181652,Epic Minigames ✨,1746
2026-10-08T00:11:28Z,12262046571,4319996251,[The Clique] 💃TOD,1744
2026-10-08T00:11:28Z,13955927965,4836254499,Blood Zone 🎃,1744
2026-10-08T00:11:28Z,17371491481,5944821008,🚨 Birmingham Vehicle Simulator,1740
2026-10-08T00:11:28Z,107377364123237,10091766471,Prison RP 🚨,1735
2026-10-08T00:11:28Z,71457452830106,9522015993,bote ried,1733
2026-10-08T00:11:28Z,96645548064314,9091133975,[🌙] Catch And Tame!,1733
2026-10-08T00:11:28Z,135155039067698,7780633647,MX WORLD,1732
2026-10-08T00:11:28Z,80000420704526,10418117926,🏪[8K+ MEGASTORE] Clean The Superstore!,1730
2026-10-08T00:11:28Z,253431746,104598338,Theme Park HeideLand 🎢,1719
2026-10-08T00:11:28Z,139063887391814,10263732883,[UPD 2.0] TBOD^2 [Tycoon But One Dropper: SQUARED],1716
2026-10-08T00:11:28Z,86943068337855,10647949490,Drill Blocks for Dumpling Squishy,1712
2026-10-08T00:11:28Z,80200604311136,6751447237,[RANKED!] Car Zone 🏎️ Racing & Drifting,1710
2026-10-08T00:11:28Z,134162299584012,10452740285,Build a Gun Army,1710
2026-10-08T00:11:28Z,89054386877361,10267571771,Guess My Squishy Dumpling,1708
2026-10-08T00:11:28Z,80158232099900,9906378607,[🐟UPDATE] Hole Fishing,1707
2026-10-08T00:11:28Z,104973076655377,8841437826,[🍁] Capybaras VS Plants,1705
2026-10-08T00:11:28Z,93265851514769,10139325104,Wall Hop Slap Meter,1703
2026-10-08T00:11:28Z,6128441278,2233937689,[🛠️] Water Physics [SHIP BUILDER],1696
2026-10-08T00:11:28Z,18816315817,6375110339,[ BattleArmor ] ST : Blockade Battlefront,1688
2026-10-08T00:11:28Z,105355546387524,10456511458,[🎃] Build to the moon!,1688
2026-10-08T00:11:28Z,8122612051,3124818385,Slendytubbies VS Redux,1687
2026-10-08T00:11:28Z,11727501024,4153755477,[🎃] Create a Cart Ride!,1687
2026-10-08T00:11:28Z,137541498231955,7646154613,Shrink Hide & Seek,1687
2026-10-08T00:11:28Z,127082754898219,10765481558,Survive Lava for Animals,1684
2026-10-08T00:11:28Z,99758842280353,7073604286,Dog Walk 🐶 [2 Player Obby],1682
2026-10-08T00:11:28Z,73101851322368,6937137675,Calla City 🏡 RP [Kids! 👶🏻],1680
2026-10-08T00:11:28Z,104761395312874,9382839773,[🐲Goku & Castorice🟣] Lineage Piece,1675
2026-10-08T00:11:28Z,117868278782684,7843413523,Supermarket Together,1671
2026-10-08T00:11:28Z,16910059756,5807622548,RV Cooked? [UPDATE],1667
2026-10-08T00:11:28Z,82648796375761,10704015784,Squishy Troll Tower [BETA],1666
2026-10-08T00:11:28Z,18172550962,6161049307,Pixel Blade,1665
2026-10-08T00:11:28Z,15784744207,5456952508,Valley Prison,1662
2026-10-08T00:11:28Z,130960835358983,10405010493,Wash The House 🧼,1662
2026-10-08T00:11:28Z,14449145868,4991126644,Bewitched,1655
2026-10-08T00:11:28Z,80898524797320,7628118889,Draw Me! 🎨,1654
2026-10-08T00:11:28Z,122572082932179,10336278580,[💎] Sell Ores ⛏️,1651
2026-10-08T00:11:28Z,17450551531,5972059550,[🛡️UPD 4.5] Gym League,1650
2026-10-08T00:11:28Z,2727067538,985731078,World // Zero ⚔️ Anime RPG,1648
2026-10-08T00:11:28Z,12495498157,4391829435,FNAF: Co-op,1642
2026-10-08T00:11:28Z,124338404742585,10232686472,Keep the Door Locked🔒,1640
2026-10-08T00:11:28Z,15288629078,5272606478,[UPDATE🚗] Highway Legends,1638
2026-10-08T00:11:28Z,100178831086674,9758027784,TimeBomb AnkleBreak!,1638
2026-10-08T00:11:28Z,8204899140,3150475059,Football Fusion 2,1635
2026-10-08T00:11:28Z,139988436996662,9119782663,Stop the Timer,1635
2026-10-08T00:11:28Z,88323040672117,7528417535,Divaz 💄,1634
2026-10-08T00:11:28Z,101009821472804,8613176669,Sprunki 3D RP! 🏡,1632
2026-10-08T00:11:28Z,125496078313264,10471583973,2 PLAYER Evolution Tycoon 🛸,1632
2026-10-08T00:11:28Z,9791603388,3624423521,Underground War 2.0 ⚔️ [NUKE],1629
2026-10-08T00:11:28Z,17045823120,5844427042,Sierra Mexico🔥,1627
2026-10-08T00:11:28Z,8034026074,3097803944,Easy Glass Bridge (Possible Squid Game),1624
2026-10-08T00:11:28Z,10912405603,3936365689,[DRAGONS!] Clover Retribution,1620
2026-10-08T00:11:28Z,18183902003,6164853651,Hungry Pig,1615
2026-10-08T00:11:28Z,111835260646713,8881302585,🩸Generic Blood Ragdoll Fighting,1615
2026-10-08T00:11:28Z,74341114342499,10700505394,[🌟 Update] +1 Long Arm Toy Escape!,1612
2026-10-08T00:11:28Z,113457460682474,8006379851,🔨 Voxel Block Builder [🙂 VERITY],1604
2026-10-08T00:11:28Z,82531308645115,10766399546,Plunder,1603
2026-10-08T00:11:28Z,128662368175518,6593476325,[SANDEVISTAN COUNTER] DUMMY COUNTER YOUR FRIENDS,1601
2026-10-08T00:11:28Z,17571821642,6015491985,Math Tower Race,1599
2026-10-08T00:11:28Z,106484206883664,9656201728,[ 🐺 STARRK] Dungeon Lootr,1589
2026-10-08T00:11:28Z,129216769649527,10501944811,Beat the Anime Boss!,1589
2026-10-08T00:11:28Z,16962279458,5822068820,KOYA DANCE,1587
2026-10-08T00:11:28Z,108307565942574,10153098880,Heroes RNG 🏹,1584
2026-10-08T00:11:28Z,16446142514,5665943560,The Ground is LAVA 🔥,1575
2026-10-08T00:11:28Z,102917792916356,8546873728,Apocalyptic Titans Roleplay,1574
2026-10-08T00:11:28Z,132678066262863,9276049439,[🎁] My Daycare,1566
2026-10-08T00:11:28Z,7180042682,2788648141,Military Tycoon ®,1556
2026-10-08T00:11:28Z,373513488,140733710,FNAF RP - TPRR [🐻FB3 EVENT📺],1554
2026-10-08T00:11:28Z,1343871267,540382210,[UPDATE!!!] FMR,1554
2026-10-08T00:11:28Z,74889851913797,10485201326,[X2] +1 Power Per Click,1554
2026-10-08T00:11:28Z,98498619006328,10514223296,Flip a House! 🏠,1552
2026-10-08T00:11:28Z,90184287580174,10112019404,KILLSTREAK,1547
2026-10-08T00:11:28Z,12077443856,4263576532,Cali Shootout 💥,1534
2026-10-08T00:11:28Z,96425088123775,10552540426,[UPD] My Toll Farm!,1534
2026-10-08T00:11:28Z,100911362514791,9662130710,[🙂UPD] Phonk Slap 🎵,1532
2026-10-08T00:11:28Z,86374876468143,9395278151,[💥]Troll Ragdoll Tower,1531
2026-10-08T00:11:28Z,82539019711975,9776222468,Cluck or Hide!🐔,1529
2026-10-08T00:11:28Z,85056532479796,8181391950,[UPD] Neo Tennis,1522
2026-10-08T00:11:28Z,7367863399,2872881913,BAD CAT,1521
2026-10-08T00:11:28Z,205224386,93740418,Hide and Seek Extreme,1518
2026-10-08T00:11:28Z,5702593762,2017809925,"Climb 1,000 Stairs",1518
2026-10-08T00:11:28Z,4996049426,1720936166,[OG] All Star Tower Defense,1517
2026-10-08T00:11:28Z,76812848652979,10188144423,Just Tornadoes,1508
2026-10-08T00:11:28Z,80038274908161,9514625031,Fling Playground,1508
2026-10-08T00:11:28Z,108227239615000,9942734820,[DATA FIX🛠] Baseplate Drifting,1508
2026-10-08T00:11:28Z,18218605381,6176333237,Clarity Over Resonance,1503
2026-10-08T00:11:28Z,125927821145949,10187294555,[⛰️] Mine a Mountain,1500
2026-10-08T00:11:28Z,132287558697665,6787644864,The Powder Box (All Ages),1498
2026-10-08T00:11:28Z,126096010539917,10391036163,Anomaly Detected,1496
2026-10-08T00:11:28Z,16057679366,5550530788,easiest game ever!,1495
2026-10-08T00:11:28Z,13127800756,4582358979,Arm Wrestle Simulator,1491
2026-10-08T00:11:28Z,140374914197602,7005891584,Speed Clicker ⚡,1488
2026-10-08T00:11:28Z,130700367963690,6858584271,[🔥] Philly Streetz 2,1483
2026-10-08T00:11:28Z,82712304391069,10404519332,🪓 Carve Wood! [Fall Update],1482
2026-10-08T00:11:28Z,79548014923991,9549278601,KAZAKH TOWER 🌟 [💙💛ҚАЗАҚША💛💙] 🇰🇿,1478
2026-10-08T00:11:28Z,136533956395153,9837325548,Car Flipper [+5 CARS],1477
2026-10-08T00:11:28Z,15270182488,5265950669,[UPDATE!] Ultra Toilet Roleplay 2,1475
2026-10-08T00:11:28Z,9414511685,3515267380,Drive Cars Down A Hill!,1472
2026-10-08T00:11:28Z,122702016864571,10501640692,Murder Infinite,1471
2026-10-08T00:11:28Z,4954096313,1701332290,Field Trip Z,1467
2026-10-08T00:11:28Z,14458936637,4994161230,✨ PLS WAIT [DONATIONS] 💸,1463
2026-10-08T00:11:28Z,292628125,571251690,🎃 Keystone,1462
2026-10-08T00:11:28Z,133203197541113,9815834699,[HALLOWEEN] MorphUp!,1461
2026-10-08T00:11:28Z,104841616983113,6619936488,San Aurie,1460
2026-10-08T00:11:28Z,4972273297,1709917610,Regretevator [ ELEVATOR SIMULATOR ],1457
2026-10-08T00:11:28Z,96775630583143,8237105425,A Broken Dream,1456
2026-10-08T00:11:28Z,18180736634,6163884815,Team Stepmom Run! (TEAMWORK OBBY),1454
2026-10-08T00:11:28Z,9731376817,3608594708,✨Collect The Body,1453
2026-10-08T00:11:28Z,98936097545088,7738524573,Retro Tower Defense,1453
2026-10-08T00:11:28Z,74968636725538,10759415852,[HALLOWEEN 🎃] Kick an Uma,1452
2026-10-08T00:11:28Z,76427490154192,10197758650,Mount LONELY🌅,1449
2026-10-08T00:11:28Z,3823781113,1312971993,🍂 Saber Simulator,1448
2026-10-08T00:11:28Z,76558904092080,7671049560,The Forge [BETA],1447
2026-10-08T00:11:28Z,87046419551816,10546705891,[BIG UPDATE!] Bumpy Flight 🛫,1446
2026-10-08T00:11:28Z,1588965415,616165168,🚌 Sunshine Islands Bus Simulator [NEW],1445
2026-10-08T00:11:28Z,74994442538508,9344916045,Cirque School of Acrobatics,1445
2026-10-08T00:11:28Z,17664585395,6049736902,Spelling Race,1444
2026-10-08T00:11:28Z,12640491155,4434528807,[🍂] Bayside High School 🍎,1439
2026-10-08T00:11:28Z,104812936457083,9900286623,[☀️]Hold the Door: Zombie Defense,1437
2026-10-08T00:11:28Z,124729731716967,10575619152,🧈 Crazy Mukbang! 🧈,1437
2026-10-08T00:11:28Z,80279663815725,6601115643,Prison Pump,1435
2026-10-08T00:11:28Z,72763503064951,10140010190,Would You Rather: Teamwork Outfit Tower!,1434
2026-10-08T00:11:28Z,13429790955,4673599750,📚 Murderers vs Sheriffs 2,1433
2026-10-08T00:11:28Z,111442376436641,9950410865,Fast Fredbear [DESTRUCTIVE],1432
2026-10-08T00:11:28Z,106383201135975,10737231383,[🎃] Jump To Steal An Egg,1431
2026-10-08T00:11:28Z,9404223526,3512256796,Miners World [Clans],1430
2026-10-08T00:11:28Z,138837502355157,6508759464,Grace [GRACE BUT EVIL],1422
2026-10-08T00:11:28Z,135678396831347,10047813675,Build Playground!,1421
2026-10-08T00:11:28Z,90740816183375,10351850295,[🏆X3👟X111] 🥷 +1 Speed Ninja Keyboard Escape,1419
2026-10-08T00:11:28Z,140322231839637,10765763629,ONE TAP PISTOLS,1419
2026-10-08T00:11:28Z,6270290407,2309918273,[⚡ SHUNKO] VV: ULTIMATUM,1418
2026-10-08T00:11:28Z,6875747014,2621511041,Ronopoly,1416
2026-10-08T00:11:28Z,76526090659517,10094225577,[UPD] The Cat Shelter 🐱,1415
2026-10-08T00:11:28Z,107792622719098,6940206974,SnugLife RP 🏡,1412
2026-10-08T00:11:28Z,14852797539,5117983607,[Upd 10 // part 1] Superbox siege defense,1411
2026-10-08T00:11:28Z,124389216346675,7685678300,Control Europe,1411
2026-10-08T00:11:28Z,14044547200,4864117649,untitled tag game,1409
2026-10-08T00:11:28Z,12407250267,4365819446,Keys 🗝️,1406
2026-10-08T00:11:28Z,11364087119,4044579438,[🚂] Cart Ride,1400
2026-10-08T00:11:28Z,15213956324,5244979723,[UPDATE!] BOOMSTICK Football 🏈,1400
2026-10-08T00:11:28Z,98303142742576,7874651625,Makeup Store Simulator,1400
2026-10-08T00:11:28Z,10576142169,3841172115,The Backrooms 🚪,1399
2026-10-08T00:11:28Z,5041144419,1742264997,SCP: Roleplay,1398
2026-10-08T00:11:28Z,88412811497379,9697502306,Slap Chips 🖐️,1396
2026-10-08T00:11:28Z,8542259458,3258873704,SkyWars [SEASON 3!] ✨,1394
2026-10-08T00:11:28Z,18192562963,6167925365,Vietnamese Community 🇻🇳,1392
2026-10-08T00:11:28Z,74511210941284,10397566868,[🧬MUTATIONS] PAINT OR DIE!,1392
2026-10-08T00:11:28Z,114357963370524,7143545906,Enter Brainrot,1392
2026-10-08T00:11:28Z,96993839570687,10110316965,[💥UPD12] Would You Rather: Anime Abilities Tower,1390
2026-10-08T00:11:28Z,114861592677288,6651302260,Destroy Grandma,1388
2026-10-08T00:11:28Z,120252007682677,10761375767,Surf And Rescue 🌊🛟,1387
2026-10-08T00:11:28Z,94590879393563,7115773109,Weird Gun Game [UPDATE!],1384
2026-10-08T00:11:28Z,139617346573330,10030829154,Climb Waterslide and Slide,1384
2026-10-08T00:11:28Z,84256892855657,7747782974,Harbor East,1379
2026-10-08T00:11:28Z,125306084071551,10393620082,Build an ASMR Tower,1379
2026-10-08T00:11:28Z,128039018996175,7208219743,The Walking Dead Online,1377
2026-10-08T00:11:28Z,8260276694,3168615253,[UPDATE] Ability Wars,1375
2026-10-08T00:11:28Z,124293095895786,10628907188,Stream A Cheese Pull!,1375
2026-10-08T00:11:28Z,127099886596040,6579282112,Kite Combat 🪁,1367
2026-10-08T00:11:28Z,16538170757,5693963765,"oops, i failed my math test",1362
2026-10-08T00:11:28Z,78131609782350,10680768992,Minecraft 1.20.6,1356
2026-10-08T00:11:28Z,15546218972,5365966699,MIC UP 🔊 18+,1355
2026-10-08T00:11:28Z,6377740507,2366560560,[Stickers] Miraculous™ RP: Ladybug & Cat Noir,1354
2026-10-08T00:11:28Z,136801880565837,8795154789,[FPS] Flick,1351
2026-10-08T00:11:28Z,111262527555232,10616474341,Huss Rooms | [Locust],1349
2026-10-08T00:11:28Z,132081245551901,10751939592,ASMR Auto Wallhop Tower 2,1348
2026-10-08T00:11:28Z,17720162456,6069634717,Sorcerer Tower Defense [NAOYA],1347
2026-10-08T00:11:28Z,12397515839,4362587875,Silly Simon Says,1346
2026-10-08T00:11:28Z,134807373415131,10108046010,🐮 My Moo Farm,1346
2026-10-08T00:11:28Z,100641654440407,10761375938,Defend Your Treehouse!,1343
2026-10-08T00:11:28Z,15694891095,5421899973,[CLANS] Combat Arena,1342
2026-10-08T00:11:28Z,72845937010155,8365871374,[✋] Gear Slap Tower,1342
2026-10-08T00:11:28Z,77747658251236,9186719164,[2X LUCK 🍀 + MASTERY ⚔️] Sailor Piece,1336
2026-10-08T00:11:28Z,134361906638337,8296765616,Defend Bunker from Zombies 🧟,1336
2026-10-08T00:11:28Z,99108783264633,10253235584,Build a base RNG 🎲,1332
2026-10-08T00:11:28Z,5171093784,1802622907,☄️Don't Press The Button 4,1330
2026-10-08T00:11:28Z,139995416758538,10149910491,BUILD AND HIDE TO SURVIVE,1326
2026-10-08T00:11:28Z,102457672839885,10211159992,Keyboard Color Bridge,1324
2026-10-08T00:11:28Z,2913303231,1053132402,Obby Creator,1322
2026-10-08T00:11:28Z,118608618152057,10069043526,Keyboard Bridge Wars! 🧱,1316
2026-10-08T00:11:28Z,102518817130593,10764891927,⚔️1.8 PVP Club,1309
2026-10-08T00:11:28Z,18519254033,6275120808,[ALCHEMIST RELEASE] Jump Showdown,1307
2026-10-08T00:11:28Z,95319535505764,8869088870,Sail Down A River,1307
2026-10-08T00:11:28Z,10450270085,3808223175,[⚖️JUDGEMAN] Jujutsu Infinite,1303
2026-10-08T00:11:28Z,101685456774656,6787216875,Hell Or Heaven,1303
2026-10-08T00:11:28Z,110527353762049,10495391267,Roblox Stock Exchange 2,1302
2026-10-08T00:11:28Z,3016661674,1087859240,[🎃] Rogue Lineage,1297
2026-10-08T00:11:28Z,107833198839573,7283491781,[💎] Moo Moo Mystery 🐄,1296
2026-10-08T00:11:28Z,120841752776030,9948575164,[🎃] Merge Shop,1296
2026-10-08T00:11:28Z,133756580238784,10748586525,Mini City Wars,1294
2026-10-08T00:11:28Z,81703830622949,7911332924,[VC] Podcasts 🔊 18+,1290
2026-10-08T00:11:28Z,71174733280934,8322865535,Palmhaven City Life RP🏡,1283
2026-10-08T00:11:28Z,113385048266134,6751400610,🎨Draw Or Oof!,1281
2026-10-08T00:11:28Z,74256669508761,8662243497,🐙 Raft 101 Survival,1276
2026-10-08T00:11:28Z,109658217029877,10764300350,[BETA] Football WORLD Manager '27 [FIX!],1276
2026-10-08T00:11:28Z,2569453732,918677693,Rise of Nations,1275
2026-10-08T00:11:28Z,4566572536,1480782352,Vehicle Legends 🏎️ Cars!,1273
2026-10-08T00:11:28Z,73684979946677,10010371086,🌌Invincible Edit Test,1270
2026-10-08T00:11:28Z,4480809144,1430007363,Granny: Multiplayer,1268
2026-10-08T00:11:28Z,138381251771774,10267363348,🪣Drain The Lake,1266
2026-10-08T00:11:28Z,110806816173057,10171934713,[Upd12.3] +1 DMG Per Revive[💀],1265
2026-10-08T00:11:28Z,73768006371986,10274447949,+1 Wings Obby Escape,1263
2026-10-08T00:11:28Z,11653088948,4130569984,[SUCHO] Jurassic Blocky,1255
2026-10-08T00:11:28Z,71376979720403,10456881513,Think Twice,1255
2026-10-08T00:11:28Z,6911148748,2640407187,(UPDATE!) Car Driving Indonesia,1250
2026-10-08T00:11:28Z,9922455303,3661343497,A Lion's Pride Beta - Lion RP 🦁,1250
2026-10-08T00:11:28Z,89490838554710,9765324104,🏍️ Wheelie District,1250
2026-10-08T00:11:28Z,18376355901,6229706789,Kurdish Obby ☀️ [Official],1248
2026-10-08T00:11:28Z,133363783004873,10741302505,Collect 1 Million Items [✨],1246
2026-10-08T00:11:28Z,16518256559,5688684783,Mega Obby Fun,1243
2026-10-08T00:11:28Z,9273658706,3472976893,Backrooms,1240
2026-10-08T00:11:28Z,96574878340154,9930466428,Murder For Brainrots,1239
2026-10-08T00:11:28Z,10696301650,3873871110,HUMANS! Primeval Earth | Dinosaur Survival,1238
2026-10-08T00:11:28Z,11276071411,4019583467,NPC or DIE! 💢,1234
2026-10-08T00:11:28Z,18688598012,6332376065,Vina High School 📚 RP,1231
2026-10-08T00:11:28Z,129972079094718,10507075860,TNT to Earth's Core! [Rebirths!],1231
2026-10-08T00:11:28Z,10660791703,3864279452,cart ride around nothing,1229
2026-10-08T00:11:28Z,79475945127283,10387635049,[GARDEN🌱] Race Horses,1228
2026-10-08T00:11:28Z,5152425034,1794056685,Camper Van 🚐,1227
2026-10-08T00:11:28Z,263761432,107172930,Horrific Housing,1226
2026-10-08T00:11:28Z,83376581471284,10724269636,Grow a Pet Fighter! 🐶⚔️,1214
2026-10-08T00:11:28Z,122720857080780,6786784563,[🚗NEW CAR!] Corsa Legends [ALPHA],1214
2026-10-08T00:11:28Z,79454007962937,9714537627,AI Judge,1213
2026-10-08T00:11:28Z,104809044319701,10544327471,+1 Phonk Evolution,1213
2026-10-08T00:11:28Z,115092911061119,7339682753,[NEW BACKROOMS]🏠RP BY FEDE VIGEVANI🏠,1212
2026-10-08T00:11:28Z,89035794510548,10438013523,🕹️ Endless GAMES [NO ADS],1209
2026-10-08T00:11:28Z,13796645198,4785982047,FLASHPOINT⚡,1207
2026-10-08T00:11:28Z,80607040330429,7877723741,Dash World [PLATFORMER],1207
2026-10-08T00:11:28Z,105555311806207,8066283370,[🎁]Build a Zoo🥚,1206
2026-10-08T00:11:28Z,106802314735486,10117986107,Would You Rather: MIX Outfit Tower! 🎲,1201
2026-10-08T00:11:28Z,94539932414164,8618660961,(🍂FALL + 🛠️ CAR MODS!) Mojave Valley (Alpha),1200
2026-10-08T00:11:28Z,14259358984,4931991343,Escape Running Felipe Head 2🏃‍♂️,1199
2026-10-08T00:11:28Z,14161770735,4901806610,PLAY OR DIE,1197
2026-10-08T00:11:28Z,17844293708,6113928308,🔑Project: Escape Room [MULTIPLAYER],1197
2026-10-08T00:11:28Z,112966546347918,8420907710,Drift Tag,1196
2026-10-08T00:11:28Z,4832438542,1638323641,VR Hands v3.2 🎙️,1195
2026-10-08T00:11:28Z,119473104067789,10191144118,Would You Rather: Age Tower 👶,1195
2026-10-08T00:11:28Z,125503525638054,7970033072,The Veil,1195
2026-10-08T00:11:28Z,100453351939863,9169166771,Tiny Universe RP [Update!],1185
2026-10-08T00:11:28Z,95094324354820,9142917248,[🏜] Fly Hide & Seek,1181
2026-10-08T00:11:28Z,111363135577981,10236023188,[☀️🌴UPDATE] ASMR Tower,1178
2026-10-08T00:11:28Z,105072660911040,10466601694,Oil Tycoon! ⛽,1171
2026-10-08T00:11:28Z,16039690331,5544551093,Secret Killer,1167
2026-10-08T00:11:28Z,73578698401320,10399413858,Bid For Soccer Cards!,1166
2026-10-08T00:11:28Z,71394819414417,8724785394,[LIMITED 🏎️] Mega Mansion 2🌴,1165
2026-10-08T00:11:28Z,103767961452227,10757247806,Build and Conquer,1165
2026-10-08T00:11:28Z,7071444234,2727447177,Pet Story 🐶,1163
2026-10-08T00:11:28Z,4850533156,1648467492,Bendy scripts,1154
2026-10-08T00:11:28Z,8305160617,3183742847,Last to Leave the Circle,1153
2026-10-08T00:11:28Z,5130598377,1782832995,A Universal Time,1152
2026-10-08T00:11:28Z,104856666707760,9705384247,Killstreak Battle Royale,1152
2026-10-08T00:11:28Z,110954432401277,10761200080,Needle In A Haystack,1150
2026-10-08T00:11:28Z,4104106043,1358133289,Insane Elevator!,1144
2026-10-08T00:11:28Z,100293509865504,10516888336,[Boss🔥] Catch 1 Billion Ducks,1144
2026-10-08T00:11:28Z,2772610559,1001911915,Farming and Friends,1139
2026-10-08T00:11:28Z,15135285305,5216419122,GEF,1139
2026-10-08T00:11:28Z,71647048889071,10020287053,Convenience Store in Korea ASMR,1139
2026-10-08T00:11:28Z,101432174163538,7128251171,[TRADING] Superstar Baseball,1136
2026-10-08T00:11:28Z,12828227139,4491246195,War Machines,1135
2026-10-08T00:11:28Z,16907212609,5806843156,"HELLO, NEIGHBOR [ACT 3]",1135
2026-10-08T00:11:28Z,112233638491976,10454554751,[🎃] Unbox ASMR!,1133
2026-10-08T00:11:28Z,100034344773758,10103595714,[UPD🩸] Generic Blood Sandbox Shooter🩸,1132
2026-10-08T00:11:28Z,107645101488133,9874419878,[WORLD 11] Needoh Tower,1132
2026-10-08T00:11:28Z,11862502039,4197966812,Seaside RP🏡🌴 City RP,1131
2026-10-08T00:11:28Z,133943904733338,10269820836,THE BUNKER,1130
2026-10-08T00:11:28Z,5865858426,2092410051,Retail Tycoon 2,1129
2026-10-08T00:11:28Z,79966250354565,9286558970,Project 12 [ATM ROBBERY],1129
2026-10-08T00:11:28Z,140424985545402,10061124506,Drive A Bus,1129
2026-10-08T00:11:28Z,72019577565540,7687524641,Movie Maker 4🎬[UPDATE],1128
2026-10-08T00:11:28Z,133379826754141,9599808796,Would you rather but it happens,1128
2026-10-08T00:11:28Z,5901440255,2113323331,Teddy,1127
2026-10-08T00:11:28Z,94495283121683,9257800423,STAY INSIDE! 🤫 [GOTHIC ITEMS🛋️],1125
2026-10-08T00:11:28Z,14842128242,5114328099,100 Player Floor Is LAVA! 🔥,1124
2026-10-08T00:11:28Z,2778230703,1003981402,Reminiscence Zombies,1122
2026-10-08T00:11:28Z,130253630950453,10092619788,[DUNGEON] Anime Card Battle: Rebirth,1121
2026-10-08T00:11:28Z,14184086618,4908792642,[🚲PARK] Obby But You’re On a Bike,1115
2026-10-08T00:11:28Z,87018676608089,9588121608,Pistol Arena,1115
2026-10-08T00:11:28Z,105373497661352,10162859180,👑 Kingdom Architect Tycoon,1113
2026-10-08T00:11:28Z,92700582787930,10286150288,MEGA RAMP FOR SLIME,1110
2026-10-08T00:11:28Z,72317248326994,9294646427,Bobsled Ride Down a Mountainside,1108
2026-10-08T00:11:28Z,6020247720,2176187244,🪂 Ragdoll Physics [Skydiving],1107
2026-10-08T00:11:28Z,9089190262,3417194043,[NEW SONGS!] Piano Tiles Rush,1107
2026-10-08T00:11:28Z,13118814103,4579085368,[🧑‍🍳CLASSES] Generic Cooking Game [BETA],1104
2026-10-08T00:11:28Z,115286378269814,8014099969,Protect The House From Monsters,1101
2026-10-08T00:11:28Z,5856880701,2087494287,Mermaid Testing 🥭,1093
2026-10-08T00:11:28Z,15113223607,5208051158,Mech Showdown (Beta),1090
2026-10-08T00:11:28Z,17188326828,5885971085,[COMING SOON] Age of Titans,1089
2026-10-08T00:11:28Z,9099326192,3420059569,GREAT SCHOOL BREAKOUT! (First Person Obby),1086
2026-10-08T00:11:28Z,84332574190497,9998576154,+1 Wings for Brainrots,1085
2026-10-08T00:11:28Z,108767400143329,9320470390,[🌊] My WATERPARK,1082
2026-10-08T00:11:28Z,132046904416072,9660713566,[UPD] +1 Speed Motorcycle Tsunami Escape,1082
2026-10-08T00:11:28Z,8328351891,3191268194,Mega Mansion Tycoon 🌴🛥️,1079
2026-10-08T00:11:28Z,95721658376580,7414497778,[MTC] Multicrew Tank Combat,1079
2026-10-08T00:11:28Z,106287315699545,9781580133,Realistic Tree Cutting V6.7,1079
2026-10-08T00:11:28Z,71849204829689,7411615879,[Wyw my sweetie] Trend City RP 🎶,1078
2026-10-08T00:11:28Z,114226238552788,8366716517,Sky Fighters,1074
2026-10-08T00:11:28Z,155382109,73754455,Survive and Kill the Killers in Area 51 !!!,1070
2026-10-08T00:11:28Z,81223687051453,9150731899,PRISON RP,1070
2026-10-08T00:11:28Z,9534337535,3551414857,Shrek in The Backrooms,1069
2026-10-08T00:11:28Z,76427445314955,9112256336,Scream City 2 🎃,1068
2026-10-08T00:11:28Z,7491927311,2916593387,Undertale Test Place Reborn,1064
2026-10-08T00:11:28Z,71774876641249,10446291786,Chat [💬🔊] rp ragdoll,1064
2026-10-08T00:11:28Z,79267089300389,10253446435,[🪓] My Wood Farm,1064
2026-10-08T00:11:28Z,102871156420149,7935634976,The Lost Front,1063
2026-10-08T00:11:28Z,131572543049913,8851542818,[🦆] Detective Duck,1062
2026-10-08T00:11:28Z,80139795758532,9210599831,[UPD] 🎯AIMBOT,1061
2026-10-08T00:11:28Z,103556382323599,7990186056,[🎢] Build a Tower,1061
2026-10-08T00:11:28Z,109881277752094,10226701629,Clean The Library 📖,1061
2026-10-08T00:11:28Z,96796259580891,7787359931,Kingdom World,1059
2026-10-08T00:11:28Z,17600423422,6026405541,🍁 10 Player Flee,1057
2026-10-08T00:11:28Z,128776499486135,10765579304,[ALPHA] Fleet Empire,1056
2026-10-08T00:11:28Z,97270827479665,10742019356,[UPD]💥Blow Up The City,1055
2026-10-08T00:11:28Z,140477643689375,9732080947,Rusty Rafts,1052
2026-10-08T00:11:28Z,113604074601559,7812848099,🐝 Build A Beehive,1049
2026-10-08T00:11:28Z,104526416639079,10765078176,Verity's Game,1044
2026-10-08T00:11:28Z,17662297954,6048923315,[🌀Sky Manipulation] KAIZEN,1042
2026-10-08T00:11:28Z,83325975879599,10204542673,MM2: PVP,1042
2026-10-08T00:11:28Z,109530157755211,10759860151,Lift a Cube,1040
2026-10-08T00:11:28Z,105896604492658,9250508067,Music Festival Tycoon,1036
2026-10-08T00:11:28Z,14437001043,4987467534,Residence Massacre,1034
2026-10-08T00:11:28Z,85659091508300,10281666052,[FIXED] Meow Madness,1032
2026-10-08T00:11:28Z,92801681573829,10454932245,[✋] Slapper Troll Tower,1026
2026-10-08T00:11:28Z,122093998639862,9792551117,The Morgue Shift,1024
2026-10-08T00:11:28Z,134619004688066,8659262047,Dangerous ATV Driving,1024
2026-10-08T00:11:28Z,8657766101,3293514480,[LANTERNS] Marvellous Smackdown,1021
2026-10-08T00:11:28Z,134558434771720,7884563721,[🔥RALLIES] Arcade Basketball 🏀,1021
2026-10-08T00:11:28Z,129163919591388,7212930772,Train to Fight,1020
2026-10-08T00:11:28Z,4830581890,1637284552,Fear Elevator 😱,1016
2026-10-08T00:11:28Z,83948716312312,6451948378,[🔮]Tokyo Claw Machine,1016
2026-10-08T00:11:28Z,84156601481934,10469426282,[🍃Upd 9] 🔩 Resource Incremental,1012
2026-10-08T00:11:28Z,17457986005,5974860429,[ENDLESS] The Noob Experiment Battlefront,1006
2026-10-08T00:11:28Z,138801629175656,10765361336,[10.05] Super Zombie Siege Defense,1005
2026-10-08T00:11:28Z,4448566543,1415710834,[BAKERY🍰] Banana Eats,1004
2026-10-08T00:11:28Z,10959918411,3951147015,Studio Lite,1003
2026-10-08T00:11:28Z,14787369036,5096440156,weird strict dad [🎮MODES],1000
2026-10-08T00:11:28Z,80003276594057,7458874788,🎃 [CONSOLE] Pixel Quest!,999
2026-10-08T00:11:28Z,10075248947,3704826615,Average Day In America (YARD DEALER),997
2026-10-08T00:11:28Z,110570058234582,6690355795,[🎃] 18+ Meet People Across The World 🔊,997
2026-10-08T00:11:28Z,94845773826960,7546582051,[⚔️] Dungeon Heroes,994
2026-10-08T00:11:28Z,119609933650338,10350558449,[⏰ Event] Dog Race 🐕💨,991
2026-10-08T00:11:28Z,76137189788863,7082423811,🌊 Raft Tycoon,989
2026-10-08T00:11:28Z,13083893317,4571439504,[🎃🦇WEEK 2] Life Sentence,988
2026-10-08T00:11:28Z,127152805777886,7114667385,Animal Topia 🏠 RP,988
2026-10-08T00:11:28Z,103050497819513,9758688665,Steal The Brainrot Base🧠,985
2026-10-08T00:11:28Z,18959440414,6421358579,ART. 244 [🛠️ HUGE FIXES],981
2026-10-08T00:11:28Z,12411473842,4367208330,Pressure,976
2026-10-08T00:11:28Z,12338455185,4343544885,Tropical Resort Tycoon 2 🌴,975
2026-10-08T00:11:28Z,70797316145408,10764412489,Waddle Obby,973
2026-10-08T00:11:28Z,72450672234943,10165276442,Pets VS Police,973
2026-10-08T00:11:28Z,126541933894893,9960184903,[🏗️] Build Everything!,972
2026-10-08T00:11:28Z,8003084678,3088609243,oMega Obby 🌟 727 Stages!,971
2026-10-08T00:11:28Z,13184713709,4599924264,Teamwork Puzzles (Obby),969
2026-10-08T00:11:28Z,16220287667,5599532653,(G-MAN REWORK) Strange Bathtub War,968
2026-10-08T00:11:28Z,81549698024226,10297836599,Power Your City,967
2026-10-08T00:11:28Z,17121846721,5866227438,Build with Friends,966
2026-10-08T00:11:28Z,119031147890918,10272975313,Dino Hunters[UPD],965
2026-10-08T00:11:28Z,7896264844,3056160040,Find the Markers (321),964
2026-10-08T00:11:28Z,101304595834078,10418224975,+1 TNT Mining,960
2026-10-08T00:11:28Z,17729873503,6072944764,YooBroxDD's DOORS RP 👔,957
2026-10-08T00:11:28Z,126016859830524,10757504146,Steal A Brainrot Egg,955
2026-10-08T00:11:28Z,16141898262,5576955991,[🗺️] Sail and Sink Simulator! UPDATE,954
2026-10-08T00:11:28Z,75541741887441,8198412649,Dinosaur Life,954
2026-10-08T00:11:28Z,86754403332185,8430503828,Steal a Clown,954
2026-10-08T00:11:28Z,118889111240517,9511365396,Aura Edit Slap Battles 🎵,954
2026-10-08T00:11:28Z,121461214257813,9655781693,Be an SCP or Guard [SCP-682],952
2026-10-08T00:11:28Z,17255098561,5903289376,The Corner 🔊,950
2026-10-08T00:11:28Z,105688896121506,6760897304,Steal a Sprunki Egg ✨ 3D SPRUNKI SIM,949
2026-10-08T00:11:28Z,113024290498796,7346697338,Last To Leave Box Wins,949
2026-10-08T00:11:28Z,12076775711,4263371487,[🦕NEW DINO] Primal Pursuit 🦖 Humans vs Dinosaurs,948
2026-10-08T00:11:28Z,78177131121429,10156435104,Drill Blocks for Brainrots,945
2026-10-08T00:11:28Z,10561456271,3837114739,[RITUALS 🕯️] The Vampire Legends 2,943
2026-10-08T00:11:28Z,94987506187454,7265339759,[🗡️ BALLISTIC KNIFE] REDLINER,943
2026-10-08T00:11:28Z,101610294550592,9585346472,Night At The Infirmary (Anomaly),943
2026-10-08T00:11:28Z,103593441753340,6495484417,[200] Find The Button! 🔴,943
2026-10-08T00:11:28Z,118576822282213,10587328652,Guess Flags For Soccer Players,941
2026-10-08T00:11:28Z,16901389020,5805053299,Web Rush,940
2026-10-08T00:11:28Z,3261957210,1177208440,Infinity Gauntlet | Thanos Simulator,939
2026-10-08T00:11:28Z,16653555262,5728147388,[W10] Rope Swing Obby,938
2026-10-08T00:11:28Z,12847474373,4497460596,MORPH WORLD 🏠 [INFECTED HOUSE BOSS!],937
2026-10-08T00:11:28Z,112857282410969,9892207761,SEWER SCREAMS,935
2026-10-08T00:11:28Z,15654981113,5407131262,Death Penalty,930
2026-10-08T00:11:28Z,107828406309109,7243236309,The Button,930
2026-10-08T00:11:28Z,298400657,114967577,[ULTRA INSTINCT!] Dragon Ball Final: Reborn,928
2026-10-08T00:11:28Z,71099982892966,10130749197,Would You Rather: Celebrity Tower,927
2026-10-08T00:11:28Z,131068932321596,8472682462,[🔥Brainrot BOSS🤢]Hold the Last Line!🔫🧟‍♂️🧟‍♀️,925
2026-10-08T00:11:28Z,16331682055,5633615594,Poke Haven 🔊 18+,923
2026-10-08T00:11:28Z,85011874799856,6487579144,Ohio Tools,923
2026-10-08T00:11:28Z,139598620873181,6770632849,[WIND🌪️🍃] MUGEN,923
2026-10-08T00:11:28Z,139621660140863,9484893818,Fatal Floors 👁️,919
2026-10-08T00:11:28Z,7871169780,3047037061,bLockerman's Minesweeper,918
2026-10-08T00:11:28Z,17324489187,5927446137,Subconscious [Horror],918
2026-10-08T00:11:28Z,73526576502092,8488806742,Sonic.EXE: The Disaster Eclipsed v1.42,915
2026-10-08T00:11:28Z,18334179599,6215464786,Chained [2 Player Obby],914
2026-10-08T00:11:28Z,108439047160668,6599600818,Isles of Ravos 🐲,914
2026-10-08T00:11:28Z,129768092435314,8883775493,Build a Roller Coaster🎢,912
2026-10-08T00:11:28Z,11928087342,4221956550,The Butchery,910
2026-10-08T00:11:28Z,8838701772,3346892457,SCP Monsters or Trevor Creatures,903
2026-10-08T00:11:28Z,136990058242546,9655921954,[FIX] Scooter Of Hell,902
2026-10-08T00:11:28Z,443406476,169302362,Project Lazarus: 💀 ZOMBIES 💀,901
2026-10-08T00:11:28Z,11273483795,4018794732,Ultimate Ragdoll Playground,901
2026-10-08T00:11:28Z,15111895255,5207621753,[⭐EP81] Skibidi Masters Tower Defense,901
2026-10-08T00:11:28Z,76503495566299,10694549945,Steal a Chicken,900
2026-10-08T00:11:28Z,108517691661499,10766105412,Smash A Bacon,900
2026-10-08T00:11:28Z,121297490325652,10175155684,[YARARARA] Mrouse's Animations,900
2026-10-08T00:11:28Z,127103413498148,10583634958,[🇬🇷] Collect The Alphabet,900
2026-10-08T00:11:28Z,120704669141193,9933939850,[V13] Blox Loot,899
2026-10-08T00:11:28Z,12997619803,4543855070,Clone Kingdom Tycoon ⚔️,896
2026-10-08T00:11:28Z,134091628988403,9940944640,[RNG] Steal a Peru,895
2026-10-08T00:11:28Z,6915976310,2643072291,Frigid Dusk,894
2026-10-08T00:11:28Z,9372570969,3502524667,GRUMPY GRAN! (SCARY OBBY),894
2026-10-08T00:11:28Z,82075856475941,8759966530,Night Shift at Paulie's (Early Beta) [HORROR],894
2026-10-08T00:11:28Z,86089763581353,7356195012,🌎 World.io,894
2026-10-08T00:11:28Z,103740390007820,9580564449,Test roba un payaso,894
2026-10-08T00:11:28Z,17759606919,6083162964,Helicity,892
2026-10-08T00:11:28Z,89100823864844,8497987845,[💜 JOJO'S] Anime Girl RNG,892
2026-10-08T00:11:28Z,102574559184919,9155036056,Craft Food,887
2026-10-08T00:11:28Z,5984006660,2157233282,Would You Rather: Singers Tower,883
2026-10-08T00:11:28Z,9169654849,3441153192,👁️ Escape Running Head Eyes 👁️,883
2026-10-08T00:11:28Z,103589142326933,7069852763,[JDM PART 2] Car Crash Simulator V3,883
2026-10-08T00:11:28Z,9120716669,3426175130,Insane Elevator Testing,880
2026-10-08T00:11:28Z,102071609564196,9209811415,🎞️ Emote Catalog,878
2026-10-08T00:11:28Z,6445435958,2402796421,A tower that can't be broken,874
2026-10-08T00:11:28Z,103874780798870,7738927312,[☢️] Build a Bunker!,873
2026-10-08T00:11:28Z,139766023909499,8080863905,Slap DUELS [🎉UPD!],873
2026-10-08T00:11:28Z,6305582775,2327461601,Ragdoll Physics Havoc,872
2026-10-08T00:11:28Z,126922689754590,7521520342,🔊Quiet or Die!,870
2026-10-08T00:11:28Z,5926001758,2126386806,Color Block,869
2026-10-08T00:11:28Z,74542317333958,10565445771,Verity Companion [AI],867
2026-10-08T00:11:28Z,4898233867,1673554668,School Bus Sim,866
2026-10-08T00:11:28Z,10228136016,3747388906,[📱MOBILE] Fallen Survival🏹,866
2026-10-08T00:11:28Z,97438379434717,9701909402,[🎃] Afraid Monkeys,864
2026-10-08T00:11:28Z,11232592166,4007686136,Touch Soccer,863
2026-10-08T00:11:28Z,97253290114878,10482905194,Paint your Friends!,862
2026-10-08T00:11:28Z,131073412590872,9549133757,[Aggregor] Omini-X Definitivo 9,860
2026-10-08T00:11:28Z,183364845,83858907,[💎] Speed Run 4,859
2026-10-08T00:11:28Z,88951201927122,9198323655,Gear Troll Slap Tower 💥,859
2026-10-08T00:11:28Z,124473577469410,9787206684,Be a Lucky Block,859
2026-10-08T00:11:28Z,3398014311,1214576306,Restaurant Tycoon 2,857
2026-10-08T00:11:28Z,8571687919,3267012194,LOCOfficial!,857
2026-10-08T00:11:28Z,103754275310547,7750955984,[Parasol!] Hunty Zombie,857
2026-10-08T00:11:28Z,69118166,32211175,Sinking Ship Simulator,856
2026-10-08T00:11:28Z,18680867089,6329693946,Ultimate Mining Tycoon,855
2026-10-08T00:11:28Z,127377897541228,9627655329,[FREE SHINJI] Universal Showdown,855
2026-10-08T00:11:28Z,9558986910,3560583071,Hello Neighbor [3 Acts],851
2026-10-08T00:11:28Z,84376037812256,10764888929,Climb for Eggs!,850
2026-10-08T00:11:28Z,124740268654741,10061100187,Country War RTS,847
2026-10-08T00:11:28Z,18864551515,6389489439,Bouncy Castle,846
2026-10-08T00:11:28Z,81403703556465,10766420770,[🌱] Bahay Kubo Garden,844
2026-10-08T00:11:28Z,132823656935976,10335507006,[🥚] Shoot for Brainrot 🎯,844
2026-10-08T00:11:28Z,134707983960541,9029936173,[✨ALTER EGO] Emote Testing Tower 💃,843
2026-10-08T00:11:28Z,14833592591,5111507958,Disaster Island 🏝️ Survival,841
2026-10-08T00:11:28Z,94860588848140,10528250136,[X5] +1 Kitten Keyboard Escape,841
2026-10-08T00:11:28Z,120944686522212,10480747190,[⏰5 MINUTES] Verity [REALISTIC],841
2026-10-08T00:11:28Z,125810438250765,8950496606,Deadly Delivery,838
2026-10-08T00:11:28Z,128793328541327,10259258713,Find The Squishies [121🔎],837
2026-10-08T00:11:28Z,6686932749,2520686564,Halloween Event! | Prehistoria!,835
2026-10-08T00:11:28Z,6918802270,2644656496,Haze Seas,835
2026-10-08T00:11:28Z,14026026722,4858558391,Terminal [Escape Room],834
2026-10-08T00:11:28Z,84568117169118,10309128556,HELLHOLE [🧟‍♂️],832
2026-10-08T00:11:28Z,129907317028750,8246907060,Be Dino 🦖 - Jurassic Dinosaur Simulation,830
2026-10-08T00:11:28Z,109629391874197,6676099788,[UPDATE] Marvel Omega,829
2026-10-08T00:11:28Z,17577256698,6017624138,Hutan [Voice Chat],827
2026-10-08T00:11:28Z,100722736774753,10383037602,Guess My Football Country 🏆,826
2026-10-08T00:11:28Z,96462622512177,6657933195,Supermarket Simulator,825
2026-10-08T00:11:28Z,8562822414,3264581003,Eternal Towers of Hell,824
2026-10-08T00:11:28Z,103731330407395,7577791613,Chained in Backrooms,824
2026-10-08T00:11:28Z,83264774625004,10547918402,[UPDATE] +1 Jump Crunchy ASMR Escape!,823
2026-10-08T00:11:28Z,85070202669030,7373459570,[⚔2v2] BEYBLADE X-BATTLES [Beta12.1],823
2026-10-08T00:11:28Z,92171645661524,6491900489,Carry an Egg [2 Player Obby],821
2026-10-08T00:11:28Z,138182400257397,8041232013,[🎨] Draw A Friend,817
2026-10-08T00:11:28Z,88829164647511,6535370051,Domino Engine,816
2026-10-08T00:11:28Z,112345685575988,10537346933,My Hungry Giant! [ASMR],816
2026-10-08T00:11:28Z,9938675423,3666294218,🌲 Oaklands [⛏️ REVAMP],813
2026-10-08T00:11:28Z,78028206594931,9903482381,🕺 Catalog Emote Tester,813
2026-10-08T00:11:28Z,11684369582,4139766490,I Wanna Test The Game (Beta Test),810
2026-10-08T00:11:28Z,174238106,83148140,✈RED VS BLUE PLANE WARS!,809
2026-10-08T00:11:28Z,99487541293863,10682099418,[X10]❄️ +1 Speed Snow Keyboard Escape,808
2026-10-08T00:11:28Z,14279693118,4938220315,[AURORA] Skibi Defense,807
2026-10-08T00:11:28Z,110334393584385,10004760418,Roller for Brainrots!,807
2026-10-08T00:11:28Z,140302982046391,10421154706,Be The Final Boss [UPDATE],806
2026-10-08T00:11:28Z,6137321701,2239430935,[UPD] Blair,800
2026-10-08T00:11:28Z,14823220100,5108158764,SCP Architect X,798
2026-10-08T00:11:28Z,78471443847948,9750361560,Pew Pew Blocks 🔫,798
2026-10-08T00:11:28Z,113814738390716,8646444640,[UPD 5] Untitled Upgrade Tree,796
2026-10-08T00:11:28Z,135038773889079,10384841418,Clean the Squishies!,796
2026-10-08T00:11:28Z,16454399300,5668114043,Scary Sushi [CHAPTER 2],795
2026-10-08T00:11:28Z,117539213094671,10514280922,Roll A Gnome,795
2026-10-08T00:11:28Z,106920577206536,9889811676,A Quiet Place: Deadzone (Pre-Alpha),794
2026-10-08T00:11:28Z,138765242147947,10550305160,Breaking Roblox's Limits [ALPHA],793
2026-10-08T00:11:28Z,11694307960,4142544848,Salon de Fiestas 2,792
2026-10-08T00:11:28Z,118806061296143,9303771057,[👿⚔️] KPop Demon Hunters,792
2026-10-08T00:11:28Z,116058355775210,9785048253,[🏡UPDATE!] Home Creator,789
2026-10-08T00:11:28Z,112619156837009,10418381226,[💀NAGI] Build A Blue Lock Squad!,787
2026-10-08T00:11:28Z,101893542756730,10766735253,+1 Snow Shoveling Adventure,786
2026-10-08T00:11:28Z,328028363,147332621,Typical Colors 2,785
2026-10-08T00:11:28Z,5104202731,1769712451,Southwest Florida Beta,785
2026-10-08T00:11:28Z,121766265831153,10389353525,Rescue Pets!,785
2026-10-08T00:11:28Z,16115051360,5568657754,Gun and Armor Testing,783
2026-10-08T00:11:28Z,16483433878,5678284602,🏰 Block Tales [DEMO 5],783
2026-10-08T00:11:28Z,113581963143008,7760134732,Build To Survive DISASTERS! 🌊,783
2026-10-08T00:11:28Z,120299070926116,9312746495,Breakfast House 🥧RP,782
2026-10-08T00:11:28Z,124032631078772,10541331578,[🦉DARK FOREST] Poly Loot⚔️,782
2026-10-08T00:11:28Z,4195834406,1374118848,Dragon Generations,781
2026-10-08T00:11:28Z,10110568567,3715101004,kill npcs or something,779
2026-10-08T00:11:28Z,1128650291,465016798,Zoo Tycoon 🐣,778
2026-10-08T00:11:28Z,3214114884,1160789089,💥 Flag Wars! [UPD],778
2026-10-08T00:11:28Z,6222531507,2283649692,CHESS!,778
2026-10-08T00:11:28Z,10290376430,3764631130,An Infinite Highway,777
2026-10-08T00:11:28Z,108730407897379,7569509385,Amber Alert 3.0 [UPD],774
2026-10-08T00:11:28Z,16304978305,5625220213,⚽️ Goal Battles 🥅,771
2026-10-08T00:11:28Z,107573271137575,10406744768,Secure the Supermarket,771
2026-10-08T00:11:28Z,107866483212163,10536000210,+1 Speed Verity Backroom Escape,770
2026-10-08T00:11:28Z,135757618941587,9317784977,[🔥UPD] Knife Arena,770
2026-10-08T00:11:28Z,74193805629461,10178802449,+1 Mine Per Click ⛏️,769
2026-10-08T00:11:28Z,79797693256658,9694335093,BlackHole Rush! [👼&😈 UPD],769
2026-10-08T00:11:28Z,18645473062,6317476162,[🐉Pets][V67]Cultivation: Mortal to Immortal,768
2026-10-08T00:11:28Z,4796443083,1617287243,Daycare 2 🎈 (Story),767
2026-10-08T00:11:28Z,125299131646017,10419655626,Sintonia RP,767
2026-10-08T00:11:28Z,87229519582692,10271723279,[REVAMP] Ultimate Gym Game,766
2026-10-08T00:11:28Z,122216176958450,10764328008,Steal A Seed!,766
2026-10-08T00:11:28Z,16288616721,5620182793,Skateboard Obby🎃,763
2026-10-08T00:11:28Z,8715472568,3311164447,[🛍️CATALOG] Jenna's Elevator!,762
2026-10-08T00:11:28Z,73871058651498,9872977974,Spiral Stair Tower,760
2026-10-08T00:11:28Z,31490825,21449357,Warfare Tycoon [NEW JET],758
2026-10-08T00:11:28Z,8416249767,3219620210,Fall Off A Building,756
2026-10-08T00:11:28Z,88910662712492,10765332568,Roller for Animals!,754
2026-10-08T00:11:28Z,11729688377,4154513353,Booga Booga [DAILY🎁],753
2026-10-08T00:11:28Z,17012548142,5835368537,Be a Snake,753
2026-10-08T00:11:28Z,14721282186,5074882778,construction (under construction),750
2026-10-08T00:11:28Z,71706515477118,9499439936,[V8] +1 Jump Evolve Tower,750
2026-10-08T00:11:28Z,120140631282295,10406956174,[UPD] DON'T GET CAUGHT CHEATING! 👁️,749
2026-10-08T00:11:28Z,8388259310,3210778402,Where's Santa [Story],748
2026-10-08T00:11:28Z,88933961678687,9485131494,[⚡] Hyper Speed Runner,748
2026-10-08T00:11:28Z,111894976456494,7450124099,Anime Life,748
2026-10-08T00:11:28Z,75250668697932,10765061113,Be an Egg,746
2026-10-08T00:11:28Z,115035699922620,10405785379,[🐝] Build a Garden Tower,745
2026-10-08T00:11:28Z,6727915552,2544016903,Worldwide Spies,744
2026-10-08T00:11:28Z,18180213499,6163740913,🕳️ Be a Hole,744
2026-10-08T00:11:28Z,125790795579287,6983536246,[🎶] Incredible Blox,741
2026-10-08T00:11:28Z,139874182509202,10335105369,a crazy shooting experience,740
2026-10-08T00:11:28Z,86757987326668,7483856345,Killer Stairs,739
2026-10-08T00:11:28Z,98041593342319,10127764368,Blind Timer ⏳,739
2026-10-08T00:11:28Z,100744519298647,7798947148,[NOW!] Anime Final Quest,735
2026-10-08T00:11:28Z,10149471313,3725528263,Zombie Survival Garry's Mod [Old],733
2026-10-08T00:11:28Z,17805166690,6100103590,The Undead Coming (2026),733
2026-10-08T00:11:28Z,14518422161,5012222382,Gunfight Arena,732
2026-10-08T00:11:28Z,86368783421928,9793308933,Fall For Brainrots! 🪂,732
2026-10-08T00:11:28Z,89180039807836,10377327838,[😎] TROLL Hug Tower,732
2026-10-08T00:11:28Z,18138682962,6149186864,Freeze for UGC 🧊,731
2026-10-08T00:11:28Z,166731267,79609758,The Dropper ✨ [135+ LEVELS!],730
2026-10-08T00:11:28Z,2166944189,757291724,🚒 Firefighters!,728
2026-10-08T00:11:28Z,139360679647453,7128163167,Lori's Nightmare,728
2026-10-08T00:11:28Z,87311102000285,9084112733,[UPD📼] Camper Van Trip 🌲,726
2026-10-08T00:11:28Z,12550651382,4408288935,Ecos: La Brea,721
2026-10-08T00:11:28Z,107095834793267,8786713187,Oil Empire🛢️[UPD],721
2026-10-08T00:11:28Z,79315121100812,10231871497,Make a Drill Farm,720
2026-10-08T00:11:28Z,90053646552411,9903325235,Climb KPop Demon Hunters Tower,720
2026-10-08T00:11:28Z,96153864779911,9219116196,Scary Grocery: The Night Shift [HORROR],718
2026-10-08T00:11:28Z,75625530412726,10241783978,[Update 4.0] Larp Your Character!,717
2026-10-08T00:11:28Z,103138601755519,10664667515,+1 Dino Evolution,717
2026-10-08T00:11:28Z,3891618314,1325411718,⚓ Harbor Havoc,716
2026-10-08T00:11:28Z,129784419746425,9836330876,Villa Tycoon 🏡,716
2026-10-08T00:11:28Z,86017989016432,7381952833,Cook Pizzas,715
2026-10-08T00:11:28Z,86022723355936,10205419329,[BB] Last:Memories,714
2026-10-08T00:11:28Z,128095034580221,7082244450,[UPD] Parents [HORROR],713
2026-10-08T00:11:28Z,102591055755796,9404155369,Dig Out of School 🏫,711
2026-10-08T00:11:28Z,106487781999308,7120911607,After 3 AM,711
2026-10-08T00:11:28Z,112626674737178,9364041968,[RIMS!] Car Sales 2 🏎️,710
2026-10-08T00:11:28Z,127634932179327,10383973024,Kick Ball to Space ⚽,710
2026-10-08T00:11:28Z,4522347649,1452258989,[FREE ADMIN],709
2026-10-08T00:11:28Z,129096378231329,10588977897,Build and Defend Your Raft,709
2026-10-08T00:11:28Z,8908228901,3365661357,SharkBite 2 🦈,708
2026-10-08T00:11:28Z,17070462969,5851294352,VOXEL DESTRUCT 2 EARLY ACCESS,707
2026-10-08T00:11:28Z,92415748858497,8204806107,[BACKROOMS] Infinite Nights With Freddy (DOOM),705
2026-10-08T00:11:28Z,93233198656969,7139435866,FREE FIRE MAX🏆,704
2026-10-08T00:11:28Z,14237585680,4925010421,Interliminality (ALPHA 1.3.6),702
2026-10-08T00:11:28Z,14038329225,4862269388,Archived,701
2026-10-08T00:11:28Z,112816993332059,7141367886,Feed Maltigi,701
2026-10-08T00:11:28Z,98067481349941,7317454210,Obby Champion 🏆,699
2026-10-08T00:11:28Z,112796336189704,10272236945,👋 Slap to Survive,699
2026-10-08T00:11:28Z,16927467487,5812546130,"[UPD 3] West Coast, Florida",694
2026-10-08T00:11:28Z,6132958612,2236455574,Marvel and DC Super Heroes,692
2026-10-08T00:11:28Z,11848247239,4193032947,🧑‍💼🍣 Conveyor Sushi Restaurant,690
2026-10-08T00:11:28Z,102935804413553,7968055762,[💪 MODIFIERS] Noob Experiment: Warzone,690
2026-10-08T00:11:28Z,5951002734,2139712082,[🕷️HALLOWEEN 1.5] Project Baki,689
2026-10-08T00:11:28Z,110434609045277,10626746750,[Beta] The Creator-God Sim,684
2026-10-08T00:11:28Z,124027312895188,7557272025,sesh,683
2026-10-08T00:11:28Z,17050349106,5845755850,Build to Survive the Tsunami 🌊,682
2026-10-08T00:11:28Z,6349094071,2350840700,[CONSOLE!] Project Flight | Alpha,681
2026-10-08T00:11:28Z,18984776765,6431828693,[♨️] NEOHEE HOT SPRING,680
2026-10-08T00:11:28Z,128329680321338,10329213173,+1 Fat Per Click,679
2026-10-08T00:11:28Z,115620466946909,9940725596,MONSTER TRUCK WORLD,677
2026-10-08T00:11:28Z,2474168535,873703865,Westbound,675
2026-10-08T00:11:28Z,109170650911069,8641602265,[UPD] Drift 36,675
2026-10-08T00:11:28Z,113392430358155,10763860058,💀 TRAPPED,675
2026-10-08T00:11:28Z,136431686349723,7229780065,HUNTED,674
2026-10-08T00:11:28Z,71229216166991,10272020404,[🎧] ASMR Gun Tower,673
2026-10-08T00:11:28Z,88932739628526,8017401632,Wavelength! [BETA],671
2026-10-08T00:11:28Z,14337656835,4956911744,Easy Size Obby,670
2026-10-08T00:11:28Z,110584310129887,7800961209,[VC] Podcasts 🔊,670
2026-10-08T00:11:28Z,112114621008524,9076692567,[CATALOG🛍️] UGC Creator 🎨,670
2026-10-08T00:11:28Z,18335956021,6215986499,Grand Blue [Early Access],669
2026-10-08T00:11:28Z,10726371567,3882062045,Find The Simpsons [285],668
2026-10-08T00:11:28Z,94462883754671,10544339689,[👟X5] +1 Speed Hospital Escape,668
2026-10-08T00:11:28Z,14313259147,4948814458,FORTLINE,667
2026-10-08T00:11:28Z,15884960959,5492723512,Meme Maker [UPDATED!] 😎,667
2026-10-08T00:11:28Z,123581964009368,8723526551,Build and Crush,664
2026-10-08T00:11:28Z,75178747054941,7921879545,LCS: EQuest,663
2026-10-08T00:11:28Z,113704687064411,10765855425,Animal Hospital Roleplay (Unofficial),663
2026-10-08T00:11:28Z,1324061305,533435040,Flicker 💡,661
2026-10-08T00:11:28Z,10277607801,3761186887,Apeirophobia,661
2026-10-08T00:11:28Z,101733180974837,8375166760,Bull Battles [EVOLVED ELEMENTALS],661
2026-10-08T00:11:28Z,91514145260129,9508201896,📒 Brazilian School [RP],660
2026-10-08T00:11:28Z,126857641130765,9903685259,Rocket Spleef 💥,660
2026-10-08T00:11:28Z,135687112224956,10737256446,Hug or Pass [TOWER],660
2026-10-08T00:11:28Z,71143154217953,7658676858,Glide Tower,657
2026-10-08T00:11:28Z,138486812747835,10241000620,[WORLD 2] Airport Tycoon✈️,657
2026-10-08T00:11:28Z,99342262733194,6745933496,Randomizer: Redux,655
2026-10-08T00:11:28Z,106131416903029,9156711629,[👭 CO-OP] 🍓 Cook & Sell! [ALPHA],655
2026-10-08T00:11:28Z,113131161440109,7661378108,[🔥X3 CUSTOMIZATION] Trails,655
2026-10-08T00:11:28Z,120766736586332,10098095975,[💪] +1 Strength Per Click,655
2026-10-08T00:11:28Z,72216345408467,10504837200,🎭Roll An Army!,653
2026-10-08T00:11:28Z,15092647980,5200655965,Project Smash,652
2026-10-08T00:11:28Z,6608498361,2491559356,Cursed Tank Simulator【HOLD THE LINE】,650
2026-10-08T00:11:28Z,75753413268977,10181483914,[Wild Psychic] KJ Test,646
2026-10-08T00:11:28Z,134750648450964,10020612607,[💪🏻]+1 Muscle to Arm Wrestle,646
2026-10-08T00:11:28Z,130522875331172,9229146348,JUST ONE MORE ASYM,644
2026-10-08T00:11:28Z,100039707794702,7378605382,Forsaken: Free For All,643
2026-10-08T00:11:28Z,13141106123,4586990985,Rogueblade [Farmer],640
2026-10-08T00:11:28Z,77187847593796,9796643263,Avatar Maker,640
2026-10-08T00:11:28Z,73904017172892,9564490170,Roll in a Cart,639
2026-10-08T00:11:28Z,80342862330041,6691764291,Liar's Table,639
2026-10-08T00:11:28Z,117752943664280,10364552556,[🎃HALLOWEEN] Roll A Pack!,639
2026-10-08T00:11:28Z,131367064230486,10463578886,💀 House Tower Defense 2,639
2026-10-08T00:11:28Z,662417684,279565647,❓ LUCKY BLOCKS Battlegrounds,638
2026-10-08T00:11:28Z,121903154323395,10428543942,PURSUITCORE,638
2026-10-08T00:11:28Z,15027718878,5174979552,🚀 The Space Simulator,636
2026-10-08T00:11:28Z,138949299666923,10669713140,Build a Dino Defense 🦖,636
2026-10-08T00:11:28Z,139208542491098,9971895648,[W2] Obby But You're on a Board,636
2026-10-08T00:11:28Z,2537430692,905198065,[FIXED] Blocks n' Props,635
2026-10-08T00:11:28Z,95417153338993,10430413968,Squishy Ball Tower,634
2026-10-08T00:11:28Z,139546619723000,10368005384,My Giant Sandwich,633
2026-10-08T00:11:28Z,5116869569,1775919872,[EVENT] Doodle World,631
2026-10-08T00:11:28Z,120154566897536,7037902226,Paint an Album,631
2026-10-08T00:11:28Z,5976159288,2153167977,Formula Apex Racing,630
2026-10-08T00:11:28Z,335760407,124283622,TPS: Street Soccer 🏆,629
2026-10-08T00:11:28Z,5829141886,2073329983,STUNT-DRAG-CUSTOM RACES | Realistic Car Driving™,629
2026-10-08T00:11:28Z,71852303862507,7613970129,Content Creator Tycoon,627
2026-10-08T00:11:28Z,86987168805667,6759889410,[🎃] Growth of Giggle RP,626
2026-10-08T00:11:28Z,88033955914813,9517627739,[UPD🎉!] FUT ⚽,626
2026-10-08T00:11:28Z,17559596992,6011188518,🎃 Animatronic Nights [HALLOWEEN],625
2026-10-08T00:11:28Z,79602128065352,8836631593,No Cooldown Doomspire Brickbattle,625
2026-10-08T00:11:28Z,5974747216,2152417643,🛫 [FLY!] Liberty Airport Flight Simulator RP,624
2026-10-08T00:11:28Z,12912701243,4518152312,ESCAPE EVIL GRANDMA! (FIRST PERSON OBBY),624
2026-10-08T00:11:28Z,109715918987082,9952351777,[🌸 UPD] Anime Stars Card Collection,624
2026-10-08T00:11:28Z,6218169544,2281570018,Korblox & Headless Hangout,622
2026-10-08T00:11:28Z,83388257263676,10551923502,[Enchant]+1 High Jump Power Escape,621
2026-10-08T00:11:28Z,131320856116838,10352185757,Experience Abstraction,620
2026-10-08T00:11:28Z,71633357192188,10364947962,Save the Dumpling Squishy,619
2026-10-08T00:11:28Z,89851325271396,9050667716,[GODZILLA EARTH] Age of Titans,619
2026-10-08T00:11:28Z,75127349412719,10101367087,［🍣］Suship,618
2026-10-08T00:11:28Z,70527259428459,9583356773,[☀️] Blocky!,617
2026-10-08T00:11:28Z,2317712696,807930589,The Wild West,616
2026-10-08T00:11:28Z,10745043766,3887521769,🔥Survive the LAVA!,616
2026-10-08T00:11:28Z,123468479998097,7938992417,GRAB,616
2026-10-08T00:11:28Z,74588536318848,9707841805,Nightfall,615
2026-10-08T00:11:28Z,107750563478039,10205485380,Penalty Kicks!,615
2026-10-08T00:11:28Z,6847090259,2605831977,Bulked Up,612
2026-10-08T00:11:28Z,70998903613713,6696082534,Mol's Zombie Roleplay Game,611
2026-10-08T00:11:28Z,123662243100680,6594435384,SpongeBob Tower Defense🍍,611
2026-10-08T00:11:28Z,15781012611,5455619189,Zombies vs Humans,609
2026-10-08T00:11:28Z,121443295737695,10765629453,Sail For Eggs,609
2026-10-08T00:11:28Z,74919033309938,9868545229,Cosmic Playground | Space Sandbox,608
2026-10-08T00:11:28Z,70990751935174,10113997049,[UPD] Violent Party!,607
2026-10-08T00:11:28Z,8554378337,3262314006,[UPD] Weapon Fighting Simulator,606
2026-10-08T00:11:28Z,130929507719087,9442472087,WARDEN 🐲 Sonaria Horror Escape,606
2026-10-08T00:11:28Z,80844740579381,10737127681,Hide ur Base and Steal 🤫,604
2026-10-08T00:11:28Z,81650261920000,10765035506,Would You Rather: Halloween Tower 🎃,601
2026-10-08T00:11:28Z,94503612388426,6935083490,Be Fish,601
2026-10-08T00:11:28Z,106371326931646,9948825950,Escape Tornado Alley,601
2026-10-08T00:11:28Z,131667667758514,6466802953,🚍Diesel n' Steel,600
2026-10-08T00:11:28Z,11474405411,4079077350,[TITANIC!] Cruise Line Tycoon,599
2026-10-08T00:11:28Z,1185902301,485929611,[Bonnet & Bell Boots] Horse World,598
2026-10-08T00:11:28Z,3272915504,1180269832,Arcane Odyssey 🌊,598
2026-10-08T00:11:28Z,14662419251,5056259915,[🛠️] Desert Bus,598
2026-10-08T00:11:28Z,71443883879110,10727829780,[UPD] Raise an Anomaly (SCP),598
2026-10-08T00:11:28Z,13384322856,4659996100,Build or Die,597
2026-10-08T00:11:28Z,3339374541,1198533421,Midnight Racing: Tokyo,596
2026-10-08T00:11:28Z,93010292807756,7721537973,[UPD] Color Art: Coloring Games,596
2026-10-08T00:11:28Z,119987266683883,9649298941,Survive LAVA for Brainrots!,595
2026-10-08T00:11:28Z,5683833663,2007050448,RAGDOLL. ENGINE!!! 😡,594
2026-10-08T00:11:28Z,11945996815,4228233498,Crazy Cards 🤣,594
2026-10-08T00:11:28Z,5154858502,1795206523,Murderers vs. Sheriffs,593
2026-10-08T00:11:28Z,71739455261863,7448595637,Quicksand,593
2026-10-08T00:11:28Z,13189735542,4601145322,Troll Obby,591
2026-10-08T00:11:28Z,92432535588391,9255588637,Swing Tower,591
2026-10-08T00:11:28Z,130222697019939,10270331873,Punch Up,590
2026-10-08T00:11:28Z,94702395375549,9671940985,Run For Brainrots!,587
2026-10-08T00:11:28Z,134963296781989,9067401541,Clover Origins [DARK TRIAD],587
2026-10-08T00:11:28Z,125823964467491,10582281852,[X3] +1 Speed Keyboard Verity Escape,585
2026-10-08T00:11:28Z,112641748896693,10249209189,Missiles vs Cities,584
2026-10-08T00:11:28Z,9772878203,3620011279,raise a floppa 2 💰 [rich roommate],582
2026-10-08T00:11:28Z,15077422637,5195168716,The Curse [HORROR],581
2026-10-08T00:11:28Z,13587601484,4720386144,Ophelia [HORROR],580
2026-10-08T00:11:28Z,7205641391,2802559498,{MECHANICS} Monday Morning Misery [Beta],578
2026-10-08T00:11:28Z,99258831560211,9690128730,Wega's Super Custom Challenge,578
2026-10-08T00:11:28Z,84956402848349,7372152033,Realistic Golf ⛳,577
2026-10-08T00:11:28Z,9825515356,3634139746,Hood Customs,576
2026-10-08T00:11:28Z,135152711218919,7284582661,Hitch a Hike,576
2026-10-08T00:11:28Z,121748721,52547718,Nations Roleplay X,575
2026-10-08T00:11:28Z,4855457388,1650291138,[UPDATE 6.0] Demonfall,575
2026-10-08T00:11:28Z,10679239752,3869462497,Furry Infection game [Furinfection],575
2026-10-08T00:11:28Z,18934709778,6413074235,A Long Road - BETA,575
2026-10-08T00:11:28Z,93696617476691,9952820791,[🧪] Clone Incremental,574
2026-10-08T00:11:28Z,120329833999324,9510573507,GUNS VS FNAF,574
2026-10-08T00:11:28Z,3255508650,1175471394,[new weapons!] brawl 2,573
2026-10-08T00:11:28Z,107734853434823,9232634201,Run from Fast Fredbear,573
2026-10-08T00:11:28Z,129866685202296,7983308985,Last Letter 💬,573
2026-10-08T00:11:28Z,334730614,123956318,Kaizen [RP],572
2026-10-08T00:11:28Z,9879422661,3649378258,random tool (4.74),571
2026-10-08T00:11:28Z,5343994291,1871908106,[🎃UPD!] 🌴 Outlaster,569
2026-10-08T00:11:28Z,91931360732020,10515406328,Clean the Animal Daycare!,568
2026-10-08T00:11:28Z,119795911462450,8140627455,Steal a SpongeBob,566
2026-10-08T00:11:28Z,11137575513,3983828495,The Chosen One,564
2026-10-08T00:11:28Z,11966456877,4234745929,Answer or Die,564
2026-10-08T00:11:28Z,17798223108,6097519616,Jujutsu Beatdown,564
2026-10-08T00:11:28Z,5140123832,1787711941,[Su-25] Aircraft Carrier [BETA],563
2026-10-08T00:11:28Z,86779099589017,10766009412,ANMU 🪔 [HORROR],563
2026-10-08T00:11:28Z,103883942725157,10561352230,[UPD] +1 Drain Water Per Click,563
2026-10-08T00:11:28Z,134424372433341,9661927199,💣 Pass or Explode,563
2026-10-08T00:11:28Z,3177438863,1147304238,[🔥EVENT] Dragon Blox,562
2026-10-08T00:11:28Z,130641102725850,10571722689,[UPD] Mog or Die,562
2026-10-08T00:11:28Z,13827198708,4795326392,[EVENT] Pull a Sword,561
2026-10-08T00:11:28Z,83337738588990,10545879268,Break For Anime! 🔥,561
2026-10-08T00:11:28Z,127995006069066,9315739469,Night 67 [HORROR],561
2026-10-08T00:11:28Z,71543463524754,9058303084,Run From 67 Obby 🏃,559
2026-10-08T00:11:28Z,98626216952426,7101140819,Naramo Nuclear Plant,559
2026-10-08T00:11:28Z,7606564092,2955322961,Shrimp Game,557
2026-10-08T00:11:28Z,11573027469,4107809076,ESCAPE EVIL GRANDPA! (OBBY),557
2026-10-08T00:11:28Z,96197006873131,10766426236,Where Did I Park?,557
2026-10-08T00:11:28Z,139589080661680,10448889633,[⚽FIXED] BL:R RECREATION,557
2026-10-08T00:11:28Z,72167803024670,9564659718,Find Who Slapped,554
2026-10-08T00:11:28Z,78839079957645,8450472355,Trolls can't break this tower,554
2026-10-08T00:11:28Z,79860632214114,7943133183,Build Together With Friends,554
2026-10-08T00:11:28Z,133968315607063,8279887603,Redfield Elementary School 🐦,554
2026-10-08T00:11:28Z,18260439047,6190248755,God's Mod,553
2026-10-08T00:11:28Z,5846386835,2082205150,RetroStudio 🔨,551
2026-10-08T00:11:28Z,96447215899741,10662463285,[UPD6] Finish It! 🛠️,551
2026-10-08T00:11:28Z,12673840215,4444526080,REALISTIC HOOD TESTING,550
2026-10-08T00:11:28Z,84692574040798,8223345519,[🙂LORD VERITY] alzzmy's DANCES,550
2026-10-08T00:11:28Z,4872321990,1659645941,Islands 👩‍🌾,549
2026-10-08T00:11:28Z,12398038681,4362771421,Garten of Banban,547
2026-10-08T00:11:28Z,98393605725180,10372351735,Cars VS Tape,547
2026-10-08T00:11:28Z,101396571928321,10526166728,Merge a Spinner!,546
2026-10-08T00:11:28Z,301549746,115797356,Counter Blox,544
2026-10-08T00:11:28Z,112107733863518,9501409571,Cursed Blade[ALPHA],542
2026-10-08T00:11:28Z,116113866980358,7383133134,💰 Deadly Heist 💰,542
2026-10-08T00:11:28Z,4991214437,1718755273,town,541
2026-10-08T00:11:28Z,6058150350,2195939586,Destruction Physics,541
2026-10-08T00:11:28Z,123724279728430,10683945170,💀Jump To Steal SCP Monsters!💀,541
2026-10-08T00:11:28Z,70970763145070,6738135827,Choose Your Power,539
2026-10-08T00:11:28Z,91695551099066,10011808151,[W7 + PETS]+1 Shrink per Step,539
2026-10-08T00:11:28Z,140462309938712,10526434002,+1 Wall Hop Obby Escape,539
2026-10-08T00:11:28Z,73889875294947,10435851846,[EVENT] Hit Home Runs,538
2026-10-08T00:11:28Z,110677803091411,8799094487,Subway Surfing,538
2026-10-08T00:11:28Z,13794093709,4785126950,SCORCHED EARTH 🔊,536
2026-10-08T00:11:28Z,15282120493,5270259419,Poly Dash (Geometry Dash),535
2026-10-08T00:11:28Z,111536203110843,10599927450,[💸] ONLY DONATE INFINITE!,535
2026-10-08T00:11:28Z,112851296174239,6845400164,Rate My Avatar 2 🔊,534
2026-10-08T00:11:28Z,132640332499066,10275970697,💥Global Anarchy [Early Access],534
2026-10-08T00:11:28Z,133253166104607,7350402084,🔨RO-Scale Sandbox🔨,534
2026-10-08T00:11:28Z,6813414321,2588044974,ROBLOX NPCs are becoming smart!,533
2026-10-08T00:11:28Z,8831256282,3344795851,Doge Head Escape,533
2026-10-08T00:11:28Z,5133040469,1784051919,[New Update] Beat up simulator,532
2026-10-08T00:11:28Z,78699621133325,6500938341,[🎃] Meet People Across The World 🔊,532
2026-10-08T00:11:28Z,117327625970270,7651243549,Italian Brainrot Speed Clicker 🧠⚡,532
2026-10-08T00:11:28Z,3837864717,1315966725,🕷️ Spider-Man Simulator,531
2026-10-08T00:11:28Z,16501421966,5683563195,CAR CRASH🚗,531
2026-10-08T00:11:28Z,120546894379169,8446266018,Cars vs Trucks,531
2026-10-08T00:11:28Z,136107936984073,10256263771,[W5💪] +1 Muscle to Push Boulder,531
2026-10-08T00:11:28Z,16159871483,5582285009,💥 Buckshot Mayhem,530
2026-10-08T00:11:28Z,99386843610967,8957522683,Build & Escape from Brainrot,530
2026-10-08T00:11:28Z,18156286285,6155282395,Elevator of Fun [🎃],528
2026-10-08T00:11:28Z,121567535120062,6996253752,🔥[UPDATE]🔥Central Streets,528
2026-10-08T00:11:28Z,10204250851,3741075732,CHAIN,527
2026-10-08T00:11:28Z,1182833048,484789923,Growing Up 🎃🧹,526
2026-10-08T00:11:28Z,70805830291547,8203127178,"[KJ, VERITY, HALLOWEEN 🎃] Unlimited Battlegrounds",526
2026-10-08T00:11:28Z,98138235237704,8228371304,Hide the Friend,526
2026-10-08T00:11:28Z,127458871780090,9104763985,🌳Build To Climb!,526
2026-10-08T00:11:28Z,118952094447715,10160578219,Capture for Magic!,525
2026-10-08T00:11:28Z,102553576537621,10409732219,[X5] +1 Backflip Keyboard Escape,524
2026-10-08T00:11:28Z,104339804279870,10406853972,Break Tape For Brainrots,524
2026-10-08T00:11:28Z,137370015275609,10384890234,TROLL Throw Tower! 3 😎,524
2026-10-08T00:11:28Z,3956818381,1335695570,⚡Ninja Legends,523
2026-10-08T00:11:28Z,6717367660,2538086639,Happy Land 🏡RP,523
2026-10-08T00:11:28Z,8840562096,3347455347,Airship Assault,523
2026-10-08T00:11:28Z,112490729816320,9272693470,[🏢] Spin a Soccer Card ⚽,523
2026-10-08T00:11:28Z,7922773201,3064619271,Final Stand: Remastered,522
2026-10-08T00:11:28Z,132016691802922,10356701370,Build a Base and Steal😈[3 DAYS],522
2026-10-08T00:11:28Z,5708035517,2020908522,[🎃] Mega Hide and Seek!,521
2026-10-08T00:11:28Z,124311897657957,9344307274,⛏️ Break a Lucky Block!,521
2026-10-08T00:11:28Z,139488437793833,10642702105,[🚢 SHIP REWORK + QOL ✨] Re:AOPG,521
2026-10-08T00:11:28Z,73354905690456,9456449045,Underground War,520
2026-10-08T00:11:28Z,134439648709984,10507650215,SlopWare,520
2026-10-08T00:11:28Z,8867129986,3354479870,just daytona. (2012 SOFT BODY),518
2026-10-08T00:11:28Z,4863916053,1654971928,Full Metal Kaiju Hunters,517
2026-10-08T00:11:28Z,18500105193,6268803418,Climb [TROPHIES! 🏆],517
2026-10-08T00:11:28Z,128718867767713,9994252977,Parkour Pandemic [UPDATE 2!],517
2026-10-08T00:11:28Z,111403197324514,9569441921,Fun Obby,515
2026-10-08T00:11:28Z,7253149844,2827951974,SCP Games and SCP Monsters,514
2026-10-08T00:11:28Z,135619589726492,7307246329,100 Players Musical Chairs,514
2026-10-08T00:11:28Z,124157596473184,9293574407,Skate Off!⛸️ [BETA],512
2026-10-08T00:11:28Z,124675142564227,10242984742,🎨 Urban Graffiti (Spray Paint Draw),512
2026-10-08T00:11:28Z,129839966867899,10514488908,Verity [HORROR],511
2026-10-08T00:11:28Z,16666497786,5731967654,Who's Lying?,510
2026-10-08T00:11:28Z,108948479536468,7656769029,Wayward Outpost,510
2026-10-08T00:11:28Z,132768306953643,8313824597,[🙂LORD VERITY]🎲 EMOTE RNG,510
2026-10-08T00:11:28Z,16993432698,5830262966,Impossible Squid Game Glass Bridge 2,509
2026-10-08T00:11:28Z,77478491618858,10067540823,Musical Chairs 🎵🪑 [TESTING],509
2026-10-08T00:11:28Z,133188236593503,10506207587,[LIMITED] Magic Loot,509
2026-10-08T00:11:28Z,140033502516293,7707504980,untitled gubby game,509
2026-10-08T00:11:28Z,2830250344,1024564064,[🐴] Horse Valley,508
2026-10-08T00:11:28Z,13434431934,4674987887,Easy Mega Obby,508
2026-10-08T00:11:28Z,127606305348556,10751572992,❄️ Clean all the Snow!,508
2026-10-08T00:11:28Z,4967465336,1707552920,Ray's Mod,507
2026-10-08T00:11:28Z,6735572261,2548183080,Pilgrammed: Early Sunset / Ex Machina,506
2026-10-08T00:11:28Z,11378364822,4048852641,Tales Of Tanorio,506
2026-10-08T00:11:28Z,18336470541,6216142007,Seeker vs Hider,506
2026-10-08T00:11:28Z,85048226835181,9938429322,Tree RNG [👻 Halloween],506
2026-10-08T00:11:28Z,6066404016,2200020629,Daycare 💥,505
2026-10-08T00:11:28Z,70425863611748,10041928466,Custom chat | EN,505
2026-10-08T00:11:28Z,13438553315,4676287985,Decaying Winter,504
2026-10-08T00:11:28Z,914010731,380704901,[🔥⚒️NEW TATARA!] Ro-Ghoul [ALPHA],503
2026-10-08T00:11:28Z,92422478989816,10246872585,World at War,503
2026-10-08T00:11:28Z,7774892351,3013715655,Fantasia 👑,502
2026-10-08T00:11:28Z,12623585422,4429851038,Color Block Run,502
2026-10-08T00:11:28Z,4110892437,1359546589,Kaiju Universe🐲,501
2026-10-08T00:11:28Z,94846670791126,10761143648,Steal all Cars,501
2026-10-08T00:11:28Z,98951612738714,10198825880,[🎃] Slime Card Collection,501
2026-10-08T00:11:28Z,11451679682,4071487712,Murder Drones: RP | REMASTERED,499
2026-10-08T00:11:28Z,13110267312,4576226059,Animal Sim: Underwater,499
2026-10-08T00:11:28Z,5814304937,2065706268,Outfit Loader Testing Place,498
2026-10-08T00:11:28Z,9484293069,3536173216,Sesame Street: Mecha Builders The Game,497
2026-10-08T00:11:28Z,13416514259,4669435504,Shadow Boxing Battles,497
2026-10-08T00:11:28Z,6456351776,2408700413,[NEW MAP] Kaiju Paradise,496
2026-10-08T00:11:28Z,15509312676,5351931175,PROJECT APEX,496
2026-10-08T00:11:28Z,120200839841232,10755094976,Grinpees School,495
2026-10-08T00:11:28Z,10272636261,3759884822,Infinite Tower Tycoon,494
2026-10-08T00:11:28Z,118637423917462,7658304545,Case Paradise,494
2026-10-08T00:11:28Z,96925698409585,8503596762,Hungry Wheels [⭐BETA],492
2026-10-08T00:11:28Z,124943244212764,6961334611,Penthouse Tycoon 🗽,489
2026-10-08T00:11:28Z,99269206016797,9550141430,TNT Playground!,487
2026-10-08T00:11:28Z,3618661625,1267991351,Wings of Fire [Beta],486
2026-10-08T00:11:28Z,86723118213908,6824865908,Save One Song (World),486
2026-10-08T00:11:28Z,86068599934040,10759661128,[NEW MAP] How to Fish🐟,485
2026-10-08T00:11:28Z,119209026892378,10179193118,Would You Rather: Kpop Demon Hunters Tower 👚,485
2026-10-08T00:11:28Z,11872917490,4201418016,[🌀NEW!] Fabled Legacy! RPG,484
2026-10-08T00:11:28Z,92822063482554,8309394444,SCP Foundation or Trevor Creatures,484
2026-10-08T00:11:28Z,98456203230140,10766494202,[🏗️] CLONE BUILDERS!,484
2026-10-08T00:11:28Z,1625049462,625764726,The Whispering Wild [ALPHA],483
2026-10-08T00:11:28Z,2971329387,1073273083,Cook Burgers,483
2026-10-08T00:11:28Z,105633123928294,9953328866,[⭐️] Inside Brainrot Heads,483
2026-10-08T00:11:28Z,130496219537579,7706951053,First Is Owner,483
2026-10-08T00:11:28Z,4972091010,1709832923,Zombie Uprising,481
2026-10-08T00:11:28Z,74581423482101,10391461348,[UP] Keyboard Slide +1 Speed,480
2026-10-08T00:11:28Z,82745432464897,10420582875,🧼 [UPD] Clean Your Keycaps,480
2026-10-08T00:11:28Z,101949297449238,7541395924,Build An Island! 🏝️,480
2026-10-08T00:11:28Z,7909596432,3060525991,Impossible Cart Ride Of Doom 💀,479
2026-10-08T00:11:28Z,18199234764,6170013953,Snake Simulator,478
2026-10-08T00:11:28Z,99715891575923,9961389755,[🤑EARN] Pop For Free,478
2026-10-08T00:11:28Z,16550701481,5698013839,A DEADLY BOAT TRIP,477
2026-10-08T00:11:28Z,122433454504469,10187487133,Dog VS Police,477
2026-10-08T00:11:28Z,135729108619936,8881105040,[🧸] Build A Pet Factory,477
2026-10-08T00:11:28Z,104808235862933,10182049622,step carefully,476
2026-10-08T00:11:28Z,120468139832999,9529449775,Jujutsu School🏫 (Anomaly),476
2026-10-08T00:11:28Z,122802147482832,8776018564,24 Hours Overnight,476
2026-10-08T00:11:28Z,12068120918,4260784961,Napoleonic Wars,475
2026-10-08T00:11:28Z,18649596490,6318887244,[RELAPSE] Are you lonely?,472
2026-10-08T00:11:28Z,76737571462455,9328305853,[ ✨ ] Winx - The Fairy Guardians,472
2026-10-08T00:11:28Z,126330684723008,10577377368,Nations Roleplay X,472
2026-10-08T00:11:28Z,5407396567,1892760830,👶MOM LIFE!❤️Seaboard City RP🌴,471
2026-10-08T00:11:28Z,110808833601416,10276281921,[🖼️ MUSEUM] Chameleon,470
2026-10-08T00:11:28Z,15352028692,5295169598,Ultimate Home Tycoon 🏠,468
2026-10-08T00:11:28Z,93787311916283,6707924214,[X20] Horse Race 🐎 [WEEKEND],468
2026-10-08T00:11:28Z,114146618644145,10642022844,HOUSE 13 [HORROR],468
2026-10-08T00:11:28Z,76193707924033,7780208150,Fling to Climb!,467
2026-10-08T00:11:28Z,92942575852492,8846911260,Dont Wake the Kitty,467
2026-10-08T00:11:28Z,98371023930528,9001634416,[UPD] Project Ventura,467
2026-10-08T00:11:28Z,114549747848211,10192659240,(UPD) Just Tornadoes 2,467
2026-10-08T00:11:28Z,17457039279,5974510967,[V0.2 PRE-ALPHA] Darkest Hours,464
2026-10-08T00:11:28Z,18960834681,6421821251,Better Food? 🍔,463
2026-10-08T00:11:28Z,87214116277191,8095834523,Obby Builder 🔨,463
2026-10-08T00:11:28Z,14737542240,5080118977,[BFDIE] Battle For Dream Island Roblox,462
2026-10-08T00:11:28Z,18152595062,6153964325,Chained Together [2-3-4-5 PLAYER],462
2026-10-08T00:11:28Z,8412352352,3218272328,Attack on Titan: Paradis,459
2026-10-08T00:11:28Z,92141204718989,7599404611,Route 06,458
2026-10-08T00:11:28Z,103854444055060,9503696692,Silent Assassins,458
2026-10-08T00:11:28Z,13358869778,4652129092,Murder Drones: Reassembled [RP] BETA,457
2026-10-08T00:11:28Z,10595058975,3846592040,[Withered Grove 🧿] Arcane Lineage,456
2026-10-08T00:11:28Z,99101926472609,10232632495,ASMR Matching! ✨,455
2026-10-08T00:11:28Z,115052402364088,9882296644,🎨Paint It! Pixel Obby 🖌️,454
2026-10-08T00:11:28Z,4992570197,1719305066,ROBLOX Rally Racing,453
2026-10-08T00:11:28Z,114640202062357,9753814298,Swing Obby for Brainrots!,453
2026-10-08T00:11:28Z,16066619968,5553581209,🎮NEED MORE PLAYTIME🎮,452
2026-10-08T00:11:28Z,132499927511859,10417987249,Nebulous,452
2026-10-08T00:11:28Z,2210085102,770538576,Naval Warfare,451
2026-10-08T00:11:28Z,18260801046,6190384723,[🎃] Baddies Brawl 👊,451
2026-10-08T00:11:28Z,14776071100,5092535555,[V 4.0] The Shadow Network,449
2026-10-08T00:11:28Z,109167932163747,8890288888,BMX WORLD 🚴,449
2026-10-08T00:11:28Z,126639935515772,10500388554,3D Verity RP! [FALSITY!] 🔵,448
2026-10-08T00:11:28Z,136162036182779,7447878628,[♟️] German Voice,448
2026-10-08T00:11:28Z,13983455628,4844701626,Prison Sniper Escape!,447
2026-10-08T00:11:28Z,12533625712,4403361086,🏍️ Motorcycle Mayhem,446
2026-10-08T00:11:28Z,574407221,228573408,Super Hero Tycoon,445
2026-10-08T00:11:28Z,71105162305369,6676452674,3D Sprunki RP And Animations [SPREALKI],444
2026-10-08T00:11:28Z,123213873176964,6710993025,DarkMan Vs Craft Vs Brainrot,444
2026-10-08T00:11:28Z,8549934015,3261058889,[FUSIONS] REx: Reincarnated,443
2026-10-08T00:11:28Z,98100179608264,8104504677,[👮] Dispatch: Police Simulator,443
2026-10-08T00:11:28Z,79886695267825,9807783902,Steal The Show! 🎤⭐️,441
2026-10-08T00:11:28Z,118198615964701,6628327758,(🔥) Dummy Defense,441
2026-10-08T00:11:28Z,3690950427,1284180886,Vacation ✈️ (Story),440
2026-10-08T00:11:28Z,11832484500,4187559009,Autopilot Simulator / FSD,440
2026-10-08T00:11:28Z,14263744022,4933348430,Paint Everything RED,440
2026-10-08T00:11:28Z,15278322858,5269058522,Lexington & Concord,440
2026-10-08T00:11:28Z,82329146189989,10091482757,Kick a Lucky Block for Football Clubs!,440
2026-10-08T00:11:28Z,82461912126439,8794536584,Overfreight!,439
2026-10-08T00:11:28Z,10118504428,3717250353,[💵X2] My Prison👮‍♂️,437
2026-10-08T00:11:28Z,75366259315586,8353962342,[☠️] build ur base ⚔️,437
2026-10-08T00:11:28Z,101365980107547,7497802350,Guess the Meme or Die 🔊,437
2026-10-08T00:11:28Z,112584447398647,6649845578,Script Shenanigans,437
2026-10-08T00:11:28Z,120867750718410,8997725599,Hero Legends [UPDATE!],437
2026-10-08T00:11:28Z,8735521924,3317064564,CENTAURA,436
2026-10-08T00:11:28Z,74996816424339,7872343282,OVERKILL,436
2026-10-08T00:11:28Z,100689340481763,9736593239,[🇮🇩] Palm Mount,436
2026-10-08T00:11:28Z,129938700249638,10739681803,Arena 👑,435
2026-10-08T00:11:28Z,11708967881,4147392742,Yeet A Friend! ✨,434
2026-10-08T00:11:28Z,15885874861,5493012775,Eat Slimes to Grow HUGE,432
2026-10-08T00:11:28Z,18403789061,6238541028,Knock the Blocks,432
2026-10-08T00:11:28Z,86635275427451,7561154969,Codename: Redux,432
2026-10-08T00:11:28Z,114786176505608,9403708294,💣 Time Bomb,431
2026-10-08T00:11:28Z,6160147794,2250844717,[UPD] Geometry Dash 1.1,429
2026-10-08T00:11:28Z,89413975336733,7778848023,Build and Destroy [2 Player Obby],428
2026-10-08T00:11:28Z,3297964905,1187091887,[🔥+LMG] Weaponry [BETA],427
2026-10-08T00:11:28Z,738339342,323675642,Flood Escape 2 🌊,426
2026-10-08T00:11:28Z,8888175049,3360454744,[🤑 FIXED DONOS] Donation Central 💸,426
2026-10-08T00:11:28Z,96469185605358,7391615616,Age Evolution Tycoon 🗿,426
2026-10-08T00:11:28Z,6284583030,2316994223,Pet Simulator X! 🐾,425
2026-10-08T00:11:28Z,6700307184,2528641125,Destroy a City,425
2026-10-08T00:11:28Z,11464559285,4075802159,El Gato Tower 😸 [MEGA UPDATE],425
2026-10-08T00:11:28Z,96401370703274,10189601764,Climb and Drop a Lucky Block,425
2026-10-08T00:11:28Z,105954652742326,10531477636,Mutant Plants: Base Defense[✨UPD-2.5],425
2026-10-08T00:11:28Z,82581651416800,9282371706,Adventure Builder 2,424
2026-10-08T00:11:28Z,91203203156283,9911988958,[SOUL] Spin a Fem! 🎲,424
2026-10-08T00:11:28Z,1428472551,568307879,Escape The Dentist Obby! (NEW!),422
2026-10-08T00:11:28Z,8440392280,3227754471,[NIGHTMARES] FNaF : Lost Mind [RP],421
2026-10-08T00:11:28Z,100400297022629,6736482454,[🏆New Rank] Duel Warriors,421
2026-10-08T00:11:28Z,104098030850482,9237297311,[UPDATE] Garrys Mod FNAF Gamemode🍕,420
2026-10-08T00:11:28Z,75927771299860,9273584416,Driving Test 🚗,419
2026-10-08T00:11:28Z,3025990139,1091907805,Unboxing Simulator [UPDATE],417
2026-10-08T00:11:28Z,78724900430513,10329995185,Puzzle Duels 🧠,417
2026-10-08T00:11:28Z,133579701570149,8751492147,[PROXIMA!] The Moon Wakes Up,417
2026-10-08T00:11:28Z,5391778736,1888174103,Centipede,416
2026-10-08T00:11:28Z,17857806871,6118645803,[💥BATTLES] SCP & Siren Head Roleplay,416
2026-10-08T00:11:28Z,134750290201751,9639553972,[✨TRAITS] Survive the Cold,416
2026-10-08T00:11:28Z,85094158141349,9237322219,Jungle Life,413
2026-10-08T00:11:28Z,9346039031,3494556606,[Event] My Hello Kitty Cafe(Build),412
2026-10-08T00:11:28Z,136822524519115,10535292470,[UPD!] TNT Voxel Playground,411
2026-10-08T00:11:28Z,14067600077,4871329703,TYPE://SOUL,410
2026-10-08T00:11:28Z,103681513248629,9102566780,TANKS!,408
2026-10-08T00:11:28Z,105742951729183,9958694666,Race Your Lucky Block,408
2026-10-08T00:11:28Z,9748721976,3613478757,Poppy Playtime [Update] 🌹,407
2026-10-08T00:11:28Z,130960021905304,10372466625,fight on a baseplate,407
2026-10-08T00:11:28Z,127707120843339,7091388561,Math Murder,406
2026-10-08T00:11:28Z,9103898828,3421408084,Rogue Demon,404
2026-10-08T00:11:28Z,103185879508967,10292947079,Wall Hop Battles,404
2026-10-08T00:11:28Z,7830150255,3032132418,HCBB 9v9 2.0,403
2026-10-08T00:11:28Z,105626692504093,9875383684,Be a Brainrot,403
2026-10-08T00:11:28Z,13448262796,4679222104,[GOGETA] Saiyan Battlegrounds,402
2026-10-08T00:11:28Z,114283239905753,7037673488,[INVADERS] Crazy Skeleton RNG,402
2026-10-08T00:11:28Z,2538919751,905954377,💫 Pulse RP || Magic V1.25 💫,401
2026-10-08T00:11:28Z,4640354700,1527252839,Ben 10 Super Hero Time,401
2026-10-08T00:11:28Z,74779072921656,7079152534,🐝 Spelling Bee [🎃],401
2026-10-08T00:11:28Z,125088003721533,6651491108,🙏 stairs to heaven,401
2026-10-08T00:11:28Z,10235499475,3749444437,Cart Ride Fun,400
2026-10-08T00:11:28Z,88728793053496,8214054500,🚀 Build a Car,400
2026-10-08T00:11:28Z,120450743769548,10334731049,Clean the Supermarket!,400
2026-10-08T00:11:28Z,6792057800,2577700536,Airsoft FE,399
2026-10-08T00:11:28Z,92690025306240,9852933243,R6 Emote Place,399
2026-10-08T00:11:28Z,109547184439419,10649457157,AI Interrogation 📁,398
2026-10-08T00:11:28Z,11309393788,4028801234,Pick a Slide [Backrooms],397
2026-10-08T00:11:28Z,8286149869,3177453609,therapy 🔊,396
2026-10-08T00:11:28Z,73778935267652,10767357183,Escape Tsunami For Eggs,396
2026-10-08T00:11:28Z,114537828794341,8058628992,Kpop Demon Hunters RP,396
2026-10-08T00:11:28Z,89715555556831,10737626980,Old FNTD [🔥ENDLESS🔥],395
2026-10-08T00:11:28Z,5977347869,2153753929,[🎃Update] Tower Battles: Battlefront,393
2026-10-08T00:11:28Z,14110939227,4885171702,Don't Poop Yourself at School! (Obby),393
2026-10-08T00:11:28Z,71890222711680,8601956127,Murder Tower 🗡️,393
2026-10-08T00:11:28Z,139429510985942,10392686454,😈INTERCEPTOR,393
2026-10-08T00:11:28Z,5023011856,1733898268,The Colony [Xbox Support],391
2026-10-08T00:11:28Z,28586816,32095083,Get Eaten!,390
2026-10-08T00:11:28Z,5946155382,2137105308,Trivia! Roblox Game Show [Jeopardy],389
2026-10-08T00:11:28Z,8351248417,3195917432,[BLOX CARDS🃏] Booth Game,389
2026-10-08T00:11:28Z,111159166822974,7374930268,[I GOT THAT FEELING] 🔥 TINEL²,389
2026-10-08T00:11:28Z,133345376331809,9929870476,[🛒 UPDATE 3.0] My Cafe,389
2026-10-08T00:11:28Z,17164617414,5877971206,FPE:S,387
2026-10-08T00:11:28Z,113024561482870,8072075666,BESIEGED [🔥HAVOC UPDATE],387
2026-10-08T00:11:28Z,18396029140,6236162143,[🕷️] Poppy NewTime - CHAPTER 2 PART 1!,386
2026-10-08T00:11:28Z,76842920359834,10064401653,🏢 The Company [ALPHA],386
2026-10-08T00:11:28Z,97395358873146,10750406988,[🛡️] Clickers Ultimate,386
2026-10-08T00:11:28Z,86178279217218,7891669427,[🎃] Murderer VS Sheriff,385
2026-10-08T00:11:28Z,3835537082,1315450727,Daycare 🎈 (Story),384
2026-10-08T00:11:28Z,6610021055,2492481398,Noob Army Tycoon ⚔️(New noobs),384
2026-10-08T00:11:28Z,130565641176498,8828612659,Get Tall and Fall,384
2026-10-08T00:11:28Z,133679065471783,7113705633,MonsterVerze [💜BETA💜],384
2026-10-08T00:11:28Z,82904798643396,10007524016,⚽️ERLING HAALAND PRISON RUN! (Obby),383
2026-10-08T00:11:28Z,77301670644441,9671745030,[I MISS THE QUIET] Luuynix's Animations,382
2026-10-08T00:11:28Z,93563420945975,6797677834,Easy Teamwork Obby!,382
2026-10-08T00:11:28Z,14943334555,5148099079,[UPD] Bike of Hell,380
2026-10-08T00:11:28Z,16446180574,5665954430,♠ Twenty One,380
2026-10-08T00:11:28Z,15405900187,5315312115,[RP] Pine Ridge,379
2026-10-08T00:11:28Z,15561786880,5371687033,QUICKDRAW: LEGACY,379
2026-10-08T00:11:28Z,122951224417794,8959257868,Unscathed RNG,379
2026-10-08T00:11:28Z,138057930391823,9679514364,Broken Harmony [1.5],378
2026-10-08T00:11:28Z,71480482338212,7534782259,BedFight ⚔️,377
2026-10-08T00:11:28Z,104776930318129,9645309602,Mahjong Duel,377
2026-10-08T00:11:28Z,107040934010858,7076793942,[NINJA] Project Egoist,377
2026-10-08T00:11:28Z,12144402492,4283416256,[0.25.3] Deadline,376
2026-10-08T00:11:28Z,12981936705,4539219341,ESCAPE HANDSOME MEN OBBY,376
2026-10-08T00:11:28Z,78923819268950,9463334671,Kaiju Arisen 5.0,376
2026-10-08T00:11:28Z,83704201064817,7261493599,Dig the Backyard,376
2026-10-08T00:11:28Z,74497731054281,10008717728,[🚘] Unbox a Car,375
2026-10-08T00:11:28Z,90704250333473,10138977250,Become a Billionaire 💸,375
2026-10-08T00:11:28Z,95223801959482,10067868611,Brainrot Sniper [X2 Cash],375
2026-10-08T00:11:28Z,18946933412,6417098982,Survival Island,373
2026-10-08T00:11:28Z,73814003954154,10081194651,Pickaxe Tycoon ⛏️,373
2026-10-08T00:11:28Z,14004668761,4851783408,[FIX]⚽Real Futbol,372
2026-10-08T00:11:28Z,14475792710,4998613478,Dealership Tycoon 🏎️ Cars,372
2026-10-08T00:11:28Z,72525366293660,8847904177,[🎨] Camo Troll Tower 4,372
2026-10-08T00:11:28Z,128931272139211,10008606756,[🏗️] Claw Fishing,372
2026-10-08T00:11:28Z,129870876180628,10040497010,[🌍]Guess My Country!,372
2026-10-08T00:11:28Z,8646026339,3289847355,[Gradient & Rainbow!] Tower Creator,371
2026-10-08T00:11:28Z,12877710042,4507116437,Banana Nextbot 🍌,371
2026-10-08T00:11:28Z,84988808589910,8321616508,Rogue Piece: Rebirth,371
2026-10-08T00:11:28Z,94101948530988,8269273068,[OGURI CAP MASTERY] Uma Racing,371
2026-10-08T00:11:28Z,135849823614481,7325821778,CARNAGE,370
2026-10-08T00:11:28Z,12892130985,4511892440,👓 Mandrake Catalog Editor (BETA),368
2026-10-08T00:11:28Z,103802803330866,9175015027,+1 Speed Hug Keyboard Escape,368
2026-10-08T00:11:28Z,72212564918217,7907828295,Steal A Fish,367
2026-10-08T00:11:28Z,88480125732253,10217234318,Trade Squishy Dumplings,367
2026-10-08T00:11:28Z,128637868413472,9710205604,Clean Crew 🧹,367
2026-10-08T00:11:28Z,1046190774,433670627,Halloween Night,366
2026-10-08T00:11:28Z,9058310544,3408154779,Blast Zone,366
2026-10-08T00:11:28Z,103684196891735,6621384161,Just Build!,366
2026-10-08T00:11:28Z,114179093480686,10205430196,💀Scariest Rollercoaster,366
2026-10-08T00:11:28Z,107717448640907,9324506782,[UPD] Nights of Eternity 🍕,365
2026-10-08T00:11:28Z,135940397788697,6725604380,people the game,365
2026-10-08T00:11:28Z,86164638330564,9940076108,Would You Rather Gear Tower X 💥,364
2026-10-08T00:11:28Z,5589967659,1952819680,Cocos Time Trial 2 ⏰,363
2026-10-08T00:11:28Z,92310193505934,7856508689,Better Avatar? 👕,363
2026-10-08T00:11:28Z,6011940308,2171758161,🌈 Fall 99999 Rainbow Spiral! Parkour Obby,362
2026-10-08T00:11:28Z,84717457860674,8997131346,Fling This and That,362
2026-10-08T00:11:28Z,84968446824850,9784759642,Rope Bridge for Brainrots,362
2026-10-08T00:11:28Z,97161836387733,8232540509,[🎃MUTATION] Steal a FNAF,362
2026-10-08T00:11:28Z,5991163185,2160907981,Spray Paint!,361
2026-10-08T00:11:28Z,8973641215,3384187191,🎃Sonic Elevator,361
2026-10-08T00:11:28Z,102829972707814,7510907928,civilization survival game,361
2026-10-08T00:11:28Z,12625784503,4430449940,Saber Showdown,360
2026-10-08T00:11:28Z,91440994157417,9105075853,[RAIDS] Build a Military Base,360
2026-10-08T00:11:28Z,124396690804338,9929436407,Muscle Military,360
2026-10-08T00:11:28Z,91296119701853,8243724761,[🦖] Farm a Fish 🐟,359
2026-10-08T00:11:28Z,117381420723145,9802644580,Summon Heroes [Anime🏮],359
2026-10-08T00:11:28Z,11157166793,3989869156,Ant War 🐜,358
2026-10-08T00:11:28Z,14448662003,4990998060,Carry A Friend! (Teamwork Obby),358
2026-10-08T00:11:28Z,90842695067815,7294208165,24 Hours in Elevator...,358
2026-10-08T00:11:28Z,107727386530697,7794218964,[🌀] Noob Mayhem!,358
2026-10-08T00:11:28Z,11156779721,3989768869,The Survival Game [UPD!],356
2026-10-08T00:11:28Z,124418261920942,10723087263,[🎯] Dart Arena,356
2026-10-08T00:11:28Z,115224559183176,10310095331,Metropolis RP,355
2026-10-08T00:11:28Z,659222129,212154879,[Corrupted Atheon🌑] Swordburst 2,354
2026-10-08T00:11:28Z,15859503151,5484165112,Highland Park 🏡RP,354
2026-10-08T00:11:28Z,94423988769690,6638489184,Build to Survive [NEW],354
2026-10-08T00:11:28Z,111779414681728,7247232515,(ASTRO UPDATE) Reinald Toilet Roleplay,354
2026-10-08T00:11:28Z,3840352284,1316421563,Volleyball 4.2,353
2026-10-08T00:11:28Z,79831674333936,6595926329,[ Content Deleted ],352
2026-10-08T00:11:28Z,97837301536811,6714256816,Ro-Bio Injection Experiment,352
2026-10-08T00:11:28Z,119741101026672,8705454731,Escape 99 Rooms🔑,352
2026-10-08T00:11:28Z,4836068080,1640395061,untitled zombie infection,351
2026-10-08T00:11:28Z,6728870912,2544520106,World of Stands,351
2026-10-08T00:11:28Z,12591551497,4419888429,generic zombie apoclypse RP,351
2026-10-08T00:11:28Z,13059719130,4563062026,Glory Kill Testing,351
2026-10-08T00:11:28Z,15437136654,5326310507,Salon Makeover 💅,351
2026-10-08T00:11:28Z,84487474244896,6805295218,Ear Game (Update),351
2026-10-08T00:11:28Z,8561718367,3264293423,Five Nights At Freddy's Doom,350
2026-10-08T00:11:28Z,77747054101308,7677035096,[🚩] Expedition Cave Dive,350
2026-10-08T00:11:28Z,90784570995507,10270349664,Lucky Dumplings,350
2026-10-08T00:11:28Z,110793563946846,10284380969,Sell Ice Cream 🍦,350
2026-10-08T00:11:28Z,137849500783095,10343795685,My Squishy Box Store🥟,349
2026-10-08T00:11:28Z,294790062,114070244,Roblox Titanic,348
2026-10-08T00:11:28Z,75815495916154,7866302411,[UPD] 💛 Friendship Island,348
2026-10-08T00:11:28Z,83211034158887,7518216173,Anime League,348
2026-10-08T00:11:28Z,97463774278378,10029297024,HIDE FROM THE VILLAIN,348
2026-10-08T00:11:28Z,3117860193,1125307892,In Area 51 [ALPHA],347
2026-10-08T00:11:28Z,6888253864,2628404708,Wacky Wizards,346
2026-10-08T00:11:28Z,2376885433,833209132,[NEW] Vesteria,345
2026-10-08T00:11:28Z,13946745315,4833468691,Heads Up [Guessing],345
2026-10-08T00:11:28Z,74226462246442,10090384240,[🚨] 911 Dispatch Simulator,345
2026-10-08T00:11:28Z,93953121730240,10180990272,Would You Rather: Kawaii Fashion Tower 🎀,345
2026-10-08T00:11:28Z,10853515606,3918560032,🎃 MEDIEVAL STRATEGY,344
2026-10-08T00:11:28Z,14911088043,5137182603,[2x 💰] The Ride,344
2026-10-08T00:11:28Z,18564534135,6289989379,The Highest Ever Waterslide Obby,344
2026-10-08T00:11:28Z,82013336390273,8832884753,[🍀X3] Pickaxe Simulator! ⛏️,344
2026-10-08T00:11:28Z,15560168390,5371127625,Toilet Verse Tower Defense,343
2026-10-08T00:11:28Z,70920054783301,9513407177,Sajonara Tower 2,343
2026-10-08T00:11:28Z,73613510857111,10637513477,[NEW] 🐿+1 Speed Squirrel Escape,343
2026-10-08T00:11:28Z,8069117419,3108473052,Demon Soul Simulator,342
2026-10-08T00:11:28Z,16825633506,5782268341,[CHAPTER 2] CORRIDOR,342
2026-10-08T00:11:28Z,113075977776798,7232697205,Squid Game 2042,342
2026-10-08T00:11:28Z,11970456,8726258,Hole in the Wall,341
2026-10-08T00:11:28Z,5969012769,2149444938,Parenthood 👶 Beta,341
2026-10-08T00:11:28Z,88234622381007,7939389895,[UPD] Mad Road,341
2026-10-08T00:11:28Z,107430889830807,10461810987,[🎃] +1 Satisfying Squishy Escape!,341
2026-10-08T00:11:28Z,14260960140,4932503936,Escape Animal Head,340
2026-10-08T00:11:28Z,15444929588,5329077236,[UPD] Skibidi Tower Defense,340
2026-10-08T00:11:28Z,105457570355541,7221312013,[UPD] Corrupted Crossroads,340
2026-10-08T00:11:28Z,127608230264974,10761115872,[UPDATE] La Peace Obby,340
2026-10-08T00:11:28Z,137477646997636,7547226895,[RELAPSE] Are you okay?,340
2026-10-08T00:11:28Z,5044920251,1743990973,Wall Hop Practice,339
2026-10-08T00:11:28Z,117246040666343,6500439907,Stick Fight: Roblox Edition,339
2026-10-08T00:11:28Z,7057417395,2719766208,when the,338
2026-10-08T00:11:28Z,137922494025725,8093473699,Car Crash Studio [alpha],338
2026-10-08T00:11:28Z,140394347586611,7290225649,Silverpeak 🏡 RP,338
2026-10-08T00:11:28Z,2650582631,952510115,[AUTO SHOP] Toll Bridge Simulator: Tycoon 🚘🏢,337
2026-10-08T00:11:28Z,6678877691,2516044547,ZO SAMURAI SWORD FIGHTING,336
2026-10-08T00:11:28Z,7839281987,3034836582,Escape Mr Funny's ToyShop! (SCARY OBBY),336
2026-10-08T00:11:28Z,70587876731444,10232373522,[UPD🍪] Would You Rather: Diva Tower 💄,335
2026-10-08T00:11:28Z,3607619584,1265527561,Airplane [Story] ✈️,334
2026-10-08T00:11:28Z,71827913900569,9704343971,Grow Beanstalk For Brainrots!,334
2026-10-08T00:11:28Z,75839707976715,9526307912,[🐒] Escape The ZOO!,334
2026-10-08T00:11:28Z,123577181610172,10536853610,Stuntin',334
2026-10-08T00:11:28Z,14959543012,5153268250,Ragdoll🌊Waterpark,333
2026-10-08T00:11:28Z,76231371152392,7139547730,[UPD⛱️] Forsaken RP,333
2026-10-08T00:11:28Z,110470672231288,7964539330,INSANE Troll Slap Tower 😈,332
2026-10-08T00:11:28Z,12018893069,4252393983,Team Soccer,331
2026-10-08T00:11:28Z,90462358603255,7882829745,[Part 4] Anime Eternal,331
2026-10-08T00:11:28Z,4375619868,1404342734,[UPD] Kohaú Hibachi Restaurant 🍣,330
2026-10-08T00:11:28Z,99421051519131,7289427971,Color Game! 🎨,330
2026-10-08T00:11:28Z,127177791789316,7661385356,Build a Haven,330
2026-10-08T00:11:28Z,17122706530,5866486371,Tuantu's lobotomization branches,329
2026-10-08T00:11:28Z,115427048845142,9833852980,(🏹 UPDATE) Medieval Life [BECOME KING 👑],329
2026-10-08T00:11:28Z,15490522013,5345619122,Are You Smart? 🤓,327
2026-10-08T00:11:28Z,103410145208388,7023305701,Squid Game Tower 👀,327
2026-10-08T00:11:28Z,109584643077945,10699057921,[🍁] WikiRace!,326
2026-10-08T00:11:28Z,135860272218644,9908843098,SURVIVE Bus Ride 🚌,326
2026-10-08T00:11:28Z,4468711919,1424449565,Super Golf!,325
2026-10-08T00:11:28Z,15078849939,5195680485,Playbreak,325
2026-10-08T00:11:28Z,17277889388,5910910774,Gun Armory Tycoon,325
2026-10-08T00:11:28Z,73097591386069,10346503194,Trade Dumplings,325
2026-10-08T00:11:28Z,93623116896447,10147259486,Find the Dumpling [143],325
2026-10-08T00:11:28Z,136975118595073,8913675853,[NOLI PART 2] FORSAKEN GUEST FIGHTING,325
2026-10-08T00:11:28Z,10760024537,3891658292,🌟Ultimate Easy Obby,324
2026-10-08T00:11:28Z,81638371039092,9077534770,Ice Cream Shop [HORROR],324
2026-10-08T00:11:28Z,97090732168175,10674300622,The Locust's Manor,324
2026-10-08T00:11:28Z,109485965614898,9801436549,Make your country 🌍,324
2026-10-08T00:11:28Z,137141927876398,9859948536,Super Tag,324
2026-10-08T00:11:28Z,163501479,78084559,quartz's chassis testing place,323
2026-10-08T00:11:28Z,4950394908,1699553764,🎈 Ragdoll Simulator,323
2026-10-08T00:11:28Z,12347771683,4346424098,Eat a Huge Waffle,323
2026-10-08T00:11:28Z,13559635034,4712126054,Combat Initiation,323
2026-10-08T00:11:28Z,18537079992,6280758286,Армия Роблокса РП,323
2026-10-08T00:11:28Z,72643641699950,10065930742,💙🆓 GODLY SIMULATOR,323
2026-10-08T00:11:28Z,80234914611737,10183029417,+1 Jetpack for Brainrots,323
2026-10-08T00:11:28Z,86799412338918,9896643509,Block Clear Race,323
2026-10-08T00:11:28Z,92416421522960,9792947201,Slime RNG,323
2026-10-08T00:11:28Z,130793019,52494682,Classic Sonic Simulator V13.2,322
2026-10-08T00:11:28Z,5593470048,1953956112,Visual Pianos 🎹,322
2026-10-08T00:11:28Z,5717952758,2026574412,Cat VS Mouse 🐁,322
2026-10-08T00:11:28Z,16484430822,5678594929,Evolution Ragdoll [ EUPHORIA RAGDOLL ],322
2026-10-08T00:11:28Z,109129552698918,10598641427,WEST WOOD: REMAKE [BETA],322
2026-10-08T00:11:28Z,118891884735667,8000413855,Teamwork Tower,322
2026-10-08T00:11:28Z,2202352383,767752328,💥SPTS Classic,321
2026-10-08T00:11:28Z,4655652068,1536694921,Noob Train,321
2026-10-08T00:11:28Z,5342047554,1871172282,💀 Backstretch Battles Racing,321
2026-10-08T00:11:28Z,13698105873,4753878751,Bathroom Attack,321
2026-10-08T00:11:28Z,136919941417380,9934614409,Bike Obby For Brainrots!,321
2026-10-08T00:11:28Z,12118894416,4275891591,Thirsty Vampire,320
2026-10-08T00:11:28Z,16720848315,5747152246,My Little Pony RP,320
2026-10-08T00:11:28Z,130954818388365,10213583516,👥 Make a Friend Request [UPD],320
2026-10-08T00:11:28Z,3527629287,1247975681,BIG Paintball! Classic 🔫,319
2026-10-08T00:11:28Z,18545825758,6283720248,Body Swap Facility,319
2026-10-08T00:11:28Z,111199269199811,8343243056,[2x💰💎] Brainrot Tower Defense,319
2026-10-08T00:11:28Z,126171938168748,10337157761,Don't Steal the Dumpling Squishy 🥟,319
2026-10-08T00:11:28Z,15583100726,5379950946,🏀 Basketball Stars 3,318
2026-10-08T00:11:28Z,70994695337243,10480998942,[UPD] VERITY™: NIGHTFALL,318
2026-10-08T00:11:28Z,72659788689464,8051653879,Life in Prison,318
2026-10-08T00:11:28Z,97777561575736,7662333120,🚣‍♂️Kayak Racing [Summer],318
2026-10-08T00:11:28Z,104767169570582,9297902951,Mulberry County,318
2026-10-08T00:11:28Z,17541179,31874888,⛏️ Mega Miners,317
2026-10-08T00:11:28Z,698448212,301252049,[🎉300M!] RoBeats! 🎧 Music + Rhythm + RPG,317
2026-10-08T00:11:28Z,14569384529,5027504417,Mobian Mayhem [REWORK COUNTDOWN],317
2026-10-08T00:11:28Z,16457183958,5668874170,Gojo Vs Toji Ability Test,317
2026-10-08T00:11:28Z,104524602549480,8212026736,[🦖] 99 Nights in the Arctic 🧊,317
2026-10-08T00:11:28Z,81505130631572,9098253051,FACEPAINTING! UGC CREATOR 🖌️,316
2026-10-08T00:11:28Z,1240123653,504035427,Zombie Attack,315
2026-10-08T00:11:28Z,6560282512,2464573238,Just a Rope Bridge,315
2026-10-08T00:11:28Z,8929050629,3371147486,Mo's Academy,315
2026-10-08T00:11:28Z,3101667897,1119466531,Legends Of Speed ⚡,314
2026-10-08T00:11:28Z,80692223709267,7857274278,Free UGC Obby (AFK or Play),313
2026-10-08T00:11:28Z,120398694613042,9352840896,[UPD] 🤪Super Epic Crazy Tag,313
2026-10-08T00:11:28Z,133083514087477,9395554342,[☀️] Ultimate Block Build 🔨,313
2026-10-08T00:11:28Z,84526099099491,10749831764,Choose the stronger soccer!,312
2026-10-08T00:11:28Z,15529194484,5359468080,🛍️ Fashion Show,311
2026-10-08T00:11:28Z,15864327873,5485660832,Teamwork Obby,311
2026-10-08T00:11:28Z,119232593159524,8787792657,[UNITS] Five TD's (Early Access),311
2026-10-08T00:11:28Z,13358463560,4652005960,Asura,309
2026-10-08T00:11:28Z,137331625587953,6755261897,Don't Break Obby,309
2026-10-08T00:11:28Z,12297350239,4330936850,[ITACHI VS SASUKE] Shonen Unleashed,308
2026-10-08T00:11:28Z,79638614256104,8475779172,⛏️ Dig Out Of Jail,308
2026-10-08T00:11:28Z,85387381843881,10604542637,Clash's Glitch Obby 2,308
2026-10-08T00:11:28Z,88207898227053,10045085816,Build Bridge to Brainrots,308
2026-10-08T00:11:28Z,137877687,63951305,RoCitizens 🏠,307
2026-10-08T00:11:28Z,9337187827,3491874687,Another Place,307
2026-10-08T00:11:28Z,104034421066865,8299444324,Hamood Habibi Tower 🎵,307
2026-10-08T00:11:28Z,3226555017,1165835263,SCP: Site Roleplay,306
2026-10-08T00:11:28Z,10846691679,3916548970,Fireworks Playground,306
2026-10-08T00:11:28Z,132495346586140,6475810089,[2X] Swim League,306
2026-10-08T00:11:28Z,2413927524,847722000,The Rake REMASTERED,305
2026-10-08T00:11:28Z,6298464951,2324018757,Roblox Is Unbreakable,305
2026-10-08T00:11:28Z,15960924329,5518683179,Legends Arena,305
2026-10-08T00:11:28Z,1523801080,597286316,A Simple Obby?,304
2026-10-08T00:11:28Z,7275702385,2839156349,Stick War Legacy Reborn [NPC Controller InfMode],304
2026-10-08T00:11:28Z,8789237466,3332494509,Ballroom Dance ❤️,304
2026-10-08T00:11:28Z,10427804764,3802391897,[FALL 🍂] Soulmate Color 🎨,304
2026-10-08T00:11:28Z,101533162298733,8902327228,+1 Aura Phonk Edit Tower🎵,304
2026-10-08T00:11:28Z,13278749064,4627714100,White Room,303
2026-10-08T00:11:28Z,136407404714539,8834587397,Find the Brainrot [620],303
2026-10-08T00:11:28Z,8755324823,3322582746,⛳Golf Frenzy!,302
2026-10-08T00:11:28Z,10554647907,3835375262,Tower of Coffee (Coffee Tower),302
2026-10-08T00:11:28Z,71689406215487,10420832668,[🎃UPDATE ] Komorebi Prison,302
2026-10-08T00:11:28Z,87216984571248,9713717379,Grabpack Sandbox Game [MULTIPLAYER],302
2026-10-08T00:11:28Z,92044060392057,7690412163,Dead Sewers🌊[Alpha],302
2026-10-08T00:11:28Z,13151311229,4590309504,speed demon boss fight (real),301
2026-10-08T00:11:28Z,78458398895753,6777528662,🚌Dangerous Bus Driving,301
2026-10-08T00:11:28Z,3344967357,1200145783,🌳 Lumber INC.,300
2026-10-08T00:11:28Z,12979690461,4538598064,Phantom Ball,300
2026-10-08T00:11:28Z,107830557815237,7972256224,Deep Space Tycoon: Reborn [Rebirth 5],300
