ts,place_id,universe_id,name,playing
2026-10-09T06:05:56Z,107778070777162,10563114921,Steal An Egg,1335681
2026-10-09T06:05:56Z,4924922222,1686885941,Brookhaven 🏡RP,225458
2026-10-09T06:05:56Z,79546208627805,7326934954,99 Nights in the Forest 🔦,162993
2026-10-09T06:05:56Z,920587237,383310974,[12H⏳] Adopt Me!,142154
2026-10-09T06:05:56Z,2753915549,994732206,Blox Fruits,136929
2026-10-09T06:05:56Z,114326934417838,10765288803,Break and Steal an Egg,117006
2026-10-09T06:05:56Z,142823291,66654135,Murder Mystery 2,107577
2026-10-09T06:05:56Z,17625359962,6035872082,RIVALS,102222
2026-10-09T06:05:56Z,16116270224,5569032992,🎃 Dandy's World [ALPHA],96479
2026-10-09T06:05:56Z,124216119978534,10035204815,[⚡] Ride A Pet,84295
2026-10-09T06:05:56Z,9391468976,3508322461,[SKY ASSASSIN] Jujutsu Shenanigans,83353
2026-10-09T06:05:56Z,109983668079237,7709344486,[🌗] Steal a Brainrot,75303
2026-10-09T06:05:56Z,121864768012064,6701277882,[🦑UPD] Fish It! 🐟,73823
2026-10-09T06:05:56Z,107535308163741,10764627709,Huss Valley,61057
2026-10-09T06:05:56Z,93978595733734,6739698191,[CURE] Violence District,55479
2026-10-09T06:05:56Z,16732694052,5750914919,Fisch 🐟,55175
2026-10-09T06:05:56Z,113290951185459,10708913337,[🎉 UPD 7] Anime Dice,54504
2026-10-09T06:05:56Z,16205713724,5595353122,Slayers 2,53154
2026-10-09T06:05:56Z,8737899170,3317771874,🎃 [HATCH WARS] Pet Simulator 99! 🍀,46352
2026-10-09T06:05:56Z,7041939546,2711375305,Catalog Avatar Creator,44891
2026-10-09T06:05:56Z,95082159892680,9584852943,+1 Speed Keyboard Escape | Candy & Chocolate,43409
2026-10-09T06:05:56Z,127994242634536,8901905971,🤔 Killer or Not,41969
2026-10-09T06:05:56Z,10449761463,3808081382,The Strongest Battlegrounds,40391
2026-10-09T06:05:56Z,114574503491412,10512942223,Anime Zero [SHADOW MONARCH] 🦋👑,39278
2026-10-09T06:05:56Z,18687417158,6331902150,Forsaken,38125
2026-10-09T06:05:56Z,118805555015549,10684750879,[BOSS]+1 Loot To Forge,37009
2026-10-09T06:05:56Z,111543903102439,10765298801,+1 Stone Skipping,35548
2026-10-09T06:05:56Z,73956553001240,6931042565,[UPD] Volleyball Legends,35431
2026-10-09T06:05:56Z,15532962292,5361032378,Sol's RNG [ Eon 1-29 ],33054
2026-10-09T06:05:56Z,131378148336503,7089588429,(WHEELIE STYLE x BIG UPDATE) Drag Drive Simulator,32952
2026-10-09T06:05:56Z,9872472334,3647333358,Evade,32474
2026-10-09T06:05:56Z,15101393044,5203828273,Dress To Impress ⭐,30203
2026-10-09T06:05:56Z,96510596525082,10685282333,Ball VS Ball,28824
2026-10-09T06:05:56Z,126987974021910,10155360168,Illegal Soccer,28264
2026-10-09T06:05:56Z,6961824067,2668101271,Fling Things and People,25298
2026-10-09T06:05:56Z,6516141723,2440500124,DOORS 🚨,24886
2026-10-09T06:05:56Z,78515283254292,10148749921,Animal Hospital (Anomaly) 🧪,24872
2026-10-09T06:05:56Z,1537690962,601130232,Bee Swarm Simulator,24658
2026-10-09T06:05:56Z,78490532994307,10436530264,Build An Ant Empire,24374
2026-10-09T06:05:56Z,16146832113,5578556129,Anime Vanguards: Wrathful Assault,23502
2026-10-09T06:05:56Z,135856908115931,7219654364,[🎃DUELS] Murderers VS Sheriffs,23501
2026-10-09T06:05:56Z,99679692310083,10766056678,Steal Animal Egg,22209
2026-10-09T06:05:56Z,86537831042007,10767825538,Sarab,21926
2026-10-09T06:05:56Z,6872265039,2619619496,BedWars [🎣RERELEASE🪤],21548
2026-10-09T06:05:56Z,1962086868,703124385,Tower of Hell,21459
2026-10-09T06:05:56Z,104715542330896,6765805766,BlockSpin 🔪 [MANSION UNDERGROUND],21220
2026-10-09T06:05:56Z,122446657157717,9534705677,[🔥NEW SNIPER] Sniper Arena,17900
2026-10-09T06:05:56Z,185655149,88070565,[🎃] Welcome to Bloxburg,17666
2026-10-09T06:05:56Z,17516596118,5995470825,🎃Hypershot,17644
2026-10-09T06:05:56Z,3351674303,1202096104,Driving Empire,17469
2026-10-09T06:05:56Z,18218605381,6176333237,Clarity Over Resonance,17333
2026-10-09T06:05:56Z,126884695634066,7436755782,[🧑‍🌾] Grow a Garden 🌶️,17047
2026-10-09T06:05:56Z,74188431054457,9978329815,Mukbang Game [Testing]🥞🧇!,16542
2026-10-09T06:05:56Z,102476635575386,10767634248,Firefighting Sim 🚒,16444
2026-10-09T06:05:56Z,8481844229,3240075297,Berry Avenue 🏠 RP,16322
2026-10-09T06:05:56Z,101770480176177,10258991999,[MONGOLS] Command An Army,16241
2026-10-09T06:05:56Z,70411440483149,9167377564,100 Days At Sea,15907
2026-10-09T06:05:56Z,74395953411817,6521100398,Dreamville 🏡 RP [Multiple Kids! 👧],15832
2026-10-09T06:05:56Z,117951390082378,10764926550,survive simulator,15702
2026-10-09T06:05:56Z,1730877806,648454481,[🍬HALLOWEEN PT 1] Grand Piece Online,15245
2026-10-09T06:05:56Z,13967668166,4839802560,LifeTogether 🏠 RP,14889
2026-10-09T06:05:56Z,104416416393862,10768565603,Get Your Driver's License!,14118
2026-10-09T06:05:56Z,75387700043737,7554119808,🛍️ My Avatar!,13991
2026-10-09T06:05:56Z,80242821185181,10764897725,+1 Wings For Eggs,13842
2026-10-09T06:05:56Z,120656419209274,10766721625,(🌀) Drill for Eggs,13603
2026-10-09T06:05:56Z,103037106396302,10460801145,TROLL Hug Tower,13535
2026-10-09T06:05:56Z,117713779364528,8178086002,Lethal Ape Experience [☠️BTM],13518
2026-10-09T06:05:56Z,105011592530400,10741654282,Build and Kill Zombies,13326
2026-10-09T06:05:56Z,104320321984431,10744310825,Paint to Get Rich [MUSEUM] 🎨,13289
2026-10-09T06:05:56Z,89469502395769,10004244222,[🍂] Kick a Lucky Block,13217
2026-10-09T06:05:56Z,90568084448279,9294074907,[FPS] One Tap,13080
2026-10-09T06:05:56Z,116701845804918,10767408330,Peel THE Potato,13077
2026-10-09T06:05:56Z,122245938604556,10681914462,[☁️WORLD 2] +1 Tongue Escape😛,12902
2026-10-09T06:05:56Z,116802325837172,10766506199,7 Days Cat-Sitting,12725
2026-10-09T06:05:56Z,13772394625,4777817887,Blade Ball,12634
2026-10-09T06:05:56Z,118845698633260,10282097014,Pet Store Tycoon,12496
2026-10-09T06:05:56Z,109928390521457,10675117523,Anime Breaker [🏰TOWER],12442
2026-10-09T06:05:56Z,1458767429,578392296,ABA,12418
2026-10-09T06:05:56Z,123720558354386,10765012427,Build the Pyramid!,11951
2026-10-09T06:05:56Z,5233782396,1831550657,✨ Creatures of Sonaria 📜 Survive Kaiju Animals,11869
2026-10-09T06:05:56Z,101906032112547,9796898051,Drill to Earth’s Core 🌎,11768
2026-10-09T06:05:56Z,82081400078378,10765686447,Steal ASMR!,11749
2026-10-09T06:05:56Z,13379208636,4658598196,Attack on Titan Revolution,11078
2026-10-09T06:05:56Z,2768379856,1000233041,3008 [2.75],10947
2026-10-09T06:05:56Z,98800969324557,10261267004,[🚂 UPD] Storage Hunters: Open World,10884
2026-10-09T06:05:56Z,116495829188952,7018190066,Dead Rails,10606
2026-10-09T06:05:56Z,120475074479690,10753751277,Steal From The Rich!,10503
2026-10-09T06:05:56Z,117935850321807,10768023539,Makeup Mania! BETA [LASH TECH UPDATE],10462
2026-10-09T06:05:56Z,102072869879193,10502841145,[OVERCLOCK] Anime Astral Simulator,10429
2026-10-09T06:05:56Z,12985361032,4540138978,Metro Life 🏡 City RP,10350
2026-10-09T06:05:56Z,108567435288296,10399136326,Anime Ability Arena,10287
2026-10-09T06:05:56Z,94823097601547,10715453071,Re://Adventures [UPD 1 🔥 ],10125
2026-10-09T06:05:56Z,77108422251420,10756011174,[🔱] Search For The Needle,10035
2026-10-09T06:05:56Z,13621938427,4730278139,[DEIMOS👹] untitled boxing game 🥊,10000
2026-10-09T06:05:56Z,8712817601,3310460039,🚨BARRY'S PRISON RUN! (OBBY),9968
2026-10-09T06:05:56Z,128448883585036,10516066038,+1 Skinny Per Step,9727
2026-10-09T06:05:56Z,79480724066456,8719555347,[🛥️Boats🛥️] Southern Mudding 🚜 OffRoading,9605
2026-10-09T06:05:56Z,94009908234110,10765582175,dogs,9526
2026-10-09T06:05:56Z,14315258385,4949420752,Realistic Street Soccer,9475
2026-10-09T06:05:56Z,107164765081465,10550257968,Steal A Verity!,9298
2026-10-09T06:05:56Z,76838459031868,10001039611,just an innocent game,9284
2026-10-09T06:05:56Z,132173349090360,10630800860,Color My Flag,9165
2026-10-09T06:05:56Z,18668065416,6325068386,[🧟‍♂️ Don Lorenzo] Blue Lock: Rivals,9084
2026-10-09T06:05:56Z,99409088950210,10673920146,Survive a Million Monkeys,9010
2026-10-09T06:05:56Z,15318113891,5283219861,Lethal Ape (Caves),8725
2026-10-09T06:05:56Z,537413528,210851291,Build A Boat For Treasure,8716
2026-10-09T06:05:56Z,7554888362,2936053166,[🦑] Squid Game X,8651
2026-10-09T06:05:56Z,135911818477576,10766240516,Shoot For Eggs,8556
2026-10-09T06:05:56Z,120851538706364,9561553764,Murder Duels,8553
2026-10-09T06:05:56Z,79268393072444,7395930870,Sell Lemons 🍋,8542
2026-10-09T06:05:56Z,92637789841354,10539411000,🍂 Clean all the Leaves,8518
2026-10-09T06:05:56Z,3260590327,1176784616,Tower Defense Simulator,8362
2026-10-09T06:05:56Z,11379739543,4049246711,Timebomb Duels [Alpha],8318
2026-10-09T06:05:56Z,118418618261207,7585140258,RUNAWAYS [beta],8308
2026-10-09T06:05:56Z,893973440,372226183,Flee the Facility,8250
2026-10-09T06:05:56Z,119271610514030,9491545867,[🌌NEW VAULT] Break a Brainrot Egg!,8189
2026-10-09T06:05:56Z,5289509545,1852226622,Gacha Online 🎃 RP,8143
2026-10-09T06:05:56Z,122485613019196,6774320049,Dubai 🏡 RP [KIDS UPDATE! 👶🎉],8119
2026-10-09T06:05:56Z,12177325772,4293374620,FIFA Super Soccer,8109
2026-10-09T06:05:56Z,99567941238278,7008097940,[🥇] Ink Game,8100
2026-10-09T06:05:56Z,6358567974,2355999843,Salon de Fiestas,8086
2026-10-09T06:05:56Z,113956654824187,10765312940,[🌋] Swim For Eggs!,8034
2026-10-09T06:05:56Z,98610101874791,10766138478,+1 Strength for Eggs,7991
2026-10-09T06:05:56Z,16389395869,5650396773,a dusty trip [🚗SEASON],7980
2026-10-09T06:05:56Z,112731528776884,9641502068,KNIFE DUELS,7970
2026-10-09T06:05:56Z,76943966208523,10766008884,Clone to Steal Eggs,7948
2026-10-09T06:05:56Z,2338325648,184199275,[🔥] NFL Universe Football,7942
2026-10-09T06:05:56Z,12334109280,4342047058,Guts & Blackpowder,7915
2026-10-09T06:05:56Z,128736949265057,9199655655,(学乱) Gakuran,7861
2026-10-09T06:05:56Z,132767904294856,10700618962,[⚽] Blue Lock Farm,7754
2026-10-09T06:05:56Z,121831322352666,10765013362,Dig For Eggs,7739
2026-10-09T06:05:56Z,4623386862,1516533665,Piggy [SEASON 9 - FRIGHT NIGHT],7724
2026-10-09T06:05:56Z,134208374070897,10624691669,{ Pt. 2 } MONOCHROME👁️,7712
2026-10-09T06:05:56Z,136020512003847,9855761734,[GANGS] San Diego Roleplay,7712
2026-10-09T06:05:56Z,84556640895285,10057403337,[🔥 BERSERKER] Deagle Arena,7711
2026-10-09T06:05:56Z,127403135954624,10732236937,[ Halloween ] Kaiju Alpha,7553
2026-10-09T06:05:56Z,79389059854988,10740316645,⛏️ My Anime Mine,7534
2026-10-09T06:05:56Z,135486323963203,9825259729,Duck Duck (Tag) 🦆,7297
2026-10-09T06:05:56Z,116497287371701,10648820673,[🍲] Karinderya!,7226
2026-10-09T06:05:56Z,98502499119821,8342498724,Heavyweight Fishing,7176
2026-10-09T06:05:56Z,12593620250,4420562665,[🎃EVENT] Ride Storm,7138
2026-10-09T06:05:56Z,117949143041402,10116272705,[ 🎉RELEASE ] Anime Mysterious,7129
2026-10-09T06:05:56Z,131346454575416,9837612476,[💥] Mini War,7102
2026-10-09T06:05:56Z,87740422849523,10765153945,Steal A Car,7086
2026-10-09T06:05:56Z,13600218266,4723764956,🎥My Movie,7061
2026-10-09T06:05:56Z,139536504610209,10737986845,🛠️Build and Kill Verity,6979
2026-10-09T06:05:56Z,86479448397834,7488668004,🎃 Bake or Die 💀,6939
2026-10-09T06:05:56Z,114234929420007,7633926880,[UPDATE] BloxStrike,6924
2026-10-09T06:05:56Z,109203247742910,10763764817,Swing For Eggs,6910
2026-10-09T06:05:56Z,134459712190924,10529769390,[📊PATCH📊] Slop Tower Defense! 💔,6884
2026-10-09T06:05:56Z,94217045453265,9051406594,Dueling Grounds ⚔️,6869
2026-10-09T06:05:56Z,85896571713843,6504986360,[🍁UPD] Bubble Gum Simulator INFINITY,6850
2026-10-09T06:05:56Z,99925503388128,10039889230,Fishing Master,6825
2026-10-09T06:05:56Z,76841016201110,10667357873,💭Dream Car Collection,6792
2026-10-09T06:05:56Z,137228775845999,10173311467,Ghost Driver [ALPHA],6769
2026-10-09T06:05:56Z,78453398695059,10665420648,[UPD 2] THRESHOLD,6722
2026-10-09T06:05:56Z,90148635862803,9098570654,🧟 Survive the Apocalypse,6422
2026-10-09T06:05:56Z,132239307080610,10526853622,Deep Fishing🎣,6393
2026-10-09T06:05:56Z,74865107636750,10741514942,Renovate A House,6377
2026-10-09T06:05:56Z,111097829542198,9880286438,[Wild Hunt Upd!] Legacy Piece,6371
2026-10-09T06:05:56Z,97577741629233,10222476236,⭐Catalog Avatar Runway,6361
2026-10-09T06:05:56Z,120700541929930,7108384194,Knife VS Gun DUELS,6273
2026-10-09T06:05:56Z,70906625936847,6443367640,Gym Star Simulator 🏋️,6251
2026-10-09T06:05:56Z,84515722934860,7613921865,[🧪] Anime Expeditions,6235
2026-10-09T06:05:56Z,72105128013629,10766725034,Kidnap And Jail,6203
2026-10-09T06:05:56Z,90906407195271,7883776681,[EVENT🎃] Racket Rivals,6203
2026-10-09T06:05:56Z,119048529960596,7094518649,Restaurant Tycoon 3,6179
2026-10-09T06:05:56Z,14422394494,4983034985,Conquer The World WW2 [👑 Formables ],6157
2026-10-09T06:05:56Z,100429474155186,10321202755,[✨] Anime Fighting Simulator,6141
2026-10-09T06:05:56Z,189707,65241,Natural Disaster Survival,6139
2026-10-09T06:05:56Z,77843161404023,9970645639,Run a Restaurant!,6095
2026-10-09T06:05:56Z,7171174521,2783797267,[🌲FOREST🌲] American Plains Mudding,6067
2026-10-09T06:05:56Z,110175021189594,10230942274,Ability Arena 💥,6012
2026-10-09T06:05:56Z,130739873848552,7028566528,[PERFECTION ✨] Basketball: Zero,6008
2026-10-09T06:05:56Z,128784467030899,10199301628,[UPD🚀] Merge a Nuke!,6007
2026-10-09T06:05:56Z,4520749081,1451439645,King Legacy,5948
2026-10-09T06:05:56Z,7305309231,2851381018,Taxi Boss 🚖,5932
2026-10-09T06:05:56Z,82457571485380,10138624079,Zombie Rush Survival 🧟‍♂️,5860
2026-10-09T06:05:56Z,94647229517154,6945584306,[💀QOL🐱] Azure Latch,5821
2026-10-09T06:05:56Z,102489700929678,10605467256,Lucky Block World,5785
2026-10-09T06:05:56Z,114204398207377,9348272796,[UPDATE] Survive Zombie Arena,5737
2026-10-09T06:05:56Z,111063058742520,10043030167,Chat is back,5734
2026-10-09T06:05:56Z,101480963912212,9296252245,[🔥AURA] Phonk Edit Tower 🎶,5653
2026-10-09T06:05:56Z,6205205961,2274830359,Escape Running Head,5587
2026-10-09T06:05:56Z,16625391970,5720553711,NewSmith 🏡 RP [UPD],5580
2026-10-09T06:05:56Z,12355337193,4348829796,MVSD | Murderers VS Sheriffs Duels,5524
2026-10-09T06:05:56Z,107467295209358,7398552394,A desrt [SANDBOX],5504
2026-10-09T06:05:56Z,13482468151,4689722433,Kitten Game 🐾,5436
2026-10-09T06:05:56Z,139020444733179,10696894951,Survive Deep in the Woods,5392
2026-10-09T06:05:56Z,4639625707,1526814825,[Visby] War Tycoon,5344
2026-10-09T06:05:56Z,3623096087,1268927906,💪Muscle Legends,5343
2026-10-09T06:05:56Z,6737970321,2549475383,Livetopia 🏡 RP,5335
2026-10-09T06:05:56Z,92122513197996,9145063979,⛏️Dig to Escape,5324
2026-10-09T06:05:56Z,12699642568,4452297356,Neighbors 🔊,5305
2026-10-09T06:05:56Z,128899661081075,10737656087,(👑UPDATE👑) THA BRONX 3,5239
2026-10-09T06:05:56Z,735030788,321778215,Royale🎃High,5188
2026-10-09T06:05:56Z,6403373529,2380077519,[UPDATE🏴‍☠️] Slap Battles👏,5184
2026-10-09T06:05:56Z,77649408247578,9931749389,🎃HALLOWEEN 🎃 Dungeon Quest Reborn,5171
2026-10-09T06:05:56Z,2809202155,1016936714,[CDR & DD] Your Bizarre Adventure,5128
2026-10-09T06:05:56Z,13687899540,4750561026,Cold War [VIETNAM],5112
2026-10-09T06:05:56Z,74629631798007,10759638075,[🍀 X2] Pets Universe!,5112
2026-10-09T06:05:56Z,88611017452341,10764839604,Backflip for Animals!,5094
2026-10-09T06:05:56Z,124731807130219,10534873486,+1 Bite Per Click,5040
2026-10-09T06:05:56Z,8704997000,3308103880,[🧪] Maple Hospital 🍂,5007
2026-10-09T06:05:56Z,101914772188620,9490116046,Build with Voxels 🔨,4973
2026-10-09T06:05:56Z,6366329104,2360092394,Off-Roading Epic,4969
2026-10-09T06:05:56Z,14438406081,4987856151,Wanted [💰UPDATE],4968
2026-10-09T06:05:56Z,122278212262864,10371406677,Race for Eggs,4928
2026-10-09T06:05:56Z,11158043705,3990106548,Baddies 💅,4911
2026-10-09T06:05:56Z,74260430392611,7178032757,[🍁] Rebirth Champions: Ultimate,4901
2026-10-09T06:05:56Z,3475397644,1235188606,[⭐SZN 10] Dragon Adventures 🐉,4900
2026-10-09T06:05:56Z,129827112113663,7629331599,Prospecting! 💎,4891
2026-10-09T06:05:56Z,13822889,2471084,🌳 Lumber Tycoon 2,4885
2026-10-09T06:05:56Z,70640255604878,10649255304,Pull An Egg,4879
2026-10-09T06:05:56Z,115668616082195,10762757054,WHO FARTED?,4844
2026-10-09T06:05:56Z,110829983956014,6682487255,[ 🪄🎩] Anime Card Clash,4838
2026-10-09T06:05:56Z,117448312570314,10762388019,[1 & 2 PLAYER] Grapple Cart Obby,4821
2026-10-09T06:05:56Z,6507422231,2435789930,Twilight Daycare!✨RP [Dreamland ☁️🌙😴],4817
2026-10-09T06:05:56Z,134728380684025,10766578375,Aisles Of The Locust [CHAPTER 2],4799
2026-10-09T06:05:56Z,606849621,245662005,Jailbreak,4777
2026-10-09T06:05:56Z,101893542756730,10766735253,[🧸 W4] +1 Snow Shoveling Adventure,4729
2026-10-09T06:05:56Z,85245205758607,10278774552,[UPD] Paint Or Seek [Chameleon],4723
2026-10-09T06:05:56Z,131572543049913,8851542818,[🎃🦆] Detective Duck,4719
2026-10-09T06:05:56Z,71704434889758,10634461028,(BETA) Drive A Kukirin!,4717
2026-10-09T06:05:56Z,137925884276740,7822444776,[VOID] ✈️ Build A Plane,4673
2026-10-09T06:05:56Z,18172550962,6161049307,Pixel Blade,4652
2026-10-09T06:05:56Z,124061247871628,10701628624,Animal Daycare (Anomaly),4640
2026-10-09T06:05:56Z,155615604,73885730,Prison Life,4631
2026-10-09T06:05:56Z,127089247654125,8813969120,[DELIVERIES🍔NEW TRACKS] TR Legacy,4605
2026-10-09T06:05:56Z,4580204640,1489026993,🔪Survive the Killer!,4599
2026-10-09T06:05:56Z,125039473548047,10144587520,[UPD☄️] Anime Card Farm,4580
2026-10-09T06:05:56Z,10941514720,3945578236,Chaos Jenga,4566
2026-10-09T06:05:56Z,133294838637122,10551595617,⚽ Jump To Steal Soccer Players ⚽,4546
2026-10-09T06:05:56Z,120135584963579,8791358380,Don’t Steal the Bobo 🐻,4520
2026-10-09T06:05:56Z,123921593837160,7474367816,Climb and Jump Tower [NEW WORLD],4488
2026-10-09T06:05:56Z,85967844112283,10759337137,Last Stop [Beta],4486
2026-10-09T06:05:56Z,7243409883,2822776643,Elemental Magic Arena [🍀],4453
2026-10-09T06:05:56Z,86259628805375,10310999762,💪 +1 Strength to Grow Your Arm！,4431
2026-10-09T06:05:56Z,128451689942376,6760085372,[🎞️ DOMAIN] Jujutsu: Zero,4420
2026-10-09T06:05:56Z,134381727982611,9826885587,Evomon[S3 TRADE],4419
2026-10-09T06:05:56Z,91704854174760,10189903609,Finish The Word! [ SUMMER ],4403
2026-10-09T06:05:56Z,117985153726741,10553704684,Own a Grocery Store 🛒,4395
2026-10-09T06:05:56Z,130481402522628,10765190004,Anime High School RP,4382
2026-10-09T06:05:56Z,134679507313109,10758397570,Steal an Egg for Squishy Dumplings!,4351
2026-10-09T06:05:56Z,14608970270,5039839070,(ANNIVERSARY) Outcome Memories v0.2,4346
2026-10-09T06:05:56Z,113745337705295,9296042754,Riot City 🚨 Prison Escape,4345
2026-10-09T06:05:56Z,119031818630096,10628223804,TANPANAMA,4340
2026-10-09T06:05:56Z,116921506811323,10526463655,[NEW] 8 Ball Duels,4335
2026-10-09T06:05:56Z,138686218420016,10532995815,[🎃] Mine Antarctica,4325
2026-10-09T06:05:56Z,94640181989498,10338952197,Grow a Chicken Fighter,4297
2026-10-09T06:05:56Z,72920620366355,8307114974,[SEASON 3] Operation One,4293
2026-10-09T06:05:56Z,106838580527183,10440342381,Voxels,4246
2026-10-09T06:05:56Z,132352755769957,6749060816,Asylum Life 🔊,4243
2026-10-09T06:05:56Z,133585162751824,9480281767,Monopoly,4242
2026-10-09T06:05:56Z,101914705206759,10767582899,[💻UPD] 📱 Build a Phone Empire,4222
2026-10-09T06:05:56Z,121780816998126,10717199977,100 Days on Chunk,4220
2026-10-09T06:05:56Z,14236925335,4924789901,Neighbors 🔊 [18+],4139
2026-10-09T06:05:56Z,114697347887839,10144280947,🐒 +1 Speed Monkey Escape,4110
2026-10-09T06:05:56Z,128119795963270,7856039629,Murder Mystery DUELS,4106
2026-10-09T06:05:56Z,6911148748,2640407187,(UPDATE!) Car Driving Indonesia,4080
2026-10-09T06:05:56Z,107894105055312,7948426536,[🎃👻UPDATE] Wax ASMR Tower,4079
2026-10-09T06:05:56Z,73897506680154,10643795368,Idle Mafia Game,4062
2026-10-09T06:05:56Z,15002061926,5166944221,Death Ball,4047
2026-10-09T06:05:56Z,108533757090220,7703614594,[⏳TRAITS🧪] Garden Tower Defense 🌻,4046
2026-10-09T06:05:56Z,70435795041539,9872734936,[UPD] Junk Mechanics,4041
2026-10-09T06:05:56Z,123847390309161,9592387369,[HELL] Spiral Difficulty Chart Obby,4041
2026-10-09T06:05:56Z,138860257448193,10714746778,Build Your Voxel Coaster,4004
2026-10-09T06:05:56Z,126870639873289,10690360998,Jump for Animals!,3979
2026-10-09T06:05:56Z,13999660589,4850044287,Together [Party Game],3975
2026-10-09T06:05:56Z,81734857983173,10415694629,Carry the Glass Together! [2 Player Obby],3947
2026-10-09T06:05:56Z,7991339063,3085257211,Rainbow Friends,3917
2026-10-09T06:05:56Z,108645230905176,10244001346,Mrbeast Island Escape,3899
2026-10-09T06:05:56Z,101880234193261,10767012496,[UPDATE] Turbo Soccer : Beta 1.0,3838
2026-10-09T06:05:56Z,192800,47545,🍕Work at a Pizza Place,3829
2026-10-09T06:05:56Z,140317247681516,7265977477,Jump Clicker 🚀,3827
2026-10-09T06:05:56Z,92606991708989,10552240401,[UPD 7] Defeat Anime RNG,3785
2026-10-09T06:05:56Z,166986752,79301772,🔨Plane Crazy🔨 [UPDATE],3753
2026-10-09T06:05:56Z,135717153770519,7274244096,Toilet World Roleplay 2,3731
2026-10-09T06:05:56Z,15198166649,5239362765,DON'T GET ELIMINATED,3714
2026-10-09T06:05:56Z,9503261072,3541611379,TB II | Tower Defense X: BETA,3707
2026-10-09T06:05:56Z,15240723287,5254920366,Secret Staycation,3682
2026-10-09T06:05:56Z,103429966174263,10608856704,+1 Paint Keyboard Adventure,3679
2026-10-09T06:05:56Z,91064322438141,10752743876,💃[Disco dance] Trending Emote Dance,3678
2026-10-09T06:05:56Z,137095720966003,10766395909,Film Animals [1-5 Player],3651
2026-10-09T06:05:56Z,138110382920220,10764297006,Pixel Conquest,3644
2026-10-09T06:05:56Z,15269951959,5265857965,Legends Battlegrounds,3634
2026-10-09T06:05:56Z,93091759101123,10031505426,FPS🔥AirDrop Arena [S5]🔥,3625
2026-10-09T06:05:56Z,113506071094099,7996365376,[🌴] SHARP,3586
2026-10-09T06:05:56Z,121165298854655,10759518799,DON'T LET HIM IN,3584
2026-10-09T06:05:56Z,115681808123944,10131390815,[🌎W8] Throw a Coin,3581
2026-10-09T06:05:56Z,138205182571367,10329489265,[UPD🖌️] Paint to Hide and Seek!,3576
2026-10-09T06:05:56Z,6382584061,2369077151,Build to Survive 🛠️,3574
2026-10-09T06:05:56Z,891852901,371263894,Greenville RP (⭐AUDI + SHELBY RELATED + RACES!),3573
2026-10-09T06:05:56Z,93934100402512,9891331827,Clover Time [BETA RELEASE],3555
2026-10-09T06:05:56Z,109686116036889,7453941040,DANGEROUS NIGHT [FURNISH THE BUNKER],3535
2026-10-09T06:05:56Z,1365404657,547524060,Feather Family 🎃 [Burrowing Owl],3509
2026-10-09T06:05:56Z,130404059693601,10096155511,Strike: Warfare,3489
2026-10-09T06:05:56Z,125488740127641,8752324161,Build Anything! [🛠️],3483
2026-10-09T06:05:56Z,2534724415,903807016,[🗺️] Emergency Response: Liberty County,3473
2026-10-09T06:05:56Z,76427490154192,10197758650,Mount LONELY🌅,3459
2026-10-09T06:05:56Z,132081245551901,10751939592,ASMR Auto Wallhop Tower 2,3447
2026-10-09T06:05:56Z,127380660530951,7058980030,Survive Overnight in a Mega Store,3435
2026-10-09T06:05:56Z,124761153798409,10254680421,[🎃] Soccer Stars 26,3419
2026-10-09T06:05:56Z,13076380114,4568630521,[💥] Heroes Battlegrounds,3415
2026-10-09T06:05:56Z,79312497897212,10767698786,[NEW] Cidro Janji (Jawa Party),3386
2026-10-09T06:05:56Z,76285745979410,9362896961,[👹Boss] Anime Card Collection,3385
2026-10-09T06:05:56Z,109509029034984,10067258922,+1 Aura Per Click,3370
2026-10-09T06:05:56Z,114125816375987,10424107160,[🌙] Survive The Night,3346
2026-10-09T06:05:56Z,6804602922,2583564222,[MAP!] Boxing Beta! 🥊,3341
2026-10-09T06:05:56Z,92648272637932,10764479526,+1 Mog Evolution,3335
2026-10-09T06:05:56Z,4850588087,1648496580,Bendy and the ink Machine,3331
2026-10-09T06:05:56Z,18666738837,6324644175,Death Order: Simon Says,3319
2026-10-09T06:05:56Z,87468080405188,10123059921,[UPDATE] Home Alone: Anomalies,3309
2026-10-09T06:05:56Z,85103892698583,10603675889,A Long Walk 🪓,3288
2026-10-09T06:05:56Z,2916899287,1054526971,Blackhawk Rescue Mission 5,3285
2026-10-09T06:05:56Z,10165583746,3730079862,Examination,3281
2026-10-09T06:05:56Z,113481077323469,10761687472,Scream And Run [VERITY],3276
2026-10-09T06:05:56Z,131623223084840,9363735110,[🌊] Escape Tsunami For Brainrots!,3270
2026-10-09T06:05:56Z,10253248401,3754482795,Elemental Powers Tycoon,3263
2026-10-09T06:05:56Z,119789365111500,8520148363,💥 Tank Game! [2.4],3262
2026-10-09T06:05:56Z,99703116573266,10393438342,[⌛ + 🎫 X2 🎫] Alliance Tower Defense! ⚔️,3203
2026-10-09T06:05:56Z,84403204002907,10765032875,Motorcycle for Animals,3200
2026-10-09T06:05:56Z,13416197699,4669328522,Zooo,3185
2026-10-09T06:05:56Z,14238596528,4925331346,Giga Mansion Tycoon 🏝️,3183
2026-10-09T06:05:56Z,117533937949084,9910245722,Iron Soul: Dungeon,3180
2026-10-09T06:05:56Z,7117492592,2754593977,[💎] Realistic Hand RP 🖐🤏 Without VR,3154
2026-10-09T06:05:56Z,113457460682474,8006379851,🔨 Voxel Block Builder [🎢 ROLLER COASTERS],3145
2026-10-09T06:05:56Z,13775256536,4778845442,[LEGACY] Toilet Tower Defense,3136
2026-10-09T06:05:56Z,134363641369914,10376944238,Build Your Backrooms,3130
2026-10-09T06:05:56Z,76153324611685,9957338123,[PRO] Kart Of Hell,3113
2026-10-09T06:05:56Z,76911729991355,9965411707,[UPD 4🌊] Noob Incremental,3110
2026-10-09T06:05:56Z,3663340706,1278035280,Warrior Cats: Ultimate Edition,3102
2026-10-09T06:05:56Z,127877871885165,6635513269,he ate them. [HORROR],3080
2026-10-09T06:05:56Z,137334925228489,9949148856,[FPS] FLING,3072
2026-10-09T06:05:56Z,4637668954,1525626450,(🍂) Rensselaer County,3071
2026-10-09T06:05:56Z,74729868188364,9582986239,Fish an Anime RNG 🎲,3067
2026-10-09T06:05:56Z,102555956950143,10766135603,+1 Lift Rock for Treasure,3060
2026-10-09T06:05:56Z,78933302895115,10757498504,Steal An Anime Egg,3056
2026-10-09T06:05:56Z,83038462357724,10475794799,Dig & Clean 🧼,3048
2026-10-09T06:05:56Z,133341016381877,6466404775,[🎃] MOUNT RNG,3047
2026-10-09T06:05:56Z,96168869671905,9472441390,💎 ROB IT,3032
2026-10-09T06:05:56Z,84449017742177,10289201563,[NEW RIGS] Chameleon! 🎨,3028
2026-10-09T06:05:56Z,13822562292,4793836769,[🌴NEW MAP]🚗Midnight Chasers: Highway Racing,3001
2026-10-09T06:05:56Z,132678066262863,9276049439,[🎁] My Daycare,2989
2026-10-09T06:05:56Z,114381378262504,10119624374,Build Whatever! [🔨],2988
2026-10-09T06:05:56Z,139617346573330,10030829154,Climb Waterslide and Slide,2971
2026-10-09T06:05:56Z,17882166032,6128091457,Clone Engine,2968
2026-10-09T06:05:56Z,122606989565107,8401518398,Obby But You're on a Scooter,2963
2026-10-09T06:05:56Z,6884319169,2626227051,MIC UP 🔊,2962
2026-10-09T06:05:56Z,73621314943835,10399125962,Guess the character color,2962
2026-10-09T06:05:56Z,131479356121251,10521797740,[🍁] 50 Player BINGO!,2944
2026-10-09T06:05:56Z,20321167,21164849,Pilot Training Flight Simulator,2943
2026-10-09T06:05:56Z,118367369949006,6583326485,Ground War [TANKS],2942
2026-10-09T06:05:56Z,14475396559,4998493959,TEAM GRANDMA ESCAPE!👵🏻 (TEAMWORK OBBY),2936
2026-10-09T06:05:56Z,118447215156914,8156973419,Prism Runway Show💎,2922
2026-10-09T06:05:56Z,113232329524315,7497471789,🔪 MAFIA [V2.3] - ACT II,2920
2026-10-09T06:05:56Z,8317834514,3187874989,The Mad Murderer X,2910
2026-10-09T06:05:56Z,103556382323599,7990186056,[🎢] Build a Tower,2909
2026-10-09T06:05:56Z,85624479560888,10308844888,Board Of Hell,2904
2026-10-09T06:05:56Z,88047783411976,10765091041,Open Sea For Animals!,2901
2026-10-09T06:05:56Z,18753889337,6353751159,Main Street 🏡RP [Pets! 🐕],2885
2026-10-09T06:05:56Z,113987393426315,10246108265,[⚓] Navy War,2867
2026-10-09T06:05:56Z,17571821642,6015491985,Math Tower Race,2858
2026-10-09T06:05:56Z,14301835518,4944984948,Team School Breakout! (TEAMWORK OBBY),2857
2026-10-09T06:05:56Z,8884433153,3359505957,Collect All Pets!,2856
2026-10-09T06:05:56Z,17698425045,6061766680,[UNBANS] fight in a school,2855
2026-10-09T06:05:56Z,82866880824588,9908641400,Football Fusion 3,2853
2026-10-09T06:05:56Z,126325864277234,10756780270,STOP! Word Duel,2848
2026-10-09T06:05:56Z,97598239454123,10200395747,Grow a Garden 2,2843
2026-10-09T06:05:56Z,6816975827,2589957623,[☀️] Car Suspension Test,2839
2026-10-09T06:05:56Z,7772810845,3012965062,The Presentation Experience,2828
2026-10-09T06:05:56Z,82797688803922,9885372266,Unseen Liminality,2819
2026-10-09T06:05:56Z,14259168147,4931927012,[🎃]🏀Basketball Legends🏀,2790
2026-10-09T06:05:56Z,13429790955,4673599750,📚 Murderers vs Sheriffs 2,2788
2026-10-09T06:05:56Z,75317862071711,9584946743,[🌐 WORLD 9 EXPANSION] Immortality Incremental,2782
2026-10-09T06:05:56Z,99183404085821,10718240577,[🌌] Steal Fish Eggs,2761
2026-10-09T06:05:56Z,18199615050,6170143659,[UPD] Demonology🕯️,2758
2026-10-09T06:05:56Z,103285721487694,9906154135,💥 Extreme Gear Troll Tower,2757
2026-10-09T06:05:56Z,14564651437,5026122481,Death in the Box,2748
2026-10-09T06:05:56Z,93829858358973,10152905521,💪 +1 Muscle to Break Walls,2744
2026-10-09T06:05:56Z,11782774748,4170977322,IQ Test 🧠,2725
2026-10-09T06:05:56Z,7138009149,2765784373,PHIGHTING! [BETA],2717
2026-10-09T06:05:56Z,82648796375761,10704015784,Squishy Troll Tower [BETA],2717
2026-10-09T06:05:56Z,113897119818920,10612017628,Mega Ramp for Lucky Blocks!,2716
2026-10-09T06:05:56Z,137477934962022,10767240772,Crack the Egg 🥚,2714
2026-10-09T06:05:56Z,99255447043899,9963622286,[WORLD 4] Become a Brainrot,2710
2026-10-09T06:05:56Z,120951586797306,10690942083,🙈 Killer or Innocent,2697
2026-10-09T06:05:56Z,12931609417,4523856444,Color or Die 🎨,2683
2026-10-09T06:05:56Z,17192092512,5887211857,Deermont 🏡RP,2662
2026-10-09T06:05:56Z,84525826229916,10127797448,Would You Rather: Boys & Girls Outfit Tower!,2658
2026-10-09T06:05:56Z,15768329004,5451143054,IT GIRL 🏝️,2646
2026-10-09T06:05:56Z,74256669508761,8662243497,🐙 Raft 101 Survival,2629
2026-10-09T06:05:56Z,5985232436,2157872230,Infectious Smile,2624
2026-10-09T06:05:56Z,128263975853774,7434179990,🛠️Build and Survive,2624
2026-10-09T06:05:56Z,72248722616845,10059548251,Samurai DUELS,2623
2026-10-09T06:05:56Z,137826330724902,8539298853,Scary Shawarma Kiosk: the ANOMALY [horror],2614
2026-10-09T06:05:56Z,11765402359,4165164803,Clip It 😂🎬👗,2612
2026-10-09T06:05:56Z,80158232099900,9906378607,[🐟UPDATE] Hole Fishing,2611
2026-10-09T06:05:56Z,118973301158777,9759082891,[UPDATE] +1 Aura Climb Tower,2609
2026-10-09T06:05:56Z,5671985295,1999874107,[👟X5] +1 Speed Animal Hospital Escape,2603
2026-10-09T06:05:56Z,110627433764494,10065013948,Fake a Brainrot,2603
2026-10-09T06:05:56Z,96645548064314,9091133975,[🌙] Catch And Tame!,2601
2026-10-09T06:05:56Z,96280251181127,9496852407,⚔️Build to Defend Loot,2599
2026-10-09T06:05:56Z,121781732399469,10439568447,[UPD] Anomaly Cafe,2582
2026-10-09T06:05:56Z,117883700024872,10764533320,[UPD] Aura Dance Battles 🔥,2581
2026-10-09T06:05:56Z,104693964860826,9940812243,[JJK+S2] Anime RNG Defense,2576
2026-10-09T06:05:56Z,18688598012,6332376065,Vina High School 📚 RP,2571
2026-10-09T06:05:56Z,127775478639865,10635348596,[UPD2] Machine Party 💥,2563
2026-10-09T06:05:56Z,98664161516921,9141743926,[NOW] Catch a Monster,2561
2026-10-09T06:05:56Z,116192088324578,10743048214,🎃 [HALLOWEEN EVENT] FNaF World Multiplayer,2559
2026-10-09T06:05:56Z,133363783004873,10741302505,Collect 1 Million Items [✨],2558
2026-10-09T06:05:56Z,119168493101362,10013279162,Draw It Better! 🎨,2550
2026-10-09T06:05:56Z,122093998639862,9792551117,The Morgue Shift,2546
2026-10-09T06:05:56Z,119822977170203,10184247393,Power Blast Lucky Blocks!,2537
2026-10-09T06:05:56Z,4104106043,1358133289,Insane Elevator!,2530
2026-10-09T06:05:56Z,8737602449,3317679266,PLS DONATE 💸,2525
2026-10-09T06:05:56Z,100753254401525,10717002748,[W2] +1 DMG FPS,2504
2026-10-09T06:05:56Z,133943904733338,10269820836,THE BUNKER,2503
2026-10-09T06:05:56Z,114501358617756,7960300951,Bridge Battles!,2501
2026-10-09T06:05:56Z,99521272836282,9551044479,Final Swarm [🌊Atlantis],2499
2026-10-09T06:05:56Z,286090429,111958650,Arsenal,2497
2026-10-09T06:05:56Z,112413741511713,7127084123,[TRAINS] 🏙️ Mini City Tycoon,2497
2026-10-09T06:05:56Z,125466848790058,10046786918,[UPD] Fur Infection LITE VR+,2493
2026-10-09T06:05:56Z,70797316145408,10764412489,Waddle Obby,2490
2026-10-09T06:05:56Z,93028168925975,10324001605,🌷 My Flower Shop,2489
2026-10-09T06:05:56Z,105724836892064,10431718987,[🧬] Merge a Mini Army,2476
2026-10-09T06:05:56Z,122507029092776,10577682617,Build a +1 Obby,2468
2026-10-09T06:05:56Z,2693023319,972475338,🚩Expedition Antarctica,2458
2026-10-09T06:05:56Z,92722005168254,10764640833,SKI,2454
2026-10-09T06:05:56Z,134361906638337,8296765616,Defend Bunker from Zombies 🧟,2445
2026-10-09T06:05:56Z,16910059756,5807622548,RV Cooked? [BUGGY],2439
2026-10-09T06:05:56Z,14451515684,4991821731,PETAPETA: 【10/6 3rd Anniversary】,2436
2026-10-09T06:05:56Z,10260193230,3756501373,[UPDATE 4] Meme Sea,2431
2026-10-09T06:05:56Z,6243699076,2294168059,The Mimic,2429
2026-10-09T06:05:56Z,135193469413243,8160348242,MM2 Aim Trainer 2,2428
2026-10-09T06:05:56Z,8369888266,3204175584,Redcliff City 🏡RP,2405
2026-10-09T06:05:56Z,119355263204054,10310563053,Keyboard Wars,2402
2026-10-09T06:05:56Z,137233438285284,10209534490,Chicken Farm 🐣,2379
2026-10-09T06:05:56Z,5152425034,1794056685,Camper Van 🚐,2375
2026-10-09T06:05:56Z,6934310111,2652888345,Avatar Simulator,2352
2026-10-09T06:05:56Z,102422301065716,10766239678,Followers game,2352
2026-10-09T06:05:56Z,109397169461300,7264587281,SNIPER DUELS,2352
2026-10-09T06:05:56Z,7605357829,2954818192,SQUID GAME,2344
2026-10-09T06:05:56Z,3678761576,1281592938,[🗣️CALLOUT🗣️] ENTRENCHED 🥀,2342
2026-10-09T06:05:56Z,12912731475,4518160318,Mansion Tycoon 🌴🏠,2335
2026-10-09T06:05:56Z,2418863943,850110028,"[HIGHWAY TRAFFIC] Roanoke, VA Driving RP",2328
2026-10-09T06:05:56Z,69184822,31970568,Theme Park Tycoon 2,2327
2026-10-09T06:05:56Z,7971857341,3079618996,🕹️[Arcade] Youtuber Tycoon!,2324
2026-10-09T06:05:56Z,134719268825886,10415845204,[⚡NEW] Clicker Simulator! 🖱️,2324
2026-10-09T06:05:56Z,86247128610772,10530261598,[BOILED ONE] House of The Locust,2323
2026-10-09T06:05:56Z,80734098185936,7359962123,An Average Campaign [Alpha v0.5.1],2316
2026-10-09T06:05:56Z,5712833750,2023680558,Animal Simulator,2315
2026-10-09T06:05:56Z,18102078939,6136243726,CRAZY CHEFS! 👨‍🍳,2315
2026-10-09T06:05:56Z,100689340481763,9736593239,[🇮🇩] Palm Mount,2314
2026-10-09T06:05:56Z,119156763806075,10765541201,2 Player Pizza Tycoon 🍕,2302
2026-10-09T06:05:56Z,74102906764176,10440833423,[✨] Greedy Growers 🌱,2301
2026-10-09T06:05:56Z,102837194624695,9807649116,[👮] Tactical: Swat Simulator,2301
2026-10-09T06:05:56Z,17556820024,6010232141,Untitled Fling Game,2294
2026-10-09T06:05:56Z,4996049426,1720936166,[OG] All Star Tower Defense,2282
2026-10-09T06:05:56Z,95099570361956,10196985448,Korean Word Game💬,2267
2026-10-09T06:05:56Z,126815230666914,9803970239,Forsaken Combat,2265
2026-10-09T06:05:56Z,72387437800091,9506013695,DUELS [🌸SAKURA],2262
2026-10-09T06:05:56Z,12735022823,4462613685,[CHAPTER 2] 6 P.M.,2256
2026-10-09T06:05:56Z,119068914321553,9741874508,[⚔️CLANS] Traitor VS Sheriff DUELS,2248
2026-10-09T06:05:56Z,16154918775,5580972377,[RANKED] 💥 BUCKSHOT,2233
2026-10-09T06:05:56Z,16272604134,5615055859,TwisterX [0.15],2229
2026-10-09T06:05:56Z,16480898254,5677613211,Eat the World,2226
2026-10-09T06:05:56Z,114122724051462,10520829450,Spot and Mark!,2217
2026-10-09T06:05:56Z,7711635737,2992873140,Emergency Hamburg,2215
2026-10-09T06:05:56Z,79548014923991,9549278601,KAZAKH TOWER 🌟 [💙💛ҚАЗАҚША💛💙] 🇰🇿,2214
2026-10-09T06:05:56Z,95319535505764,8869088870,Sail Down A River,2212
2026-10-09T06:05:56Z,119579217517090,9513686983,Escape Waves For Lucky Blocks,2190
2026-10-09T06:05:56Z,86524001536792,9216313546,Project Superstellar,2175
2026-10-09T06:05:56Z,91746497060666,9125259344,My Jail Cell! (🗓️Daily Rewards!),2172
2026-10-09T06:05:56Z,2788229376,1008451066,Da Hood,2171
2026-10-09T06:05:56Z,118298168947099,10601155553,That Freekick Challenge (TFC),2168
2026-10-09T06:05:56Z,4616652839,1511883870,Shindo Life [250],2167
2026-10-09T06:05:56Z,119004860768199,9788139379,[UPD]BreakDoor,2166
2026-10-09T06:05:56Z,10224049386,3746418487,House Tycoon 2,2164
2026-10-09T06:05:56Z,127082754898219,10765481558,Survive Lava for Animals,2163
2026-10-09T06:05:56Z,72845937010155,8365871374,[✋] Gear Slap Tower,2162
2026-10-09T06:05:56Z,137737622318848,10628526114,Ping Pong Training 🏓,2149
2026-10-09T06:05:56Z,2512643572,892043755,[🍀UPD] Bubble Gum Simulator,2148
2026-10-09T06:05:56Z,6989310863,2682938349,Wild Horse Islands,2146
2026-10-09T06:05:56Z,97824450589417,10577588270,🦸 +1 Superhero Evolution,2135
2026-10-09T06:05:56Z,73189007576537,7720654467,Blockies [2-3-4-5 Player Obby],2127
2026-10-09T06:05:56Z,113460023824827,10586746293,[❤️] My ASMR House 🏠,2115
2026-10-09T06:05:56Z,98629859043211,6568417585,[UPDATE] M.E.G. Endless Reality,2113
2026-10-09T06:05:56Z,15507022415,5351168809,Chiquititas - Ray of Light Orphanage 🏫,2105
2026-10-09T06:05:56Z,90086669327265,10410945205,+1 Cut Grass Adventure,2096
2026-10-09T06:05:56Z,8034026074,3097803944,Easy Glass Bridge (Possible Squid Game),2089
2026-10-09T06:05:56Z,15550215902,5367389312,[🎵CUSTOM SERVERS] Sing It! Karaoke Battles [VC🎤],2072
2026-10-09T06:05:56Z,74889851913797,10485201326,[X2] +1 Power Per Click,2065
2026-10-09T06:05:56Z,863266079,358276974,Apocalypse Rising 2,2064
2026-10-09T06:05:56Z,11815767793,4181957649,Ultimate Battlegrounds,2064
2026-10-09T06:05:56Z,74716719697996,10455462279,[🎃SOON]🚪Survive Verity in Area 51🔦,2059
2026-10-09T06:05:56Z,5171347293,1802741133,✈️ Cabin Crew Simulator,2054
2026-10-09T06:05:56Z,17581668152,6019027471,Nitro Car,2053
2026-10-09T06:05:56Z,120189115846709,10090256806,TTK Testing [SERVERBROWSER],2046
2026-10-09T06:05:56Z,80200604311136,6751447237,[RANKED!] Car Zone 🏎️ Racing & Drifting,2039
2026-10-09T06:05:56Z,105355546387524,10456511458,[🎃] Build to the moon!,2037
2026-10-09T06:05:56Z,17577256698,6017624138,Hutan [Voice Chat],2036
2026-10-09T06:05:56Z,9224601490,3457700596,[OPE V2] Fruit Battlegrounds,2018
2026-10-09T06:05:56Z,137541498231955,7646154613,Shrink Hide & Seek,2016
2026-10-09T06:05:56Z,5720801512,2027832238,[🔎탐정] 한국 머더,2015
2026-10-09T06:05:56Z,127742093697776,8316902627,[🪙] Plants & Brainrots 🌻,1998
2026-10-09T06:05:56Z,85070202669030,7373459570,[🦖] BEYBLADE X-BATTLES [Beta12.2],1994
2026-10-09T06:05:56Z,99449877692519,8524572339,bridger: WESTERN (UPD!),1994
2026-10-09T06:05:56Z,134162299584012,10452740285,Build a Gun Army,1992
2026-10-09T06:05:56Z,10696301650,3873871110,HUMANS! Primeval Earth | Dinosaur Survival,1985
2026-10-09T06:05:56Z,4111023553,1359573625,Deepwoken,1976
2026-10-09T06:05:56Z,105373497661352,10162859180,👑 Kingdom Architect Tycoon,1973
2026-10-09T06:05:56Z,16447934574,5666473198,[🎃] Soccer: Touch Football,1971
2026-10-09T06:05:56Z,131683977882464,10764613327,[🎧] GUESS THE SONG! 0.5s,1967
2026-10-09T06:05:56Z,125927821145949,10187294555,[⛰️] Mine a Mountain,1964
2026-10-09T06:05:56Z,103767961452227,10757247806,Build and Conquer,1957
2026-10-09T06:05:56Z,96796259580891,7787359931,Kingdom World,1956
2026-10-09T06:05:56Z,16991287194,5829613337,something evil will happen,1954
2026-10-09T06:05:56Z,292439477,113491250,[Fall Weapon Remodels!] Phantom Forces,1953
2026-10-09T06:05:56Z,98894876188248,9780429221,Cheating During Testing [BETA],1952
2026-10-09T06:05:56Z,124239460312806,10589881655,SELL YOUR OUTFIT,1946
2026-10-09T06:05:56Z,8246874626,3164075108,[X2 WEEK] Dragon Soul | Anime MMO 🐲,1942
2026-10-09T06:05:56Z,5593925613,1954152886,Countryball World 🌎,1937
2026-10-09T06:05:56Z,10834586502,3913007563,The Battle Bricks,1937
2026-10-09T06:05:56Z,135155039067698,7780633647,MX WORLD,1930
2026-10-09T06:05:56Z,110233092317096,10320417842,Lakefalls Medical: GP Simulator 🩺,1928
2026-10-09T06:05:56Z,6698800091,2527789729,[MOBILE!📱]Prior Extinction - Dinosaur Survival!,1924
2026-10-09T06:05:56Z,140481779622210,8504461817,Escape The Lava 🔥,1924
2026-10-09T06:05:56Z,106383201135975,10737231383,[🎃] Jump To Steal An Egg,1915
2026-10-09T06:05:56Z,8075399143,3110388936,[✨ QOL + Susanoo Rework 👹 ] Ninja Time,1910
2026-10-09T06:05:56Z,6875747014,2621511041,Ronopoly,1902
2026-10-09T06:05:56Z,129692563688057,10455741150,[HAUNTED] My Dino Life! 🦖,1900
2026-10-09T06:05:56Z,18799085098,6369934270,💀 Hide or OOF!,1898
2026-10-09T06:05:56Z,85094158141349,9237322219,[🐍] Jungle Life,1897
2026-10-09T06:05:56Z,13864661000,4807308814,Break In 2 (Story),1892
2026-10-09T06:05:56Z,122572082932179,10336278580,[💎] Sell Ores ⛏️,1889
2026-10-09T06:05:56Z,129932912185311,8946565814,[UPDATE 3.0 ⚓] Anime Origins,1880
2026-10-09T06:05:56Z,13755196581,4772345874,📸PhotoShoot Scenes,1874
2026-10-09T06:05:56Z,6447798030,2404080894,[LULLABY] Funky Friday,1868
2026-10-09T06:05:56Z,70390793715007,9663968307,Hooked! [TRAIT],1865
2026-10-09T06:05:56Z,9192423027,3448264866,Industrialist,1863
2026-10-09T06:05:56Z,14212732626,4917368083,✨ [FIXED DONATIONS] PLS WAIT 💸,1861
2026-10-09T06:05:56Z,71599043035739,9735583968,SCP MORPH,1858
2026-10-09T06:05:56Z,83569851223739,10057343903,+1 Speed Evolve 🦊,1846
2026-10-09T06:05:56Z,18700851435,6336741296,[FIRE FIGHTING] Flight World,1842
2026-10-09T06:05:56Z,76137189788863,7082423811,🌊 Raft Tycoon,1833
2026-10-09T06:05:56Z,136533956395153,9837325548,Car Flipper [+5 CARS],1832
2026-10-09T06:05:56Z,10704789056,3876150506,[NEW] Drive World,1831
2026-10-09T06:05:56Z,16446142514,5665943560,The Ground is LAVA 🔥,1826
2026-10-09T06:05:56Z,107653945083776,10298144467,Roll Anime to Fight!,1824
2026-10-09T06:05:56Z,3242417672,1171251167,Carros Rebaixados BR (Pre-Alpha),1823
2026-10-09T06:05:56Z,129279692364812,7623259179,Nullscape [DOOM IN BLOOM],1815
2026-10-09T06:05:56Z,11364087119,4044579438,[🚂] Cart Ride,1812
2026-10-09T06:05:56Z,100911362514791,9662130710,[🙂UPD] Phonk Slap 🎵,1810
2026-10-09T06:05:56Z,136404558442020,8836568224,[SEASON 3] Kayak and Surf 🌊,1809
2026-10-09T06:05:56Z,124338404742585,10232686472,Keep the Door Locked🔒,1806
2026-10-09T06:05:56Z,103050497819513,9758688665,Steal The Brainrot Base🧠,1802
2026-10-09T06:05:56Z,8304191830,3183403065,[🤹APRIL FOOL'S🤡] AA,1801
2026-10-09T06:05:56Z,15546218972,5365966699,MIC UP 🔊 18+,1796
2026-10-09T06:05:56Z,93467044568807,10753487407,🙈🙊🙉 BOMBANANA!,1791
2026-10-09T06:05:56Z,112781315318195,10195997258,[🦖] Pull a Lucky Fish,1791
2026-10-09T06:05:56Z,113099333239841,10524813259,"[ 🎃3.0 ] RE:Heads, Please! [RNG]",1786
2026-10-09T06:05:56Z,75663528075786,7450497506,HOW TO TRAIN YOUR DRAGON,1781
2026-10-09T06:05:56Z,109170952597926,10766349481,🌱 Cut all the Grass!,1781
2026-10-09T06:05:56Z,83376581471284,10724269636,Grow a Pet Fighter! 🐶⚔️,1780
2026-10-09T06:05:56Z,81703830622949,7911332924,[VC] Podcasts 🔊 18+,1771
2026-10-09T06:05:56Z,18512318831,6272727021,[🎉RELEASE🎉] Undertale Adventures X,1763
2026-10-09T06:05:56Z,70400654680508,7934320560,Five Nights TD 2 [EVOLUTIONS],1761
2026-10-09T06:05:56Z,119865329453489,7194739190,Skaters Of Hell,1756
2026-10-09T06:05:56Z,102054284786904,9912025777,Secure the Airport,1754
2026-10-09T06:05:56Z,121268060261990,9501701013,🚨Suspect,1751
2026-10-09T06:05:56Z,83948716312312,6451948378,[🎃]Tokyo Claw Machine,1748
2026-10-09T06:05:56Z,12262046571,4319996251,[The Clique] 💃TOD,1744
2026-10-09T06:05:56Z,654732683,274816972,Car Crushers 2 ⌛ Physics Simulation,1741
2026-10-09T06:05:56Z,114861592677288,6651302260,Destroy Grandma,1737
2026-10-09T06:05:56Z,111989938562194,7332711118,Brainrot Evolution,1735
2026-10-09T06:05:56Z,100641654440407,10761375938,Defend Your Treehouse!,1731
2026-10-09T06:05:56Z,131667667758514,6466802953,🚍Diesel n' Steel,1731
2026-10-09T06:05:56Z,3851622790,1318971886,Break In (Story),1725
2026-10-09T06:05:56Z,9096881148,3419284255,Peroxide [Update!],1725
2026-10-09T06:05:56Z,5496455308,1921509404,Tower FL,1721
2026-10-09T06:05:56Z,71600459831333,6726637224,Street Life Remastered 🔥,1721
2026-10-09T06:05:56Z,83325975879599,10204542673,MM2: PVP,1711
2026-10-09T06:05:56Z,13166293021,4595016786,Barbie DreamHouse Tycoon,1710
2026-10-09T06:05:56Z,71132543521245,8356066619,[🔵UPD 4.75💧] Anime Squadron,1706
2026-10-09T06:05:56Z,98242614091515,10764794065,📸 Hide from Camera or Die! 💀,1706
2026-10-09T06:05:56Z,126016859830524,10757504146,Steal A Brainrot Egg,1700
2026-10-09T06:05:56Z,15270182488,5265950669,Ultra Toilet Roleplay 2,1696
2026-10-09T06:05:56Z,9049840490,3405618667,Sonic Speed Simulator,1693
2026-10-09T06:05:56Z,18948446518,6417564879,Mr.Mix,1691
2026-10-09T06:05:56Z,15930174396,5508238359,The Dank Murderer X,1688
2026-10-09T06:05:56Z,14852797539,5117983607,[Upd 10 // part 1] Superbox siege defense,1686
2026-10-09T06:05:56Z,102053304052438,10677698797,DELTARUNE Fight [UPDATE],1685
2026-10-09T06:05:56Z,4646477729,1531130248,Tower Heroes [UPD] 🎃,1683
2026-10-09T06:05:56Z,101271234790940,9032167172,[🎃 NEW SZN] NBA Champions Basketball,1680
2026-10-09T06:05:56Z,108307565942574,10153098880,Heroes RNG 🏹,1671
2026-10-09T06:05:56Z,11862502039,4197966812,Seaside RP🏡🌴 City RP,1669
2026-10-09T06:05:56Z,6939111033,2655478023,Escape Papa Pizza's Pizzeria! (SCARY OBBY),1668
2026-10-09T06:05:56Z,277751860,110181652,Epic Minigames ✨,1659
2026-10-09T06:05:56Z,1554960397,605887098,Car Dealership Tycoon [🏠],1656
2026-10-09T06:05:56Z,76503495566299,10694549945,Steal a Chicken,1651
2026-10-09T06:05:56Z,140374914197602,7005891584,Speed Clicker ⚡,1649
2026-10-09T06:05:56Z,124729731716967,10575619152,🧈 Crazy Mukbang! 🧈,1647
2026-10-09T06:05:56Z,18214855317,6174994284,Savannah Life,1637
2026-10-09T06:05:56Z,86374876468143,9395278151,[💥]Troll Ragdoll Tower,1637
2026-10-09T06:05:56Z,8204899140,3150475059,Football Fusion 2,1635
2026-10-09T06:05:56Z,101009821472804,8613176669,Sprunki 3D RP! 🏡,1632
2026-10-09T06:05:56Z,103331563595376,10752833252,Gnomes! [Steal & Escape],1632
2026-10-09T06:05:56Z,112333343527957,10394064134,Highschool Experience RP,1632
2026-10-09T06:05:56Z,97248134864084,10765764482,[CHAPTER 2] Cut it Out!,1630
2026-10-09T06:05:56Z,125496078313264,10471583973,2 PLAYER Evolution Tycoon 🛸,1628
2026-10-09T06:05:56Z,82983707799188,9481391333,[⏳2 DAYS] WEAPON DUELS [Murderers vs Sheriffs],1626
2026-10-09T06:05:56Z,78353262320982,7882785167,Enfosi,1624
2026-10-09T06:05:56Z,132386075859319,10766004084,[CLANS] Escape the Cave,1624
2026-10-09T06:05:56Z,120841752776030,9948575164,[🎃] Merge Shop,1622
2026-10-09T06:05:56Z,17121846721,5866227438,Build with Friends,1621
2026-10-09T06:05:56Z,109694820409483,9830725726,[W27] Obby But You're on a Kart,1619
2026-10-09T06:05:56Z,7670825572,2979369058,Pummu Talladega,1618
2026-10-09T06:05:56Z,106251887264209,9774451882,Math Glass Bridge 🧠,1617
2026-10-09T06:05:56Z,9731376817,3608594708,✨Collect The Body,1614
2026-10-09T06:05:56Z,18984776765,6431828693,[♨️] NEOHEE HOT SPRING,1612
2026-10-09T06:05:56Z,139506321380888,10579389074,[UPD] ZOO or OOF 2💥,1609
2026-10-09T06:05:56Z,106683702021527,9449993534,Guess the Slapper,1606
2026-10-09T06:05:56Z,14835828495,5112244393,Dudes Battlegrounds,1605
2026-10-09T06:05:56Z,81549698024226,10297836599,Power Your City,1603
2026-10-09T06:05:56Z,84376037812256,10764888929,Climb for Eggs!,1600
2026-10-09T06:05:56Z,105904727825849,10598688389,Rat Lab 🧪 [TIERS],1598
2026-10-09T06:05:56Z,84332574190497,9998576154,+1 Wings for Brainrots,1593
2026-10-09T06:05:56Z,113604074601559,7812848099,🐝 Build A Beehive,1586
2026-10-09T06:05:56Z,106802314735486,10117986107,Would You Rather: MIX Outfit Tower! 🎲,1584
2026-10-09T06:05:56Z,6263431107,2305929206,[⚡] Imposters & Roles | Among us,1582
2026-10-09T06:05:56Z,72763503064951,10140010190,Would You Rather: Teamwork Outfit Tower!,1581
2026-10-09T06:05:56Z,76812848652979,10188144423,Just Tornadoes,1580
2026-10-09T06:05:56Z,111363135577981,10236023188,[☀️🌴UPDATE] ASMR Tower,1578
2026-10-09T06:05:56Z,12407250267,4365819446,Keys 🗝️,1574
2026-10-09T06:05:56Z,113323927469374,6688157118,Musical Chairs 🎵🪑,1573
2026-10-09T06:05:56Z,9404223526,3512256796,Miners World [Clans],1572
2026-10-09T06:05:56Z,101685456774656,6787216875,Hell Or Heaven,1571
2026-10-09T06:05:56Z,7180042682,2788648141,Military Tycoon ®,1563
2026-10-09T06:05:56Z,104761395312874,9382839773,[🐲Goku & Castorice🟣] Lineage Piece,1563
2026-10-09T06:05:56Z,135678396831347,10047813675,Build Playground!,1562
2026-10-09T06:05:56Z,115618367729321,9877481048,[SCYLLA + DUELS] TITAN BASH! (TESTING),1559
2026-10-09T06:05:56Z,8838701772,3346892457,SCP Monsters or Trevor Creatures,1558
2026-10-09T06:05:56Z,18259975825,6190071862,Grave/Digger,1547
2026-10-09T06:05:56Z,21532277,16680835,Notoriety: A PAYDAY® Experience,1545
2026-10-09T06:05:56Z,108767400143329,9320470390,[🌊] My WATERPARK,1544
2026-10-09T06:05:56Z,95094324354820,9142917248,[🏜] Fly Hide & Seek,1542
2026-10-09T06:05:56Z,5702593762,2017809925,"Climb 1,000 Stairs",1541
2026-10-09T06:05:56Z,86943068337855,10647949490,Drill Blocks for Dumpling Squishy,1540
2026-10-09T06:05:56Z,3457390032,1230230722,Club Roblox RP 💗 [👶 NEEDS],1529
2026-10-09T06:05:56Z,7336302630,2862098693,Project Delta,1529
2026-10-09T06:05:56Z,129305872972839,9272395657,[SPOOKY MONTH] Forsaken Combat Fighting,1527
2026-10-09T06:05:56Z,129902688314105,10766440903,Lift a Karen,1524
2026-10-09T06:05:56Z,3823781113,1312971993,🍂 Saber Simulator,1523
2026-10-09T06:05:56Z,98498619006328,10514223296,Flip a House! 🏠,1523
2026-10-09T06:05:56Z,13127800756,4582358979,Arm Wrestle Simulator,1522
2026-10-09T06:05:56Z,80000420704526,10418117926,🏪[8K+ MEGASTORE] Clean The Superstore!,1521
2026-10-09T06:05:56Z,113385977463481,10576739951,MM2 of The Locust [ORIGINAL],1520
2026-10-09T06:05:56Z,115286378269814,8014099969,Protect The House From Monsters,1520
2026-10-09T06:05:56Z,79475945127283,10387635049,[GARDEN🌱] Race Horses,1517
2026-10-09T06:05:56Z,128662368175518,6593476325,[SANDEVISTAN COUNTER] DUMMY COUNTER YOUR FRIENDS,1514
2026-10-09T06:05:56Z,9273658706,3472976893,Backrooms,1513
2026-10-09T06:05:56Z,104841616983113,6619936488,San Aurie,1505
2026-10-09T06:05:56Z,12090482034,4267277633,Escape Baby Bobby Daycare! (OBBY),1498
2026-10-09T06:05:56Z,13159565330,4592676978,eat stuf get fat,1498
2026-10-09T06:05:56Z,6153766069,2247578975,Escape The Carnival of Terror Obby!,1497
2026-10-09T06:05:56Z,71895508397153,7344582593,Die of Death,1495
2026-10-09T06:05:56Z,102871156420149,7935634976,The Lost Front,1495
2026-10-09T06:05:56Z,127377897541228,9627655329,[FREE SHINJI] Universal Showdown,1493
2026-10-09T06:05:56Z,88412811497379,9697502306,Slap Chips 🖐️,1491
2026-10-09T06:05:56Z,140322231839637,10765763629,ONE TAP PISTOLS,1483
2026-10-09T06:05:56Z,5244411056,1836146838,Bloxy Bingo,1482
2026-10-09T06:05:56Z,82539019711975,9776222468,Cluck or Hide!🐔,1478
2026-10-09T06:05:56Z,7241858214,2821905072,Build to Survive 🛠️ [TESTING],1477
2026-10-09T06:05:56Z,77747658251236,9186719164,[2X LUCK 🍀 + MASTERY ⚔️] Sailor Piece,1477
2026-10-09T06:05:56Z,118464614321108,10124421343,Biker Duo 🏍️ [2 Player Obby],1476
2026-10-09T06:05:56Z,9120716669,3426175130,Insane Elevator Testing,1469
2026-10-09T06:05:56Z,73768006371986,10274447949,+1 Wings Obby Escape,1467
2026-10-09T06:05:56Z,14458936637,4994161230,✨ PLS WAIT [DONATIONS] 💸,1463
2026-10-09T06:05:56Z,73578698401320,10399413858,Bid For Soccer Cards!,1460
2026-10-09T06:05:56Z,79226825467411,10765279487,Shuffle an Egg,1459
2026-10-09T06:05:56Z,120252007682677,10761375767,Surf And Rescue 🌊🛟,1456
2026-10-09T06:05:56Z,4282985734,1390601379,Combat Warriors,1455
2026-10-09T06:05:56Z,107377364123237,10091766471,Prison RP 🚨,1455
2026-10-09T06:05:56Z,102457672839885,10211159992,Keyboard Color Bridge,1453
2026-10-09T06:05:56Z,2551991523,911750776,Broken Bones IV,1450
2026-10-09T06:05:56Z,80898524797320,7628118889,Draw Me! 🎨,1445
2026-10-09T06:05:56Z,112226578490421,8080493298,A Grabpack Test [HUGGY WUGGY],1445
2026-10-09T06:05:56Z,129768092435314,8883775493,Build a Roller Coaster🎢,1444
2026-10-09T06:05:56Z,10912405603,3936365689,[DRAGONS!] Clover Retribution,1442
2026-10-09T06:05:56Z,16962279458,5822068820,KOYA DANCE,1431
2026-10-09T06:05:56Z,116070952245255,10604772590,[UPD] Build Base to Survive VERITY,1422
2026-10-09T06:05:56Z,136801880565837,8795154789,[FPS] Flick,1415
2026-10-09T06:05:56Z,139063887391814,10263732883,[UPD 2.0] TBOD^2 [Tycoon But One Dropper: SQUARED],1415
2026-10-09T06:05:56Z,120704669141193,9933939850,[V13] Blox Loot,1412
2026-10-09T06:05:56Z,13184713709,4599924264,Teamwork Puzzles (Obby),1411
2026-10-09T06:05:56Z,84256892855657,7747782974,Harbor East,1409
2026-10-09T06:05:56Z,90740816183375,10351850295,[🏆X3👟X111] 🥷 +1 Speed Ninja Keyboard Escape,1409
2026-10-09T06:05:56Z,117868278782684,7843413523,Supermarket Together,1404
2026-10-09T06:05:56Z,82712304391069,10404519332,🪓 Carve Wood! [Fall Update],1400
2026-10-09T06:05:56Z,12828227139,4491246195,War Machines,1398
2026-10-09T06:05:56Z,127078880769763,9711289915,🙂[LORD VERITY] Emotes Testing ✨,1397
2026-10-09T06:05:56Z,5670218884,1998835206,[🎂] item asylum,1395
2026-10-09T06:05:56Z,130960835358983,10405010493,Wash The House 🧼,1394
2026-10-09T06:05:56Z,7577961216,2943850166,(Testing) Squid Game X,1393
2026-10-09T06:05:56Z,2727067538,985731078,World // Zero ⚔️ Anime RPG,1392
2026-10-09T06:05:56Z,18192562963,6167925365,Vietnamese Community 🇻🇳,1392
2026-10-09T06:05:56Z,76558904092080,7671049560,The Forge [BETA],1390
2026-10-09T06:05:56Z,122702016864571,10501640692,Murder Infinite,1387
2026-10-09T06:05:56Z,18816315817,6375110339,[ BattleArmor ] ST : Blockade Battlefront,1386
2026-10-09T06:05:56Z,133203197541113,9815834699,[HALLOWEEN] MorphUp!,1383
2026-10-09T06:05:56Z,13473615074,4686994428,Boxywood 🏠🌴 RP,1381
2026-10-09T06:05:56Z,17664585395,6049736902,Spelling Race,1381
2026-10-09T06:05:56Z,138432670504218,10247797619,Survive 7 Days In Arctic [Alpha],1379
2026-10-09T06:05:56Z,104973076655377,8841437826,[🍁] Capybaras VS Plants,1378
2026-10-09T06:05:56Z,102917792916356,8546873728,Apocalyptic Titans Roleplay,1377
2026-10-09T06:05:56Z,14721282186,5074882778,construction (under construction),1375
2026-10-09T06:05:56Z,18803315158,6371309794,[UPD]💪Ninja Challenge [BETA],1374
2026-10-09T06:05:56Z,130565641176498,8828612659,Get Tall and Fall,1371
2026-10-09T06:05:56Z,132287558697665,6787644864,The Powder Box (All Ages),1371
2026-10-09T06:05:56Z,17255098561,5903289376,The Corner 🔊,1364
2026-10-09T06:05:56Z,124389216346675,7685678300,Control Europe,1362
2026-10-09T06:05:56Z,7367863399,2872881913,BAD CAT,1358
2026-10-09T06:05:56Z,122498324859761,10763714513,2 Player Ice Cream Tycoon 🍦,1358
2026-10-09T06:05:56Z,4588604953,1494262959,[⚙️] Criminality,1357
2026-10-09T06:05:56Z,4889315193,1668992109,Total Roblox Drama,1357
2026-10-09T06:05:56Z,5901440255,2113323331,Teddy,1357
2026-10-09T06:05:56Z,78131609782350,10680768992,Minecraft 1.20.6,1356
2026-10-09T06:05:56Z,12495498157,4391829435,FNAF: Co-op,1355
2026-10-09T06:05:56Z,118608618152057,10069043526,Keyboard Bridge Wars! 🧱,1355
2026-10-09T06:05:56Z,6299805723,2324662457,[☀️LUNAR VS SOLAR🌑] Anime Fighters,1351
2026-10-09T06:05:56Z,99108783264633,10253235584,Build a base RNG 🎲,1350
2026-10-09T06:05:56Z,96256228241730,8360491918,[🌱] Korea Army,1348
2026-10-09T06:05:56Z,111702513024754,10765951887,DUCTWORKS,1344
2026-10-09T06:05:56Z,140409475718339,9073513091,[HALLOWEEN!] Anime Apocalypse,1344
2026-10-09T06:05:56Z,80279663815725,6601115643,Prison Pump,1342
2026-10-09T06:05:56Z,102764584124249,10597001332,I Can Read Your Mind,1342
2026-10-09T06:05:56Z,7074772062,2729513759,Speed Draw!,1338
2026-10-09T06:05:56Z,75547400568620,9312646406,Land or Die! 🐙 [KRAKEN],1332
2026-10-09T06:05:56Z,100178831086674,9758027784,TimeBomb AnkleBreak!,1332
2026-10-09T06:05:56Z,104809044319701,10544327471,+1 Phonk Evolution,1330
2026-10-09T06:05:56Z,5571328985,1946714362,[🎉] Bloodlines,1328
2026-10-09T06:05:56Z,98679602313466,8669550197,[AURAS!] Muscle Transform Simulator 💪,1325
2026-10-09T06:05:56Z,15696848933,5422546686,[🍁] Horse Life,1323
2026-10-09T06:05:56Z,18180736634,6163884815,Team Stepmom Run! (TEAMWORK OBBY),1323
2026-10-09T06:05:56Z,2913303231,1053132402,Obby Creator,1322
2026-10-09T06:05:56Z,74511210941284,10397566868,[🧬MUTATIONS] PAINT OR DIE!,1319
2026-10-09T06:05:56Z,99122501338948,8238863102,Tower of Zombies 🧟,1315
2026-10-09T06:05:56Z,6020247720,2176187244,🪂 Ragdoll Physics [Skydiving],1313
2026-10-09T06:05:56Z,110806816173057,10171934713,[Upd12.3] +1 DMG Per Revive[💀],1312
2026-10-09T06:05:56Z,125306084071551,10393620082,Build an ASMR Tower,1309
2026-10-09T06:05:56Z,11848247239,4193032947,🧑‍💼🍣 Conveyor Sushi Restaurant,1307
2026-10-09T06:05:56Z,71647256260480,7917550094,Podiums VC 🔊,1306
2026-10-09T06:05:56Z,17450551531,5972059550,[UPD 4.5] Gym League,1305
2026-10-09T06:05:56Z,815405518,341654025,The Floor Is LAVA!🔥,1304
2026-10-09T06:05:56Z,5286116071,1851087906,[🐶DOGS] Hunting Season [BETA],1301
2026-10-09T06:05:56Z,16907212609,5806843156,"HELLO, NEIGHBOR [ACT 3]",1299
2026-10-09T06:05:56Z,96993839570687,10110316965,Would You Rather: Anime Abilities Tower,1298
2026-10-09T06:05:56Z,98936097545088,7738524573,Retro Tower Defense,1297
2026-10-09T06:05:56Z,129216769649527,10501944811,Beat the Anime Boss!,1293
2026-10-09T06:05:56Z,6161235818,2251388500,Twisted [BETA],1291
2026-10-09T06:05:56Z,17720162456,6069634717,Sorcerer Tower Defense [NAOYA],1291
2026-10-09T06:05:56Z,11392373641,4053293514,FNAF: Eternal Nights 🍕,1287
2026-10-09T06:05:56Z,110334393584385,10004760418,Roller for Brainrots!,1285
2026-10-09T06:05:56Z,81403703556465,10766420770,[🌱] Bahay Kubo Garden,1284
2026-10-09T06:05:56Z,16331682055,5633615594,[🎃] Poke Haven 🔊 18+,1282
2026-10-09T06:05:56Z,102574559184919,9155036056,Craft Food,1280
2026-10-09T06:05:56Z,135757618941587,9317784977,[🔥UPD] Knife Arena,1275
2026-10-09T06:05:56Z,86017989016432,7381952833,Cook Pizzas,1274
2026-10-09T06:05:56Z,10179538382,3734304510,South Bronx: The Trenches❗,1264
2026-10-09T06:05:56Z,13118814103,4579085368,[🧑‍🍳CLASSES] Generic Cooking Game [BETA],1264
2026-10-09T06:05:56Z,73908022013371,8925924444,Baboon Tag X,1262
2026-10-09T06:05:56Z,129253568870286,10060242820,Bonk & Block [5v5],1261
2026-10-09T06:05:56Z,76526090659517,10094225577,[UPD] The Cat Shelter 🐱,1259
2026-10-09T06:05:56Z,115035699922620,10405785379,[🐝] Build a Garden Tower,1256
2026-10-09T06:05:56Z,107833198839573,7283491781,[💎] Moo Moo Mystery 🐄,1252
2026-10-09T06:05:56Z,3891618314,1325411718,⚓ Harbor Havoc,1249
2026-10-09T06:05:56Z,122802147482832,8776018564,24 Hours Overnight,1249
2026-10-09T06:05:56Z,14044547200,4864117649,untitled tag game,1248
2026-10-09T06:05:56Z,18376355901,6229706789,Kurdish Obby ☀️ [Official],1248
2026-10-09T06:05:56Z,292628125,571251690,🎃 Keystone,1246
2026-10-09T06:05:56Z,111835260646713,8881302585,🩸Generic Blood Ragdoll Fighting,1246
2026-10-09T06:05:56Z,14833592591,5111507958,Disaster Island 🏝️ Survival,1244
2026-10-09T06:05:56Z,105555311806207,8066283370,[🎁]Build a Zoo🥚,1244
2026-10-09T06:05:56Z,15694891095,5421899973,[CLANS] Combat Arena,1240
2026-10-09T06:05:56Z,103883942725157,10561352230,[⌛] +1 Drain Water Per Click,1240
2026-10-09T06:05:56Z,71174733280934,8322865535,Palmhaven City Life RP🏡,1236
2026-10-09T06:05:56Z,9099326192,3420059569,GREAT SCHOOL BREAKOUT! (First Person Obby),1233
2026-10-09T06:05:56Z,104485012391716,10441199872,Find and Mark!,1233
2026-10-09T06:05:56Z,6520999642,2443177453,[New Features] Basically FNF: Remix,1229
2026-10-09T06:05:56Z,112838150455902,9162763535,Encounters SMASH Battles 🎃.2,1229
2026-10-09T06:05:56Z,2166944189,757291724,🚒 Firefighters!,1227
2026-10-09T06:05:56Z,205224386,93740418,Hide and Seek Extreme,1217
2026-10-09T06:05:56Z,1588965415,616165168,🚌 Sunshine Islands Bus Simulator [NEW],1216
2026-10-09T06:05:56Z,95721658376580,7414497778,[MTC] Multicrew Tank Combat,1216
2026-10-09T06:05:56Z,140477643689375,9732080947,Rusty Rafts,1216
2026-10-09T06:05:56Z,15598056478,5385674359,BEAT BOUNCE 🎶 (GEOMETRY DASH),1213
2026-10-09T06:05:56Z,120217704230083,8937254139,Dungeon Hunters [UPD],1209
2026-10-09T06:05:56Z,100034344773758,10103595714,[UPD🩸] Generic Blood Sandbox Shooter🩸,1199
2026-10-09T06:05:56Z,123581964009368,8723526551,Build and Crush,1199
2026-10-09T06:05:56Z,90913221847091,6505338302,🏈Football Legends🏈,1194
2026-10-09T06:05:56Z,4972273297,1709917610,Regretevator [ ELEVATOR SIMULATOR ],1187
2026-10-09T06:05:56Z,109658217029877,10764300350,[BETA] Football WORLD Manager '27 [FIX!],1183
2026-10-09T06:05:56Z,126424052816775,10481791182,NBA: Heroes 🏀,1183
2026-10-09T06:05:56Z,71099982892966,10130749197,Would You Rather: Celebrity Tower,1181
2026-10-09T06:05:56Z,106078822951099,6818915584,🎠 Mingle Carousel [SQUID GAME 2],1181
2026-10-09T06:05:56Z,17045823120,5844427042,Sierra Mexico🔥,1180
2026-10-09T06:05:56Z,109530157755211,10759860151,Lift a Cube,1180
2026-10-09T06:05:56Z,74968636725538,10759415852,[HALLOWEEN 🎃] Kick an Uma,1179
2026-10-09T06:05:56Z,88933961678687,9485131494,[⚡] Hyper Speed Runner,1177
2026-10-09T06:05:56Z,72712036210947,7673659635,Fix It Up!,1173
2026-10-09T06:05:56Z,124032631078772,10541331578,[🦉DARK FOREST] Poly Loot⚔️,1169
2026-10-09T06:05:56Z,14279693118,4938220315,[AURORA] Skibi Defense,1168
2026-10-09T06:05:56Z,99758842280353,7073604286,Dog Walk 🐶 [2 Player Obby],1168
2026-10-09T06:05:56Z,131103239963274,10255788071,Cowboy DUELS,1167
2026-10-09T06:05:56Z,5118969548,1776914212,Spider,1166
2026-10-09T06:05:56Z,126541933894893,9960184903,[🏗️] Build Everything!,1166
2026-10-09T06:05:56Z,18153851914,6154386310,[MURDERER] Classic Arena,1165
2026-10-09T06:05:56Z,119455737640001,9774284077,Logo Color Bridge,1165
2026-10-09T06:05:56Z,135535794227264,8965717730,100 Players Lava Escape 🔥,1163
2026-10-09T06:05:56Z,14567590300,5026970880,🎃 BATHE DA BABY [S14],1159
2026-10-09T06:05:56Z,71394819414417,8724785394,[LIMITED 🏎️] Mega Mansion 2🌴,1158
2026-10-09T06:05:56Z,106484206883664,9656201728,[ 🐺 STARRK] Dungeon Lootr,1151
2026-10-09T06:05:56Z,81223687051453,9150731899,PRISON RP,1149
2026-10-09T06:05:56Z,98303142742576,7874651625,Makeup Store Simulator,1148
2026-10-09T06:05:56Z,7871169780,3047037061,bLockerman's Minesweeper,1145
2026-10-09T06:05:56Z,131068932321596,8472682462,[🔥Brainrot BOSS🤢]Hold the Last Line!🔫🧟‍♂️🧟‍♀️,1144
2026-10-09T06:05:56Z,126096010539917,10391036163,Anomaly Detected,1141
2026-10-09T06:05:56Z,6104994594,2220495353,Pilfering Pirates,1133
2026-10-09T06:05:56Z,133756580238784,10748586525,Mini City Wars,1129
2026-10-09T06:05:56Z,17457986005,5974860429,[ENDLESS] The Noob Experiment Battlefront,1128
2026-10-09T06:05:56Z,80038274908161,9514625031,Fling Playground,1127
2026-10-09T06:05:56Z,14772802900,5091490171,[🎥REPLAY] Jailbird,1126
2026-10-09T06:05:56Z,3631820248,1271059807,[🎉6th Anniversary!] Stevos Gem Eras Roleplay,1124
2026-10-09T06:05:56Z,3016661674,1087859240,[🎃] Rogue Lineage,1123
2026-10-09T06:05:56Z,112233638491976,10454554751,[🎃] Unbox ASMR!,1123
2026-10-09T06:05:56Z,15784744207,5456952508,Valley Prison,1122
2026-10-09T06:05:56Z,110570058234582,6690355795,[🎃] 18+ Meet People Across The World 🔊,1114
2026-10-09T06:05:56Z,124293095895786,10628907188,Stream A Cheese Pull!,1113
2026-10-09T06:05:56Z,138363592957250,10529067596,⛳ Hit a Golf Ball,1111
2026-10-09T06:05:56Z,71647048889071,10020287053,Convenience Store in Korea ASMR,1108
2026-10-09T06:05:56Z,111894976456494,7450124099,Anime Life,1108
2026-10-09T06:05:56Z,122216176958450,10764328008,Steal A Seed!,1107
2026-10-09T06:05:56Z,122720857080780,6786784563,[🎃HALLOWEEN + LIMITEDS] Corsa Legends [ALPHA],1105
2026-10-09T06:05:56Z,94495283121683,9257800423,STAY INSIDE! 🤫 [GOTHIC ITEMS🛋️],1104
2026-10-09T06:05:56Z,139995416758538,10149910491,BUILD AND HIDE TO SURVIVE,1103
2026-10-09T06:05:56Z,138801629175656,10765361336,[10.05] Super Zombie Siege Defense,1102
2026-10-09T06:05:56Z,9791603388,3624423521,Underground War 2.0 ⚔️ [NUKE],1101
2026-10-09T06:05:56Z,88951201927122,9198323655,Gear Troll Slap Tower 💥,1101
2026-10-09T06:05:56Z,96775630583143,8237105425,A Broken Dream,1100
2026-10-09T06:05:56Z,94702395375549,9671940985,Run For Brainrots!,1099
2026-10-09T06:05:56Z,96425088123775,10552540426,[UPD] My Toll Farm!,1093
2026-10-09T06:05:56Z,132586479415502,7364297396,Webbed! ❄️ [2 Player Obby],1093
2026-10-09T06:05:56Z,89100823864844,8497987845,[💜 JOJO'S] Anime Girl RNG,1092
2026-10-09T06:05:56Z,17188326828,5885971085,[COMING SOON] Age of Titans,1089
2026-10-09T06:05:56Z,130253630950453,10092619788,[DUNGEON] Anime Card Battle: Rebirth,1087
2026-10-09T06:05:56Z,2968914904,1072353049,[Halloween] Forgotten Worlds,1080
2026-10-09T06:05:56Z,6128441278,2233937689,[🛠️] Water Physics [SHIP BUILDER],1079
2026-10-09T06:05:56Z,88910662712492,10765332568,Roller for Animals!,1078
2026-10-09T06:05:56Z,4480809144,1430007363,Granny: Multiplayer,1077
2026-10-09T06:05:56Z,94590879393563,7115773109,Weird Gun Game [UPDATE!],1077
2026-10-09T06:05:56Z,134707983960541,9029936173,[✨ALTER EGO] Emote Testing Tower 💃,1076
2026-10-09T06:05:56Z,102518817130593,10764891927,⚔️1.8 PVP Club,1074
2026-10-09T06:05:56Z,103874780798870,7738927312,[☢️] Build a Bunker!,1074
2026-10-09T06:05:56Z,12338455185,4343544885,Tropical Resort Tycoon 2 🌴,1072
2026-10-09T06:05:56Z,127458871780090,9104763985,🌳Build To Climb!,1069
2026-10-09T06:05:56Z,5171093784,1802622907,☄️Don't Press The Button 4,1067
2026-10-09T06:05:56Z,74193805629461,10178802449,+1 Mine Per Click ⛏️,1061
2026-10-09T06:05:56Z,134807373415131,10108046010,🐮 My Moo Farm,1060
2026-10-09T06:05:56Z,8571687919,3267012194,LOCOfficial!,1056
2026-10-09T06:05:56Z,12997619803,4543855070,Clone Kingdom Tycoon ⚔️,1056
2026-10-09T06:05:56Z,75250668697932,10765061113,Be an Egg,1056
2026-10-09T06:05:56Z,4954096313,1701332290,Field Trip Z,1054
2026-10-09T06:05:56Z,124473577469410,9787206684,Be a Lucky Block,1052
2026-10-09T06:05:56Z,104526416639079,10765078176,Verity's Game,1050
2026-10-09T06:05:56Z,13955927965,4836254499,Blood Zone 🎃,1049
2026-10-09T06:05:56Z,15288629078,5272606478,[UPDATE🚗] Highway Legends,1042
2026-10-09T06:05:56Z,118582391303761,8570876289,UNTITLED RPG GAME,1037
2026-10-09T06:05:56Z,74581423482101,10391461348,[UP] Keyboard Slide +1 Speed,1034
2026-10-09T06:05:56Z,8260276694,3168615253,[UPDATE] Ability Wars,1033
2026-10-09T06:05:56Z,90184287580174,10112019404,KILLSTREAK,1029
2026-10-09T06:05:56Z,5041144419,1742264997,SCP: Roleplay,1027
2026-10-09T06:05:56Z,99487541293863,10682099418,[X10]❄️ +1 Speed Snow Keyboard Escape,1027
2026-10-09T06:05:56Z,97042065873644,9843234816,[EARLY HALLOWEEN] Appleton's Grabpack System,1026
2026-10-09T06:05:56Z,108439047160668,6599600818,[BAUMUSH🍄] Isles of Ravos,1026
2026-10-09T06:05:56Z,85056532479796,8181391950,[UPD] Neo Tennis,1025
2026-10-09T06:05:56Z,81239378558719,7823137182,Hide the body,1021
2026-10-09T06:05:56Z,11694307960,4142544848,Salon de Fiestas 2,1019
2026-10-09T06:05:56Z,4830581890,1637284552,Fear Elevator 😱,1016
2026-10-09T06:05:56Z,5777099015,2049551477,Cheese Escape [Horror],1016
2026-10-09T06:05:56Z,5865858426,2092410051,Retail Tycoon 2,1014
2026-10-09T06:05:56Z,1128650291,465016798,Zoo Tycoon 🐣,1013
2026-10-09T06:05:56Z,5130598377,1782832995,A Universal Time,1010
2026-10-09T06:05:56Z,140424985545402,10061124506,Drive A Bus,1010
2026-10-09T06:05:56Z,125503525638054,7970033072,The Veil,1009
2026-10-09T06:05:56Z,106490710325921,9620363363,[ UPD ] Aman Kok Laser,1003
2026-10-09T06:05:56Z,129972079094718,10507075860,TNT to Earth's Core! [Rebirths!],1001
2026-10-09T06:05:56Z,18334179599,6215464786,Chained [2 Player Obby],1000
2026-10-09T06:05:56Z,15111895255,5207621753,[⭐EP81] Skibidi Masters Tower Defense,996
2026-10-09T06:05:56Z,125810438250765,8950496606,Deadly Delivery,995
2026-10-09T06:05:56Z,128039018996175,7208219743,The Walking Dead Online,995
2026-10-09T06:05:56Z,129096378231329,10588977897,Build and Defend Your Raft,993
2026-10-09T06:05:56Z,4850533156,1648467492,Bendy scripts,988
2026-10-09T06:05:56Z,12397515839,4362587875,Silly Simon Says,988
2026-10-09T06:05:56Z,18959440414,6421358579,ART. 244 [🛠️ HUGE FIXES],984
2026-10-09T06:05:56Z,103754275310547,7750955984,[Parasol!] Hunty Zombie,979
2026-10-09T06:05:56Z,133188236593503,10506207587,[LIMITED] Magic Loot,971
2026-10-09T06:05:56Z,97270827479665,10742019356,[UPD]💥Blow Up The City,970
2026-10-09T06:05:56Z,11276071411,4019583467,NPC or DIE! 💢,969
2026-10-09T06:05:56Z,16115051360,5568657754,Gun and Armor Testing,969
2026-10-09T06:05:56Z,96462622512177,6657933195,Supermarket Simulator,969
2026-10-09T06:05:56Z,263761432,107172930,Horrific Housing,968
2026-10-09T06:05:56Z,131117978948830,7155018773,[Testing] DMvsS,967
2026-10-09T06:05:56Z,126922689754590,7521520342,🔊Quiet or Die!,965
2026-10-09T06:05:56Z,4832438542,1638323641,VR Hands v3.2 🎙️,964
2026-10-09T06:05:56Z,17371491481,5944821008,🚨 Birmingham Vehicle Simulator,962
2026-10-09T06:05:56Z,8003084678,3088609243,oMega Obby 🌟 727 Stages!,960
2026-10-09T06:05:56Z,4448566543,1415710834,[🎃] Banana Eats,959
2026-10-09T06:05:56Z,104812936457083,9900286623,[☀️]Hold the Door: Zombie Defense,959
2026-10-09T06:05:56Z,101304595834078,10418224975,+1 TNT Mining,958
2026-10-09T06:05:56Z,139360679647453,7128163167,Lori's Nightmare,957
2026-10-09T06:05:56Z,82531308645115,10766399546,Plunder,954
2026-10-09T06:05:56Z,127099886596040,6579282112,Kite Combat 🪁,952
2026-10-09T06:05:56Z,13827198708,4795326392,[EVENT] Pull a Sword,951
2026-10-09T06:05:56Z,2778230703,1003981402,Reminiscence Zombies,947
2026-10-09T06:05:56Z,134750648450964,10020612607,[💪🏻]+1 Muscle to Arm Wrestle,947
2026-10-09T06:05:56Z,13796645198,4785982047,FLASHPOINT⚡,945
2026-10-09T06:05:56Z,121297490325652,10175155684,[YARARARA] Mrouse's Animations,942
2026-10-09T06:05:56Z,13042495892,4557322431,[QT: REWIRED] Project: Afternight,941
2026-10-09T06:05:56Z,100453351939863,9169166771,Tiny Universe RP [GRIMPSYCHO💀!],941
2026-10-09T06:05:56Z,119031147890918,10272975313,Dino Hunters[UPD],941
2026-10-09T06:05:56Z,112626674737178,9364041968,[RIMS!] Car Sales 2 🏎️,940
2026-10-09T06:05:56Z,79267089300389,10253446435,[🪓] My Wood Farm,938
2026-10-09T06:05:56Z,110527353762049,10495391267,Roblox Stock Exchange 2,938
2026-10-09T06:05:56Z,127634932179327,10383973024,Kick Ball to Space ⚽,938
2026-10-09T06:05:56Z,128793328541327,10259258713,Find The Squishies [121🔎],935
2026-10-09T06:05:56Z,75127349412719,10101367087,［🍣］Suship,933
2026-10-09T06:05:56Z,71315343,98929893,[PARASITE 🌀] Dragon Ball Rage,932
2026-10-09T06:05:56Z,6377740507,2366560560,[Stickers] Miraculous™ RP: Ladybug & Cat Noir,930
2026-10-09T06:05:56Z,4566572536,1480782352,Vehicle Legends 🏎️ Cars!,929
2026-10-09T06:05:56Z,72216345408467,10504837200,🎭Roll An Army!,929
2026-10-09T06:05:56Z,121461214257813,9655781693,Be an SCP or Guard [SCP-682],928
2026-10-09T06:05:56Z,119524908037342,9316885643,[RitesUPD] Scary Meatball Stall 🍜 Bakso Anomalies,927
2026-10-09T06:05:56Z,130700367963690,6858584271,[🔥] Philly Streetz 2,926
2026-10-09T06:05:56Z,373513488,140733710,FNAF RP - TPRR [🐻FB3 HUMANS📺],920
2026-10-09T06:05:56Z,103589142326933,7069852763,[JDM PART 2] Car Crash Simulator V3,920
2026-10-09T06:05:56Z,99817148924004,7498898979,[🎃] Burgerz🍔,919
2026-10-09T06:05:56Z,10959918411,3951147015,Studio Lite,917
2026-10-09T06:05:56Z,71774876641249,10446291786,Chat [💬🔊] rp ragdoll,917
2026-10-09T06:05:56Z,127152805777886,7114667385,Animal Topia 🏠 RP,916
2026-10-09T06:05:56Z,17844293708,6113928308,🔑Project: Escape Room [MULTIPLAYER],914
2026-10-09T06:05:56Z,88323040672117,7528417535,Divaz 💄,914
2026-10-09T06:05:56Z,127415661078736,9539483725,Become Hungry Worm,911
2026-10-09T06:05:56Z,18649596490,6318887244,[RELAPSE] Are you lonely?,910
2026-10-09T06:05:56Z,109881277752094,10226701629,Clean The Library 📖,908
2026-10-09T06:05:56Z,121439935748881,7735580090,The Core of Wallhop Tower,906
2026-10-09T06:05:56Z,85011874799856,6487579144,Ohio Tools,904
2026-10-09T06:05:56Z,6270290407,2309918273,[⚡ SHUNKO] VV: ULTIMATUM,903
2026-10-09T06:05:56Z,94539932414164,8618660961,(🍂FALL + 🛠️ CAR MODS!) Mojave Valley (Alpha),900
2026-10-09T06:05:56Z,89035794510548,10438013523,🕹️ Endless GAMES [NO ADS],899
2026-10-09T06:05:56Z,134091628988403,9940944640,[RNG] Steal a Peru,895
2026-10-09T06:05:56Z,6717367660,2538086639,Happy Land 🏡RP,892
2026-10-09T06:05:56Z,11729688377,4154513353,Booga Booga [DAILY🎁],891
2026-10-09T06:05:56Z,71376979720403,10456881513,Think Twice,888
2026-10-09T06:05:56Z,97438379434717,9701909402,[🎃] Afraid Monkeys,883
2026-10-09T06:05:56Z,106287315699545,9781580133,Realistic Tree Cutting V6.8,882
2026-10-09T06:05:56Z,72317248326994,9294646427,Bobsled Ride Down a Mountainside,876
2026-10-09T06:05:56Z,221718525,97314177,[UPDATE💪] Ninja Tycoon (v4.8),874
2026-10-09T06:05:56Z,6445435958,2402796421,A tower that can't be broken,874
2026-10-09T06:05:56Z,17662297954,6048923315,[🌀Sky Manipulation] KAIZEN,872
2026-10-09T06:05:56Z,92171645661524,6491900489,Carry an Egg [2 Player Obby],869
2026-10-09T06:05:56Z,134619004688066,8659262047,Dangerous ATV Driving,869
2026-10-09T06:05:56Z,106131416903029,9156711629,[🍓] Cook & Sell! [ALPHA],867
2026-10-09T06:05:56Z,107792622719098,6940206974,SnugLife RP 🏡,867
2026-10-09T06:05:56Z,138949299666923,10669713140,Build a Dino Defense 🦖,867
2026-10-09T06:05:56Z,93265851514769,10139325104,Wall Hop Slap Meter,863
2026-10-09T06:05:56Z,84568117169118,10309128556,HELLHOLE [🧟‍♂️],862
2026-10-09T06:05:56Z,73101851322368,6937137675,Calla City 🏡 RP [Kids! 👶🏻],860
2026-10-09T06:05:56Z,92700582787930,10286150288,MEGA RAMP FOR SLIME,860
2026-10-09T06:05:56Z,78177131121429,10156435104,Drill Blocks for Brainrots,859
2026-10-09T06:05:56Z,129163919591388,7212930772,Train to Fight,857
2026-10-09T06:05:56Z,112641748896693,10249209189,Missiles vs Cities,854
2026-10-09T06:05:56Z,10272636261,3759884822,Infinite Tower Tycoon,852
2026-10-09T06:05:56Z,79315121100812,10231871497,Make a Drill Farm,851
2026-10-09T06:05:56Z,99715891575923,9961389755,[🤑EARN] Pop For Free,849
2026-10-09T06:05:56Z,10290376430,3764631130,An Infinite Highway,848
2026-10-09T06:05:56Z,15135285305,5216419122,GEF,846
2026-10-09T06:05:56Z,78839079957645,8450472355,Trolls can't break this tower,846
2026-10-09T06:05:56Z,174238106,83148140,✈RED VS BLUE PLANE WARS!,845
2026-10-09T06:05:56Z,138381251771774,10267363348,🪣Drain The Lake,845
2026-10-09T06:05:56Z,16141898262,5576955991,[🗺️] Sail and Sink Simulator! UPDATE,844
2026-10-09T06:05:56Z,18519254033,6275120808,[ALCHEMIST RELEASE] Jump Showdown,844
2026-10-09T06:05:56Z,108227239615000,9942734820,[DATA FIX🛠] Baseplate Drifting,844
2026-10-09T06:05:56Z,80607040330429,7877723741,Dash World [PLATFORMER],842
2026-10-09T06:05:56Z,77187847593796,9796643263,Avatar Maker,841
2026-10-09T06:05:56Z,120944686522212,10480747190,[⏰5 MINUTES] Verity [REALISTIC],841
2026-10-09T06:05:56Z,71457452830106,9522015993,bote ried,838
2026-10-09T06:05:56Z,15113223607,5208051158,Mech Showdown (Beta),834
2026-10-09T06:05:56Z,18680867089,6329693946,Ultimate Mining Tycoon,831
2026-10-09T06:05:56Z,135687112224956,10737256446,Hug or Pass [TOWER],830
2026-10-09T06:05:56Z,128776499486135,10765579304,[ALPHA] Fleet Empire,828
2026-10-09T06:05:56Z,3398014311,1214576306,Restaurant Tycoon 2,825
2026-10-09T06:05:56Z,8328351891,3191268194,Mega Mansion Tycoon 🌴🛥️,824
2026-10-09T06:05:56Z,17600423422,6026405541,🍁 10 Player Flee,820
2026-10-09T06:05:56Z,11928087342,4221956550,The Butchery,817
2026-10-09T06:05:56Z,85070260180613,9812090239,Defend Your Base From Scary Worm,817
2026-10-09T06:05:56Z,138182400257397,8041232013,[🎨] Draw A Friend,817
2026-10-09T06:05:56Z,18645473062,6317476162,[🐉Pets][V67]Cultivation: Mortal to Immortal,815
2026-10-09T06:05:56Z,16039690331,5544551093,Secret Killer,812
2026-10-09T06:05:56Z,124311897657957,9344307274,⛏️ Break a Lucky Block!,812
2026-10-09T06:05:56Z,100400297022629,6736482454,[🏆New Rank] Duel Warriors,811
2026-10-09T06:05:56Z,119609933650338,10350558449,[⏰ Event] Dog Race 🐕💨,811
2026-10-09T06:05:56Z,86368783421928,9793308933,Fall For Brainrots! 🪂,807
2026-10-09T06:05:56Z,94846670791126,10761143648,Steal all Cars,806
2026-10-09T06:05:56Z,127103413498148,10583634958,[🇬🇷] Collect The Alphabet,806
2026-10-09T06:05:56Z,31490825,21449357,Warfare Tycoon [NEW JET],802
2026-10-09T06:05:56Z,105633123928294,9953328866,[⭐️] Inside Brainrot Heads,802
2026-10-09T06:05:56Z,97777561575736,7662333120,🚣‍♂️Kayak Racing [Summer],800
2026-10-09T06:05:56Z,105452889569708,10370802481,[UPDATE] Beatball,800
2026-10-09T06:05:56Z,84156601481934,10469426282,[🍃Upd 9] 🔩 Resource Incremental,798
2026-10-09T06:05:56Z,6918802270,2644656496,Haze Seas,797
2026-10-09T06:05:56Z,18138682962,6149186864,Freeze for UGC 🧊,797
2026-10-09T06:05:56Z,140302982046391,10421154706,Be The Final Boss [UPDATE],796
2026-10-09T06:05:56Z,113581963143008,7760134732,Build To Survive DISASTERS! 🌊,795
2026-10-09T06:05:56Z,130342654546662,9546331833,[LEVEL!] Sambung Kata 💬,795
2026-10-09T06:05:56Z,11653088948,4130569984,[SUCHO] Jurassic Blocky,794
2026-10-09T06:05:56Z,90038414385014,10458789587,[🏰] Build a House,794
2026-10-09T06:05:56Z,8715472568,3311164447,[🛍️CATALOG] Jenna's Elevator!,791
2026-10-09T06:05:56Z,101610294550592,9585346472,Night At The Infirmary (Anomaly),790
2026-10-09T06:05:56Z,74341114342499,10700505394,[🌟 Update] +1 Long Arm Toy Escape!,789
2026-10-09T06:05:56Z,2569453732,918677693,Rise of Nations,783
2026-10-09T06:05:56Z,11727501024,4153755477,[🎃] Create a Cart Ride!,781
2026-10-09T06:05:56Z,18537079992,6280758286,Армия Роблокса РП,781
2026-10-09T06:05:56Z,10110568567,3715101004,kill npcs or something,779
2026-10-09T06:05:56Z,70527259428459,9583356773,[☀️] Blocky!,772
2026-10-09T06:05:56Z,73778935267652,10767357183,Escape Tsunami For Eggs,772
2026-10-09T06:05:56Z,10450270085,3808223175,[⚖️JUDGEMAN] Jujutsu Infinite,770
2026-10-09T06:05:56Z,109170650911069,8641602265,[UPD] Drift 36,769
2026-10-09T06:05:56Z,111442376436641,9950410865,Fast Fredbear [DESTRUCTIVE],769
2026-10-09T06:05:56Z,87046419551816,10546705891,[BIG UPDATE!] Bumpy Flight 🛫,767
2026-10-09T06:05:56Z,120766736586332,10098095975,[💪] +1 Strength Per Click,766
2026-10-09T06:05:56Z,4796443083,1617287243,Daycare 2 🎈 (Story),764
2026-10-09T06:05:56Z,110954432401277,10761200080,Needle In A Haystack,764
2026-10-09T06:05:56Z,1343871267,540382210,[UPDATE!!!] FMR,763
2026-10-09T06:05:56Z,121443295737695,10765629453,Sail For Eggs,760
2026-10-09T06:05:56Z,103593441753340,6495484417,[200] Find The Button! 🔴,759
2026-10-09T06:05:56Z,137533474840546,10061909806,Sneak Out! 🤫,758
2026-10-09T06:05:56Z,132823656935976,10335507006,[🥚] Shoot for Brainrot 🎯,757
2026-10-09T06:05:56Z,112490729816320,9272693470,[🏢] Spin a Soccer Card ⚽,756
2026-10-09T06:05:56Z,89490838554710,9765324104,🏍️ Wheelie District,752
2026-10-09T06:05:56Z,2772610559,1001911915,Farming and Friends,750
2026-10-09T06:05:56Z,86779099589017,10766009412,ANMU 🪔 [HORROR],749
2026-10-09T06:05:56Z,120140631282295,10406956174,[UPD] DON'T GET CAUGHT CHEATING! 👁️,749
2026-10-09T06:05:56Z,12077443856,4263576532,Cali Shootout 💥,747
2026-10-09T06:05:56Z,16518256559,5688684783,Mega Obby Fun,746
2026-10-09T06:05:56Z,14449145868,4991126644,Bewitched,745
2026-10-09T06:05:56Z,94987506187454,7265339759,[🗡️ BALLISTIC KNIFE] REDLINER,745
2026-10-09T06:05:56Z,13587601484,4720386144,Ophelia [HORROR],743
2026-10-09T06:05:56Z,79797693256658,9694335093,BlackHole Rush! [👼&😈 UPD],741
2026-10-09T06:05:56Z,129907317028750,8246907060,Be Dino 🦖 - Jurassic Dinosaur Simulation,741
2026-10-09T06:05:56Z,6608498361,2491559356,Cursed Tank Simulator【HOLD THE LINE】,740
2026-10-09T06:05:56Z,139874182509202,10335105369,a crazy shooting experience,740
2026-10-09T06:05:56Z,123213873176964,6710993025,DarkMan Vs Craft Vs Brainrot,739
2026-10-09T06:05:56Z,14038329225,4862269388,Archived,738
2026-10-09T06:05:56Z,5976159288,2153167977,Formula Apex Racing,736
2026-10-09T06:05:56Z,70990751935174,10113997049,[UPD] Violent Party!,734
2026-10-09T06:05:56Z,83388257263676,10551923502,[Enchant]+1 High Jump Power Escape,734
2026-10-09T06:05:56Z,7199663966,2799421838,Durian Village 🌳 Malaysia RP,733
2026-10-09T06:05:56Z,89180039807836,10377327838,[😎] TROLL Hug Tower,732
2026-10-09T06:05:56Z,94503612388426,6935083490,Be Fish,730
2026-10-09T06:05:56Z,133719960214587,8374113155,STEAL COOKIES🍪,725
2026-10-09T06:05:56Z,5708035517,2020908522,[🎃] Mega Hide and Seek!,724
2026-10-09T06:05:56Z,111262527555232,10616474341,Huss Rooms | [Locust],724
2026-10-09T06:05:56Z,73684979946677,10010371086,🌌Invincible Edit Test,721
2026-10-09T06:05:56Z,10075248947,3704826615,Average Day In America (YARD DEALER),719
2026-10-09T06:05:56Z,135729108619936,8881105040,[🧸] Build A Pet Factory,719
2026-10-09T06:05:56Z,4522347649,1452258989,[FREE ADMIN],716
2026-10-09T06:05:56Z,7253149844,2827951974,SCP Games and SCP Monsters,716
2026-10-09T06:05:56Z,75753413268977,10181483914,[Wild Psychic] KJ Test,716
2026-10-09T06:05:56Z,124740268654741,10061100187,Country War RTS,716
2026-10-09T06:05:56Z,14237585680,4925010421,Interliminality (ALPHA 1.3.6),714
2026-10-09T06:05:56Z,3261957210,1177208440,Infinity Gauntlet | Thanos Simulator,713
2026-10-09T06:05:56Z,104808235862933,10182049622,step carefully,710
2026-10-09T06:05:56Z,12640491155,4434528807,[🍂] Bayside High School 🍎,708
2026-10-09T06:05:56Z,14026026722,4858558391,Terminal [Escape Room],708
2026-10-09T06:05:56Z,99269206016797,9550141430,TNT Playground!,707
2026-10-09T06:05:56Z,140462309938712,10526434002,+1 Wall Hop Obby Escape,707
2026-10-09T06:05:56Z,104339804279870,10406853972,Break Tape For Brainrots,705
2026-10-09T06:05:56Z,132046904416072,9660713566,[UPD] +1 Speed Motorcycle Tsunami Escape,704
2026-10-09T06:05:56Z,10660791703,3864279452,cart ride around nothing,702
2026-10-09T06:05:56Z,104856666707760,9705384247,Killstreak Battle Royale,702
2026-10-09T06:05:56Z,9414511685,3515267380,Drive Cars Down A Hill!,701
2026-10-09T06:05:56Z,112816993332059,7141367886,Feed Maltigi,701
2026-10-09T06:05:56Z,8286149869,3177453609,therapy 🔊,700
2026-10-09T06:05:56Z,10846691679,3916548970,Fireworks Playground,694
2026-10-09T06:05:56Z,6915976310,2643072291,Frigid Dusk,692
2026-10-09T06:05:56Z,72212564918217,7907828295,Steal A Fish,691
2026-10-09T06:05:56Z,90367590248857,7373989866,Army Roads 🚂,691
2026-10-09T06:05:56Z,6137321701,2239430935,[UPD] Blair,690
2026-10-09T06:05:56Z,139621660140863,9484893818,Fatal Floors 👁️,690
2026-10-09T06:05:56Z,6218169544,2281570018,Korblox & Headless Hangout,688
2026-10-09T06:05:56Z,83312952548612,7429689898,Troll is a pinning tower 2,688
2026-10-09T06:05:56Z,120200839841232,10755094976,Grinpees School,688
2026-10-09T06:05:56Z,7071444234,2727447177,Pet Story 🐶,687
2026-10-09T06:05:56Z,443406476,169302362,Project Lazarus: 💀 ZOMBIES 💀,685
2026-10-09T06:05:56Z,108843562394237,9564673841,Monkey Bomb Tag,684
2026-10-09T06:05:56Z,132768098780837,10378885079,[⚔️UPD] Block Wars,677
2026-10-09T06:05:56Z,75541741887441,8198412649,Dinosaur Life,676
2026-10-09T06:05:56Z,11273483795,4018794732,Ultimate Ragdoll Playground,674
2026-10-09T06:05:56Z,16483433878,5678284602,🏰 Block Tales [DEMO 5],673
2026-10-09T06:05:56Z,112796336189704,10272236945,👋 Slap to Survive,671
2026-10-09T06:05:56Z,80139795758532,9210599831,[UPD] 🎯AIMBOT,669
2026-10-09T06:05:56Z,117752943664280,10364552556,[🎃HALLOWEEN] Roll A Pack!,669
2026-10-09T06:05:56Z,131367064230486,10463578886,💀 House Tower Defense 2,667
2026-10-09T06:05:56Z,17729873503,6072944764,YooBroxDD's DOORS RP 👔,665
2026-10-09T06:05:56Z,18934709778,6413074235,A Long Road - BETA,663
2026-10-09T06:05:56Z,139766023909499,8080863905,Slap DUELS [🎉UPD!],662
2026-10-09T06:05:56Z,109167932163747,8890288888,BMX WORLD 🚴,661
2026-10-09T06:05:56Z,5856880701,2087494287,Mermaid Testing 🥭,658
2026-10-09T06:05:56Z,5683833663,2007050448,RAGDOLL. ENGINE!!! 😡,657
2026-10-09T06:05:56Z,9922455303,3661343497,A Lion's Pride Beta - Lion RP 🦁,657
2026-10-09T06:05:56Z,137370015275609,10384890234,TROLL Throw Tower! 3 😎,657
2026-10-09T06:05:56Z,105072660911040,10466601694,Oil Tycoon! ⛽,656
2026-10-09T06:05:56Z,15654981113,5407131262,Death Penalty,655
2026-10-09T06:05:56Z,129784419746425,9836330876,Villa Tycoon 🏡,655
2026-10-09T06:05:56Z,88728793053496,8214054500,🚀 Build a Car,653
2026-10-09T06:05:56Z,113814738390716,8646444640,[UPD 5] Untitled Upgrade Tree,653
2026-10-09T06:05:56Z,136990058242546,9655921954,[FIX] Scooter Of Hell,653
2026-10-09T06:05:56Z,72019577565540,7687524641,Movie Maker 4🎬[UPDATE],652
2026-10-09T06:05:56Z,85659091508300,10281666052,[FIXED] Meow Madness,652
2026-10-09T06:05:56Z,5829141886,2073329983,STUNT-DRAG-CUSTOM RACES | Realistic Car Driving™,648
2026-10-09T06:05:56Z,70670854739587,10482775464,Bad Guy Mystery,648
2026-10-09T06:05:56Z,71143154217953,7658676858,Glide Tower,644
2026-10-09T06:05:56Z,109258067111533,7015341259,[🍂] TOUCHLINE,644
2026-10-09T06:05:56Z,110793563946846,10284380969,Sell Ice Cream 🍦,644
2026-10-09T06:05:56Z,87229519582692,10271723279,[REVAMP] Ultimate Gym Game,642
2026-10-09T06:05:56Z,110280222997707,6646518350,PETAPETA: School of Nightmares,640
2026-10-09T06:05:56Z,80342862330041,6691764291,Liar's Table,639
2026-10-09T06:05:56Z,87311102000285,9084112733,[UPD📼] Camper Van Trip 🌲,639
2026-10-09T06:05:56Z,8562822414,3264581003,Eternal Towers of Hell,638
2026-10-09T06:05:56Z,88234622381007,7939389895,[UPD] Mad Road,638
2026-10-09T06:05:56Z,6284583030,2316994223,Pet Simulator X! 🐾,636
2026-10-09T06:05:56Z,114357963370524,7143545906,Enter Brainrot,636
2026-10-09T06:05:56Z,118806061296143,9303771057,[👿⚔️] KPop Demon Hunters,635
2026-10-09T06:05:56Z,155382109,73754455,Survive and Kill the Killers in Area 51 !!!,634
2026-10-09T06:05:56Z,12411473842,4367208330,Pressure,634
2026-10-09T06:05:56Z,113385048266134,6751400610,🎨Draw Or Oof!,634
2026-10-09T06:05:56Z,79966250354565,9286558970,Project 12 [ATM ROBBERY],633
2026-10-09T06:05:56Z,100744519298647,7798947148,[NOW!] Anime Final Quest,633
2026-10-09T06:05:56Z,79454007962937,9714537627,AI Judge,632
2026-10-09T06:05:56Z,105626692504093,9875383684,Be a Brainrot,631
2026-10-09T06:05:56Z,102591055755796,9404155369,Dig Out of School 🏫,630
2026-10-09T06:05:56Z,73153085372622,10172066108,(UPDATE) Truck MBG Extreme,629
2026-10-09T06:05:56Z,84692574040798,8223345519,[✨CORY DANCE] alzzmy's DANCES,629
2026-10-09T06:05:56Z,8416249767,3219620210,Fall Off A Building,628
2026-10-09T06:05:56Z,138837502355157,6508759464,Grace [GRACE BUT EVIL],628
2026-10-09T06:05:56Z,183364845,83858907,[💎] Speed Run 4,626
2026-10-09T06:05:56Z,9825515356,3634139746,Hood Customs,626
2026-10-09T06:05:56Z,8657766101,3293514480,[LANTERNS] Marvellous Smackdown,625
2026-10-09T06:05:56Z,18183902003,6164853651,Hungry Pig,625
2026-10-09T06:05:56Z,72167803024670,9564659718,Find Who Slapped,625
2026-10-09T06:05:56Z,90704250333473,10138977250,Become a Billionaire 💸,624
2026-10-09T06:05:56Z,107095834793267,8786713187,Oil Empire🛢️[UPD],624
2026-10-09T06:05:56Z,137849500783095,10343795685,My Squishy Box Store🥟,624
2026-10-09T06:05:56Z,16901389020,5805053299,Web Rush,623
2026-10-09T06:05:56Z,136764190843219,9384605736,[🎩] Knockout! 🐧,622
2026-10-09T06:05:56Z,138486812747835,10241000620,[WORLD 2] Airport Tycoon✈️,622
2026-10-09T06:05:56Z,914010731,380704901,[🔥⚒️NEW TATARA!] Ro-Ghoul [ALPHA],621
2026-10-09T06:05:56Z,3339374541,1198533421,Midnight Racing: Tokyo,621
2026-10-09T06:05:56Z,76427445314955,9112256336,Scream City 2 🎃,620
2026-10-09T06:05:56Z,93787311916283,6707924214,[X20] Horse Race 🐎 [WEEKEND],620
2026-10-09T06:05:56Z,136431686349723,7229780065,HUNTED,619
2026-10-09T06:05:56Z,8122612051,3124818385,Slendytubbies VS Redux,617
2026-10-09T06:05:56Z,72450672234943,10165276442,Pets VS Police [CITY 🏙️],617
2026-10-09T06:05:56Z,71229216166991,10272020404,[🎧] ASMR Gun Tower,616
2026-10-09T06:05:56Z,8554378337,3262314006,[⏳] Weapon Fighting Simulator,615
2026-10-09T06:05:56Z,73814003954154,10081194651,Pickaxe Tycoon ⛏️,615
2026-10-09T06:05:56Z,124027312895188,7557272025,sesh,615
2026-10-09T06:05:56Z,139988436996662,9119782663,Stop the Timer,615
2026-10-09T06:05:56Z,10679239752,3869462497,Furry Infection game [Furinfection],614
2026-10-09T06:05:56Z,4836068080,1640395061,untitled zombie infection,613
2026-10-09T06:05:56Z,86068599934040,10759661128,[NEW MAP] How to Fish🐟,613
2026-10-09T06:05:56Z,94462883754671,10544339689,[👟X5] +1 Speed Hospital Escape,612
2026-10-09T06:05:56Z,133379826754141,9599808796,Would you rather but it happens,612
2026-10-09T06:05:56Z,3956818381,1335695570,⚡Ninja Legends,611
2026-10-09T06:05:56Z,70998903613713,6696082534,Mol's Zombie Roleplay Game,611
2026-10-09T06:05:56Z,12076775711,4263371487,[🦕NEW DINO] Primal Pursuit 🦖 Humans vs Dinosaurs,610
2026-10-09T06:05:56Z,92432535588391,9255588637,Swing Tower,610
2026-10-09T06:05:56Z,96153864779911,9219116196,Scary Grocery: The Night Shift [HORROR],610
2026-10-09T06:05:56Z,11464559285,4075802159,El Gato Tower 😸 [MEGA UPDATE],607
2026-10-09T06:05:56Z,16653555262,5728147388,[W10] Rope Swing Obby,607
2026-10-09T06:05:56Z,5926001758,2126386806,Color Block,604
2026-10-09T06:05:56Z,12847474373,4497460596,MORPH WORLD 🏠 [INFECTED HOUSE BOSS!],604
2026-10-09T06:05:56Z,118576822282213,10587328652,Guess Flags For Soccer Players,603
2026-10-09T06:05:56Z,14184086618,4908792642,[🚲PARK] Obby But You’re On a Bike,602
2026-10-09T06:05:56Z,15027718878,5174979552,🚀 The Space Simulator,601
2026-10-09T06:05:56Z,3214114884,1160789089,💥 Flag Wars! [UPD],599
2026-10-09T06:05:56Z,116058355775210,9785048253,[🏡UPDATE!] Home Creator,599
2026-10-09T06:05:56Z,9938675423,3666294218,🌲 Oaklands [⛏️ REVAMP],598
2026-10-09T06:05:56Z,98067481349941,7317454210,Obby Champion 🏆,598
2026-10-09T06:05:56Z,18260439047,6190248755,God's Mod,597
2026-10-09T06:05:56Z,105688896121506,6760897304,Steal a Sprunki Egg ✨ 3D SPRUNKI SIM,597
2026-10-09T06:05:56Z,105742951729183,9958694666,Race Your Lucky Block,595
2026-10-09T06:05:56Z,8388259310,3210778402,Where's Santa [Story],594
2026-10-09T06:05:56Z,13384322856,4659996100,Build or Die,594
2026-10-09T06:05:56Z,102935804413553,7968055762,[💪 MODIFIERS] Noob Experiment: Warzone,594
2026-10-09T06:05:56Z,109715918987082,9952351777,[🌸 UPD] Anime Stars Card Collection,594
2026-10-09T06:05:56Z,139546619723000,10368005384,My Giant Sandwich,594
2026-10-09T06:05:56Z,8542259458,3258873704,SkyWars [SEASON 3!] ✨,593
2026-10-09T06:05:56Z,14787369036,5096440156,weird strict dad [🎮MODES],593
2026-10-09T06:05:56Z,18152595062,6153964325,Chained Together [2-3-4-5 PLAYER],593
2026-10-09T06:05:56Z,127995006069066,9315739469,Night 67 [HORROR],593
2026-10-09T06:05:56Z,132768306953643,8313824597,[🙂LORD VERITY]🎲 EMOTE RNG,593
2026-10-09T06:05:56Z,123662243100680,6594435384,SpongeBob Tower Defense🍍,592
2026-10-09T06:05:56Z,12979690461,4538598064,Phantom Ball,591
2026-10-09T06:05:56Z,17805166690,6100103590,The Undead Coming (2026),591
2026-10-09T06:05:56Z,7491927311,2916593387,Undertale Test Place Reborn,590
2026-10-09T06:05:56Z,14823220100,5108158764,SCP Architect X,590
2026-10-09T06:05:56Z,97630670804505,8123308765,Chaos Survival 2 🤯,589
2026-10-09T06:05:56Z,10118504428,3717250353,[💵X2] My Prison👮‍♂️,586
2026-10-09T06:05:56Z,100293509865504,10516888336,[Boss🔥] Catch 1 Billion Ducks,586
2026-10-09T06:05:56Z,71443883879110,10727829780,Raise an Anomaly (SCP),585
2026-10-09T06:05:56Z,125823964467491,10582281852,[X3] +1 Speed Keyboard Verity Escape,585
2026-10-09T06:05:56Z,106920577206536,9889811676,A Quiet Place: Deadzone (Pre-Alpha),583
2026-10-09T06:05:56Z,117539213094671,10514280922,Roll A Gnome,582
2026-10-09T06:05:56Z,130641102725850,10571722689,[UPD] Mog or Die,580
2026-10-09T06:05:56Z,75568173037446,10136067263,[⌛] Get Fat to Break Tape 🍗,578
2026-10-09T06:05:56Z,328028363,147332621,Typical Colors 2,577
2026-10-09T06:05:56Z,5104202731,1769712451,Southwest Florida Beta,577
2026-10-09T06:05:56Z,5974747216,2152417643,🛫 [FLY!] Liberty Airport Flight Simulator RP,577
2026-10-09T06:05:56Z,15213956324,5244979723,BOOMSTICK Football 🏈,576
2026-10-09T06:05:56Z,121748721,52547718,Nations Roleplay X,575
2026-10-09T06:05:56Z,97253290114878,10482905194,Paint your Friends!,575
2026-10-09T06:05:56Z,8412352352,3218272328,Attack on Titan: Paradis,574
2026-10-09T06:05:56Z,92352895821733,6612614547,Hitman Card Game,574
2026-10-09T06:05:56Z,103138601755519,10664667515,+1 Dino Evolution,573
2026-10-09T06:05:56Z,9879422661,3649378258,random tool (4.74),571
2026-10-09T06:05:56Z,16993432698,5830262966,Impossible Squid Game Glass Bridge 2,571
2026-10-09T06:05:56Z,124943244212764,6961334611,Penthouse Tycoon 🗽,570
2026-10-09T06:05:56Z,123468479998097,7938992417,GRAB,568
2026-10-09T06:05:56Z,16454399300,5668114043,Scary Sushi [CHAPTER 2],566
2026-10-09T06:05:56Z,73904017172892,9564490170,Roll in a Cart,566
2026-10-09T06:05:56Z,83264774625004,10547918402,[UPDATE] +1 Jump Crunchy ASMR Escape!,565
2026-10-09T06:05:56Z,111199269199811,8343243056,[⏳10H] Brainrot Tower Defense,565
2026-10-09T06:05:56Z,18864551515,6389489439,Bouncy Castle,564
2026-10-09T06:05:56Z,124418261920942,10723087263,[🎯] Dart Arena,564
2026-10-09T06:05:56Z,166731267,79609758,The Dropper ✨ [135+ LEVELS!],563
2026-10-09T06:05:56Z,13438553315,4676287985,Decaying Winter,563
2026-10-09T06:05:56Z,112345685575988,10537346933,My Hungry Giant! [ASMR],562
2026-10-09T06:05:56Z,18335956021,6215986499,Grand Blue [Early Access],561
2026-10-09T06:05:56Z,83337738588990,10545879268,Break For Anime! 🔥,561
2026-10-09T06:05:56Z,6222531507,2283649692,CHESS!,560
2026-10-09T06:05:56Z,112966546347918,8420907710,Drift Tag,560
2026-10-09T06:05:56Z,93696617476691,9952820791,Clone Incremental,559
2026-10-09T06:05:56Z,6132958612,2236455574,Marvel and DC Super Heroes,558
2026-10-09T06:05:56Z,96401370703274,10189601764,Climb and Drop a Lucky Block,558
2026-10-09T06:05:56Z,137141927876398,9859948536,Super Tag,558
2026-10-09T06:05:56Z,12398038681,4362771421,Garten of Banban,554
2026-10-09T06:05:56Z,140394347586611,7290225649,Silverpeak 🏡 RP,554
2026-10-09T06:05:56Z,85048226835181,9938429322,Tree RNG [👻 Halloween],553
2026-10-09T06:05:56Z,17798223108,6097519616,Jujutsu Beatdown,549
2026-10-09T06:05:56Z,5984006660,2157233282,Would You Rather: Singers Tower,548
2026-10-09T06:05:56Z,73871058651498,9872977974,Spiral Stair Tower,548
2026-10-09T06:05:56Z,14161770735,4901806610,PLAY OR DIE,546
2026-10-09T06:05:56Z,108517691661499,10766105412,Smash A Bacon,545
2026-10-09T06:05:56Z,102553576537621,10409732219,[X5] +1 Backflip Keyboard Escape,543
2026-10-09T06:05:56Z,12933818947,4524605690,Collapsing Tower,541
2026-10-09T06:05:56Z,137628283909891,6925303818,Goalbound,541
2026-10-09T06:05:56Z,101432174163538,7128251171,[TRADING] Superstar Baseball,540
2026-10-09T06:05:56Z,71852303862507,7613970129,Content Creator Tycoon,538
2026-10-09T06:05:56Z,76377501906469,10747748563,Steal an Anime Egg!,537
2026-10-09T06:05:56Z,102728511411085,6772885092,Happy Tower Obby,537
2026-10-09T06:05:56Z,6305582775,2327461601,Ragdoll Physics Havoc,535
2026-10-09T06:05:56Z,7896264844,3056160040,Find the Markers (321),534
2026-10-09T06:05:56Z,9558986910,3560583071,Hello Neighbor [3 Acts],533
2026-10-09T06:05:56Z,5140123832,1787711941,[Su-25] Aircraft Carrier [BETA],531
2026-10-09T06:05:56Z,87018676608089,9588121608,Pistol Arena,531
2026-10-09T06:05:56Z,99513630394609,10537172776,[✨] Character Color Race,531
2026-10-09T06:05:56Z,4954512662,1701518532,JOODPAKJAI 🎙️,530
2026-10-09T06:05:56Z,10576142169,3841172115,The Backrooms 🚪,530
2026-10-09T06:05:56Z,16159871483,5582285009,💥 Buckshot Mayhem,530
2026-10-09T06:05:56Z,4872321990,1659645941,Islands 👩‍🌾,529
2026-10-09T06:05:56Z,16501421966,5683563195,CAR CRASH🚗,529
2026-10-09T06:05:56Z,298400657,114967577,[ULTRA INSTINCT!] Dragon Ball Final: Reborn,528
2026-10-09T06:05:56Z,74007353203361,8995269203,⚔️ Survived 67 Days - Monster Forest 🐺,528
2026-10-09T06:05:56Z,107727386530697,7794218964,[🌀] Noob Mayhem!,528
2026-10-09T06:05:56Z,16550701481,5698013839,A DEADLY BOAT TRIP,527
2026-10-09T06:05:56Z,82461912126439,8794536584,Overfreight!,526
2026-10-09T06:05:56Z,115620466946909,9940725596,MONSTER TRUCK WORLD,526
2026-10-09T06:05:56Z,129710357833881,9994252654,Rusaken,526
2026-10-09T06:05:56Z,11474405411,4079077350,[TITANIC!] Cruise Line Tycoon,525
2026-10-09T06:05:56Z,12716055617,4457060041,Emergency Emden,525
2026-10-09T06:05:56Z,4195834406,1374118848,Dragon Generations,524
2026-10-09T06:05:56Z,78699621133325,6500938341,[🎃] Meet People Across The World 🔊,524
2026-10-09T06:05:56Z,107645101488133,9874419878,[WORLD 11] Needoh Tower,524
2026-10-09T06:05:56Z,2210085102,770538576,Naval Warfare,523
2026-10-09T06:05:56Z,8200787440,3149100453,Eat Blobs Simulator,521
2026-10-09T06:05:56Z,10554647907,3835375262,Tower of Coffee (Coffee Tower),521
2026-10-09T06:05:56Z,13141106123,4586990985,Rogueblade [Farmer],521
2026-10-09T06:05:56Z,15092647980,5200655965,Project Smash,521
2026-10-09T06:05:56Z,129866685202296,7983308985,Last Letter 💬,521
2026-10-09T06:05:56Z,78028206594931,9903482381,🕺 Catalog Emote Tester,519
2026-10-09T06:05:56Z,92942575852492,8846911260,Dont Wake the Kitty,519
2026-10-09T06:05:56Z,134750290201751,9639553972,[✨TRAITS] Survive the Cold,519
2026-10-09T06:05:56Z,74588536318848,9707841805,Nightfall,518
2026-10-09T06:05:56Z,120299070926116,9312746495,Breakfast House 🥧RP,517
2026-10-09T06:05:56Z,136919941417380,9934614409,Bike Obby For Brainrots!,517
2026-10-09T06:05:56Z,118889111240517,9511365396,Aura Edit Slap Battles 🎵,515
2026-10-09T06:05:56Z,13083893317,4571439504,[🎃🦇WEEK 2] Life Sentence,514
2026-10-09T06:05:56Z,75366259315586,8353962342,[☠️] build ur base ⚔️,513
2026-10-09T06:05:56Z,112857282410969,9892207761,SEWER SCREAMS,513
2026-10-09T06:05:56Z,114640202062357,9753814298,Swing Obby for Brainrots!,511
2026-10-09T06:05:56Z,108948479536468,7656769029,Wayward Outpost,510
2026-10-09T06:05:56Z,6349094071,2350840700,[CONSOLE!] Project Flight | Alpha,509
2026-10-09T06:05:56Z,9089190262,3417194043,[NEW SONGS!] Piano Tiles Rush,509
2026-10-09T06:05:56Z,11137575513,3983828495,The Chosen One,509
2026-10-09T06:05:56Z,136822524519115,10535292470,[UPD!] TNT Voxel Playground,509
2026-10-09T06:05:56Z,16867505761,5795519964,Escape Angry Head,508
2026-10-09T06:05:56Z,93953121730240,10180990272,Would You Rather: Kawaii Fashion Tower 🎀,508
2026-10-09T06:05:56Z,109629391874197,6676099788,[UPDATE] Marvel Omega,508
2026-10-09T06:05:56Z,134558434771720,7884563721,[🔥RALLIES] Arcade Basketball 🏀,508
2026-10-09T06:05:56Z,70994695337243,10480998942,[UPD] VERITY™: NIGHTFALL,507
2026-10-09T06:05:56Z,139598620873181,6770632849,[WIND🌪️🍃] MUGEN,507
2026-10-09T06:05:56Z,5343994291,1871908106,[🎃UPD!] 🌴 Outlaster,506
2026-10-09T06:05:56Z,13189735542,4601145322,Troll Obby,506
2026-10-09T06:05:56Z,137287903930382,9399884981,Dont Wake Grandma! 🤫,506
2026-10-09T06:05:56Z,8356562067,3198546127,[🎃] Indo Voice,505
2026-10-09T06:05:56Z,17612027930,6030909708,🍫Tower Of Candy - Tower Of Hell,505
2026-10-09T06:05:56Z,70425863611748,10041928466,Custom chat | EN,505
2026-10-09T06:05:56Z,91695551099066,10011808151,[W7 + PETS]+1 Shrink per Step,505
2026-10-09T06:05:56Z,94860588848140,10528250136,[X5] +1 Kitten Keyboard Escape,505
2026-10-09T06:05:56Z,101396571928321,10526166728,Merge a Spinner!,504
2026-10-09T06:05:56Z,13698105873,4753878751,Bathroom Attack,502
2026-10-09T06:05:56Z,14662419251,5056259915,[🛠️] Desert Bus,502
2026-10-09T06:05:56Z,76603753346534,9338511689,[🍀] NFT Battle,501
2026-10-09T06:05:56Z,87214116277191,8095834523,Obby Builder 🔨,500
2026-10-09T06:05:56Z,9788848685,3623695803,Indo Hangout,495
2026-10-09T06:05:56Z,119987266683883,9649298941,Survive LAVA for Brainrots!,495
2026-10-09T06:05:56Z,16220287667,5599532653,(G-MAN REWORK) Strange Bathtub War,494
2026-10-09T06:05:56Z,116113866980358,7383133134,💰 Deadly Heist 💰,494
2026-10-09T06:05:56Z,103185879508967,10292947079,Wall Hop Battles,493
2026-10-09T06:05:56Z,101733180974837,8375166760,Bull Battles [EVOLVED ELEMENTALS],492
2026-10-09T06:05:56Z,114549747848211,10192659240,(UPD) Just Tornadoes 2,491
2026-10-09T06:05:56Z,74994442538508,9344916045,Cirque School of Acrobatics,490
2026-10-09T06:05:56Z,10228136016,3747388906,[📱MOBILE] Fallen Survival🏹,487
2026-10-09T06:05:56Z,113024561482870,8072075666,BESIEGED [🔥HAVOC UPDATE],487
2026-10-09T06:05:56Z,86723118213908,6824865908,Save One Song (World),486
2026-10-09T06:05:56Z,10277607801,3761186887,Apeirophobia,484
2026-10-09T06:05:56Z,17050349106,5845755850,Build to Survive the Tsunami 🌊,484
2026-10-09T06:05:56Z,78724900430513,10329995185,Puzzle Duels 🧠,484
2026-10-09T06:05:56Z,107828406309109,7243236309,The Button,484
2026-10-09T06:05:56Z,74919033309938,9868545229,Cosmic Playground | Space Sandbox,482
2026-10-09T06:05:56Z,101949297449238,7541395924,Build An Island! 🏝️,482
2026-10-09T06:05:56Z,6728870912,2544520106,World of Stands,481
2026-10-09T06:05:56Z,14641667067,5049569843,Titan Tower Defense,481
2026-10-09T06:05:56Z,98626216952426,7101140819,Naramo Nuclear Plant,481
2026-10-09T06:05:56Z,106717722249176,10759485670,Tower Reborn,479
2026-10-09T06:05:56Z,662417684,279565647,❓ LUCKY BLOCKS Battlegrounds,477
2026-10-09T06:05:56Z,11832484500,4187559009,Autopilot Simulator / FSD,477
2026-10-09T06:05:56Z,119473104067789,10191144118,Would You Rather: Age Tower 👶,477
2026-10-09T06:05:56Z,3297964905,1187091887,[🔥+LMG] Weaponry [BETA],476
2026-10-09T06:05:56Z,93233198656969,7139435866,FREE FIRE MAX🏆,476
2026-10-09T06:05:56Z,108730407897379,7569509385,Amber Alert 3.0 [UPD],476
2026-10-09T06:05:56Z,116605585218149,6764180126,[🎅UPD ] GO FISHING 🐟,476
2026-10-09T06:05:56Z,7645738534,2970472544,Light Game,474
2026-10-09T06:05:56Z,114043013325512,9980643140,[UPD] MBG Driver,474
2026-10-09T06:05:56Z,14337656835,4956911744,Easy Size Obby,473
2026-10-09T06:05:56Z,125790795579287,6983536246,[🎶] Incredible Blox,473
2026-10-09T06:05:56Z,334730614,123956318,Kaizen [RP],472
2026-10-09T06:05:56Z,11708967881,4147392742,Yeet A Friend! ✨,470
2026-10-09T06:05:56Z,4972091010,1709832923,Zombie Uprising,469
2026-10-09T06:05:56Z,76359009042963,9315472782,Late Night Ramen [HORROR],469
2026-10-09T06:05:56Z,5946155382,2137105308,Trivia! Roblox Game Show [Jeopardy],468
2026-10-09T06:05:56Z,18180213499,6163740913,🕳️ Be a Hole,468
2026-10-09T06:05:56Z,71849204829689,7411615879,[Wyw my sweetie] Trend City RP 🎶,468
2026-10-09T06:05:56Z,79602128065352,8836631593,No Cooldown Doomspire Brickbattle,467
2026-10-09T06:05:56Z,4110892437,1359546589,Kaiju Universe🐲,466
2026-10-09T06:05:56Z,98100179608264,8104504677,[👮] Dispatch: Police Simulator,466
2026-10-09T06:05:56Z,103731330407395,7577791613,Chained in Backrooms,466
2026-10-09T06:05:56Z,5589967659,1952819680,Cocos Time Trial 2 ⏰,464
2026-10-09T06:05:56Z,15781012611,5455619189,Zombies vs Humans,464
2026-10-09T06:05:56Z,15077422637,5195168716,The Curse [HORROR],463
2026-10-09T06:05:56Z,82084053899394,9330730057,💣 Bomb Chip,463
2026-10-09T06:05:56Z,8908228901,3365661357,SharkBite 2 🦈,461
2026-10-09T06:05:56Z,79860632214114,7943133183,Build Together With Friends,461
2026-10-09T06:05:56Z,139488437793833,10642702105,[🚢 SHIP REWORK + QOL ✨] Re:AOPG,461
2026-10-09T06:05:56Z,5116869569,1775919872,[EVENT] Doodle World,460
2026-10-09T06:05:56Z,6610021055,2492481398,Noob Army Tycoon ⚔️(New noobs),460
2026-10-09T06:05:56Z,14518422161,5012222382,Gunfight Arena,460
2026-10-09T06:05:56Z,5951002734,2139712082,[🕷️HALLOWEEN 1.5] Project Baki,459
2026-10-09T06:05:56Z,92415748858497,8204806107,[BACKROOMS] Infinite Nights With Freddy (DOOM),459
2026-10-09T06:05:56Z,94845773826960,7546582051,[⚔️] Dungeon Heroes,458
2026-10-09T06:05:56Z,108750539382245,9081083593,[NEW] Golden's Difficulty Chart Obby,458
2026-10-09T06:05:56Z,13358869778,4652129092,Murder Drones: Reassembled [RP] BETA,457
2026-10-09T06:05:56Z,117327625970270,7651243549,Italian Brainrot Speed Clicker 🧠⚡,457
2026-10-09T06:05:56Z,114283239905753,7037673488,[2X BOOST] Crazy Skeleton RNG,455
2026-10-09T06:05:56Z,84968446824850,9784759642,Rope Bridge for Brainrots,453
2026-10-09T06:05:56Z,80861715191104,9452898647,Pull Lucky Blocks,450
2026-10-09T06:05:56Z,3177438863,1147304238,[🔥EVENT] Dragon Blox,449
2026-10-09T06:05:56Z,15108736400,5206433511,Flex UGC Codes,449
2026-10-09T06:05:56Z,120922552721050,8646185650,Diving Legends,449
2026-10-09T06:05:56Z,114639020543523,10351246089,[BETA] Hotel Tycoon 2,447
2026-10-09T06:05:56Z,123724279728430,10683945170,💀Jump To Steal SCP Monsters!💀,447
2026-10-09T06:05:56Z,4992570197,1719305066,ROBLOX Rally Racing,446
2026-10-09T06:05:56Z,2317712696,807930589,The Wild West,445
2026-10-09T06:05:56Z,72462386094083,8330409552,[🎨] Camo Troll Tower,445
2026-10-09T06:05:56Z,89054386877361,10267571771,Guess My Squishy Dumpling,444
2026-10-09T06:05:56Z,113704687064411,10765855425,Animal Hospital Roleplay (Unofficial),444
2026-10-09T06:05:56Z,119209026892378,10179193118,Would You Rather: Kpop Demon Hunters Tower 👚,444
2026-10-09T06:05:56Z,120790217521707,7081611770,[💌] Roll a Fat Friend [2 Players Obby],444
2026-10-09T06:05:56Z,15444929588,5329077236,[UPD] Skibidi Tower Defense,443
2026-10-09T06:05:56Z,14263744022,4933348430,Paint Everything RED,440
2026-10-09T06:05:56Z,106187832607756,8600977079,The Button Room,440
2026-10-09T06:05:56Z,91296119701853,8243724761,[🦖] Farm a Fish 🐟,439
2026-10-09T06:05:56Z,69118166,32211175,Sinking Ship Simulator,438
2026-10-09T06:05:56Z,123698673940079,10496981141,Steal A Lucky Egg,438
2026-10-09T06:05:56Z,18500105193,6268803418,Climb [TROPHIES! 🏆],436
2026-10-09T06:05:56Z,119741101026672,8705454731,Escape 99 Rooms🔑,436
2026-10-09T06:05:56Z,127606305348556,10751572992,❄️ Clean all the Snow!,436
2026-10-09T06:05:56Z,3255508650,1175471394,[new weapons!] brawl 2,435
2026-10-09T06:05:56Z,13110267312,4576226059,Animal Sim: Underwater,435
2026-10-09T06:05:56Z,109751495795601,7000924848,Free Items,435
2026-10-09T06:05:56Z,18156286285,6155282395,Elevator of Fun [🎃],434
2026-10-09T06:05:56Z,122593073500987,9130827443,[UPDATE 🎉] Battle Minigames,434
2026-10-09T06:05:56Z,95417153338993,10430413968,Squishy Ball Tower,433
2026-10-09T06:05:56Z,118637423917462,7658304545,Case Paradise,433
2026-10-09T06:05:56Z,123983959217174,7498824809,Claw Machine Arcade!,433
2026-10-09T06:05:56Z,130496219537579,7706951053,First Is Owner,433
2026-10-09T06:05:56Z,245440965,102815652,Shipping Lanes,432
2026-10-09T06:05:56Z,124675142564227,10242984742,🎨 Urban Graffiti (Spray Paint Draw),432
2026-10-09T06:05:56Z,7909596432,3060525991,Impossible Cart Ride Of Doom 💀,431
2026-10-09T06:05:56Z,9058310544,3408154779,Blast Zone,431
2026-10-09T06:05:56Z,9534337535,3551414857,Shrek in The Backrooms,431
2026-10-09T06:05:56Z,3272915504,1180269832,Arcane Odyssey 🌊,430
2026-10-09T06:05:56Z,18199234764,6170013953,Snake Simulator,430
2026-10-09T06:05:56Z,73526576502092,8488806742,Sonic.EXE: The Disaster Eclipsed v1.42,430
2026-10-09T06:05:56Z,112619156837009,10418381226,[💀NAGI] Build A Blue Lock Squad!,430
2026-10-09T06:05:56Z,120154566897536,7037902226,Paint an Album,430
2026-10-09T06:05:56Z,137069154816703,10052184484,Hack Vault for Brainrots!,430
2026-10-09T06:05:56Z,133687999931943,8438027136,Drone war [fpv update + bugs fixed],429
2026-10-09T06:05:56Z,16981421605,5827120940,Reborn As Swordsman,428
2026-10-09T06:05:56Z,71480482338212,7534782259,BedFight ⚔️,428
2026-10-09T06:05:56Z,75646865566926,10203815049,Fight Others For Brainrots!,428
2026-10-09T06:05:56Z,112851296174239,6845400164,Rate My Avatar 2 🔊,427
2026-10-09T06:05:56Z,8888175049,3360454744,[🤑 FIXED DONOS] Donation Central 💸,426
2026-10-09T06:05:56Z,14437001043,4987467534,Residence Massacre,425
2026-10-09T06:05:56Z,17324489187,5927446137,Subconscious [Horror],425
2026-10-09T06:05:56Z,139394516128799,7266261686,♟️Chess Club♟️,425
2026-10-09T06:05:56Z,2376885433,833209132,[NEW] Vesteria,423
2026-10-09T06:05:56Z,5154858502,1795206523,Murderers vs. Sheriffs,423
2026-10-09T06:05:56Z,10149471313,3725528263,Zombie Survival Garry's Mod [Old],423
2026-10-09T06:05:56Z,106487781999308,7120911607,After 3 AM,423
2026-10-09T06:05:56Z,75178747054941,7921879545,LCS: EQuest,422
2026-10-09T06:05:56Z,89209511145519,6920090082,Housebound,422
2026-10-09T06:05:56Z,8069117419,3108473052,Demon Soul Simulator,419
2026-10-09T06:05:56Z,114146618644145,10642022844,HOUSE 13 [HORROR],419
2026-10-09T06:05:56Z,128329680321338,10329213173,+1 Fat Per Click,419
2026-10-09T06:05:56Z,86987168805667,6759889410,[🎃] Growth of Giggle RP,418
2026-10-09T06:05:56Z,99342262733194,6745933496,Randomizer: Redux,418
2026-10-09T06:05:56Z,9772878203,3620011279,raise a floppa 2 💰 [rich roommate],417
2026-10-09T06:05:56Z,70970763145070,6738135827,Choose Your Power,416
2026-10-09T06:05:56Z,82745432464897,10420582875,🧼 [UPD] Clean Your Keycaps,416
2026-10-09T06:05:56Z,105954652742326,10531477636,Mutant Plants: Base Defense[✨UPD-2.5],416
2026-10-09T06:05:56Z,77478491618858,10067540823,Musical Chairs 🎵🪑 [TESTING],415
2026-10-09T06:05:56Z,14943334555,5148099079,[UPD] Bike of Hell,414
2026-10-09T06:05:56Z,73398239244597,8294794009,[🐻] 99 Nights in the Bunker,414
2026-10-09T06:05:56Z,118198615964701,6628327758,(🔥) Dummy Defense,414
2026-10-09T06:05:56Z,659222129,212154879,[Corrupted Atheon🌑] Swordburst 2,412
2026-10-09T06:05:56Z,12986400307,4540494160,[3 YEARS🎁]⚔Sword Warriors!,412
2026-10-09T06:05:56Z,90899406152758,7641240255,TUNG TUNG OR SCP,412
2026-10-09T06:05:56Z,11232592166,4007686136,Touch Soccer,411
2026-10-09T06:05:56Z,16457183958,5668874170,[Vengeful Spirit] Gojo Vs Toji Ability Test,411
2026-10-09T06:05:56Z,18260801046,6190384723,[🎃] Baddies Brawl 👊,411
2026-10-09T06:05:56Z,92690025306240,9852933243,R6 Emote Place,411
2026-10-09T06:05:56Z,7211666966,2805713501,Tower of Jump [FREE HALOS😇],410
2026-10-09T06:05:56Z,82904798643396,10007524016,⚽️ERLING HAALAND PRISON RUN! (Obby),410
2026-10-09T06:05:56Z,10745043766,3887521769,🔥Survive the LAVA!,409
2026-10-09T06:05:56Z,3117860193,1125307892,In Area 51 [ALPHA],408
2026-10-09T06:05:56Z,130522875331172,9229146348,JUST ONE MORE ASYM,408
2026-10-09T06:05:56Z,5044920251,1743990973,Wall Hop Practice,407
2026-10-09T06:05:56Z,9748721976,3613478757,Poppy Playtime [Update] 🌹,407
2026-10-09T06:05:56Z,17861623204,6119928106,Hajwala X,407
2026-10-09T06:05:56Z,301549746,115797356,Counter Blox,406
2026-10-09T06:05:56Z,133345376331809,9929870476,[🛒 UPDATE 3.0] My Cafe,406
2026-10-09T06:05:56Z,136107936984073,10256263771,[W5💪] +1 Muscle to Push Boulder,406
2026-10-09T06:05:56Z,11684369582,4139766490,I Wanna Test The Game (Beta Test),405
2026-10-09T06:05:56Z,95223801959482,10067868611,Brainrot Sniper [X2 Cash],405
2026-10-09T06:05:56Z,100039707794702,7378605382,[TROLLI] Forsaken: Free For All,404
2026-10-09T06:05:56Z,130929507719087,9442472087,WARDEN 🐲 Sonaria Horror Escape,404
2026-10-09T06:05:56Z,128246781105927,6467516221,Rate My Car,403
2026-10-09T06:05:56Z,2537430692,905198065,[FIXED] Blocks n' Props,402
2026-10-09T06:05:56Z,5969012769,2149444938,Parenthood 👶 Beta,402
2026-10-09T06:05:56Z,9798463281,3626363135,[CONFLICT] Cube Combination,401
2026-10-09T06:05:56Z,10561456271,3837114739,[RITUALS 🕯️] The Vampire Legends 2,401
2026-10-09T06:05:56Z,98951612738714,10198825880,[🎃] Slime Card Collection,401
2026-10-09T06:05:56Z,120867750718410,8997725599,Hero Legends [UPDATE!],401
2026-10-09T06:05:56Z,11872917490,4201418016,[🌀NEW!] Fabled Legacy! RPG,400
2026-10-09T06:05:56Z,16446180574,5665954430,♠ Twenty One,400
2026-10-09T06:05:56Z,12550651382,4408288935,Ecos: La Brea,399
2026-10-09T06:05:56Z,80234914611737,10183029417,+1 Jetpack for Brainrots,399
2026-10-09T06:05:56Z,86635275427451,7561154969,Codename: Redux,399
2026-10-09T06:05:56Z,93010292807756,7721537973,[UPD] Color Art: Coloring Games,399
2026-10-09T06:05:56Z,118952094447715,10160578219,Capture for Magic!,399
2026-10-09T06:05:56Z,126330684723008,10577377368,Nations Roleplay X,399
2026-10-09T06:05:56Z,4863916053,1654971928,Full Metal Kaiju Hunters,398
2026-10-09T06:05:56Z,16288616721,5620182793,Skateboard Obby🎃,398
2026-10-09T06:05:56Z,71706515477118,9499439936,[V8] +1 Jump Evolve Tower,398
2026-10-09T06:05:56Z,10204250851,3741075732,CHAIN,397
2026-10-09T06:05:56Z,16927467487,5812546130,"[UPD 3] West Coast, Florida",395
2026-10-09T06:05:56Z,86089763581353,7356195012,🌎 World.io,395
2026-10-09T06:05:56Z,86799412338918,9896643509,Block Clear Race,395
2026-10-09T06:05:56Z,89715555556831,10737626980,Old FNTD [🔥ENDLESS🔥],395
2026-10-09T06:05:56Z,15352028692,5295169598,Ultimate Home Tycoon 🏠,393
2026-10-09T06:05:56Z,122353518030208,10083552936,Decorate the Backrooms,393
2026-10-09T06:05:56Z,112107733863518,9501409571,Cursed Blade[ALPHA],392
2026-10-09T06:05:56Z,122951224417794,8959257868,Unscathed RNG,392
2026-10-09T06:05:56Z,123995199638321,9750146698,Easy Laser Tower,392
2026-10-09T06:05:56Z,136066387156306,10051853469,[Galaxy 🪐] Be Flash For Brainrots!,392
2026-10-09T06:05:56Z,99864067603811,7637748042,Grow Plants 🌻,391
2026-10-09T06:05:56Z,128095034580221,7082244450,[UPD] Parents [HORROR],390
2026-10-09T06:05:56Z,9285238704,3476371299,⚡Race Clicker,389
2026-10-09T06:05:56Z,134963296781989,9067401541,Clover Origins [DARK TRIAD],388
2026-10-09T06:05:56Z,12912701243,4518152312,ESCAPE EVIL GRANDMA! (FIRST PERSON OBBY),386
2026-10-09T06:05:56Z,18396029140,6236162143,[🕷️] Poppy NewTime - CHAPTER 2 PART 1!,386
2026-10-09T06:05:56Z,13404995530,4666164093,[NEW TRAM] Tram Simulator Abenstedt (v1.2),385
2026-10-09T06:05:56Z,6250795236,2297891297,SNK: Rumbling,384
2026-10-09T06:05:56Z,89851325271396,9050667716,[GODZILLA EARTH] Age of Titans,384
2026-10-09T06:05:56Z,124536519436305,7893073096,ASMR Squishy Wallhop Tower,384
2026-10-09T06:05:56Z,17122706530,5866486371,Tuantu's lobotomization branches,383
2026-10-09T06:05:56Z,86022723355936,10205419329,[BB] Last:Memories,383
2026-10-09T06:05:56Z,102071609564196,9209811415,🎞️ Emote Catalog,383
2026-10-09T06:05:56Z,574407221,228573408,Super Hero Tycoon,382
2026-10-09T06:05:56Z,3837864717,1315966725,🕷️ Spider-Man Simulator,382
2026-10-09T06:05:56Z,18960834681,6421821251,Better Food? 🍔,382
2026-10-09T06:05:56Z,98552665283269,7126976930,[UPDATE] Strawberry Fields Tower,381
2026-10-09T06:05:56Z,135619589726492,7307246329,100 Players Musical Chairs,380
2026-10-09T06:05:56Z,98393605725180,10372351735,Cars VS Tape,379
2026-10-09T06:05:56Z,2474168535,873703865,Westbound,378
2026-10-09T06:05:56Z,6011940308,2171758161,🌈 Fall 99999 Rainbow Spiral! Parkour Obby,378
2026-10-09T06:05:56Z,6888253864,2628404708,Wacky Wizards,378
2026-10-09T06:05:56Z,18545825758,6283720248,Body Swap Facility,378
2026-10-09T06:05:56Z,94423988769690,6638489184,Build to Survive [NEW],378
2026-10-09T06:05:56Z,120564326011184,8572854650,Be a YouTuber! 🔴🎥,378
2026-10-09T06:05:56Z,3025990139,1091907805,Unboxing Simulator [UPDATE],377
2026-10-09T06:05:56Z,5407396567,1892760830,👶MOM LIFE!❤️Seaboard City RP🌴,376
2026-10-09T06:05:56Z,88932739628526,8017401632,Wavelength! [BETA],376
2026-10-09T06:05:56Z,109579237461406,10014496141,Only Up Laser Tower,375
2026-10-09T06:05:56Z,120398694613042,9352840896,[UPD] 🤪Super Epic Crazy Tag,375
2026-10-09T06:05:56Z,13151311229,4590309504,speed demon boss fight (real),374
2026-10-09T06:05:56Z,79790479326946,9723617424,+1 Speed Dragon Escape [UPDATE],374
2026-10-09T06:05:56Z,82453659777192,9866884975,Sail Your Boat,374
2026-10-09T06:05:56Z,92422478989816,10246872585,World at War,374
2026-10-09T06:05:56Z,98371023930528,9001634416,[UPD] Project Ventura,374
2026-10-09T06:05:56Z,110434609045277,10626746750,[Beta] The Creator-God Sim,374
2026-10-09T06:05:56Z,135038773889079,10384841418,Clean the Squishies!,374
2026-10-09T06:05:56Z,10595058975,3846592040,[Withered Grove 🧿] Arcane Lineage,373
2026-10-09T06:05:56Z,17012548142,5835368537,Be a Snake,373
2026-10-09T06:05:56Z,18946933412,6417098982,Survival Island,373
2026-10-09T06:05:56Z,13358463560,4652005960,Asura,372
2026-10-09T06:05:56Z,70911358699250,9851352969,🗽 RODOGRAU 2.0,372
2026-10-09T06:05:56Z,92416421522960,9792947201,Slime RNG,372
2026-10-09T06:05:56Z,78471443847948,9750361560,Pew Pew Blocks 🔫,371
2026-10-09T06:05:56Z,93623116896447,10147259486,Find the Dumpling [143],371
2026-10-09T06:05:56Z,128718867767713,9994252977,Parkour Pandemic [UPDATE 2!],370
2026-10-09T06:05:56Z,128931272139211,10008606756,[🏗️] Claw Fishing,370
2026-10-09T06:05:56Z,90784570995507,10270349664,Lucky Dumplings,369
2026-10-09T06:05:56Z,91440994157417,9105075853,[RAIDS] Build a Military Base,369
2026-10-09T06:05:56Z,111536203110843,10599927450,[💸] ONLY DONATE INFINITE!,369
2026-10-09T06:05:56Z,96574878340154,9930466428,Murder For Brainrots,368
2026-10-09T06:05:56Z,2971329387,1073273083,Cook Burgers,367
2026-10-09T06:05:56Z,122700472919801,8450202664,PANTSIR [WARFARE UPDATE],367
2026-10-09T06:05:56Z,13416514259,4669435504,Shadow Boxing Battles,366
2026-10-09T06:05:56Z,92822063482554,8309394444,SCP Foundation or Trevor Creatures,366
2026-10-09T06:05:56Z,4991214437,1718755273,town,365
2026-10-09T06:05:56Z,6766156863,2564505263,Strongman Simulator,365
2026-10-09T06:05:56Z,8735521924,3317064564,CENTAURA,365
2026-10-09T06:05:56Z,9372570969,3502524667,GRUMPY GRAN! (SCARY OBBY),365
2026-10-09T06:05:56Z,16055759911,5549835355,✈️!UPDATE! Mega Luxury Bus Tycoon🚍 !UPDATE!✈️,363
2026-10-09T06:05:56Z,86757987326668,7483856345,Killer Stairs,363
2026-10-09T06:05:56Z,6066404016,2200020629,Daycare 💥,362
2026-10-09T06:05:56Z,6678877691,2516044547,ZO SAMURAI SWORD FIGHTING,362
2026-10-09T06:05:56Z,14313259147,4948814458,FORTLINE,362
2026-10-09T06:05:56Z,13794093709,4785126950,SCORCHED EARTH 🔊,361
2026-10-09T06:05:56Z,89413975336733,7778848023,Build and Destroy [2 Player Obby],361
2026-10-09T06:05:56Z,123557829667240,9228045253,🌴 Chop Your Tree,361
2026-10-09T06:05:56Z,127177791789316,7661385356,Build a Haven,359
2026-10-09T06:05:56Z,132177827387692,7030416430,[UPD] Slippery Stairs,359
2026-10-09T06:05:56Z,18213102218,6174407103,[🎄] Titan Training Simulator,358
2026-10-09T06:05:56Z,111695898741609,9560516761,Slap Laser Obby,358
2026-10-09T06:05:56Z,135000370479961,9813946433,Draw & Slide,358
2026-10-09T06:05:56Z,107866483212163,10536000210,+1 Speed Verity Backroom Escape,357
2026-10-09T06:05:56Z,113995904598360,7860226425,🚨 Steal Anime!,357
2026-10-09T06:05:56Z,16825633506,5782268341,[CHAPTER 2] CORRIDOR,356
2026-10-09T06:05:56Z,17857806871,6118645803,[💥BATTLES] SCP & Siren Head Roleplay,356
2026-10-09T06:05:56Z,74542317333958,10565445771,Verity Companion [AI],356
2026-10-09T06:05:56Z,121567535120062,6996253752,🔥[UPDATE]🔥Central Streets,356
2026-10-09T06:05:56Z,14475792710,4998613478,Dealership Tycoon 🏎️ Cars,355
2026-10-09T06:05:56Z,73097591386069,10346503194,Trade Dumplings,355
2026-10-09T06:05:56Z,90053646552411,9903325235,Climb KPop Demon Hunters Tower,355
2026-10-09T06:05:56Z,127737908858963,6530766336,Escape Moving Head,355
2026-10-09T06:05:56Z,140033502516293,7707504980,untitled gubby game,355
2026-10-09T06:05:56Z,72659788689464,8051653879,Life in Prison,354
2026-10-09T06:05:56Z,95496064393804,10512998138,Find the Chameleons [301],354
2026-10-09T06:05:56Z,91051110013730,9441720676,Slap Tower 8 🖐️,353
2026-10-09T06:05:56Z,133579701570149,8751492147,[PROXIMA!] The Moon Wakes Up,353
2026-10-09T06:05:56Z,1324061305,533435040,Flicker 💡,352
2026-10-09T06:05:56Z,79831674333936,6595926329,[ Content Deleted ],352
2026-10-09T06:05:56Z,131073412590872,9549133757,[Aggregor] Omini-X Definitivo 9,352
2026-10-09T06:05:56Z,137922494025725,8093473699,Car Crash Studio [alpha],352
2026-10-09T06:05:56Z,12673840215,4444526080,REALISTIC HOOD TESTING,351
2026-10-09T06:05:56Z,130880054413998,9298096434,Dreamworlds [Dreamcore Obby],351
2026-10-09T06:05:56Z,6735572261,2548183080,Pilgrammed: Early Sunset / Ex Machina,350
2026-10-09T06:05:56Z,86164638330564,9940076108,Would You Rather Gear Tower X 💥,350
2026-10-09T06:05:56Z,103854444055060,9503696692,Silent Assassins,348
2026-10-09T06:05:56Z,113075977776798,7232697205,Squid Game 2042,348
2026-10-09T06:05:56Z,76842920359834,10064401653,🏢 The Company [ALPHA],347
2026-10-09T06:05:56Z,17457039279,5974510967,[V0.2 PRE-ALPHA] Darkest Hours,346
2026-10-09T06:05:56Z,117735412151102,9681943457,Catch Brainrots From River,345
2026-10-09T06:05:56Z,132273534230449,7144947546,MEDVED [Beta],345
2026-10-09T06:05:56Z,3344967357,1200145783,🌳 Lumber INC.,344
2026-10-09T06:05:56Z,12623585422,4429851038,Color Block Run,344
2026-10-09T06:05:56Z,14911088043,5137182603,[2x 💰] The Ride,344
2026-10-09T06:05:56Z,80003276594057,7458874788,🎃 [CONSOLE] Pixel Quest!,344
2026-10-09T06:05:56Z,93563420945975,6797677834,Easy Teamwork Obby!,344
2026-10-09T06:05:56Z,9103898828,3421408084,Rogue Demon,343
2026-10-09T06:05:56Z,14104248348,4883092215,[🍂] On Tap 🔊 18+,343
2026-10-09T06:05:56Z,18336470541,6216142007,Seeker vs Hider,343
2026-10-09T06:05:56Z,80692223709267,7857274278,Free UGC Obby (AFK or Play),343
2026-10-09T06:05:56Z,112584447398647,6649845578,Script Shenanigans,343
2026-10-09T06:05:56Z,120450743769548,10334731049,Clean the Supermarket!,342
2026-10-09T06:05:56Z,3101667897,1119466531,Legends Of Speed ⚡,341
2026-10-09T06:05:56Z,14350413280,4960950398,Ice Fishing Simulator 🐟,341
2026-10-09T06:05:56Z,5814304937,2065706268,Outfit Loader Testing Place,340
2026-10-09T06:05:56Z,12347771683,4346424098,Eat a Huge Waffle,340
2026-10-09T06:05:56Z,95094140550911,10549129889,🧪 My Slime Lab (Test Playground) [👉🔵👈],340
2026-10-09T06:05:56Z,99421051519131,7289427971,Color Game! 🎨,340
2026-10-09T06:05:56Z,113939391927202,8187135306,Roblox Innovation Awards 2025 - Voting Hub,340
2026-10-09T06:05:56Z,137477646997636,7547226895,[RELAPSE] Are you okay?,340
2026-10-09T06:05:56Z,1997193809,708100196,Backpacking⛺🐻,339
2026-10-09T06:05:56Z,13559635034,4712126054,Combat Initiation,339
2026-10-09T06:05:56Z,18341181766,6217832823,Push-Up Training Simulator,339
2026-10-09T06:05:56Z,109745098209948,8300580369,[🎃] Get +1 Skill Point Every Second,339
2026-10-09T06:05:56Z,110584310129887,7800961209,[VC] Podcasts 🔊,339
2026-10-09T06:05:56Z,10118559731,3717264063,nico's nextbots 🌸,338
2026-10-09T06:05:56Z,89704645856683,9968527241,[🎯FPS] Rocket Rumble,338
2026-10-09T06:05:56Z,122433454504469,10187487133,Dog VS Police,338
2026-10-09T06:05:56Z,7922773201,3064619271,Final Stand: Remastered,337
2026-10-09T06:05:56Z,15282120493,5270259419,Poly Dash (Geometry Dash),337
2026-10-09T06:05:56Z,6160147794,2250844717,[UPD] Geometry Dash 1.1,336
2026-10-09T06:05:56Z,11451679682,4071487712,Murder Drones: RP | REMASTERED,336
2026-10-09T06:05:56Z,18403789061,6238541028,Knock the Blocks,336
2026-10-09T06:05:56Z,70805830291547,8203127178,"[KJ, VERITY, HALLOWEEN 🎃] Unlimited Battlegrounds",336
2026-10-09T06:05:56Z,76737571462455,9328305853,[ ✨ ] Winx - The Fairy Guardians,336
2026-10-09T06:05:56Z,122889506854558,9975893742,Find and snipe Brainrot【update】,336
2026-10-09T06:05:56Z,124157596473184,9293574407,Skate Off!⛸️ [BETA],336
2026-10-09T06:05:56Z,129548273770183,9354709602,[🎉UPD + X2] Waste Time⏳,336
2026-10-09T06:05:56Z,14067600077,4871329703,TYPE://SOUL,335
2026-10-09T06:05:56Z,109638247223218,9497278040,My Scamming Brainrots!,335
2026-10-09T06:05:56Z,7250769796,2826640183,Build to Survive!,334
2026-10-09T06:05:56Z,11573027469,4107809076,ESCAPE EVIL GRANDPA! (OBBY),334
2026-10-09T06:05:56Z,76193707924033,7780208150,Fling to Climb!,334
2026-10-09T06:05:56Z,84988808589910,8321616508,Rogue Piece: Rebirth,334
2026-10-09T06:05:56Z,102669100769936,9715999586,Defend your base from 67,334
2026-10-09T06:05:56Z,16057679366,5550530788,easiest game ever!,333
2026-10-09T06:05:56Z,16290530659,5620725145,[AIRBUS A340!] Flight Master,332
2026-10-09T06:05:56Z,79657240466394,7703544118,[🌙] Container RNG📦,332
2026-10-09T06:05:56Z,84717457860674,8997131346,Fling This and That,332
2026-10-09T06:05:56Z,73988917142472,6860207008,Leaning Tower Obby,331
2026-10-09T06:05:56Z,114537828794341,8058628992,Kpop Demon Hunters RP,331
2026-10-09T06:05:56Z,117381420723145,9802644580,Summon Heroes [Anime🏮],331
2026-10-09T06:05:56Z,17759606919,6083162964,Helicity,330
2026-10-09T06:05:56Z,17559596992,6011188518,🎃 Animatronic Nights [HALLOWEEN],329
2026-10-09T06:05:56Z,107750563478039,10205485380,Penalty Kicks!,329
2026-10-09T06:05:56Z,111779414681728,7247232515,(ASTRO UPDATE) Reinald Toilet Roleplay,329
2026-10-09T06:05:56Z,123821081589134,7848646653,Break your Bones ☠️,329
2026-10-09T06:05:56Z,126171938168748,10337157761,Don't Steal the Dumpling Squishy 🥟,329
2026-10-09T06:05:56Z,101754965994520,10348973621,Auto Wallhop Troll Tower 🔁,328
2026-10-09T06:05:56Z,107573271137575,10406744768,Secure the Supermarket,328
2026-10-09T06:05:56Z,82075856475941,8759966530,Night Shift at Paulie's (Early Beta) [HORROR],327
2026-10-09T06:05:56Z,85387381843881,10604542637,Clash's Glitch Obby 2,327
2026-10-09T06:05:56Z,88829164647511,6535370051,Domino Engine,327
2026-10-09T06:05:56Z,113131161440109,7661378108,[TURBOS💨] Trails,327
2026-10-09T06:05:56Z,120329833999324,9510573507,GUNS VS FNAF,327
2026-10-09T06:05:56Z,121513083387656,10136060216,Lava Boat,327
2026-10-09T06:05:56Z,6456351776,2408700413,[NEW MAP] Kaiju Paradise,326
2026-10-09T06:05:56Z,6727915552,2544016903,Worldwide Spies,326
2026-10-09T06:05:56Z,84956402848349,7372152033,Realistic Golf ⛳,326
2026-10-09T06:05:56Z,104524602549480,8212026736,[🦖] 99 Nights in the Arctic 🧊,326
2026-10-09T06:05:56Z,112259901434347,9898970160,+1 Speed Be a Lucky Block!,326
2026-10-09T06:05:56Z,10726371567,3882062045,Find The Simpsons [285],325
2026-10-09T06:05:56Z,6847090259,2605831977,Bulked Up,324
2026-10-09T06:05:56Z,698448212,301252049,[🎉300M!] RoBeats! 🎧 Music + Rhythm + RPG,323
2026-10-09T06:05:56Z,13636013760,4734880740,🍁Bobruisk RP [🍂AUTUMN ],323
2026-10-09T06:05:56Z,13953602912,4835576249,Boba Tea Tower (Boba Tower),322
2026-10-09T06:05:56Z,15509312676,5351931175,PROJECT APEX,322
2026-10-09T06:05:56Z,77055804426903,9669297195,[☪️] Sahur Laser Tower,322
2026-10-09T06:05:56Z,7275702385,2839156349,Stick War Legacy Reborn [NPC Controller InfMode],321
2026-10-09T06:05:56Z,9346039031,3494556606,[Event] My Hello Kitty Cafe(Build),321
2026-10-09T06:05:56Z,13664698400,4743794878,The Classic Soccer,321
2026-10-09T06:05:56Z,82013336390273,8832884753,[🍀X3] Pickaxe Simulator! ⛏️,321
2026-10-09T06:05:56Z,114226238552788,8366716517,Sky Fighters,321
2026-10-09T06:05:56Z,14259358984,4931991343,Escape Running Felipe Head 2🏃‍♂️,320
2026-10-09T06:05:56Z,17164617414,5877971206,FPE:S,319
2026-10-09T06:05:56Z,91203203156283,9911988958,[SOUL] Spin a Fem! 🎲,319
2026-10-09T06:05:56Z,124853293317687,9898409899,[HELICOPTERS] 🏔️K2 CLIMBING SIMULATOR,319
2026-10-09T06:05:56Z,133253166104607,7350402084,🔨RO-Scale Sandbox🔨,319
2026-10-09T06:05:56Z,14959543012,5153268250,Ragdoll🌊Waterpark,318
2026-10-09T06:05:56Z,110808833601416,10276281921,[🖼️ MUSEUM] Chameleon,318
2026-10-09T06:05:56Z,126235315046308,8212965377,[💥] Infinite Troll Tower,318
2026-10-09T06:05:56Z,112114621008524,9076692567,[CATALOG🛍️] UGC Creator 🎨,317
2026-10-09T06:05:56Z,6058150350,2195939586,Destruction Physics,316
2026-10-09T06:05:56Z,12118894416,4275891591,Thirsty Vampire,316
2026-10-09T06:05:56Z,18270421464,6193765296,Noob Crusher Tycoon,316
2026-10-09T06:05:56Z,120550559221143,9464360885,Fur Infection Outbreak,316
2026-10-09T06:05:56Z,117180001724009,10435170241,[UPD] Win A World Championship,314
2026-10-09T06:05:56Z,134424372433341,9661927199,💣 Pass or Explode,314
2026-10-09T06:05:56Z,112757576021097,7072674902,Defuse Division,313
2026-10-09T06:05:56Z,139429510985942,10392686454,😈INTERCEPTOR,313
2026-10-09T06:05:56Z,107430889830807,10461810987,[🎃] +1 Satisfying Squishy Escape!,312
2026-10-09T06:05:56Z,110378634670890,10258084287,TRADE AND DUMPLING,312
2026-10-09T06:05:56Z,127707120843339,7091388561,Math Murder,312
2026-10-09T06:05:56Z,2202352383,767752328,💥SPTS Classic,311
2026-10-09T06:05:56Z,88207898227053,10045085816,Build Bridge to Brainrots,311
2026-10-09T06:05:56Z,73413968610508,9065022692,[📗] Школа 102 РП,310
2026-10-09T06:05:56Z,99386843610967,8957522683,Build & Escape from Brainrot,310
2026-10-09T06:05:56Z,114786176505608,9403708294,💣 Time Bomb,310
2026-10-09T06:05:56Z,738339342,323675642,Flood Escape 2 🌊,309
2026-10-09T06:05:56Z,8831256282,3344795851,Doge Head Escape,309
2026-10-09T06:05:56Z,99299148083012,9086253192,Don’t Take the Brainrots 🧠,309
2026-10-09T06:05:56Z,113392430358155,10763860058,💀 TRAPPED,309
2026-10-09T06:05:56Z,12144402492,4283416256,[0.25.3] Deadline,308
2026-10-09T06:05:56Z,109584643077945,10699057921,[🍁] WikiRace!,308
2026-10-09T06:05:56Z,15352354257,5295289103,Ball Eating Simulator,307
2026-10-09T06:05:56Z,74996816424339,7872343282,OVERKILL,307
2026-10-09T06:05:56Z,75519253084635,7009714292,The Apocalypse,307
2026-10-09T06:05:56Z,103477876292879,9954447663,Bobo Heist 🐻,307
2026-10-09T06:05:56Z,5846386835,2082205150,RetroStudio 🔨,306
2026-10-09T06:05:56Z,2830250344,1024564064,[🐴] Horse Valley,305
2026-10-09T06:05:56Z,11021288030,3962631979,🚨 MR YUMMY'S SUPERMARKET! (Escape Obby),305
2026-10-09T06:05:56Z,18688902681,6332490386,Blox Mod,305
2026-10-09T06:05:56Z,81318904502331,8887260140,Superforest 🧚‍♀️,305
2026-10-09T06:05:56Z,104574592080963,7947358622,Gear Slap Tower ✋,305
2026-10-09T06:05:56Z,106749062218661,8302683258,[Halloween PART 1!] The Abnormal Elevator,305
2026-10-09T06:05:56Z,6000468131,2165551367,Granny,304
2026-10-09T06:05:56Z,113161907287934,7742376157,Brainrot VS Mecha [Event Mode],304
2026-10-09T06:05:56Z,116501341774429,9722598100,[🧸] Defend Your Plushie! TD,304
2026-10-09T06:05:56Z,6938803436,2655311011,[⭐2X] Anime Dimensions Simulator,303
2026-10-09T06:05:56Z,75625530412726,10241783978,Larp Your Character!,303
2026-10-09T06:05:56Z,86178279217218,7891669427,[🎃] Murderer VS Sheriff,303
2026-10-09T06:05:56Z,2057751924,725056461,Watch a flood rise,302
2026-10-09T06:05:56Z,8840562096,3347455347,Airship Assault,302
2026-10-09T06:05:56Z,11156779721,3989768869,The Survival Game [UPD!],301
2026-10-09T06:05:56Z,2781899968,1005391673,[☕] Dan's Diner 🍂 FALL UPDATE [VR],300
2026-10-09T06:05:56Z,4950394908,1699553764,🎈 Ragdoll Simulator,300
2026-10-09T06:05:56Z,89625393697373,9811924734,كيبورد العرب | Arabian Keyboard,300
2026-10-09T06:05:56Z,110677803091411,8799094487,Subway Surfing,300
2026-10-09T06:05:56Z,10427804764,3802391897,[FALL 🍂] Soulmate Color 🎨,299
2026-10-09T06:05:56Z,83704201064817,7261493599,Dig the Backyard,299
2026-10-09T06:05:56Z,163501479,78084559,quartz's chassis testing place,298
2026-10-09T06:05:56Z,16141640360,5576890130,[NEW] Skateboard of Hell Obby,298
2026-10-09T06:05:56Z,3690950427,1284180886,Vacation ✈️ (Story),297
2026-10-09T06:05:56Z,71105162305369,6676452674,3D Sprunki RP And Animations [SPREALKI],297
2026-10-09T06:05:56Z,71739455261863,7448595637,Quicksand,296
2026-10-09T06:05:56Z,12625784503,4430449940,Saber Showdown,295
2026-10-09T06:05:56Z,15251574108,5259044414,[🚀🌊UPD!!] Find The Noobies Morphs,295
2026-10-09T06:05:56Z,86707571837034,9860746424,[v1.7.1] Missile Tycoon,295
2026-10-09T06:05:56Z,115394135656997,9929086116,+1 Speed Wings Escape 🦅,295
2026-10-09T06:05:56Z,121903154323395,10428543942,PURSUITCORE,295
2026-10-09T06:05:56Z,335760407,124283622,TPS: Street Soccer 🏆,293
2026-10-09T06:05:56Z,75927771299860,9273584416,Driving Test 🚗,293
2026-10-09T06:05:56Z,104776930318129,9645309602,Mahjong Duel,293
2026-10-09T06:05:56Z,7774892351,3013715655,Fantasia 👑,292
2026-10-09T06:05:56Z,6686932749,2520686564,Halloween Event! | Prehistoria!,291
2026-10-09T06:05:56Z,8054462345,3104101863,Michael's Zombies,291
2026-10-09T06:05:56Z,88480125732253,10217234318,Trade Squishy Dumplings,291
2026-10-09T06:05:56Z,92141204718989,7599404611,Route 06,291
2026-10-09T06:05:56Z,13529953420,4703805278,🤑 Money Race,290
2026-10-09T06:05:56Z,129118369937980,8485482226,[🚨LIMITED🚨] Eagle Nation,290
2026-10-09T06:05:56Z,101533162298733,8902327228,+1 Aura Phonk Edit Tower🎵,289
2026-10-09T06:05:56Z,8549934015,3261058889,[FUSIONS] REx: Reincarnated,288
2026-10-09T06:05:56Z,14842128242,5114328099,100 Player Floor Is LAVA! 🔥,288
2026-10-09T06:05:56Z,103410145208388,7023305701,Squid Game Tower 👀,288
2026-10-09T06:05:56Z,111063824758310,7665084235,🌊 Navy Tycoon,288
2026-10-09T06:05:56Z,94101948530988,8269273068,[OGURI CAP MASTERY] Uma Racing,287
2026-10-09T06:05:56Z,138306279876500,9751615286,[🪨 TDM 🔥] Ultra Toilet Fight 2 (BETA),287
2026-10-09T06:05:56Z,7239319209,2820580801,Ohio.,286
2026-10-09T06:05:56Z,17070462969,5851294352,VOXEL DESTRUCT 2 EARLY ACCESS,286
2026-10-09T06:05:56Z,98456203230140,10766494202,[🏗️] CLONE BUILDERS!,286
2026-10-09T06:05:56Z,101365980107547,7497802350,Guess the Meme or Die 🔊,286
2026-10-09T06:05:56Z,109073199927285,8562618273,Escape The Tsunami 🌊,286
2026-10-09T06:05:56Z,294790062,114070244,Roblox Titanic,285
2026-10-09T06:05:56Z,4855457388,1650291138,[UPDATE 6.0] Demonfall,285
2026-10-09T06:05:56Z,7606564092,2955322961,Shrimp Game,284
2026-10-09T06:05:56Z,18956320538,6420180292,[🫧QOL UPDATE] Mermaid Isle 🌊,284
2026-10-09T06:05:56Z,84487474244896,6805295218,Ear Game (Update),284
2026-10-09T06:05:56Z,127608230264974,10761115872,[UPDATE] La Peace Obby,284
2026-10-09T06:05:56Z,135940397788697,6725604380,people the game,283
2026-10-09T06:05:56Z,3524195448,1247231049,Zaibatsu 🌸 Japan RP,282
2026-10-09T06:05:56Z,14776071100,5092535555,[V 4.0] The Shadow Network,282
2026-10-09T06:05:56Z,15278322858,5269058522,Lexington & Concord,282
2026-10-09T06:05:56Z,122902171482835,9754968779,[🏆EVENT] +1 Health Per Click,282
2026-10-09T06:05:56Z,2866967438,1037979853,Fishing Simulator! 🐟,281
2026-10-09T06:05:56Z,8440392280,3227754471,FNaF : Lost Mind [RP],281
2026-10-09T06:05:56Z,113918641206373,9893515490,☢️ Nuke Your City,281
2026-10-09T06:05:56Z,5991163185,2160907981,Spray Paint!,280
2026-10-09T06:05:56Z,5023011856,1733898268,The Colony [Xbox Support],279
2026-10-09T06:05:56Z,90842695067815,7294208165,24 Hours in Elevator...,279
2026-10-09T06:05:56Z,97395358873146,10750406988,[🛡️] Clickers Ultimate,279
2026-10-09T06:05:56Z,132016691802922,10356701370,Build a Base and Steal😈[2 DAYS],279
2026-10-09T06:05:56Z,78458398895753,6777528662,🚌Dangerous Bus Driving,278
2026-10-09T06:05:56Z,81440632616906,7468338447,⛏️ Dig to Earth's CORE!,278
2026-10-09T06:05:56Z,5717952758,2026574412,Cat VS Mouse 🐁,277
2026-10-09T06:05:56Z,71543463524754,9058303084,Run From 67 Obby 🏃,277
2026-10-09T06:05:56Z,78923819268950,9463334671,Kaiju Arisen 5.0,277
2026-10-09T06:05:56Z,122746235831087,8494484575,🚂 Ride and Slide! [🚀 RIDE PALS],277
2026-10-09T06:05:56Z,137907213347814,6851777385,Cat vs Grandma,277
2026-10-09T06:05:56Z,9495369236,3539082945,Cartoon Network Game On - Tycoon Theme Park,276
2026-10-09T06:05:56Z,103681513248629,9102566780,TANKS!,276
2026-10-09T06:05:56Z,16894230496,5803199989,The Exit 8!,275
2026-10-09T06:05:56Z,81505130631572,9098253051,FACEPAINTING! UGC CREATOR 🖌️,275
2026-10-09T06:05:56Z,130222697019939,10270331873,Punch Up,275
2026-10-09T06:05:56Z,132499927511859,10417987249,Nebulous,275
2026-10-09T06:05:56Z,10760024537,3891658292,🌟Ultimate Easy Obby,274
2026-10-09T06:05:56Z,14581889272,5031482529,Carry Puzzles (Teamwork Obby),274
2026-10-09T06:05:56Z,74410589950588,9829910038,[ARCHIVES] DOORS RNG 👁️,274
2026-10-09T06:05:56Z,103802803330866,9175015027,+1 Speed Hug Keyboard Escape,274
2026-10-09T06:05:56Z,104767169570582,9297902951,Mulberry County,274
2026-10-09T06:05:56Z,130954818388365,10213583516,👥 Make a Friend Request [UPD],274
2026-10-09T06:05:56Z,2629642516,943733974,Bitcoin Miner ⛏️,273
2026-10-09T06:05:56Z,3652625463,1275875292,💪🏻 Lifting Simulator,273
2026-10-09T06:05:56Z,4468711919,1424449565,Super Golf!,273
2026-10-09T06:05:56Z,12141819334,4282689669,Trench Combat 💥,273
2026-10-09T06:05:56Z,18950675748,6418247233,Vina City 🏠 RP,273
2026-10-09T06:05:56Z,71633357192188,10364947962,Save the Dumpling Squishy,273
2026-10-09T06:05:56Z,109485965614898,9801436549,Make your country 🌍,273
2026-10-09T06:05:56Z,134439648709984,10507650215,SlopWare,273
2026-10-09T06:05:56Z,1428472551,568307879,Escape The Dentist Obby! (NEW!),272
2026-10-09T06:05:56Z,1625049462,625764726,The Whispering Wild [ALPHA],272
2026-10-09T06:05:56Z,13027675420,4552793904,[5820 stage!! ] Effortless Tower,272
2026-10-09T06:05:56Z,70476134485723,6596627293,Investor City,272
2026-10-09T06:05:56Z,126639935515772,10500388554,3D Verity RP! [FALSITY!] 🔵,272
2026-10-09T06:05:56Z,6442957604,2401478287,Custom PC Tycoon! 🖥️,271
2026-10-09T06:05:56Z,7057417395,2719766208,when the,271
2026-10-09T06:05:56Z,15235397483,5252919404,Cheese Tower Defense 🧀,271
2026-10-09T06:05:56Z,16666497786,5731967654,Who's Lying?,271
2026-10-09T06:05:56Z,114179093480686,10205430196,💀Scariest Rollercoaster,271
2026-10-09T06:05:56Z,15488074588,5344729474,Find The Sheep [100],270
2026-10-09T06:05:56Z,17663815608,6049446718,La Kantina Vibe,270
2026-10-09T06:05:56Z,72930661540365,9914581074,[UPD 6] Timebomb Ultimate 💣💥,270
2026-10-09T06:05:56Z,92537160695070,9918481645,Carrot Tower Defense 🥕,270
2026-10-09T06:05:56Z,92937726498067,10196660716,[W2] +1 Speed Super Hero Escape,270
2026-10-09T06:05:56Z,103684196891735,6621384161,Just Build!,270
2026-10-09T06:05:56Z,120546894379169,8446266018,Cars vs Trucks,270
2026-10-09T06:05:56Z,124396690804338,9929436407,Muscle Military,270
2026-10-09T06:05:56Z,1185902301,485929611,[Bonnet & Bell Boots] Horse World,269
2026-10-09T06:05:56Z,135152711218919,7284582661,Hitch a Hike,269
2026-10-09T06:05:56Z,12591551497,4419888429,generic zombie apoclypse RP,268
2026-10-09T06:05:56Z,90462358603255,7882829745,[Part 4] Anime Eternal,268
2026-10-09T06:05:56Z,101736964164901,10168229420,[💻] My Gaming Cafe!,268
2026-10-09T06:05:56Z,109509628648368,9711972386,[⚔️] Merge Vs Mobs,268
2026-10-09T06:05:56Z,130372055947743,6654289195,Chicken Gun R,267
2026-10-09T06:05:56Z,139589080661680,10448889633,[⚽FIXED] BL:R RECREATION,267
2026-10-09T06:05:56Z,1240123653,504035427,Zombie Attack,266
2026-10-09T06:05:56Z,10082031223,3706757136,British Railway,266
2026-10-09T06:05:56Z,17277889388,5910910774,Gun Armory Tycoon,266
2026-10-09T06:05:56Z,87555052900625,10417857486,Crunch My Butter! 🧈,266
2026-10-09T06:05:56Z,4640354700,1527252839,Ben 10 Super Hero Time,265
2026-10-09T06:05:56Z,12533625712,4403361086,🏍️ Motorcycle Mayhem,264
2026-10-09T06:05:56Z,84575720768520,10148434559,Lucky Block Rush,264
2026-10-09T06:05:56Z,92801681573829,10454932245,[✋] Slapper Troll Tower,264
2026-10-09T06:05:56Z,106763540857326,10086454767,Blox Monsters,264
2026-10-09T06:05:56Z,114319646192859,10299262219,[⭐] Spin For Free!,264
2026-10-09T06:05:56Z,129839966867899,10514488908,Verity [HORROR],264
2026-10-09T06:05:56Z,135849823614481,7325821778,CARNAGE,264
2026-10-09T06:05:56Z,73518504439978,8722889197,Don’t Steal the Brainrots 🧠,263
2026-10-09T06:05:56Z,76231371152392,7139547730,[UPD⛱️] Forsaken RP,263
2026-10-09T06:05:56Z,82524183928567,10265803948,[🐐] Build A Soccer Squad!,263
2026-10-09T06:05:56Z,130782443587508,8744978097,Dronefront [PHYSICS],263
2026-10-09T06:05:56Z,228181322,98839997,[👑Carnotaurus!] Dinosaur Simulator,262
2026-10-09T06:05:56Z,79638614256104,8475779172,⛏️ Dig Out Of Jail,262
2026-10-09T06:05:56Z,8657806289,3293525400,Dummies vs Noobs,261
2026-10-09T06:05:56Z,113163913958443,8138207962,Snowflake Stage Tower ❄️,261
2026-10-09T06:05:56Z,131906518201863,8935993972,[☕] Own a Cafe,261
2026-10-09T06:05:56Z,2413927524,847722000,The Rake REMASTERED,260
2026-10-09T06:05:56Z,81650261920000,10765035506,Would You Rather: Halloween Tower 🎃,260
2026-10-09T06:05:56Z,92044060392057,7690412163,Dead Sewers🌊[Alpha],260
2026-10-09T06:05:56Z,15405900187,5315312115,[RP] Pine Ridge,259
2026-10-09T06:05:56Z,96925698409585,8503596762,Hungry Wheels [⭐BETA],259
2026-10-09T06:05:56Z,127332613700317,10493730706,[V1.2 UPDATE] DON'T LOOK BACK [ALPHA],259
2026-10-09T06:05:56Z,132640332499066,10275970697,💥Global Anarchy [Early Access],259
2026-10-09T06:05:56Z,8540168650,3258251641,[HUGE UPDATE] Stand Upright: Rebooted,258
2026-10-09T06:05:56Z,10235499475,3749444437,Cart Ride Fun,258
2026-10-09T06:05:56Z,74226462246442,10090384240,[🚨] 911 Dispatch Simulator,258
2026-10-09T06:05:56Z,123741668193208,8081472583,"The $1,000,000 Jump Rope",258
2026-10-09T06:05:56Z,2650582631,952510115,[AUTO SHOP] Toll Bridge Simulator: Tycoon 🚘🏢,257
2026-10-09T06:05:56Z,108949313599411,9215622365,Like Laser Tower,257
2026-10-09T06:05:56Z,120468139832999,9529449775,Jujutsu School🏫 (Anomaly),257
2026-10-09T06:05:56Z,82554996468034,10456832990,[NEW WORLD] +1 Pickaxe Swing Escape,256
2026-10-09T06:05:56Z,114788221976686,10255492538,[🍀] Luck Incremental,256
2026-10-09T06:05:56Z,123785180486774,6795084137,Fling A Friend! [2 Player Obby],256
2026-10-09T06:05:56Z,1939840914,698978335,Nations Roleplay 2,255
2026-10-09T06:05:56Z,17607627675,6029235117,Nations Roleplay 2,255
2026-10-09T06:05:56Z,87216984571248,9713717379,Grabpack Sandbox Game [MULTIPLAYER],255
2026-10-09T06:05:56Z,4375619868,1404342734,[UPD] Kohaú Hibachi Restaurant 🍣,254
2026-10-09T06:05:56Z,12877710042,4507116437,Banana Nextbot 🍌,254
2026-10-09T06:05:56Z,13059719130,4563062026,Glory Kill Testing,254
2026-10-09T06:05:56Z,104034421066865,8299444324,Hamood Habibi Tower 🎵,254
2026-10-09T06:05:56Z,122576696342824,7071645746,Dragon Training🐉,254
2026-10-09T06:05:56Z,6430630495,2394934836,Korean BBQ Restaurant [Beta Test],253
2026-10-09T06:05:56Z,14120937723,4888219005,Build & Survive,253
2026-10-09T06:05:56Z,15490522013,5345619122,Are You Smart? 🤓,253
2026-10-09T06:05:56Z,83556772114521,9882110948,King Tower!,253
2026-10-09T06:05:56Z,107717448640907,9324506782,[UPD] Nights of Eternity 🍕,253
2026-10-09T06:05:56Z,118891884735667,8000413855,Teamwork Tower,253
2026-10-09T06:05:56Z,139489585993138,9357218675,🎈 Blow Up and Fall! [🚨UPD],253
2026-10-09T06:05:56Z,3835537082,1315450727,Daycare 🎈 (Story),252
2026-10-09T06:05:56Z,8646026339,3289847355,[Gradient & Rainbow!] Tower Creator,252
2026-10-09T06:05:56Z,8789237466,3332494509,Ballroom Dance ❤️,252
2026-10-09T06:05:56Z,10853515606,3918560032,🎃 MEDIEVAL STRATEGY,252
2026-10-09T06:05:56Z,76490888522129,9468765165,Math Tower 🧠,252
2026-10-09T06:05:56Z,8881972529,3358820946,LewisLife 🏡 RP,251
2026-10-09T06:05:56Z,108180124695820,9759989445,Highway Drifting: Hajwala,251
2026-10-09T06:05:56Z,17541179,31874888,⛏️ Mega Miners,250
2026-10-09T06:05:56Z,17124607103,5867087288,melon river tycoon *QUESTS*,250
2026-10-09T06:05:56Z,118055952211055,10066929248,Hack A Business,250
2026-10-09T06:05:56Z,131783066284968,7658839393,Feed Your Pet!,250
2026-10-09T06:05:56Z,5902977746,2114144926,[SEASON 10!] Ultimate Tower Defense,249
2026-10-09T06:05:56Z,74497731054281,10008717728,[🚘] Unbox a Car,249
2026-10-09T06:05:56Z,87039211657390,7074860883,ARISE 1.0 [🚨STATUS: IN DEV ],248
2026-10-09T06:05:56Z,18564534135,6289989379,The Highest Ever Waterslide Obby,247
2026-10-09T06:05:56Z,125299131646017,10419655626,Sintonia RP,247
2026-10-09T06:05:56Z,214169,218753,Prison Life V3,246
2026-10-09T06:05:56Z,5607971791,1962399895,Toy Defense🧸,246
2026-10-09T06:05:56Z,8351248417,3195917432,[BLOX CARDS🃏] Booth Game,246
2026-10-09T06:05:56Z,12377995562,4356309501,[Hallow] Trollge Incident Fights Reborn,246
2026-10-09T06:05:56Z,13278749064,4627714100,White Room,246
2026-10-09T06:05:56Z,15864327873,5485660832,Teamwork Obby,246
2026-10-09T06:05:56Z,15884960959,5492723512,Meme Maker [UPDATED!] 😎,246
2026-10-09T06:05:56Z,119910584000876,10381830868,🧟‍♂️Backrooms Morphs 2 [UPDATE!],246
2026-10-09T06:05:56Z,121125129560252,10406668651,[🌎] Mine a Planet,246
2026-10-09T06:05:56Z,5391778736,1888174103,Centipede,245
2026-10-09T06:05:56Z,8424052013,3222531984,[🔴RX-7] Prodigy Drift,245
2026-10-09T06:05:56Z,15845087881,5479285260,🕸️🕷️Survive Spiderman The Killer!,245
2026-10-09T06:05:56Z,104890260413773,10080411105,TCU : RE-CODE v0.12,245
2026-10-09T06:05:56Z,3226555017,1165835263,SCP: Site Roleplay,244
2026-10-09T06:05:56Z,4936591712,1692631458,SPLASH ⭐️ Skate & Music,244
2026-10-09T06:05:56Z,71629130314861,8438735581,💥 War of 1812 Tower Defense,244
2026-10-09T06:05:56Z,71689406215487,10420832668,[🎃UPDATE ] Komorebi Prison,244
2026-10-09T06:05:56Z,73529433316576,9913633503,Climb Scary Pocong Tower,244
2026-10-09T06:05:56Z,74346715233213,7652236703,{UPD10}Shoot Train: Spider Attack,244
2026-10-09T06:05:56Z,89878475550536,7088784977,Clothing Store Simulator,244
2026-10-09T06:05:56Z,111421220771064,10121169692,[💪] Push a Lucky Block,244
2026-10-09T06:05:56Z,73222213407172,9560810097,SCP,243
2026-10-09T06:05:56Z,45146873,39559307,Tower Battles,242
2026-10-09T06:05:56Z,11481846244,4082023366,Taiyaki Stage Tower,242
2026-10-09T06:05:56Z,111471464387284,9161811618,Survive Bikini Bottom,242
2026-10-09T06:05:56Z,126690911414483,8152539587,[NEW] TROLL OBBY 😈,242
2026-10-09T06:05:56Z,8146731988,3132040251,Ultra Power Tycoon,241
2026-10-09T06:05:56Z,70501379,26216381,Trade Hangout,240
2026-10-09T06:05:56Z,97161836387733,8232540509,[🎃MUTATION] Steal a FNAF,240
2026-10-09T06:05:56Z,104239938688296,6683166603,Every Click +1 Eat 🍔,240
2026-10-09T06:05:56Z,131910189515331,10554316588,+1 Spinjitsu Escape ⚡,240
2026-10-09T06:05:56Z,891539556,371112664,Build a Medieval Army,239
2026-10-09T06:05:56Z,110470672231288,7964539330,INSANE Troll Slap Tower 😈,239
2026-10-09T06:05:56Z,112531085636442,10357992717,Monobombo [🙈🙉🙊],239
2026-10-09T06:05:56Z,128637868413472,9710205604,Clean Crew 🧹,239
2026-10-09T06:05:56Z,17357719939,5939817752,Wizard West,238
2026-10-09T06:05:56Z,80701570784699,10059591740,My Dino Park!,238
2026-10-09T06:05:56Z,5133040469,1784051919,[New Update] Beat up simulator,237
2026-10-09T06:05:56Z,6700307184,2528641125,Destroy a City,237
2026-10-09T06:05:56Z,8096601114,3116863918,A Simple Obby Saga,237
2026-10-09T06:05:56Z,8267733039,3171190217,🎃 SPECTER,237
2026-10-09T06:05:56Z,8534845015,3256689155,[King Crimson] Sakura Stand,237
2026-10-09T06:05:56Z,75619747573061,7258574494,Краснодарский Край [WIP] ☀️,237
2026-10-09T06:05:56Z,81638371039092,9077534770,Ice Cream Shop [HORROR],237
2026-10-09T06:05:56Z,101268431471855,7335437420,Find The Hamster [395],237
2026-10-09T06:05:56Z,130274245431977,9804429271,[CORRUPTED!] Climb and Plunge,237
2026-10-09T06:05:56Z,11970456,8726258,Hole in the Wall,236
2026-10-09T06:05:56Z,1182833048,484789923,Growing Up 🎃🧹,236
2026-10-09T06:05:56Z,4032944086,1347180440,[🎃] Get Huge Simulator 💪,236
2026-10-09T06:05:56Z,79940517734440,9126204352,Slasher Blade Loot [Raid],236
2026-10-09T06:05:56Z,97837301536811,6714256816,Ro-Bio Injection Experiment,236
2026-10-09T06:05:56Z,115427048845142,9833852980,(🏹 UPDATE) Medieval Life [BECOME KING 👑],236
2026-10-09T06:05:56Z,81272814168643,10134375742,Battle Pet 💥,235
2026-10-09T06:05:56Z,110339581423462,9630276723,【UPD】+1 Speed Dinosaur Escape,235
2026-10-09T06:05:56Z,119405710070223,9540040997,I HATE BRAINROT,235
2026-10-09T06:05:56Z,136407404714539,8834587397,Find the Brainrot [620],235
2026-10-09T06:05:56Z,13313611422,4638282337,[🐬UPD] Plushie Tower,234
2026-10-09T06:05:56Z,75290583112878,10654199482,[🦊] Fruit Zombie Survival,234
2026-10-09T06:05:56Z,82329146189989,10091482757,Kick a Lucky Block for Football Clubs!,234
2026-10-09T06:05:56Z,108645141774564,6701101774,The Tower,234
2026-10-09T06:05:56Z,133083514087477,9395554342,[☀️] Ultimate Block Build 🔨,234
2026-10-09T06:05:56Z,12575645876,4415513621,Foresto: Hunting Game,233
2026-10-09T06:05:56Z,8226526459,3157693601,🛴Super Speed Tycoon🛴: Playground,232
2026-10-09T06:05:56Z,129870876180628,10040497010,[🌍]Guess My Country!,232
2026-10-09T06:05:56Z,130960021905304,10372466625,fight on a baseplate,232
2026-10-09T06:05:56Z,4490140733,1434220026,My Restaurant! 👨‍🍳,230
2026-10-09T06:05:56Z,103610264623745,9355540807,Untitled Fling Experience,229
2026-10-09T06:05:56Z,113816179306818,7481713061,Stretch A Friend [2 Player Obby],229
2026-10-09T06:05:56Z,15599653678,5386253062,Dan's Karaoke,228
2026-10-09T06:05:56Z,17455699549,5974009462,[FREE KJ] Mystic Battleground,228
2026-10-09T06:05:56Z,75888315541325,10138988383,Push Rock for Brainrots!,228
2026-10-09T06:05:56Z,15529194484,5359468080,🛍️ Fashion Show,227
2026-10-09T06:05:56Z,17319231123,5925801449,code[Steam] Hot's RNG,227
2026-10-09T06:05:56Z,80844740579381,10737127681,Hide ur Base and Steal 🤫,227
2026-10-09T06:05:56Z,8305160617,3183742847,Last to Leave the Circle,226
2026-10-09T06:05:56Z,8597349706,3274669156,Before Truth [Horror],226
2026-10-09T06:05:56Z,126857641130765,9903685259,Rocket Spleef 💥,226
2026-10-09T06:05:56Z,10518166490,3826087550,ARMORED PATROL,225
2026-10-09T06:05:56Z,18382602608,6231868526,Our Execution [V7.8a.0: Medical Aid & More],225
2026-10-09T06:05:56Z,72525366293660,8847904177,[🎨] Camo Troll Tower 4,225
2026-10-09T06:05:56Z,79886695267825,9807783902,Steal The Show! 🎤⭐️,225
2026-10-09T06:05:56Z,84987799649901,6717464085,War of the Worlds,225
2026-10-09T06:05:56Z,3840352284,1316421563,Volleyball 4.2,224
2026-10-09T06:05:56Z,11945996815,4228233498,Crazy Cards 🤣,224
2026-10-09T06:05:56Z,12018893069,4252393983,Team Soccer,223
2026-10-09T06:05:56Z,100722736774753,10383037602,Guess My Football Country 🏆,223
2026-10-09T06:05:56Z,107646426076756,10039338037,[🌽] Build A Ring Farm,223
2026-10-09T06:05:56Z,110373292461174,10247712813,✈️ Paper Plane for Brainrots,223
2026-10-09T06:05:56Z,16484010483,5678463488,Build Defense🛡️,222
2026-10-09T06:05:56Z,76113971506717,10257007695,Snowcone Stand,222
2026-10-09T06:05:56Z,121766265831153,10389353525,Rescue Pets!,222
2026-10-09T06:05:56Z,135392317269737,9146149577,FREE FOR ALL,222
2026-10-09T06:05:56Z,5342047554,1871172282,💀 Backstretch Battles Racing,221
2026-10-09T06:05:56Z,88454318405193,9557528747,[⚔️DUEL] HAVOK | TDM & Sniper FFA,221
2026-10-09T06:05:56Z,109908567838703,10015834582,[🍍] Nuke for Brainrot,221
2026-10-09T06:05:56Z,90452499792903,8156949424,Build Hide Seek 🔨,220
2026-10-09T06:05:56Z,96469185605358,7391615616,Age Evolution Tycoon 🗿,220
2026-10-09T06:05:56Z,107734853434823,9232634201,Run from Fast Fredbear,220
2026-10-09T06:05:56Z,111765932318951,10253570298,[💎] Mining Empire,220
2026-10-09T06:05:56Z,125415045928192,7459972296,[x5 Event 🌈] Roller Training ⛸️,220
2026-10-09T06:05:56Z,1335775256,537476076,📸Studio District | (PhotoShoot x Green Screen),219
2026-10-09T06:05:56Z,14110939227,4885171702,Don't Poop Yourself at School! (Obby),219
2026-10-09T06:05:56Z,16406338595,5655148138,Russian Town Damirovsk,219
2026-10-09T06:05:56Z,16590754220,5709370512,Pull a Friend [2 Players],219
2026-10-09T06:05:56Z,16883974868,5800312217,Jule's RNG,219
2026-10-09T06:05:56Z,17787356608,6093419211,🏰Bounce Castle Playground Roleplay🏰,219
2026-10-09T06:05:56Z,86754403332185,8430503828,Steal a Clown,219
2026-10-09T06:05:56Z,134257874794717,6925369391,Capybara Evolution,219
2026-10-09T06:05:56Z,137556017174451,10044193822,Murder Legends,219
2026-10-09T06:05:56Z,8867129986,3354479870,just daytona. (2012 SOFT BODY),218
2026-10-09T06:05:56Z,75815495916154,7866302411,[UPD] 💛 Friendship Island,218
2026-10-09T06:05:56Z,124848984306038,10756847038,[UPD] Airport Tycoon 2!,218
2026-10-09T06:05:56Z,9388784421,3507461489,Destroy a Bridge (5M!),217
2026-10-09T06:05:56Z,10714365287,3878727131,[REVAMP] Anime Racing Clicker,217
2026-10-09T06:05:56Z,15885874861,5493012775,Eat Slimes to Grow HUGE,217
2026-10-09T06:05:56Z,83506841621555,9260939847,[🦸‍♂️] Kick Door To Escape [TRAINER x2],217
2026-10-09T06:05:56Z,98138235237704,8228371304,Hide the Friend,217
2026-10-09T06:05:56Z,104770044244450,7435020231,✨Dead Spells✨ [🔩 Steampunk 🔩],217
2026-10-09T06:05:56Z,3607619584,1265527561,Airplane [Story] ✈️,216
2026-10-09T06:05:56Z,94264573845314,9271890694,[🙏] Faith Incremental,216
2026-10-09T06:05:56Z,95744979554149,8661631014,[UPD] 99 Nights Zombie Tower Defense,216
2026-10-09T06:05:56Z,103420959027271,6595886247,[💥] Aura Battles,216
2026-10-09T06:05:56Z,6063653725,2198666251,100 Player Mega Hide and Seek! 💯,215
2026-10-09T06:05:56Z,17670743999,6052033819,[UPD🍓] Cake Off!,215
2026-10-09T06:05:56Z,18337464872,6216468795,Weak Legacy 2,215
2026-10-09T06:05:56Z,8425637426,3223065041,Write a Letter,214
2026-10-09T06:05:56Z,13326256431,4642134795,Obby But You Can't Jump,214
2026-10-09T06:05:56Z,115052402364088,9882296644,🎨Paint It! Pixel Obby 🖌️,214
2026-10-09T06:05:56Z,4598019433,1499870257,[QUEST] generic roleplay gaem.,213
2026-10-09T06:05:56Z,4967465336,1707552920,Ray's Mod,213
2026-10-09T06:05:56Z,13218487861,4610249460,Team School Escape! (TEAMWORK OBBY),213
2026-10-09T06:05:56Z,15561786880,5371687033,QUICKDRAW: LEGACY,213
2026-10-09T06:05:56Z,103571191458177,9507134447,[X20] Dig Training ⛏️ [WEEKEND],213
2026-10-09T06:05:56Z,126430723807441,9743812375,🗡️ Surrounded [BETA],213
2026-10-09T06:05:56Z,16304978305,5625220213,⚽️ Goal Battles 🥅,212
2026-10-09T06:05:56Z,74205509034203,10766456501,The Hunt: Roblox 20,212
2026-10-09T06:05:56Z,86082995079744,7789403886,Slap Tower 4 🖐️,212
2026-10-09T06:05:56Z,131320856116838,10352185757,Experience Abstraction,212
2026-10-09T06:05:56Z,4655652068,1536694921,Noob Train,211
2026-10-09T06:05:56Z,5062619730,1751760283,War Simulator,211
2026-10-09T06:05:56Z,9088821229,3417089901,Nations Roleplay 3,211
2026-10-09T06:05:56Z,15859503151,5484165112,Highland Park 🏡RP,211
2026-10-09T06:05:56Z,135860272218644,9908843098,SURVIVE Bus Ride 🚌,211
2026-10-09T06:05:56Z,70960300100792,9561352550,[REVAMP] Dropper Incremental,210
2026-10-09T06:05:56Z,77301670644441,9671745030,[I MISS THE QUIET] Luuynix's Animations,210
2026-10-09T06:05:56Z,99702578544768,9330616906,🐟 BE A FISH BAIT! 🤖SCI-FI UPD,210
2026-10-09T06:05:56Z,104243526201936,6542509482,Wrestling Legends [🔥 UPD4],210
2026-10-09T06:05:56Z,119795911462450,8140627455,Steal a SpongeBob,210
2026-10-09T06:05:56Z,131241838217477,10112435932,Oldest T Tower Defense [💥EP 74 PART 1],210
2026-10-09T06:05:56Z,139898971402929,7258480741,No More Time [ALPHA],210
2026-10-09T06:05:56Z,3804735158,1310079979,Princess Tycoon,209
2026-10-09T06:05:56Z,4746041618,1586272220,Steel Titans [UPDATE],209
2026-10-09T06:05:56Z,6182305461,2263267302,Infamy,209
2026-10-09T06:05:56Z,13924946576,4826476142,dingus,209
2026-10-09T06:05:56Z,14448027693,4990825012,Mega Princess Tycoon,209
2026-10-09T06:05:56Z,75839707976715,9526307912,[🐒] Escape The ZOO!,209
2026-10-09T06:05:56Z,77440920242306,9917678692,Draw Wheels to Escape ✏️,209
2026-10-09T06:05:56Z,77747054101308,7677035096,[🚩] Expedition Cave Dive,209
2026-10-09T06:05:56Z,89561601601392,10232922349,Penguin Tycoon🐧,209
2026-10-09T06:05:56Z,103740390007820,9580564449,Test roba un payaso,209
2026-10-09T06:05:56Z,104345459754027,10764492565,[UPD🎀] AFK for UGC,209
2026-10-09T06:05:56Z,139522132549152,6964415405,Random Mafia Shooter,209
2026-10-09T06:05:56Z,6792057800,2577700536,Airsoft FE,208
2026-10-09T06:05:56Z,11828997646,4186374809,Locos Online SCAREDY ENGINES 🚂 🌏,208
2026-10-09T06:05:56Z,80031826041492,10524089399,+1 Speed Aqua Keyboard Escape,208
2026-10-09T06:05:56Z,4954752502,1701623492,[2x Coins]Tower of Misery,207
2026-10-09T06:05:56Z,10523498173,3827505494,[🎃] Trollge Universe Incident,207
2026-10-09T06:05:56Z,11157166793,3989869156,Ant War 🐜,207
2026-10-09T06:05:56Z,73136526659195,9459951439,🛍️ Tiramisu Outfit Catalog,207
2026-10-09T06:05:56Z,118022306740532,7957168819,2 Player Fast Food Tycoon 🍟,207
2026-10-09T06:05:56Z,4299508195,1393178180,Polish Car Driving 🚗,206
2026-10-09T06:05:56Z,5523851880,1930696602,🐰 8-Ball Pool Classic 🎱,206
2026-10-09T06:05:56Z,18124463753,6144216261,[NEW MAP] Garten of Banban RP X!,206
2026-10-09T06:05:56Z,18432975025,6247557414,Short Horror Games,206
2026-10-09T06:05:56Z,131322417028955,8596938601,Champions: Summon Your Team,206
2026-10-09T06:05:56Z,17726852848,6071712615,Midnight Station [HORROR],205
2026-10-09T06:05:56Z,73296902324416,10234614974,Bid For Brainrot!,205
2026-10-09T06:05:56Z,79436299646095,8209640691,One of Us,205
2026-10-09T06:05:56Z,82570142697239,10517428659,[😈] Make a Party,205
2026-10-09T06:05:56Z,98789889906928,7835102410,Italian Brainrot Thieves 🧠,205
2026-10-09T06:05:56Z,5036207802,1739980248,RB Battles Minigames!🏆,204
2026-10-09T06:05:56Z,5593470048,1953956112,Visual Pianos 🎹,204
2026-10-09T06:05:56Z,15281176914,5269942725,RNG Fights,204
2026-10-09T06:05:56Z,16208246546,5596056495,nico's nextbots [legacy],204
2026-10-09T06:05:56Z,140063367098641,10204207151,Catch a Brainrot,204
2026-10-09T06:05:56Z,7205641391,2802559498,{MECHANICS} Monday Morning Misery [Beta],203
2026-10-09T06:05:56Z,15446342241,5329644515,Mansion Life Tycoon 🏡,203
2026-10-09T06:05:56Z,120742901763323,9296280806,[🎃HALLOWEEN] Beat Obbies For Noobs,203
2026-10-09T06:05:56Z,8929050629,3371147486,Mo's Academy,202
2026-10-09T06:05:56Z,12127977817,4278693737,ผีไทย: Nangram.,202
2026-10-09T06:05:56Z,81712765462061,8675480462,(+10) Escape The Rooms [2 Player],202
2026-10-09T06:05:56Z,98916904742148,9969095451,Surf for Lucky Blocks,202
2026-10-09T06:05:56Z,104212420274467,7663926977,Ride a Box to the End,202
2026-10-09T06:05:56Z,106809703371658,6596003198,[🎵] Project : RUSHER,202
2026-10-09T06:05:56Z,133968315607063,8279887603,Redfield Elementary School 🐦,202
2026-10-09T06:05:56Z,107040934010858,7076793942,[NINJA] Project Egoist,201
2026-10-09T06:05:56Z,9377039667,3503896276,Roblox Innovation Awards Voting Hub,200
2026-10-09T06:05:56Z,70554197060609,7278893183,Secret Staycation Dark,200
2026-10-09T06:05:56Z,105896604492658,9250508067,Music Festival Tycoon,200
2026-10-09T06:05:56Z,9756976552,3615728730,[NEW] Derelict,199
2026-10-09T06:05:56Z,12094105681,4268443739,🌈 Accurate Rainbow Friends Roleplay,199
2026-10-09T06:05:56Z,12898101290,4513784130,Mega Easy Tower,199
2026-10-09T06:05:56Z,110668201954727,10601447895,+1 Web Swing Escape,199
2026-10-09T06:05:56Z,3454695069,1229590289,🍦ice cream club best game ever,198
2026-10-09T06:05:56Z,13486458351,4691024791,Draw Obby [NEW],198
2026-10-09T06:05:56Z,73613510857111,10637513477,[NEW] 🐿+1 Speed Squirrel Escape,198
2026-10-09T06:05:56Z,97090732168175,10674300622,The Locust's Manor,198
2026-10-09T06:05:56Z,121091852804618,9479962597,Coil Troll Tower,198
2026-10-09T06:05:56Z,127475054933484,10340721921,⚡Power a City,198
2026-10-09T06:05:56Z,8087448382,3114128441,[🚲] GreenPeak | BIKE PARK [BETA],197
2026-10-09T06:05:56Z,13448262796,4679222104,[GOGETA] Saiyan Battlegrounds,197
2026-10-09T06:05:56Z,115546062808020,9727036596,Spiral Conveyor Tower,197
2026-10-09T06:05:56Z,134408426670720,7267853694,Building Boats ⛵,197
2026-10-09T06:05:56Z,14973253793,5157735000,✈️ Work at an Airport Flight Simulator RP,196
2026-10-09T06:05:56Z,81016979062694,8420667959,[UPD] The Warteg,196
2026-10-09T06:05:56Z,129938700249638,10739681803,Arena 👑,196
2026-10-09T06:05:56Z,8265622251,3170483284,Croydon: London Bus Simulator,195
2026-10-09T06:05:56Z,13983414180,4844688863,Obakyu Electric Railway: Train Simulator,195
2026-10-09T06:05:56Z,93654646161462,8230649365,🥑 Avocado Obby,195
2026-10-09T06:05:56Z,121832258967987,7396511690,Racer Vs Police AI,195
2026-10-09T06:05:56Z,5736409216,2033913602,Mall Tycoon,194
2026-10-09T06:05:56Z,6211217272,2278167893,Falling Color Block,194
2026-10-09T06:05:56Z,15437136654,5326310507,Salon Makeover 💅,194
2026-10-09T06:05:56Z,109069998531261,6647992437,Build to Survive MONSTERS!,194
2026-10-09T06:05:56Z,110499685368790,10067173115,Highest Zipline Ever,194
2026-10-09T06:05:56Z,2961583129,1069466626,[🎃] Pass the Bomb!,193
2026-10-09T06:05:56Z,7541759836,2932087834,Concave World: Free Jungle,193
2026-10-09T06:05:56Z,11497119928,4086773669,PET PARTY 🎉 RP,193
2026-10-09T06:05:56Z,70904050766278,10634585968,Merge an SCP,193
2026-10-09T06:05:56Z,97463774278378,10029297024,HIDE FROM THE VILLAIN,193
2026-10-09T06:05:56Z,109547184439419,10649457157,AI Interrogation 📁,193
2026-10-09T06:05:56Z,126256521685154,7779759515,Squid Evolution,193
2026-10-09T06:05:56Z,133679065471783,7113705633,MonsterVerze [💜BETA💜],193
2026-10-09T06:05:56Z,568350650,225431369,Fashion Famous 2,192
2026-10-09T06:05:56Z,3141890059,1133783360,Cars vs Trains! [Switzerland!!],192
2026-10-09T06:05:56Z,17350080740,5937080379,Infinite Script Fighting,192
2026-10-09T06:05:56Z,98041593342319,10127764368,Blind Timer ⏳,192
2026-10-09T06:05:56Z,7052580219,2717209656,Truck Testing Remaster,191
2026-10-09T06:05:56Z,11966456877,4234745929,Answer or Die,191
2026-10-09T06:05:56Z,12215065479,4304597338,[UPDATE] RC Park,191
2026-10-09T06:05:56Z,94743262954649,9857818180,"THE ""TSUNAMI GAME""",191
2026-10-09T06:05:56Z,100079017940927,9702840627,🤔Hot or Cold: Guess the Word!,191
2026-10-09T06:05:56Z,97387256206808,10093833731,[2x🍀]Broken Blade[Dragon],190
2026-10-09T06:05:56Z,102990893659741,10214798872,[BOSS UPD] Brainblast a Lucky Block!,190
2026-10-09T06:05:56Z,119569506060933,9866702716,Craft a Menu,190
2026-10-09T06:05:56Z,5310443220,1859597048,GOD TYCOON,189
2026-10-09T06:05:56Z,90803345996188,10176502031,Speed vs Giant,189
2026-10-09T06:05:56Z,109800545950624,9292113306,Build a Minecart Track 🎢,189
2026-10-09T06:05:56Z,137969408767471,8618085157,Make a Army! ⚔️,189
2026-10-09T06:05:56Z,82031770257269,9715909786,Jump To Steal Lucky Blocks,188
2026-10-09T06:05:56Z,100831517378953,6505212049,Drive it! [2 Player Obby],188
2026-10-09T06:05:56Z,125610973771133,7886873133,Steal a Slap!,188
2026-10-09T06:05:56Z,7031179594,2705536355,(965) Find the Chomiks [Mid-wait QOL Update!],187
2026-10-09T06:05:56Z,113489516847696,8916375040,My Fishing Brainrots,187
2026-10-09T06:05:56Z,127939871079676,6859793761,WB Simulator 📦,187
2026-10-09T06:05:56Z,130172344017004,10008450782,SOON 🎃 Multiverse TD,187
2026-10-09T06:05:56Z,6873104649,2620076187,Destroy The Ship!,186
2026-10-09T06:05:56Z,12297350239,4330936850,[ITACHI VS SASUKE] Shonen Unleashed,186
2026-10-09T06:05:56Z,16077935683,5557213486,Drive X | Cars,186
2026-10-09T06:05:56Z,73889875294947,10435851846,[EVENT] Hit Home Runs,186
2026-10-09T06:05:56Z,91931360732020,10515406328,Clean the Animal Daycare!,186
2026-10-09T06:05:56Z,125088003721533,6651491108,🙏 stairs to heaven,186
2026-10-09T06:05:56Z,128520572013466,6623153829,Chained Cars [2 Player Obby],186
2026-10-09T06:05:56Z,133007106457547,10246386961,+1 Muscle Evolution,186
2026-10-09T06:05:56Z,381674682,143384880,Where's the Baby!,185
2026-10-09T06:05:56Z,6622795055,2494294834,🛍️ Berkeley County,185
2026-10-09T06:05:56Z,9337187827,3491874687,Another Place,185
2026-10-09T06:05:56Z,12641272458,4434803478,Teamwork Puzzles 2 (Obby),185
2026-10-09T06:05:56Z,14970015233,5156590883,🍉 Watermelon GO! [2.0] [Fruit Game],185
2026-10-09T06:05:56Z,107830557815237,7972256224,Deep Space Tycoon: Reborn,185
2026-10-09T06:05:56Z,129894272516762,8698022820,[67] Climb to Save Brainrot,185
2026-10-09T06:05:56Z,133815151,44636121,The Final Stand 2 [8.0] Industrial Park Map! 🏭,184
2026-10-09T06:05:56Z,5243351588,1835674207,Elevators,184
2026-10-09T06:05:56Z,16558187854,5700160823,Letter Search!,184
2026-10-09T06:05:56Z,18968763874,6424949786,A Niche Barista Game,184
2026-10-09T06:05:56Z,108907565924821,7142584993,🧨Firework Testground! [BETA],184
2026-10-09T06:05:56Z,113720203996283,9100068452,[❄️] Park a Car🅿️,184
2026-10-09T06:05:56Z,131234167969699,10340194375,[🍗🥪🍔] Stream a Mukbang!,184
2026-10-09T06:05:56Z,138057930391823,9679514364,Broken Harmony [1.5],184
2026-10-09T06:05:56Z,9157400082,3437355615,Anime Power Tycoon,183
2026-10-09T06:05:56Z,15555246249,5369242581,⭐DoW⭐ - Dogs of War,183
2026-10-09T06:05:56Z,15846919378,5479908441,Five Nights TD [FNTD2],183
2026-10-09T06:05:56Z,71827913900569,9704343971,Grow Beanstalk For Brainrots!,183
2026-10-09T06:05:56Z,80610578881227,9822980692,[🔰Clan] Zombie Island,183
2026-10-09T06:05:56Z,95205997597502,7145230420,Be My Camera [2 Player Obby],183
2026-10-09T06:05:56Z,100826958521689,7386897403,[DYNAMIC FIX + 🎁] Heroes: Online World,183
2026-10-09T06:05:56Z,132495346586140,6475810089,[2X] Swim League,183
2026-10-09T06:05:56Z,137877687,63951305,RoCitizens 🏠,182
2026-10-09T06:05:56Z,2538919751,905954377,💫 Pulse RP || Magic V1.25 💫,182
2026-10-09T06:05:56Z,2592032536,928270134,[✨JACKPOT] R6 Dances,182
2026-10-09T06:05:56Z,6813414321,2588044974,ROBLOX NPCs are becoming smart!,182
2026-10-09T06:05:56Z,10515146389,3825332406,[🌙] Elemental Dungeons,182
2026-10-09T06:05:56Z,10905034443,3934054182,🥳 Smoothie Factory Tycoon 🏭,182
2026-10-09T06:05:56Z,16247687596,5607392395,[🎃X8 EVENT👻] 💪🏻 Legacy Lifting,182
2026-10-09T06:05:56Z,71412777087552,7546135071,Chicken Jockey [2 Player Obby],182
2026-10-09T06:05:56Z,74218191398494,10437809977,[W3!] +1 Double Jump Bike Escape! 🚴💨,182
2026-10-09T06:05:56Z,92310193505934,7856508689,Better Avatar? 👕,182
2026-10-09T06:05:56Z,130142513744311,7462622504,Formula V8 Racing Roblox,182
2026-10-09T06:05:56Z,131603408057162,7629884826,Cage Fishing 🐟,182
2026-10-09T06:05:56Z,16953406781,5819738730,Circle Grinding Incremental,181
2026-10-09T06:05:56Z,81535567274521,8220767002,[🐝] Bee Garden,181
2026-10-09T06:05:56Z,88033955914813,9517627739,[UPD🎉!] FUT ⚽,181
2026-10-09T06:05:56Z,135625754866483,8443571594,Fruit Forager🍎,181
2026-10-09T06:05:56Z,281489669,110988953,Wizard Tycoon - 2 Player,180
2026-10-09T06:05:56Z,2785023050,1006875674,Welcome to Roblox Building Ultimate,180
2026-10-09T06:05:56Z,71890222711680,8601956127,Murder Tower 🗡️,180
2026-10-09T06:05:56Z,106832050389015,9971722694,Collect A Meme [🔍141],180
2026-10-09T06:05:56Z,6490016198,2426874309,❄️Slayer Tycoon (v2.0),179
2026-10-09T06:05:56Z,73954336239895,10608908197,Paint Keyboard Flags!,179
2026-10-09T06:05:56Z,96684455757848,6959846663,❄️ Snow Day ❄️ [ 1M Visits!!! ],179
2026-10-09T06:05:56Z,107079573017741,7486728492,🏪 Japanese Supermarket Simulator,179
2026-10-09T06:05:56Z,109399716520867,9015856507,WEAPON SIMULATOR,179
2026-10-09T06:05:56Z,306964494,117307972,Loomian Legacy,178
2026-10-09T06:05:56Z,445664957,170247232,PARKOUR Legacy,178
2026-10-09T06:05:56Z,15873244701,5488708927,The Eternal Abyss,178
2026-10-09T06:05:56Z,71816718496622,6624299680,Be a Silly Seal [Hunting Update],178
2026-10-09T06:05:56Z,73354905690456,9456449045,Underground War,178
2026-10-09T06:05:56Z,82898983236792,9664591047,The Locust - Survival,178
2026-10-09T06:05:56Z,86110236742109,8374787126,Lethal Ape: Rampage,178
2026-10-09T06:05:56Z,90372498659341,8333033734,Arm Battles💪,178
2026-10-09T06:05:56Z,95665217895534,9800424118,Blight Grab,178
2026-10-09T06:05:56Z,131273255138534,7729029844,[🎃 COSMETICS] Highrise Rush,178
2026-10-09T06:05:56Z,139862517286509,8473646150,Power Simulator X,178
2026-10-09T06:05:56Z,11755449133,4161745937,Mini Empires,177
2026-10-09T06:05:56Z,70524138309677,10088821187,Don't Steal a VIRAL Squishy,177
2026-10-09T06:05:56Z,80111254680893,10067177814,Zombies [CRAFTING🔨],177
2026-10-09T06:05:56Z,15722706376,5432177771,Figure [OLD],176
2026-10-09T06:05:56Z,102829972707814,7510907928,civilization survival game,176
2026-10-09T06:05:56Z,10699907064,3874877728,Bloxy Water Park ⛱️🌊 [NEW SWIM SUITS!],175
2026-10-09T06:05:56Z,111159166822974,7374930268,[I GOT THAT FEELING] 🔥 TINEL²,175
2026-10-09T06:05:56Z,121326136128491,9813375035,Math for Brainrots!,175
2026-10-09T06:05:56Z,125832188069642,7411700191,Maze to VIP Obby🏃,175
2026-10-09T06:05:56Z,128814489660341,10008662615,[UPD] +1 Speed Wheel Escape,175
2026-10-09T06:05:56Z,139262527889515,10458028403,The Login Game,175
2026-10-09T06:05:56Z,4898233867,1673554668,School Bus Sim,174
2026-10-09T06:05:56Z,13559584718,4712109542,[BETA] Lone Survival,174
2026-10-09T06:05:56Z,81514259936822,8239435378,Make a Boat!,174
2026-10-09T06:05:56Z,90977176306153,9751761702,Throwing Simulator🎯,174
2026-10-09T06:05:56Z,104632897264090,8615117785,1984 DarkRP [Early Beta],174
2026-10-09T06:05:56Z,109129552698918,10598641427,WEST WOOD: REMAKE [BETA],174
2026-10-09T06:05:56Z,6811842210,2587270618,Parkour Run!,173
2026-10-09T06:05:56Z,81040587037979,10241458276,Squishy Tower 🍧,173
2026-10-09T06:05:56Z,9468518240,3531364646,Weapon Fighting,172
2026-10-09T06:05:56Z,15646364136,5403859973,Absolvement [ALPHA],172
2026-10-09T06:05:56Z,17230784439,5896294411,Buddy Buddy,172
2026-10-09T06:05:56Z,80617660156189,9747555206,Watch Cringe Peppa movies,172
2026-10-09T06:05:56Z,102612844247090,10205184118,[UPDATE] SELL YOUR AVATAR,172
2026-10-09T06:05:56Z,140293690452727,7744877355,Clone Tower,172
2026-10-09T06:05:56Z,14448662003,4990998060,Carry A Friend! (Teamwork Obby),171
2026-10-09T06:05:56Z,105663205434095,9177208241,Burrowed Fears [HORROR],171
2026-10-09T06:05:56Z,108607245570478,7486872264,Carry a Friend Tower [2 PLAYER TOWER OBBY],171
2026-10-09T06:05:56Z,338521019,125205164,Identity Fraud,170
2026-10-09T06:05:56Z,130997513667177,7674469859,Brainrot Tower [OG 🧙‍♂️🐱],170
2026-10-09T06:05:56Z,7839281987,3034836582,Escape Mr Funny's ToyShop! (SCARY OBBY),169
2026-10-09T06:05:56Z,16068228913,5554050692,Play as Baldi 🍎,169
2026-10-09T06:05:56Z,73266278884869,9464263569,[🎃] Slime Evolution,169
2026-10-09T06:05:56Z,92371631484540,9168386959,100 Waves Later,169
2026-10-09T06:05:56Z,118546475246005,8877595115,[🔥] Ability Slap Tower 3✋,169
2026-10-09T06:05:56Z,139233844569220,7785400752,ZOO or OOF🎯,169
2026-10-09T06:05:56Z,14941296246,5147512977,Lucky Avatars! [Outfits Catalog],168
2026-10-09T06:05:56Z,90405963624676,8053835414,forsaken RP the playrole,168
2026-10-09T06:05:56Z,96746590674104,10456786408,Steal the Bobo 🐻,168
2026-10-09T06:05:56Z,102603378903473,6737531547,👋Slap thug Simulator,168
2026-10-09T06:05:56Z,106425431775947,7332812970,Motorcycle Racing 🏍️,168
2026-10-09T06:05:56Z,110012028951508,9551067322,Army vs Rebels Tycoon,168
2026-10-09T06:05:56Z,128220604451753,10181955572,Voxels,168
2026-10-09T06:05:56Z,133832344745984,9226697658,[🌋UPDATE 1!!] Shovel It!,168
2026-10-09T06:05:56Z,18343561950,6218783244,[🏴‍☠️ PIRATE SHIP ⛵️] Ball Tower Defense,167
2026-10-09T06:05:56Z,84907238849255,9150975254,[NEW PARTS!] Build a Marble Slide!,167
2026-10-09T06:05:56Z,99258831560211,9690128730,Wega's Super Custom Challenge,167
2026-10-09T06:05:56Z,6305942109,2327642508,Laundry Simulator,166
2026-10-09T06:05:56Z,12991635726,4542048826,Sneaker Resell Simulator,166
2026-10-09T06:05:56Z,18600625012,6302798808,Genovia High🌹,166
2026-10-09T06:05:56Z,81344427807301,10234313662,StudioVerse Early Access 🎃,166
2026-10-09T06:05:56Z,131299942133885,8550874096,🦖Dinosaur Tycoon,166
2026-10-09T06:05:56Z,134879690978154,9144698943,Build and Steal Brainrots!,166
2026-10-09T06:05:56Z,137179943195277,8087030587,Squid Game Speed Clicker 🦑⚡,166
2026-10-09T06:05:56Z,6778844213,2570733903,Euphoria Ragdoll Testing,165
2026-10-09T06:05:56Z,6939849554,2655895471,Cart Ride Tycoon,165
2026-10-09T06:05:56Z,109366027244026,9409870130,Shawarma Truck: ANOMALIES [HORROR],165
2026-10-09T06:05:56Z,6870736769,2618786652,[JANITOR] Daybreak,164
2026-10-09T06:05:56Z,8317588085,3187798118,Block Tycoon ⛏️,164
2026-10-09T06:05:56Z,13703839980,4755741100,[UPD] Team Daycare Escape! (TEAMWORK OBBY),164
2026-10-09T06:05:56Z,14629231756,5045757922,Team Prison Run! (TEAMWORK OBBY),164
2026-10-09T06:05:56Z,16720848315,5747152246,My Little Pony RP,164
2026-10-09T06:05:56Z,18408132742,6239989165,Idle Money Clicker,164
2026-10-09T06:05:56Z,91217688272180,10453281197,Drive Down,164
2026-10-09T06:05:56Z,119055906651998,7118588325,Fast Food Simulator,164
2026-10-09T06:05:56Z,139566161526375,9137416017,[UPD] Bridge Duel,164
2026-10-09T06:05:56Z,3203685552,1157126388,BEAR (Alpha),163
2026-10-09T06:05:56Z,5256165620,1840897362,3-2-1 Blast Off Simulator,163
2026-10-09T06:05:56Z,9272528920,3472652814,Bikelife: Finland,163
2026-10-09T06:05:56Z,9865958871,3645347821,❄️ BIG Paintball 2!,163
2026-10-09T06:05:56Z,14004668761,4851783408,[FIX]⚽Real Futbol,163
2026-10-09T06:05:56Z,18907952224,6404384774,[2800+ SONGS] English Karaoke,163
2026-10-09T06:05:56Z,73703959264496,8970620890,Fight in a Supermarket! 🥖,163
2026-10-09T06:05:56Z,76870286681496,9251333102,Invade the World,163
2026-10-09T06:05:56Z,78163591327317,6801595469,[🚨CHAPTER 2] SCHOOL TIME,163
2026-10-09T06:05:56Z,89788834648171,7321712757,[DISCARD] Toons Universe,163
2026-10-09T06:05:56Z,136877998983310,9668574764,+1 Speed Escape in a Go Kart,163
2026-10-09T06:05:56Z,4632627223,1522593851,Black Grimoire,162
2026-10-09T06:05:56Z,9292879820,3478678937,[AWAKENING] 🌱 Grass Cutting Incremental 🌱,162
2026-10-09T06:05:56Z,15334675936,5289155961,Be a Shark🦈,162
2026-10-09T06:05:56Z,74624534477792,7452857402,[Hop on roblox] Pad Thai Meme Animation,162
2026-10-09T06:05:56Z,86378115369061,10230921598,+1 Backflip Obby Escape,162
2026-10-09T06:05:56Z,91698952875688,10539789203,[SMALL UPD] Bahkruums [BETA],162
2026-10-09T06:05:56Z,98695134949589,10299695016,[W5] +1 Followers Per Click,162
2026-10-09T06:05:56Z,101272402522756,7473164424,BBQ Battles 🍢,162
2026-10-09T06:05:56Z,4789047554,1612857454,Prison Escape v2,161
2026-10-09T06:05:56Z,8455137364,3232181171,The Backrooms With Guns,161
2026-10-09T06:05:56Z,16484430822,5678594929,Evolution Ragdoll [ EUPHORIA RAGDOLL ],161
2026-10-09T06:05:56Z,17668572730,6051305156,IRAQ HOPE ( MINIGAMES ),161
2026-10-09T06:05:56Z,87274635966213,10448083800,Bid for Anime!,161
2026-10-09T06:05:56Z,94177325451296,9656480960,Knock Knock [FOREST],161
2026-10-09T06:05:56Z,136195938137126,6944270854,Rope Battles,161
2026-10-09T06:05:56Z,136357919072023,6520342642,[ 🍁 ] V tower,161
2026-10-09T06:05:56Z,14705961406,5069824722,Obby But You're a Truck🚢⛰️,160
2026-10-09T06:05:56Z,99101926472609,10232632495,ASMR Matching! ✨,160
2026-10-09T06:05:56Z,119548402472251,9386766101,Survive The Brainrot Market,160
2026-10-09T06:05:56Z,122809141833750,6749892429,Everything Upgrade Tree,160
2026-10-09T06:05:56Z,6410967163,2383988292,Beeface!,159
2026-10-09T06:05:56Z,14675073025,5060314849,[🚲] Summer Camp Roleplay,159
2026-10-09T06:05:56Z,75738770295234,10232643663,Paint My Keyboard! 🎨,159
2026-10-09T06:05:56Z,129827535941999,10404293465,[UPD🦗] DEVOUR 🦑 Eat Fish & Ocean Animals,159
2026-10-09T06:05:56Z,138030613822538,9105897479,[💰] Your Bank !,159
2026-10-09T06:05:56Z,139708186687323,6919822640,Sprunki RP 3D,159
2026-10-09T06:05:56Z,1547610457,604142934,Free Draw,158
2026-10-09T06:05:56Z,3527629287,1247975681,BIG Paintball! Classic 🔫,158
2026-10-09T06:05:56Z,5734383673,2033000034,Noobs in Combat [5.10],158
2026-10-09T06:05:56Z,5948706234,2138463428,[🔊] Roblox Party!,158
2026-10-09T06:05:56Z,15658526474,5408397887,🚢 Cruise Ship Port of Golden Springs,158
2026-10-09T06:05:56Z,17065532662,5849979605,[🎃]DARKDIVERS 0.6,158
2026-10-09T06:05:56Z,134350154950015,9585571512,[🧠] Who is Smarter?,158
2026-10-09T06:05:56Z,7215881810,2807944996,👑NO LIMIT STRONGEST PUNCH SIMULATOR,157
2026-10-09T06:05:56Z,14888386963,5129563181,Colony,157
2026-10-09T06:05:56Z,15960924329,5518683179,Legends Arena,157
2026-10-09T06:05:56Z,18130218021,6146194050,Hell's Kitchen 2,157
2026-10-09T06:05:56Z,84812084611665,7091353712,Homefront,157
2026-10-09T06:05:56Z,84834390140165,9578994406,Spin a Kitty! 🎲,157
2026-10-09T06:05:56Z,115092911061119,7339682753,[NEW BACKROOMS]🏠RP BY FEDE VIGEVANI🏠,157
2026-10-09T06:05:56Z,122391683154858,10186342197,🌶️ Make Hotsauce,157
2026-10-09T06:05:56Z,4064864620,1352659201,💥 Emergency Landing [Beta],156
2026-10-09T06:05:56Z,6125809531,2232507648,Untitled Attack on Titan,156
2026-10-09T06:05:56Z,13718567207,4760747038,Wonderland,156
2026-10-09T06:05:56Z,17482409315,5983600452,BBQ House Tycoon,156
2026-10-09T06:05:56Z,140496901254145,7191432947,Borderland🃏,156
2026-10-09T06:05:56Z,3618661625,1267991351,Wings of Fire [Beta],155
2026-10-09T06:05:56Z,8288579014,3178326002,🍃 Children's Home 🧒 RP,155
2026-10-09T06:05:56Z,18895535181,6399835454,🎨 Anime Paint by Numbers,155
2026-10-09T06:05:56Z,79392214809379,9411563986,Climb Scary Worm Tower,155
2026-10-09T06:05:56Z,94877808062580,10113294071,PAPER PLANES!,155
2026-10-09T06:05:56Z,99434377300701,8293451157,[PVE & CRAFTS] Titan Battlefronts,155
2026-10-09T06:05:56Z,139208542491098,9971895648,[W2] Obby But You're on a Board,155
2026-10-09T06:05:56Z,5602055394,1958807588,[🔥QOL] Hood Modded,154
2026-10-09T06:05:56Z,6648893133,2499076778,Breaking Point 2,154
2026-10-09T06:05:56Z,7506230120,2921237723,ELMIRA [Horror],154
2026-10-09T06:05:56Z,8982709021,3386706810,RTL 1,154
2026-10-09T06:05:56Z,11309393788,4028801234,Pick a Slide [Backrooms],154
2026-10-09T06:05:56Z,14140521313,4894729602,Puppy Game 🐾,154
2026-10-09T06:05:56Z,16721806812,5747480325,Tongue Battles,154
2026-10-09T06:05:56Z,17298589168,5918399007,Aura Craft,154
2026-10-09T06:05:56Z,18269190221,6193271286,Planet Evolution: Idle Clicker,154
2026-10-09T06:05:56Z,71276239588427,10765566974,Honcho Practice,154
2026-10-09T06:05:56Z,95436277090085,7320026403,[New Stage]AOONI Nightmare,154
2026-10-09T06:05:56Z,28586816,32095083,Get Eaten!,153
2026-10-09T06:05:56Z,87419805032513,7199608878,RoTube Life 2! [UPD],153
2026-10-09T06:05:56Z,106605940421527,10705618167,BetterEH,153
2026-10-09T06:05:56Z,120312206928316,6453200442,"SLIDE 999,999 MILES IN A BOX OBBY!",153
2026-10-09T06:05:56Z,126890317722461,9736048825,🧙‍♀️ WITCH!! 🍓 My Greenhouse!,153
2026-10-09T06:05:56Z,129069230969734,8561270645,Spot the Differences 🔍,153
2026-10-09T06:05:56Z,130526979296684,7896346755,+1 Age Every Click 👶,153
2026-10-09T06:05:56Z,9528010,16876831,Blood and Iron,152
2026-10-09T06:05:56Z,1946695497,700312613,🥩 Escape The Butcher Shop Obby! (NEW READ DESC),152
2026-10-09T06:05:56Z,7830150255,3032132418,HCBB 9v9 2.0,152
2026-10-09T06:05:56Z,17840058476,6112350547,Infection Gunfight,152
2026-10-09T06:05:56Z,72643641699950,10065930742,💙🆓 GODLY SIMULATOR,152
2026-10-09T06:05:56Z,3625110776,1269441040,Elimination Tower,151
2026-10-09T06:05:56Z,11040063484,3965173814,⚔️ Sword Fighters Simulator,151
2026-10-09T06:05:56Z,14737542240,5080118977,[BFDIE] Battle For Dream Island Roblox,151
2026-10-09T06:05:56Z,76337761840610,9643304628,Collect Brainrots At Night 🌙,151
2026-10-09T06:05:56Z,84526099099491,10749831764,Choose the stronger soccer!,151
2026-10-09T06:05:56Z,106570705166272,9630866039,Venti Coffee Shop ☕,151
2026-10-09T06:05:56Z,119534579319519,7653031880,[UPD] typical ramen 🍜,151
2026-10-09T06:05:56Z,137331625587953,6755261897,Don't Break Obby,151
2026-10-09T06:05:56Z,8597844216,3274817696,Slither Simulator 🐍,150
2026-10-09T06:05:56Z,13601434903,4724071612,Sorcerer Battlegrounds,150
2026-10-09T06:05:56Z,14843728937,5114901609,[Sound]Slayer Battlegrounds,150
2026-10-09T06:05:56Z,76652041459427,9646151925,MISSING BACON: Gear Tower,150
2026-10-09T06:05:56Z,80984321649009,6456578030,Murderthon,150
2026-10-09T06:05:56Z,82432929049078,6959389664,[REWRITE] Sword Factory ⚔️,150
2026-10-09T06:05:56Z,87124461329967,8340680684,ONE BLOCK,150
2026-10-09T06:05:56Z,696347899,300039023,Stepford County Railway 🚉,149
2026-10-09T06:05:56Z,3082002798,1111698561,T-Titans Battlegrounds,149
2026-10-09T06:05:56Z,9169654849,3441153192,👁️ Escape Running Head Eyes 👁️,149
2026-10-09T06:05:56Z,9301186334,3481099993,[🚀Fourze] Rider World,149
2026-10-09T06:05:56Z,9484315797,3536180561,[UPDATE] Decloid Chaos: Overcharged [BETA],149
2026-10-09T06:05:56Z,14260960140,4932503936,Escape Animal Head,149
2026-10-09T06:05:56Z,74214120426784,8238748429,Brainrot Jenga Tower!,149
2026-10-09T06:05:56Z,108605519269759,6752499006,[💥ChaosMode] BUTTON PRISON,149
2026-10-09T06:05:56Z,123657429151726,9761700404,[🤔] Guess My Number,149
2026-10-09T06:05:56Z,1020232214,422959610,FIRST 3 PLAYER TYCOON IN ROBLOX!,148
2026-10-09T06:05:56Z,5312327368,1860435730,Super Hero Tycoon,148
2026-10-09T06:05:56Z,6298464951,2324018757,Roblox Is Unbreakable,148
2026-10-09T06:05:56Z,13632665570,4733698178,Doomed Playtime [BETA],148
2026-10-09T06:05:56Z,78287218060484,8827949529,🔨 Build with Blocks,148
2026-10-09T06:05:56Z,78496323189083,9419242500,[😾] Cat Invasion,148
2026-10-09T06:05:56Z,93074271797128,6766995704,[JUMP ROPE] Squid Game (Season 3),148
2026-10-09T06:05:56Z,98842088254794,7553550762,Grow A Forest 🌲,148
2026-10-09T06:05:56Z,115893378298440,9619492068,[UPD] Titan Fishing,148
2026-10-09T06:05:56Z,116846107054100,9203438594,Kart Wars! 🏎️,148
2026-10-09T06:05:56Z,6452292184,2406494408,⚡ Speed Runner!,147
2026-10-09T06:05:56Z,15078849939,5195680485,Playbreak,147
2026-10-09T06:05:56Z,17853948370,6117314924,Silent Psycho [HORROR],147
2026-10-09T06:05:56Z,71839330907081,6452903718,🔥Burn The Place,147
2026-10-09T06:05:56Z,107640846225330,6548976575,Like or Pass,147
2026-10-09T06:05:56Z,488667523,187796008,Those Who Remain,146
2026-10-09T06:05:56Z,663655429,280343502,Pick A Side,146
2026-10-09T06:05:56Z,1345139196,540856839,Treasure Hunt Simulator,146
2026-10-09T06:05:56Z,15560168390,5371127625,[2x DROP] Toilet Verse Tower Defense,146
2026-10-09T06:05:56Z,16572004551,5703870642,💪 Training Simulator,146
2026-10-09T06:05:56Z,18495650842,6267547203,[New Event]Stickman Tower Defense,146
2026-10-09T06:05:56Z,103719498213854,6801627818,Obby For Free Rewards 🎁,146
2026-10-09T06:05:56Z,106371326931646,9948825950,Escape Tornado Alley,146
2026-10-09T06:05:56Z,131547682328842,6709042729,Parkour Spiral,146
2026-10-09T06:05:56Z,7346416636,2865535599,Pop It Trading ✨,145
2026-10-09T06:05:56Z,14520819520,5012919657,[EDITOR UPDATE] Destroy Cars with Nitro,145
2026-10-09T06:05:56Z,16883133081,5800097475,My Hospital!,145
2026-10-09T06:05:56Z,90861052496961,10640957718,[SOON] Project Clutch Up,145
2026-10-09T06:05:56Z,99153623441316,7023488558,Squid Game but with NPCs & FREE ADMIN!,145
2026-10-09T06:05:56Z,102276497998170,10235992289,Draw Anything!,145
2026-10-09T06:05:56Z,131073502359683,8784772299,Build An Obby,145
2026-10-09T06:05:56Z,338574920,125223108,[v11.2] Wings of Glory 🦅,144
2026-10-09T06:05:56Z,6788434697,2575793677,AniPhobia,144
2026-10-09T06:05:56Z,119232593159524,8787792657,[UNITS] Five TD's (Early Access),144
2026-10-09T06:05:56Z,128718594394791,8079278639,Upgradex (Upgrade Tree),144
2026-10-09T06:05:56Z,139020315403627,8191321227,Overture,144
2026-10-09T06:05:56Z,140711793067980,9871940535,Don’t Steal Brainrot From Base!,144
2026-10-09T06:05:56Z,16740784399,5753515186,The Eastern War 2.5,143
2026-10-09T06:05:56Z,74953157479643,10764479494,Happy's Glitch Obby,143
2026-10-09T06:05:56Z,124757309017950,10337069275,Ice Tycoon 2,143
2026-10-09T06:05:56Z,129195078205390,9191100702,Fireball Training🔥,143
2026-10-09T06:05:56Z,131856811555630,7084172542,[🍔]Momo City [Alpha],143
2026-10-09T06:05:56Z,76731635,39766263,Waterpark,142
2026-10-09T06:05:56Z,8755324823,3322582746,⛳Golf Frenzy!,142
2026-10-09T06:05:56Z,17590362521,6022371481,Spelling Bee,142
2026-10-09T06:05:56Z,17738127017,6075694711,[SUMMER UPD] Brace,142
2026-10-09T06:05:56Z,70959844973091,9931060493,😈 Split or Steal Brainrot,142
2026-10-09T06:05:56Z,84783906732356,7658192401,[🏆] Pinoy Tower 🇵🇭,142
2026-10-09T06:05:56Z,8846144215,3348878202,🌊Tsunami Disaster Survival🌊,141
2026-10-09T06:05:56Z,8973641215,3384187191,🎃Sonic Elevator,141
2026-10-09T06:05:56Z,14086581572,4877714411,Altitorture [2 Player Obby],141
2026-10-09T06:05:56Z,15516236993,5354625397,Mini Cities 2,141
2026-10-09T06:05:56Z,70587876731444,10232373522,[UPD🍪] Would You Rather: Diva Tower 💄,141
2026-10-09T06:05:56Z,80349677404572,9551699017,Feed Your Teto,141
2026-10-09T06:05:56Z,101953168527257,8741232785,Spear Fishing[UPD],141
2026-10-09T06:05:56Z,112778631702542,10758034175,[ICE 🧊] How to Really Fish,141
2026-10-09T06:05:56Z,123981753731585,9673019462,Marble Race Creator,141
2026-10-09T06:05:56Z,734159876,321279858,SharkBite Classic 🦈,140
2026-10-09T06:05:56Z,104098030850482,9237297311,[UPDATE] Garrys Mod FNAF Gamemode🍕,140
2026-10-09T06:05:56Z,106541187765154,8178650215,Better Snack? 🍬,140
2026-10-09T06:05:56Z,114407058470964,9852148017,Feed your friends to snakes,140
2026-10-09T06:05:56Z,125563061751446,8599518829,Build a Stone Miner! ⚒️,140
2026-10-09T06:05:56Z,132756651286184,6517184723,Baseball Universe 9v9,140
2026-10-09T06:05:56Z,3571215756,1257593254,🏠 House Tycoon,139
2026-10-09T06:05:56Z,7427929301,2894092245,Easy Parkour Obby 🌈,139
2026-10-09T06:05:56Z,18104062068,6137023653,[1M Event] Lifting Simulator Ultimate,139
2026-10-09T06:05:56Z,18721710268,6343637170,Halloween Obby!,139
2026-10-09T06:05:56Z,101241854898470,7051852656,Squid Game 3,139
2026-10-09T06:05:56Z,113024290498796,7346697338,Last To Leave Box Wins,139
2026-10-09T06:05:56Z,7168800227,2782489944,Operation Genesis [BETA],138
2026-10-09T06:05:56Z,81899478810901,9675229740,Not Cute Anymore Troll Tower 💕,138
2026-10-09T06:05:56Z,86903493017362,10097719800,[Korean Game] Sword Enhancement ⚔️,138
2026-10-09T06:05:56Z,88080689424450,9677121265,Country Glass Bridge 🌍,138
2026-10-09T06:05:56Z,96836301989682,8187819072,Cold Isolation,138
2026-10-09T06:05:56Z,119427438574114,10290366643,Save Your Cat 🐈🌳,138
2026-10-09T06:05:56Z,331811267,123069416,Innovation Inc. Spaceship,137
2026-10-09T06:05:56Z,8848607186,3349588628,Digital Piano 🎹,137
2026-10-09T06:05:56Z,72604809857139,9240065211,[⚱️W6] +1 Speed Jetpack Escape,137
2026-10-09T06:05:56Z,75345901879961,7107295166,Survive Cave Dweller,137
2026-10-09T06:05:56Z,78491332555415,9582636207,[♾️UPD15] Watch Number Go Up,137
2026-10-09T06:05:56Z,101241726024023,9260916865,🐍 Snake Game,137
2026-10-09T06:05:56Z,3233893879,1168263273,[UPDATE!] Bad Business | FPS,136
2026-10-09T06:05:56Z,5373028495,1883423040,LGBTQ+ Hangout🌈,136
2026-10-09T06:05:56Z,7591156407,2949408954,🏫My School Tycoon [FLOOR 9 + 10],136
2026-10-09T06:05:56Z,7611379860,2957056386,⭐Roblox Animation RP,136
2026-10-09T06:05:56Z,8767500166,3326279937,Blackout: Revival [FREE ZOMBIES],136
2026-10-09T06:05:56Z,12017032683,4251805934,096 [SCP],136
2026-10-09T06:05:56Z,16805891765,5775855331,Toilet Titan Test,136
2026-10-09T06:05:56Z,91640201185300,8125588973,My Singing Sprunkis,136
2026-10-09T06:05:56Z,109265479748625,8603178384,[🔧] Repair a Car,136
2026-10-09T06:05:56Z,117541588186905,9078815089,Morph To Survive Tower,136
2026-10-09T06:05:56Z,127763554649245,9602989009,Find the Objects:Map2 Fixed,136
2026-10-09T06:05:56Z,3633505977,1271506953,BIRD,135
2026-10-09T06:05:56Z,92683694220101,9599630721,🗡️ Fight Your Zombie,135
2026-10-09T06:05:56Z,2677609345,964540701,[NEW SONGS!] Sound Space 🎶 Rhythm Game,134
2026-10-09T06:05:56Z,4048936408,1349383199,Tank Simulator,134
2026-10-09T06:05:56Z,8651781069,3291589472,Voxlblade,134
2026-10-09T06:05:56Z,10875701453,3925341354,Edward the Man-Eating Train,134
2026-10-09T06:05:56Z,14119259806,4887744468,Faithless (Horror),134
2026-10-09T06:05:56Z,80943018226476,9663757076,🐛Catch Bugs!,134
2026-10-09T06:05:56Z,104373565357171,7407722254,Crooked Bus,134
2026-10-09T06:05:56Z,111403197324514,9569441921,Fun Obby,134
2026-10-09T06:05:56Z,3218349654,1162568770,Tiny Sailor's: WORLD™ [TEV WAHINE!],133
2026-10-09T06:05:56Z,6229116934,2287245386,Hoopz [ANIME EVENT🔥⚡] (Basketball),133
2026-10-09T06:05:56Z,6924632010,2647767875,[🐍] Snakey,133
2026-10-09T06:05:56Z,16261605398,5611522097,Airsoft Battles,133
2026-10-09T06:05:56Z,17765001314,6085390305,Draw and Guess!,133
2026-10-09T06:05:56Z,82682887450460,8836930196,game with evil [COOL PATCH],133
2026-10-09T06:05:56Z,136372246050123,7691800287,STICK BATTLES 🍢,133
2026-10-09T06:05:56Z,11385151632,4050977276,ESCAPE MR. STINKY DETENTION! (OBBY),132
2026-10-09T06:05:56Z,15983689057,5526272622,Realistic Hockey (5 on 5),132
2026-10-09T06:05:56Z,16212191055,5597371866,[🤠] Fortune Fighters,132
2026-10-09T06:05:56Z,109071420974939,7704576936,[🤚] Impossible Slap Tower,132
2026-10-09T06:05:56Z,113060096859884,7198878133,Electric Dash,132
2026-10-09T06:05:56Z,122826953758426,8009328211,Raise Animals,132
2026-10-09T06:05:56Z,123068038613059,8283479192,IQ 0 Jump Rope Glass Bridge 🧠,132
2026-10-09T06:05:56Z,128842186735092,6780150139,counterfeit tycoon,132
2026-10-09T06:05:56Z,3426681095,1221933810,Circus Trip [STORY] 🎪,131
2026-10-09T06:05:56Z,6680009716,2516706345,Speed Tower 1,131
2026-10-09T06:05:56Z,6854236521,2609809803,⛺Mount Sunda,131
2026-10-09T06:05:56Z,9484293069,3536173216,Sesame Street: Mecha Builders The Game,131
2026-10-09T06:05:56Z,9588998913,3569141441,👑 Empire Clash,131
2026-10-09T06:05:56Z,13997018456,4849157113,[SEASON 5] Operations: Siege,131
2026-10-09T06:05:56Z,99248392277037,9643480573,Untitled Melee RNG [KILLS OFFLINE!],131
2026-10-09T06:05:56Z,103312202588404,7733436648,Italian Brainrot Strength Clicker 🧠💪,131
2026-10-09T06:05:56Z,119916288759269,9256255979,😂 Lying Challenge,131
2026-10-09T06:05:56Z,14218711698,4919010625,Criminal Tycoon,130
2026-10-09T06:05:56Z,17321628486,5926583186,NO JUMPING OBBY,130
2026-10-09T06:05:56Z,75626443136851,10342857565,+1 Bottle Flip Obby Escape,130
2026-10-09T06:05:56Z,101142035112107,6957250918,Animation Battlegrounds,130
2026-10-09T06:05:56Z,107713910741616,7818137963,Phone Store Tycoon 📱,130
2026-10-09T06:05:56Z,129954712894461,6936784768,[UPD] Lost in the Desert - Abu Fanous,130
2026-10-09T06:05:56Z,3281073759,1182609799,Guess the drawing!,129
2026-10-09T06:05:56Z,17477960154,5981856625,Draw & Switch,129
2026-10-09T06:05:56Z,18462367833,6256650652,[GOGO] Ultimate Showdown💥,129
2026-10-09T06:05:56Z,96318072969104,8638825448,Trolls can't break this tower 3,129
2026-10-09T06:05:56Z,103311003648859,10150875031,Lucky Block Game,129
2026-10-09T06:05:56Z,105340575513873,8156335562,Charisma Hospital: Medical Simulator,129
2026-10-09T06:05:56Z,105457570355541,7221312013,[UPD] Corrupted Crossroads,129
2026-10-09T06:05:56Z,114910675096695,8188414457,(💥CRASH!!) Monster Trucks Game,129
2026-10-09T06:05:56Z,121713057847617,9060752643,Find the Capybara [193],129
2026-10-09T06:05:56Z,122332285860226,7570489548,Troll is a pinning tower 0,129
2026-10-09T06:05:56Z,129499268288580,8211072456,FD 5 Bridge Roleplay (VR),129
2026-10-09T06:05:56Z,6153709,27761886,☢️ Nuclear Blast Testing Facility 💣 (NEW UPDATES),128
2026-10-09T06:05:56Z,9579974235,3566531630,Find The Floppa Morphs (855),128
2026-10-09T06:05:56Z,9731911476,3608732146,💪Size Legends Simulator,128
2026-10-09T06:05:56Z,17263308308,5905920721,Unexpectable Tower,128
2026-10-09T06:05:56Z,78979644436414,8470436709,Strawberry Tower 🍓,128
2026-10-09T06:05:56Z,106701494743444,8305711952,Snowball Battles [☄️],128
2026-10-09T06:05:56Z,115219789887751,10395004419,YOUTUBE POLICE PRISON RUN! (Obby),128
2026-10-09T06:05:56Z,136975118595073,8913675853,[NOLI PART 2] FORSAKEN GUEST FIGHTING,128
2026-10-09T06:05:56Z,9281034297,3475191052,[🍀💰] Goal Kick Simulator⚽,127
2026-10-09T06:05:56Z,9527099245,3549098124,Build Logic!,127
2026-10-09T06:05:56Z,14418473444,4981761600,Abyssal,127
2026-10-09T06:05:56Z,16404660684,5654670037,BODYCAM: SWAT Simulator,127
2026-10-09T06:05:56Z,17262338236,5905501282,Wordie🧩,127
2026-10-09T06:05:56Z,17521026721,5997239470,🍰☕ Tea Time || Dessert Buffet,127
2026-10-09T06:05:56Z,17742439482,6077405865,[ PATCH ] Left 4 Blox,127
2026-10-09T06:05:56Z,18337348818,6216430180,Best Avatar,127
2026-10-09T06:05:56Z,80301570996913,10341337656,[BACK] Finest Hour: 1910-2020,127
2026-10-09T06:05:56Z,84626040132277,7294576294,RC Test 🚗,127
2026-10-09T06:05:56Z,90158090737937,9867760183,[🥦] +1 Fat to Fit,127
2026-10-09T06:05:56Z,105767799784652,10494847029,Clean the WORLD!,127
2026-10-09T06:05:56Z,114366007319125,7497527552,Find The Noobs (350),127
2026-10-09T06:05:56Z,116682722075937,7061783500,2 Player Battle Tycoon,127
2026-10-09T06:05:56Z,117246040666343,6500439907,Stick Fight: Roblox Edition,127
2026-10-09T06:05:56Z,131964389958213,7819250997,RELOADED,127
2026-10-09T06:05:56Z,4898652375,1673768711,💪 No Limit Lifting Simulator,126
2026-10-09T06:05:56Z,4921765886,1685325039,Superhero Battleground,126
2026-10-09T06:05:56Z,5725946508,2029776337,Impostor | Among us,126
2026-10-09T06:05:56Z,12456158615,4380294826,Black Hole Core,126
2026-10-09T06:05:56Z,12970059795,4535642329,[UPD] OBSCURE [HORROR],126
2026-10-09T06:05:56Z,16395296930,5651961021,Noob Exterminators,126
2026-10-09T06:05:56Z,16896041188,5803669349,Survive nightmare XChristianXsj,126
2026-10-09T06:05:56Z,254965063,104923451,[Fall Weapon Remodels!] Phantom Forces Console,125
2026-10-09T06:05:56Z,4618049391,1512676568,"Tang County, Hebei",125
2026-10-09T06:05:56Z,6202744791,2273199208,BayView RP 🏠,125
2026-10-09T06:05:56Z,8511615377,3249295527,PANIK,125
2026-10-09T06:05:56Z,9603033881,3573098848,💰 Bid Battles!,125
2026-10-09T06:05:56Z,14713532223,5072279323,Beat The Robloxian!,125
2026-10-09T06:05:56Z,18901165922,6401952734,Pets RNG! ✨,125
2026-10-09T06:05:56Z,88887739603194,10548618687,Ascension Incremental 2,125
2026-10-09T06:05:56Z,6544360995,2456044697,🌺Mermaid Lagoon🌺,124
2026-10-09T06:05:56Z,9240295147,3462404408,3008 - 100 Players,124
2026-10-09T06:05:56Z,13335777118,4645056651,My Town Life RP 🏡,124
2026-10-09T06:05:56Z,14497551676,5005592935,escape house arrest simulator,124
2026-10-09T06:05:56Z,16426795556,5661134200,[🎽 TEAMS REVAMP 🎽] Track & Field: Infinite,124
2026-10-09T06:05:56Z,18636608512,6314664695,Silent Mansion [HORROR],124
2026-10-09T06:05:56Z,94450914651792,6908171946,Volleyball Ascended,124
2026-10-09T06:05:56Z,4540286603,1463361180,NORTHWIND,123
2026-10-09T06:05:56Z,5189834468,1811388660,Horror Tycoon,123
2026-10-09T06:05:56Z,14345357026,4959278843,[COMBAT 2.0] Men At Arms PvE,123
2026-10-09T06:05:56Z,14826510707,5109155090,The Logo Quiz! ⭐ [46],123
2026-10-09T06:05:56Z,15762680633,5449033072,The Sleepover Experience 🛌,123
2026-10-09T06:05:56Z,80399355300227,7387114108,SEIZE 😂,123
2026-10-09T06:05:56Z,91514145260129,9508201896,📒 Brazilian School [RP],123
2026-10-09T06:05:56Z,93104722799542,7889400622,🔴[AIRPLANE]WW2 Tank World ⚔️,123
2026-10-09T06:05:56Z,97267505570231,8844400854,Road-Side Shawarma [HORROR],123
2026-10-09T06:05:56Z,109585085068672,9020929856,[FREE KJ] Universal Battlegrounds,123
2026-10-09T06:05:56Z,118614517739521,9277195104,[UPD] Blind Shot,123
2026-10-09T06:05:56Z,127719392433046,9036406485,[CODES] Mortalia [BETA],123
2026-10-09T06:05:56Z,2414851778,848145103,Dungeon Quest! ⚔️ RPG Adventure,122
2026-10-09T06:05:56Z,5977347869,2153753929,[🎃Update] Tower Battles: Battlefront,122
2026-10-09T06:05:56Z,71227808846786,8449579949,Larp In An Office,122
2026-10-09T06:05:56Z,80892555915137,9893653327,Build Your Apartment 🏙️,122
2026-10-09T06:05:56Z,85558976034101,9826685598,Would You Rather Gear Tower 💥,122
2026-10-09T06:05:56Z,86832525327994,8993151589,Party Chaos,122
2026-10-09T06:05:56Z,97038396539280,7959448908,DronePoint [DRONE REWORKS + MORE BIG UPD],122
2026-10-09T06:05:56Z,122079988266644,9655897254,Idle Potato Game,122
2026-10-09T06:05:56Z,125055254587561,9550406138,[🔥] Escape Obbies For Brainrots!,122
2026-10-09T06:05:56Z,2214661900,772169807,Survive in Area 51,121
2026-10-09T06:05:56Z,77175706387793,9940489814,[Blue Broadcasts] ETERNITY [BETA],121
2026-10-09T06:05:56Z,79152511746013,8537350835,Defend your Castle!👑,121
2026-10-09T06:05:56Z,97691203861571,7252801296,[⏰] Merge Titan Army [Fight Offline],121
2026-10-09T06:05:56Z,98339768558039,7130064723,"[0.7] ObjectVerse - BFDI, II RPs",121
2026-10-09T06:05:56Z,108616176683580,6504717394,Heaven Line,121
2026-10-09T06:05:56Z,121156243721577,7688358693,Build an Arcade 🕹️,121
2026-10-09T06:05:56Z,136599248168660,7394964165,[MONARCH] Solo Hunters,121
2026-10-09T06:05:56Z,230362888,99361251,The Normal Elevator,120
2026-10-09T06:05:56Z,1379818574,551811297,🎃 Push Oofs Off Skyscrapers,120
2026-10-09T06:05:56Z,5134682719,1784924271,[🌴] DEATH NOTE,120
2026-10-09T06:05:56Z,5327491283,1865885235,Escape School Obby! (NEW),120
2026-10-09T06:05:56Z,5967514178,2148657137,Ready Player Two Hub (hacked by @ICraftPe on YT!),120
2026-10-09T06:05:56Z,10625506467,3854678859,Hero Brawl,120
2026-10-09T06:05:56Z,12500497961,4393276188,Defend your base from zombies,120
2026-10-09T06:05:56Z,84252889613098,6918732178,👏 Slap Battles but i made it,120
2026-10-09T06:05:56Z,117433621747604,10224849445,[UPD] Be the King 👑,120
2026-10-09T06:05:56Z,118041109999946,8711562354,[UPDATE 1] CNSD : Reborn,120
2026-10-09T06:05:56Z,140417239274110,10614082913,+1 Run for Soccer Legends! ⚽,120
2026-10-09T06:05:56Z,5938036553,2132866904,FRONTLINES,119
2026-10-09T06:05:56Z,6788463055,2575809686,Destined Ascension [Infinity],119
2026-10-09T06:05:56Z,7344840126,2865006607,GACHAWOOD ⭐ RP,119
2026-10-09T06:05:56Z,10982620122,3958291198,[FELL!SANS] Undertale: Last Corridor,119
2026-10-09T06:05:56Z,12054551325,4257969255,Yellowstone Unleashed,119
2026-10-09T06:05:56Z,76128254547104,8514466390,Lucky Block Troll Tower 🍀,119
2026-10-09T06:05:56Z,84890467483013,7236441063,Find the Differences 🔍,119
2026-10-09T06:05:56Z,88735661337823,10442743986,Spuddy's (Anomaly) 🍔,119
2026-10-09T06:05:56Z,98033586806203,9898609049,[🍔] Get HEAVY for Brainrots,119
2026-10-09T06:05:56Z,121314259689007,9642267522,🏭 Noob Factory [ALPHA],119
2026-10-09T06:05:56Z,122553263569744,10697889407,[UPDATE 6.5] Anime Stars,119
2026-10-09T06:05:56Z,132169393925482,9784883402,Collect Dinos,119
2026-10-09T06:05:56Z,133609054222738,10178432352,Snipers Vs Runners! 💥,119
2026-10-09T06:05:56Z,139269766845542,9312830998,Craft a Brainrot,119
2026-10-09T06:05:56Z,1828509885,668582985,Egg Farm Simulator,118
2026-10-09T06:05:56Z,7027306580,2703506783,Escape School Obby! (NEW),118
2026-10-09T06:05:56Z,7167649916,2781894239,SIREN COP'S PRISON! (SCARY OBBY),118
2026-10-09T06:05:56Z,75034791252172,9871986464,[UPD] Parkour For Brainrots!,118
2026-10-09T06:05:56Z,77942507005261,9178347165,[ALPHA] Dead Meals 🧟🍔,118
2026-10-09T06:05:56Z,89611403838428,6736155852,Fling Furniture and People!,118
2026-10-09T06:05:56Z,12645083079,4435906301,Giant Simulator: REBORN,117
2026-10-09T06:05:56Z,15294321143,5274716309,[🔥NEW] 🕷️Cart Ride Into Spider-Man Spiderman 🕷️,117
2026-10-09T06:05:56Z,16436846604,5663764118,[FREE] Station Master Tycoon,117
2026-10-09T06:05:56Z,18289796570,6200551119,[IMPOSSIBLE] Nooby's Difficulty Chart Obby 3,117
2026-10-09T06:05:56Z,18352872370,6221848978,"Eurotunnel, Border Roleplay",117
2026-10-09T06:05:56Z,74951754415707,10064194308,Escape Rain For Lucky Blocks,117
2026-10-09T06:05:56Z,75185318960147,10130967442,Would You Rather: Evolve Tower 🧬,117
2026-10-09T06:05:56Z,6225076142,2284882312,8th Annual Bloxy Awards,116
2026-10-09T06:05:56Z,10351562025,3781225418,🔥S4! 🔥🌴Tropical Royale🌴,116
2026-10-09T06:05:56Z,17017769292,5836869368,Anime Defenders,116
2026-10-09T06:05:56Z,70503660100467,7360300064,Tung Tung Tung Tower,116
2026-10-09T06:05:56Z,74966223370173,9934748045,pop and drop,116
2026-10-09T06:05:56Z,82086702654870,7649076344,Drive the ball to the end,116
2026-10-09T06:05:56Z,133086043677134,7699580568,[🌱] Grass Incremental Simulator,116
2026-10-09T06:05:56Z,5963376918,2146451001,Anime Tycoon,115
2026-10-09T06:05:56Z,72515236628292,7782036711,🚀 Fly to SPACE!,115
2026-10-09T06:05:56Z,93924136437619,7831131900,Slap Tower X 🖐,115
2026-10-09T06:05:56Z,107314033610469,9808514624,Flip Rocks for Brainrot!,115
2026-10-09T06:05:56Z,109872214376771,9387269684,El Paso Roleplay,115
2026-10-09T06:05:56Z,137373587493425,10390633859,[⌛] Drive Car and Slide 🏎️,115
2026-10-09T06:05:56Z,311398078,117644499,🦋 Ivix Universe,114
2026-10-09T06:05:56Z,3145447020,1135367592,❄️🗻Mt. Everest Climbing Roleplay,114
2026-10-09T06:05:56Z,7446466648,2900817893,[🔥UPDATE 14] Dragon Ball: Legendary Forces,114
2026-10-09T06:05:56Z,10617518225,3852524123,Catalog Avatar Editor,114
2026-10-09T06:05:56Z,15583100726,5379950946,🏀 Basketball Stars 3,114
2026-10-09T06:05:56Z,17057139388,5847579910,🌹Poppy Playtoys [ALPHA],114
2026-10-09T06:05:56Z,17405588101,5956634861,Insomnia [Horror],114
2026-10-09T06:05:56Z,74167169477872,9140218204,[🌥️] Stretch Your Neck 🦕,114
2026-10-09T06:05:56Z,74779072921656,7079152534,🐝 Spelling Bee [🎃],114
2026-10-09T06:05:56Z,83981951550505,9741799896,[W2] +1 Speed Ninja Escape,114
2026-10-09T06:05:56Z,100337093788565,9324081218,[🏆SEASON 1] evil plate game,114
2026-10-09T06:05:56Z,104589921852670,10423774136,Secure the Checkpoint [BETA],114
2026-10-09T06:05:56Z,133937232828194,6497729434,[🌭] Be A Food,114
2026-10-09T06:05:56Z,134931730875913,10441136920,[BETA] Crazy Odyssey: A New Journey,114
2026-10-09T06:05:56Z,6416498845,2387000728,Facility Roleplay,113
2026-10-09T06:05:56Z,9472371402,3532628446,🛑 THE BACKROOMS [ REDACTED ],113
2026-10-09T06:05:56Z,14851743742,5117605201,[🌀CLASSIC] Jack Black's BOSS RUSH 🔥🐢,113
2026-10-09T06:05:56Z,15549445942,5367086137,Doomspire Defense,113
2026-10-09T06:05:56Z,101570908642635,7713362139,Voxel Sandbox ⚡,113
2026-10-09T06:05:56Z,103044093430428,9965260090,Donation For All,113
2026-10-09T06:05:56Z,106431012459431,8907796617,Block Tales Battle Simulator,113
2026-10-09T06:05:56Z,114842743918083,8514476218,Phonk Tower 🎶,113
2026-10-09T06:05:56Z,117090463954607,9570974642,[📝Contracts] Own A Market,113
2026-10-09T06:05:56Z,120476503193974,9976531812,Taste The Gloop Shake 2,113
2026-10-09T06:05:56Z,127723473756576,7330008550,2 Player Bakery Tycoon 🍞,113
2026-10-09T06:05:56Z,129786213527176,9035240873,Prove You Are Not a Dum-Dum,113
2026-10-09T06:05:56Z,164051105,78351145,Super Bomb Survival,112
2026-10-09T06:05:56Z,9476339275,3533803429,Double Down,112
2026-10-09T06:05:56Z,11594344738,4113699767,Voxel Destruction Physics,112
2026-10-09T06:05:56Z,13521186297,4701326804,Hot Pot Restaurant,112
2026-10-09T06:05:56Z,13530972673,4703978359,The Never Ending Train Ride,112
2026-10-09T06:05:56Z,88705192273615,7329298703,Frost Rails🩸[Wendigo],112
2026-10-09T06:05:56Z,89874467895766,8562591184,[🏭] My Tycoon!,112
2026-10-09T06:05:56Z,99368137911219,10354167851,Paint Flags,112
2026-10-09T06:05:56Z,103485424160754,9025363969,[OG BACK] Romania Admin Roleplay #1,112
2026-10-09T06:05:56Z,105692451124462,7600851482,Troll Bomb Tower 💣,112
2026-10-09T06:05:56Z,110690600130381,10030177373,[⌛] Fight for Hackers ⚔️,112
2026-10-09T06:05:56Z,130248389561322,8203580812,DROPPER HELL 🔥 DROP IN!,112
2026-10-09T06:05:56Z,6172932937,2257943402,Energy Assault FPS,111
2026-10-09T06:05:56Z,6198225400,2270890905,🌎WORLD 3!🌎 Legends Re:Written,111
2026-10-09T06:05:56Z,6901029464,2635075184,Mansion of Wonder,111
2026-10-09T06:05:56Z,12803373131,4483319427,[🚅 ICE] 🚄 Train Simulator 🚉,111
2026-10-09T06:05:56Z,17812428952,6102498199,Every Roblox Player,111
2026-10-09T06:05:56Z,137282814526439,6927866228,[EVENT]Skibidi Toilet Battle Boom,111
2026-10-09T06:05:56Z,3378223169,1208948106,Hotel,110
2026-10-09T06:05:56Z,15064853712,5190405772,Break In Simulator,110
2026-10-09T06:05:56Z,15327728308,5286749994,[Sale] Aftermath 🧟,110
2026-10-09T06:05:56Z,16069293525,5554338507,Artificial Warfare,110
2026-10-09T06:05:56Z,82820711131996,8539139845,Cozy Small Park 🌳,110
2026-10-09T06:05:56Z,89597299598186,7791104322,Disaster Janitor 🧽,110
2026-10-09T06:05:56Z,97365843755210,9757776682,Cut Grass for Brainrots,110
2026-10-09T06:05:56Z,119117220054204,7072184688,Purrfect! [LACQUER],110
2026-10-09T06:05:56Z,127283002506746,7175500329,Roblox Replay,110
2026-10-09T06:05:56Z,128079190786165,6500474078,[🍀] Item Factory 2,110
2026-10-09T06:05:56Z,139076562627423,9261495998,Meet Sammy Tower 🖐️,110
2026-10-09T06:05:56Z,9689581,16371559,Roblox High School [Legacy],109
2026-10-09T06:05:56Z,3471952025,1234355296,Zombie Apocalypse Roleplay: From Scratch (OLD),109
2026-10-09T06:05:56Z,99403308813547,7541864170,[REVAMP] mall game,109
2026-10-09T06:05:56Z,133872233697203,10019914160,[EVENT] MrReal's Glitch Obby,109
2026-10-09T06:05:56Z,140588718649817,6625910847,Starving Pianists,109
2026-10-09T06:05:56Z,504090542,194950372,🦑 Battleship Battle ⚓,108
2026-10-09T06:05:56Z,4796282774,1617185934,Custom Minigames,108
2026-10-09T06:05:56Z,4857298151,1651278324,[👾] Free Items Game!,108
2026-10-09T06:05:56Z,12857619746,4500652595,Betty's Nursery! (FIRST PERSON OBBY!),108
2026-10-09T06:05:56Z,82103875404639,10040426659,[UPD7🪄] Tap Incremental,108
2026-10-09T06:05:56Z,83211034158887,7518216173,Anime League,108
2026-10-09T06:05:56Z,99085985484384,9145282410,Movie Massacre 📼 [HORROR],108
2026-10-09T06:05:56Z,105834035548197,7709099852,Find the Gubbys (134),108
2026-10-09T06:05:56Z,125410772032969,9416689400,Tap 4 Money 💸,108
2026-10-09T06:05:56Z,463915360,177749064,Be an Alien: Renewal,107
2026-10-09T06:05:56Z,7564300794,2938948258,Piano Music Sheet Practice,107
2026-10-09T06:05:56Z,11177482306,3993508361,[Revamp🔥] Streetz War 2,107
2026-10-09T06:05:56Z,13400517693,4664728623,[SURVIVE] Goofy Gods ⚡️,107
2026-10-09T06:05:56Z,73934517857372,7789353543,[UPD25] +1 Speed Prison Escape⚡,107
2026-10-09T06:05:56Z,89272732912332,6991103480,World Games: Athens [Track & Field],107
2026-10-09T06:05:56Z,93922097153911,9949303437,Element Arena [Update4]💥,107
2026-10-09T06:05:56Z,94487280422543,9357486806,[PRE-BETA] RETROGRAD,107
2026-10-09T06:05:56Z,122075434066550,8560366648,🔥Floor is Lava Tower,107
2026-10-09T06:05:56Z,133277436323400,9310246727,[Bridge!] Bots & Muskets,107
2026-10-09T06:05:56Z,1046190774,433670627,Halloween Night,106
2026-10-09T06:05:56Z,1886551928,686030892,Hostile Skies ✈️ [NEW SKINS!],106
2026-10-09T06:05:56Z,7050008107,2715844182,Hospital Tycoon 😷,106
2026-10-09T06:05:56Z,7920018625,3063853166,☢️Nuke Tycoon [ROCKETS],106
2026-10-09T06:05:56Z,8073154099,3109731140,The Intruder,106
2026-10-09T06:05:56Z,11378364822,4048852641,Tales Of Tanorio,106
2026-10-09T06:05:56Z,16426359665,5661020014,PARANORMAL [HORROR],106
2026-10-09T06:05:56Z,73257710123935,8507699752,Poison Treats 🧁🧪,106
2026-10-09T06:05:56Z,81244686209046,10041009357,Kaiju Showdown [MEGALON] (TESTING!)🦖 ⚠️,106
2026-10-09T06:05:56Z,84107034759866,6671012142,[UPD] Countryball Simulator,106
2026-10-09T06:05:56Z,105938112304055,7938272070,Lucky Block Tower,106
2026-10-09T06:05:56Z,4719070407,1568965904,The Chamber,105
2026-10-09T06:05:56Z,4733278992,1578260208,Sword Blox Online: Rebirth,105
2026-10-09T06:05:56Z,6879598157,2623596063,(BACK) Untitled FNF Animations,105
2026-10-09T06:05:56Z,15454242765,5332377701,🦖 Jurassic World | Isla Nublar,105
2026-10-09T06:05:56Z,16276623981,5616424765,Find The Flags (350) 🌍,105
2026-10-09T06:05:56Z,18130504174,6146301100,Fat Race,105
2026-10-09T06:05:56Z,76456949613572,10145435093,Delta Tower,105
2026-10-09T06:05:56Z,108632069675268,10033740377,🍪 Roll Your Cookie,105
2026-10-09T06:05:56Z,136055963655040,10450501528,Paint ANYTHING,105
2026-10-09T06:05:56Z,483878848,185770259,Roleplay Universe 🌎🍏,104
2026-10-09T06:05:56Z,6647962258,2498556598,Aeronautica,104
2026-10-09T06:05:56Z,9203864304,3451663900,raise a floppa,104
2026-10-09T06:05:56Z,11651317332,4130089970,Randomizer Brawl (RECODE : PHASE 1.5),104
2026-10-09T06:05:56Z,12196278347,4298676072,[⛏️] Refinery Caves 2,104
2026-10-09T06:05:56Z,77261596213273,6756738846,Every Click +1 Strength 💪,104
2026-10-09T06:05:56Z,79206495603893,9043900837,SubCargo [ALPHA],104
2026-10-09T06:05:56Z,83471552202911,10108284887,ASMR Keyboard Tower 🎧,104
2026-10-09T06:05:56Z,107838858975205,7041101865,DOORS HARDCORE,104
2026-10-09T06:05:56Z,121127868367976,10404766693,[UPD] Make an Army 🚩 : Red VS Blue [Beta],104
2026-10-09T06:05:56Z,121255181515820,9515324315,[Odium+RGB] Pillar Chase,104
2026-10-09T06:05:56Z,137723497878181,9604810345,Escape Rising Lava For Brainrots!,104
2026-10-09T06:05:56Z,130793019,52494682,Classic Sonic Simulator V13.2,103
2026-10-09T06:05:56Z,522527978,203829788,The Horror Mansion 🎃,103
2026-10-09T06:05:56Z,9924209123,3661799116,Aviation Airfield [FLY PLANES!],103
2026-10-09T06:05:56Z,11445923563,4069560710,[⚔️ Sword of the Rain] ONE FRUIT,103
2026-10-09T06:05:56Z,11806960410,4178985930,[CODE: 10KMembers] Ship Defense Simulator 💥,103
2026-10-09T06:05:56Z,71544145522719,6735081142,Foxy from FNAF Doom,103
2026-10-09T06:05:56Z,74768930103590,8840856120,[🏴‍☠️] 50 Days on a Raft 🌊,103
2026-10-09T06:05:56Z,75068218137643,7497746489,Tower Lari,103
2026-10-09T06:05:56Z,107839068914459,10332579362,Auto Wallhop Tower But Hard!🔄,103
2026-10-09T06:05:56Z,113533413485661,7834174817,Zombie Tycoon,103
2026-10-09T06:05:56Z,120273508549631,9156250281,[🎄] Find The Zootopia 2,103
2026-10-09T06:05:56Z,125723653259639,7204130482,Drill Digging Simulator,103
2026-10-09T06:05:56Z,2474999229,874010830,[Halloween] Farm World,102
2026-10-09T06:05:56Z,4225025295,1380809308,[UPD 2.2] OP NINJA⚡,102
2026-10-09T06:05:56Z,8253643436,3166350952,Depth Spelunking,102
2026-10-09T06:05:56Z,85733030843250,10418505887,[UPDATE] Animal Restaurant (Anomaly),102
2026-10-09T06:05:56Z,93294793541810,9103302710,[🎢] My THEMEPARK,102
2026-10-09T06:05:56Z,96197006873131,10766426236,Where Did I Park?,102
2026-10-09T06:05:56Z,96443646410175,8738763254,Sesame Street: Neighborhood Adventures,102
2026-10-09T06:05:56Z,110931082114513,9498950927,Craft a Baddie,102
2026-10-09T06:05:56Z,124046895032817,9606896356,+1 Strength Troll Obby 💪,102
2026-10-09T06:05:56Z,136611085381274,10037019232,Marine Academy: Military Roleplay,102
2026-10-09T06:05:56Z,2454499969,866362715,Dinosaur World Mobile,101
2026-10-09T06:05:56Z,8472851459,3237615544,Really Easy Obby! 🌈,101
2026-10-09T06:05:56Z,8482713490,3240343305,[PART 2] Forgotten Memories 🍕,101
2026-10-09T06:05:56Z,9531918774,3550555214,mid eastern conflict sim,101
2026-10-09T06:05:56Z,10782471256,3898041240,Obby Leader,101
2026-10-09T06:05:56Z,14521539458,5013121744,Da Bot Aim Trainer ❄️,101
2026-10-09T06:05:56Z,15296932900,5275559565,Fortune's End,101
2026-10-09T06:05:56Z,97960402739248,7961333063,Drive and Fight!,101
2026-10-09T06:05:56Z,99065555424640,10536401008,+1 Speed Zombie Keyboard Escape,101
2026-10-09T06:05:56Z,103525960981185,10167214983,Dumpling Squishy Race🥟,101
2026-10-09T06:05:56Z,116223724643557,10123898404,+1 Magic Evolution,101
2026-10-09T06:05:56Z,119872115101234,9843407918,my driver is blind [2 Player Obby],101
2026-10-09T06:05:56Z,120658320085239,9680787564,[WORLD 4] Stay Hard Run,101
2026-10-09T06:05:56Z,131926755389304,7540451462,Crash Bots 💥,101
2026-10-09T06:05:56Z,133410800847665,7488190691,[⚽4.25🏆] Universal Tower Defense Z,101
2026-10-09T06:05:56Z,12137249458,4281211770,[FPS] Gun Grounds FFA,100
2026-10-09T06:05:56Z,18606626051,6304850669,🧊 Ice Tycoon,100
2026-10-09T06:05:56Z,82198031499116,8137661920,Troll is a pinning tower 5,100
2026-10-09T06:05:56Z,82581651416800,9282371706,Adventure Builder 2,100
2026-10-09T06:05:56Z,83622406313819,9280810829,Loot Up!,100
2026-10-09T06:05:56Z,105882032562407,8407708933,Saber Unbound ⚔️ [MASSIVE UPDATE],100
2026-10-09T06:05:56Z,136888805396223,7742053421,[🌎W3] Obby But You're Cursed,100
2026-10-09T06:05:56Z,370731277,140239261,🏠 MeepCity 🏠,99
2026-10-09T06:05:56Z,16166423027,5584394571,Untitled Parkour Game,99
2026-10-09T06:05:56Z,72238253016204,7209131331,Arena of Survival,99
2026-10-09T06:05:56Z,84259959693333,9918678725,Skateboard for Brainrots,99
2026-10-09T06:05:56Z,104716788636258,10486789708,[ FREE UGC ] The Button Room 2,99
2026-10-09T06:05:56Z,118821269826806,10006104044,Wizard Alchemy[🕸Spider Lair UPD],99
2026-10-09T06:05:56Z,133004469082367,9899322847,Clash's Glitch Per Difficulty Chart Obby,99
2026-10-09T06:05:56Z,133068930511556,10283918188,[MEGA UPDATE] Squishy ASMR World🫧,99
2026-10-09T06:05:56Z,253431746,104598338,Theme Park HeideLand 🎢,98
2026-10-09T06:05:56Z,7940932746,3070438122,Chaos: Roblox!,98
2026-10-09T06:05:56Z,8987209191,3388012996,Simple Ants,98
2026-10-09T06:05:56Z,13415640045,4669247391,"[NEW CAR & 2x PAY] Jupiter, Florida 🚗 CARS",98
2026-10-09T06:05:56Z,14569384529,5027504417,Mobian Mayhem [REWORK COUNTDOWN],98
2026-10-09T06:05:56Z,17094607279,5858282128,Obby But You Walk on Walls,98
2026-10-09T06:05:56Z,83256791430098,10399712766,[UPD] +1 Banana Monkey Destruction,98
2026-10-09T06:05:56Z,91232956735357,6631166683,My Pet Rock,98
2026-10-09T06:05:56Z,91684267829554,10104810835,simply walk around it (OBBY),98
2026-10-09T06:05:56Z,92814019058536,9258043104,[✨X20]Plant Brainrot Simulator,98
2026-10-09T06:05:56Z,105031185134358,10111742174,[UPD!] Defend ur base with anime,98
2026-10-09T06:05:56Z,124374448373637,9991421325,[New Levels!] Carpet Cleaning Simulator,98
2026-10-09T06:05:56Z,136685230826708,9894949745,[CHOSO] Ryu Ishigori Game,98
2026-10-09T06:05:56Z,5732966938,2032463184,World Defenders TD,97
2026-10-09T06:05:56Z,74017502103759,9583346276,Cheese Escape : Dark Maze,97
2026-10-09T06:05:56Z,78007850356664,10119860642,Spikey Balloon Pop🎈,97
2026-10-09T06:05:56Z,93749822124717,10765203500,[🎃] Larping Legends 2,97
2026-10-09T06:05:56Z,124416491124622,7594957185,Lazy Tower,97
2026-10-09T06:05:56Z,138064211947107,9962753776,Unbox Your Car,97
2026-10-09T06:05:56Z,4991655405,1718942224,😂 The Comedy Elevator 😂!,96
2026-10-09T06:05:56Z,6707475252,2532650578,[V2] Marque of War Battles,96
2026-10-09T06:05:56Z,9866727092,3645561364,⚓BattleShip Tabletop,96
2026-10-09T06:05:56Z,90275671691258,8229835129,Truck RNG,96
2026-10-09T06:05:56Z,98274370174426,7537130234,SUITBORN [ALPHA] - NIGHT 3,96
2026-10-09T06:05:56Z,108344031766098,9969687051,+1 Backflip For Brainrots🧠,96
2026-10-09T06:05:56Z,110308882298123,9837859228,Upgrade a Lucky Block!,96
2026-10-09T06:05:56Z,126127396518967,10607363280,Would You Rather: Youtubers Tower,96
2026-10-09T06:05:56Z,5000143962,1722988797,Space Sailors,95
2026-10-09T06:05:56Z,5086117384,1761773144,Clone Yourself,95
2026-10-09T06:05:56Z,15755895375,5446377791,Doodle Obby ✏️,95
2026-10-09T06:05:56Z,72250771850707,7943862223,I WANNA RUN AWAY TOWER,95
2026-10-09T06:05:56Z,88773823105878,10680863064,Unfreeze an Animal,95
2026-10-09T06:05:56Z,120038828993910,8188085194,Catchy [Pets] New Mutation,95
2026-10-09T06:05:56Z,125758178026954,10289426907,Build Hide Survive Zombies,95
2026-10-09T06:05:56Z,126259681759948,6546714281,[🔮New] Gabby's Dollhouse Official Tycoon,95
2026-10-09T06:05:56Z,258258996,105689481,[🎂] Miner's Haven ⛏️ Sandbox Tycoon,94
2026-10-09T06:05:56Z,2155449728,753724558,the COOL zone,94
2026-10-09T06:05:56Z,2653064683,953622098,Word Bomb,94
2026-10-09T06:05:56Z,5843263647,2080556531,[Beta] Dragon Ball RP: Azure,94
2026-10-09T06:05:56Z,6560282512,2464573238,Just a Rope Bridge,94
2026-10-09T06:05:56Z,13950108612,4834449429,Radiant Residents,94
2026-10-09T06:05:56Z,14060589927,4869168196,[NEW NT 10!] Moto Trackday Project,94
2026-10-09T06:05:56Z,14400224477,4975820673,Team Obby [UPD4],94
2026-10-09T06:05:56Z,16893821047,5803093656,Blue Heater 2 [FISH FUNLAND🎣],94
2026-10-09T06:05:56Z,74942575319599,8801566255,Omnidroids Test,94
2026-10-09T06:05:56Z,80045995105676,6900677672,Drive A Friend! [2 Player Obby],94
2026-10-09T06:05:56Z,80167904212435,10761884278,Strikeborn [EARLY ACCESS],94
2026-10-09T06:05:56Z,111972673427354,8791363740,Don’t Steal the KPop Demon Hunters 🎤,94
2026-10-09T06:05:56Z,130247632398296,9266873836,Anime Fighting Simulator: Endless,94
2026-10-09T06:05:56Z,2317185366,807765388,Unwavering Soul,93
2026-10-09T06:05:56Z,7603193259,2953945619,Friday Night Bloxxin',93
2026-10-09T06:05:56Z,11867064975,4199391951,[ECONOMY💰] Tetragon Fortress 2,93
2026-10-09T06:05:56Z,13704594433,4756005135,The Storage,93
2026-10-09T06:05:56Z,17165396486,5878197094,Ride the train to Cactus,93
2026-10-09T06:05:56Z,17495769916,5988250208,🏝️ monkey raft 🏝️,93
2026-10-09T06:05:56Z,75654987823652,10375105020,+1 Speed Boat Tsunami,93
2026-10-09T06:05:56Z,88489656058919,7152338202,[V17] +1 Speed Maze,93
2026-10-09T06:05:56Z,89343390950953,7893515528,🎤 My Singing Brainrot,93
2026-10-09T06:05:56Z,90593834103802,7855703227,[FREE AVA] Mount Jawa,93
2026-10-09T06:05:56Z,107703642762425,9778862115,[💪] Steal Size from others!,93
2026-10-09T06:05:56Z,108368760436337,9299166304,Red VS Blue Tycoon,93
2026-10-09T06:05:56Z,109588872144583,6938955762,[🔧FIXES] Tribe Survival 🏝️,93
2026-10-09T06:05:56Z,117795955884406,9023560962,Chrono Warfare | Tower Defense,93
2026-10-09T06:05:56Z,124235924984657,9339430298,[Fall City] Egor Speed,93
2026-10-09T06:05:56Z,126732209493320,9612416050,Confinement [CLASSES],93
2026-10-09T06:05:56Z,138271040173448,10089507840,+1 Speed Bubble Wrap Escape | Candy🍭,93
2026-10-09T06:05:56Z,2991153085,1079978427,Acid Escape!,92
2026-10-09T06:05:56Z,5610197459,1963768903,gang up on people simulator,92
2026-10-09T06:05:56Z,7142143048,2768038118,Build A Boat With Blocks,92
2026-10-09T06:05:56Z,9664474819,3589987987,Burger Game 🍔,92
2026-10-09T06:05:56Z,16279732176,5617259335,War Universalis [UPDATE],92
2026-10-09T06:05:56Z,18777240250,6361684246,Labubu Tower,92
2026-10-09T06:05:56Z,79462658240386,9995470578,Be an Admin,92
2026-10-09T06:05:56Z,80949673497851,7813000783,💸1 Step = $1,92
2026-10-09T06:05:56Z,97886399571757,9549894418,⚠️ Landing Experiments: Plane Crash Sandbox,92
2026-10-09T06:05:56Z,137202615981355,10398046208,+1 Height Per Jump,92
2026-10-09T06:05:56Z,7783741,22430683,Scary Elevator😱 (Survive the Killers!),91
2026-10-09T06:05:56Z,4585085581,1492036164,[HASHIRAMA] Shinobi Storm,91
2026-10-09T06:05:56Z,5315066937,1861512506,surf,91
2026-10-09T06:05:56Z,6129557066,2234531384,UFO Tycoon 🛸,91
2026-10-09T06:05:56Z,7993293100,3085857678,Tsunami Game,91
2026-10-09T06:05:56Z,9213869953,3454599963,Paper Simulator,91
2026-10-09T06:05:56Z,16470650552,5673784666,K-Photo📸 Take photos with Friends,91
2026-10-09T06:05:56Z,18109142315,6138976267,PIG 64,91
2026-10-09T06:05:56Z,133840793816521,9276127219,[NEW MUTATIONS] Don't Steal the Car 🚗,91
2026-10-09T06:05:56Z,136162036182779,7447878628,[♟️] German Voice,91
2026-10-09T06:05:56Z,138765242147947,10550305160,Breaking Roblox's Limits [ALPHA],91
2026-10-09T06:05:56Z,413424176,156428258,Clone Tycoon 2,90
2026-10-09T06:05:56Z,5232896677,1831129397,Pacifico 2 RP,90
2026-10-09T06:05:56Z,7537544272,2930829678,🌈 Slide Down A Rainbow Slide Obby! 🌈,90
2026-10-09T06:05:56Z,9864759962,3645042208,WW2 Roleplay [🎄],90
2026-10-09T06:05:56Z,14236123211,4924516231,Punch Simulator 👊[FREE UGC],90
2026-10-09T06:05:56Z,14963184269,5154411392,[PRACTICE!] Mount Sumbing,90
2026-10-09T06:05:56Z,116623319969839,7208561693,Kick Your Friend [2 Player Obby],90
2026-10-09T06:05:56Z,123079846702355,7717590013,[⭐ LEVELS!] Hide the Button! 🔴,90
2026-10-09T06:05:56Z,1457345133,577949054,Build A Ship to Survivor's Island 🚢,89
2026-10-09T06:05:56Z,3738091713,1294246302,Boxing League,89
2026-10-09T06:05:56Z,8523408215,3253065035,Alo Sanctuary,89
2026-10-09T06:05:56Z,8791578652,3333234029,Pordier at War,89
2026-10-09T06:05:56Z,9873553198,3647595473,Inadequate Mod,89
2026-10-09T06:05:56Z,11380216916,4049380684,(🔨🏛️🦋) Star Glitcher ~ Revitalized,89
2026-10-09T06:05:56Z,12904623748,4515828939,Short But Difficult Wallhop Tower,89
2026-10-09T06:05:56Z,13736262981,4766378400,Destroy the bridge & Crash trains,89
2026-10-09T06:05:56Z,14055498520,4867536568,[☀️] MotoRush! 🏍️,89
2026-10-09T06:05:56Z,18916922845,6407388008,[🎉] Launch a Wheel! 🛞💥,89
2026-10-09T06:05:56Z,71565666593141,9716340958,😭 Cry For Me Troll Tower 🎶,89
2026-10-09T06:05:56Z,89358562219139,10399562127,Block Breakout,89
2026-10-09T06:05:56Z,119564951960102,6611035093,Pass or Die 💣,89
2026-10-09T06:05:56Z,122459023036849,9101545371,[ATC] Air Traffic Simulator,89
2026-10-09T06:05:56Z,128327213958173,8403802220,Dog Pound,89
2026-10-09T06:05:56Z,9557222597,3560075960,Clarks' CICAVERSE,88
2026-10-09T06:05:56Z,12174550143,4292597713,🍍 ESCAPE FROM QUEEN IN THE DESERT,88
2026-10-09T06:05:56Z,14583678481,5032031589,Dragon Ball RP Zenkai,88
2026-10-09T06:05:56Z,15511184827,5352702811,Something Boss Fights,88
2026-10-09T06:05:56Z,138149789228609,8046999888,MOUNT RINJANI,88
2026-10-09T06:05:56Z,13191630520,4601806313,تكفى روب 💸,87
2026-10-09T06:05:56Z,14847004740,5116084499,Survive The NEXTBOTS,87
2026-10-09T06:05:56Z,15673118894,5413860450,Arctic's Kingdom [FARM RECODE 🧑‍🌾],87
2026-10-09T06:05:56Z,74012041386288,10506354213,[LAG TRAIN] Trending Meme Animations,87
2026-10-09T06:05:56Z,118433033586507,7628235825,✨Simple Spells!,87
2026-10-09T06:05:56Z,123748395762873,6664476231,Anime Fruit!,87
2026-10-09T06:05:56Z,124279603200975,9863361487,Bike For Brainrots!🚲,87
2026-10-09T06:05:56Z,1523801080,597286316,A Simple Obby?,86
2026-10-09T06:05:56Z,2394257515,839922895,Project Stardust,86
2026-10-09T06:05:56Z,6312753269,2331157949,[ULTRA INSTINCT] Super Evolution,86
2026-10-09T06:05:56Z,7167638464,2781888563,Escape Miss Ani-Tron's Detention! (SCARY OBBY),86
2026-10-09T06:05:56Z,11268121492,4017390447,AO Tennis Adventure,86
2026-10-09T06:05:56Z,11541986592,4098607814,Color Escape!,86
2026-10-09T06:05:56Z,79137923166591,8639693426,[INFINITE & GUN] SLAP,86
2026-10-09T06:05:56Z,83942919686609,7640282930,[🔨] Build a Scam Empire!,86
2026-10-09T06:05:56Z,100594443346530,10231960870,Night Crew,86
2026-10-09T06:05:56Z,101999033454222,9338696299,[COLONIZATION]👑 Dawn Of Empires [BETA],86
2026-10-09T06:05:56Z,111130915266245,6837227715,Car Training🚗,86
2026-10-09T06:05:56Z,111163066268338,8250618750,[🎃] Knife Ability Test,86
2026-10-09T06:05:56Z,135672538532355,7476107443,Tuing Tuing Tower,86
2026-10-09T06:05:56Z,490844322,188736399,Freddy's Tycoon Remastered,85
2026-10-09T06:05:56Z,4921748958,1685316311,Anime Battleground,85
2026-10-09T06:05:56Z,6902912928,2636039700,⬆️ GET TO THE TOP! ⬆️ [NEW SHOP!],85
2026-10-09T06:05:56Z,6924758805,2647834887,🔨 MM2 Aim Trainer,85
2026-10-09T06:05:56Z,8257093778,3167488512,[Ramadhan 2025] Kampong: Horror Classic,85
2026-10-09T06:05:56Z,13946745315,4833468691,Heads Up [Guessing],85
2026-10-09T06:05:56Z,72342230935182,10074100574,Slap a Zombie,85
2026-10-09T06:05:56Z,78724049937437,9977954973,[🎨] Paint And SEEK!,85
2026-10-09T06:05:56Z,78960745295076,8359799244,a long hike [Alpha],85
2026-10-09T06:05:56Z,79453428559219,7356350779,Cotton dreams tower,85
2026-10-09T06:05:56Z,86538385467253,6830856257,Luxury Plane Tycoon 🛫,85
2026-10-09T06:05:56Z,88049480741001,7762712538,Troll is a pinning tower 4,85
2026-10-09T06:05:56Z,95748265328796,8540379129,Trolls can't break this tower 2,85
2026-10-09T06:05:56Z,96447215899741,10662463285,[UPD6] Finish It! 🛠️,85
2026-10-09T06:05:56Z,109004013187765,9566251256,[🍬] Be Gum,85
2026-10-09T06:05:56Z,2769293732,1000639036,🌊 Water Park,84
2026-10-09T06:05:56Z,5611648039,1964570867,Murder Party,84
2026-10-09T06:05:56Z,6938764986,2655290561,Airplane Simulator,84
2026-10-09T06:05:56Z,7390824960,2880808628,[KNIGHT KING] FIRE FORCE ONLINE,84
2026-10-09T06:05:56Z,12892130985,4511892440,👓 Mandrake Catalog Editor (BETA),84
2026-10-09T06:05:56Z,13421266463,4671010462,Paradise 🏠 RP,84
2026-10-09T06:05:56Z,82397737462020,9834941565,Shrink For Brainrots,84
2026-10-09T06:05:56Z,90427575650929,6829921755,Steal Ice Cream from Kids! 🍦,84
2026-10-09T06:05:56Z,93529731049611,10758992223,Clean the Countries,84
2026-10-09T06:05:56Z,137110424556384,8348991330,Slendytubbies 3: Multiplayer,84
2026-10-09T06:05:56Z,5783581,106086152,TPS: Ultimate Soccer ⚽,83
2026-10-09T06:05:56Z,814559626,341518102,Dimension 23,83
2026-10-09T06:05:56Z,4764996141,1598111240,[HYBRID TAXI!] JusDrive,83
2026-10-09T06:05:56Z,5098630929,1766958151,Tiny Wheels,83
2026-10-09T06:05:56Z,6722921118,2541236151,Color Book,83
2026-10-09T06:05:56Z,8137333410,3129182821,Color by number,83
2026-10-09T06:05:56Z,9898710720,3655030699,💸Money Tycoon!,83
2026-10-09T06:05:56Z,12586847633,4418726539,[LOW XP Servers] Nations Roleplay Remastered,83
2026-10-09T06:05:56Z,12842348067,4495671366,Stand Power,83
2026-10-09T06:05:56Z,13116420108,4578260860,Try To Die 💀,83
2026-10-09T06:05:56Z,15194508862,5238130813,Untitled Drift Game,83
2026-10-09T06:05:56Z,18238180555,6182655829,⭐ Superstar Racers,83
2026-10-09T06:05:56Z,72128145906256,9544531673,CRAZY TNT MOD!,83
2026-10-09T06:05:56Z,76903203639722,9907145913,[ UPDATE! ] Steal from Anime Fruits!,83
2026-10-09T06:05:56Z,101815199838077,7556543437,[SOON] Invincible Showdown,83
2026-10-09T06:05:56Z,109423858328586,10374499973,+1 Double Jump Keyboard Escape,83
2026-10-09T06:05:56Z,116432016116625,6897035933,[NEW] Fish Training ⭐,83
2026-10-09T06:05:56Z,116952543207735,10092286198,My Squishy Dumplings,83
2026-10-09T06:05:56Z,559159830,220828728,Fashion Famous [Classic],82
2026-10-09T06:05:56Z,1417427737,564406126,[🏆GUILDS] Mining Simulator,82
2026-10-09T06:05:56Z,6955924345,2664980198,Titan Clash Online [Alpha],82
2026-10-09T06:05:56Z,11169441681,3992524315,Word Bridge,82
2026-10-09T06:05:56Z,15564827526,5372679817,Block Puzzle (REWARDS),82
2026-10-09T06:05:56Z,15913854716,5502624394,The Difficulty Upgrade Tree: Regrown,82
2026-10-09T06:05:56Z,16005417081,5533168824,[❤️] Makeover Show,82
2026-10-09T06:05:56Z,17800309532,6098192586,Voice Control 🎙️,82
2026-10-09T06:05:56Z,72420231510310,8613687643,[NEW] Scribble Showdown,82
2026-10-09T06:05:56Z,89490917156284,6996099240,Nightmare Run,82
2026-10-09T06:05:56Z,93482986347670,9571037154,🎯 Deadeye[UPD],82
2026-10-09T06:05:56Z,94560013941152,7768433033,[BAGU] Pinoy Relapse Tower,82
2026-10-09T06:05:56Z,113217312262185,8773050457,[🎉BACK ] SCP retroBreach,82
2026-10-09T06:05:56Z,136303206020127,7390175954,🕷️Spider Mines⛏️,82
2026-10-09T06:05:56Z,138048509924404,9527851429,Save Brainrot From Lava,82
2026-10-09T06:05:56Z,139217467707445,8015734617,Steals a Brainrot Trading Plaza 🛒,82
2026-10-09T06:05:56Z,9512938290,3544574074,Gas Station Tycoon,81
2026-10-09T06:05:56Z,13017078249,4549657526,Highest Roller Coaster on Roblox,81
2026-10-09T06:05:56Z,13405679908,4666344118,The Quest for the Legendary Cola [RPG],81
2026-10-09T06:05:56Z,76469664755176,9660772441,[UPD] No Mercy: The Gameshow [BETA],81
2026-10-09T06:05:56Z,82208825713916,10299611114,Scale Slimy Fish [UPDATE],81
2026-10-09T06:05:56Z,103073154610301,9718589349,🏛️[BOSRA] Silk Road: Trading Simulator,81
2026-10-09T06:05:56Z,111405784075400,8897501653,[2X🍀] Case Unboxing,81
2026-10-09T06:05:56Z,124842176624983,8420998291,OVERKILL,81
2026-10-09T06:05:56Z,129584083855826,10222315805,[💀] Play Dead,81
2026-10-09T06:05:56Z,796267492,338943399,Girls&Boys vs ZOMBIES,80
2026-10-09T06:05:56Z,2101982600,736705182,Itty Bitty Airport,80
2026-10-09T06:05:56Z,5950733731,2139563899,✨[UPDATE] Admin Ragdoll Engine,80
2026-10-09T06:05:56Z,7169897329,2783074114,Nanny [HORROR],80
2026-10-09T06:05:56Z,7406004869,2886328901,OPPOSER VR,80
2026-10-09T06:05:56Z,9030362964,3400106011,🏈 Field Goal Simulator,80
2026-10-09T06:05:56Z,11366343566,4045303154,Play Cats Morphs: Friend Rescue,80
2026-10-09T06:05:56Z,13733418612,4765561827,Special Forces Simulator,80
2026-10-09T06:05:56Z,13876564679,4810910714,[Season 7] Highschool Hoops,80
2026-10-09T06:05:56Z,14136208041,4893150506,Unknown Meme Animation,80
2026-10-09T06:05:56Z,15408245240,5316084314,Neon District 2051 - Cyberpunk RP,80
2026-10-09T06:05:56Z,16488030559,5679753654,Protect the King 👑,80
2026-10-09T06:05:56Z,17534163435,6002149925,⚔️Dungeon RNG,80
2026-10-09T06:05:56Z,17667407718,6050869775,Quiz Me,80
2026-10-09T06:05:56Z,89865618982456,7114126212,Freekick Simulator,80
2026-10-09T06:05:56Z,113247409315930,6684784890,🎃 Hanto: Spooky Update (Nextbot Survival) 🎃,80
2026-10-09T06:05:56Z,122210373338408,7089179560,Mosquitoes VS Humans,80
2026-10-09T06:05:56Z,123577181610172,10536853610,Stuntin',80
2026-10-09T06:05:56Z,124752475296157,6714629102,Street Code,80
2026-10-09T06:05:56Z,130721265223240,8978470369,Castle Defender 🏰,80
2026-10-09T06:05:56Z,947714452,394602509,Bakers Valley,79
2026-10-09T06:05:56Z,4543144283,1465584587,💪Mega Noob Simulator💪,79
2026-10-09T06:05:56Z,6677985923,2515550066,💸Millionaire Empire Tycoon,79
2026-10-09T06:05:56Z,7900732986,3057636537,Find The Animals (103),79
2026-10-09T06:05:56Z,10132505018,3721056490,[🌈] Rainbow Friends Morphs,79
2026-10-09T06:05:56Z,10273768605,3760156099,Ice Cream Factory Tycoon,79
2026-10-09T06:05:56Z,12914553646,4518677258,King's Glitch Difficulty Chart Obby,79
2026-10-09T06:05:56Z,14834598561,5111819042,Find The Blippis 🔎 (140+),79
2026-10-09T06:05:56Z,18169009346,6159717337,doctors office 🔊,79
2026-10-09T06:05:56Z,18237304664,6182385069,[ RESTLESS GAMBLER + 4X] Trollge Conventions,79
2026-10-09T06:05:56Z,70412932199344,10747920845,Weather Sandbox,79
2026-10-09T06:05:56Z,70920054783301,9513407177,Sajonara Tower 2,79
2026-10-09T06:05:56Z,85121574456172,9124107331,Skincare Spa 💆‍♀️,79
2026-10-09T06:05:56Z,99146394215857,6763123315,Dolly's Factory [Alpha],79
2026-10-09T06:05:56Z,122454884469606,8391342266,Hit The Thrift,79
2026-10-09T06:05:56Z,129119196465909,6802522764,[UPD] The Legendary Swords RPG: Restored,79
2026-10-09T06:05:56Z,137700422270232,8974769492,Arise Ragnarok [⚔️ Hunters + QoL],79
2026-10-09T06:05:56Z,2772166173,1001748136,WW2 Military Roleplay,78
2026-10-09T06:05:56Z,9298624201,3480296203,🎃 Vibe Place 🎃,78
2026-10-09T06:05:56Z,9708523083,3602256716,Griffin's Destiny ✨RP Fantasy,78
2026-10-09T06:05:56Z,11454403177,4072288216,[FREE MAP] Cart Ride Delivery Service,78
2026-10-09T06:05:56Z,14419907512,4982226076,Zombie game [upd3],78
2026-10-09T06:05:56Z,16066619968,5553581209,🎮NEED MORE PLAYTIME🎮,78
2026-10-09T06:05:56Z,18958448713,6420997980,Baldi's Basics Maker LEGACY [V3.11],78
2026-10-09T06:05:56Z,71133729193729,9630427308,[🌸UPD] Escape Mad Beasts for Animals,78
2026-10-09T06:05:56Z,77764836384604,9926735691,Bloodlines,78
2026-10-09T06:05:56Z,92265157349699,10762008472,+1 KE but F2P ADMIN PANEL,78
2026-10-09T06:05:56Z,134683019701718,10687638113,Lumberjack's Dynasty,78
2026-10-09T06:05:56Z,3095204897,1116949753,Isle 🏝️,77
2026-10-09T06:05:56Z,5018203835,1731729355,SCP-173 [Demonstration],77
2026-10-09T06:05:56Z,6328880674,2339944792,Lurking Giants [REVAMPED],77
2026-10-09T06:05:56Z,8112577171,3121816042,Misi's Playground,77
2026-10-09T06:05:56Z,8309651430,3185207046,[Eclipse Night] Felandia 🐱 Cat Roleplay,77
2026-10-09T06:05:56Z,9615727931,3576572609,[🎃500] Find The Eggs,77
2026-10-09T06:05:56Z,11178093127,3993651533,Nico's Mod,77
2026-10-09T06:05:56Z,72811796045029,9351808693,Your Zoo! 🦓,77
2026-10-09T06:05:56Z,74161468227974,6858589072,Five Nights: Hunted,77
2026-10-09T06:05:56Z,74466812603646,9884025025,(ASMR UPDATE)✨ Would You Rather: Baddie Tower 💋💅,77
2026-10-09T06:05:56Z,78577175573170,9014952653,[🔄] 🛍️ My Brainrot Mall,77
2026-10-09T06:05:56Z,78771808593634,8038376407,Cursed Candy 🍬,77
2026-10-09T06:05:56Z,88757431525816,9896069131,[UPD] Train Kaiju to Destroy,77
2026-10-09T06:05:56Z,95986881067684,9149872124,Enduro Bike Driving [W2+],77
2026-10-09T06:05:56Z,108809841388051,10012581678,[🎃] Musical Tiles '26 🎶,77
2026-10-09T06:05:56Z,120014184236770,10638354731,Seal A Driveway [NEW MAP🛢️],77
2026-10-09T06:05:56Z,128711871547209,8219047046,Build My Car,77
2026-10-09T06:05:56Z,131697416746807,7843731295,The Museum,77
2026-10-09T06:05:56Z,11392229559,4053249539,How High Can You Jump?,76
2026-10-09T06:05:56Z,15133985014,5215846239,[ QOL / BUGFIX ] Freestyle Football,76
2026-10-09T06:05:56Z,15757980570,5447254496,🍔 SELL BURGERS TO PROVE MOM WRONG,76
2026-10-09T06:05:56Z,78724109436030,10737798435,Flatten The Mountain,76
2026-10-09T06:05:56Z,84820271587061,7366910133,[MONOCHROME EXTREME] BEAR Tower Defense 🌟,76
2026-10-09T06:05:56Z,84837401703892,6907084894,Ground Crew Simulator,76
2026-10-09T06:05:56Z,101076813828611,9496887785,Shoot or Die,76
2026-10-09T06:05:56Z,105099067392972,9322514199,Hide From Mom! 🤫,76
2026-10-09T06:05:56Z,108271399849960,10289822998,+1 Strength to Tug of War💪,76
2026-10-09T06:05:56Z,116362357143997,9810804730,[BIG UPDATE] PapapDol PH Trucking,76
2026-10-09T06:05:56Z,130713262844151,6862378638,🎃 Kingdom Life II,76
2026-10-09T06:05:56Z,740581508,324740177,Entry Point,75
2026-10-09T06:05:56Z,1224212277,498490399,Mad City: Chapter 2,75
2026-10-09T06:05:56Z,5972698540,2151379579,Easy Obby,75
2026-10-09T06:05:56Z,12893488117,4512331818,Train Sim,75
2026-10-09T06:05:56Z,14202073004,4914269443,Unnamed Shooter,75
2026-10-09T06:05:56Z,17469232051,5978852723,Doodle Pets ✏️ (Uncopylocked),75
2026-10-09T06:05:56Z,82945911783799,9085382417,[🏃] +1 Speed Per Step Tower,75
2026-10-09T06:05:56Z,94110123793679,7523931033,Untitled Mexico🔥,75
2026-10-09T06:05:56Z,95842419841377,8500855560,Nextbot 2,75
2026-10-09T06:05:56Z,113318245878384,7423951772,[SOON] Project Viltrumites,75
2026-10-09T06:05:56Z,114086127097930,9653804173,Short But Hard Wallhop Tower,75
2026-10-09T06:05:56Z,136955914362530,7618444254,Horse RNG 🐎,75
2026-10-09T06:05:56Z,136993862662343,6752087079,SpiderMan Simulator 🕷️ [SOON!],75
2026-10-09T06:05:56Z,7503115095,2920257964,Pop It Trading,74
2026-10-09T06:05:56Z,11962444573,4233554182,Untitled Sandbox Game,74
2026-10-09T06:05:56Z,13434431934,4674987887,Easy Mega Obby,74
2026-10-09T06:05:56Z,15222475262,5248000811,[🔫 NEW GUNS] FLAG FRENZY! RED VS BLUE,74
2026-10-09T06:05:56Z,15330858308,5287704645,Chakra Battlegrounds,74
2026-10-09T06:05:56Z,16817315243,5779606636,Subterra ⛏️ [BETA],74
2026-10-09T06:05:56Z,16819299403,5780178830,🏝️ ♡ BEAUTY STRUTDOWN,74
2026-10-09T06:05:56Z,17121106661,5866004245,❄️Scream Stream,74
2026-10-09T06:05:56Z,18320910606,6211067578,The Games,74
2026-10-09T06:05:56Z,88626889628925,9592052490,[PvP] Pocong: Cursed Hospital [Scary Horror],74
2026-10-09T06:05:56Z,93002338579227,7650013922,Build Your Factory Tycoon [ALPHA],74
2026-10-09T06:05:56Z,101826260161891,7479969826,Dangerous Mountain Biking,74
2026-10-09T06:05:56Z,115024756901397,6872331463,🎁 Present Delivery [2 Players],74
2026-10-09T06:05:56Z,121017808346258,9021906675,Build a Waterslide 🛝,74
2026-10-09T06:05:56Z,137236259576011,7741686902,[UPDATE!]Storm▼ Inc.,74
2026-10-09T06:05:56Z,140657419816173,8697490304,Build To Survive The Lava With Friends,74
2026-10-09T06:05:56Z,2998650659,1083350597,Don't Press The Button,73
2026-10-09T06:05:56Z,5902786179,2114042267,Pit of Hell,73
2026-10-09T06:05:56Z,5956785391,2142948266,Project Slayers,73
2026-10-09T06:05:56Z,13988248275,4846197410,🛒 RoMart Shopping,73
2026-10-09T06:05:56Z,14449073815,4991107470,Find the Keys,73
2026-10-09T06:05:56Z,14827929350,5109617119,BTWF: Deluxe Edition,73
2026-10-09T06:05:56Z,16265811602,5613066784,[fix] My Summer Car [v2.0.4],73
2026-10-09T06:05:56Z,82280161884068,9253627770,Deadly Disasters,73
2026-10-09T06:05:56Z,83692389325858,7882458860,[🌵UPD13] Swim to Save Princess,73
2026-10-09T06:05:56Z,83700583874900,7025808678,Froggie! [2 Player Obby] new levels! 🍭🐸,73
2026-10-09T06:05:56Z,91000047299250,6799406473,WWII Tycoon,73
2026-10-09T06:05:56Z,94075972854014,9649606423,a long safari trip,73
2026-10-09T06:05:56Z,101023891151198,10175116204,[SAVING] Hackers Tycoon,73
2026-10-09T06:05:56Z,121471750747942,10174912964,Make Your Nation,73
2026-10-09T06:05:56Z,139479974581524,6593208232,Shrek Line,73
2026-10-09T06:05:56Z,2281639237,791881410,[HALLOWEEN!] Stands Online,72
2026-10-09T06:05:56Z,2637653456,947318189,Drift Paradise,72
2026-10-09T06:05:56Z,4845347966,1645606267,Frogge,72
2026-10-09T06:05:56Z,6142500718,2241524352,🌟 Free Boombox/Radio! 🌟,72
2026-10-09T06:05:56Z,9243012887,3463296686,[turn into cat] Bang Marcave,72
2026-10-09T06:05:56Z,9737855826,3610374925,Trade Simulator,72
2026-10-09T06:05:56Z,12151453277,4285646576,Abyss World 🕳️🌍[DEPTHS UPDATE],72
2026-10-09T06:05:56Z,15367709476,5300929388,[NEW] The RakOOF,72
2026-10-09T06:05:56Z,17129858194,5868588140,[PATCH] Realm Rampage,72
2026-10-09T06:05:56Z,70654975563721,10167650065,[🍁] Star Catchers 🌟,72
2026-10-09T06:05:56Z,97479046766439,8070345443,Invisible Hide and Seek,72
2026-10-09T06:05:56Z,110500409957016,9083680687,Don't Steal the Baby Brainrots,72
2026-10-09T06:05:56Z,115054544470862,9828046301,🎨 Music Paint by Numbers,72
2026-10-09T06:05:56Z,121583020770325,9623069248,Your Boatyard! ⛵ [FISHING EVENT🎣],72
2026-10-09T06:05:56Z,2337102976,345667450,Ved's Trolleybus Place,71
2026-10-09T06:05:56Z,4238077359,1383204830,[🛸] Star Wars: Roleplay,71
2026-10-09T06:05:56Z,12483414252,4388500995,[ETERNITY] Skill Based Boss Fights,71
2026-10-09T06:05:56Z,13253735473,4620241901,Trident Survival,71
2026-10-09T06:05:56Z,15131312477,5214918244,Ultimate Soccer,71
2026-10-09T06:05:56Z,17239587155,5898577904,[EARLY ACCESS] MUSKETS & MAGIC,71
2026-10-09T06:05:56Z,17352249555,5937860488,Trespasser [HORROR],71
2026-10-09T06:05:56Z,17435742225,5966905324,🍔 Work at Ronald's Restaurant,71
2026-10-09T06:05:56Z,18304584272,6205705920,Bloxston Mystery 🔎,71
2026-10-09T06:05:56Z,70507020978274,6618224782,Super Mansion Tycoon 🏘️,71
2026-10-09T06:05:56Z,78948849017501,6933621657,Egg Toss [2 Players],71
2026-10-09T06:05:56Z,96277935599613,6851668263,🎃 gameboysix's Nonogram,71
2026-10-09T06:05:56Z,103439779532083,6951473456,Grow Crystals! 💎,71
2026-10-09T06:05:56Z,104074184885925,10270331748,[WORLD 6] +1 Run for NEEDOH!,71
2026-10-09T06:05:56Z,133065929120004,8887799462,Rapid Infection |2|,71
2026-10-09T06:05:56Z,6428267216,2393639258,Drifting on a Brick 🧱🏎️,70
2026-10-09T06:05:56Z,8067158534,3107874866,[VOICE🔊] Rap Battles 🔥,70
2026-10-09T06:05:56Z,11756036029,4161970303,[🌌TRUE ZENO + 4X] Anime Spirits,70
2026-10-09T06:05:56Z,12123018231,4277322898,Teardown the bridge Destruction [Multiplayer 👥],70
2026-10-09T06:05:56Z,18619441869,6308982994,🍕 Pizzeria Tycoon 2,70
2026-10-09T06:05:56Z,73160984129221,9512216044,[🔄UPD] +1 Aura Speed Escape,70
2026-10-09T06:05:56Z,86965114903505,9257173088,MUD PIT [DELAYED],70
2026-10-09T06:05:56Z,90251107895288,7400570888,Dead Sands,70
2026-10-09T06:05:56Z,97719631053849,8393350511,Armless Detective,70
2026-10-09T06:05:56Z,99497704270159,8716654969,21 Days Chained Together,70
2026-10-09T06:05:56Z,103060898621269,10388509406,[1V1] Place the Keycaps!,70
2026-10-09T06:05:56Z,105781706121502,6540390962,🎢 Extreme Cart Line,70
2026-10-09T06:05:56Z,138866272793084,10447378977,Maze Obby,70
2026-10-09T06:05:56Z,140087333317495,9960859288,Survive Overnight in School,70
2026-10-09T06:05:56Z,6505994717,2435071056,Epic Egg Hunt 2026,69
2026-10-09T06:05:56Z,8561718367,3264293423,Five Nights At Freddy's Doom,69
2026-10-09T06:05:56Z,18870629243,6391458589,[🎁Free Fruits! X2 EXP] Legend Piece,69
2026-10-09T06:05:56Z,75467339082089,9907404458,[New Rebirths 🔥] AURA.,69
2026-10-09T06:05:56Z,75862543114918,8423024086,[🌷] Survive Overnight in a Bunker,69
2026-10-09T06:05:56Z,92251842682815,6478300087,+1 Speed Honey ASMR | Keyboard Catalog,69
2026-10-09T06:05:56Z,112291455733279,10107313561,🌧️ Bring Back The Sun!,69
2026-10-09T06:05:56Z,119970909175901,8987346036,My Planet Tycoon 🌎,69
2026-10-09T06:05:56Z,124398083342642,6720585148,[UPD!] Ride A Cart Down A Slide,69
2026-10-09T06:05:56Z,130594398886540,9509842868,Garden Horizons,69
2026-10-09T06:05:56Z,136405319623031,9433498615,[🥪] Lunch Rush!,69
2026-10-09T06:05:56Z,136835976646463,8735635358,Scary Troll Slap Tower 😱,69
2026-10-09T06:05:56Z,138636833866538,10390310565,[SCHOOL] Clean The Everything!,69
2026-10-09T06:05:56Z,428114181,162580928,Azure Mines,68
2026-10-09T06:05:56Z,11298617267,4025872087,+1 Strong Every Second 💪,68
2026-10-09T06:05:56Z,13431532462,4674142558,Obby of Fun,68
2026-10-09T06:05:56Z,14940375106,5147238735,[NEW MAP] Classic Nations,68
2026-10-09T06:05:56Z,17184518794,5884411410,a snowy trip ❄️[NEW],68
2026-10-09T06:05:56Z,17813692689,6102954168,Journey to Heaven,68
2026-10-09T06:05:56Z,74116819004213,10490506292,Drone Impact [COMMUNITY MAPS],68
2026-10-09T06:05:56Z,84740049688972,9494045651,Gumball Tycoon 🎃,68
2026-10-09T06:05:56Z,88891488197895,10253841135,🐝 Grow a Beehive,68
2026-10-09T06:05:56Z,111510466699934,7612376466,PURGATORY [6.7],68
2026-10-09T06:05:56Z,119738285521042,7363057857,[🔥AURA] Phonk Edit Tower X 🎵,68
2026-10-09T06:05:56Z,135046922650003,9826473097,Sajonara Tower X,68
2026-10-09T06:05:56Z,621129760,254394801,KAT,67
2026-10-09T06:05:56Z,3437810500,1225151525,Survive a Chaotic Plane Crash,67
2026-10-09T06:05:56Z,4503309821,1441101830,[🎃] City Thailand 2,67
2026-10-09T06:05:56Z,5561268850,1943254200,Randomly Generated Droids,67
2026-10-09T06:05:56Z,7345818711,2865328349,Trucking Empire,67
2026-10-09T06:05:56Z,10971802789,3954883335,בואו לבית מלון🏝️🌞,67
2026-10-09T06:05:56Z,11938746175,4225854774,Elected Admin 🗳️,67
2026-10-09T06:05:56Z,17511909357,5993969021,Backrooms Motion,67
2026-10-09T06:05:56Z,17548874607,6007378447,Build To Survive the Disasters,67
2026-10-09T06:05:56Z,18854070920,6385911588,✨Skybase Tycoon,67
2026-10-09T06:05:56Z,74171266895367,8355008153,Become a Wallhop Pro Obby,67
2026-10-09T06:05:56Z,79089892790758,7565016759,Slap Tower 2 🖐️,67
2026-10-09T06:05:56Z,79948106719663,10479788072,📦 Moving Out! [NEW MAP],67
2026-10-09T06:05:56Z,95702387256198,7799183193,Steal a Car,67
2026-10-09T06:05:56Z,101739659155809,7343942944,Break It Obby! (UPD) [2 Player Obby],67
2026-10-09T06:05:56Z,109398225325963,6915452933,SEGASonic: ORIGINS,67
2026-10-09T06:05:56Z,123258797415953,10173396939,[X2] +1 Speed Jelly Keyboard Escape,67
2026-10-09T06:05:56Z,125756097576326,9372077571,Street Beats 💿,67
2026-10-09T06:05:56Z,127794225497302,8144728961,Abyss,67
2026-10-09T06:05:56Z,134951244280326,9563386957,[🌀] Climb For Brainrots,67
2026-10-09T06:05:56Z,139215273714191,7650580161,Chainsoul,67
2026-10-09T06:05:56Z,139299356663913,9570888371,[🪙] Jump for Brainrots!,67
2026-10-09T06:05:56Z,2432005634,855385310,A Wolf Or Other,66
2026-10-09T06:05:56Z,5693152742,2012508359,Airplane 4 [Story] ✈️,66
2026-10-09T06:05:56Z,9992339729,3681669024,Longest Tower Race,66
2026-10-09T06:05:56Z,12337261447,4343171923,🎃 Studlands,66
2026-10-09T06:05:56Z,14892572912,5130926460,RIA 2023: Award Show,66
2026-10-09T06:05:56Z,17814506714,6103280407,Easy Obby Parkour,66
2026-10-09T06:05:56Z,73001218460360,9577222392,+1 Escape Tsunami for Poppy Playtime,66
2026-10-09T06:05:56Z,87147846650164,7672753673,Skill Test Tower,66
2026-10-09T06:05:56Z,108419391033102,6510426771,Swarm Survival [Update!],66
2026-10-09T06:05:56Z,113463912080901,8859375716,ASMR Canyon 🎹 🎵 (Obby King) 👑,66
2026-10-09T06:05:56Z,124552047151574,7931043729,[18+] Podiums VC 🔊,66
2026-10-09T06:05:56Z,132115307692804,7368186615,🪐👽 Dead Space [UPD PART2],66
2026-10-09T06:05:56Z,133288411471369,10405123254,Where Seasons Pass [BETA],66
2026-10-09T06:05:56Z,134593989811059,8643186875,[🎉🎃] Desk Chair's Exhibition,66
2026-10-09T06:05:56Z,137539410262731,9890892152,[BACKROOMS] Be an Anomaly or Guard,66
2026-10-09T06:05:56Z,270748344,108687118,[🏪 BOOTH GAME] Blox Cards TCG 🃏,65
2026-10-09T06:05:56Z,1242235469,504765147,ball and axe,65
2026-10-09T06:05:56Z,2556187419,913548071,Guerra de Torres,65
2026-10-09T06:05:56Z,3404168302,1216210570,Ragdoll Testing,65
2026-10-09T06:05:56Z,5732301513,2032222420,TRENCHES [ALL LIMITEDS],65
2026-10-09T06:05:56Z,8811271345,3339078226,Balanced Craftwars Overhaul,65
2026-10-09T06:05:56Z,10697845123,3874272609,[🎃] silly sword game,65
2026-10-09T06:05:56Z,13590300941,4721127078,YourScene ☆ RP,65
2026-10-09T06:05:56Z,17823309481,6106474668,📎 Sell paperclips to RULE THE WORLD! 🌎✨,65
2026-10-09T06:05:56Z,18281776841,6197726342,[NEW UPDATE] 🌴 Highway Showdown,65
2026-10-09T06:05:56Z,76964310785698,8644306226,[EVENT+3] Yahayuk Mount V3,65
2026-10-09T06:05:56Z,79205214213091,7026701434,Merge Tower Defense 7.0,65
2026-10-09T06:05:56Z,104362292485763,10320185905,TRADE or Keep,65
2026-10-09T06:05:56Z,113765506604347,10053434203,+1 Speed Spidey Escape,65
2026-10-09T06:05:56Z,121819608225915,7070825031,Sprunki OC RP,65
2026-10-09T06:05:56Z,125239152177933,10006323745,Escape the Momster [YAEY],65
2026-10-09T06:05:56Z,126997916667996,10073429496,Doom by Fate [ Patch Part I ],65
2026-10-09T06:05:56Z,5847495283,2082737845,n,64
2026-10-09T06:05:56Z,5977168851,2153667358,Accurate Piggy RP: The Return,64
2026-10-09T06:05:56Z,12512492069,4396714365,Card Battles,64
2026-10-09T06:05:56Z,14021953565,,Sumo Wrestling Simulator,64
2026-10-09T06:05:56Z,15197136141,5239027843,Factory Tycoon 🏭,64
2026-10-09T06:05:56Z,16268866099,5613944660,Grand School Escape,64
2026-10-09T06:05:56Z,17446083644,5970598956,"WALL with a FACE, Obby!",64
2026-10-09T06:05:56Z,103555053141891,8507372891,[⚙️] CAR BATTLES,64
2026-10-09T06:05:56Z,105215477731035,9965907387,[UPD] Pole Obby for Brainrots!,64
2026-10-09T06:05:56Z,115915240028498,8781187550,I Heard It Too Remastered [Solo Project],64
2026-10-09T06:05:56Z,119364915719874,9520326953,Overworld,64
2026-10-09T06:05:56Z,119476219904460,6766404767,Deadly Indian Truck Driving,64
2026-10-09T06:05:56Z,120845704977955,8263672055,[DOOM & BIG ARMS & REVIVAL] Speedster Showdown,64
2026-10-09T06:05:56Z,127882277277478,10764789625,[NEW] FIXATION,64
2026-10-09T06:05:56Z,130726764692821,8022169810,[UPD] 🦠 Parasite.exe,64
2026-10-09T06:05:56Z,132611785505779,10258087043,Rest Stop Tycoon,64
2026-10-09T06:05:56Z,390777771,147007210,KILLER CLOWNS FROM 2016,63
2026-10-09T06:05:56Z,447452406,171035019,Robloxian High School 🏫 RP,63
2026-10-09T06:05:56Z,2671477781,961242429,Nid's Buses & Trams,63
2026-10-09T06:05:56Z,3240225109,1170436920,Practice Lobby of Hell,63
2026-10-09T06:05:56Z,6846406540,2605483903,Rob Mr Rich's Mansion Obby! (NEW READ DESC),63
2026-10-09T06:05:56Z,9675359772,3593138763,[📋STAFF APPS] Equalia Falls Mental Institute,63
2026-10-09T06:05:56Z,10684632908,3870834201,Start Survey?,63
2026-10-09T06:05:56Z,10904785329,3933985529,[BABIES!] Zoo World Tycoon 🐘,63
2026-10-09T06:05:56Z,11639495622,4126908979,PARKOUR Reborn,63
2026-10-09T06:05:56Z,13670524195,4745526903,cloud tower [35],63
2026-10-09T06:05:56Z,14792165933,5098122729,Baldi Frenzy [ALPHA],63
2026-10-09T06:05:56Z,15479016377,5341259420,Snowboard Obby ❄,63
2026-10-09T06:05:56Z,15941600956,5512092697,Happy Family,63
2026-10-09T06:05:56Z,16281075967,5617640646,Pizza Game Beta,63
2026-10-09T06:05:56Z,17245824221,5900199679,Cave Diving Experience,63
2026-10-09T06:05:56Z,18923620224,6409513651,[🗼 UPDATE 5.0] Anime Warriors III,63
2026-10-09T06:05:56Z,85950762121308,6563693787,Saber Legends,63
2026-10-09T06:05:56Z,90374803684378,9662189717,Escape The Supermarket! (OBBY),63
2026-10-09T06:05:56Z,98666334819917,7057665895,Stop! (categories),63
2026-10-09T06:05:56Z,99361729366369,10515124385,[1v1]⚽ My Stadium!,63
2026-10-09T06:05:56Z,100648310999897,6870184994,Shouting Simulator Difficulty Chart 3,63
2026-10-09T06:05:56Z,109302375765807,10765529256,(🎃) Buddy: Roleplay,63
2026-10-09T06:05:56Z,109578395590751,10138661961,[X2] +1 Speed Brick Escape,63
2026-10-09T06:05:56Z,110258689303216,10345973434,100 Players Glass Bridge,63
2026-10-09T06:05:56Z,110823256031006,7820099744,Pirate Mayhem,63
2026-10-09T06:05:56Z,113177086002458,9832580772,Steal the Mall,63
2026-10-09T06:05:56Z,115224559183176,10310095331,Metropolis RP,63
2026-10-09T06:05:56Z,123822115505881,10417062810,Save Animals! 🐾,63
2026-10-09T06:05:56Z,125003919504672,9610561918,My Knife Farm [UPD],63
2026-10-09T06:05:56Z,127602547458411,10322311722,Rate Avatars 👕,63
2026-10-09T06:05:56Z,131776241538171,10283025251,Jump To Steal Slime 🟢,63
2026-10-09T06:05:56Z,133631237458899,7088802117,squid game but your FRIENDS are in it,63
2026-10-09T06:05:56Z,135878873506008,7756085302,PLOTS [BUILD DONATE],63
2026-10-09T06:05:56Z,2906928767,1050830474,[INTER-URBAN] Ro-Scale Central Railroad Train Sim,62
2026-10-09T06:05:56Z,2981692987,33877715,Scary Button! [Survive the Killers],62
2026-10-09T06:05:56Z,3558957217,1255026771,😜 Aqualiana Parc aquatique,62
2026-10-09T06:05:56Z,4960160668,1704127601,Resting Place RP☔🐸,62
2026-10-09T06:05:56Z,6161408658,2251478786,Picture Block,62
2026-10-09T06:05:56Z,9585537847,3568135846,SHADOVIS RPG,62
2026-10-09T06:05:56Z,11765852158,4165288042,Realistic Boiling Water Reactor Simulator,62
2026-10-09T06:05:56Z,16498193900,5682590751,Lootify🎄,62
2026-10-09T06:05:56Z,18326509492,6212813814,Killstreak Swords V4,62
2026-10-09T06:05:56Z,18956736354,6420341213,Anime Slashing Simulator,62
2026-10-09T06:05:56Z,76649853848102,10455328744,Charge Football [🏆RANKED],62
2026-10-09T06:05:56Z,81107023994697,6533104111,[UPD] Tree Mansion Tycoon! 🌳,62
2026-10-09T06:05:56Z,81260950969822,9792273312,[FALL] passport plz,62
2026-10-09T06:05:56Z,95145490867665,7626153268,🏁 Parkour Obby [W7],62
2026-10-09T06:05:56Z,97273764168689,10395261977,Super Power Tycoon [DOOM!],62
2026-10-09T06:05:56Z,135082986595601,8220481827,WALL CRUSH TOWER 😡,62
2026-10-09T06:05:56Z,5307215810,1858442722,Randomizer [LEGACY],61
2026-10-09T06:05:56Z,7688194227,2985161144,[🌻] EXPLORE 👁 Dreamcore ✨ Weirdcore ❓,61
2026-10-09T06:05:56Z,9415887955,3515656039,[FLOOR 4]The Backrooms VR : Escape,61
2026-10-09T06:05:56Z,9961650006,3673235426,Shockwave Racing 🏁,61
2026-10-09T06:05:56Z,13939913232,4831379386,Yeet A Cow!,61
2026-10-09T06:05:56Z,14997637453,5165509675,The Oldest View [silly little mall],61
2026-10-09T06:05:56Z,16483150614,5678203702,Brunswick A-2,61
2026-10-09T06:05:56Z,82647344334312,6515096150,Eat Blobs to Grow MASSIVE,61
2026-10-09T06:05:56Z,93031957335865,6590563982,Project Untote [UPD],61
2026-10-09T06:05:56Z,95508886069297,7444224664,Slap Tower 🖐️,61
2026-10-09T06:05:56Z,95712269457211,8283159479,🚜 Build a Tractor,61
2026-10-09T06:05:56Z,97951308607848,9042945532,RV Chaos? [UPD],61
2026-10-09T06:05:56Z,108410750455933,10039940475,[UPD] Undead Defense Tycoon 2,61
2026-10-09T06:05:56Z,117620238328970,7549259159,IShowSpeed [HORROR],61
2026-10-09T06:05:56Z,1215581239,495693931,Doomspire Brickbattle,60
2026-10-09T06:05:56Z,5306359293,1858105063,Island of Move,60
2026-10-09T06:05:56Z,6022383883,2177157737,⚙️UPD⚙️ Military Roleplay,60
2026-10-09T06:05:56Z,6764533218,2563713593,🚗 Washiez Car Wash,60
2026-10-09T06:05:56Z,9136838354,3431093460,🚢 Build A Ship,60
2026-10-09T06:05:56Z,11195100561,3997171304,RUNNING FROM THE INTERNET!💥,60
2026-10-09T06:05:56Z,16347108388,5638036602,🚽Toilet Infection,60
2026-10-09T06:05:56Z,18458348062,6255392043,Tower Defense RNG,60
2026-10-09T06:05:56Z,77967874271897,10237338193,Steal From Squishy Dumpling,60
2026-10-09T06:05:56Z,79735281630764,9541728527,MurDurr,60
2026-10-09T06:05:56Z,86852362398411,10000918243,Piggy: Intercity [TREETOPS + DAILY QUESTS],60
2026-10-09T06:05:56Z,104381060332160,7380774985,[BETA] 👾 PIXELSHIFT Nightshift Tower Defense,60
2026-10-09T06:05:56Z,108124933582607,9911771068,🍩 You VS Homer,60
2026-10-09T06:05:56Z,110109956537250,7915183134,🔨Voxel Playground,60
2026-10-09T06:05:56Z,120323018058265,9949028705,Squishy Dumpling Unboxing,60
2026-10-09T06:05:56Z,126575000003248,8574830649,Noob Invaders,60
2026-10-09T06:05:56Z,128600294498821,6743843913,2 Player Duck Tycoon,60
2026-10-09T06:05:56Z,135039459976817,9169239149,Pet Story 2,60
2026-10-09T06:05:56Z,299659045,115272207,test place,59
2026-10-09T06:05:56Z,7009987220,2694371969,Ragdoll Stack!,59
2026-10-09T06:05:56Z,12702425983,4452979818,🏠 Millionaire Mansion Tycoon,59
2026-10-09T06:05:56Z,13774182403,4778447568,Monster Trucks OVERDRIVEN,59
2026-10-09T06:05:56Z,16538170757,5693963765,"oops, i failed my math test",59
2026-10-09T06:05:56Z,18778623849,6362207891,Meme Race 😂,59
2026-10-09T06:05:56Z,71812071769179,9584456560,Escape Guards to Steal Brainrots 🧠,59
2026-10-09T06:05:56Z,81262994203427,7585947700,🚀 Crewmates | Among us,59
2026-10-09T06:05:56Z,88728410943211,9618795072,💸Computer Incremental,59
2026-10-09T06:05:56Z,93556089016379,8517000860,ymay civilization,59
2026-10-09T06:05:56Z,95959136210771,7984525041,PARADOX 🔬,59
2026-10-09T06:05:56Z,109007203941813,9362957553,[☄️] Build Your Gym 💪,59
2026-10-09T06:05:56Z,109533024287077,9626728130,+1 Speed Escape for Brainrots!,59
2026-10-09T06:05:56Z,110690590570595,7922830257,KV31 Roleplay [COMPLEX UPDATE P.1],59
2026-10-09T06:05:56Z,115623109582810,8549020162,Beastify,59
2026-10-09T06:05:56Z,126293024094985,9029463012,Terminal 13: Not Human [HORROR],59
2026-10-09T06:05:56Z,137630300324059,6597877862,Secret Universe,59
2026-10-09T06:05:56Z,139245958027119,6827416165,Survive The RATPOCALYPSE,59
2026-10-09T06:05:56Z,12981936705,4539219341,ESCAPE HANDSOME MEN OBBY,58
2026-10-09T06:05:56Z,14105274545,4883441943,[upd7.3] Super Toilet Siege Defense,58
2026-10-09T06:05:56Z,18842218765,6382127660,Find The Dragons Morphs 🐲 [114],58
2026-10-09T06:05:56Z,97809623078844,7382457344,[UPDATE🏖️] Crashouts,58
2026-10-09T06:05:56Z,109073445674874,10359282823,PWNed BY 14:00,58
2026-10-09T06:05:56Z,123299476541232,10593720957,Phonk Clicker 🎵,58
2026-10-09T06:05:56Z,455366377,174268353,The Streets,57
2026-10-09T06:05:56Z,1097288251,454194438,Snow Resort ❄️,57
2026-10-09T06:05:56Z,3360853050,1204566291,⚽ Super Striker League,57
2026-10-09T06:05:56Z,5771467270,2047210140,[+29 EMOTES] 😵‍💫 TTD 3,57
2026-10-09T06:05:56Z,13307164400,4636277071,Find the Kittens (47),57
2026-10-09T06:05:56Z,15442645252,5328200500,Football Legacy [X2 XP⚡],57
2026-10-09T06:05:56Z,18497073993,6267943144,Hypercam [UPDATE],57
2026-10-09T06:05:56Z,71191890389196,6956141473,+1 Smart Every Second🧠,57
2026-10-09T06:05:56Z,80244497968392,9084281025,Build a Theme Park!,57
2026-10-09T06:05:56Z,88730406335204,6810151193,Scrappy Life,57
2026-10-09T06:05:56Z,91111000005100,7331771719,Mastering Wallhop Tower,57
2026-10-09T06:05:56Z,96947338677734,10127090395,+1 Speed Slime Keyboard Escape,57
2026-10-09T06:05:56Z,112154570415147,10103396197,[NEW] Bite By Night Admin Control,57
2026-10-09T06:05:56Z,119979009951061,6911529884,Tsunami Tower 🌊,57
2026-10-09T06:05:56Z,127329525207941,10393707211,[UPDATE] SIKAYD: VERITY RP,57
2026-10-09T06:05:56Z,129700354224895,10516060568,[X5] +1 Jump Keyboard Escape | Chocolate & Candy,57
2026-10-09T06:05:56Z,133597448044458,7291257156,Tattoo Studio Tycoon,57
2026-10-09T06:05:56Z,740581899,324740367,Entry Point: Freelancer's Cut,56
2026-10-09T06:05:56Z,3099809263,1118770076,[🎃HALLOWEEN👻] Arcane Reborn,56
2026-10-09T06:05:56Z,5938672061,2133174191,POV: You are a cockroach in my house,56
2026-10-09T06:05:56Z,6769764667,2566300911,Factory Simulator,56
2026-10-09T06:05:56Z,7378813434,2876622588,☁️ Cotton Obby!,56
2026-10-09T06:05:56Z,7733392089,2999860891,LuoBu🎉 Transformation Night,56
2026-10-09T06:05:56Z,9342644342,3493529497,⭐Flavor Frenzy [Tower Defense],56
2026-10-09T06:05:56Z,9976239895,3677281072,Gumball Factory Tycoon 🍬,56
2026-10-09T06:05:56Z,11846712977,4192576542,Harvest Tycoon Factory 👑,56
2026-10-09T06:05:56Z,12507488315,4395344197,flex your weather [🔊],56
2026-10-09T06:05:56Z,14342263106,4958291533,[HALLOWEEN!] DEAD,56
2026-10-09T06:05:56Z,15090870288,5200032028,cart ride mania,56
2026-10-09T06:05:56Z,15328646066,5287018898,Escape And Survive Head!,56
2026-10-09T06:05:56Z,86111605798689,8662820852,⭐Star Fishing🎣,56
2026-10-09T06:05:56Z,94761925088445,10533932233,[UPD] Build to Survive VERITY🛠️,56
2026-10-09T06:05:56Z,105811980409147,8292778231,"Rock, Paper, Scissors!",56
2026-10-09T06:05:56Z,119441025136387,7920020824,💥Super Soldiers,56
2026-10-09T06:05:56Z,129907376296872,8348280901,+1 Speed 99 Nights Escape,56
2026-10-09T06:05:56Z,130361766615221,9793892589,[UPD] Get Fat to Splash💦,56
2026-10-09T06:05:56Z,133237691504819,10230578056,[🎮] Guess My Game,56
2026-10-09T06:05:56Z,137909081541454,7505220577,REPO SANDBOX,56
2026-10-09T06:05:56Z,140416344843929,8191858693,Tower Minigames,56
2026-10-09T06:05:56Z,523707617,204387960,Universal Roblox Theme Park,55
2026-10-09T06:05:56Z,5275822877,1847733324,Cart + Car Ride into Giganoob!,55
2026-10-09T06:05:56Z,5771125545,2047084164,SCP: Anomaly Breach 2 [Beta],55
2026-10-09T06:05:56Z,7085107422,2735830277,NERF ISLAND,55
2026-10-09T06:05:56Z,13927562399,4827308727,[PATCH 1] Havoc,55
2026-10-09T06:05:56Z,14900477663,5133527740,♻️ Garbage Trucks! Street Sweeping Simulator,55
2026-10-09T06:05:56Z,88838146343178,9110459155,steamhappy,55
2026-10-09T06:05:56Z,89615249216396,6762670894,Attack on Titan : Resistance,55
2026-10-09T06:05:56Z,100971017807798,10666192800,bug fixes,55
2026-10-09T06:05:56Z,103502138774608,6839134517,100 Players Meme Maze,55
2026-10-09T06:05:56Z,122159079155610,8668547750,[🌌] Steal A Phone,55
2026-10-09T06:05:56Z,123318668892923,7196736932,Own a Pizza Tycoon 🍕,55
2026-10-09T06:05:56Z,123618551531903,10576219283,[2v2 MODE] Start Your Soccer Career!,55
2026-10-09T06:05:56Z,133356782383463,9926075798,[🎊] Escape a Garden,55
2026-10-09T06:05:56Z,133371637232769,8510440883,Slap Tower 99 🖐️,55
2026-10-09T06:05:56Z,139332733235677,7324958498,Survive or Die 🔥,55
2026-10-09T06:05:56Z,1818,13058,Crossroads,54
2026-10-09T06:05:56Z,5670292785,1998877948,Undead Defense Tycoon,54
2026-10-09T06:05:56Z,6850547571,2607768444,[FIX] InVision's: Web-Verse [V3],54
2026-10-09T06:05:56Z,9300407930,3480841671,Update 137 💥BotClash Simulator,54
2026-10-09T06:05:56Z,11416174411,4061212064,🔪Survival The Piggy Family The Killers!,54
2026-10-09T06:05:56Z,13114005995,4577439977,ESCAPE EVIL DOLL HOUSE! (Obby),54
2026-10-09T06:05:56Z,13815196156,4791585001,HELLMET [OPEN ALPHA],54
2026-10-09T06:05:56Z,14289997240,4941503535,unConventional,54
2026-10-09T06:05:56Z,15238994315,5254185222,Requiem [HORROR] PART 2 SOON,54
2026-10-09T06:05:56Z,16945408969,5817447917,BajaFest RP,54
2026-10-09T06:05:56Z,73081631412786,10413337362,My Squishy Farm,54
2026-10-09T06:05:56Z,77030264208946,10155839080,🌱 Be A Seed?,54
2026-10-09T06:05:56Z,91282350711571,6605251156,Mad City: Chapter 1,54
2026-10-09T06:05:56Z,94610770420769,10508637145,[VERITY] Clark (EARLY ACCESS) - Huss rooms,54
2026-10-09T06:05:56Z,98624386999411,10075786862,[🌍UPD] Hatch A Cow! 🥚,54
2026-10-09T06:05:56Z,105574679986189,7207532353,Delivery Not Guaranteed,54
2026-10-09T06:05:56Z,106281373202161,8161187430,QUANTIFY,54
2026-10-09T06:05:56Z,107164501298423,8180160575,[Upd😹] Brainrot Battlegrounds,54
2026-10-09T06:05:56Z,124375862078487,9671104117,FIRE PLANES 🔥,54
2026-10-09T06:05:56Z,134784669137038,6457637847,Inazuma Strikers,54
2026-10-09T06:05:56Z,92604236,75587443,High School Life,53
2026-10-09T06:05:56Z,255236425,104984488,Traitor Town,53
2026-10-09T06:05:56Z,2546155523,909309773,[UPD!] RoVille 🏘️,53
2026-10-09T06:05:56Z,4606917008,1506033591,Toy Trains 🚂,53
2026-10-09T06:05:56Z,4783966408,1609765104,Plates of Fate: Remastered,53
2026-10-09T06:05:56Z,4890914903,1669861051,Dimensional Infinity Fortress,53
2026-10-09T06:05:56Z,5732973455,2032465638,HOURS,53
2026-10-09T06:05:56Z,5796917097,2056544720,Road to Gramby's 👵,53
2026-10-09T06:05:56Z,7655745946,2974058674,[2x💸] Dunking Simulator,53
2026-10-09T06:05:56Z,10783765383,3898464270,RAISE A GRANNY to pay her funeral,53
2026-10-09T06:05:56Z,10975855395,3956073837,Korrupt Zombies,53
2026-10-09T06:05:56Z,11701792069,4144991005,Snow Plow Simulator,53
2026-10-09T06:05:56Z,12781347095,4476373373,Color Hide and Seek,53
2026-10-09T06:05:56Z,13476966119,4688177962,Buckingham Palace,53
2026-10-09T06:05:56Z,14233281398,4923523727,[HALLOWEEN] Critical Revengeance (PT3),53
2026-10-09T06:05:56Z,15110367930,5207078204,[SPRING] Dupoint County Jail,53
2026-10-09T06:05:56Z,17218764178,5893257624,Sinking Ship BUT WITH AIR POCKETS!,53
2026-10-09T06:05:56Z,73108986061082,10089681302,+1 Weapon Evolution,53
2026-10-09T06:05:56Z,85050171250159,8964336233,[💩] Poop a Big Poop 🧻,53
2026-10-09T06:05:56Z,86252377188412,10625421552,☢️ Nuclear Neighbors BETA,53
2026-10-09T06:05:56Z,90695455422761,9679625425,[🔥] Jump to Steal Brainrots!,53
2026-10-09T06:05:56Z,103980862080286,7061687750,Build to Survive the Robots 2,53
2026-10-09T06:05:56Z,105423512432229,9287923678,[🎉NEW] 8-Ball X,53
2026-10-09T06:05:56Z,116793284465110,7243330157,[💎] Case Opening Simulator,53
2026-10-09T06:05:56Z,124922555611041,9573195851,Spiral Fall Tower,53
2026-10-09T06:05:56Z,125127715503578,9584636122,[🏅] You VS Peter Ultimate,53
2026-10-09T06:05:56Z,134042757180211,6913458370,Sinister Bus [HORROR],53
2026-10-09T06:05:56Z,147425006,69299478,Mind the Gap: Classic,52
2026-10-09T06:05:56Z,536102540,210213771,Final Stand,52
2026-10-09T06:05:56Z,5475056496,1914542037,Frozen Soul [DG],52
2026-10-09T06:05:56Z,9226846612,3458415923,The Powder Box,52
2026-10-09T06:05:56Z,9359839118,3498637623,Zach's Service Station,52
2026-10-09T06:05:56Z,9697246773,3599169498,Cart Ride Into Spider-Man Spiderman,52
2026-10-09T06:05:56Z,13542758133,4707068422,bricklabs [UPDATE],52
2026-10-09T06:05:56Z,14298053780,4943874686,[NEW UPD] US Open Tennis: Champions of the Court,52
2026-10-09T06:05:56Z,14785168963,5095657558,Seven Sins Battlegrounds,52
2026-10-09T06:05:56Z,15744137588,5440820902,⛩️+1 Slayer Blade⛩️,52
2026-10-09T06:05:56Z,16864008714,,CNA Simulator,52
2026-10-09T06:05:56Z,17070253881,5851241638,Draw & Donate 🎨,52
2026-10-09T06:05:56Z,17182287698,5883705975,Pineville🏡 RP,52
2026-10-09T06:05:56Z,72908017817960,8213721395,🐶 OMG Pets!,52
2026-10-09T06:05:56Z,75270037454060,7311580939,[❄️ARCTIC] Block Mayhem X,52
2026-10-09T06:05:56Z,94313897565742,6938426802,Throw stuff for money,52
2026-10-09T06:05:56Z,97655748236852,10523101954,[v5.5] hus from clark,52
2026-10-09T06:05:56Z,105055747082176,7000105765,Scary Spelling,52
2026-10-09T06:05:56Z,124082555806669,8620685718,[UPD] Don't Get Crushed By 67,52
2026-10-09T06:05:56Z,124107554735431,10037267577,[C4] ESCAPE VERITY 🔑 [HORROR],52
2026-10-09T06:05:56Z,127027318864263,8467686851,🎭 Steal a Glitch,52
2026-10-09T06:05:56Z,139733286702777,7162721918,Strawberry Tower,52
2026-10-09T06:05:56Z,4843291950,1644397618,The Conspiracies of Hawkins [Stranger Things RP],51
2026-10-09T06:05:56Z,6590467814,2481103512,3008 - 4121,51
2026-10-09T06:05:56Z,6652551895,2501111265,Donate Game 💸,51
2026-10-09T06:05:56Z,6741970382,2551702779,Zombie lab [Equal Avatar Scale📏],51
2026-10-09T06:05:56Z,7083448966,2734855978,Avatar World Obby,51
2026-10-09T06:05:56Z,7131355525,2762257604,Thunder Scientific Corporation,51
2026-10-09T06:05:56Z,12165361530,4289890765,Steam & Steel,51
2026-10-09T06:05:56Z,14410213941,4979078803,Shoot Noobs and Eat Foods😋,51
2026-10-09T06:05:56Z,15050509770,5184742769,💪[500x] Sisyphus Simulator,51
2026-10-09T06:05:56Z,15286154238,5271803834,Survival the Superheroes the Killers,51
2026-10-09T06:05:56Z,16132561193,5574298486,Terra [Session 19.9c],51
2026-10-09T06:05:56Z,17854854703,6117665394,VR Central [UPDATE],51
2026-10-09T06:05:56Z,85177851006073,9930318071,[🕷️]Drill for Brainrots,51
2026-10-09T06:05:56Z,94309190278698,9135448153,Safety NOT Required!,51
2026-10-09T06:05:56Z,105350566569864,7173965273,[NEW MAP] Player Select ⚔️,51
2026-10-09T06:05:56Z,123852068581512,8225616258,[UPD 9: SPRING! 🌻] My Frog Pond! 🐸,51
2026-10-09T06:05:56Z,134374139747297,9988290343,Shoot LASERS For Brainrots!,51
2026-10-09T06:05:56Z,242876658,102231468,Canterbury Bus Simulator,50
2026-10-09T06:05:56Z,4344891683,1400034651,Microwave Dinner,50
2026-10-09T06:05:56Z,5854048845,2086011099,Mini Cities [Classic],50
2026-10-09T06:05:56Z,6198192195,2270874096,[Miner Rework] Base Tower Defense,50
2026-10-09T06:05:56Z,6679274937,2516283984,Vans World [2.0] Skateboarding,50
2026-10-09T06:05:56Z,7899661487,3057295800,[🎃] The Tunnel 2,50
2026-10-09T06:05:56Z,8500580737,3245799683,Snek 🐍,50
2026-10-09T06:05:56Z,11448052802,4070221768,🐾Pet Rift! 🐱,50
2026-10-09T06:05:56Z,13214478795,4609061520,Greatest Easy Obby,50
2026-10-09T06:05:56Z,14486123914,5001818018,Protect The President,50
2026-10-09T06:05:56Z,15582536179,5379709744,Body Swap BEATDOWN,50
2026-10-09T06:05:56Z,15894064789,5495994056,untitled space game,50
2026-10-09T06:05:56Z,72332516359729,7470750655,GEF Road,50
2026-10-09T06:05:56Z,75561686090072,10559253584,[💊] Hospital Keyboard Escape (NEW),50
2026-10-09T06:05:56Z,94048236450391,8982142320,Build a Mining Machine⛏️,50
2026-10-09T06:05:56Z,95254473099336,10011658225,🤔Would You Rather: ASMR Keys Tower,50
2026-10-09T06:05:56Z,100623060214384,9790538284,[👁️] ENTER BRAINROT HEADS!,50
2026-10-09T06:05:56Z,100952587881256,10029295102,[JUDGEMAN] Jujutsu Incremental,50
2026-10-09T06:05:56Z,101863423902563,6571312976,Carry a Baby [2 Player Obby],50
2026-10-09T06:05:56Z,109543391562036,6873502822,Be a Paper Airplane,50
2026-10-09T06:05:56Z,109883052223750,7602095794,[🏆TOURNEY] LOCKED:2,50
2026-10-09T06:05:56Z,113175013158657,10505651236,Shred the Secrets,50
2026-10-09T06:05:56Z,127353879474832,9636109790,Aura Poop Battles 💩,50
2026-10-09T06:05:56Z,135736301296289,9039708736,🎄 Christmas Tower,50
2026-10-09T06:05:56Z,138225905240404,10411121857,DELTARUNE Battles,50
