universe_id,badge_id,name,awarded_count,past_day_awarded,win_rate,created,fetched
10563114921,2590480615884365,WELCOME!,215835479,1861876,0.061,2026-07-25T08:58:03.705+00:00,2026-10-06T20:21:17Z
10563114921,4448343437950888,Hatched Eternal!,50941196,465670,0.015,2026-07-25T12:28:44.636+00:00,2026-10-06T20:21:17Z
10563114921,383815774941459,Hatched Secret!,75392669,746574,0.025,2026-07-25T12:29:21.928+00:00,2026-10-06T20:21:17Z
10563114921,1521646775064072,Hatched Divine!,9822489,59544,0.002,2026-07-25T12:31:01.015+00:00,2026-10-06T20:21:17Z
10563114921,1701163841407856,Divine Trail!,18327103,323496,0.011,2026-07-25T12:31:58.669+00:00,2026-10-06T20:21:17Z
10563114921,2940582970403757,Angelic Treadmill!,11378982,254933,0.008,2026-07-25T12:33:28.739+00:00,2026-10-06T20:21:17Z
383310974,2124439922,Tiny Isles,1557803,133,0.0,2018-10-17T12:43:51.29+00:00,2026-10-06T20:21:17Z
383310974,2124439923,Ancient Ruins,13304879,726,0.0,2018-10-17T12:44:38.777+00:00,2026-10-06T20:21:17Z
383310974,2124439924,Coastal Climb,12313356,362,0.0,2018-10-17T12:45:17.757+00:00,2026-10-06T20:21:17Z
383310974,2124439925,Lonely Peak,22694694,890,0.0,2018-10-17T12:45:55.303+00:00,2026-10-06T20:21:17Z
383310974,2124439926,Miniworld,9093436,723,0.0,2018-10-17T12:47:03.267+00:00,2026-10-06T20:21:17Z
383310974,2124439927,Pyramid,2073773,218,0.0,2018-10-17T12:47:37.9+00:00,2026-10-06T20:21:17Z
383310974,2124439928,Shipwreck Bay,3447447,286,0.0,2018-10-17T12:48:48.247+00:00,2026-10-06T20:21:17Z
383310974,3720272393025103,Roblox 20 Throwback Quest,6538796,0,0.0,2026-09-01T17:54:36.334+00:00,2026-10-06T20:21:17Z
383310974,2344531550519489,Roblox 20 Eggburt's Quest,681075,0,0.0,2026-09-01T17:54:43.624+00:00,2026-10-06T20:21:17Z
66654135,196198137,Level 10,298434633,128391,0.023,2014-12-24T18:10:54.087+00:00,2026-10-06T20:21:17Z
66654135,196198654,Level 20,157132443,79941,0.015,2014-12-24T18:11:53.03+00:00,2026-10-06T20:21:17Z
66654135,196198776,Level 30,98342502,55270,0.01,2014-12-24T18:12:13.247+00:00,2026-10-06T20:21:17Z
66654135,196199518,Level 40,65327447,41655,0.008,2014-12-24T18:14:02.117+00:00,2026-10-06T20:21:17Z
66654135,196200089,Level 50,47534846,31794,0.006,2014-12-24T18:15:26.233+00:00,2026-10-06T20:21:17Z
66654135,196200207,Level 60,36607426,24929,0.005,2014-12-24T18:15:49.477+00:00,2026-10-06T20:21:17Z
66654135,196200425,Level 70,28962216,20171,0.004,2014-12-24T18:16:21.16+00:00,2026-10-06T20:21:17Z
66654135,196200625,Level 80,23379254,16208,0.003,2014-12-24T18:16:49.88+00:00,2026-10-06T20:21:17Z
66654135,196200691,Level 90,19144163,12679,0.002,2014-12-24T18:17:05.65+00:00,2026-10-06T20:21:17Z
66654135,196200785,Level 100,15956287,10636,0.002,2014-12-24T18:17:18.91+00:00,2026-10-06T20:21:17Z
66654135,3774948711767093,Roblox 20 Quest,23898675,0,0.0,2026-09-09T18:35:06.343+00:00,2026-10-06T20:21:17Z
66654135,4336939174344856,Roblox 20 Secret Quest,659910,0,0.0,2026-09-09T18:35:16.256+00:00,2026-10-06T20:21:17Z
7326934954,2310366779580636,survive 10 days,395267251,236900,0.066,2025-05-24T06:17:58.891+00:00,2026-10-06T20:21:17Z
7326934954,2491852490394472,survive 20 days,272001393,147434,0.041,2025-05-24T06:18:12.091+00:00,2026-10-06T20:21:17Z
7326934954,2419608566642291,survive 30 days,201451351,102890,0.029,2025-05-24T06:18:27.536+00:00,2026-10-06T20:21:17Z
7326934954,554308544894889,survive 40 days,158691426,78297,0.022,2025-05-24T06:18:41.069+00:00,2026-10-06T20:21:17Z
7326934954,3412064596604231,survive 50 days,136270798,64569,0.018,2025-05-24T06:18:54.337+00:00,2026-10-06T20:21:17Z
7326934954,1737414705437281,survive 60 days,119189506,54477,0.015,2025-05-24T06:19:10.633+00:00,2026-10-06T20:21:17Z
7326934954,4033173523231173,survive 70 days,106548659,47143,0.013,2025-05-24T06:19:33.618+00:00,2026-10-06T20:21:17Z
7326934954,2567683149214007,survive 80 days,97534575,41739,0.012,2025-05-24T06:19:50.799+00:00,2026-10-06T20:21:17Z
7326934954,4230596623100073,survive 90 days,90641320,37920,0.011,2025-05-24T06:20:08.061+00:00,2026-10-06T20:21:17Z
7326934954,3189171443259717,survive 100 days,85441307,34991,0.01,2025-05-24T06:21:37.169+00:00,2026-10-06T20:21:17Z
7326934954,3019204750024378,Combat,468015886,301318,0.084,2025-05-30T07:36:25.646+00:00,2026-10-06T20:21:17Z
7326934954,1806706511193732,Gardening,88911338,5629,0.002,2025-05-30T07:37:00.224+00:00,2026-10-06T20:21:17Z
7326934954,3579765224808953,Apprenticeship,14158402,62017,0.017,2026-06-12T09:13:38.879+00:00,2026-10-06T20:21:17Z
7326934954,2438152097371936,Firemaking I,709490500,431575,0.12,2025-05-30T07:37:19.258+00:00,2026-10-06T20:21:17Z
7326934954,2005749031618947,Firemaking II,544774213,316897,0.088,2025-05-30T07:37:48.383+00:00,2026-10-06T20:21:17Z
7326934954,2001789220731988,First Aid,316473364,180676,0.05,2025-05-30T07:38:25.738+00:00,2026-10-06T20:21:17Z
7326934954,2845838727179258,Free Throwing,3620839,9237,0.003,2026-06-12T09:03:01.71+00:00,2026-10-06T20:21:17Z
7326934954,3377143203517885,Taming,153647012,51465,0.014,2025-10-04T02:19:21.914+00:00,2026-10-06T20:21:17Z
7326934954,722274622559019,Dueling,1012012,2820,0.001,2026-03-07T09:05:54.898+00:00,2026-10-06T20:21:17Z
7326934954,2027865090521852,Crafting,128236258,58522,0.016,2025-05-30T07:38:51.154+00:00,2026-10-06T20:21:17Z
7326934954,3677382718476753,Firemaking III,298376897,154816,0.043,2025-05-30T07:39:06.307+00:00,2026-10-06T20:21:17Z
7326934954,1573608851271592,Errands I,4841831,4375,0.001,2025-11-08T03:18:23.911+00:00,2026-10-06T20:21:17Z
7326934954,3761374914590052,Archaeology,2023888,1498,0.0,2026-03-07T09:04:28.19+00:00,2026-10-06T20:21:17Z
7326934954,1339575633400553,Beastmaster,11013592,2692,0.001,2025-08-22T12:39:39.99+00:00,2026-10-06T20:21:17Z
7326934954,387000908551525,Usurpation,10171019,5745,0.002,2025-09-20T04:15:27.758+00:00,2026-10-06T20:21:17Z
7326934954,3192661534592164,Hoarding,9387169,35363,0.01,2026-06-12T09:08:45.34+00:00,2026-10-06T20:21:17Z
7326934954,3329742285416754,Blessing I,4738600,9448,0.003,2026-01-17T09:06:20.59+00:00,2026-10-06T20:21:17Z
7326934954,1674875257275150,Husbandry,795474,580,0.0,2025-10-04T02:20:29.93+00:00,2026-10-06T20:21:17Z
7326934954,4351793822740062,Infiltration,83276642,45452,0.013,2025-07-02T22:35:40.509+00:00,2026-10-06T20:21:17Z
7326934954,503686365012057,Homemaking,2597681,5854,0.002,2026-06-12T09:09:56.602+00:00,2026-10-06T20:21:17Z
7326934954,1551739613632860,Hunting,58418762,22635,0.006,2025-05-30T07:39:41.301+00:00,2026-10-06T20:21:17Z
7326934954,749743730964646,Firemaking IV,172132014,84111,0.023,2025-05-30T07:40:11.906+00:00,2026-10-06T20:21:17Z
7326934954,3309153759455296,Orienteering,94607450,38425,0.011,2025-05-30T07:40:37.235+00:00,2026-10-06T20:21:17Z
7326934954,1736354964540088,Toolfinding,16931372,63332,0.018,2026-06-12T09:06:24.475+00:00,2026-10-06T20:21:17Z
7326934954,667939501985327,Botany,11496597,5848,0.002,2026-01-10T10:34:00.706+00:00,2026-10-06T20:21:17Z
7326934954,478327979068041,Scholarship,10955665,14648,0.004,2026-01-17T09:05:13.09+00:00,2026-10-06T20:21:17Z
7326934954,1440095660491152,Blessing II,1051569,2435,0.001,2026-01-17T09:06:55.033+00:00,2026-10-06T20:21:17Z
7326934954,2378691038276486,Carnivory,526225,1055,0.0,2026-06-12T09:07:45.98+00:00,2026-10-06T20:21:17Z
7326934954,1519710936602617,Errands II,360875,712,0.0,2025-11-08T03:18:41.319+00:00,2026-10-06T20:21:17Z
7326934954,334197250508484,Self-Preservation,3877595,919,0.0,2025-07-03T00:23:43.496+00:00,2026-10-06T20:21:17Z
7326934954,416205278974903,Vegetarian,5091903,930,0.0,2025-05-30T07:41:43.447+00:00,2026-10-06T20:21:17Z
7326934954,4382678530319544,Mastery,771098,2787,0.001,2026-06-12T09:02:12.791+00:00,2026-10-06T20:21:17Z
7326934954,2405041291915669,Swiftness,57140889,20660,0.006,2025-05-30T07:42:14.658+00:00,2026-10-06T20:21:17Z
7326934954,3775784138528895,Durability,35899841,13498,0.004,2025-05-30T07:42:45.795+00:00,2026-10-06T20:21:17Z
7326934954,1578027557968563,Humiliation,42801002,8347,0.002,2025-05-30T07:43:11.094+00:00,2026-10-06T20:21:17Z
7326934954,3168356882259569,Teamwork,8742707,2451,0.001,2025-05-30T07:41:09.58+00:00,2026-10-06T20:21:17Z
7326934954,1792812488387813,Errands III,87234,240,0.0,2025-11-08T03:19:00.562+00:00,2026-10-06T20:21:17Z
7326934954,2410517601139369,Determined I,29716970,9890,0.003,2025-05-30T07:43:28.872+00:00,2026-10-06T20:21:17Z
7326934954,4316839073409710,Determined II,10337948,3442,0.001,2025-05-30T07:43:42.58+00:00,2026-10-06T20:21:17Z
7326934954,2597765241417218,Dream Team,26023,73,0.0,2026-06-12T09:12:36.325+00:00,2026-10-06T20:21:17Z
7326934954,1225049092080584,☣†Ψ§∞☠‡Ω@,815829,741,0.0,2026-01-24T09:55:29.508+00:00,2026-10-06T20:21:17Z
7326934954,1568907852333054,Escape Artist's Quest,844347,0,0.0,2026-09-05T16:22:06.869+00:00,2026-10-06T20:21:17Z
7326934954,3322810762407618,Elemental's Quest,2129779,0,0.0,2026-09-05T16:22:32.434+00:00,2026-10-06T20:21:17Z
7326934954,2850298106729842,Woodsman's Quest,481853,0,0.0,2026-09-05T16:24:27.447+00:00,2026-10-06T20:21:17Z
7326934954,987196114599074,Reaping,2353391,223782,0.062,2026-10-02T23:33:30.382+00:00,2026-10-06T20:21:17Z
7326934954,1669474712587923,Strawcraft,605144,110689,0.031,2026-10-02T23:33:38.327+00:00,2026-10-06T20:21:17Z
7326934954,2959256668609900,Sweeping,103384,41215,0.011,2026-10-02T23:33:45.663+00:00,2026-10-06T20:21:17Z
994732206,2125253106,Second Sea,97347236,17451,0.006,2022-03-08T08:32:52.703+00:00,2026-10-06T20:21:17Z
994732206,2125253113,Third Sea,60564501,11225,0.004,2022-03-08T08:33:19.25+00:00,2026-10-06T20:21:17Z
5569032992,3251406176295219,Welcome to Dandy's World!,109062094,114611,0.04,2024-06-08T18:20:15.324+00:00,2026-10-06T20:21:17Z
5569032992,705395360789263,Alpha Player!,109033822,114564,0.04,2024-06-08T18:26:03.624+00:00,2026-10-06T20:21:17Z
5569032992,489243865301208,Twisteds Fear Me.,21843,9,0.0,2026-02-20T22:33:37.824+00:00,2026-10-06T20:21:17Z
5569032992,2154751145157776,Super Skilled Pro!,144245,94,0.0,2026-02-20T22:33:23.514+00:00,2026-10-06T20:21:17Z
5569032992,4450190261193609,Skilled Toon!,1820673,4773,0.002,2026-02-20T22:33:08.025+00:00,2026-10-06T20:21:17Z
5569032992,1032245889618935,Double Digits!,9163773,27491,0.01,2026-02-20T22:32:48.856+00:00,2026-10-06T20:21:17Z
5569032992,3453094775464298,Marathon Runner,324692,4411,0.002,2026-02-20T22:19:05.04+00:00,2026-10-06T20:21:17Z
5569032992,2621659595090283,Long Distance Runner,2969422,18886,0.007,2026-02-20T22:09:29.655+00:00,2026-10-06T20:21:17Z
5569032992,877623959683599,Speed Walker,6767621,31684,0.011,2026-02-20T22:17:17.478+00:00,2026-10-06T20:21:17Z
5569032992,722525313992174,THE Machine,551318,2145,0.001,2026-02-20T22:21:55.363+00:00,2026-10-06T20:21:17Z
5569032992,3650915651794012,Machine Master,3910573,5906,0.002,2026-02-20T22:21:17.947+00:00,2026-10-06T20:21:17Z
5569032992,3631798460232143,Machine Enthusiast,7098858,17575,0.006,2026-02-20T22:19:24.946+00:00,2026-10-06T20:21:17Z
5569032992,4343465570361894,Item Hunter,797204,3008,0.001,2026-02-20T22:22:47.541+00:00,2026-10-06T20:21:17Z
5569032992,3889118551056798,Item Tracker,4234389,8558,0.003,2026-02-20T22:22:29.589+00:00,2026-10-06T20:21:17Z
5569032992,1188687859433142,Item Finder,7502893,22098,0.008,2026-02-20T22:22:12.998+00:00,2026-10-06T20:21:17Z
5569032992,2656794558205839,Hissy Fit,148153,246,0.0,2026-02-20T22:23:15.703+00:00,2026-10-06T20:21:17Z
5569032992,3482040494566788,Sightseer,2364647,12791,0.005,2026-02-20T22:23:37.275+00:00,2026-10-06T20:21:17Z
5569032992,1455062180787768,Overtime,77343,406,0.0,2026-02-20T22:27:12.412+00:00,2026-10-06T20:21:17Z
5569032992,3784664997676455,Clocked In,1995610,5999,0.002,2026-02-20T22:23:58.236+00:00,2026-10-06T20:21:17Z
5569032992,4091661985543994,Gossip Bud,838267,2373,0.001,2026-02-20T22:32:11.014+00:00,2026-10-06T20:21:17Z
5569032992,3392126678094751,Gossip Time,757752,1943,0.001,2026-02-20T22:32:30.594+00:00,2026-10-06T20:21:17Z
5569032992,4143558488457660,Fine Dining,927294,1095,0.0,2026-02-23T19:09:44.774+00:00,2026-10-06T20:21:17Z
5569032992,2760697774110195,Stealth Mission,12915536,55349,0.02,2026-02-23T19:09:58.074+00:00,2026-10-06T20:21:17Z
5569032992,2848365449687217,Speed Runner,11406830,52299,0.018,2026-02-23T19:10:26.851+00:00,2026-10-06T20:21:17Z
5569032992,3440847134688213,Center of Attention,1239300,6308,0.002,2026-02-23T19:10:39.654+00:00,2026-10-06T20:21:17Z
5569032992,1993385796775875,Master of Many,981042,1830,0.001,2026-02-23T19:10:53.312+00:00,2026-10-06T20:21:17Z
5569032992,1888594585132992,What a Deal!,3807804,17420,0.006,2026-02-23T19:11:10.794+00:00,2026-10-06T20:21:17Z
5569032992,3172075169422450,Geared Up,1684003,6920,0.002,2026-02-23T19:11:24.708+00:00,2026-10-06T20:21:17Z
5569032992,3561906072285403,Main Character,630242,1141,0.0,2026-02-23T19:11:55.241+00:00,2026-10-06T20:21:17Z
5569032992,2931461048642135,Egg Hunter,2490227,20,0.0,2026-03-04T03:01:50.617+00:00,2026-10-06T20:21:17Z
5569032992,3135840441668526,Get To Where?,4014332,32806,0.012,2026-05-04T21:45:24.54+00:00,2026-10-06T20:21:17Z
5569032992,2295912274487741,Attached,2458267,17649,0.006,2026-05-04T21:45:37.975+00:00,2026-10-06T20:21:17Z
5569032992,1569127933432076,Helpful Hugger,1316131,9232,0.003,2026-05-04T21:45:49.912+00:00,2026-10-06T20:21:17Z
5569032992,2202640501871492,Investigator,8108939,62967,0.022,2026-05-04T21:46:01.921+00:00,2026-10-06T20:21:17Z
5569032992,2931854353287793,Lights Out,3959450,35012,0.012,2026-05-04T21:46:17.518+00:00,2026-10-06T20:21:17Z
5569032992,4384987076164678,Center Stage,1054620,8241,0.003,2026-05-04T21:54:30.105+00:00,2026-10-06T20:21:17Z
5569032992,2620298369118337,Empty Handed,3683592,36100,0.013,2026-05-04T21:54:41.525+00:00,2026-10-06T20:21:17Z
5569032992,702692543295728,Squeaky Clean,5952431,50633,0.018,2026-05-04T21:54:54.294+00:00,2026-10-06T20:21:17Z
5569032992,571506192866919,Bedtime,876384,6822,0.002,2026-05-04T21:55:05.127+00:00,2026-10-06T20:21:17Z
5569032992,3510650343377317,Winning Choice,3323440,42476,0.015,2026-05-04T21:55:16.061+00:00,2026-10-06T20:21:17Z
5569032992,614575770108336,Quick Reaction Time,904869,7240,0.003,2026-05-04T21:55:38.527+00:00,2026-10-06T20:21:17Z
5569032992,1441070811031032,Unstoppably Healthy,2740561,28340,0.01,2026-05-04T21:55:48.655+00:00,2026-10-06T20:21:17Z
5569032992,3446266187542187,Teamwork,8444670,60463,0.021,2026-05-11T22:30:14.733+00:00,2026-10-06T20:21:17Z
5569032992,3658261518066380,All Together,106944,156,0.0,2026-05-11T22:30:25.771+00:00,2026-10-06T20:21:17Z
5569032992,333306051922069,Nurturer,2945119,44517,0.016,2026-05-27T14:52:58.206+00:00,2026-10-06T20:21:17Z
5569032992,3874843708216502,Caretaker,2108583,41929,0.015,2026-05-27T14:53:06.541+00:00,2026-10-06T20:21:17Z
5569032992,158725263606758,Cultivator,1389350,31950,0.011,2026-05-27T14:53:23.642+00:00,2026-10-06T20:21:17Z
5569032992,140856239278347,Green Thumb,754958,17328,0.006,2026-05-27T14:53:35.298+00:00,2026-10-06T20:21:17Z
5569032992,2571896086842758,Just Keep Swimming,597140,4657,0.002,2026-06-03T17:23:50.613+00:00,2026-10-06T20:21:17Z
5569032992,570826629205751,Extinguished Confidence,645699,17827,0.006,2026-08-06T17:49:18.121+00:00,2026-10-06T20:21:17Z
5569032992,1436834373428481,Stash Searcher,50367,3538,0.001,2026-09-01T14:54:22.13+00:00,2026-10-06T20:21:17Z
5569032992,2896633082327520,Stockpiled Stash,31248,355,0.0,2026-09-01T14:54:57.036+00:00,2026-10-06T20:21:17Z
5569032992,2145206125690761,Locked Away,417902,53776,0.019,2026-10-01T22:30:45.468+00:00,2026-10-06T20:21:17Z
5569032992,3225809034817222,Haunted Gala,406371,84701,0.03,2026-10-01T22:30:52.976+00:00,2026-10-06T20:21:17Z
5569032992,2010928559128659,Trick or Treat!,1170075,132069,0.047,2026-10-01T22:30:57.941+00:00,2026-10-06T20:21:17Z
3508322461,2896779257883034,Trophy Shenanigans,17336,0,0.0,2024-10-24T21:07:31.901+00:00,2026-10-06T20:21:17Z
3508322461,1191883690827120,Bouquet Shenanigans,17933,0,0.0,2024-10-24T21:08:04.188+00:00,2026-10-06T20:21:17Z
3508322461,330081940778952,Your First Kill,22359473,41216,0.016,2025-06-03T22:12:08.91+00:00,2026-10-06T20:21:17Z
3508322461,3237869400632590,FILE 0 DELETED,1694803,0,0.0,2025-06-14T03:15:59.613+00:00,2026-10-06T20:21:17Z
6035872082,2904819966736756,Welcome!,492225358,402275,0.111,2024-06-28T05:02:16.623+00:00,2026-10-06T20:21:17Z
6035872082,1330297521556384,Alpha Tester!,46,0,0.0,2024-06-28T05:13:07.157+00:00,2026-10-06T20:21:17Z
6701277882,3539168827011746,You Played!,102896259,23415,0.058,2024-12-07T13:14:16.848+00:00,2026-10-06T20:21:17Z
6701277882,3767815666357161,Sold Fish!,64542680,14056,0.035,2024-12-28T10:20:57.707+00:00,2026-10-06T20:21:17Z
6701277882,2711222592612504,Caught Shiny,47173124,10350,0.026,2024-12-28T10:21:39.587+00:00,2026-10-06T20:21:17Z
6701277882,1527836422959102,Caught Mutated,46889761,10480,0.026,2024-12-28T10:22:02.545+00:00,2026-10-06T20:21:17Z
6701277882,1900815178450382,Caught BIG,39868712,9299,0.023,2024-12-28T10:22:27.04+00:00,2026-10-06T20:21:17Z
6701277882,1266063606972645,50 Catches,29233780,5723,0.014,2024-12-28T10:23:40.111+00:00,2026-10-06T20:21:17Z
6701277882,581719578652969,250 Catches,17196681,2981,0.007,2024-12-28T10:24:05.418+00:00,2026-10-06T20:21:17Z
6701277882,2541621306216030,"1,000 Catches",11939610,1812,0.005,2024-12-28T10:24:54.913+00:00,2026-10-06T20:21:17Z
6701277882,2418775280333642,"10,000 Catches",6705681,903,0.002,2024-12-28T10:26:05.543+00:00,2026-10-06T20:21:17Z
6701277882,2642167388369165,"50,000 Catches",3854553,466,0.001,2024-12-28T10:26:34.394+00:00,2026-10-06T20:21:17Z
6701277882,3315642797145314,"100,000 Catches",2837246,405,0.001,2024-12-28T10:27:16.63+00:00,2026-10-06T20:21:17Z
6701277882,161625361019083,"250,000 Catches",1707391,270,0.001,2024-12-28T10:28:04.609+00:00,2026-10-06T20:21:17Z
6701277882,1747554395316566,"500,000 Catches",1028032,311,0.001,2024-12-28T10:28:55.792+00:00,2026-10-06T20:21:17Z
6701277882,473586534070031,Classic Event: Obby Complete,170431,0,0.0,2026-04-24T23:38:19.914+00:00,2026-10-06T20:21:17Z
6701277882,2218266044919665,Starfall Gardens Obby,50508,0,0.0,2026-08-01T21:38:17.193+00:00,2026-10-06T20:21:17Z
6701277882,850582174178669,Max out your Aquarium,7818,160,0.0,2026-09-12T18:41:09.454+00:00,2026-10-06T20:21:17Z
6701277882,111388416033011,Display a SECRET,159127,3231,0.008,2026-09-12T18:41:31.619+00:00,2026-10-06T20:21:17Z
6701277882,3643249996483321,Display a FORGOTTEN,45027,622,0.002,2026-09-12T18:41:47.543+00:00,2026-10-06T20:21:17Z
6701277882,3233103182414492,Visit another player’s Aquarium,17249,636,0.002,2026-09-12T18:42:27.549+00:00,2026-10-06T20:21:17Z
6701277882,3490348567889430,Arcadia Obby,32073,619,0.002,2026-09-17T05:28:29.795+00:00,2026-10-06T20:21:17Z
7219654364,2223489373949829,Welcome,84733447,153792,0.121,2025-05-15T22:16:45.259+00:00,2026-10-06T20:21:17Z
9584852943,1420201693079850,Welcome,337605459,526440,0.17,2026-01-18T18:01:51.394+00:00,2026-10-06T20:21:17Z
9584852943,2153967300203954,Rebirth Badge,142678607,211487,0.068,2026-01-18T18:02:21.701+00:00,2026-10-06T20:21:17Z
9584852943,2110686314716599,where am i,86739,67,0.0,2026-08-07T12:18:25.047+00:00,2026-10-06T20:21:17Z
9584852943,3135220396343055,HAPPY,1503032,13444,0.004,2026-08-26T12:43:23.088+00:00,2026-10-06T20:21:17Z
9584852943,1681069794928179,oiia,77989,616,0.0,2026-08-27T11:28:58.553+00:00,2026-10-06T20:21:17Z
9584852943,4140821954514847,CLONE,1591877,16440,0.005,2026-08-26T12:43:37.148+00:00,2026-10-06T20:21:17Z
9584852943,4018005442959071,bbno$: chichine,1601198,0,0.0,2026-07-24T13:36:51.562+00:00,2026-10-06T20:21:17Z
9584852943,1515849124615218,bbno$: AloneLuvsya,863490,0,0.0,2026-07-24T13:38:41.914+00:00,2026-10-06T20:21:17Z
9584852943,3202648257766825,bbno$: Ectomilas,698539,0,0.0,2026-07-24T13:41:12.528+00:00,2026-10-06T20:21:17Z
9584852943,1752650248567650,bbno$: ev1,2179120,0,0.0,2026-07-24T13:42:27.318+00:00,2026-10-06T20:21:17Z
9584852943,2346749438546959,bbno$: FoeCakes,253749,0,0.0,2026-07-24T13:43:04.693+00:00,2026-10-06T20:21:17Z
9584852943,3749815358305076,bbno$: Leorizoto,1554402,0,0.0,2026-07-24T13:45:19.367+00:00,2026-10-06T20:21:17Z
9584852943,1534991223025463,bbno$: Lyzrinn,492523,0,0.0,2026-07-24T13:45:53.256+00:00,2026-10-06T20:21:17Z
9584852943,1747377997299088,bbno$: Nextune_Dev,850158,0,0.0,2026-07-24T13:47:29.136+00:00,2026-10-06T20:21:17Z
9584852943,3712842567548064,bbno$: andourys,1139739,0,0.0,2026-07-24T13:48:13.22+00:00,2026-10-06T20:21:17Z
9584852943,3219083495549094,bbno$: RELICSxyz,507922,0,0.0,2026-07-24T13:48:44.28+00:00,2026-10-06T20:21:17Z
9584852943,1378173361059665,bbno$: EternityReality,647352,0,0.0,2026-07-24T13:49:44.044+00:00,2026-10-06T20:21:17Z
9584852943,231071401215714,bbno$: Fabuss254,891047,0,0.0,2026-07-24T13:50:26.997+00:00,2026-10-06T20:21:17Z
9584852943,9351213415919,bbno$: gelatinium3,618264,0,0.0,2026-07-24T13:51:26.854+00:00,2026-10-06T20:21:17Z
9584852943,170444504469500,bbno$: plur0ue,542722,0,0.0,2026-07-24T13:51:57.599+00:00,2026-10-06T20:21:17Z
9584852943,3612531601970668,bbno$: BuiltByMarky,526528,0,0.0,2026-07-24T13:52:37.644+00:00,2026-10-06T20:21:17Z
9584852943,3693560231833049,bbno$: homemade_sano,738227,0,0.0,2026-07-24T13:53:15.211+00:00,2026-10-06T20:21:17Z
9584852943,4324512892678107,bbno$ World Last Stage,1704447,0,0.0,2026-07-25T12:24:05.314+00:00,2026-10-06T20:21:17Z
9584852943,593323816039092,Welcome to bbno$ World!,45476354,0,0.0,2026-07-25T12:25:16.888+00:00,2026-10-06T20:21:17Z
9584852943,3684608558336155,20 Years of Roblox,3127541,3537,0.001,2026-09-24T21:35:17.927+00:00,2026-10-06T20:21:17Z
5750914919,3713345851024569,First Time Fischer,120673400,36459,0.045,2024-03-19T23:50:32.999+00:00,2026-10-06T20:21:17Z
5750914919,2548603185740666,Special Someone,22154353,11545,0.014,2024-03-19T23:52:53.686+00:00,2026-10-06T20:21:17Z
5750914919,4227551957813448,Economy Expert,61944635,17757,0.022,2024-03-19T23:53:21.77+00:00,2026-10-06T20:21:17Z
5750914919,398396161277206,Rare Hunter,28807872,9066,0.011,2024-03-19T23:54:39.394+00:00,2026-10-06T20:21:17Z
5750914919,292081433761936,Keepers Pupil,7331414,1837,0.002,2024-06-16T22:22:10.908+00:00,2026-10-06T20:21:17Z
5750914919,2087500307302023,Attempted Upgrade,21085889,6808,0.008,2024-06-22T17:04:21.652+00:00,2026-10-06T20:21:17Z
5750914919,4469874271658702,Divine Relic,20647406,6368,0.008,2024-08-18T01:51:17.265+00:00,2026-10-06T20:21:17Z
5750914919,3051769055311800,50 Catches,28163451,14560,0.018,2024-08-23T01:15:06.806+00:00,2026-10-06T20:21:17Z
5750914919,980568772269520,100 Catches,22251058,11846,0.015,2024-08-23T01:18:34.895+00:00,2026-10-06T20:21:17Z
5750914919,2392322242811007,500 Catches,13932198,8301,0.01,2024-08-23T01:20:03.924+00:00,2026-10-06T20:21:17Z
5750914919,2121501969748139,1000 Catches,11384951,7427,0.009,2024-08-23T01:21:23.219+00:00,2026-10-06T20:21:17Z
5750914919,4043528816128290,2000 Catches,9100988,6828,0.009,2024-08-23T01:22:12.367+00:00,2026-10-06T20:21:17Z
5750914919,2237691197864883,3000 Catches,7806347,6588,0.008,2024-08-24T03:37:13.934+00:00,2026-10-06T20:21:17Z
5750914919,2586667227808420,4000 Catches,6889334,6499,0.008,2024-08-24T03:38:44.397+00:00,2026-10-06T20:21:17Z
5750914919,2440764735271938,5000 Catches,6170743,6359,0.008,2024-08-24T03:39:52.845+00:00,2026-10-06T20:21:17Z
5750914919,1009279661183813,"10,000 Catches",4054724,5593,0.007,2024-08-24T03:40:24.714+00:00,2026-10-06T20:21:17Z
5750914919,1708816354589502,Lava Caster,6514111,2552,0.003,2024-08-24T03:51:08.331+00:00,2026-10-06T20:21:17Z
5750914919,3526079295826418,Recon Expert,16833008,4747,0.006,2024-08-31T02:21:37.846+00:00,2026-10-06T20:21:17Z
5750914919,163992758707317,True Power,17127568,5432,0.007,2024-08-31T20:01:02.6+00:00,2026-10-06T20:21:17Z
5750914919,553555175646641,Experienced True Beauty,33952805,14755,0.018,2024-08-31T21:59:08.251+00:00,2026-10-06T20:21:17Z
5750914919,1045860405568363,Bestiary: Ocean,695584,574,0.001,2024-09-15T17:28:21.907+00:00,2026-10-06T20:21:17Z
5750914919,3871316346306270,Bestiar: Moosewood,3627531,1600,0.002,2024-09-15T17:28:52.149+00:00,2026-10-06T20:21:17Z
5750914919,225841574756551,Bestiary: Roslit,1000247,1161,0.001,2024-09-15T17:29:05.466+00:00,2026-10-06T20:21:17Z
5750914919,2903347774735091,Bestiary: Sunstone Island,3950958,2112,0.003,2024-09-15T17:29:32.073+00:00,2026-10-06T20:21:17Z
5750914919,2994442057572213,Bestiary: Terrapin Island,974654,831,0.001,2024-09-21T00:47:16.856+00:00,2026-10-06T20:21:17Z
5750914919,4479912445209985,Bestiary: Roslit Volcano,1686239,1259,0.002,2024-09-21T00:47:24.357+00:00,2026-10-06T20:21:17Z
5750914919,3200076862852988,Bestiary: Vertigo,8016482,2282,0.003,2024-09-21T00:47:32.008+00:00,2026-10-06T20:21:17Z
5750914919,4343979385420841,Bestiary: Mushgrove Swamp,1396761,920,0.001,2024-09-21T00:47:41.213+00:00,2026-10-06T20:21:17Z
5750914919,4101868524305507,Bestiary: Snowcap,1154826,1528,0.002,2024-09-21T00:47:50.259+00:00,2026-10-06T20:21:17Z
5750914919,635398639427099,Bestiary: Everything,1513086,1334,0.002,2024-09-22T16:12:54.742+00:00,2026-10-06T20:21:17Z
5750914919,772547227400435,Bestiary: Keepers Altar,5783387,1572,0.002,2024-09-28T17:41:32.831+00:00,2026-10-06T20:21:17Z
5750914919,3161443122784523,Bestiary: Desolate Deep,2885126,2530,0.003,2024-10-26T17:57:19.899+00:00,2026-10-06T20:21:17Z
5750914919,1535329670769985,Bestiary: Brine Pool,1629759,1600,0.002,2024-10-26T20:54:51.454+00:00,2026-10-06T20:21:17Z
5750914919,3591399443042848,Bestiary: Forsaken Shores,3652512,2756,0.003,2024-11-08T16:56:04.716+00:00,2026-10-06T20:21:17Z
5750914919,2042505003241970,Bestiary: The Depths,6178241,2124,0.003,2024-11-12T19:00:29.851+00:00,2026-10-06T20:21:17Z
5750914919,1666493813690822,Bestiary: Ancient Archives,1844706,966,0.001,2024-11-28T22:42:38.048+00:00,2026-10-06T20:21:17Z
5750914919,2054807830474099,Bestiary: Ancient Isle,727578,1266,0.002,2024-11-29T17:12:42.147+00:00,2026-10-06T20:21:17Z
5750914919,272078520028439,Bestiary: Overgrowth Caves,1120842,2821,0.004,2024-12-21T11:32:22.312+00:00,2026-10-06T20:21:17Z
5750914919,843774301770016,Bestiary: Frigid Cavern,781832,1149,0.001,2024-12-21T11:33:18.365+00:00,2026-10-06T20:21:17Z
5750914919,4189906956026791,Bestiary: Cryogenic Canal,1131808,1228,0.002,2024-12-21T11:33:47.832+00:00,2026-10-06T20:21:17Z
5750914919,1396071619017862,Bestiary ; Glacial Grotto,815378,1023,0.001,2024-12-21T11:34:03.01+00:00,2026-10-06T20:21:17Z
5750914919,968483808853747,Bestiary: Grand Reef,5010003,1013,0.001,2025-01-04T06:59:50.546+00:00,2026-10-06T20:21:17Z
5750914919,32642745294476,Bestiary: Atlantean Storm,5436956,652,0.001,2025-01-18T11:13:02.093+00:00,2026-10-06T20:21:17Z
5750914919,2070428894950149,Bestiary: Atlantis,627363,509,0.001,2025-01-24T21:51:25.041+00:00,2026-10-06T20:21:17Z
5750914919,2971899933109154,Bestiary: Volcanic Vents,4063512,2342,0.003,2025-02-21T17:53:35.803+00:00,2026-10-06T20:21:17Z
5750914919,2580846320562382,Bestiary: Challengers Deep,3418602,2236,0.003,2025-02-21T17:53:52.795+00:00,2026-10-06T20:21:17Z
5750914919,440171660675783,Bestiary: Abyssal Zenith,4219617,2446,0.003,2025-02-21T17:54:19.297+00:00,2026-10-06T20:21:17Z
5750914919,699973517072777,Bestiary: Calm Zone,3680739,2268,0.003,2025-02-21T17:54:35.549+00:00,2026-10-06T20:21:17Z
5750914919,434000111228886,Bestiary: Veil of the Forsaken,4373028,2465,0.003,2025-02-21T17:54:52.296+00:00,2026-10-06T20:21:17Z
5750914919,4460712899366124,Bestiary: Animals First Sea,207534,0,0.0,2025-04-04T18:03:03.78+00:00,2026-10-06T20:21:17Z
5750914919,4358181133009953,Bestiary: Blue Moon First Sea,762901,1203,0.001,2025-04-10T21:58:36.761+00:00,2026-10-06T20:21:17Z
5750914919,246796205450087,Bestiary: Carrot Garden,4149309,3085,0.004,2025-05-01T18:56:46.294+00:00,2026-10-06T20:21:17Z
5750914919,4173794829392220,Chilled Revelation,2793788,142,0.0,2025-12-03T19:56:29.656+00:00,2026-10-06T20:21:17Z
5750914919,3502827194384292,Gone Fishing... Live!,319322,0,0.0,2026-02-05T02:40:16.242+00:00,2026-10-06T20:21:17Z
5750914919,392826579539861,Keeperbound,1211897,3860,0.005,2026-05-08T14:50:03.082+00:00,2026-10-06T20:21:17Z
5750914919,778041778588052,Bestiary: Enchanted Crevice,705084,2573,0.003,2026-05-08T14:59:15.438+00:00,2026-10-06T20:21:17Z
5750914919,257343123916833,Sunlit Paradise,1391277,972,0.001,2026-06-08T00:01:54.479+00:00,2026-10-06T20:21:17Z
5750914919,3767703565969419,Bestiary: Drylands,171298,1252,0.002,2026-07-04T12:57:15.858+00:00,2026-10-06T20:21:17Z
5750914919,795712427073789,Bestiary: The Deep,53093,750,0.001,2026-07-15T19:53:01.981+00:00,2026-10-06T20:21:17Z
5750914919,1857274249463155,Bestiary: Astral Observatory,48429,1031,0.001,2026-08-22T05:31:12.388+00:00,2026-10-06T20:21:17Z
5750914919,1065625039166632,Bestiary: Skycrest,81116,1164,0.001,2026-09-04T13:28:41.334+00:00,2026-10-06T20:21:17Z
5750914919,2850124972697408,Bestiary: Obsidian Trench,201186,3352,0.004,2026-09-19T11:52:12.81+00:00,2026-10-06T20:21:17Z
2711375305,2124780104,Catalog Avatar Creator,402550903,209493,0.141,2021-07-09T12:33:43.003+00:00,2026-10-06T20:21:17Z
2711375305,1520320724807671,Avatar Customizer,63603747,51198,0.034,2025-05-07T18:17:32.999+00:00,2026-10-06T20:21:17Z
5203828273,2154057315,You played Dress To Impress!,464845435,254966,0.248,2023-11-08T16:23:06.023+00:00,2026-10-06T20:21:17Z
5203828273,2258999789644385,🏆 Winner!,203824373,110910,0.108,2023-11-16T19:19:24.108+00:00,2026-10-06T20:21:17Z
5203828273,544309267445074,Scarlet's Secret 🏴‍☠️🏝️,2886277,3437,0.003,2025-09-19T12:32:27.038+00:00,2026-10-06T20:21:17Z
5203828273,956750159533867,Style Showdown Winner,8042907,3637,0.004,2025-03-02T00:10:20.993+00:00,2026-10-06T20:21:17Z
3317771874,2153913164,Welcome! 🐾,110470871,17890,0.08,2023-11-03T06:36:58.177+00:00,2026-10-06T20:21:17Z
3317771874,3189151177666639,The Hunt: First Edition,4740006,0,0.0,2024-03-02T22:23:57.929+00:00,2026-10-06T20:21:17Z
3317771874,754796678735151,The Hunt: Mega Edition,2840530,0,0.0,2025-02-20T18:24:44.936+00:00,2026-10-06T20:21:17Z
3317771874,327631483993374,Journey's End,169275,0,0.0,2025-02-20T18:24:56.892+00:00,2026-10-06T20:21:17Z
2440500124,2127715318,Welcome,528179365,133776,0.109,2022-07-30T04:19:37.45+00:00,2026-10-06T20:21:17Z
2440500124,2127964863,Buddy System,214153165,49887,0.041,2022-08-10T15:18:11.33+00:00,2026-10-06T20:21:17Z
2440500124,2127965664,Welcome Back,294793685,59231,0.048,2022-08-10T16:17:19.11+00:00,2026-10-06T20:21:17Z
2440500124,2127965744,Group Member,24124444,5364,0.004,2022-08-10T16:20:11.75+00:00,2026-10-06T20:21:17Z
2440500124,2127965819,Back From The Dead,36666815,16415,0.013,2022-08-10T16:22:44.953+00:00,2026-10-06T20:21:17Z
2440500124,2127965852,One Of Many,358716071,72547,0.059,2022-08-10T16:24:14.613+00:00,2026-10-06T20:21:17Z
2440500124,2127965866,Ten Of Many,75747181,17021,0.014,2022-08-10T16:24:49.15+00:00,2026-10-06T20:21:17Z
2440500124,2127965910,Hundred Of Many,5964131,5152,0.004,2022-08-10T16:26:08.38+00:00,2026-10-06T20:21:17Z
2440500124,2127965932,Out Of My Way,290241029,50313,0.041,2022-08-10T16:26:50.157+00:00,2026-10-06T20:21:17Z
2440500124,2127965951,You Can Run,100282181,23531,0.019,2022-08-10T16:27:23.44+00:00,2026-10-06T20:21:17Z
2440500124,2127965976,Eviction Notice,165165008,33098,0.027,2022-08-10T16:28:04.767+00:00,2026-10-06T20:21:17Z
2440500124,2127966009,Rebound,46998889,15460,0.013,2022-08-10T16:29:14.95+00:00,2026-10-06T20:21:17Z
2440500124,2127966037,Two Steps Forward,42426920,10199,0.008,2022-08-10T16:30:06.823+00:00,2026-10-06T20:21:17Z
2440500124,2127966055,Look At Me,247739335,52573,0.043,2022-08-10T16:30:38.753+00:00,2026-10-06T20:21:17Z
2440500124,2127966064,I See You,191869254,39000,0.032,2022-08-10T16:31:01.177+00:00,2026-10-06T20:21:17Z
2440500124,2127966083,Sshh!,50371562,12053,0.01,2022-08-10T16:31:43.897+00:00,2026-10-06T20:21:17Z
2440500124,2127966117,Expert Technician,3081147,2839,0.002,2022-08-10T16:32:46.497+00:00,2026-10-06T20:21:17Z
2440500124,2127966150,Error,70965954,30992,0.025,2022-08-10T16:33:58.667+00:00,2026-10-06T20:21:17Z
2440500124,2127966163,Rock Bottom (Before HOTEL+),5070021,0,0.0,2022-08-10T16:34:32.83+00:00,2026-10-06T20:21:17Z
2440500124,2133599061,Wrong Room,129818616,33234,0.027,2023-01-28T22:05:57.543+00:00,2026-10-06T20:21:17Z
2440500124,2133599257,Evil Be Gone,24827702,7846,0.006,2023-01-28T22:06:19.59+00:00,2026-10-06T20:21:17Z
2440500124,2133599454,Stay Out Of My Way,15433916,5190,0.004,2023-01-28T22:06:46.487+00:00,2026-10-06T20:21:17Z
2440500124,2133599605,Unbound,7597058,4316,0.004,2023-01-28T22:07:01.137+00:00,2026-10-06T20:21:17Z
2440500124,2133599708,Take A Breather,9076931,2343,0.002,2023-01-28T22:07:13.45+00:00,2026-10-06T20:21:17Z
2440500124,2133599910,All Figured Out,5896816,3326,0.003,2023-01-28T22:07:40.703+00:00,2026-10-06T20:21:17Z
2440500124,2133600212,You Can't See Me,5016166,2811,0.002,2023-01-28T22:08:14.873+00:00,2026-10-06T20:21:17Z
2440500124,2133600344,I Hate You,5872403,2064,0.002,2023-01-28T22:08:31.423+00:00,2026-10-06T20:21:17Z
2440500124,2133600441,Two Steps Ahead,6095616,2578,0.002,2023-01-28T22:08:44.67+00:00,2026-10-06T20:21:17Z
2440500124,2133600538,Outwitted,6810661,2842,0.002,2023-01-28T22:08:56.58+00:00,2026-10-06T20:21:17Z
2440500124,2133600691,In Plain Sight,120914082,44224,0.036,2023-01-28T22:09:14.57+00:00,2026-10-06T20:21:17Z
2440500124,2133601126,Interconnected,8745448,9972,0.008,2023-01-28T22:10:10.9+00:00,2026-10-06T20:21:17Z
2440500124,2133601267,Supporting Small Businesses,40557281,10716,0.009,2023-01-28T22:10:25.523+00:00,2026-10-06T20:21:17Z
2440500124,2133601671,Pls Donate,21192636,6822,0.006,2023-01-28T22:11:15.323+00:00,2026-10-06T20:21:17Z
2440500124,2133601772,Herb Of Viridis,25273347,8352,0.007,2023-01-28T22:11:24.823+00:00,2026-10-06T20:21:17Z
2440500124,2133601870,??,13321284,0,0.0,2023-01-28T22:11:39.087+00:00,2026-10-06T20:21:17Z
2440500124,2133603021,Back On Track,2448275,0,0.0,2023-01-28T22:14:00.453+00:00,2026-10-06T20:21:17Z
2440500124,2133603122,???,476226,9,0.0,2023-01-28T22:14:11.75+00:00,2026-10-06T20:21:17Z
2440500124,2133603375,Rock Bottom (After HOTEL+),9094194,7860,0.006,2023-01-28T22:14:37.917+00:00,2026-10-06T20:21:17Z
2440500124,2151004633,Not Five Stars,814401,2862,0.002,2023-08-26T14:32:59.24+00:00,2026-10-06T20:21:17Z
2440500124,2151004643,Hotel Hell,337126,1973,0.002,2023-08-26T14:33:10.437+00:00,2026-10-06T20:21:17Z
2440500124,4490354459349084,Around Back,6881118,7801,0.006,2024-03-30T06:01:09.019+00:00,2026-10-06T20:21:17Z
2440500124,1414411336451656,Other Way Around,3038512,7956,0.006,2024-03-30T06:01:28.252+00:00,2026-10-06T20:21:17Z
2440500124,70842463964644,Just A Prank,12849277,10561,0.009,2024-08-30T20:16:25.16+00:00,2026-10-06T20:21:17Z
2440500124,1296279037717778,Helping Hand,6782517,5257,0.004,2024-08-30T20:16:43.714+00:00,2026-10-06T20:21:17Z
2440500124,779526452946763,Trickshot,7368212,6462,0.005,2024-08-30T20:16:56.166+00:00,2026-10-06T20:21:17Z
2440500124,1233383417912691,I Don't Believe My Eyes,19687717,13434,0.011,2024-08-30T20:17:09.497+00:00,2026-10-06T20:21:17Z
2440500124,1653840661375503,Dead Of Night,3119354,6126,0.005,2024-08-30T20:17:30.263+00:00,2026-10-06T20:21:17Z
2440500124,2301707323598858,Whoever Smelt It,16671201,14371,0.012,2024-08-30T20:18:57.339+00:00,2026-10-06T20:21:17Z
2440500124,2817127966247970,Running Track,3991011,8448,0.007,2024-08-30T20:19:16.76+00:00,2026-10-06T20:21:17Z
2440500124,789272246312597,Trespassing,2554581,3629,0.003,2024-08-30T20:21:33.332+00:00,2026-10-06T20:21:17Z
2440500124,2791673925795977,Down The Drain,1196713,7114,0.006,2024-08-30T20:26:20.937+00:00,2026-10-06T20:21:17Z
2440500124,1901113756549798,See You Soon,1439186,8227,0.007,2024-08-30T20:26:35.541+00:00,2026-10-06T20:21:17Z
2440500124,2256123875769776,It's Not My Time,994279,1996,0.002,2024-08-30T20:27:08.785+00:00,2026-10-06T20:21:17Z
2440500124,1316767412265996,Not Funny,803021,1456,0.001,2024-08-30T20:27:22.562+00:00,2026-10-06T20:21:17Z
2440500124,544848033735346,The Bigger They Are,617041,345,0.0,2024-08-30T20:27:36.717+00:00,2026-10-06T20:21:17Z
2440500124,3613633701310583,Flyswatter,497506,866,0.001,2024-08-30T20:27:56.39+00:00,2026-10-06T20:21:17Z
2440500124,2917258128600674,Lost In Translation,2372077,6149,0.005,2024-08-30T20:35:28.245+00:00,2026-10-06T20:21:17Z
2440500124,2753079656503998,???,115648,1328,0.001,2024-12-20T22:57:24.46+00:00,2026-10-06T20:21:17Z
2440500124,3564553785088385,???,325541,1790,0.001,2024-12-20T22:57:33.253+00:00,2026-10-06T20:21:17Z
2440500124,2810652516854730,???,82721,873,0.001,2024-12-20T22:58:19.738+00:00,2026-10-06T20:21:17Z
2440500124,4169257199436991,???,221142,735,0.001,2024-12-20T22:58:46.789+00:00,2026-10-06T20:21:17Z
2440500124,1389171401301189,???,177983,772,0.001,2024-12-20T22:59:06.178+00:00,2026-10-06T20:21:17Z
2440500124,2474397632616922,???,449355,1143,0.001,2024-12-20T22:59:41.173+00:00,2026-10-06T20:21:17Z
2440500124,308664585505076,???,482141,1382,0.001,2024-12-20T23:00:53.423+00:00,2026-10-06T20:21:17Z
2440500124,2834228082428209,???,431828,1782,0.001,2024-12-20T23:04:56.584+00:00,2026-10-06T20:21:17Z
2440500124,2100206745698733,???,245127,588,0.0,2024-12-20T23:06:03.655+00:00,2026-10-06T20:21:17Z
2440500124,970904917647070,???,407513,1467,0.001,2024-12-20T23:06:39.232+00:00,2026-10-06T20:21:17Z
2440500124,3046781795217624,???,446508,803,0.001,2024-12-20T23:06:58.002+00:00,2026-10-06T20:21:17Z
2440500124,2785202765244841,???,1074876,2599,0.002,2024-12-20T23:07:21.998+00:00,2026-10-06T20:21:17Z
2440500124,1852452263373089,???,167137,1412,0.001,2024-12-20T23:15:03.353+00:00,2026-10-06T20:21:17Z
2440500124,820874253830339,???,117237,1196,0.001,2024-12-20T23:15:22.212+00:00,2026-10-06T20:21:17Z
2440500124,3898604792955769,You Finally Turn Green,818313,2448,0.002,2024-12-20T23:15:44.39+00:00,2026-10-06T20:21:17Z
2440500124,96598251144845,???,1913285,3480,0.003,2024-12-20T23:16:28.061+00:00,2026-10-06T20:21:17Z
2440500124,504590930650992,???,3405479,6683,0.005,2024-12-20T23:16:47.657+00:00,2026-10-06T20:21:17Z
2440500124,3994503755162324,???,1371125,6100,0.005,2024-12-20T23:17:19.171+00:00,2026-10-06T20:21:17Z
2440500124,3997925777959907,???,17393034,54615,0.045,2024-12-20T23:17:39.632+00:00,2026-10-06T20:21:17Z
2440500124,1596799052460247,Touched Grass,3884096,7207,0.006,2025-06-13T22:32:19.077+00:00,2026-10-06T20:21:17Z
2440500124,545021187316849,A Bone To Pick,4690251,12282,0.01,2025-08-08T01:51:27.076+00:00,2026-10-06T20:21:17Z
2440500124,4383194222748587,D'oh!,739645,2532,0.002,2025-08-08T01:51:51.789+00:00,2026-10-06T20:21:17Z
2440500124,702005650312417,Down The Water Spout,1733322,5850,0.005,2025-08-08T02:23:54.069+00:00,2026-10-06T20:21:17Z
2440500124,2542480544292225,Detour,3062029,14839,0.012,2025-08-08T02:24:16.484+00:00,2026-10-06T20:21:17Z
2440500124,2639935491453645,Picking Flowers,830499,3986,0.003,2025-08-13T21:01:27.504+00:00,2026-10-06T20:21:17Z
2440500124,3037366308820165,Rebirth,643999,3381,0.003,2025-08-13T21:02:02.403+00:00,2026-10-06T20:21:17Z
2440500124,1381568812418413,Winner,692424,1474,0.001,2025-09-07T19:13:53.702+00:00,2026-10-06T20:21:17Z
2440500124,261059343299567,Pointers,481048,1427,0.001,2025-09-11T11:01:32.364+00:00,2026-10-06T20:21:17Z
2440500124,4188765071147357,Silent Night,381352,0,0.0,2025-12-19T09:51:21.592+00:00,2026-10-06T20:21:17Z
2440500124,2636238145372790,MACHINE LEARNING,1401619,5468,0.004,2026-01-02T05:46:42.389+00:00,2026-10-06T20:21:17Z
2440500124,2770087226375143,PARALLEL PROCESSING,924272,3436,0.003,2026-01-02T05:46:50.38+00:00,2026-10-06T20:21:17Z
2440500124,338904710825126,LOW LATENCY,827565,3769,0.003,2026-01-02T05:46:56.169+00:00,2026-10-06T20:21:17Z
2440500124,1063845873279495,CLEAN RUN,1109803,3550,0.003,2026-01-02T05:47:02.345+00:00,2026-10-06T20:21:17Z
2440500124,2867925373582154,UPTIME,478512,5850,0.005,2026-01-02T06:03:57.151+00:00,2026-10-06T20:21:17Z
2440500124,1605225638107350,Forgotten Memories,939618,10246,0.008,2026-08-28T00:18:33.866+00:00,2026-10-06T20:21:17Z
2440500124,419100379409312,Going Down,520845,12616,0.01,2026-08-28T00:18:51.087+00:00,2026-10-06T20:21:17Z
2440500124,4197825594002432,Emergency Exit,1871275,13498,0.011,2026-08-28T00:19:32.062+00:00,2026-10-06T20:21:17Z
2440500124,197352446440105,Z-50,736870,7686,0.006,2026-08-28T00:19:46.189+00:00,2026-10-06T20:21:17Z
2440500124,4422865120861029,Going Up,509273,38732,0.032,2026-08-28T00:20:03.22+00:00,2026-10-06T20:21:17Z
2440500124,2497010549297194,Most Valuable Employee,825443,9359,0.008,2026-08-28T00:20:22.847+00:00,2026-10-06T20:21:17Z
2440500124,2112578033808227,Star Employee,155249,2488,0.002,2026-08-28T00:20:39.05+00:00,2026-10-06T20:21:17Z
2440500124,531943390393359,Now Served,1782745,13805,0.011,2026-08-28T00:20:56.197+00:00,2026-10-06T20:21:17Z
2440500124,424937220656075,Perfect Memory,3212578,19278,0.016,2026-08-28T00:21:10.946+00:00,2026-10-06T20:21:17Z
2440500124,1788726061198232,Shock Hazard,4316534,28706,0.023,2026-08-28T00:21:28.681+00:00,2026-10-06T20:21:17Z
2440500124,4257243908647728,Witness Protection,882408,7851,0.006,2026-08-28T00:21:41.808+00:00,2026-10-06T20:21:17Z
2440500124,2710257537947291,Carpet Burn,4120515,22794,0.019,2026-08-28T00:21:57.646+00:00,2026-10-06T20:21:17Z
2440500124,1825827269518621,Limitless Paper,2354224,15802,0.013,2026-08-28T00:22:15.281+00:00,2026-10-06T20:21:17Z
2440500124,4303360565813809,Crowd Watching,7385948,52257,0.043,2026-08-28T00:22:31.182+00:00,2026-10-06T20:21:17Z
2440500124,2320470442709029,Firewall,3898794,26496,0.022,2026-08-28T00:22:50.376+00:00,2026-10-06T20:21:17Z
2440500124,1068615445673226,Gold Standard,2813102,19565,0.016,2026-08-28T00:23:04.097+00:00,2026-10-06T20:21:17Z
2440500124,736781288900578,Quick Purchase,5383264,33630,0.027,2026-08-28T00:23:20.405+00:00,2026-10-06T20:21:17Z
2440500124,3444580067085575,Unpatched Dupe Glitch,4232885,26014,0.021,2026-08-28T00:23:35.79+00:00,2026-10-06T20:21:17Z
2440500124,2234293480928638,Fih Are Friends,2870764,17888,0.015,2026-08-28T00:23:50.735+00:00,2026-10-06T20:21:17Z
2440500124,1382129123162095,Rage Room,551595,38262,0.031,2026-08-28T00:24:04.973+00:00,2026-10-06T20:21:17Z
2440500124,3810629024141890,Paparazzi,858061,25230,0.021,2026-08-28T00:24:25.067+00:00,2026-10-06T20:21:17Z
2440500124,3631975811926772,Bubble Popping,1318035,88567,0.072,2026-08-28T00:24:39.488+00:00,2026-10-06T20:21:17Z
2440500124,1888162062641412,Paperclip Challenge,477436,31447,0.026,2026-08-28T00:24:56.192+00:00,2026-10-06T20:21:17Z
2440500124,1616003504792374,Storage Wars,36862,4735,0.004,2026-08-28T00:25:11.218+00:00,2026-10-06T20:21:17Z
2440500124,1685221277396553,Fried Mushrooms,1395727,95619,0.078,2026-08-28T00:25:26.377+00:00,2026-10-06T20:21:17Z
2440500124,1183008252654332,Hello Walker,445722,37254,0.03,2026-08-28T00:25:43.085+00:00,2026-10-06T20:21:17Z
2440500124,4026679950625439,REDACTED,158267,2172,0.002,2026-08-28T00:26:02.793+00:00,2026-10-06T20:21:17Z
2440500124,501147464076214,Girl Dinner,244757,894,0.001,2026-08-28T00:26:18.56+00:00,2026-10-06T20:21:17Z
2440500124,1903857672180839,Enlightened,113544,1484,0.001,2026-08-28T00:26:30.509+00:00,2026-10-06T20:21:17Z
2440500124,2781303681587901,Pizza Time,733026,5844,0.005,2026-08-28T00:26:44.196+00:00,2026-10-06T20:21:17Z
2440500124,1532549276977461,It's Still You,1985183,14511,0.012,2026-08-28T00:27:09.91+00:00,2026-10-06T20:21:17Z
2440500124,1244961294717639,Annihilation,208827,3438,0.003,2026-08-28T00:27:20.844+00:00,2026-10-06T20:21:17Z
2440500124,3628997062689887,Bad Luck,179383,3046,0.002,2026-08-28T00:27:33.136+00:00,2026-10-06T20:21:17Z
2440500124,1578884729090131,Smashing Deal,1254982,10214,0.008,2026-08-28T00:27:47.527+00:00,2026-10-06T20:21:17Z
2440500124,1458783363273047,Who Am I?,452040,5216,0.004,2026-08-28T00:28:00.418+00:00,2026-10-06T20:21:17Z
2440500124,3012969357151434,Patience,1248138,12798,0.01,2026-09-03T00:46:39.193+00:00,2026-10-06T20:21:17Z
2440500124,2358674839516376,Mission Successful,1106272,10586,0.009,2026-09-03T00:46:50.804+00:00,2026-10-06T20:21:17Z
2440500124,345152883716556,Flash Point,78650,13268,0.011,2026-10-02T00:22:46.886+00:00,2026-10-06T20:21:17Z
2440500124,4415379316127710,Super-Size Me,192392,23304,0.019,2026-10-02T00:22:56.224+00:00,2026-10-06T20:21:17Z
2440500124,3474867782002614,Plug & Play,100375,51981,0.042,2026-10-02T00:23:05.442+00:00,2026-10-06T20:21:17Z
2440500124,3542501851954318,Emancipation Customization,192474,30451,0.025,2026-10-02T00:23:40.268+00:00,2026-10-06T20:21:17Z
2440500124,1688524157566786,Stair Master,205923,31268,0.025,2026-10-02T00:23:49.103+00:00,2026-10-06T20:21:17Z
2440500124,657088209891725,Conga Line,68920,20765,0.017,2026-10-02T00:23:57.866+00:00,2026-10-06T20:21:17Z
2440500124,918145866740608,Second Wind,200858,24535,0.02,2026-10-02T00:24:32.222+00:00,2026-10-06T20:21:17Z
2440500124,4137450828053422,Out Hot Eat The Food,0,0,0.0,2026-10-02T00:24:43.615+00:00,2026-10-06T20:21:17Z
2440500124,3069200883215187,Grindset,1400462,112156,0.091,2026-10-02T00:24:55.076+00:00,2026-10-06T20:21:17Z
2440500124,2188278828471393,Dust To Dust,48624,9298,0.008,2026-10-02T00:25:06.082+00:00,2026-10-06T20:21:17Z
2440500124,2639886537747907,Garage Sale,603616,55642,0.045,2026-10-02T00:25:15.751+00:00,2026-10-06T20:21:17Z
2440500124,1563321829226488,Clay World,310201,59144,0.048,2026-10-02T00:25:25.591+00:00,2026-10-06T20:21:17Z
2440500124,2966650115814843,Pro Gamer,0,0,0.0,2026-10-02T00:25:34.97+00:00,2026-10-06T20:21:17Z
2440500124,3706034782299809,Cracked Gamer,0,0,0.0,2026-10-02T00:25:44.624+00:00,2026-10-06T20:21:17Z
2440500124,4122436137612087,Charles Drowned,0,0,0.0,2026-10-02T00:25:58.342+00:00,2026-10-06T20:21:17Z
2440500124,2385498449030377,Friend Ball,35185,19134,0.016,2026-10-02T00:26:10.589+00:00,2026-10-06T20:21:17Z
10155360168,4402871957343601,First Goal,2245990,320099,0.305,2026-10-03T13:04:55.508+00:00,2026-10-06T20:21:17Z
10155360168,3553665920314666,10 Goals,1325416,149151,0.142,2026-10-03T13:05:04.682+00:00,2026-10-06T20:21:17Z
10155360168,113387064372721,100 Goals,242716,21321,0.02,2026-10-03T13:05:07.368+00:00,2026-10-06T20:21:17Z
10155360168,223127464207437,"1,000 Goals",412,48,0.0,2026-10-03T13:05:10.153+00:00,2026-10-06T20:21:17Z
10155360168,3120119607020243,First Assist,2133287,297776,0.284,2026-10-03T13:05:12.79+00:00,2026-10-06T20:21:17Z
10155360168,3561967913093715,10 Assists,1077335,115421,0.11,2026-10-03T13:05:15.684+00:00,2026-10-06T20:21:17Z
10155360168,3704206562776614,100 Assists,74126,6901,0.007,2026-10-03T13:05:18.633+00:00,2026-10-06T20:21:17Z
10155360168,780875508824826,"1,000 Assists",13,3,0.0,2026-10-03T13:05:21.797+00:00,2026-10-06T20:21:17Z
10155360168,947689314575405,First Save,2180477,305658,0.291,2026-10-03T13:05:25.192+00:00,2026-10-06T20:21:17Z
10155360168,2990557472069125,10 Saves,1248213,138873,0.132,2026-10-03T13:05:28.164+00:00,2026-10-06T20:21:17Z
10155360168,78422798618379,100 Saves,174109,15563,0.015,2026-10-03T13:05:31.183+00:00,2026-10-06T20:21:17Z
10155360168,1702465480179523,"1,000 Saves",147,17,0.0,2026-10-03T13:05:34.194+00:00,2026-10-06T20:21:17Z
10155360168,4242913104510661,First Tackle,2699197,427867,0.408,2026-10-03T13:05:37.2+00:00,2026-10-06T20:21:17Z
10155360168,4379740974134915,10 Tackles,2091101,284224,0.271,2026-10-03T13:05:40.18+00:00,2026-10-06T20:21:17Z
10155360168,2838754209193907,100 Tackles,1079873,114633,0.109,2026-10-03T13:05:43.147+00:00,2026-10-06T20:21:17Z
10155360168,4417906340291865,"1,000 Tackles",22688,2205,0.002,2026-10-03T13:05:46.29+00:00,2026-10-06T20:21:17Z
10155360168,2370437453742106,First Item Hit,2548920,390852,0.373,2026-10-03T13:05:49.194+00:00,2026-10-06T20:21:17Z
10155360168,4307757407364618,10 Item Hits,1882361,244871,0.233,2026-10-03T13:05:52.245+00:00,2026-10-06T20:21:17Z
10155360168,3399185017657349,100 Item Hits,872880,90756,0.087,2026-10-03T13:05:55.262+00:00,2026-10-06T20:21:17Z
10155360168,3652148574971401,"1,000 Item Hits",20359,1957,0.002,2026-10-03T13:05:58.45+00:00,2026-10-06T20:21:17Z
10155360168,2583915312545809,First MVP,942769,155769,0.149,2026-10-03T13:06:01.487+00:00,2026-10-06T20:21:17Z
10155360168,4441573471110036,10 MVPs,53527,23257,0.022,2026-10-03T13:06:04.582+00:00,2026-10-06T20:21:17Z
10155360168,4190760134551268,100 MVPs,7,6,0.0,2026-10-03T13:06:07.556+00:00,2026-10-06T20:21:17Z
10155360168,3564756648715284,"1,000 MVPs",0,0,0.0,2026-10-03T13:06:10.526+00:00,2026-10-06T20:21:17Z
10155360168,1042900134298124,Level 10,1603718,190169,0.181,2026-10-03T13:06:13.453+00:00,2026-10-06T20:21:17Z
10155360168,870901848979676,Level 50,378405,34475,0.033,2026-10-03T13:06:16.39+00:00,2026-10-06T20:21:17Z
10155360168,2510382695744255,Level 100,26932,2673,0.003,2026-10-03T13:06:19.355+00:00,2026-10-06T20:21:17Z
10155360168,3908547785777416,Level 250,14,1,0.0,2026-10-03T13:06:22.432+00:00,2026-10-06T20:21:17Z
10155360168,879204685576882,7 Day Streak,673182,65754,0.063,2026-10-03T13:06:25.354+00:00,2026-10-06T20:21:17Z
10155360168,1673631876207567,14 Day Streak,277318,27950,0.027,2026-10-03T13:06:28.218+00:00,2026-10-06T20:21:17Z
10155360168,1478725029383389,30 Day Streak,5,2,0.0,2026-10-03T13:06:31.235+00:00,2026-10-06T20:21:17Z
10155360168,1205840458510889,365 Day Streak,0,0,0.0,2026-10-03T13:06:34.146+00:00,2026-10-06T20:21:17Z
10155360168,1994498952720710,Lifeline,76127,19269,0.018,2026-10-03T13:06:37.391+00:00,2026-10-06T20:21:17Z
10155360168,298026926743295,Golden Goal,495019,104703,0.1,2026-10-03T13:06:40.358+00:00,2026-10-06T20:21:17Z
10155360168,860116141951035,Mercy Rule,123926,30532,0.029,2026-10-03T13:06:43.469+00:00,2026-10-06T20:21:17Z
10155360168,1578205000147912,Reverse Sweep,105131,27501,0.026,2026-10-03T13:06:46.372+00:00,2026-10-06T20:21:17Z
10155360168,1145038162180148,Off the Whistle,834194,149959,0.143,2026-10-03T13:06:49.363+00:00,2026-10-06T20:21:17Z
10155360168,477013407234631,Walk It In,274401,61870,0.059,2026-10-03T13:06:52.397+00:00,2026-10-06T20:21:17Z
10155360168,1057122511521290,Bicycle Kick,685704,100284,0.096,2026-10-03T13:06:55.344+00:00,2026-10-06T20:21:17Z
10155360168,3967335774668447,Flawless,200763,46469,0.044,2026-10-03T13:06:58.271+00:00,2026-10-06T20:21:17Z
10155360168,3515084347615948,Sweeper Keeper,22943,5995,0.006,2026-10-03T13:07:01.294+00:00,2026-10-06T20:21:17Z
10155360168,1030462639835765,Curveball,732815,133694,0.127,2026-10-03T13:07:04.382+00:00,2026-10-06T20:21:17Z
10155360168,1984697295821490,Rocket Save,66693,16600,0.016,2026-10-03T13:07:07.478+00:00,2026-10-06T20:21:17Z
10155360168,3997285101598166,Clutch Save,51144,12918,0.012,2026-10-03T13:07:10.505+00:00,2026-10-06T20:21:17Z
10155360168,3621820859033255,Sudden Death,255797,57151,0.054,2026-10-03T13:07:13.45+00:00,2026-10-06T20:21:17Z
10155360168,3743690354626646,Hijacked,380109,74583,0.071,2026-10-03T13:07:16.58+00:00,2026-10-06T20:21:17Z
10155360168,1692740151502517,Roadblock,724385,148681,0.142,2026-10-03T13:07:19.559+00:00,2026-10-06T20:21:17Z
10155360168,341247637293097,Do-It-All,19094,4954,0.005,2026-10-03T13:07:22.702+00:00,2026-10-06T20:21:17Z
10155360168,819305748037084,One-Trick,1603820,290832,0.277,2026-10-03T13:07:25.601+00:00,2026-10-06T20:21:17Z
10155360168,2024055078469774,Totally Illegal,143157,33262,0.032,2026-10-03T13:07:28.567+00:00,2026-10-06T20:21:17Z
10155360168,2243710876886627,Pulled It Off,13600,3552,0.003,2026-10-03T13:07:31.721+00:00,2026-10-06T20:21:17Z
10155360168,1583802624320458,Bank Shot,94135,23024,0.022,2026-10-03T13:07:34.768+00:00,2026-10-06T20:21:17Z
10155360168,489224238436275,Air Strike,52814,10866,0.01,2026-10-03T13:07:37.727+00:00,2026-10-06T20:21:17Z
10155360168,3402661771468775,Gunslinger,13499,3415,0.003,2026-10-03T13:07:40.611+00:00,2026-10-06T20:21:17Z
10155360168,3154388888882622,Deep Freeze,23420,6064,0.006,2026-10-03T13:07:43.471+00:00,2026-10-06T20:21:17Z
10155360168,2696414178901931,Blast Radius,37303,9575,0.009,2026-10-03T13:07:46.581+00:00,2026-10-06T20:21:17Z
10155360168,3606879265912307,Pile-Up,559433,104207,0.099,2026-10-03T13:07:49.479+00:00,2026-10-06T20:21:17Z
10155360168,1905184272204855,Frequent Flyer,66933,17455,0.017,2026-10-03T13:07:52.646+00:00,2026-10-06T20:21:17Z
10155360168,1631261726689312,Collector,82288,9423,0.009,2026-10-03T13:07:55.59+00:00,2026-10-06T20:21:17Z
10155360168,4217013886403820,Top 100,445,9,0.0,2026-10-03T13:07:58.699+00:00,2026-10-06T20:21:17Z
10155360168,2232343509928620,Bronze,244990,23540,0.022,2026-10-03T13:08:01.654+00:00,2026-10-06T20:21:17Z
10155360168,1099975910470436,Silver,241245,23464,0.022,2026-10-03T13:08:04.758+00:00,2026-10-06T20:21:17Z
10155360168,2990548318337093,Gold,189647,19306,0.018,2026-10-03T13:08:07.553+00:00,2026-10-06T20:21:17Z
10155360168,2649784310420627,All-Star,68087,7043,0.007,2026-10-03T13:08:10.638+00:00,2026-10-06T20:21:17Z
10155360168,4000628992622657,Legend,11704,1286,0.001,2026-10-03T13:08:13.7+00:00,2026-10-06T20:21:17Z
10155360168,3500249020277629,World Class,1338,165,0.0,2026-10-03T13:08:16.733+00:00,2026-10-06T20:21:17Z
10155360168,2532535153903082,Hall of Fame,99,12,0.0,2026-10-03T13:08:19.867+00:00,2026-10-06T20:21:17Z
10155360168,3660952963651307,Fair Play,138389,13358,0.013,2026-10-03T13:08:23.012+00:00,2026-10-06T20:21:17Z
10155360168,2310296328792464,Foul Play,139857,13414,0.013,2026-10-03T13:08:26.02+00:00,2026-10-06T20:21:17Z
6331902150,411480180016665,Eternally Forsaken,100195580,34743,0.041,2024-12-20T19:29:33.063+00:00,2026-10-06T20:21:17Z
10765288803,1522513800439524,Welcome,5035231,655403,0.471,2026-09-12T19:59:11.024+00:00,2026-10-06T20:21:17Z
3808081382,3057416426456972,Baby Steps,168137369,55748,0.04,2024-03-11T18:49:12.534+00:00,2026-10-06T20:21:17Z
3808081382,3114670201603542,Head First,90813816,27026,0.02,2024-03-11T18:51:55.999+00:00,2026-10-06T20:21:17Z
3808081382,3006399776257311,A Natural,31974927,8412,0.006,2024-03-11T18:57:52.205+00:00,2026-10-06T20:21:17Z
3808081382,268490457371003,Turning Point,9882306,2492,0.002,2024-03-11T19:06:42.256+00:00,2026-10-06T20:21:17Z
3808081382,341084106898320,Seasoned Killer,1069293,395,0.0,2024-03-11T19:08:40.651+00:00,2026-10-06T20:21:17Z
3808081382,2724124286915993,Skull Seeker,777,0,0.0,2024-03-11T19:11:12.734+00:00,2026-10-06T20:21:17Z
3808081382,1257999597959356,The Strongest,0,0,0.0,2024-03-11T19:11:29.302+00:00,2026-10-06T20:21:17Z
3808081382,319321796394348,Unstoppable,0,0,0.0,2026-05-19T11:02:25.209+00:00,2026-10-06T20:21:17Z
3808081382,4305855160591585,Ban Hamma,0,0,0.0,2026-05-19T11:04:46.85+00:00,2026-10-06T20:21:17Z
3808081382,720271115543121,Meet The Owner,3897,0,0.0,2024-03-28T17:05:23.182+00:00,2026-10-06T20:21:17Z
3808081382,3715633964463952,Owner Approved,3,0,0.0,2024-06-22T03:46:57.151+00:00,2026-10-06T20:21:17Z
3808081382,510425049285198,Stargazer,17287080,4319,0.003,2024-11-27T03:38:13.082+00:00,2026-10-06T20:21:17Z
3808081382,1263657648675015,Critical Hit,8370279,6264,0.005,2025-01-06T23:16:28.225+00:00,2026-10-06T20:21:17Z
3808081382,3767755962550706,Cha-Ching!,0,0,0.0,2026-03-09T22:23:51.361+00:00,2026-10-06T20:21:17Z
3808081382,2573431843999459,Taking Out The Trash,8245745,25261,0.018,2026-03-10T06:48:11.543+00:00,2026-10-06T20:21:17Z
3808081382,2770144600386951,Sharpshooter,4503880,47,0.0,2024-12-17T09:22:48.296+00:00,2026-10-06T20:21:17Z
3808081382,3272807355221424,Fracture of Tundra,30635231,1948,0.001,2024-12-21T11:52:35.715+00:00,2026-10-06T20:21:17Z
3808081382,308270158133254,Da Crab,15758158,56,0.0,2024-08-11T14:46:17.552+00:00,2026-10-06T20:21:17Z
3808081382,1999369003893837,Era Clash,3765778,0,0.0,2024-03-07T01:02:22.211+00:00,2026-10-06T20:21:17Z
6931042565,1971928256657367,VOLLEYBALL LEGENDS BEGINNER,162006832,211930,0.194,2025-01-01T23:27:18.187+00:00,2026-10-06T20:21:17Z
5361032378,1441130719000460,I just started Sol's RNG,33430871,5251,0.012,2024-03-17T12:26:06.51+00:00,2026-10-06T20:21:17Z
5361032378,3622512718465802,A little bit of rolls,16425652,2462,0.006,2024-03-17T12:30:33.417+00:00,2026-10-06T20:21:17Z
5361032378,1107034638377762,I'm addicted to Sol's RNG,8569500,1353,0.003,2024-03-17T12:33:43.73+00:00,2026-10-06T20:21:17Z
5361032378,744944723444729,I give my life...,254960,184,0.0,2024-06-17T14:47:46.805+00:00,2026-10-06T20:21:17Z
5361032378,846169662502095,Would You Leave? / Nah I'd Roll,4197574,652,0.001,2024-03-17T12:38:14.467+00:00,2026-10-06T20:21:17Z
5361032378,1872289370492358,"Roll, Eat, Sleep, Repeat",799063,230,0.001,2024-03-17T12:39:38.923+00:00,2026-10-06T20:21:17Z
5361032378,202360729284337,There's no way to stop it!,2031914,408,0.001,2024-06-17T14:47:39.042+00:00,2026-10-06T20:21:17Z
5361032378,137829805535621,"[10,000,000]",136156,147,0.0,2024-06-17T14:47:53.514+00:00,2026-10-06T20:21:17Z
5361032378,485557368787476,"[15,000,000]",89075,119,0.0,2024-10-24T12:58:25.65+00:00,2026-10-06T20:21:17Z
5361032378,1801598389006571,"[20,000,000]",63549,102,0.0,2024-10-24T12:59:44.592+00:00,2026-10-06T20:21:17Z
5361032378,2295935762202367,"[30,000,000]",35839,62,0.0,2024-10-24T13:02:01.15+00:00,2026-10-06T20:21:17Z
5361032378,2994269484017383,"[50,000,000]",14612,47,0.0,2024-10-24T13:02:42.071+00:00,2026-10-06T20:21:17Z
5361032378,1121298629065726,My first 10M+ finding,2382605,638,0.001,2024-06-17T14:49:03.709+00:00,2026-10-06T20:21:17Z
5361032378,3516455555443766,My first 100M+ finding,1448727,421,0.001,2024-06-17T14:49:12.739+00:00,2026-10-06T20:21:17Z
5361032378,1224551724339726,My first 1B+ finding,230833,184,0.0,2024-06-17T14:49:24.371+00:00,2026-10-06T20:21:17Z
5361032378,2457971054390553,-Flaws in the World-,21213,49,0.0,2024-06-17T14:49:32.171+00:00,2026-10-06T20:21:17Z
5361032378,3236492292509665,-One who stands before God-,5929,24,0.0,2024-06-17T14:49:39.937+00:00,2026-10-06T20:21:17Z
5361032378,1503563480176545,-The Unknown-,11108,11,0.0,2024-06-17T14:49:48.403+00:00,2026-10-06T20:21:17Z
5361032378,1092603390197325,Take a break,13534975,2021,0.005,2024-03-17T12:48:25.132+00:00,2026-10-06T20:21:17Z
5361032378,2731678596419900,I can't stop playing this,10307273,1485,0.003,2024-03-17T12:50:19.992+00:00,2026-10-06T20:21:17Z
5361032378,4356557421515611,Waste of time,1534234,299,0.001,2024-03-17T12:55:29.583+00:00,2026-10-06T20:21:17Z
5361032378,3336758570255487,Touch the grass,275621,174,0.0,2024-03-17T12:57:00.395+00:00,2026-10-06T20:21:17Z
5361032378,4072147147623458,Eternal time...,121894,105,0.0,2024-06-17T14:48:01.585+00:00,2026-10-06T20:21:17Z
5361032378,1605629548712504,My eternal journey,27213,45,0.0,2024-10-24T12:43:45.78+00:00,2026-10-06T20:21:17Z
5361032378,2460941940564506,The Lost,4486,8,0.0,2024-10-24T12:44:29.123+00:00,2026-10-06T20:21:17Z
5361032378,2925176588215112,Breakthrough,14586575,4173,0.01,2024-03-17T12:58:26.598+00:00,2026-10-06T20:21:17Z
5361032378,1356271377596280,Break the limit,8696856,2957,0.007,2024-03-17T13:00:27.461+00:00,2026-10-06T20:21:17Z
5361032378,1858966971108205,Break the Space,3834978,1390,0.003,2024-06-17T14:48:22.617+00:00,2026-10-06T20:21:17Z
5361032378,1849903315759188,Break the Galaxy,2351713,757,0.002,2024-06-17T14:48:36.549+00:00,2026-10-06T20:21:17Z
5361032378,3593181263483436,Break the Reality,1359340,487,0.001,2024-06-17T14:48:46.148+00:00,2026-10-06T20:21:17Z
5361032378,4224933102884595,Biome itself,158465,233,0.001,2024-10-24T12:43:09.356+00:00,2026-10-06T20:21:17Z
5361032378,257464335458276,Finished work for today,5235251,901,0.002,2024-03-31T09:30:23.29+00:00,2026-10-06T20:21:17Z
5361032378,1918952643310114,Good job this week too,1988776,321,0.001,2024-03-31T09:34:51.144+00:00,2026-10-06T20:21:17Z
5361032378,3145321935208607,A sincere person,1443156,255,0.001,2024-03-31T09:35:38.498+00:00,2026-10-06T20:21:17Z
5361032378,1496986902550849,When is payday???,941329,265,0.001,2024-03-31T09:35:55.859+00:00,2026-10-06T20:21:17Z
5361032378,3718807305779124,Perfect Attendance Award,323548,141,0.0,2024-06-17T14:48:55.186+00:00,2026-10-06T20:21:17Z
5361032378,399984649890845,#DAY100,65112,76,0.0,2024-10-24T12:40:49.604+00:00,2026-10-06T20:21:17Z
5361032378,1105302727042025,Mission complete!,3401036,1638,0.004,2025-06-14T01:52:43.184+00:00,2026-10-06T20:21:17Z
5361032378,4319723733895149,Excellent service,860280,445,0.001,2025-06-14T01:52:53.381+00:00,2026-10-06T20:21:17Z
5361032378,2192515070354146,Professional helper,146070,137,0.0,2025-06-14T01:53:04.778+00:00,2026-10-06T20:21:17Z
5361032378,3021901927162320,Quest master,6358,11,0.0,2025-06-14T01:53:14.317+00:00,2026-10-06T20:21:17Z
5361032378,723035340044103,Quest slayer,1362,4,0.0,2025-06-14T01:53:25.066+00:00,2026-10-06T20:21:17Z
5361032378,2620948537626731,Secret Trade,636952,239,0.001,2024-10-24T12:42:31.835+00:00,2026-10-06T20:21:17Z
5361032378,734804938884338,???,2014680,634,0.001,2024-10-24T12:48:37.606+00:00,2026-10-06T20:21:17Z
5361032378,1324193838431233,???,232631,164,0.0,2024-10-24T12:50:45.396+00:00,2026-10-06T20:21:17Z
5361032378,4096899752944070,Famous!,616376,86,0.0,2024-10-24T12:46:15.119+00:00,2026-10-06T20:21:17Z
5361032378,1956542596523913,???,82957,14,0.0,2024-10-24T12:49:45.822+00:00,2026-10-06T20:21:17Z
5361032378,807013057656632,???,736926,61,0.0,2024-10-24T13:11:23.707+00:00,2026-10-06T20:21:17Z
5361032378,3625566987462442,A memory to be forgotten,192313,177,0.0,2025-02-08T15:32:26.128+00:00,2026-10-06T20:21:17Z
5361032378,3137343012568311,???,601761,111,0.0,2024-03-17T13:02:40.889+00:00,2026-10-06T20:21:17Z
5361032378,179330822551495,The Limbo,257656,129,0.0,2025-06-14T01:54:47.646+00:00,2026-10-06T20:21:17Z
5361032378,1352157690781028,???,74448,118,0.0,2025-06-14T01:54:30.469+00:00,2026-10-06T20:21:17Z
5361032378,3618488813178695,???,4702,11,0.0,2025-06-14T01:55:01.119+00:00,2026-10-06T20:21:17Z
5361032378,476770132708833,Achievement Slayer,4583102,1143,0.003,2024-06-17T14:49:56.488+00:00,2026-10-06T20:21:17Z
5361032378,1201821091232234,Achievement Master,1808656,451,0.001,2024-06-17T14:50:04.647+00:00,2026-10-06T20:21:17Z
5361032378,348376112222987,Achievement Champion,685835,260,0.001,2024-06-17T14:50:13.841+00:00,2026-10-06T20:21:17Z
5361032378,2091741945674306,Grandmaster,200120,163,0.0,2024-10-24T12:47:57.784+00:00,2026-10-06T20:21:17Z
5361032378,1253153057071204,In-dev,594314,34,0.0,2024-03-17T13:04:29.71+00:00,2026-10-06T20:21:17Z
5361032378,2270659814141729,Star Egg,1019879,0,0.0,2024-04-05T14:59:26.601+00:00,2026-10-06T20:21:17Z
5361032378,559749433012559,Lock Egg,145211,0,0.0,2024-04-05T14:59:37.013+00:00,2026-10-06T20:21:17Z
5361032378,4100206722227429,???,86083,0,0.0,2025-04-19T11:11:38.896+00:00,2026-10-06T20:21:17Z
5361032378,2201290015607347,Spotted the Sol,26043,0,0.0,2024-03-17T13:02:00.115+00:00,2026-10-06T20:21:17Z
5361032378,1896511924362574,The Stigma,2657,0,0.0,2024-06-27T12:52:11.642+00:00,2026-10-06T20:21:17Z
5361032378,4370606648952666,The Zero,506,0,0.0,2025-02-10T13:03:46.549+00:00,2026-10-06T20:21:17Z
5361032378,978766174460625,Pre-Sand Worm Slayer,53239,0,0.0,2025-07-18T15:57:59.247+00:00,2026-10-06T20:21:17Z
5361032378,645141997675497,Crawler Slayer,1169568,139,0.0,2025-08-23T07:20:04.918+00:00,2026-10-06T20:21:17Z
5361032378,26095976848236,[ Dimensional ],382,0,0.0,2025-09-08T23:29:08.99+00:00,2026-10-06T20:21:17Z
5361032378,1596948828019207,The day is going by fast,2858374,1214,0.003,2025-11-14T10:03:54.894+00:00,2026-10-06T20:21:17Z
5361032378,2658340638836763,Day after day after...,169868,133,0.0,2025-11-14T10:04:11.227+00:00,2026-10-06T20:21:17Z
5361032378,4074591687162926,Making a history,66989,67,0.0,2025-11-14T10:04:22.846+00:00,2026-10-06T20:21:17Z
5361032378,1391339151028900,"[100,000,000]",2197,20,0.0,2025-11-14T10:04:39.243+00:00,2026-10-06T20:21:17Z
5361032378,2658271841654255,Challenged!,142406,115,0.0,2025-11-24T07:31:33.428+00:00,2026-10-06T20:21:17Z
5361032378,1806901907647792,The True Challenged!,25487,59,0.0,2025-11-24T07:31:42.783+00:00,2026-10-06T20:21:17Z
5361032378,2339882620790005,???,2588,7,0.0,2025-11-24T07:32:03.231+00:00,2026-10-06T20:21:17Z
5361032378,3449769737604993,???,13054,4,0.0,2025-11-24T07:32:42.78+00:00,2026-10-06T20:21:17Z
5361032378,3046695573992825,???,90,1,0.0,2025-11-24T07:32:53.983+00:00,2026-10-06T20:21:17Z
5361032378,179659919265778,Back to Back,89649,60,0.0,2025-11-25T07:46:50.099+00:00,2026-10-06T20:21:17Z
5361032378,3201769741896893,Supreme!,80584,98,0.0,2025-11-25T07:47:05.282+00:00,2026-10-06T20:21:17Z
5361032378,1190326138733225,Champion!,24214,55,0.0,2025-11-25T07:47:18.702+00:00,2026-10-06T20:21:17Z
5361032378,2070098964796909,Godlike!,3992,10,0.0,2025-11-25T07:47:31.313+00:00,2026-10-06T20:21:17Z
5361032378,2306202693852264,Access Granted,26666,48,0.0,2025-11-25T07:47:42.979+00:00,2026-10-06T20:21:17Z
5361032378,3942101107373675,Found Monarch,2342,6,0.0,2026-05-06T12:22:36.882+00:00,2026-10-06T20:21:17Z
5361032378,360459691981664,Found Astraios,2257,9,0.0,2026-05-06T12:23:06.629+00:00,2026-10-06T20:21:17Z
5361032378,937251079204006,S i n g u l a r i t y,45027,99,0.0,2026-05-06T12:23:25.053+00:00,2026-10-06T20:21:17Z
5361032378,3746933023680683,My first 7.5B+ finding,9221,71,0.0,2026-05-09T05:31:40.891+00:00,2026-10-06T20:21:17Z
5361032378,3496757730532294,The Amalgamation,22728,41,0.0,2026-05-28T15:04:18.061+00:00,2026-10-06T20:21:17Z
4839802560,2530119448030987,The Hunt: First Edition,2337685,1,0.0,2024-03-07T15:05:18.582+00:00,2026-10-06T20:21:17Z
4839802560,1402675313327525,NBA Finals: Champions Event,997531,0,0.0,2026-05-29T04:09:17.466+00:00,2026-10-06T20:21:17Z
601130232,1749468648,1 Million Honey,19360453,2015,0.005,2018-05-11T02:55:10.867+00:00,2026-10-06T20:21:17Z
601130232,1749519033,10 Million Honey,11228008,1444,0.004,2018-05-11T03:08:15.79+00:00,2026-10-06T20:21:17Z
601130232,1749523673,100 Million Honey,5719800,976,0.002,2018-05-11T03:09:32.513+00:00,2026-10-06T20:21:17Z
601130232,1749534539,1 Billion Honey,3143098,703,0.002,2018-05-11T03:12:20.63+00:00,2026-10-06T20:21:17Z
601130232,1749564142,100 Battle Points,24276782,2239,0.006,2018-05-11T03:20:04.13+00:00,2026-10-06T20:21:17Z
601130232,1749566481,1 Thousand Battle Points,11259683,1394,0.004,2018-05-11T03:20:42.123+00:00,2026-10-06T20:21:17Z
601130232,1749568562,10 Thousand Battle Points,3227182,635,0.002,2018-05-11T03:21:15.977+00:00,2026-10-06T20:21:17Z
601130232,1749570424,50 Thousand Battle Points,1070005,350,0.001,2018-05-11T03:21:46.093+00:00,2026-10-06T20:21:17Z
601130232,1749604083,Sunflower Cadet,10729143,1276,0.003,2018-05-11T03:30:42.663+00:00,2026-10-06T20:21:17Z
601130232,1749606287,Sunflower Hotshot,5019428,809,0.002,2018-05-11T03:31:16.263+00:00,2026-10-06T20:21:17Z
601130232,1749608577,Sunflower Ace,2629195,533,0.001,2018-05-11T03:31:51.413+00:00,2026-10-06T20:21:17Z
601130232,1749610498,Sunflower Master,1415776,347,0.001,2018-05-11T03:32:20.973+00:00,2026-10-06T20:21:17Z
601130232,1749628495,Dandelion Cadet,13245335,1314,0.003,2018-05-11T03:36:39.16+00:00,2026-10-06T20:21:17Z
601130232,1749630489,Dandelion Hotshot,5370638,861,0.002,2018-05-11T03:37:06.663+00:00,2026-10-06T20:21:17Z
601130232,1749631489,Dandelion Ace,2796957,544,0.001,2018-05-11T03:37:20.747+00:00,2026-10-06T20:21:17Z
601130232,1749632737,Dandelion Master,1309917,380,0.001,2018-05-11T03:37:38.093+00:00,2026-10-06T20:21:17Z
601130232,1749673718,Mushroom Cadet,11461175,1421,0.004,2018-05-11T03:47:03.33+00:00,2026-10-06T20:21:17Z
601130232,1749675237,Mushroom Hotshot,5026359,904,0.002,2018-05-11T03:47:24.573+00:00,2026-10-06T20:21:17Z
601130232,1749676247,Mushroom Ace,2798416,608,0.002,2018-05-11T03:47:38+00:00,2026-10-06T20:21:17Z
601130232,1749677419,Mushroom Master,1527998,368,0.001,2018-05-11T03:47:52.987+00:00,2026-10-06T20:21:17Z
601130232,1749679114,Blue Flower Cadet,11426842,1448,0.004,2018-05-11T03:48:16.327+00:00,2026-10-06T20:21:17Z
601130232,1749680097,Blue Flower Hotshot,5131987,871,0.002,2018-05-11T03:48:30.927+00:00,2026-10-06T20:21:17Z
601130232,1749680902,Blue Flower Ace,2807245,601,0.002,2018-05-11T03:48:43.397+00:00,2026-10-06T20:21:17Z
601130232,1749681692,Blue Flower Master,1561547,435,0.001,2018-05-11T03:48:54.997+00:00,2026-10-06T20:21:17Z
601130232,1749684261,Clover Cadet,11620498,1452,0.004,2018-05-11T03:49:29.647+00:00,2026-10-06T20:21:17Z
601130232,1749685928,Clover Hotshot,5697763,951,0.002,2018-05-11T03:49:51.753+00:00,2026-10-06T20:21:17Z
601130232,1749686750,Clover Ace,3045604,619,0.002,2018-05-11T03:50:02.007+00:00,2026-10-06T20:21:17Z
601130232,1749688211,Clover Master,1522994,381,0.001,2018-05-11T03:50:20.337+00:00,2026-10-06T20:21:17Z
601130232,1749770193,Spider Cadet,13430744,1570,0.004,2018-05-11T04:09:21.147+00:00,2026-10-06T20:21:17Z
601130232,1749771674,Spider Hotshot,6421490,948,0.002,2018-05-11T04:09:41.707+00:00,2026-10-06T20:21:17Z
601130232,1749772538,Spider Ace,3249284,594,0.002,2018-05-11T04:09:54.897+00:00,2026-10-06T20:21:17Z
601130232,1749773617,Spider Master,1721422,423,0.001,2018-05-11T04:10:10.447+00:00,2026-10-06T20:21:17Z
601130232,1749775523,Strawberry Cadet,12188284,1569,0.004,2018-05-11T04:10:37.2+00:00,2026-10-06T20:21:17Z
601130232,1749776451,Strawberry Hotshot,6074474,958,0.002,2018-05-11T04:10:50.96+00:00,2026-10-06T20:21:17Z
601130232,1749777194,Strawberry Ace,3270256,624,0.002,2018-05-11T04:11:01.94+00:00,2026-10-06T20:21:17Z
601130232,1749779193,Strawberry Master,1721509,423,0.001,2018-05-11T04:11:30.22+00:00,2026-10-06T20:21:17Z
601130232,1749780645,Bamboo Cadet,13477994,1615,0.004,2018-05-11T04:11:48.777+00:00,2026-10-06T20:21:17Z
601130232,1749781861,Bamboo Hotshot,6392906,1015,0.003,2018-05-11T04:12:04.333+00:00,2026-10-06T20:21:17Z
601130232,1749782542,Bamboo Ace,3329238,639,0.002,2018-05-11T04:12:13.923+00:00,2026-10-06T20:21:17Z
601130232,1749783500,Bamboo Master,1743700,475,0.001,2018-05-11T04:12:27.757+00:00,2026-10-06T20:21:17Z
601130232,1749784769,Pineapple Cadet,13490864,1660,0.004,2018-05-11T04:12:46.097+00:00,2026-10-06T20:21:17Z
601130232,1749786138,Pineapple Hotshot,6735274,976,0.002,2018-05-11T04:13:04.197+00:00,2026-10-06T20:21:17Z
601130232,1749787209,Pineapple Ace,3296090,610,0.002,2018-05-11T04:13:18.51+00:00,2026-10-06T20:21:17Z
601130232,1749788323,Pineapple Master,1812621,405,0.001,2018-05-11T04:13:34.46+00:00,2026-10-06T20:21:17Z
601130232,1749833884,Pumpkin Cadet,11435677,1428,0.004,2018-05-11T04:24:17.377+00:00,2026-10-06T20:21:17Z
601130232,1749835166,Pumpkin Hotshot,6188372,954,0.002,2018-05-11T04:24:34.8+00:00,2026-10-06T20:21:17Z
601130232,1749835972,Pumpkin Ace,3512615,668,0.002,2018-05-11T04:24:46.273+00:00,2026-10-06T20:21:17Z
601130232,1749836699,Pumpkin Master,1803468,427,0.001,2018-05-11T04:24:56.51+00:00,2026-10-06T20:21:17Z
601130232,1749838495,Cactus Cadet,11524417,1459,0.004,2018-05-11T04:25:24.57+00:00,2026-10-06T20:21:17Z
601130232,1749839078,Cactus Hotshot,6393830,994,0.003,2018-05-11T04:25:32.483+00:00,2026-10-06T20:21:17Z
601130232,1749840246,Cactus Ace,3448635,681,0.002,2018-05-11T04:25:49.507+00:00,2026-10-06T20:21:17Z
601130232,1749841052,Cactus Master,1804630,402,0.001,2018-05-11T04:26:01.917+00:00,2026-10-06T20:21:17Z
601130232,1749842402,Rose Cadet,11435974,1484,0.004,2018-05-11T04:26:22.06+00:00,2026-10-06T20:21:17Z
601130232,1749843985,Rose Hotshot,6949044,1131,0.003,2018-05-11T04:26:42.627+00:00,2026-10-06T20:21:17Z
601130232,1749844635,Rose Ace,3677557,716,0.002,2018-05-11T04:26:52.82+00:00,2026-10-06T20:21:17Z
601130232,1749845555,Rose Master,2035599,447,0.001,2018-05-11T04:27:05.96+00:00,2026-10-06T20:21:17Z
601130232,1749846876,Pine Tree Cadet,11293921,1528,0.004,2018-05-11T04:27:24.64+00:00,2026-10-06T20:21:17Z
601130232,1749847825,Pine Tree Hotshot,6643861,1153,0.003,2018-05-11T04:27:38.543+00:00,2026-10-06T20:21:17Z
601130232,1749848603,Pine Tree Ace,3892284,880,0.002,2018-05-11T04:27:49.747+00:00,2026-10-06T20:21:17Z
601130232,1749849756,Pine Tree Master,2320129,645,0.002,2018-05-11T04:28:05.937+00:00,2026-10-06T20:21:17Z
601130232,1873772794,Quest Cadet,25501692,2391,0.006,2018-06-02T04:59:03.723+00:00,2026-10-06T20:21:17Z
601130232,1873774367,Quest Hotshot,10411071,1432,0.004,2018-06-02T04:59:57.333+00:00,2026-10-06T20:21:17Z
601130232,1873775257,Quest Ace,1933975,408,0.001,2018-06-02T05:00:26.727+00:00,2026-10-06T20:21:17Z
601130232,1873779975,Quest Master,265844,81,0.0,2018-06-02T05:03:07.38+00:00,2026-10-06T20:21:17Z
601130232,1874442964,2500 Ability Tokens,12541099,1526,0.004,2018-06-02T09:14:42.063+00:00,2026-10-06T20:21:17Z
601130232,1874445609,25 Thousand Ability Tokens,5204642,968,0.002,2018-06-02T09:15:37.95+00:00,2026-10-06T20:21:17Z
601130232,1874446720,100 Thousand Ability Tokens,2730218,671,0.002,2018-06-02T09:16:02.157+00:00,2026-10-06T20:21:17Z
601130232,1874447816,1 Million Ability Tokens,796472,343,0.001,2018-06-02T09:16:23.607+00:00,2026-10-06T20:21:17Z
601130232,1874484250,500 Thousand Goo,6094299,1012,0.003,2018-06-02T09:29:19.457+00:00,2026-10-06T20:21:17Z
601130232,1874485358,5 Million Goo,3780352,758,0.002,2018-06-02T09:29:43.637+00:00,2026-10-06T20:21:17Z
601130232,1874486035,50 Million Goo,2455374,560,0.001,2018-06-02T09:29:56.897+00:00,2026-10-06T20:21:17Z
601130232,1874487127,500 Million Goo,1502998,420,0.001,2018-06-02T09:30:19.41+00:00,2026-10-06T20:21:17Z
601130232,2124426329,20 Billion Honey,1450306,387,0.001,2018-09-08T19:07:50.53+00:00,2026-10-06T20:21:17Z
601130232,2124426330,1 Million Battle Points,25457,8,0.0,2018-09-08T19:09:21.903+00:00,2026-10-06T20:21:17Z
601130232,2124426331,10 Million Ability Tokens,201738,109,0.0,2018-09-08T19:10:36.22+00:00,2026-10-06T20:21:17Z
601130232,2124426332,10 Billion Goo,874984,255,0.001,2018-09-08T19:11:20.777+00:00,2026-10-06T20:21:17Z
601130232,2124426333,Sunflower Grandmaster,701757,215,0.001,2018-09-08T19:12:23.863+00:00,2026-10-06T20:21:17Z
601130232,2124426334,Dandelion Grandmaster,611632,215,0.001,2018-09-08T19:12:36.113+00:00,2026-10-06T20:21:17Z
601130232,2124426335,Mushroom Grandmaster,633607,183,0.0,2018-09-08T19:12:49.93+00:00,2026-10-06T20:21:17Z
601130232,2124426336,Blue Flower Grandmaster,756995,238,0.001,2018-09-08T19:13:06.213+00:00,2026-10-06T20:21:17Z
601130232,2124426337,Clover Grandmaster,694223,240,0.001,2018-09-08T19:13:28.14+00:00,2026-10-06T20:21:17Z
601130232,2124426338,Spider Grandmaster,743142,224,0.001,2018-09-08T19:13:44.203+00:00,2026-10-06T20:21:17Z
601130232,2124426339,Strawberry Grandmaster,805446,223,0.001,2018-09-08T19:13:57.677+00:00,2026-10-06T20:21:17Z
601130232,2124426340,Bamboo Grandmaster,833596,264,0.001,2018-09-08T19:14:08.863+00:00,2026-10-06T20:21:17Z
601130232,2124426341,Pineapple Grandmaster,778396,215,0.001,2018-09-08T19:14:30.26+00:00,2026-10-06T20:21:17Z
601130232,2124426342,Pumpkin Grandmaster,826333,249,0.001,2018-09-08T19:14:44.557+00:00,2026-10-06T20:21:17Z
601130232,2124426343,Cactus Grandmaster,803490,230,0.001,2018-09-08T19:14:57.747+00:00,2026-10-06T20:21:17Z
601130232,2124426344,Rose Grandmaster,823110,205,0.001,2018-09-08T19:15:07.75+00:00,2026-10-06T20:21:17Z
601130232,2124426345,Pine Tree Grandmaster,1192200,453,0.001,2018-09-08T19:16:57.773+00:00,2026-10-06T20:21:17Z
601130232,2124442929,Stump Cadet,7587068,989,0.003,2018-11-20T09:22:21.04+00:00,2026-10-06T20:21:17Z
601130232,2124442930,Stump Hotshot,4186375,756,0.002,2018-11-20T09:22:51.62+00:00,2026-10-06T20:21:17Z
601130232,2124442931,Stump Ace,2094273,432,0.001,2018-11-20T09:23:22.497+00:00,2026-10-06T20:21:17Z
601130232,2124442932,Stump Master,1389113,346,0.001,2018-11-20T09:23:38.833+00:00,2026-10-06T20:21:17Z
601130232,2124442933,Stump Grandmaster,722916,226,0.001,2018-11-20T09:24:04.413+00:00,2026-10-06T20:21:17Z
601130232,2124443228,Playtime Cadet,15152372,1650,0.004,2018-11-24T02:42:29.46+00:00,2026-10-06T20:21:17Z
601130232,2124443229,Playtime Hotshot,7878028,1092,0.003,2018-11-24T02:42:50.75+00:00,2026-10-06T20:21:17Z
601130232,2124443230,Playtime Ace,1955818,476,0.001,2018-11-24T02:43:10.48+00:00,2026-10-06T20:21:17Z
601130232,2124443231,Playtime Master,609299,230,0.001,2018-11-24T02:43:31.56+00:00,2026-10-06T20:21:17Z
601130232,2124443232,Playtime Grandmaster,110825,49,0.0,2018-11-24T02:43:46.773+00:00,2026-10-06T20:21:17Z
601130232,2124445684,Beesmas Beeliever,814101,0,0.0,2018-12-19T01:08:16.883+00:00,2026-10-06T20:21:17Z
601130232,2124445842,Beesmas Overachiever,308165,0,0.0,2018-12-20T04:20:24.233+00:00,2026-10-06T20:21:17Z
601130232,2124458125,Egg Hunt 2019,1650589,0,0.0,2019-03-08T16:35:04.313+00:00,2026-10-06T20:21:17Z
601130232,2124464509,Quest Grandmaster,7731,4,0.0,2019-04-15T14:58:48.627+00:00,2026-10-06T20:21:17Z
601130232,2124483313,Coconut Cadet,1514859,371,0.001,2019-08-28T04:57:03.897+00:00,2026-10-06T20:21:17Z
601130232,2124483314,Coconut Hotshot,1228310,322,0.001,2019-08-28T04:57:21.87+00:00,2026-10-06T20:21:17Z
601130232,2124483315,Coconut Ace,812106,189,0.0,2019-08-28T04:57:39.457+00:00,2026-10-06T20:21:17Z
601130232,2124483316,Coconut Master,331026,88,0.0,2019-08-28T04:57:58.743+00:00,2026-10-06T20:21:17Z
601130232,2124483317,Coconut Grandmaster,63676,27,0.0,2019-08-28T04:58:22.277+00:00,2026-10-06T20:21:17Z
601130232,2124483366,Pepper Cadet,2289618,496,0.001,2019-08-28T20:52:24.173+00:00,2026-10-06T20:21:17Z
601130232,2124483367,Pepper Hotshot,1645710,407,0.001,2019-08-28T20:52:41.897+00:00,2026-10-06T20:21:17Z
601130232,2124483368,Pepper Ace,875469,200,0.001,2019-08-28T20:53:00.277+00:00,2026-10-06T20:21:17Z
601130232,2124483369,Pepper Master,391053,109,0.0,2019-08-28T20:53:09.683+00:00,2026-10-06T20:21:17Z
601130232,2124483370,Pepper Grandmaster,176553,51,0.0,2019-08-28T20:53:21.81+00:00,2026-10-06T20:21:17Z
601130232,2124520746,Swarming Egg Of The Hive,1854702,0,0.0,2020-03-31T18:54:05.363+00:00,2026-10-06T20:21:17Z
601130232,2124634293,You Played Bee Swarm Simulator!,2925957,0,0.0,2020-11-09T17:23:52.043+00:00,2026-10-06T20:21:17Z
601130232,3881408927508189,Mountain Top Cadet,2835299,605,0.002,2024-01-10T08:36:12.967+00:00,2026-10-06T20:21:17Z
601130232,2344504269751070,Mountain Top Hotshot,733549,150,0.0,2024-01-10T08:37:02.007+00:00,2026-10-06T20:21:17Z
601130232,4337039513419056,Mountain Top Ace,77358,26,0.0,2024-01-10T08:37:24.746+00:00,2026-10-06T20:21:17Z
601130232,740312413856621,Mountain Top Master,3251,0,0.0,2024-01-10T08:37:50.564+00:00,2026-10-06T20:21:17Z
601130232,2455366474634025,Mountain Top Grandmaster,633,1,0.0,2024-01-10T08:38:18.622+00:00,2026-10-06T20:21:17Z
601130232,2277766631578968,Hive Hub Cadet,954590,130,0.0,2024-01-10T08:46:54.764+00:00,2026-10-06T20:21:17Z
601130232,1004859870887507,Hive Hub Hotshot,275722,41,0.0,2024-01-10T08:47:19.112+00:00,2026-10-06T20:21:17Z
601130232,1798036582894903,Hive Hub Ace,30191,8,0.0,2024-01-10T08:47:44.326+00:00,2026-10-06T20:21:17Z
601130232,4306688279772165,Hive Hub Master,2779,1,0.0,2024-01-10T08:48:09.367+00:00,2026-10-06T20:21:17Z
601130232,272412157510801,Hive Hub Grandmaster,669,0,0.0,2024-01-10T08:48:51.821+00:00,2026-10-06T20:21:17Z
601130232,1816438215050824,Sticker Stack Cadet,1435733,421,0.001,2024-01-11T09:06:36.855+00:00,2026-10-06T20:21:17Z
601130232,3832080365950522,Sticker Stack Hotshot,671424,242,0.001,2024-01-11T09:07:04.801+00:00,2026-10-06T20:21:17Z
601130232,1043631905764417,Sticker Stack Ace,166556,79,0.0,2024-01-11T09:07:26.808+00:00,2026-10-06T20:21:17Z
601130232,2330873832463422,Sticker Stack Master,4921,1,0.0,2024-01-11T09:08:38.099+00:00,2026-10-06T20:21:17Z
601130232,4168771208353755,Sticker Stack Grandmaster,0,0,0.0,2024-01-11T09:08:59.581+00:00,2026-10-06T20:21:17Z
6521100398,1309249447246009,Welcome,66240120,271884,0.645,2024-09-07T04:24:27.494+00:00,2026-10-06T20:21:17Z
6739698191,1745786968403612,VD x MEDAL,867814,1976,0.002,2026-05-14T20:39:38.17+00:00,2026-10-06T20:21:17Z
703124385,2124505884,Newbie,65899739,37430,0.017,2020-01-25T06:58:04.423+00:00,2026-10-06T20:21:17Z
703124385,2124505885,Pro,16007169,2985,0.001,2020-01-25T06:58:58.683+00:00,2026-10-06T20:21:17Z
703124385,2124505886,Mutated,28057774,7924,0.004,2020-01-25T07:00:13.79+00:00,2026-10-06T20:21:17Z
703124385,2124505887,Secret,92812434,27855,0.013,2020-01-25T07:07:19.49+00:00,2026-10-06T20:21:17Z
703124385,2124512012,Maxed,39651,68,0.0,2020-02-24T16:21:19.51+00:00,2026-10-06T20:21:17Z
703124385,2124530161,Collector,97665,171,0.0,2020-04-26T11:21:47.503+00:00,2026-10-06T20:21:17Z
703124385,2124530162,Explorer,3625978,665,0.0,2020-04-26T11:22:12.397+00:00,2026-10-06T20:21:17Z
703124385,1118891334474135,Saboteur,177258,1478,0.001,2024-08-30T07:27:38.671+00:00,2026-10-06T20:21:17Z
703124385,4002614570086808,Certified Beast,2041,2,0.0,2024-12-13T12:21:10.8+00:00,2026-10-06T20:21:17Z
4949420752,2151749625,Realistic Soccer - You Played!,138211848,97332,0.157,2023-09-10T03:03:02.51+00:00,2026-10-06T20:21:17Z
3647333358,2127549787,Pre-Alpha Tester,1496,0,0.0,2022-07-22T17:12:34.357+00:00,2026-10-06T20:21:17Z
3647333358,2127838782,Escape?,6579107,2,0.0,2022-08-04T17:16:40.157+00:00,2026-10-06T20:21:17Z
3647333358,2127838802,Hit and Run,38349688,48,0.0,2022-08-04T17:18:11.363+00:00,2026-10-06T20:21:17Z
3647333358,2127838858,Procedure,11658345,32,0.0,2022-08-04T17:24:51.553+00:00,2026-10-06T20:21:17Z
3647333358,2127839123,Flawless Survival,87549483,345,0.0,2022-08-04T17:50:49.673+00:00,2026-10-06T20:21:17Z
3647333358,2128167319,Level 25,35039504,12673,0.014,2022-08-21T04:39:13.937+00:00,2026-10-06T20:21:17Z
3647333358,2128167321,Level 50,9802362,3975,0.004,2022-08-21T04:39:24.707+00:00,2026-10-06T20:21:17Z
3647333358,2128167324,Level 75,3560726,2092,0.002,2022-08-21T04:39:33.733+00:00,2026-10-06T20:21:17Z
3647333358,2128167328,Level 100,1526031,1235,0.001,2022-08-21T04:39:54.893+00:00,2026-10-06T20:21:17Z
3647333358,2128167329,Level 125,618882,602,0.001,2022-08-21T04:40:08.77+00:00,2026-10-06T20:21:17Z
3647333358,1134375315335621,Fooled,3351258,0,0.0,2024-04-01T18:21:07.126+00:00,2026-10-06T20:21:17Z
3647333358,1289447278573021,Destruction,128841,0,0.0,2024-10-13T04:02:23.986+00:00,2026-10-06T20:21:17Z
3647333358,3390333711274530,Level 200,48849,92,0.0,2025-08-22T03:52:32.919+00:00,2026-10-06T20:21:17Z
3647333358,3572152493450091,Level 300,3278,4,0.0,2025-08-22T03:52:58.737+00:00,2026-10-06T20:21:17Z
3647333358,1494579599200014,Level 400,669,2,0.0,2025-08-22T03:53:16.174+00:00,2026-10-06T20:21:17Z
3647333358,455282726124020,Level 500,290,1,0.0,2025-08-22T03:53:34.069+00:00,2026-10-06T20:21:17Z
3647333358,336487309373327,Level 600,171,2,0.0,2025-08-22T03:54:10.14+00:00,2026-10-06T20:21:17Z
3647333358,62283640896682,Level 700,103,0,0.0,2025-08-22T03:55:00.36+00:00,2026-10-06T20:21:17Z
3647333358,2292461297715483,Level 800,67,0,0.0,2025-08-22T03:55:19.974+00:00,2026-10-06T20:21:17Z
3647333358,594138798974234,Level 900,46,0,0.0,2025-08-22T03:55:32.46+00:00,2026-10-06T20:21:17Z
3647333358,1877995802898215,Level 1000,19,1,0.0,2025-06-30T22:17:19.318+00:00,2026-10-06T20:21:17Z
3647333358,1348860657518069,Evade x Pls Donate,158582,0,0.0,2025-11-06T20:57:11.973+00:00,2026-10-06T20:21:17Z
3647333358,4074686864797997,Dinner is Ready!,3012873,0,0.0,2025-11-27T20:26:18.121+00:00,2026-10-06T20:21:17Z
3647333358,1709747954105543,lupen.png,4981562,0,0.0,2026-03-13T17:03:40.064+00:00,2026-10-06T20:21:17Z
3647333358,385827580030903,Fooled (again),214006,0,0.0,2026-04-01T17:18:44.612+00:00,2026-10-06T20:21:17Z
3647333358,4105628707884743,Stranger Things: Tales from '85 Quest Completed,268786,0,0.0,2026-04-14T22:23:33.998+00:00,2026-10-06T20:21:17Z
3647333358,2692858314001643,Stranger Things: Tales from '85 - Emote Side Quest,251718,0,0.0,2026-04-23T05:20:19.121+00:00,2026-10-06T20:21:17Z
5578556129,4097459462607339,Summoned Monarch,368181,914,0.005,2026-02-20T17:44:35.626+00:00,2026-10-06T20:21:17Z
5578556129,2014804117905819,First Try Monarch,14698,50,0.0,2026-02-20T17:46:06.38+00:00,2026-10-06T20:21:17Z
5578556129,2893110786978236,Serial Owner,12734,26,0.0,2026-04-17T19:00:23.399+00:00,2026-10-06T20:21:17Z
5578556129,2661507331759898,Your Odyssey,54159,68,0.0,2026-05-10T16:09:58.395+00:00,2026-10-06T20:21:17Z
5578556129,2695191703902026,Rigged Dice,2004,12,0.0,2026-02-20T17:47:46.63+00:00,2026-10-06T20:21:17Z
5578556129,3214286787375739,Godly Roll,12,0,0.0,2026-02-20T17:39:25.134+00:00,2026-10-06T20:21:17Z
5578556129,1464198622148218,Release Player,820382,1282,0.007,2026-04-17T18:48:47.781+00:00,2026-10-06T20:21:17Z
5578556129,4435567743462309,Met a Developer,16557,5,0.0,2025-10-03T03:01:54.37+00:00,2026-10-06T20:21:17Z
5578556129,878251529804666,Met the Owner,443,0,0.0,2025-10-03T03:01:38.249+00:00,2026-10-06T20:21:17Z
372226183,987127798,Meet the Lead Dev,10728,0,0.0,2017-08-18T01:15:30.61+00:00,2026-10-06T20:21:17Z
372226183,3397354803020465,Meet the Staff,185173,183,0.0,2025-09-02T07:30:48.405+00:00,2026-10-06T20:21:17Z
372226183,1188516951,VIP,1071469,464,0.001,2017-11-19T23:03:43.32+00:00,2026-10-06T20:21:17Z
372226183,987131593,Donation,1654832,289,0.001,2017-08-18T01:17:49.547+00:00,2026-10-06T20:21:17Z
372226183,987137020,Super Donation,5133,0,0.0,2017-08-18T01:20:39.693+00:00,2026-10-06T20:21:17Z
372226183,396801556291659,Arsenal Hunt,425168,0,0.0,2025-05-23T23:18:51.363+00:00,2026-10-06T20:21:17Z
372226183,3672686373387012,PIG 64 x Flee The Facility,153905,0,0.0,2025-06-04T03:19:26.078+00:00,2026-10-06T20:21:17Z
372226183,4498690876229893,Dress To Impress x Flee The Facility,471993,0,0.0,2026-01-17T05:46:04.886+00:00,2026-10-06T20:21:17Z
648454481,2057554081948346,The Hatch: GPO Egg,97108,0,0.0,2025-06-13T20:59:29.093+00:00,2026-10-06T20:21:17Z
648454481,2127154256,A New Adventure,22435228,14657,0.084,2022-07-02T18:54:38.217+00:00,2026-10-06T20:21:17Z
648454481,2124828978,Certified Trader,380388,3782,0.022,2021-09-19T22:04:38.497+00:00,2026-10-06T20:21:17Z
648454481,2124636610,Paid Access Token,1993690,0,0.0,2020-11-14T18:03:45.003+00:00,2026-10-06T20:21:17Z
1516533665,2124517230,Completed House,73660163,8802,0.021,2020-03-18T17:48:27.01+00:00,2026-10-06T20:21:17Z
1516533665,2124517231,Completed Station,22604990,5559,0.013,2020-03-18T17:48:53.737+00:00,2026-10-06T20:21:17Z
1516533665,2124517232,Completed Gallery,31827161,6146,0.014,2020-03-18T17:49:21.617+00:00,2026-10-06T20:21:17Z
1516533665,2124517233,Completed Forest,17453561,4892,0.011,2020-03-18T17:51:20.54+00:00,2026-10-06T20:21:17Z
1516533665,2124517234,Completed School,25380490,5956,0.014,2020-03-18T17:51:41.25+00:00,2026-10-06T20:21:17Z
1516533665,2124517235,Completed Hospital,13641608,5089,0.012,2020-03-18T17:57:36.48+00:00,2026-10-06T20:21:17Z
1516533665,2124517832,Completed Metro,28775192,6371,0.015,2020-03-20T23:41:29.097+00:00,2026-10-06T20:21:17Z
1516533665,2124521816,Completed Carnival,123582862,13036,0.03,2020-04-03T16:30:29.027+00:00,2026-10-06T20:21:17Z
1516533665,2124524146,Completed City,15572144,5000,0.012,2020-04-10T16:38:35.117+00:00,2026-10-06T20:21:17Z
1516533665,2124529385,Completed Mall,33161843,6186,0.014,2020-04-24T18:10:41.143+00:00,2026-10-06T20:21:17Z
1516533665,2124532424,Completed Outpost,41595374,6714,0.016,2020-05-02T21:30:15.03+00:00,2026-10-06T20:21:17Z
1516533665,2124540778,Completed Plant (Bad Ending),9280820,1869,0.004,2020-05-24T15:01:49.217+00:00,2026-10-06T20:21:17Z
1516533665,2124540779,Completed Plant (Good Ending),9017420,1994,0.005,2020-05-24T15:02:29.513+00:00,2026-10-06T20:21:17Z
1516533665,2124540781,Completed Plant (True Ending),1154939,603,0.001,2020-05-24T15:02:56.717+00:00,2026-10-06T20:21:17Z
1516533665,2124606470,Completed Alleys,7426845,2016,0.005,2020-09-12T14:54:53.6+00:00,2026-10-06T20:21:17Z
1516533665,2124613542,Completed Store,10130490,1949,0.005,2020-09-26T18:44:34.747+00:00,2026-10-06T20:21:17Z
1516533665,2124630930,Completed Refinery,2495117,1359,0.003,2020-11-01T19:46:06.163+00:00,2026-10-06T20:21:17Z
1516533665,2124649519,Completed Safe Place,2216127,1149,0.003,2020-12-13T21:26:57.187+00:00,2026-10-06T20:21:17Z
1516533665,2124678293,Completed Sewers,2294612,1274,0.003,2021-01-31T16:14:01.237+00:00,2026-10-06T20:21:17Z
1516533665,2124690129,Completed Factory (Savior Ending),1519665,954,0.002,2021-02-20T22:47:23.513+00:00,2026-10-06T20:21:17Z
1516533665,2124690132,Completed Factory (Survivor Ending),2042184,928,0.002,2021-02-20T22:47:59.46+00:00,2026-10-06T20:21:17Z
1516533665,2124728587,Completed Port,3705930,1577,0.004,2021-04-23T20:54:37.75+00:00,2026-10-06T20:21:17Z
1516533665,2124749833,Completed Ship,1766734,1023,0.002,2021-05-22T20:11:53.903+00:00,2026-10-06T20:21:17Z
1516533665,2124771917,Completed Docks,3272924,1522,0.004,2021-06-26T20:21:19.48+00:00,2026-10-06T20:21:17Z
1516533665,2124790647,Completed Temple,2791239,1150,0.003,2021-07-24T20:27:07.27+00:00,2026-10-06T20:21:17Z
1516533665,2124810460,Completed Camp,1848518,1516,0.004,2021-08-23T16:41:56.137+00:00,2026-10-06T20:21:17Z
1516533665,2124848912,Completed Lab (Tigry-Savior Ending),630296,455,0.001,2021-10-24T03:25:29.157+00:00,2026-10-06T20:21:17Z
1516533665,2124848913,Completed Lab (Tigry-Survivor Ending),1057620,755,0.002,2021-10-24T03:26:06.37+00:00,2026-10-06T20:21:17Z
1516533665,2124848915,Completed Lab (Willow-Survivor Ending),1190245,772,0.002,2021-10-24T03:27:35.053+00:00,2026-10-06T20:21:17Z
1516533665,2124848918,Completed Lab (Willow-Savior Ending),676837,474,0.001,2021-10-24T03:28:06.887+00:00,2026-10-06T20:21:17Z
1516533665,2124855991,Completed Lab (Hidden Ending),621589,475,0.001,2021-11-07T22:56:32.987+00:00,2026-10-06T20:21:17Z
1516533665,1889340103255983,Time (Post-Hunt),599542,494,0.001,2024-06-07T03:46:28.465+00:00,2026-10-06T20:21:17Z
1516533665,2143863353048887,Completed Decay,617301,616,0.001,2024-10-18T01:02:25.657+00:00,2026-10-06T20:21:17Z
1516533665,3219045974160280,Decay: Delirium,404378,805,0.002,2025-08-07T15:07:10.524+00:00,2026-10-06T20:21:17Z
1516533665,2124634438,Secret Badge,1631735,189,0.0,2020-11-09T23:57:38.023+00:00,2026-10-06T20:21:17Z
1516533665,1368314122096465,Keymaster,1037520,907,0.002,2024-06-15T17:48:22.681+00:00,2026-10-06T20:21:17Z
1516533665,1283339889282408,Bittersweet,786832,682,0.002,2025-01-11T02:40:33.274+00:00,2026-10-06T20:21:17Z
1516533665,2450606500255670,Build Master,0,0,0.0,2025-07-24T17:06:09.377+00:00,2026-10-06T20:21:17Z
1516533665,13052717126518,MISSING!,364657,971,0.002,2026-03-01T01:45:02.275+00:00,2026-10-06T20:21:17Z
10258991999,4178071203368892,New Recruit,13898922,138539,0.417,2026-08-22T08:14:59.671+00:00,2026-10-06T20:21:17Z
10258991999,551235786514623,First Victory,5194001,49149,0.148,2026-08-22T08:15:49.008+00:00,2026-10-06T20:21:17Z
10258991999,92211254223581,Warlord,42,3,0.0,2026-08-22T08:15:25.779+00:00,2026-10-06T20:21:17Z
5995470825,2108846518037953,Welcome to Hypershot,765671,743112,1.0,2026-10-05T21:44:53.879+00:00,2026-10-06T20:21:17Z
5995470825,3979003870236245,Twitch Gauntlet Quest,49805,0,0.0,2026-01-27T06:25:31.653+00:00,2026-10-06T20:21:17Z
1831550657,1811039430555896,Lore 2026,2213149,45941,0.163,2026-09-17T17:05:06.563+00:00,2026-10-06T20:21:17Z
1831550657,3319526724023374,Summer Paradise 2026,3335303,0,0.0,2026-07-27T18:22:43.136+00:00,2026-10-06T20:21:17Z
1831550657,1396949369002819,Fireworks 2026,2436094,0,0.0,2026-07-13T17:57:03.691+00:00,2026-10-06T20:21:17Z
1831550657,3680746251142394,Land Sea Sky 2026,5952921,0,0.0,2026-06-11T17:42:38.357+00:00,2026-10-06T20:21:17Z
1831550657,936756695389467,Disaster 2026,2483881,0,0.0,2026-05-20T16:00:02.293+00:00,2026-10-06T20:21:17Z
1831550657,3086210890314188,Easter 2026,3805966,0,0.0,2026-03-30T17:13:47.253+00:00,2026-10-06T20:21:17Z
1831550657,409006216588343,April Fools 2026,915987,0,0.0,2026-03-26T18:16:52.893+00:00,2026-10-06T20:21:17Z
1831550657,894733167687033,Spring Meadows 2026,2491605,0,0.0,2026-03-09T17:30:46.979+00:00,2026-10-06T20:21:17Z
1831550657,4323482634110973,Valentines 2026,2998965,0,0.0,2026-02-10T14:15:55.499+00:00,2026-10-06T20:21:17Z
1831550657,2653575293258595,Winter 2025,4205370,0,0.0,2025-12-01T19:04:39.302+00:00,2026-10-06T20:21:17Z
1831550657,2470107596993963,Harvest 2025,2827507,0,0.0,2025-11-11T03:22:11.843+00:00,2026-10-06T20:21:17Z
1831550657,3260751634114528,Halloween 2025,4585508,0,0.0,2025-10-06T19:18:33.845+00:00,2026-10-06T20:21:17Z
1831550657,1365014430910710,Lore 2025,31279,0,0.0,2025-09-09T21:03:02.452+00:00,2026-10-06T20:21:17Z
1831550657,4135848726720838,Summer Paradise 2025,2839630,0,0.0,2025-08-08T01:33:16.024+00:00,2026-10-06T20:21:17Z
1831550657,1342436313329184,Fireworks 2025,2206394,0,0.0,2025-07-08T16:52:04.54+00:00,2026-10-06T20:21:17Z
1831550657,90884767978344,Land Sea Sky 2025,3817858,0,0.0,2025-06-11T14:54:57.194+00:00,2026-10-06T20:21:17Z
1831550657,3078297039018317,Disaster 2025,2409075,0,0.0,2025-05-12T20:17:46.701+00:00,2026-10-06T20:21:17Z
1831550657,1675841494057005,Easter 2025,3906893,0,0.0,2025-04-07T23:28:09.083+00:00,2026-10-06T20:21:17Z
1831550657,956526096696823,Spring Meadows 2025,2642268,0,0.0,2025-03-05T15:01:58.573+00:00,2026-10-06T20:21:17Z
1831550657,8003417492984,Valentines 2025,3154304,0,0.0,2025-02-10T16:34:36.878+00:00,2026-10-06T20:21:17Z
1831550657,2998142934210494,Winter 2024,423197,0,0.0,2024-12-08T05:46:41.162+00:00,2026-10-06T20:21:17Z
1831550657,1596996370838262,Harvest 2024,100644,0,0.0,2024-11-15T20:14:11.738+00:00,2026-10-06T20:21:17Z
1831550657,4462319084474111,Halloween 2024,390196,0,0.0,2024-10-10T22:37:16.611+00:00,2026-10-06T20:21:17Z
1831550657,4346068251661631,Lore 2024,217035,0,0.0,2024-09-20T20:22:30.554+00:00,2026-10-06T20:21:17Z
1831550657,1654242147814853,Summer Paradise 2024,63230,0,0.0,2024-07-23T23:01:51.312+00:00,2026-10-06T20:21:17Z
1831550657,2566270751122609,Fireworks 2024,82653,0,0.0,2024-07-07T05:52:20.77+00:00,2026-10-06T20:21:17Z
1831550657,2960167874826659,Land Sea Sky 2024,915398,0,0.0,2024-05-20T22:00:10.832+00:00,2026-10-06T20:21:17Z
1831550657,1888520945881505,Disaster 2024,59796,0,0.0,2024-05-13T22:11:04.183+00:00,2026-10-06T20:21:17Z
1831550657,1734098717984624,Easter 2024,1915060,0,0.0,2024-03-27T23:20:02.942+00:00,2026-10-06T20:21:17Z
1831550657,1040006371199126,Spring Meadows 2024,963182,0,0.0,2024-03-07T02:53:32.648+00:00,2026-10-06T20:21:17Z
1831550657,55658403086320,Valentines 2024,1518843,0,0.0,2024-02-06T05:46:44.757+00:00,2026-10-06T20:21:17Z
1831550657,2661459542444321,Winter 2023,1705027,0,0.0,2023-12-04T22:19:08.379+00:00,2026-10-06T20:21:17Z
1831550657,2153215846,Halloween 2023,1136628,0,0.0,2023-10-13T20:41:21.57+00:00,2026-10-06T20:21:17Z
1831550657,2149100257,Summer Paradise 2023,1146132,0,0.0,2023-07-24T22:58:13.913+00:00,2026-10-06T20:21:17Z
1831550657,2148143991,Fireworks 2023,756921,0,0.0,2023-07-05T00:12:15.39+00:00,2026-10-06T20:21:17Z
1831550657,2147584013,Recode Supporter Title & Creature,33584,0,0.0,2023-06-23T01:20:17.1+00:00,2026-10-06T20:21:17Z
1831550657,2147582505,Recode Early Access,92012,0,0.0,2023-06-23T00:33:49.457+00:00,2026-10-06T20:21:17Z
1831550657,2145610041,Land Sea Sky 2023,1402397,0,0.0,2023-05-13T01:42:17.71+00:00,2026-10-06T20:21:17Z
1831550657,2143625119,Easter 2023,915900,0,0.0,2023-04-08T01:43:50.54+00:00,2026-10-06T20:21:17Z
1831550657,2140726547,Valentines 2023,810061,0,0.0,2023-02-09T04:07:44.847+00:00,2026-10-06T20:21:17Z
1831550657,2129936623,Christmas 2022,884382,0,0.0,2022-12-18T05:21:46.47+00:00,2026-10-06T20:21:17Z
1831550657,2129022315,Halloween 2022,1272704,0,0.0,2022-10-15T19:53:43.527+00:00,2026-10-06T20:21:17Z
1831550657,2124686302,Valentines 2021,46627,0,0.0,2021-02-14T17:41:37.327+00:00,2026-10-06T20:21:17Z
1831550657,2124660417,Christmas 2020,41727,0,0.0,2020-12-31T04:16:18.603+00:00,2026-10-06T20:21:17Z
10756011174,139711990871978,Welcome!,35741382,472411,1.0,2026-08-25T14:44:06.3+00:00,2026-10-06T20:21:17Z
10756011174,667933872459461,Found the Needle!,8857982,134896,0.345,2026-08-25T14:44:28.089+00:00,2026-10-06T20:21:17Z
10756011174,3010990595387190,Find the UFO,6511909,76180,0.195,2026-08-25T20:06:12.759+00:00,2026-10-06T20:21:17Z
10756011174,2294452590898433,Finished Chapter 2!,3382157,50198,0.128,2026-09-05T12:19:16.358+00:00,2026-10-06T20:21:17Z
10756011174,793331041896611,Finish Chapter 3,916144,37674,0.096,2026-09-26T14:40:04.808+00:00,2026-10-06T20:21:17Z
1202096104,2124479067,"1,000 Miles in Driving Empire!",2968988,900,0.002,2019-07-31T19:02:37.707+00:00,2026-10-06T20:21:17Z
1202096104,2124479068,"5,000 Miles in Driving Empire!",274882,73,0.0,2019-07-31T19:03:47.557+00:00,2026-10-06T20:21:17Z
1202096104,2124479069,"10,000 Miles in Driving Empire!",96210,25,0.0,2019-07-31T19:05:01.66+00:00,2026-10-06T20:21:17Z
1202096104,2124479070,"25,000 Miles in Driving Empire!",24902,2,0.0,2019-07-31T19:07:09.99+00:00,2026-10-06T20:21:17Z
1202096104,2124479072,"50,000 Miles in Driving Empire!",9315,0,0.0,2019-07-31T19:09:21.54+00:00,2026-10-06T20:21:17Z
1202096104,2124479073,"100,000 Miles in Driving Empire!",3104,0,0.0,2019-07-31T19:10:50.347+00:00,2026-10-06T20:21:17Z
1202096104,2124479076,"$1,000,000 In Driving Empire!",8741053,7524,0.017,2019-07-31T19:20:09.743+00:00,2026-10-06T20:21:17Z
1202096104,2124644482,Won your first race!,58256714,15100,0.034,2020-12-03T01:41:34.71+00:00,2026-10-06T20:21:17Z
1202096104,2124644484,You played!,397983429,167685,0.382,2020-12-03T01:41:56.537+00:00,2026-10-06T20:21:17Z
1202096104,2550078020756721,Completed The Hunt Event,1909644,0,0.0,2024-03-06T14:59:36.326+00:00,2026-10-06T20:21:17Z
1202096104,4106656213714762,TIX #1,624338,0,0.0,2024-05-16T00:41:05.185+00:00,2026-10-06T20:21:17Z
1202096104,1639854191834107,TIX #2,611395,0,0.0,2024-05-16T00:42:53.869+00:00,2026-10-06T20:21:17Z
1202096104,3187983117859095,TIX #3,594168,0,0.0,2024-05-16T00:43:04.757+00:00,2026-10-06T20:21:17Z
1202096104,415987558192921,TIX #4,437785,0,0.0,2024-05-16T00:43:13.307+00:00,2026-10-06T20:21:17Z
1202096104,280995920723454,TIX #5,462262,0,0.0,2024-05-16T00:43:21.158+00:00,2026-10-06T20:21:17Z
1202096104,2817542335332084,TIX #6,627045,0,0.0,2024-05-16T00:45:58.215+00:00,2026-10-06T20:21:17Z
1202096104,2897296822556686,TIX #7,475184,0,0.0,2024-05-16T00:47:29.915+00:00,2026-10-06T20:21:17Z
1202096104,872158729311339,TIX #8,1668004,0,0.0,2024-05-16T00:47:48.845+00:00,2026-10-06T20:21:17Z
1202096104,833217405181169,TIX #9,504525,0,0.0,2024-05-16T00:47:58.647+00:00,2026-10-06T20:21:17Z
1202096104,2883898952158887,TIX #10,727981,0,0.0,2024-05-16T00:48:08.822+00:00,2026-10-06T20:21:17Z
1202096104,769385197119609,TOKEN #1,342261,0,0.0,2024-05-16T00:48:23.175+00:00,2026-10-06T20:21:17Z
1202096104,4470980239223157,TOKEN #2,261534,0,0.0,2024-05-16T00:48:48.707+00:00,2026-10-06T20:21:17Z
1202096104,2346573291249789,TOKEN #3,150608,0,0.0,2024-05-16T00:49:03.925+00:00,2026-10-06T20:21:17Z
1202096104,3323327472884634,TOKEN #4,137780,0,0.0,2024-05-16T00:49:21.418+00:00,2026-10-06T20:21:17Z
1202096104,3528998109348082,TOKEN #5,128356,0,0.0,2024-05-16T00:49:47.454+00:00,2026-10-06T20:21:17Z
1202096104,2347130756630428,New Brand Treasure Hunt,7195,0,0.0,2024-05-23T20:51:29.178+00:00,2026-10-06T20:21:17Z
1202096104,1603169584719124,Driving Empire's 5th Birthday Badge,234282,0,0.0,2024-06-18T01:47:21.374+00:00,2026-10-06T20:21:17Z
1202096104,1800312731576114,Silver #1,709038,0,0.0,2024-07-19T22:41:49.54+00:00,2026-10-06T20:21:17Z
1202096104,3907432264198300,Silver #2,487156,0,0.0,2024-07-19T22:42:07.622+00:00,2026-10-06T20:21:17Z
1202096104,520256834521631,Silver #3,360407,0,0.0,2024-07-19T22:42:26.711+00:00,2026-10-06T20:21:17Z
1202096104,1525356071434925,Shine #1,468398,0,0.0,2024-07-19T22:42:39.301+00:00,2026-10-06T20:21:17Z
1202096104,3573669327976664,Shine #2,321329,0,0.0,2024-07-19T22:42:53.916+00:00,2026-10-06T20:21:17Z
1202096104,374942813649228,Shine #3,466479,0,0.0,2024-07-19T22:44:26.157+00:00,2026-10-06T20:21:17Z
1202096104,3742414688978405,Shine #4,471358,0,0.0,2024-07-19T22:44:40.656+00:00,2026-10-06T20:21:17Z
1202096104,1450570729394567,Shine #5,512027,0,0.0,2024-07-19T22:44:55.633+00:00,2026-10-06T20:21:17Z
1202096104,1883375296504296,Own 5 Cars!,74479329,118554,0.27,2024-08-07T13:54:24.899+00:00,2026-10-06T20:21:17Z
1202096104,3399870991804974,Own 10 Cars!,24319499,30996,0.071,2024-08-07T13:54:42.797+00:00,2026-10-06T20:21:17Z
1202096104,1292056406121620,Own 20 Cars!,6891686,11249,0.026,2024-08-07T13:54:59.036+00:00,2026-10-06T20:21:17Z
1202096104,3968669088015105,Own 50 Cars!,624663,826,0.002,2024-08-07T13:55:14.286+00:00,2026-10-06T20:21:17Z
1202096104,2288212573193900,Own 100 Cars!,120831,164,0.0,2024-08-07T13:55:31.082+00:00,2026-10-06T20:21:17Z
1202096104,927180451079070,Roblox Winter Spotlight - Five Races of Winter,1136257,0,0.0,2024-12-02T17:08:16.643+00:00,2026-10-06T20:21:17Z
1202096104,3721158935609438,Roblox Winter Spotlight - The Cookies Crumble,267208,0,0.0,2024-12-02T17:10:51.473+00:00,2026-10-06T20:21:17Z
1202096104,2472779120170565,...,105145,0,0.0,2026-04-01T18:13:59.506+00:00,2026-10-06T20:21:17Z
1202096104,3107297720897341,DARK KNIGHT PURSUIT - LEGO® Batman™ Game EVENT,5612555,0,0.0,2026-05-04T18:59:54.003+00:00,2026-10-06T20:21:17Z
1202096104,1597958100250545,DARK KNIGHT RISES - LEGO® Batman™ Game EVENT,232092,0,0.0,2026-05-04T19:00:08.354+00:00,2026-10-06T20:21:17Z
4777817887,4211214429410371,Blade Ball x Black 17,291958,5,0.0,2026-08-14T17:56:47.451+00:00,2026-10-06T20:21:17Z
4777817887,1290359287112082,Serpent Slayer,349028,0,0.0,2026-09-05T17:02:30.51+00:00,2026-10-06T20:21:17Z
4777817887,1873215711178593,Completed The Hunt 20 Quest!,2582196,0,0.0,2026-09-05T17:02:41.454+00:00,2026-10-06T20:21:17Z
10766056678,2437074418821079,For the HUGE,0,0,0.0,2026-09-25T02:43:51.761+00:00,2026-10-06T20:21:17Z
10512942223,584302691358764,You Met a Developer,4413,641,0.001,2026-10-01T16:45:40.296+00:00,2026-10-06T20:21:17Z
10512942223,422827085082133,You Met the Owner,370,40,0.0,2026-10-01T16:47:35.858+00:00,2026-10-06T20:21:17Z
10512942223,3495128819653536,Welcome to Anime Zero,584122,259968,0.56,2026-10-01T16:48:44.424+00:00,2026-10-06T20:21:17Z
10512942223,3584025929206190,Loyal Spender,15735,9006,0.019,2026-10-01T16:52:32.659+00:00,2026-10-06T20:21:17Z
10261267004,347118512651055,Thanks For Playing,25452653,71519,0.448,2026-06-02T14:59:43.708+00:00,2026-10-06T20:21:17Z
10261267004,4493384153488115,10 Auctions Won,8215951,19823,0.124,2026-06-02T14:59:45.255+00:00,2026-10-06T20:21:17Z
10261267004,2156807070186054,100 Auctions Won,1769039,5639,0.035,2026-06-02T14:59:47.042+00:00,2026-10-06T20:21:17Z
10261267004,968672732412664,"1,000 Auctions Won",190648,1028,0.006,2026-06-02T14:59:49.757+00:00,2026-10-06T20:21:17Z
10261267004,4420209178775261,"Net Worth $1,000",8212557,26419,0.165,2026-06-02T14:59:51.067+00:00,2026-10-06T20:21:17Z
10261267004,293915234199352,"Net Worth $10,000",1902856,6465,0.04,2026-06-02T14:59:54.866+00:00,2026-10-06T20:21:17Z
10261267004,2832471902565333,"Net Worth $100,000",613180,2745,0.017,2026-06-02T14:59:58.543+00:00,2026-10-06T20:21:17Z
10261267004,2044362288175197,"Net Worth $1,000,000",175053,1262,0.008,2026-06-02T15:00:02.012+00:00,2026-10-06T20:21:17Z
10261267004,2117324818051101,Find Every Mutator,781,8,0.0,2026-06-02T15:00:05.262+00:00,2026-10-06T20:21:17Z
10261267004,2958892288718923,Place a Gavel Trophy,2415864,7059,0.044,2026-06-02T15:00:08.823+00:00,2026-10-06T20:21:17Z
10261267004,2243860338697823,Open a Safe,4202333,9629,0.06,2026-06-02T15:00:12.289+00:00,2026-10-06T20:21:17Z
10261267004,2061046447793073,Grade an Item 3 Stars,872893,2529,0.016,2026-06-02T15:00:15.63+00:00,2026-10-06T20:21:17Z
10261267004,2174958257257604,100% Condition Item,5501363,11115,0.07,2026-06-02T15:00:19.544+00:00,2026-10-06T20:21:17Z
10261267004,2384449047183669,Get a Time Mutation,205865,958,0.006,2026-06-02T15:00:23.216+00:00,2026-10-06T20:21:17Z
10261267004,826078039185539,Demolition Derby,654772,3025,0.019,2026-06-05T12:12:58.185+00:00,2026-10-06T20:21:17Z
10261267004,3478268039149215,1 Hour Played,6275795,17103,0.107,2026-06-12T15:14:19.67+00:00,2026-10-06T20:21:17Z
10261267004,2636869078828444,5 Hours Played,1991971,6690,0.042,2026-06-12T15:14:24.437+00:00,2026-10-06T20:21:17Z
10261267004,4232052017572890,10 Hours Played,1089497,4277,0.027,2026-06-12T15:14:30.789+00:00,2026-10-06T20:21:17Z
10261267004,2369744542087671,25 Hours Played,423010,1996,0.012,2026-06-12T15:14:35.316+00:00,2026-10-06T20:21:17Z
10261267004,1711363422123520,"Net Worth $10,000,000",46626,385,0.002,2026-07-17T14:50:34.54+00:00,2026-10-06T20:21:17Z
10261267004,709835839666354,Nothing But Net,112174,466,0.003,2026-07-18T12:56:43.104+00:00,2026-10-06T20:21:17Z
10282097014,1445291501496436,Open for Business,1012384,212068,1.0,2026-08-30T04:40:48.076+00:00,2026-10-06T20:21:17Z
10282097014,2426729607852025,Regular Hours,14156,5787,0.033,2026-08-30T04:41:12.129+00:00,2026-10-06T20:21:17Z
10282097014,1371902732797735,Growing Pains,37,16,0.0,2026-08-30T04:41:32.675+00:00,2026-10-06T20:21:17Z
10282097014,1204680809128262,Five Stars,3239,760,0.004,2026-08-30T04:41:49.153+00:00,2026-10-06T20:21:17Z
10282097014,2546063852760039,Top Dog,80492,25022,0.143,2026-08-30T04:42:05.535+00:00,2026-10-06T20:21:17Z
10282097014,899332944903309,Ka-ching!,5311,2507,0.014,2026-08-30T04:42:33.002+00:00,2026-10-06T20:21:17Z
10282097014,3455005426224718,Millionaire,14,9,0.0,2026-08-30T04:42:51.34+00:00,2026-10-06T20:21:17Z
10282097014,889975614983043,First Friend,1127743,236680,1.0,2026-08-30T04:43:12.931+00:00,2026-10-06T20:21:17Z
10282097014,1649156299463105,Field Guide,40,22,0.0,2026-08-30T04:43:29.05+00:00,2026-10-06T20:21:17Z
10282097014,3638021455467967,Legendary!,526984,119165,0.681,2026-08-30T04:43:43.429+00:00,2026-10-06T20:21:17Z
10282097014,485022077900927,Exotic!,251304,62139,0.355,2026-08-30T04:44:04.439+00:00,2026-10-06T20:21:17Z
10282097014,1308217624850513,Full House,2352,972,0.006,2026-08-30T04:44:19.116+00:00,2026-10-06T20:21:17Z
10282097014,3879487521142954,Not Today!,18027,7287,0.042,2026-08-30T04:44:34.998+00:00,2026-10-06T20:21:17Z
10282097014,166937614918846,Better Together,102186,27730,0.158,2026-08-30T04:44:50.608+00:00,2026-10-06T20:21:17Z
10282097014,3223541021011798,Creature of Habit,601,305,0.002,2026-08-30T04:45:11.347+00:00,2026-10-06T20:21:17Z
10766506199,4494749462195302,Cannon Good Ending,66533,10055,0.019,2026-09-16T00:27:31.682+00:00,2026-10-06T20:21:17Z
10766506199,4122863599311549,Unfinished Business,709948,65447,0.122,2026-09-16T01:16:08.476+00:00,2026-10-06T20:21:17Z
10766506199,1748933075865830,Uh oh Stinky,831816,78641,0.147,2026-09-16T01:22:53.683+00:00,2026-10-06T20:21:17Z
10766506199,3622166521751278,Ancy,915793,86088,0.16,2026-09-16T01:32:02.281+00:00,2026-10-06T20:21:17Z
10766506199,1371721874897014,Evicted,1402859,126740,0.236,2026-09-16T01:47:55.045+00:00,2026-10-06T20:21:17Z
10766506199,3537333400069085,Intruder Alert,859156,85383,0.159,2026-09-16T02:01:22.931+00:00,2026-10-06T20:21:17Z
10766506199,313331610402562,Starved,1257966,121455,0.226,2026-09-16T02:08:51.706+00:00,2026-10-06T20:21:17Z
10766506199,46693257884035,I see you,496682,45131,0.084,2026-09-16T02:14:00.723+00:00,2026-10-06T20:21:17Z
10766506199,635491638679711,Fired,375858,34438,0.064,2026-09-16T02:25:14.491+00:00,2026-10-06T20:21:17Z
10766506199,4454415437996711,Cya Later,415252,38227,0.071,2026-09-16T02:29:39.026+00:00,2026-10-06T20:21:17Z
10766506199,2009860446711662,Blackhole,1115898,115281,0.215,2026-09-16T02:32:50.864+00:00,2026-10-06T20:21:17Z
10766506199,2933927270623625,Screen Time,1923698,150111,0.28,2026-09-16T02:35:56.192+00:00,2026-10-06T20:21:17Z
10766506199,2701923651929695,Peek a boo,523072,56171,0.105,2026-09-16T02:44:53.29+00:00,2026-10-06T20:21:17Z
10766506199,1005373761814063,Lights Out,1256811,128149,0.239,2026-09-16T02:55:15.388+00:00,2026-10-06T20:21:17Z
10766506199,3073504501062993,Not my Cat!,536710,47015,0.088,2026-09-16T03:10:42.896+00:00,2026-10-06T20:21:17Z
10766506199,4463306734532680,Voided,941545,83044,0.155,2026-09-16T03:39:38.575+00:00,2026-10-06T20:21:17Z
10766506199,2246325075776362,Misplaced,1506317,142711,0.266,2026-09-16T03:50:07.984+00:00,2026-10-06T20:21:17Z
10766506199,2942085460655440,Catzilla,1157093,101512,0.189,2026-09-16T03:59:14.061+00:00,2026-10-06T20:21:17Z
10766506199,464026908357358,Down the Drain,753490,69444,0.129,2026-09-16T04:17:36.742+00:00,2026-10-06T20:21:17Z
10766506199,757768935730476,Pranked,1437203,134434,0.251,2026-09-16T04:25:33.255+00:00,2026-10-06T20:21:17Z
10766506199,3916960590238387,Granny is Here,1813243,160122,0.298,2026-09-16T04:49:25.543+00:00,2026-10-06T20:21:17Z
10766506199,2952867906209442,Found You,1030227,96951,0.181,2026-09-16T05:01:06.017+00:00,2026-10-06T20:21:17Z
10766506199,4438629412067788,Cold as Ice,2888583,246180,0.459,2026-09-16T17:14:40.176+00:00,2026-10-06T20:21:17Z
10766506199,834207125224333,Awww... SO CUTE,119843,10305,0.019,2026-09-16T17:14:49.308+00:00,2026-10-06T20:21:17Z
10675117523,3582390491416520,Welcome to Anime Breaker,840417,21941,0.137,2026-09-12T15:36:10.997+00:00,2026-10-06T20:21:17Z
10675117523,3962347313997257,Zone 1: Alien Planet,840403,21940,0.137,2026-09-12T16:04:04.44+00:00,2026-10-06T20:21:17Z
10675117523,2098421515131933,Zone 2: Titan District,258477,7547,0.047,2026-09-12T16:04:55.452+00:00,2026-10-06T20:21:17Z
10675117523,1863512802873477,Zone 3: Hidden Leaf,115880,3792,0.024,2026-09-12T16:05:35.546+00:00,2026-10-06T20:21:17Z
10675117523,1542631545789795,Zone 4: Sin Village,69901,2690,0.017,2026-09-12T16:06:34.562+00:00,2026-10-06T20:21:17Z
10675117523,963333763238500,Zone 5: Hunter City,48018,2225,0.014,2026-09-19T15:00:54.696+00:00,2026-10-06T20:21:17Z
10675117523,1379281230077004,Zone 6: Pirate Village,26842,1605,0.01,2026-09-22T23:34:11.574+00:00,2026-10-06T20:21:17Z
10675117523,3893465243473787,Zone 7: Clover Village,14360,1427,0.009,2026-09-30T16:07:00.677+00:00,2026-10-06T20:21:17Z
7554119808,2952400060598305,Gold Member,78817724,127566,0.333,2025-09-30T11:45:08.419+00:00,2026-10-06T20:21:17Z
7554119808,65823078796519,Emerald Member,517274,2078,0.005,2025-09-30T11:56:00.807+00:00,2026-10-06T20:21:17Z
7554119808,2603771083974635,Ruby Member,104413,738,0.002,2025-09-30T11:56:18.988+00:00,2026-10-06T20:21:17Z
7554119808,1887848274215096,Diamond Member,11592,140,0.0,2025-09-30T11:53:32.545+00:00,2026-10-06T20:21:17Z
7554119808,274889978295466,Private Client,402,1,0.0,2025-09-30T11:57:37.483+00:00,2026-10-06T20:21:17Z
7554119808,4049885434004998,Golden Cloud,17911,148,0.0,2026-07-08T14:44:44.838+00:00,2026-10-06T20:21:17Z
7554119808,3574722237143510,Shrink Potion,11046,105,0.0,2026-07-10T00:41:03.033+00:00,2026-10-06T20:21:17Z
7554119808,4098163192875996,Grow Potion,85,4,0.0,2026-07-10T00:41:49.141+00:00,2026-10-06T20:21:17Z
10767634248,3479290459019091,First Alarm,657360,365174,1.0,2026-09-26T21:25:59.063+00:00,2026-10-06T20:21:17Z
10767634248,3240767139433302,Seasoned,43152,25019,0.083,2026-09-26T21:26:08.308+00:00,2026-10-06T20:21:17Z
10767634248,2365854294553806,Veteran,1260,565,0.002,2026-09-26T21:26:31.943+00:00,2026-10-06T20:21:17Z
10767634248,841263048399002,Lifesaver,190737,111222,0.369,2026-09-26T21:26:39.328+00:00,2026-10-06T20:21:17Z
10767634248,1655325040375911,Guardian,2350,1371,0.005,2026-09-26T21:26:47.804+00:00,2026-10-06T20:21:17Z
10767634248,718841444481200,On Shift,90,46,0.0,2026-10-02T20:34:55.82+00:00,2026-10-06T20:21:17Z
10767634248,151538834886556,Career Firefighter,0,0,0.0,2026-10-02T20:35:06.432+00:00,2026-10-06T20:21:17Z
10744310825,2010047047107225,First Stroke,8705614,723959,1.0,2026-09-03T17:38:52.789+00:00,2026-10-06T20:21:17Z
10744310825,3943493551003584,Sold!,8312382,683358,1.0,2026-09-03T17:39:20.987+00:00,2026-10-06T20:21:17Z
10744310825,890049662869773,Five-Star Artist,56505,8401,0.02,2026-09-03T17:39:23.498+00:00,2026-10-06T20:21:17Z
10744310825,3207934257000762,Museum Bound,366339,189620,0.459,2026-09-03T17:39:25.688+00:00,2026-10-06T20:21:17Z
10744310825,3488769946855855,Fresh Canvas,204741,15697,0.038,2026-09-03T17:39:28.309+00:00,2026-10-06T20:21:17Z
10744310825,2162483443696938,Curiosity Found the Cat,558715,57415,0.139,2026-09-12T18:18:41.722+00:00,2026-10-06T20:21:17Z
10744310825,730924143055260,Four-Star Artist,953654,120841,0.293,2026-09-14T18:30:15.158+00:00,2026-10-06T20:21:17Z
10502841145,3494420345791775,Welcome to Astral!,1324281,4340,0.023,2026-07-23T21:23:08.089+00:00,2026-10-06T20:21:17Z
10502841145,3279196012948817,World 1,1322257,4336,0.023,2026-07-23T21:23:47.535+00:00,2026-10-06T20:21:17Z
10502841145,3377172610992886,World 2,627265,1716,0.009,2026-07-23T21:24:00.13+00:00,2026-10-06T20:21:17Z
10502841145,2501348637257165,World 3,514477,1276,0.007,2026-07-23T21:24:15.51+00:00,2026-10-06T20:21:17Z
10502841145,1553051518479021,World 4,452781,1063,0.006,2026-07-23T21:24:32.109+00:00,2026-10-06T20:21:17Z
10502841145,1527491758756933,World 5,404071,911,0.005,2026-07-23T21:24:51.171+00:00,2026-10-06T20:21:17Z
10502841145,2598366514736094,World 6,339479,894,0.005,2026-07-23T21:25:07.057+00:00,2026-10-06T20:21:17Z
10502841145,2097202246726027,World 7,292605,787,0.004,2026-07-23T21:25:20.959+00:00,2026-10-06T20:21:17Z
10502841145,3338940409909602,World 8,248260,633,0.003,2026-07-23T21:25:40.312+00:00,2026-10-06T20:21:17Z
10502841145,4288084919340327,World 9,221815,550,0.003,2026-07-23T21:25:58.944+00:00,2026-10-06T20:21:17Z
10502841145,2841936036144974,World 10,196118,540,0.003,2026-07-23T21:26:13.935+00:00,2026-10-06T20:21:17Z
10502841145,3776254063942760,World 11,166833,572,0.003,2026-07-23T21:26:27.077+00:00,2026-10-06T20:21:17Z
10502841145,672115415792174,World 12,113615,621,0.003,2026-08-22T16:03:12.304+00:00,2026-10-06T20:21:17Z
10502841145,3968522060707585,World 13,95091,569,0.003,2026-08-22T16:03:22.663+00:00,2026-10-06T20:21:17Z
10502841145,1102981060656347,World 14,81277,504,0.003,2026-08-22T16:03:39.638+00:00,2026-10-06T20:21:17Z
10502841145,2369471843753892,World 15,72509,534,0.003,2026-08-22T16:03:52.436+00:00,2026-10-06T20:21:17Z
10502841145,4455565351763665,First Secret!,278569,639,0.003,2026-07-23T21:35:58.63+00:00,2026-10-06T20:21:17Z
10502841145,1669091488462166,First Divine!,854712,568,0.003,2026-07-23T21:36:14.576+00:00,2026-10-06T20:21:17Z
10502841145,4487344256344680,First Pet Astral!,558936,5229,0.028,2026-08-22T15:29:10.696+00:00,2026-10-06T20:21:17Z
10502841145,3732819851646597,First Gacha Astral!,47379,471,0.003,2026-08-22T16:39:54.853+00:00,2026-10-06T20:21:17Z
10502841145,1441312723377012,Gamepass - Ultra Luck,65199,452,0.002,2026-07-23T21:27:02.183+00:00,2026-10-06T20:21:17Z
10502841145,176841062236863,Gamepass - VIP,216585,551,0.003,2026-07-23T21:27:42.158+00:00,2026-10-06T20:21:17Z
10502841145,3145931926346349,Gamepass - 2x Damage,210465,578,0.003,2026-07-23T21:27:59.159+00:00,2026-10-06T20:21:17Z
10502841145,1850164123691346,Gamepass - 2x Power,269778,646,0.003,2026-07-23T21:28:12.792+00:00,2026-10-06T20:21:17Z
10502841145,3484585042284551,Gamepass - +1 Sword Equip,181734,457,0.002,2026-07-23T21:28:35.626+00:00,2026-10-06T20:21:17Z
10502841145,3429554367262787,Gamepass - Luck,299848,737,0.004,2026-07-23T21:28:50.366+00:00,2026-10-06T20:21:17Z
10502841145,2052517650269693,Gamepass - Remote Star,301435,712,0.004,2026-07-23T21:29:05.12+00:00,2026-10-06T20:21:17Z
10502841145,4308192997678445,Gamepass - Super Luck,72569,373,0.002,2026-07-23T21:29:36.927+00:00,2026-10-06T20:21:17Z
10502841145,1554977730385149,Gamepass - Fast Click,381153,856,0.005,2026-07-23T21:30:47.142+00:00,2026-10-06T20:21:17Z
10502841145,4182821738640659,Gamepass - +2 Pet Equip,165733,458,0.002,2026-07-23T21:31:10.272+00:00,2026-10-06T20:21:17Z
10502841145,4160673838871746,Gamepass - +1 Gacha Open,106356,507,0.003,2026-07-23T21:31:26.747+00:00,2026-10-06T20:21:17Z
10502841145,3867217197422571,Gamepass - More Drops,193280,474,0.003,2026-07-23T21:32:06.098+00:00,2026-10-06T20:21:17Z
10502841145,1267191516817079,Gamepass - +2 Star Open,81580,322,0.002,2026-07-23T21:32:51.658+00:00,2026-10-06T20:21:17Z
10502841145,498216593007522,Gamepass - 2x Yen,105734,390,0.002,2026-07-23T21:33:25.496+00:00,2026-10-06T20:21:17Z
10502841145,1826971282791194,Gamepass - Fast Gacha Roll,299070,782,0.004,2026-07-23T21:33:51.702+00:00,2026-10-06T20:21:17Z
10502841145,2366598806726382,Gamepass - Big Storage,79089,319,0.002,2026-07-23T21:34:08.54+00:00,2026-10-06T20:21:17Z
10502841145,673289915196675,Gamepass - Fast Hatch,256221,729,0.004,2026-07-23T21:34:24.517+00:00,2026-10-06T20:21:17Z
10502841145,1774591408191157,Gamepass - +1 Shadow Equip,106263,467,0.003,2026-07-23T21:35:26.638+00:00,2026-10-06T20:21:17Z
10502841145,2459836248127528,World 16,62093,477,0.003,2026-08-29T20:10:22.603+00:00,2026-10-06T20:21:17Z
10502841145,2746142171799158,World 17,51177,473,0.003,2026-09-08T17:42:49.863+00:00,2026-10-06T20:21:17Z
10502841145,2020671570183132,World 18,0,0,0.0,2026-09-18T20:21:04.369+00:00,2026-10-06T20:21:17Z
10502841145,2188200287562842,World 19,28690,1047,0.006,2026-10-03T16:41:59.399+00:00,2026-10-06T20:21:17Z
10502841145,2011797373904457,World 20,24670,819,0.004,2026-10-03T16:42:13.302+00:00,2026-10-06T20:21:17Z
10502841145,11523154686473,World 21,19640,658,0.004,2026-10-03T16:42:19.898+00:00,2026-10-06T20:21:17Z
10173311467,2966150412372221,Level 10,1052089,9362,0.032,2026-05-17T17:34:12.023+00:00,2026-10-06T20:21:17Z
10173311467,179301531043001,Level 20,254942,2328,0.008,2026-05-17T17:34:48.276+00:00,2026-10-06T20:21:17Z
10173311467,4472247185557716,Level 30,88408,996,0.003,2026-05-17T17:35:32.171+00:00,2026-10-06T20:21:17Z
10173311467,1557759993715950,Level 40,35835,387,0.001,2026-05-17T17:36:02.253+00:00,2026-10-06T20:21:17Z
10173311467,3223939949432096,Level 50,17838,218,0.001,2026-05-17T17:36:44.217+00:00,2026-10-06T20:21:17Z
10173311467,2588676342271135,Joined Ghost Driver,24762887,141669,0.479,2026-05-17T17:40:13.078+00:00,2026-10-06T20:21:17Z
10173311467,596421637969036,Get Certified,1287,54,0.0,2026-08-04T21:22:31.603+00:00,2026-10-06T20:21:17Z
6774320049,3882343372646779,D,52044211,13037,0.046,2025-04-28T18:31:45.468+00:00,2026-10-06T20:21:17Z
6774320049,640355780875593,U,52056059,13035,0.046,2025-04-28T18:31:55.117+00:00,2026-10-06T20:21:17Z
6774320049,2458714782537181,B,51907705,13034,0.046,2025-04-28T18:32:13.402+00:00,2026-10-06T20:21:17Z
6774320049,629148742282605,A,52069575,13038,0.046,2025-04-28T18:32:23.684+00:00,2026-10-06T20:21:17Z
6774320049,713895571774380,I,52075666,13038,0.046,2025-04-28T18:32:37.604+00:00,2026-10-06T20:21:17Z
6774320049,947567699348463,R,52113011,13042,0.046,2025-04-28T18:35:18.088+00:00,2026-10-06T20:21:17Z
6774320049,3226486084186353,P,52080282,13041,0.046,2025-04-28T18:35:29.814+00:00,2026-10-06T20:21:17Z
10767825538,3785608327471705,Part 1,1475590,348690,0.747,2026-10-03T11:38:04.561+00:00,2026-10-06T20:21:17Z
10767825538,1274950895955707,Part 2,725287,158902,0.34,2026-10-03T11:38:15.025+00:00,2026-10-06T20:21:17Z
10767825538,2483870659452106,Part 3,172050,52094,0.111,2026-10-03T11:38:23.035+00:00,2026-10-06T20:21:17Z
4983034985,363670641957866,Meet the Creator,6714,0,0.0,2024-08-20T17:39:38.184+00:00,2026-10-06T20:21:17Z
4983034985,3908108071079845,Party Activist,3545478,3780,0.015,2024-08-25T15:09:49.304+00:00,2026-10-06T20:21:17Z
4983034985,2000486603432054,Operation Barbarossa,523037,1966,0.008,2024-08-25T15:13:45.695+00:00,2026-10-06T20:21:17Z
4983034985,1725060136526530,Operation Overlord,577216,2207,0.009,2024-08-25T15:14:36.62+00:00,2026-10-06T20:21:17Z
4983034985,1220499747155284,Operation Sea Lion,431871,1578,0.006,2024-08-25T15:14:57.516+00:00,2026-10-06T20:21:17Z
2783797267,1123166882832107,Welcome to American Plains Mudding,83697884,66354,0.281,2023-11-11T15:52:52.634+00:00,2026-10-06T20:21:17Z
2783797267,607498769738490,Hidden Vehicle,2442542,3332,0.014,2023-12-30T17:34:37.336+00:00,2026-10-06T20:21:17Z
2783797267,314947669947351,Hidden Vehicle,1310929,2270,0.01,2024-03-08T04:10:37.274+00:00,2026-10-06T20:21:17Z
2783797267,341545978270739,Hidden Vehicle,892718,1540,0.007,2024-06-14T22:02:16.675+00:00,2026-10-06T20:21:17Z
2783797267,1514979861516315,Hidden Vehicle,1097169,2464,0.01,2025-10-23T00:49:32.469+00:00,2026-10-06T20:21:17Z
2783797267,3544618350782004,Hidden Trailer,644365,1346,0.006,2025-12-10T19:55:07.557+00:00,2026-10-06T20:21:17Z
2783797267,3388542076656534,Tornado Survivor,2673579,4570,0.019,2025-07-19T04:33:06.914+00:00,2026-10-06T20:21:17Z
2783797267,3227667483115084,Met a Staff Member,374295,0,0.0,2024-03-04T02:58:45.372+00:00,2026-10-06T20:21:17Z
4658598196,650963533697043,DEMO,443848,0,0.0,2023-11-30T23:53:04.904+00:00,2026-10-06T20:21:17Z
4658598196,2267240436731981,Wings of Valor,6069,5,0.0,2024-04-27T16:33:22.3+00:00,2026-10-06T20:21:17Z
4658598196,3338270307234484,Technique Mastery,703466,463,0.002,2024-04-27T16:33:49.797+00:00,2026-10-06T20:21:17Z
4658598196,1274797385767503,Scout Domination,912194,1014,0.005,2024-04-27T16:34:17.122+00:00,2026-10-06T20:21:17Z
4658598196,542247192524663,Scout Bravery,375638,661,0.003,2024-04-27T16:34:47.464+00:00,2026-10-06T20:21:17Z
4658598196,68263529528862,Scout Feats,831205,906,0.004,2024-05-16T15:39:10.415+00:00,2026-10-06T20:21:17Z
4658598196,1373876467773935,True Scout,1137055,737,0.003,2024-05-16T15:39:26.262+00:00,2026-10-06T20:21:17Z
4658598196,2900806640307436,Mortality Master,372322,354,0.002,2024-05-16T15:39:52.221+00:00,2026-10-06T20:21:17Z
4658598196,2216598544547986,Shock Absorber,1501139,1105,0.005,2024-05-16T15:40:41.041+00:00,2026-10-06T20:21:17Z
4658598196,1378722552993108,Razor Edge,2003357,1772,0.008,2024-05-16T15:41:05.398+00:00,2026-10-06T20:21:17Z
4658598196,1394803082075037,Misc,254672,158,0.001,2024-05-16T15:41:35.926+00:00,2026-10-06T20:21:17Z
4658598196,4339301948455635,Titan Mastery,183637,106,0.0,2024-06-26T21:21:40.193+00:00,2026-10-06T20:21:17Z
4658598196,4207072642629264,Operative Dominance,333847,654,0.003,2024-06-26T21:22:08.193+00:00,2026-10-06T20:21:17Z
4658598196,1101379536099383,Battle Prowess,181595,57,0.0,2024-06-26T21:22:27.503+00:00,2026-10-06T20:21:17Z
8178086002,1948743841355716,Welcome!,23203283,283425,0.611,2026-03-22T06:40:52.743+00:00,2026-10-06T20:21:17Z
7395930870,2839799180453288,Sell Lemons,50413039,105540,0.45,2026-05-13T21:20:19.576+00:00,2026-10-06T20:21:17Z
7395930870,798229121420564,Lemon Delivery,44986836,88766,0.379,2026-05-13T21:21:02.153+00:00,2026-10-06T20:21:17Z
7395930870,1670501100924687,Wholesale Lemons,34737416,67356,0.287,2026-05-13T21:21:18.539+00:00,2026-10-06T20:21:17Z
7395930870,846427648664068,Lemon Trading,20591522,38560,0.165,2026-05-13T21:21:38.422+00:00,2026-10-06T20:21:17Z
7395930870,239648239068938,Advanced Lemons,9658339,18098,0.077,2026-05-13T21:21:57.039+00:00,2026-10-06T20:21:17Z
7395930870,4335425379555311,Really Advanced Lemons,5541679,10307,0.044,2026-05-13T21:22:25.757+00:00,2026-10-06T20:21:17Z
7395930870,1961627089785243,Lemon-Based Government,3097711,5424,0.023,2026-05-13T21:23:27.607+00:00,2026-10-06T20:21:17Z
7395930870,1703862948070410,Interstellar Lemons,1544673,2827,0.012,2026-05-13T21:23:45.522+00:00,2026-10-06T20:21:17Z
7395930870,4440938742680782,Millionaire,42402629,83377,0.356,2026-05-13T21:24:46.557+00:00,2026-10-06T20:21:17Z
7395930870,1896495343286922,Billionaire,38128727,74575,0.318,2026-05-13T21:25:10.313+00:00,2026-10-06T20:21:17Z
7395930870,3733621909108985,Trillionaire,32529695,62667,0.267,2026-05-13T21:25:38.477+00:00,2026-10-06T20:21:17Z
7395930870,3422658647150754,Decillionaire,7208614,13489,0.058,2026-05-13T21:35:27.148+00:00,2026-10-06T20:21:17Z
7395930870,2539875741824246,Vigintillionaire,2311422,4160,0.018,2026-05-13T21:35:54.939+00:00,2026-10-06T20:21:17Z
7395930870,2219643958762445,Trigintillionaire,936443,1796,0.008,2026-05-13T21:36:14.723+00:00,2026-10-06T20:21:17Z
7395930870,752572950495939,Quattuorquinquagintillionaire,457194,1078,0.005,2026-05-13T21:37:44.736+00:00,2026-10-06T20:21:17Z
7395930870,3040495340594119,Centillionaire,42977,106,0.0,2026-05-13T21:38:58.774+00:00,2026-10-06T20:21:17Z
7395930870,4386641676887762,Powered Up,12918246,24555,0.105,2026-05-13T21:41:07.025+00:00,2026-10-06T20:21:17Z
7395930870,1527780026429423,Ultimate Power,301170,1088,0.005,2026-05-13T21:41:23.56+00:00,2026-10-06T20:21:17Z
7395930870,606453995581949,Out of this World,14405679,25800,0.11,2026-05-13T21:40:01.012+00:00,2026-10-06T20:21:17Z
7395930870,2744375491202297,Dimensional Dealmaker,3366688,6147,0.026,2026-05-13T21:40:19.599+00:00,2026-10-06T20:21:17Z
7395930870,2201565160384129,We Are So Back,313232,914,0.004,2026-05-13T21:40:49.778+00:00,2026-10-06T20:21:17Z
7395930870,1821897696658305,Cosmic Farmer,2956396,4006,0.017,2026-05-13T21:41:41.813+00:00,2026-10-06T20:21:17Z
7395930870,1464971918588968,Good Samaritan,1337845,1575,0.007,2026-05-13T21:42:03.754+00:00,2026-10-06T20:21:17Z
7395930870,3444101164439056,Purity,40900,111,0.0,2026-05-13T21:52:37.973+00:00,2026-10-06T20:21:17Z
7395930870,3222464253783609,The Visitors,44719,0,0.0,2026-08-10T22:48:36.454+00:00,2026-10-06T20:21:17Z
7395930870,2515489984285035,Out of Breath,41001,481,0.002,2026-09-17T23:14:19.802+00:00,2026-10-06T20:21:17Z
7395930870,4097894705863980,Nothing Burger,35289,420,0.002,2026-09-17T23:15:47.567+00:00,2026-10-06T20:21:17Z
7395930870,953021062982855,Robot Craze,29254,351,0.001,2026-09-17T23:16:19.307+00:00,2026-10-06T20:21:17Z
7395930870,886277173604996,Community Bonding,22038,289,0.001,2026-09-17T23:31:25.743+00:00,2026-10-06T20:21:17Z
7395930870,1974323385543305,A Lotta Oxygen,15853,280,0.001,2026-09-17T23:31:54.024+00:00,2026-10-06T20:21:17Z
7395930870,1185805778734990,Breezy Vacation,10716,271,0.001,2026-09-17T23:34:29.117+00:00,2026-10-06T20:21:17Z
7395930870,1763972726483130,Reach to the Sky,5787,190,0.001,2026-09-17T23:34:56.337+00:00,2026-10-06T20:21:17Z
7395930870,3657794286254290,Floating Greenhouse,4427,156,0.001,2026-09-18T02:01:51.638+00:00,2026-10-06T20:21:17Z
7395930870,342186871730170,Spaghettification,1612,83,0.0,2026-09-18T02:03:06.732+00:00,2026-10-06T20:21:17Z
7395930870,614988805046170,Clarity,82,9,0.0,2026-09-18T02:04:13.125+00:00,2026-10-06T20:21:17Z
7395930870,1400661931591095,You Peaked,2186,57,0.0,2026-09-18T02:10:30.33+00:00,2026-10-06T20:21:17Z
7395930870,1708671451381910,Brave Explorer,1819,129,0.001,2026-10-01T21:09:44.968+00:00,2026-10-06T20:21:17Z
7436755782,3181581226889239,G,514782369,70946,0.23,2025-04-07T22:29:09.644+00:00,2026-10-06T20:21:17Z
7436755782,2432009301742310,A,514015703,71269,0.231,2025-04-07T22:29:31.482+00:00,2026-10-06T20:21:17Z
7436755782,3495711621999816,R,516103173,71478,0.231,2025-04-07T22:29:46.373+00:00,2026-10-06T20:21:17Z
7436755782,3310355054544865,D,516425826,71636,0.232,2025-04-07T22:29:59.686+00:00,2026-10-06T20:21:17Z
7436755782,3195330021311033,E,516659104,71708,0.232,2025-04-07T22:30:12.917+00:00,2026-10-06T20:21:17Z
7436755782,34852060037844,N,516906763,71760,0.232,2025-04-07T22:30:22.555+00:00,2026-10-06T20:21:17Z
7436755782,3602894446235962,Purchased Advanced Sprinkler!,120506534,5821,0.019,2025-04-14T22:51:58.849+00:00,2026-10-06T20:21:17Z
7436755782,4330691652818014,Purchased Basic Sprinkler!,149451299,7050,0.023,2025-04-14T22:52:25.926+00:00,2026-10-06T20:21:17Z
7436755782,2213702621912050,Purchased Godly Sprinkler!,114445050,4648,0.015,2025-04-14T22:52:46.023+00:00,2026-10-06T20:21:17Z
7436755782,397821235877805,Spikey!,128063617,5062,0.016,2025-04-14T22:53:52.837+00:00,2026-10-06T20:21:17Z
7436755782,3966694991137927,Your first carrot!,416568899,47552,0.154,2025-04-14T22:54:35.108+00:00,2026-10-06T20:21:17Z
7436755782,674039989298417,SHINY!,235623140,21971,0.071,2025-04-14T22:54:58.595+00:00,2026-10-06T20:21:17Z
7436755782,3833249137800902,God apple!,97824033,3505,0.011,2025-04-14T22:57:07.211+00:00,2026-10-06T20:21:17Z
7436755782,3046817076424642,GIANT TOMATO,5349616,123,0.0,2025-04-14T23:10:51.559+00:00,2026-10-06T20:21:17Z
7436755782,1013473936180275,Carrot connoisseur,123891284,7473,0.024,2025-04-14T23:11:34.522+00:00,2026-10-06T20:21:17Z
7436755782,4429839651101981,Colorful fruit!,139870772,532,0.002,2025-04-14T23:12:03.169+00:00,2026-10-06T20:21:17Z
7436755782,393879997365151,Care taker,170896066,8731,0.028,2025-04-14T23:12:37.689+00:00,2026-10-06T20:21:17Z
7436755782,2585648043281722,Melon madness!,24535012,253,0.001,2025-04-14T23:13:19.265+00:00,2026-10-06T20:21:17Z
7436755782,1089770809267851,Grand Achievement,94169,1,0.0,2025-08-20T02:14:34.715+00:00,2026-10-06T20:21:17Z
7436755782,157951702469162,What Came First?,4553496,308,0.001,2025-08-20T02:15:18.183+00:00,2026-10-06T20:21:17Z
7436755782,2526153383283460,Seedpack Connoisseur,2915110,182,0.001,2025-08-20T02:15:43.133+00:00,2026-10-06T20:21:17Z
7436755782,4493388333080928,Pet Master,37675830,13590,0.044,2025-08-20T02:17:07.362+00:00,2026-10-06T20:21:17Z
7018190066,645268222125943,Travel 10km,121487239,24328,0.093,2025-01-21T21:43:40.696+00:00,2026-10-06T20:21:17Z
7018190066,2076445169223403,Travel 20km,77984861,13164,0.05,2025-01-21T21:44:08.265+00:00,2026-10-06T20:21:17Z
7018190066,4221210556563546,Travel 30km,58007590,7817,0.03,2025-01-21T21:45:01.311+00:00,2026-10-06T20:21:17Z
7018190066,2821491298750356,Travel 40km,45167319,4413,0.017,2025-01-21T21:46:40.306+00:00,2026-10-06T20:21:17Z
7018190066,1202375680478695,Travel 50km,40696666,3234,0.012,2025-01-21T21:47:08.489+00:00,2026-10-06T20:21:17Z
7018190066,1557414254631731,Travel 60km,36982978,2634,0.01,2025-01-21T21:47:39.199+00:00,2026-10-06T20:21:17Z
7018190066,936048760395435,Travel 70km,35309986,2271,0.009,2025-01-21T21:48:12.662+00:00,2026-10-06T20:21:17Z
7018190066,1644136963050667,Traveled 80km,33570965,2007,0.008,2025-01-21T21:48:45.657+00:00,2026-10-06T20:21:17Z
7018190066,626157510808872,The Bridge,31012380,2503,0.01,2025-01-21T21:49:43.963+00:00,2026-10-06T20:21:17Z
7018190066,4124647066959768,Struck by Lightning!,25147919,2394,0.009,2025-03-07T18:55:33.414+00:00,2026-10-06T20:21:17Z
7018190066,1582987977889455,Unlocked the Supply Depot,36073532,3197,0.012,2025-03-07T19:05:17.11+00:00,2026-10-06T20:21:17Z
7018190066,1869857033083964,Vampire Knife,28244326,0,0.0,2025-03-07T19:08:58.799+00:00,2026-10-06T20:21:17Z
7018190066,120704640674091,Defeat Tesla,14761893,1188,0.005,2025-03-07T19:21:13.226+00:00,2026-10-06T20:21:17Z
7018190066,4236717693152902,Tame a Unicorn,23211592,4641,0.018,2025-03-07T19:28:29.061+00:00,2026-10-06T20:21:17Z
7018190066,1212198488272003,The Hatch,469576,0,0.0,2025-06-16T02:12:04.513+00:00,2026-10-06T20:21:17Z
7018190066,1846293279919570,Noob,1212028,0,0.0,2025-09-08T03:55:01.281+00:00,2026-10-06T20:21:17Z
7018190066,18465753284486,Pro,427120,0,0.0,2025-09-08T03:56:51.71+00:00,2026-10-06T20:21:17Z
7018190066,2035145706530792,Master,126970,0,0.0,2025-09-08T03:57:19.39+00:00,2026-10-06T20:21:17Z
7018190066,3721452490610124,Extreme!,36299,0,0.0,2025-09-08T03:57:38.558+00:00,2026-10-06T20:21:17Z
7018190066,2480902591501961,Frost Bite!,1302904,0,0.0,2025-12-21T00:29:42.969+00:00,2026-10-06T20:21:17Z
7018190066,3400570421084006,Stranger Things: Tales from '85 Event Badge,491431,0,0.0,2026-04-14T18:18:39.859+00:00,2026-10-06T20:21:17Z
7585140258,1476774791890574,Welcome,35604589,218797,0.762,2025-05-27T22:53:33.533+00:00,2026-10-06T20:21:17Z
7585140258,221675219080711,Kansas Checkpoint,10091546,57224,0.199,2026-07-07T12:41:43.955+00:00,2026-10-06T20:21:17Z
7585140258,1908682035371511,Oklahoma Checkpoint,4783776,27246,0.095,2026-07-07T12:42:14.051+00:00,2026-10-06T20:21:17Z
7585140258,909676632826752,Texas Checkpoint,2833463,16815,0.059,2026-07-07T12:42:36.576+00:00,2026-10-06T20:21:17Z
7585140258,2013218517398683,International Fugitive,810744,5258,0.018,2026-07-07T12:43:32.07+00:00,2026-10-06T20:21:17Z
7585140258,337713776437514,Hardened Criminal,357297,2667,0.009,2026-07-07T12:43:59.134+00:00,2026-10-06T20:21:17Z
7585140258,2844577024267321,FDI Most Wanted,1447474,8926,0.031,2026-07-07T14:20:41.173+00:00,2026-10-06T20:21:17Z
7585140258,1228506906794186,High Roller,26864,331,0.001,2026-07-07T14:22:52.592+00:00,2026-10-06T20:21:17Z
7585140258,3918869456739824,Heist,3160677,16561,0.058,2026-07-07T14:24:53.486+00:00,2026-10-06T20:21:17Z
7585140258,2641191916596605,Getaway Driver,243881,3189,0.011,2026-07-07T20:19:06.056+00:00,2026-10-06T20:21:17Z
7585140258,2755051393265852,Anger Management,6933970,34726,0.121,2026-07-16T16:35:17.778+00:00,2026-10-06T20:21:17Z
7585140258,59882485110570,Hunting Bounties,755083,7074,0.025,2026-08-26T15:30:43.777+00:00,2026-10-06T20:21:17Z
7585140258,4067683287913275,Express escape,29493,4712,0.016,2026-10-02T15:31:02.636+00:00,2026-10-06T20:21:17Z
8719555347,253480861687000,Welcome to the game!,76942134,132871,0.454,2025-09-22T09:23:09.985+00:00,2026-10-06T20:21:17Z
8719555347,460060999963993,Spawned a Vehicle,63199757,109698,0.375,2025-09-22T09:23:31.285+00:00,2026-10-06T20:21:17Z
8719555347,3091659662171973,Spawned a Trailer,37546726,68861,0.235,2025-09-22T09:23:48.815+00:00,2026-10-06T20:21:17Z
8719555347,87107351303065,Claimed a House,7291104,17575,0.06,2025-09-22T09:24:27.635+00:00,2026-10-06T20:21:17Z
10539411000,2950030536373746,SECRET ENDING,15110469,38572,0.173,2026-07-30T00:48:05.974+00:00,2026-10-06T20:21:17Z
10539411000,3200212874326295,Leaf Collection,2709,27,0.0,2026-07-30T00:48:39.575+00:00,2026-10-06T20:21:17Z
184199275,2127874018,Played NFL Universe Football,56698916,29592,0.157,2022-08-06T07:14:12.517+00:00,2026-10-06T20:21:17Z
184199275,2127874258,Rookie,56692840,29592,0.157,2022-08-06T07:29:32.937+00:00,2026-10-06T20:21:17Z
184199275,2127874268,Pro,4986843,6473,0.034,2022-08-06T07:30:00.743+00:00,2026-10-06T20:21:17Z
184199275,2127874294,All Pro,2848865,3091,0.016,2022-08-06T07:31:09.77+00:00,2026-10-06T20:21:17Z
184199275,2127874302,Play Maker,1810687,2306,0.012,2022-08-06T07:31:37.937+00:00,2026-10-06T20:21:17Z
184199275,2127874313,Super Star,1080113,1984,0.011,2022-08-06T07:32:25.837+00:00,2026-10-06T20:21:17Z
184199275,2127874325,MVP,640131,1659,0.009,2022-08-06T07:33:22.653+00:00,2026-10-06T20:21:17Z
184199275,2127874329,Legend,399072,1437,0.008,2022-08-06T07:33:48.513+00:00,2026-10-06T20:21:17Z
184199275,2127874337,Hall of Fame,270347,1230,0.007,2022-08-06T07:34:13.48+00:00,2026-10-06T20:21:17Z
184199275,2127874346,Reached 100,196733,978,0.005,2022-08-06T07:34:34.427+00:00,2026-10-06T20:21:17Z
184199275,2127874373,Tutorial,38203,0,0.0,2022-08-06T07:36:27.653+00:00,2026-10-06T20:21:17Z
184199275,2127874376,Met A Creator,129199,0,0.0,2022-08-06T07:36:51.39+00:00,2026-10-06T20:21:17Z
184199275,2127874409,Dimer,674969,403,0.002,2022-08-06T07:38:59.51+00:00,2026-10-06T20:21:17Z
184199275,2127874420,Gun Slinger,276996,179,0.001,2022-08-06T07:39:41.85+00:00,2026-10-06T20:21:17Z
184199275,2127874437,Clutch Quarterback,105182,98,0.001,2022-08-06T07:40:54.55+00:00,2026-10-06T20:21:17Z
184199275,2127874462,Dead Eye,29470,29,0.0,2022-08-06T07:42:29.81+00:00,2026-10-06T20:21:17Z
184199275,2127874468,Hall of Fame QB,3712,2,0.0,2022-08-06T07:42:49.06+00:00,2026-10-06T20:21:17Z
184199275,2127874544,Ball Hawk,731600,376,0.002,2022-08-06T07:47:29.12+00:00,2026-10-06T20:21:17Z
184199275,2127874551,Catch King,226945,133,0.001,2022-08-06T07:47:54.73+00:00,2026-10-06T20:21:17Z
184199275,2127874555,Sticky Hands,60364,47,0.0,2022-08-06T07:48:13.48+00:00,2026-10-06T20:21:17Z
184199275,2127874571,Magnet,10983,9,0.0,2022-08-06T07:49:06.713+00:00,2026-10-06T20:21:17Z
184199275,2127874581,Hall of Fame WR,864,0,0.0,2022-08-06T07:49:22.757+00:00,2026-10-06T20:21:17Z
184199275,2127874601,Pound the Rock,1157121,520,0.003,2022-08-06T07:50:29.593+00:00,2026-10-06T20:21:17Z
184199275,2127874610,Beast Mode,707974,328,0.002,2022-08-06T07:50:44.907+00:00,2026-10-06T20:21:17Z
184199275,2127874615,Flash,276962,142,0.001,2022-08-06T07:51:00.87+00:00,2026-10-06T20:21:17Z
184199275,2127874623,Train,96494,58,0.0,2022-08-06T07:51:17.6+00:00,2026-10-06T20:21:17Z
184199275,2127874637,Hall of Fame RB,21769,18,0.0,2022-08-06T07:52:17.697+00:00,2026-10-06T20:21:17Z
184199275,2127874645,Not in my House!,1223125,643,0.003,2022-08-06T07:53:06.66+00:00,2026-10-06T20:21:17Z
184199275,2127874651,No Fly Zone,321933,178,0.001,2022-08-06T07:53:22.38+00:00,2026-10-06T20:21:17Z
184199275,2127874657,Legion of Doom,66118,45,0.0,2022-08-06T07:53:41.73+00:00,2026-10-06T20:21:17Z
184199275,2127874666,Hawkeye,12743,11,0.0,2022-08-06T07:54:12.737+00:00,2026-10-06T20:21:17Z
184199275,2127874671,Hall of Fame CB,1796,2,0.0,2022-08-06T07:54:32.15+00:00,2026-10-06T20:21:17Z
184199275,2127874711,The Wall,3340187,1971,0.01,2022-08-06T07:56:51.413+00:00,2026-10-06T20:21:17Z
184199275,2127874723,Nowhere to Hide,700161,306,0.002,2022-08-06T07:57:33.763+00:00,2026-10-06T20:21:17Z
184199275,2127874733,Unstoppable Force,268203,127,0.001,2022-08-06T07:58:01.123+00:00,2026-10-06T20:21:17Z
184199275,2127874743,"Not Here, Not Anywhere",61723,40,0.0,2022-08-06T07:58:32.09+00:00,2026-10-06T20:21:17Z
184199275,2127874750,Hall of Fame Tackler,4052,8,0.0,2022-08-06T07:58:50.84+00:00,2026-10-06T20:21:17Z
184199275,2127874775,Super Leg,606866,386,0.002,2022-08-06T08:00:10.673+00:00,2026-10-06T20:21:17Z
184199275,2127874783,Game Winner,308305,191,0.001,2022-08-06T08:00:54.093+00:00,2026-10-06T20:21:17Z
184199275,2127874789,Clutch Kicker,122633,97,0.001,2022-08-06T08:01:13.577+00:00,2026-10-06T20:21:17Z
184199275,2127874798,Mr. Accuracy,24604,18,0.0,2022-08-06T08:01:45.04+00:00,2026-10-06T20:21:17Z
184199275,2127874803,Hall of Fame Kicker,5664,1,0.0,2022-08-06T08:01:58.307+00:00,2026-10-06T20:21:17Z
184199275,2127874819,Money Bags,3177033,2,0.0,2022-08-06T08:02:50.95+00:00,2026-10-06T20:21:17Z
184199275,2127874827,Bank Vault,1433739,0,0.0,2022-08-06T08:03:17.15+00:00,2026-10-06T20:21:17Z
184199275,2127874841,Wallet Warrior,776009,1,0.0,2022-08-06T08:03:59.757+00:00,2026-10-06T20:21:17Z
184199275,2127874845,King of Trades,193995,0,0.0,2022-08-06T08:04:15.843+00:00,2026-10-06T20:21:17Z
184199275,2127874853,Trade Hub Warrior,33654,0,0.0,2022-08-06T08:04:32.31+00:00,2026-10-06T20:21:17Z
184199275,850229962680189,Silver #1,88660,0,0.0,2024-07-24T17:14:59.292+00:00,2026-10-06T20:21:17Z
184199275,1013296719138825,Silver #2,69920,0,0.0,2024-07-24T17:15:08.892+00:00,2026-10-06T20:21:17Z
184199275,2519748116484910,Silver #3,59494,0,0.0,2024-07-24T17:15:18.713+00:00,2026-10-06T20:21:17Z
184199275,2963292191032483,Shine #1,57502,0,0.0,2024-07-24T17:15:30.852+00:00,2026-10-06T20:21:17Z
184199275,3335139194922076,Shine #2,50498,0,0.0,2024-07-24T17:15:40.846+00:00,2026-10-06T20:21:17Z
184199275,3446585576279290,Shine #3,47657,0,0.0,2024-07-24T17:15:54.779+00:00,2026-10-06T20:21:17Z
2936053166,2124837285,First Time Played,308724238,170467,0.417,2021-10-03T18:54:09.59+00:00,2026-10-06T20:21:17Z
2936053166,2124837287,First Win,241723711,151878,0.371,2021-10-03T18:54:50.08+00:00,2026-10-06T20:21:17Z
2936053166,2124837288,5 Wins,89707826,66818,0.163,2021-10-03T18:55:08.463+00:00,2026-10-06T20:21:17Z
2936053166,2124837289,10 Wins,44916313,36646,0.09,2021-10-03T18:55:29.047+00:00,2026-10-06T20:21:17Z
2936053166,2124837290,25 Wins,15963711,13811,0.034,2021-10-03T18:55:44.647+00:00,2026-10-06T20:21:17Z
2936053166,2124837291,50 Wins,6776339,6088,0.015,2021-10-03T18:55:57.627+00:00,2026-10-06T20:21:17Z
2936053166,2124837292,100 Wins,2654574,2461,0.006,2021-10-03T18:56:11.53+00:00,2026-10-06T20:21:17Z
2936053166,2124837293,250 Wins,612921,659,0.002,2021-10-03T18:56:25.37+00:00,2026-10-06T20:21:17Z
2936053166,2124837294,500 Wins,160458,192,0.0,2021-10-03T18:56:43.413+00:00,2026-10-06T20:21:17Z
2936053166,2124837295,1000 Wins,35587,49,0.0,2021-10-03T18:56:55.733+00:00,2026-10-06T20:21:17Z
2936053166,2124837296,Meet the Owner,39689,0,0.0,2021-10-03T18:57:13.64+00:00,2026-10-06T20:21:17Z
2936053166,3243705188966685,Play as the FRONTMAN,7663817,5970,0.015,2025-01-17T12:40:12.376+00:00,2026-10-06T20:21:17Z
2936053166,1707277447211888,Play as 001,3296390,2620,0.006,2025-01-26T14:33:52.413+00:00,2026-10-06T20:21:17Z
2936053166,33282962398768,Play as 456,3210523,2555,0.006,2025-01-26T14:34:04.501+00:00,2026-10-06T20:21:17Z
2936053166,1730316676355123,Easter Egg Hunt 2025,19220,0,0.0,2025-04-15T17:02:39.697+00:00,2026-10-06T20:21:17Z
2936053166,2965015333997646,Easter Egg Hunt 2026,11031,0,0.0,2026-04-05T17:17:14.105+00:00,2026-10-06T20:21:17Z
4049246711,2142457718,Alpha,56859656,52208,0.13,2023-03-15T22:04:21.1+00:00,2026-10-06T20:21:17Z
4049246711,2142458153,Beta,0,0,0.0,2023-03-15T22:26:42.433+00:00,2026-10-06T20:21:17Z
10732236937,1556115071150091,New Player,0,0,0.0,2026-09-22T09:08:47.071+00:00,2026-10-06T20:21:17Z
10732236937,3101102320378184,Max Gojira 1954,0,0,0.0,2026-09-22T09:09:04.531+00:00,2026-10-06T20:21:17Z
10732236937,238418715349939,Max Showa Anguirus,0,0,0.0,2026-09-22T09:09:32.426+00:00,2026-10-06T20:21:17Z
10732236937,4465667740435497,Max Kamata Kun,0,0,0.0,2026-09-22T09:09:44.581+00:00,2026-10-06T20:21:17Z
10732236937,742065069186184,Max All Kaiju,0,0,0.0,2026-09-22T09:11:21.251+00:00,2026-10-06T20:21:17Z
10732236937,1556568653407034,Max Destroyah Final Form,0,0,0.0,2026-09-22T09:14:33.687+00:00,2026-10-06T20:21:17Z
10732236937,3047349296555306,Max Monster Zero,0,0,0.0,2026-09-22T09:15:05.499+00:00,2026-10-06T20:21:17Z
10732236937,149906250974644,Max Ultima Godzilla,0,0,0.0,2026-09-22T09:17:48.407+00:00,2026-10-06T20:21:17Z
10732236937,2688900860048292,Max Space Godzilla,0,0,0.0,2026-09-22T09:18:06.237+00:00,2026-10-06T20:21:17Z
10732236937,633548255249643,Max Shimo,0,0,0.0,2026-09-22T09:19:05.65+00:00,2026-10-06T20:21:17Z
10732236937,3675594145313378,Max Heisei Godzilla,0,0,0.0,2026-09-22T09:23:34.95+00:00,2026-10-06T20:21:17Z
210851291,851853565,Master Boater!,71746743,8440,0.04,2017-06-05T01:52:17.68+00:00,2026-10-06T20:21:17Z
210851291,1523822849,Treasure Hunter!,120431187,12519,0.06,2018-03-18T19:26:05.42+00:00,2026-10-06T20:21:17Z
210851291,2124488541,Treasure Expert!,64149991,7640,0.036,2019-10-05T19:29:31.577+00:00,2026-10-06T20:21:17Z
210851291,2124541479,Treasure Master!,35137413,5331,0.025,2020-05-25T21:03:56.35+00:00,2026-10-06T20:21:17Z
210851291,2124634305,Challenge Winner!,4699876,474,0.002,2020-11-09T17:50:16.103+00:00,2026-10-06T20:21:17Z
9855761734,2131252913373382,Welcome to San Diego,35544557,60114,0.282,2026-04-23T22:42:29.135+00:00,2026-10-06T20:21:17Z
9855761734,1371615101184751,Stamp of Approval,6418540,13424,0.063,2026-04-23T22:43:04.13+00:00,2026-10-06T20:21:17Z
9855761734,1436550904933458,Secondary Inspection,6081878,12528,0.059,2026-04-23T22:43:26.015+00:00,2026-10-06T20:21:17Z
9855761734,2127778149763409,Scanner Operator,3964612,7324,0.034,2026-04-23T22:43:45.7+00:00,2026-10-06T20:21:17Z
9855761734,2571617143368283,First Catch,3214754,8166,0.038,2026-04-23T22:44:02.355+00:00,2026-10-06T20:21:17Z
9855761734,3136947409148283,Checkpoint Veteran,1705064,3651,0.017,2026-04-23T22:45:37.662+00:00,2026-10-06T20:21:17Z
9855761734,1896854080514217,Chief of the Line,94999,351,0.002,2026-04-23T22:46:02.318+00:00,2026-10-06T20:21:17Z
9855761734,1801458688018153,Troop Commander,117867,550,0.003,2026-04-23T22:47:58.453+00:00,2026-10-06T20:21:17Z
9855761734,992483860787712,Captain,6432,75,0.0,2026-04-23T22:48:17.268+00:00,2026-10-06T20:21:17Z
9855761734,3789127592811183,Director,9900,64,0.0,2026-04-23T22:48:33.82+00:00,2026-10-06T20:21:17Z
9855761734,570024235597698,Federal Career,1002,16,0.0,2026-04-23T22:49:51.61+00:00,2026-10-06T20:21:17Z
9855761734,3331341233490390,Checkpoint Crossing,22528963,27400,0.129,2026-04-23T22:50:11.296+00:00,2026-10-06T20:21:17Z
9855761734,415994140202772,Armed and Suspicious,9687321,15278,0.072,2026-04-23T22:51:37.046+00:00,2026-10-06T20:21:17Z
9855761734,4304714854335336,Serious Criminal,1331653,4406,0.021,2026-04-23T22:51:59.955+00:00,2026-10-06T20:21:17Z
9855761734,746796463643490,Clean Getaway,3627814,6638,0.031,2026-04-23T22:52:24.083+00:00,2026-10-06T20:21:17Z
9855761734,49735963453947,First Sale,18769063,22408,0.105,2026-04-23T22:52:43.504+00:00,2026-10-06T20:21:17Z
9855761734,1701447353808374,Briefcase Business,13542768,15422,0.072,2026-04-23T22:52:59.593+00:00,2026-10-06T20:21:17Z
9855761734,1824636413205580,Full Bag,6989400,8730,0.041,2026-04-23T22:53:19.92+00:00,2026-10-06T20:21:17Z
9855761734,3886053817819349,High-Value Haul,1898810,5568,0.026,2026-04-23T22:53:39.656+00:00,2026-10-06T20:21:17Z
9855761734,584131048169284,Big Balance,26489885,49248,0.231,2026-04-23T22:53:53.604+00:00,2026-10-06T20:21:17Z
9855761734,69693730682733,Six Figures,2328237,9530,0.045,2026-04-23T22:54:06.305+00:00,2026-10-06T20:21:17Z
9855761734,2824690770733475,Millionaire,375613,1409,0.007,2026-04-23T22:54:30.826+00:00,2026-10-06T20:21:17Z
1176784616,2895606253207273,Triumph Voidcore,27260,60,0.0,2026-05-13T21:38:27.58+00:00,2026-10-06T20:21:17Z
1176784616,3068686954467604,Triumph Hardcore,251479,533,0.002,2026-06-03T22:39:28.244+00:00,2026-10-06T20:21:17Z
1176784616,1140895266172747,Defeat Void Brute,35814,69,0.0,2026-06-03T00:19:43.015+00:00,2026-10-06T20:21:17Z
1176784616,2217302268901977,Defeat Void Keeper,36333,69,0.0,2026-06-03T00:20:24.284+00:00,2026-10-06T20:21:17Z
1176784616,989020802395867,Defeat Vindicator,33930,71,0.0,2026-06-03T00:21:16.332+00:00,2026-10-06T20:21:17Z
1176784616,3436460691164478,Defeat Soul Stealer,31888,72,0.0,2026-06-03T00:20:44.848+00:00,2026-10-06T20:21:17Z
1176784616,648906810873817,Defeat Void Swordmaster,30266,61,0.0,2026-06-03T00:21:56.159+00:00,2026-10-06T20:21:17Z
1176784616,2124615656,Welcome to TDS!,20746325,10741,0.039,2020-10-01T04:03:15.583+00:00,2026-10-06T20:21:17Z
1176784616,2124477834,Level 10,18675340,3320,0.012,2019-07-22T19:27:56.747+00:00,2026-10-06T20:21:17Z
1176784616,2124477835,Lvl 20,11556514,1910,0.007,2019-07-22T19:28:36.007+00:00,2026-10-06T20:21:17Z
1176784616,2124475816,Level 30,8246641,1332,0.005,2019-07-10T01:57:11.29+00:00,2026-10-06T20:21:17Z
1176784616,2124477836,Level 50,4923920,801,0.003,2019-07-22T19:32:53.71+00:00,2026-10-06T20:21:17Z
1176784616,2124477837,Level 75,3126618,604,0.002,2019-07-22T19:33:29.727+00:00,2026-10-06T20:21:17Z
1176784616,2124477838,Level 100,2288898,522,0.002,2019-07-22T19:33:37.303+00:00,2026-10-06T20:21:17Z
1176784616,265315644206668,Reach Level 150!,1295376,433,0.002,2024-04-18T16:15:29.808+00:00,2026-10-06T20:21:17Z
1176784616,4101345145774971,Defeated the Brute,6810442,6238,0.022,2025-03-14T17:15:45.784+00:00,2026-10-06T20:21:17Z
1176784616,2124572793,Defeat Grave Digger,13165976,4627,0.017,2020-07-08T19:01:36.41+00:00,2026-10-06T20:21:17Z
1176784616,2433001319089453,Defeated Patient Zero!,6623710,3508,0.013,2024-05-06T16:01:41.977+00:00,2026-10-06T20:21:17Z
1176784616,2124572794,Defeat Molten Warlord,17472086,1518,0.005,2020-07-08T19:01:51.763+00:00,2026-10-06T20:21:17Z
1176784616,2124615655,Defeat the Fallen King,2813471,1459,0.005,2020-10-01T04:03:01.547+00:00,2026-10-06T20:21:17Z
1176784616,2790492159514336,Defeat the Frost Spirit,1211468,911,0.003,2025-12-03T14:02:59.968+00:00,2026-10-06T20:21:17Z
1176784616,1270412135564244,???,93959,30,0.0,2024-08-01T15:24:15.918+00:00,2026-10-06T20:21:17Z
1176784616,2127670181,Defeated Nuclear Monster!,1197997,473,0.002,2022-07-28T02:25:26.727+00:00,2026-10-06T20:21:17Z
1176784616,2128794382,Defeated Gunslinger!,2234070,1047,0.004,2022-09-30T04:52:45.183+00:00,2026-10-06T20:21:17Z
1176784616,2128794398,Quickdraw!,226022,110,0.0,2022-09-30T04:55:39.12+00:00,2026-10-06T20:21:17Z
1176784616,2129234537,Defeated Wox The Fox!,2953162,684,0.002,2022-10-30T05:14:34.407+00:00,2026-10-06T20:21:17Z
1176784616,2129234540,The Lost Souls,336665,92,0.0,2022-10-30T05:14:56.6+00:00,2026-10-06T20:21:17Z
1176784616,2703976016483602,Defeated The Champion Templar,304682,10,0.0,2025-07-22T23:51:18.414+00:00,2026-10-06T20:21:17Z
1176784616,3808746066588894,First Ranked Match Win,588936,65,0.0,2025-07-22T23:51:39.942+00:00,2026-10-06T20:21:17Z
1176784616,726708003932314,First Match Win,994517,316,0.001,2025-07-22T23:51:54.24+00:00,2026-10-06T20:21:17Z
1176784616,2917934873985054,Sabotage the Plant,428533,852,0.003,2026-04-20T22:27:26.19+00:00,2026-10-06T20:21:17Z
1176784616,1325958825533510,Live Event 9/25,270305,0,0.0,2026-09-22T18:08:24.959+00:00,2026-10-06T20:21:17Z
10741654282,1277835857045252,Hacker Event 2026,7706374,0,0.0,2026-09-05T05:27:20.371+00:00,2026-10-06T20:21:17Z
10741654282,4204968110267653,Welcome!,12564003,182300,0.599,2026-09-05T05:27:57.962+00:00,2026-10-06T20:21:17Z
10741654282,1091825320056581,You defeated the King 1x1x1x1,1679295,40806,0.134,2026-09-05T05:29:01.517+00:00,2026-10-06T20:21:17Z
10701628624,2750062175677903,First Day on the Job,5973919,290498,0.93,2026-09-16T17:44:12.315+00:00,2026-10-06T20:21:17Z
10701628624,2454502993205399,Still Standing,3714559,176508,0.566,2026-09-16T17:44:26.641+00:00,2026-10-06T20:21:17Z
10701628624,1936094203290132,Night Shift Veteran,290210,13009,0.042,2026-09-16T17:45:00.14+00:00,2026-10-06T20:21:17Z
10701628624,2747718496628702,Daycare Legend,23496,1297,0.004,2026-09-16T17:45:12.837+00:00,2026-10-06T20:21:17Z
10701628624,4057135134095766,Imposter Hunter,38540,2158,0.007,2026-09-16T17:45:48.76+00:00,2026-10-06T20:21:17Z
7008097940,4187806127094668,Survived Red Light Green Light,152653520,54509,0.239,2025-06-24T07:19:54.681+00:00,2026-10-06T20:21:17Z
7008097940,2094300579314700,Mona Lisa Cookie,23543502,4703,0.021,2025-06-24T07:20:37.99+00:00,2026-10-06T20:21:17Z
7008097940,3617138737771070,Sack Boy Cookie,23706381,4799,0.021,2025-06-24T07:24:38.918+00:00,2026-10-06T20:21:17Z
7008097940,1312014459598846,Survived Dalgona,111565559,28915,0.127,2025-06-24T07:25:04.899+00:00,2026-10-06T20:21:17Z
7008097940,4203426762584758,Survived Lights Out,89559341,25575,0.112,2025-07-02T15:35:19.628+00:00,2026-10-06T20:21:17Z
7008097940,4307483715809527,Survived Hide and Seek,26166764,7328,0.032,2025-07-29T01:36:52.326+00:00,2026-10-06T20:21:17Z
7008097940,3274773295144305,Survived Tug of War,39981816,12943,0.057,2025-06-24T07:25:50.49+00:00,2026-10-06T20:21:17Z
7008097940,369485252164668,Survived Jump Rope,17667993,4673,0.02,2025-07-29T01:38:58.165+00:00,2026-10-06T20:21:17Z
7008097940,2414400751160431,Survived Glass Bridge,31542256,5622,0.025,2025-06-24T07:26:14.648+00:00,2026-10-06T20:21:17Z
7008097940,1661805062230531,Started a Rebellion,17152234,2807,0.012,2025-06-24T07:27:15.14+00:00,2026-10-06T20:21:17Z
7008097940,3949918959647299,Survived Mingle,20311380,6608,0.029,2025-06-24T07:27:52.867+00:00,2026-10-06T20:21:17Z
7008097940,3137308320562215,Survived The Squid Game [Ending 1],7995989,2609,0.011,2025-06-24T07:29:55.308+00:00,2026-10-06T20:21:17Z
7008097940,715843345697470,Escaped During a Rebellion [Ending 2],6530953,662,0.003,2025-06-24T07:27:36.124+00:00,2026-10-06T20:21:17Z
7008097940,3668334320788942,Survived The SKY Squid Games [Ending 3],2748414,335,0.001,2025-08-09T17:12:32.781+00:00,2026-10-06T20:21:17Z
4293374620,2013706711496369,Bronze Rank,1522633,3255,0.011,2025-09-15T18:58:20.805+00:00,2026-10-06T20:21:17Z
4293374620,481759777378584,Silver Rank,80258,90,0.0,2025-09-15T18:59:21.257+00:00,2026-10-06T20:21:17Z
4293374620,3519991405836558,Gold Rank,50978,54,0.0,2025-09-15T18:59:47.432+00:00,2026-10-06T20:21:17Z
4293374620,265308190974940,Platinum Rank,38960,48,0.0,2025-09-15T19:02:46.56+00:00,2026-10-06T20:21:17Z
4293374620,3265362915398435,Elite Rank,30581,29,0.0,2025-10-06T16:14:55.643+00:00,2026-10-06T20:21:17Z
4293374620,4425235399182204,Champion Rank,27429,22,0.0,2025-09-15T19:03:21.658+00:00,2026-10-06T20:21:17Z
4293374620,995557426621684,Icon Rank,20842,18,0.0,2025-10-06T16:15:12.803+00:00,2026-10-06T20:21:17Z
4293374620,2121460492915524,Continental Champion!,14772400,0,0.0,2026-06-05T17:09:21.177+00:00,2026-10-06T20:21:17Z
4452297356,2141994346,Welcome to Neighbors!,70031748,31830,0.256,2023-03-06T00:27:30.527+00:00,2026-10-06T20:21:17Z
4452297356,2142070643,Veteran Player,8064100,3677,0.03,2023-03-07T23:59:06.103+00:00,2026-10-06T20:21:17Z
4452297356,2145030175,30 Minutes,19816310,12626,0.101,2023-05-01T21:15:45.307+00:00,2026-10-06T20:21:17Z
4452297356,2145030215,1 Hour,14216435,9473,0.076,2023-05-01T21:16:52.627+00:00,2026-10-06T20:21:17Z
4452297356,2145030222,2 Hours,9634756,6493,0.052,2023-05-01T21:17:13.807+00:00,2026-10-06T20:21:17Z
4452297356,2145030229,4 Hours,6092920,4410,0.035,2023-05-01T21:17:42.303+00:00,2026-10-06T20:21:17Z
4452297356,2145030250,10 Hours,2999981,2333,0.019,2023-05-01T21:18:33.887+00:00,2026-10-06T20:21:17Z
4452297356,2145030261,24 Hours,1386879,1183,0.01,2023-05-01T21:19:02.813+00:00,2026-10-06T20:21:17Z
4452297356,2145030274,50 Hours,648571,616,0.005,2023-05-01T21:19:38.613+00:00,2026-10-06T20:21:17Z
4452297356,2145030285,100 Hours,264386,254,0.002,2023-05-01T21:20:02.027+00:00,2026-10-06T20:21:17Z
4452297356,2146519861,VR User,1573724,253,0.002,2023-05-31T22:10:07.213+00:00,2026-10-06T20:21:17Z
10634461028,1302385607134084,Meet The Owner,85,0,0.0,2026-09-19T10:44:50.287+00:00,2026-10-06T20:21:17Z
9561553764,3960928714112656,Welcome,38516147,159680,0.383,2026-05-09T20:31:06.347+00:00,2026-10-06T20:21:17Z
9561553764,775045532549068,Winner,28568313,123128,0.296,2026-05-09T20:31:22.046+00:00,2026-10-06T20:21:17Z
9561553764,527729984647434,Aced,3089974,14631,0.035,2026-05-09T20:32:03.777+00:00,2026-10-06T20:21:17Z
9561553764,4087984849550445,Legend,6533,37,0.0,2026-05-09T23:42:17.032+00:00,2026-10-06T20:21:17Z
7398552394,220194642661747,Meet the Developer,238,0,0.0,2025-06-26T16:09:01.813+00:00,2026-10-06T20:21:17Z
7398552394,1330115441436066,Welcome to desrt,35333421,60700,0.308,2025-06-26T16:10:07.239+00:00,2026-10-06T20:21:17Z
7398552394,3478497767669003,Get Struck Down by Lightning,534488,1,0.0,2025-09-10T09:36:18.2+00:00,2026-10-06T20:21:17Z
7398552394,2341702642882342,A bit windy today,2628778,10169,0.052,2025-11-06T22:36:28.271+00:00,2026-10-06T20:21:17Z
7398552394,191126524028989,What?,5241735,0,0.0,2025-12-13T11:29:53.067+00:00,2026-10-06T20:21:17Z
321778215,970146759482424,Royalloween 2026!,739538,10142,0.088,2026-09-08T05:57:08.122+00:00,2026-10-06T20:21:17Z
321778215,3432111686172669,Beat the Super Scary Maze 2026!,174211,1777,0.015,2026-09-09T05:35:57.657+00:00,2026-10-06T20:21:17Z
321778215,2124497636,Royale High Writer's Award!,515,0,0.0,2019-12-18T04:32:12.747+00:00,2026-10-06T20:21:17Z
321778215,657345706120454,Royale High Writer's Honorable Mention!,189,1,0.0,2026-09-07T07:39:51.384+00:00,2026-10-06T20:21:17Z
321778215,4326067981930406,From The Hollow...,1366,66,0.001,2026-09-05T08:16:00.25+00:00,2026-10-06T20:21:17Z
321778215,542775327963228,I Met Top Player sweetlife0611!,8136,199,0.002,2026-08-08T23:06:02.05+00:00,2026-10-06T20:21:17Z
321778215,1413780308496733,I Met Makeup Artist Mugalo!,823,0,0.0,2026-08-06T03:02:29.484+00:00,2026-10-06T20:21:17Z
321778215,2372041564316143,I Met Designer Bunsi (BunniBlossomss)!,1724,0,0.0,2026-08-06T03:03:19.545+00:00,2026-10-06T20:21:17Z
321778215,3453922992134769,I Met Developer Alma!,674,0,0.0,2026-07-24T23:16:15.053+00:00,2026-10-06T20:21:17Z
321778215,1649275532449318,I Met Developer Neopolitime!,766,0,0.0,2026-08-06T01:40:59.582+00:00,2026-10-06T20:21:17Z
321778215,1765303644826000,I Met YouTuber ttrhyuh!,4780,19,0.0,2026-08-06T01:41:18.051+00:00,2026-10-06T20:21:17Z
321778215,928847961025158,I Met Artist DollieBisou!,1090,0,0.0,2026-08-06T01:41:36.291+00:00,2026-10-06T20:21:17Z
321778215,96159784634211,I Met Designer & Content Creator Riles Royale!,728,0,0.0,2026-08-06T01:42:11.138+00:00,2026-10-06T20:21:17Z
321778215,250651553558781,I Met Content Creator SnoozySenivo!,1338,0,0.0,2026-08-06T02:11:20.287+00:00,2026-10-06T20:21:17Z
321778215,3961213915478880,I Met Content Creator Royale_Anastas1a!,2461,0,0.0,2026-08-06T02:12:10.036+00:00,2026-10-06T20:21:17Z
321778215,3577869358738169,I Met YouTuber Alyssa_Plays04!,5611,0,0.0,2026-08-06T02:14:17.485+00:00,2026-10-06T20:21:17Z
321778215,4001014236208945,I Met Content Creator Roya1eSoph!,903,0,0.0,2026-08-06T02:15:26.435+00:00,2026-10-06T20:21:17Z
321778215,4394054496465851,I Met Content Creator cosmicpresence!,2773,17,0.0,2026-08-06T02:19:40.875+00:00,2026-10-06T20:21:17Z
321778215,4267286919837492,I Met Content Creator SugxrNymph!,2017,9,0.0,2026-08-06T02:20:29.422+00:00,2026-10-06T20:21:17Z
321778215,1352999714408216,I Met Developer Lippylolx!,425,0,0.0,2026-08-06T02:21:32.252+00:00,2026-10-06T20:21:17Z
321778215,1520642388592405,I Met Content Creator PossiblyLila!,3274,0,0.0,2026-08-06T02:24:14.521+00:00,2026-10-06T20:21:17Z
321778215,1260350915964354,I Met Royale Concepter Varzkitt!,21,0,0.0,2026-08-06T02:24:46.484+00:00,2026-10-06T20:21:17Z
321778215,4226828087283069,I Met Content Creator Descend!,5762,0,0.0,2026-08-06T02:28:23.994+00:00,2026-10-06T20:21:17Z
321778215,833168319688940,I Met Influencer Itznotmeyroya1e!,6039,31,0.0,2026-08-06T02:31:37.435+00:00,2026-10-06T20:21:17Z
321778215,1304540503209105,I Met Content Creator Eva Milana!,2039,0,0.0,2026-08-06T02:32:07.439+00:00,2026-10-06T20:21:17Z
321778215,2501782367060107,I Met Content Creator Diamond💎Rainbow🌈!,4524,104,0.001,2026-08-06T02:32:47.141+00:00,2026-10-06T20:21:17Z
321778215,2360454643627533,I Met YouTuber And Streamer nealygames!,1980,0,0.0,2026-08-06T02:33:16.126+00:00,2026-10-06T20:21:17Z
321778215,3330628861645735,I Met Influencer RoyaleLara (NotRoyaleLara)!,449,0,0.0,2026-08-06T02:34:10.135+00:00,2026-10-06T20:21:17Z
321778215,1802411975882356,I Met YouTuber marymoon!,4630,0,0.0,2026-08-06T02:35:44.284+00:00,2026-10-06T20:21:17Z
321778215,3705000354940581,All Wound Up... A Magical Melody,1235,14,0.0,2026-07-13T22:03:29.497+00:00,2026-10-06T20:21:17Z
321778215,2284476971713441,Contributed with the Castle Heart Suite!,1755,2,0.0,2026-06-17T22:28:36.554+00:00,2026-10-06T20:21:17Z
321778215,4253284110813757,A Tentacled Tantrum!,4248,0,0.0,2026-06-08T22:36:07.61+00:00,2026-10-06T20:21:17Z
321778215,3695720096867428,Nestled Between the Blossoms,6307,0,0.0,2026-02-27T04:08:06.784+00:00,2026-10-06T20:21:17Z
321778215,3028529766044578,Water Fairy Fashion Doll! (Series 2),9227,6,0.0,2026-02-25T08:45:42.743+00:00,2026-10-06T20:21:17Z
321778215,1640466933793259,Dark Fairy Fashion Doll! (Series 2),11090,13,0.0,2026-02-25T08:46:32.192+00:00,2026-10-06T20:21:17Z
321778215,1205618947232338,Fire Fairy + Locker Doll! (Series 2),4646,24,0.0,2026-02-25T08:46:08.006+00:00,2026-10-06T20:21:17Z
321778215,2440007711730642,Light Fairy + Locker Doll! (Series 2),4779,35,0.0,2026-02-25T08:45:55.161+00:00,2026-10-06T20:21:17Z
321778215,3965046856402009,Legacy 2x Gamepass Holder!,409875,287,0.002,2026-02-16T23:39:43.459+00:00,2026-10-06T20:21:17Z
321778215,216795153237732,Legacy 4x Gamepass Holder!,312908,206,0.002,2026-02-16T23:39:55.71+00:00,2026-10-06T20:21:17Z
321778215,3986434843730770,🎗️ Heart of Triumph 🎗️,88922,116,0.001,2026-01-25T15:10:28.864+00:00,2026-10-06T20:21:17Z
321778215,964437884718547,🎗️ Top Contributor of Triumph 🎗️,160,0,0.0,2026-01-25T15:10:40.929+00:00,2026-10-06T20:21:17Z
321778215,3830879583696090,An Intentional Aim...,6253,0,0.0,2025-12-30T04:39:52.792+00:00,2026-10-06T20:21:17Z
321778215,4165344962806519,Happy New Year 2026!,113126,0,0.0,2025-12-27T04:43:53.086+00:00,2026-10-06T20:21:17Z
321778215,2966286158695845,Glitterfrost Chest Hunt 2025!,121160,2,0.0,2025-12-21T00:01:43.65+00:00,2026-10-06T20:21:17Z
321778215,2627282623873307,Ice Fairy Demi Doll!,5056,0,0.0,2025-12-11T00:55:36.504+00:00,2026-10-06T20:21:17Z
321778215,2765843300385786,Royale High Glitterfrost 2025!,326601,0,0.0,2025-11-24T22:48:54.573+00:00,2026-10-06T20:21:17Z
321778215,3264465458569728,Xtreme Pro Snowboarder!,121810,0,0.0,2025-11-22T21:07:54.338+00:00,2026-10-06T20:21:17Z
321778215,1044046283708978,Slope Scout!,292303,0,0.0,2025-11-22T21:14:38.266+00:00,2026-10-06T20:21:17Z
321778215,567164610463566,Following the Wishing Star,2800,0,0.0,2025-11-20T21:54:33.837+00:00,2026-10-06T20:21:17Z
321778215,4025403312692129,Beat the Super Scary Maze 2025!,302473,0,0.0,2025-10-23T01:24:17.5+00:00,2026-10-06T20:21:17Z
321778215,2824778624538401,Luna Lagoon - Here from Day 1,67479,0,0.0,2025-09-03T07:07:23.794+00:00,2026-10-06T20:21:17Z
321778215,3494963190309092,Royalloween 2025!,801544,0,0.0,2025-09-30T02:29:56.798+00:00,2026-10-06T20:21:17Z
321778215,2839654697703067,Xtreme Leaf Collector!,275862,1334,0.012,2025-09-30T02:29:44.328+00:00,2026-10-06T20:21:17Z
321778215,1974333512672108,Top Leaderboard Contributor! 2025,1084,0,0.0,2025-09-19T22:12:00.907+00:00,2026-10-06T20:21:17Z
321778215,4343288236758158,Strings Attached,3875,0,0.0,2025-09-18T11:10:17.746+00:00,2026-10-06T20:21:17Z
321778215,2986734806753334,Fins Forever!,759984,696,0.006,2025-09-02T03:09:27.783+00:00,2026-10-06T20:21:17Z
321778215,3267807616777365,Halo of the Deep,5760,20,0.0,2025-09-03T07:07:06.478+00:00,2026-10-06T20:21:17Z
321778215,737396866746350,The sea saw me.,1615,0,0.0,2025-05-13T07:36:20.393+00:00,2026-10-06T20:21:17Z
321778215,262378485309787,???,0,0,0.0,2025-04-07T22:20:17.503+00:00,2026-10-06T20:21:17Z
321778215,384578469747378,You found the 6 Fairies / Water Fairy!,2240,0,0.0,2025-03-26T21:02:29.671+00:00,2026-10-06T20:21:17Z
321778215,136640890012722,Lantern For The Lost,2996,0,0.0,2025-03-03T18:01:20.787+00:00,2026-10-06T20:21:17Z
321778215,1895909672265767,Under The Same Sky,1787,0,0.0,2025-01-03T03:06:08.453+00:00,2026-10-06T20:21:17Z
321778215,3668290653195126,Xtreme Pro Snowboarding Badge,274013,0,0.0,2024-12-04T00:04:41.549+00:00,2026-10-06T20:21:17Z
321778215,2000920118494785,Slope Scout Snowboarding Badge,874538,0,0.0,2024-12-04T00:04:28.516+00:00,2026-10-06T20:21:17Z
321778215,270562793286218,Skies Above,3144,0,0.0,2024-10-30T21:58:22.066+00:00,2026-10-06T20:21:17Z
321778215,2559633734876320,Royalloween 2024!,742895,0,0.0,2024-09-25T21:25:05.693+00:00,2026-10-06T20:21:17Z
321778215,2828451204247516,Top Leaderboard Contributor! 2024,662,0,0.0,2024-08-26T03:43:45.225+00:00,2026-10-06T20:21:17Z
321778215,4117382963595102,Purchased All Goddess of Triumph Items! 2024,4897,0,0.0,2024-08-26T03:43:18.729+00:00,2026-10-06T20:21:17Z
321778215,3500868758609792,Purchased a Piece from Goddess of Triumph! 2024,57326,0,0.0,2024-08-26T03:41:56.022+00:00,2026-10-06T20:21:17Z
321778215,1803528498523059,Journey Into Dreams...,2945,0,0.0,2024-08-25T07:59:55.971+00:00,2026-10-06T20:21:17Z
321778215,867454289751529,Campus 4 Alpha! ｡✧Royale High✧｡,456499,0,0.0,2024-08-18T23:39:40.934+00:00,2026-10-06T20:21:17Z
321778215,2297687216882026,Castle Playset + Dolls!,25766,6,0.0,2024-07-18T03:32:44.439+00:00,2026-10-06T20:21:17Z
321778215,1185873215459825,Fashion Pack Scientist Doll!,12176,3,0.0,2024-07-18T03:32:29.809+00:00,2026-10-06T20:21:17Z
321778215,2992294623248438,Fashion Pack Artist Doll!,33433,35,0.0,2024-07-18T03:32:16.994+00:00,2026-10-06T20:21:17Z
321778215,4456392728995883,Fashion Pack Cheerleader Doll!,10770,5,0.0,2024-07-18T03:31:35.983+00:00,2026-10-06T20:21:17Z
321778215,4086965751230514,Art Class Playset + Doll!,32357,44,0.0,2024-07-18T03:31:20.121+00:00,2026-10-06T20:21:17Z
321778215,2987530988452777,Baking Class Playset + Doll!,51035,15,0.0,2024-07-17T01:48:02.174+00:00,2026-10-06T20:21:17Z
321778215,3526282720411092,You Found Mystery Friend Carmilla Doll!,3514,1,0.0,2024-07-17T01:47:47.797+00:00,2026-10-06T20:21:17Z
321778215,4460533951624214,You Found Mystery Friend Luna Doll!,3268,3,0.0,2024-07-17T01:47:29.889+00:00,2026-10-06T20:21:17Z
321778215,4291811113833591,You Found Mystery Friend Molly Doll!,2831,3,0.0,2024-07-17T01:47:12.788+00:00,2026-10-06T20:21:17Z
321778215,1717856760862409,You Found Mystery Friend Stardust Doll!,2538,4,0.0,2024-07-17T01:46:43.663+00:00,2026-10-06T20:21:17Z
321778215,3582102258107343,You Found Mystery Friend Vesta Doll!,2724,5,0.0,2024-07-15T22:47:30.059+00:00,2026-10-06T20:21:17Z
321778215,2809936335643661,You Found Mystery Friend Nina Doll!,2531,0,0.0,2024-07-15T22:47:18.3+00:00,2026-10-06T20:21:17Z
321778215,4326217514034991,You Found Mystery Friend Cassie Doll!,3003,4,0.0,2024-07-15T22:47:04.968+00:00,2026-10-06T20:21:17Z
321778215,421299268684991,You Found Mystery Friend Cynthia Doll!,3014,3,0.0,2024-07-15T22:46:44.398+00:00,2026-10-06T20:21:17Z
321778215,160327956953016,You Found Mystery Friend Lilly Doll!,2698,9,0.0,2024-07-15T22:46:32.985+00:00,2026-10-06T20:21:17Z
321778215,3849238120493636,You Found Mystery Friend April Doll!,1785,1,0.0,2024-07-09T10:27:28.999+00:00,2026-10-06T20:21:17Z
321778215,3498774725040724,You Found Mystery Friend Melody Doll!,3203,7,0.0,2024-07-09T10:27:02.846+00:00,2026-10-06T20:21:17Z
321778215,2832125588662230,You Found Mystery Friend Rosie Doll!,1331,0,0.0,2024-07-09T10:26:47.358+00:00,2026-10-06T20:21:17Z
321778215,1150578975554025,Royale High Bus Doll!,33187,23,0.0,2024-07-09T10:26:12.083+00:00,2026-10-06T20:21:17Z
321778215,1361184408702535,Ice Fairy Chromae Doll!,14869,3,0.0,2024-07-09T10:25:47.775+00:00,2026-10-06T20:21:17Z
321778215,2188292784120456,Dark Fairy Avrilla Doll!,17153,1,0.0,2024-07-08T02:56:43.868+00:00,2026-10-06T20:21:17Z
321778215,2611034613831204,Water Fairy Mermia Doll!,23416,9,0.0,2024-07-08T02:56:31.773+00:00,2026-10-06T20:21:17Z
321778215,1199930588080233,Nature Fairy Posey Doll!,37006,16,0.0,2024-07-08T02:56:18.815+00:00,2026-10-06T20:21:17Z
321778215,2535987511526824,Ice Fairy Doll!,45177,12,0.0,2024-07-08T02:56:06.797+00:00,2026-10-06T20:21:17Z
321778215,3957256043289313,Fire Fairy Doll!,34067,13,0.0,2024-07-08T02:55:51.977+00:00,2026-10-06T20:21:17Z
321778215,1334686909927705,Dark Fairy Doll!,49981,24,0.0,2024-07-07T00:37:46.738+00:00,2026-10-06T20:21:17Z
321778215,919220345037617,Nature Fairy Doll!,44612,18,0.0,2024-07-07T00:37:30.826+00:00,2026-10-06T20:21:17Z
321778215,2108709541396321,Light Fairy Doll!,65980,32,0.0,2024-07-07T00:37:07.199+00:00,2026-10-06T20:21:17Z
321778215,3516844528301560,Fire Fairy + Locker Doll!,13780,6,0.0,2024-07-07T00:36:51.347+00:00,2026-10-06T20:21:17Z
321778215,1019655226932008,Nature Fairy + Locker Doll!,14626,4,0.0,2024-07-07T00:36:38.601+00:00,2026-10-06T20:21:17Z
321778215,88028443838801,Water Fairy + Locker Doll!,15840,3,0.0,2024-07-06T00:31:56.24+00:00,2026-10-06T20:21:17Z
321778215,2500812538003238,Light Fairy + Locker Doll!,28414,9,0.0,2024-07-06T00:31:44.198+00:00,2026-10-06T20:21:17Z
321778215,2893037922690232,Ice Fairy + Locker Doll!,13751,5,0.0,2024-07-06T00:31:32.016+00:00,2026-10-06T20:21:17Z
321778215,2248688177512257,Dark Fairy + Locker Doll!,32051,7,0.0,2024-07-06T00:31:11.047+00:00,2026-10-06T20:21:17Z
321778215,1824033284344607,Valkyrie Lumina Doll!,1426,0,0.0,2024-07-06T00:30:52.236+00:00,2026-10-06T20:21:17Z
321778215,662718741641581,Echoes From The Deep...,3107,0,0.0,2024-05-25T01:45:31.901+00:00,2026-10-06T20:21:17Z
321778215,3288548602891223,I Met TikToker Nab!,1037,0,0.0,2024-05-25T01:45:22.954+00:00,2026-10-06T20:21:17Z
321778215,3443922050825429,I Met Influencer Sienna!,4607,0,0.0,2024-05-25T01:45:00.598+00:00,2026-10-06T20:21:17Z
321778215,3925744679039638,I Met Content Creator darlinq_kenny!,2849,0,0.0,2024-05-25T01:44:42.702+00:00,2026-10-06T20:21:17Z
321778215,1755100849810907,I Met YouTuber CookieSwirlC!,1007,0,0.0,2024-05-23T23:42:50.272+00:00,2026-10-06T20:21:17Z
321778215,2702642748434751,I Met Developer Seizari!,15798,0,0.0,2024-05-20T18:34:58.038+00:00,2026-10-06T20:21:17Z
321778215,3045333774521272,I Met Content Creator CyberKiki!,14724,0,0.0,2024-05-23T23:42:41.648+00:00,2026-10-06T20:21:17Z
321778215,941574902830417,I Met TikToker Callmehtrex!,2386,0,0.0,2024-05-23T23:42:31.815+00:00,2026-10-06T20:21:17Z
321778215,4027668779319875,I Met Content Creator Noyah!,4511,0,0.0,2024-05-23T23:42:23.864+00:00,2026-10-06T20:21:17Z
321778215,4050750292713827,I Met Content Creator PokeTrainerJuju!,14080,0,0.0,2024-05-23T23:42:14.205+00:00,2026-10-06T20:21:17Z
321778215,1774485341752553,I Met Makeup Artist Jellyflavor99!,462,0,0.0,2024-05-22T19:06:09.887+00:00,2026-10-06T20:21:17Z
321778215,1884176961157354,I Met Influencer CrystxlCorgi!,1985,0,0.0,2024-05-22T19:06:01.039+00:00,2026-10-06T20:21:17Z
321778215,1506718928632229,I Met YouTuber Maislie!,2249,0,0.0,2024-05-22T19:05:52.066+00:00,2026-10-06T20:21:17Z
321778215,4273916962257107,I Met YouTuber Shion!,1292,0,0.0,2024-05-22T19:05:43.378+00:00,2026-10-06T20:21:17Z
321778215,1459445953656679,I Met YouTuber ibibbi!,7123,0,0.0,2024-05-22T19:05:27.702+00:00,2026-10-06T20:21:17Z
321778215,1372027408440993,I Met YouTuber Lil_MamaPlayz!,47647,162,0.001,2024-05-21T18:46:47.13+00:00,2026-10-06T20:21:17Z
321778215,4135969319722143,I Met Content Creator Auvanilla!,1423,0,0.0,2024-05-21T18:46:37.454+00:00,2026-10-06T20:21:17Z
321778215,1904612760874217,I Met Influencer Dxstarlight_!,3427,0,0.0,2024-05-21T18:46:28.394+00:00,2026-10-06T20:21:17Z
321778215,560399146607166,I Met Makeup Artist senzie (senr4wr)!,2020,0,0.0,2024-05-21T18:46:21.745+00:00,2026-10-06T20:21:17Z
321778215,1823220472026722,I Met Designer Quiixell!,31375,0,0.0,2024-05-21T18:46:14.315+00:00,2026-10-06T20:21:17Z
321778215,2119786975195774,I Met YouTuber Royale Evielyn!,2167,0,0.0,2024-05-20T18:35:13.96+00:00,2026-10-06T20:21:17Z
321778215,475991483068581,I Met YouTuber moshipitchy!,1330,0,0.0,2024-05-20T18:35:05.771+00:00,2026-10-06T20:21:17Z
321778215,596050455087588,I Met Royale Artist Ivy/ilacxnova!,3300,0,0.0,2024-05-20T18:34:39.288+00:00,2026-10-06T20:21:17Z
321778215,965899720024803,I Met YouTuber Shrekyou21!,6771,0,0.0,2024-05-18T02:31:07.876+00:00,2026-10-06T20:21:17Z
321778215,2480340369635818,I Met YouTuber superiorchloe!,1168,0,0.0,2024-05-18T02:31:00.881+00:00,2026-10-06T20:21:17Z
321778215,1004845758921436,I Met Content Creator itzcherryroyale!,1741,0,0.0,2024-05-18T02:30:53.688+00:00,2026-10-06T20:21:17Z
321778215,2932164599413492,I Met Designer devilishfellcw!,40174,19,0.0,2024-05-18T02:30:46.751+00:00,2026-10-06T20:21:17Z
321778215,1125818572919845,I Met Influencer RoyaleAshe!,1099,0,0.0,2024-05-18T02:30:38.993+00:00,2026-10-06T20:21:17Z
321778215,4107800353246447,Owner of Upload Custom Fabrics Gamepass!,330179,277,0.002,2024-04-16T22:04:01.359+00:00,2026-10-06T20:21:17Z
321778215,3254790401917995,Through the vines...,1940,0,0.0,2024-04-01T06:54:58.742+00:00,2026-10-06T20:21:17Z
321778215,134181817607278,Royale High x The Hunt Completionist Badge!,1538047,0,0.0,2024-03-07T20:54:27.272+00:00,2026-10-06T20:21:17Z
321778215,4008616009981781,Love's Garden,2534,0,0.0,2024-01-28T13:46:25.375+00:00,2026-10-06T20:21:17Z
321778215,3421440462829112,TIMBURRR!,298251,0,0.0,2023-11-30T21:04:31.817+00:00,2026-10-06T20:21:17Z
321778215,117597545006717,Chimney Surfer!,753652,0,0.0,2023-11-30T09:50:56.278+00:00,2026-10-06T20:21:17Z
321778215,410317500135558,Royale Glitterfrost 2023!,8504222,0,0.0,2023-11-30T09:49:55.501+00:00,2026-10-06T20:21:17Z
321778215,946888967668846,Advent Calendar 2023 Completionist!,262482,0,0.0,2023-11-29T16:03:36.921+00:00,2026-10-06T20:21:17Z
321778215,2075644699614021,Cradled In Frost,3938,0,0.0,2023-11-21T04:33:24.658+00:00,2026-10-06T20:21:17Z
321778215,2152605002,Midnight Secrets,4528,0,0.0,2023-09-29T21:32:25.593+00:00,2026-10-06T20:21:17Z
321778215,2152604997,Beat the Super Scary Maze 2023!,469668,0,0.0,2023-09-29T21:32:11.12+00:00,2026-10-06T20:21:17Z
321778215,2152604993,RoyalIoween 2023!,5386765,0,0.0,2023-09-29T21:32:00.007+00:00,2026-10-06T20:21:17Z
321778215,2150899389,Top Leaderboard Contributor! 2023,663,0,0.0,2023-08-24T23:18:12.807+00:00,2026-10-06T20:21:17Z
321778215,2150899380,Purchased All Goddess of Triumph Items! 2023,12467,0,0.0,2023-08-24T23:17:59.767+00:00,2026-10-06T20:21:17Z
321778215,2150899375,Purchased a Piece from Goddess of Triumph! 2023,196001,0,0.0,2023-08-24T23:17:50.253+00:00,2026-10-06T20:21:17Z
321778215,2150662145,Break In!,568525,64,0.001,2023-08-20T20:14:48.853+00:00,2026-10-06T20:21:17Z
321778215,2150032242,Campus 3 Beta Tester!,257040,0,0.0,2023-08-09T23:19:55.55+00:00,2026-10-06T20:21:17Z
321778215,2149248677,Here From Day 1: First Class!,4150354,0,0.0,2023-07-27T19:56:25.067+00:00,2026-10-06T20:21:17Z
321778215,2147207311,Art Class: Guessed Correctly 1000 times!,41461,35,0.0,2023-06-15T03:31:59.6+00:00,2026-10-06T20:21:17Z
321778215,2147207309,Art Class: Guessed Correctly 100 times!,420045,297,0.003,2023-06-15T03:31:53.91+00:00,2026-10-06T20:21:17Z
321778215,2147207303,Art Class: Guessed Correctly for the 1st time!,1814710,481,0.004,2023-06-15T03:31:47.86+00:00,2026-10-06T20:21:17Z
321778215,2147207200,Blessed with 10 Unique Halos from the Fountain!,6,0,0.0,2023-06-15T03:26:01.327+00:00,2026-10-06T20:21:17Z
321778215,2147207194,Blessed with 5 Unique Halos from the Fountain!,188,0,0.0,2023-06-15T03:25:53.813+00:00,2026-10-06T20:21:17Z
321778215,2147207192,Blessed with 3 Unique Halos from the Fountain!,2849,2,0.0,2023-06-15T03:25:47.34+00:00,2026-10-06T20:21:17Z
321778215,2147207188,Blessed with 2 Unique Halos from the Fountain!,19401,9,0.0,2023-06-15T03:25:40.853+00:00,2026-10-06T20:21:17Z
321778215,2147206957,"Achieved 1st Place 1,000 times in Musical Chairs!",116,0,0.0,2023-06-15T03:13:11.08+00:00,2026-10-06T20:21:17Z
321778215,2147206952,Achieved 1st Place 100 times in Musical Chairs!,11048,3,0.0,2023-06-15T03:12:59.507+00:00,2026-10-06T20:21:17Z
321778215,2147206950,1st Place in Musical Chairs for the 1st time!,1889994,230,0.002,2023-06-15T03:12:52.333+00:00,2026-10-06T20:21:17Z
321778215,2147206625,Found 250 Treasure Chests in Royale High!,2026,5,0.0,2023-06-15T02:53:44.813+00:00,2026-10-06T20:21:17Z
321778215,2147206621,Found 100 Treasure Chests in Royale High!,334499,215,0.002,2023-06-15T02:53:36.38+00:00,2026-10-06T20:21:17Z
321778215,2147206620,Found 50 Treasure Chests in Royale High!,1209745,490,0.004,2023-06-15T02:53:29.39+00:00,2026-10-06T20:21:17Z
321778215,2147206617,Found 25 Treasure Chests in Royale High!,2207875,702,0.006,2023-06-15T02:53:21.523+00:00,2026-10-06T20:21:17Z
321778215,2147041418,All In Harmony,768321,176,0.002,2023-06-11T17:13:29.917+00:00,2026-10-06T20:21:17Z
321778215,2146561744,Glimmering✨Sunwaves,18133,0,0.0,2023-06-01T18:09:03.157+00:00,2026-10-06T20:21:17Z
321778215,2146182474,Drama Queen Toy,5338,0,0.0,2023-05-24T18:03:26.65+00:00,2026-10-06T20:21:17Z
321778215,2145303970,A Castle's Dark Secrets..,1104107,237,0.002,2023-05-07T05:33:40.907+00:00,2026-10-06T20:21:17Z
321778215,2143394671,You played the RH Egg Hunt 2023!,1181377,0,0.0,2023-04-03T22:01:57.927+00:00,2026-10-06T20:21:17Z
321778215,2143293593,Quadruple💎Diamonds Gamepass!,603527,14,0.0,2023-04-02T03:18:19.723+00:00,2026-10-06T20:21:17Z
321778215,2143293588,Double💎Diamonds Gamepass!,848198,13,0.0,2023-04-02T03:18:13.657+00:00,2026-10-06T20:21:17Z
321778215,2143293585,Paintbrush Pass!,1779439,188,0.002,2023-04-02T03:18:06.143+00:00,2026-10-06T20:21:17Z
321778215,2143293582,🔮Crystal Ball Power🔮 Gamepass!,681949,52,0.0,2023-04-02T03:17:59.853+00:00,2026-10-06T20:21:17Z
321778215,2143293576,Faster Flight Gamepass!,1250447,147,0.001,2023-04-02T03:17:53.46+00:00,2026-10-06T20:21:17Z
321778215,2143293570,Hair Colors+ Glow Gamepass!,4033883,363,0.003,2023-04-02T03:17:47.57+00:00,2026-10-06T20:21:17Z
321778215,2143293564,Sticker Packs Pass!,1681144,128,0.001,2023-04-02T03:17:39.383+00:00,2026-10-06T20:21:17Z
321778215,2143293556,Special Fabric Designs✂ Gamepass!,3362025,276,0.002,2023-04-02T03:17:28.277+00:00,2026-10-06T20:21:17Z
321778215,2143271583,Completed Wheel Wave 2!,46301,8,0.0,2023-04-01T21:16:09.47+00:00,2026-10-06T20:21:17Z
321778215,2143271575,Completed Wheel Wave 1!,13748,6,0.0,2023-04-01T21:16:01.017+00:00,2026-10-06T20:21:17Z
321778215,2143207500,You Beat Tower of Royhell RH 2023!,542586,0,0.0,2023-03-31T21:10:03.43+00:00,2026-10-06T20:21:17Z
321778215,2141649695,Dewdrop Showers 2023!,1052357,0,0.0,2023-02-27T23:17:26.227+00:00,2026-10-06T20:21:17Z
321778215,2133715057,Working★In✿Harmony★Together✿,9341,0,0.0,2023-01-29T01:55:31.027+00:00,2026-10-06T20:21:17Z
321778215,2130183421,Stacked 70 Books in Tidy Textbooks!,941,0,0.0,2022-12-30T06:17:28.933+00:00,2026-10-06T20:21:17Z
321778215,2130183419,Stacked 60 Books in Tidy Textbooks!,11642,13,0.0,2022-12-30T06:17:22.357+00:00,2026-10-06T20:21:17Z
321778215,2130183418,Stacked 55 Books in Tidy Textbooks!,34915,49,0.0,2022-12-30T06:17:15.517+00:00,2026-10-06T20:21:17Z
321778215,2130183416,Stacked 50 Books in Tidy Textbooks!,102368,109,0.001,2022-12-30T06:17:07.693+00:00,2026-10-06T20:21:17Z
321778215,2130183415,Stacked 45 Books in Tidy Textbooks!,218159,142,0.001,2022-12-30T06:16:53.97+00:00,2026-10-06T20:21:17Z
321778215,2130183414,Stacked 35 Books in Tidy Textbooks!,569964,301,0.003,2022-12-30T06:16:46.47+00:00,2026-10-06T20:21:17Z
321778215,2130183413,Stacked 25 Books in Tidy Textbooks!,1142448,456,0.004,2022-12-30T06:16:29.507+00:00,2026-10-06T20:21:17Z
321778215,2130067981,Double Halos.. What does it mean!?!?,1334,0,0.0,2022-12-24T06:57:42.483+00:00,2026-10-06T20:21:17Z
321778215,2129721905,Joined the Artists Wall of Fame!,2390,0,0.0,2022-12-06T01:33:59.187+00:00,2026-10-06T20:21:17Z
321778215,2129648653,RH Gifting Event 2022 Completionist!,130273,0,0.0,2022-11-30T20:27:29.097+00:00,2026-10-06T20:21:17Z
321778215,2129624491,Royale Winter 2022!,5903190,0,0.0,2022-11-28T23:24:50.797+00:00,2026-10-06T20:21:17Z
321778215,2129624489,SwirIed Snow Song,9086,0,0.0,2022-11-28T23:23:30.21+00:00,2026-10-06T20:21:17Z
321778215,2128655800,Beat the Super Scary Maze 2022!,1014382,0,0.0,2022-09-20T22:49:49.567+00:00,2026-10-06T20:21:17Z
321778215,2128572276,Leaderboard Top Contributor! 2023,759,0,0.0,2022-09-16T18:40:57.74+00:00,2026-10-06T20:21:17Z
321778215,2128541404,Celestial🌙Phases,12318,0,0.0,2022-09-14T05:46:20.417+00:00,2026-10-06T20:21:17Z
321778215,2128541398,RoyalIoween🌕2022,7392482,0,0.0,2022-09-14T05:42:42.97+00:00,2026-10-06T20:21:17Z
321778215,2128329429,Earned The Magical Enchantress!,27447,0,0.0,2022-08-31T17:58:28.737+00:00,2026-10-06T20:21:17Z
321778215,2128141817,Purchased Full Goddess of Triumph Set! 2022,27457,0,0.0,2022-08-19T21:03:19.797+00:00,2026-10-06T20:21:17Z
321778215,2128141810,Purchased a Piece from Goddess of Triumph! 2022,165533,0,0.0,2022-08-19T21:02:17.377+00:00,2026-10-06T20:21:17Z
321778215,2126716651,Road Less Travelled,562402,36,0.0,2022-06-05T01:43:13.827+00:00,2026-10-06T20:21:17Z
321778215,2126599678,Ocean's Blessing,12641,0,0.0,2022-05-29T00:15:35.517+00:00,2026-10-06T20:21:17Z
321778215,2126599472,I Met Influencer Nö a!,29627,0,0.0,2022-05-29T00:02:08.493+00:00,2026-10-06T20:21:17Z
321778215,2126599456,I Met Influencer GazingGen!,313,0,0.0,2022-05-29T00:01:26.79+00:00,2026-10-06T20:21:17Z
321778215,2126599453,I Met Artist Nad!,3170,0,0.0,2022-05-29T00:01:14.013+00:00,2026-10-06T20:21:17Z
321778215,2126599452,I Met Influencer BoxDoge!,6059,0,0.0,2022-05-29T00:00:59.587+00:00,2026-10-06T20:21:17Z
321778215,2126599449,I Met Influencer Mafalda3p0!,18074,0,0.0,2022-05-29T00:00:46.153+00:00,2026-10-06T20:21:17Z
321778215,2126599443,I Met Artist Ushiesu!,3710,0,0.0,2022-05-29T00:00:23.65+00:00,2026-10-06T20:21:17Z
321778215,2126581748,I Met Artist Wirysofie!,3938,0,0.0,2022-05-28T02:11:03.19+00:00,2026-10-06T20:21:17Z
321778215,2126581746,I Met Artist QueenChroma!,39394,28,0.0,2022-05-28T02:10:48.81+00:00,2026-10-06T20:21:17Z
321778215,2126581744,I Met Royale High Developer Coffv!,3929,0,0.0,2022-05-28T02:10:33.017+00:00,2026-10-06T20:21:17Z
321778215,2126581742,I Met Streamer Aly1263!,25546,0,0.0,2022-05-28T02:10:13.853+00:00,2026-10-06T20:21:17Z
321778215,2126561526,I Met Artist and Content Creator PurplePotatOwO!,8381,0,0.0,2022-05-26T22:52:00.063+00:00,2026-10-06T20:21:17Z
321778215,2126561525,I Met Makeup Artist Dear Bea!,4191,0,0.0,2022-05-26T22:51:49.363+00:00,2026-10-06T20:21:17Z
321778215,2126561524,I Met Artist Bongo 💙!,25479,61,0.001,2022-05-26T22:51:38.257+00:00,2026-10-06T20:21:17Z
321778215,2126561522,I Met Makeup Artist Lapz!,1508,0,0.0,2022-05-26T22:51:29.41+00:00,2026-10-06T20:21:17Z
321778215,2126561521,I Met Hair Texture Artist Hiury!,2627,0,0.0,2022-05-26T22:51:16.793+00:00,2026-10-06T20:21:17Z
321778215,2126544326,I Met Makeup Artist ArtsyChanel!,4707,0,0.0,2022-05-25T22:32:44.013+00:00,2026-10-06T20:21:17Z
321778215,2126544324,I Met Makeup Artist StarlaBlitzBloom!,2334,8,0.0,2022-05-25T22:32:30.48+00:00,2026-10-06T20:21:17Z
321778215,2126544320,I Met Makeup Artist xBvnnyBoo!,3063,0,0.0,2022-05-25T22:32:18.93+00:00,2026-10-06T20:21:17Z
321778215,2126544316,I Met Artist Sal!,1984,0,0.0,2022-05-25T22:31:55.653+00:00,2026-10-06T20:21:17Z
321778215,2126529008,♡~Royale High Honor Roll~♡,1318,1,0.0,2022-05-25T00:20:38.62+00:00,2026-10-06T20:21:17Z
321778215,2126528696,I Met Youtuber Abbie’s Outlet!,612,0,0.0,2022-05-25T00:03:37.473+00:00,2026-10-06T20:21:17Z
321778215,2126528690,"I Met Youtuber Taoino_YT, Your Little 🐇 Friend",6603,0,0.0,2022-05-25T00:03:27.203+00:00,2026-10-06T20:21:17Z
321778215,2126528683,I Met Youtuber TauriWho?!,7305,0,0.0,2022-05-25T00:03:05.457+00:00,2026-10-06T20:21:17Z
321778215,2126528676,I Met Youtuber MissAlicePlay!,1470,0,0.0,2022-05-25T00:02:53.373+00:00,2026-10-06T20:21:17Z
321778215,2126501567,I Met Youtuber NotLukash!,2330,0,0.0,2022-05-23T05:31:08.2+00:00,2026-10-06T20:21:17Z
321778215,2126501563,I Met Youtuber LandG games!,7616,0,0.0,2022-05-23T05:30:11.703+00:00,2026-10-06T20:21:17Z
321778215,2126501562,I Met Youtuber SrWitherHD!,1456,0,0.0,2022-05-23T05:29:59.2+00:00,2026-10-06T20:21:17Z
321778215,2126501561,I Met Makeup Artist DeviBuns!,3122,0,0.0,2022-05-23T05:29:45.787+00:00,2026-10-06T20:21:17Z
321778215,2126269165,I Met RH Developer stixxntricks!,779,0,0.0,2022-05-08T21:39:37.29+00:00,2026-10-06T20:21:17Z
321778215,2126057715,Turned into Senioroyalty!,14770,15,0.0,2022-04-23T01:24:02.913+00:00,2026-10-06T20:21:17Z
321778215,2126057713,Turned into a Junicorn!,45875,53,0.0,2022-04-23T01:23:48.477+00:00,2026-10-06T20:21:17Z
321778215,2126057709,Turned into a Sophomermaid!,638010,353,0.003,2022-04-23T01:23:13.823+00:00,2026-10-06T20:21:17Z
321778215,2126040622,Turned into a Freshfairy!,2063078,816,0.007,2022-04-22T00:06:08.477+00:00,2026-10-06T20:21:17Z
321778215,2126040616,"Completed 10,000 Quests!",15996,19,0.0,2022-04-22T00:05:55.89+00:00,2026-10-06T20:21:17Z
321778215,2126040609,"Completed 7,500 Quests!",28484,27,0.0,2022-04-22T00:05:45.447+00:00,2026-10-06T20:21:17Z
321778215,2126040603,"Completed 5,000 Quests!",61373,51,0.0,2022-04-22T00:05:35.45+00:00,2026-10-06T20:21:17Z
321778215,2126040591,"Completed 2,500 Quests!",171670,146,0.001,2022-04-22T00:05:10.873+00:00,2026-10-06T20:21:17Z
321778215,2126030126,"Completed 1,000 Quests!",454802,304,0.003,2022-04-21T03:27:13.527+00:00,2026-10-06T20:21:17Z
321778215,2126030125,Completed 500 Quests!,752176,571,0.005,2022-04-21T03:27:04.827+00:00,2026-10-06T20:21:17Z
321778215,2126030123,Completed 250 Quests!,1134349,810,0.007,2022-04-21T03:26:52.14+00:00,2026-10-06T20:21:17Z
321778215,2126030120,Completed 100 Quests!,1737838,945,0.008,2022-04-21T03:26:20.997+00:00,2026-10-06T20:21:17Z
321778215,2126030117,Completed 50 Quests!,2225863,1131,0.01,2022-04-21T03:26:09.913+00:00,2026-10-06T20:21:17Z
321778215,2126028814,Forbidden Passageways..,644436,90,0.001,2022-04-21T02:19:41.903+00:00,2026-10-06T20:21:17Z
321778215,2125688670,Royale Spring 2022!,9572112,0,0.0,2022-03-26T01:03:48.043+00:00,2026-10-06T20:21:17Z
321778215,2125027856,Dewdrop Showers 2022,4104534,0,0.0,2022-02-28T01:50:13.947+00:00,2026-10-06T20:21:17Z
321778215,2124922920,Dewdrop Fantasy,20373,0,0.0,2022-02-01T06:58:47.413+00:00,2026-10-06T20:21:17Z
321778215,2124922918,Royale💕Valentines💕2022,6043767,0,0.0,2022-02-01T06:55:07.097+00:00,2026-10-06T20:21:17Z
321778215,2124894854,Completed all New Years Quests 2022!,545929,0,0.0,2021-12-29T11:04:36.027+00:00,2026-10-06T20:21:17Z
321778215,2124894853,Happy New Year 2022 with Royale High!,725616,0,0.0,2021-12-29T11:04:04.373+00:00,2026-10-06T20:21:17Z
321778215,2124878685,I Met Royale High Developer iiFer_plays!,25747,0,0.0,2021-12-12T04:06:21.87+00:00,2026-10-06T20:21:17Z
321778215,2124878618,I Met YouTuber AshleyBunni!,855,0,0.0,2021-12-12T02:39:05.73+00:00,2026-10-06T20:21:17Z
321778215,2124877445,I Met YouTuber callmehhaley!,60722,0,0.0,2021-12-10T21:12:31.22+00:00,2026-10-06T20:21:17Z
321778215,2124870950,Aurora Borealis,15689,0,0.0,2021-11-30T21:32:22.853+00:00,2026-10-06T20:21:17Z
321778215,2124869377,RH Gifting Event 2021 Completionist!,317767,0,0.0,2021-11-28T04:43:21.333+00:00,2026-10-06T20:21:17Z
321778215,2124867481,Royale Christmas 2021!,8911718,0,0.0,2021-11-25T19:32:26.25+00:00,2026-10-06T20:21:17Z
321778215,2124852613,Perfect Attendance!,47103,8,0.0,2021-11-02T23:01:01.973+00:00,2026-10-06T20:21:17Z
321778215,2124851638,Royale High Welcome Package!,7493685,556,0.005,2021-11-01T02:22:52.073+00:00,2026-10-06T20:21:17Z
321778215,2124833774,The Glow of Flickering Candles,13007,0,0.0,2021-09-30T01:58:34.837+00:00,2026-10-06T20:21:17Z
321778215,2124832389,I Met Scripter calinpj04!,11625,0,0.0,2021-09-27T00:15:56.383+00:00,2026-10-06T20:21:17Z
321778215,2124831717,Royalloween👻2021!,17519105,0,0.0,2021-09-26T02:07:31.223+00:00,2026-10-06T20:21:17Z
321778215,2124791354,⚡,1594250,33,0.0,2021-07-25T22:27:14.593+00:00,2026-10-06T20:21:17Z
321778215,2124776556,Summer🐚2021!,12038812,0,0.0,2021-07-03T19:05:45.177+00:00,2026-10-06T20:21:17Z
321778215,2124768162,Lost Treasure,15243,0,0.0,2021-06-20T20:25:16.05+00:00,2026-10-06T20:21:17Z
321778215,2124728193,Nature Fairy of the Magic Flower Kingdom,2412549,344,0.003,2021-04-23T05:43:32.56+00:00,2026-10-06T20:21:17Z
321778215,2124728192,Mermaid of the Glittering Waters Kingdom,2063942,341,0.003,2021-04-23T05:43:23.71+00:00,2026-10-06T20:21:17Z
321778215,2124728191,Light Fairy of the Diamond Kingdom,2643593,449,0.004,2021-04-23T05:43:15.657+00:00,2026-10-06T20:21:17Z
321778215,2124728190,Dark Fairy of the Sorcerix Night Kingdom,2407430,346,0.003,2021-04-23T05:43:05.837+00:00,2026-10-06T20:21:17Z
321778215,2124728189,Ice Fairy of the Sparkling Frost Kingdom,1362689,242,0.002,2021-04-23T05:42:52.313+00:00,2026-10-06T20:21:17Z
321778215,2124728188,Fire Fairy of the Glowing Embers Kingdom,1877907,310,0.003,2021-04-23T05:42:29.713+00:00,2026-10-06T20:21:17Z
321778215,2124715320,Blooming Blossoms,10767,0,0.0,2021-04-03T00:13:10.503+00:00,2026-10-06T20:21:17Z
321778215,2124715319,First Place ~ Royale Egg Hunt!,2505576,0,0.0,2021-04-03T00:13:04.087+00:00,2026-10-06T20:21:17Z
321778215,2124715318,Royale🌼Spring 2021!,21621681,0,0.0,2021-04-03T00:12:55.323+00:00,2026-10-06T20:21:17Z
321778215,2124697163,RH Saint Patrick's Day 2021!,20628852,0,0.0,2021-03-03T22:36:39.827+00:00,2026-10-06T20:21:17Z
321778215,2124697160,🌧️🌈,8183,0,0.0,2021-03-03T22:35:26.287+00:00,2026-10-06T20:21:17Z
321778215,2124685132,Royale💕Valentines💕2021,14363565,0,0.0,2021-02-12T17:38:46.923+00:00,2026-10-06T20:21:17Z
321778215,2124681860,✨❤️✨,6153,0,0.0,2021-02-07T13:40:37.82+00:00,2026-10-06T20:21:17Z
321778215,2124658936,Completed all New Years Quests 2021!,704458,0,0.0,2020-12-29T00:04:04.037+00:00,2026-10-06T20:21:17Z
321778215,2124657243,Happy New Year 2021 with Royale High!,218456,0,0.0,2020-12-27T07:03:12.987+00:00,2026-10-06T20:21:17Z
321778215,2124654102,RH Gifting Event 2020 Completionist!,294778,0,0.0,2020-12-23T00:49:58.29+00:00,2026-10-06T20:21:17Z
321778215,2124647763,Royale High Thumbnail Award!,22,0,0.0,2020-12-09T23:30:30.84+00:00,2026-10-06T20:21:17Z
321778215,2124643569,I Met Royale Developer ReddieTheTeddy!,3325,0,0.0,2020-11-30T18:12:50.213+00:00,2026-10-06T20:21:17Z
321778215,2124643554,I Met Royale Graphic Designer ixchoco_!,9329,0,0.0,2020-11-30T17:53:53.443+00:00,2026-10-06T20:21:17Z
321778215,2124643532,I Met Royale Developer Vioncii!,13079,0,0.0,2020-11-30T17:43:33.12+00:00,2026-10-06T20:21:17Z
321778215,2124643522,Snowflake Sparkles,17960,0,0.0,2020-11-30T17:32:39.853+00:00,2026-10-06T20:21:17Z
321778215,2124643516,Royale Christmas 2020!,21760209,0,0.0,2020-11-30T17:25:04.313+00:00,2026-10-06T20:21:17Z
321778215,2124638210,Tidy Textbooks All-Time Leaderboard Pro!,911,0,0.0,2020-11-18T17:23:58.06+00:00,2026-10-06T20:21:17Z
321778215,2124619820,Full Moon,12413,0,0.0,2020-10-10T21:21:53.733+00:00,2026-10-06T20:21:17Z
321778215,2124616276,Beat Extremely Hard Maze RH 2020!,782337,0,0.0,2020-10-02T16:51:52.53+00:00,2026-10-06T20:21:17Z
321778215,2124615910,Royale Halloween 2020!,17008060,0,0.0,2020-10-01T19:14:33.487+00:00,2026-10-06T20:21:17Z
321778215,2124600761,I Survived Beta Testing!,17243,0,0.0,2020-09-01T17:13:03.377+00:00,2026-10-06T20:21:17Z
321778215,2124600199,I Met Royale Developer Jammo!,8169,0,0.0,2020-09-01T16:13:08.773+00:00,2026-10-06T20:21:17Z
321778215,2124600193,I Met Royale Developer harht!,4595,0,0.0,2020-09-01T16:12:18.747+00:00,2026-10-06T20:21:17Z
321778215,2124600192,I Met Royale Developer d5no!,1999,0,0.0,2020-09-01T16:11:37.233+00:00,2026-10-06T20:21:17Z
321778215,2124572129,Hidden in the Sand,16266,0,0.0,2020-07-07T00:21:43.607+00:00,2026-10-06T20:21:17Z
321778215,2124570404,Royale Independence 2020!,8630164,0,0.0,2020-07-03T01:00:41.237+00:00,2026-10-06T20:21:17Z
321778215,2124497690,I Met Influencer melody_glitter!,4984,0,0.0,2019-12-18T21:05:02.077+00:00,2026-10-06T20:21:17Z
321778215,2124563492,Royale Summer 2020!,45497496,0,0.0,2020-06-19T18:50:47.223+00:00,2026-10-06T20:21:17Z
321778215,2124530872,New Beginnings,20770,0,0.0,2020-04-28T19:52:41.887+00:00,2026-10-06T20:21:17Z
321778215,2124518870,You Found a Star Creator inside Royale High!,1269,0,0.0,2020-03-24T22:29:51.48+00:00,2026-10-06T20:21:17Z
321778215,2124518872,You Found an Admin inside Royale High!,672,0,0.0,2020-03-24T22:30:04.8+00:00,2026-10-06T20:21:17Z
321778215,2124518869,You Found a Game Developer inside Royale High!,713,0,0.0,2020-03-24T22:29:34.04+00:00,2026-10-06T20:21:17Z
321778215,2124518819,Eggchanted,1333455,0,0.0,2020-03-24T19:25:49.413+00:00,2026-10-06T20:21:17Z
321778215,2124517576,👽,2676375,80,0.001,2020-03-19T19:44:27.733+00:00,2026-10-06T20:21:17Z
321778215,2124517151,the calm after the storm,7650,0,0.0,2020-03-18T03:55:50.763+00:00,2026-10-06T20:21:17Z
321778215,2124517063,Saint Patrick's Day 2020!,810995,0,0.0,2020-03-17T22:01:21.163+00:00,2026-10-06T20:21:17Z
321778215,2124509877,My Heart Glows for You,2022,0,0.0,2020-02-14T08:17:03.437+00:00,2026-10-06T20:21:17Z
321778215,2124509827,Royale Valentines Day 2020!,4859133,0,0.0,2020-02-14T03:24:56.923+00:00,2026-10-06T20:21:17Z
321778215,2124500186,Happy New Years with Royale High 2020!,3630261,0,0.0,2019-12-30T03:05:01.54+00:00,2026-10-06T20:21:17Z
321778215,2124498675,Royale Christmas 2019!,2288429,0,0.0,2019-12-25T07:42:21.597+00:00,2026-10-06T20:21:17Z
321778215,2124497714,I Met 3d Modeler cristal_fl0urite!,4809,0,0.0,2019-12-18T21:39:44.443+00:00,2026-10-06T20:21:17Z
321778215,2124497712,I met Top RH Player MlpandWinxFairyPony!,2789,0,0.0,2019-12-18T21:33:59.22+00:00,2026-10-06T20:21:17Z
321778215,2124497711,I Met Graphics Designer EvilArtist!,4989,0,0.0,2019-12-18T21:32:23.933+00:00,2026-10-06T20:21:17Z
321778215,2124497709,I Met Makeup Artist Xetrii!,108,0,0.0,2019-12-18T21:30:02.96+00:00,2026-10-06T20:21:17Z
321778215,2124497708,I Met Makeup Artist Vex_SV!,4706,0,0.0,2019-12-18T21:27:56.857+00:00,2026-10-06T20:21:17Z
321778215,2124497706,I Met Flatline Owner twinyard!,6013,0,0.0,2019-12-18T21:26:10.74+00:00,2026-10-06T20:21:17Z
321778215,2124497704,I Met Animator RoyaleStarxy!,5402,0,0.0,2019-12-18T21:22:59.37+00:00,2026-10-06T20:21:17Z
321778215,2124497702,I Met Youtuber ItsSiena!,2790,0,0.0,2019-12-18T21:21:45.543+00:00,2026-10-06T20:21:17Z
321778215,2124497701,I Met Makeup Artist Sheena_SV!,2818,0,0.0,2019-12-18T21:18:01.913+00:00,2026-10-06T20:21:17Z
321778215,2124497700,I Met Youtuber YTshaylo!,3018,0,0.0,2019-12-18T21:16:39.097+00:00,2026-10-06T20:21:17Z
321778215,2124497698,I met 3D Modeler Rossie!,493,0,0.0,2019-12-18T21:12:57.17+00:00,2026-10-06T20:21:17Z
321778215,2124497696,I Met Artist pep_purr!,1018,0,0.0,2019-12-18T21:10:47.5+00:00,2026-10-06T20:21:17Z
321778215,2124497694,I met Influencer Othello!,5951,0,0.0,2019-12-18T21:10:11.7+00:00,2026-10-06T20:21:17Z
321778215,2124497692,I Met Designer Nu test!,548,0,0.0,2019-12-18T21:08:22.437+00:00,2026-10-06T20:21:17Z
321778215,2124497691,I Met Designer Missmudmaam!,2315,0,0.0,2019-12-18T21:05:51.577+00:00,2026-10-06T20:21:17Z
321778215,2124497689,I Met Influencer Royalehigh_edits!,2007,0,0.0,2019-12-18T21:04:00.613+00:00,2026-10-06T20:21:17Z
321778215,2124497687,I Met YouTuber KrystinPlays!,2451,0,0.0,2019-12-18T20:59:49.21+00:00,2026-10-06T20:21:17Z
321778215,2124497684,I Met Developer Kittzilla!,7543,0,0.0,2019-12-18T20:55:44.073+00:00,2026-10-06T20:21:17Z
321778215,2124497683,I Met Influencer Killuamachine!,624,0,0.0,2019-12-18T20:55:04.353+00:00,2026-10-06T20:21:17Z
321778215,2124497682,I Met Designer KelseyAnna!,2308,0,0.0,2019-12-18T20:53:55.507+00:00,2026-10-06T20:21:17Z
321778215,2124497681,I Met Influencer royalesxphie!,14949,0,0.0,2019-12-18T20:51:33.107+00:00,2026-10-06T20:21:17Z
321778215,2124497680,I Met YouTuber Imagamergirl!,9789,0,0.0,2019-12-18T20:50:44.11+00:00,2026-10-06T20:21:17Z
321778215,2124497679,You Met Makeup Artist EmmieDearest!,1142,0,0.0,2019-12-18T20:48:51.703+00:00,2026-10-06T20:21:17Z
321778215,2124497677,I Met Influencer blairuuu!,2843,0,0.0,2019-12-18T20:45:35.793+00:00,2026-10-06T20:21:17Z
321778215,2124497675,I Met Influencer AngiePlet!,5600,0,0.0,2019-12-18T20:34:28.62+00:00,2026-10-06T20:21:17Z
321778215,2124496557,Icy Blast!,1708,0,0.0,2019-12-09T05:27:11.123+00:00,2026-10-06T20:21:17Z
321778215,2124492089,A Season to behold Nature's Palette,1332,0,0.0,2019-11-01T06:54:11.83+00:00,2026-10-06T20:21:17Z
321778215,2124490534,Completed Super Hard Maze 2019,167325,0,0.0,2019-10-20T21:30:19.603+00:00,2026-10-06T20:21:17Z
321778215,2124490533,Royale High Halloween 2019!,1793971,0,0.0,2019-10-20T21:27:05.72+00:00,2026-10-06T20:21:17Z
321778215,2124489281,Whispering Spirits,872,0,0.0,2019-10-12T03:35:25.83+00:00,2026-10-06T20:21:17Z
321778215,2124487935,Halloween 2019 Designer Event Completionist!,59202,0,0.0,2019-10-01T00:27:07.05+00:00,2026-10-06T20:21:17Z
321778215,2124476646,Sunset Island: Here From Day 1,1528463,0,0.0,2019-07-15T08:28:41.7+00:00,2026-10-06T20:21:17Z
321778215,2124469538,I Met Influencer Lizzy_Winkle!,1639,0,0.0,2019-05-27T07:48:18.48+00:00,2026-10-06T20:21:17Z
321778215,2124468938,I Met Developer OceanOrbs!,9897,50,0.0,2019-05-22T03:25:56.17+00:00,2026-10-06T20:21:17Z
321778215,2124466700,Secret Waterfall,4711,0,0.0,2019-05-01T20:24:51.057+00:00,2026-10-06T20:21:17Z
321778215,2124462279,Happy Little Fluffy Bunnies,2341,0,0.0,2019-04-01T11:17:23.39+00:00,2026-10-06T20:21:17Z
321778215,2124462276,Easter Egg Hunt 2019!,106932,0,0.0,2019-04-01T09:43:20.037+00:00,2026-10-06T20:21:17Z
321778215,2124459883,Saint Patricks Day 2019!,1544193,0,0.0,2019-03-17T22:19:18.167+00:00,2026-10-06T20:21:17Z
321778215,2124459880,Design Contest Winner!,108,0,0.0,2019-03-17T21:57:39.14+00:00,2026-10-06T20:21:17Z
321778215,2124457692,After it rains...,12849,0,0.0,2019-03-05T05:11:33.857+00:00,2026-10-06T20:21:17Z
321778215,2124454006,Valentines Day 2019!,1351079,0,0.0,2019-02-08T04:13:22.14+00:00,2026-10-06T20:21:17Z
321778215,2124452950,It's Official💕,14468,0,0.0,2019-01-31T18:02:50.213+00:00,2026-10-06T20:21:17Z
321778215,2124448262,Happy New Year with Royale! 2019,69769,0,0.0,2018-12-31T14:55:22.89+00:00,2026-10-06T20:21:17Z
321778215,2124443858,Soft Snow,19277,0,0.0,2018-12-01T01:23:52.943+00:00,2026-10-06T20:21:17Z
321778215,2124446788,Royale Christmas 2018,624076,0,0.0,2018-12-25T16:39:02.96+00:00,2026-10-06T20:21:17Z
321778215,2124442175,I Met Royale Developer Sukimeki!,17891,0,0.0,2018-11-11T21:55:00.42+00:00,2026-10-06T20:21:17Z
321778215,2124440694,Always I want to be w/ u🌈,557497,26,0.0,2018-10-26T04:11:23.59+00:00,2026-10-06T20:21:17Z
321778215,2124439862,I Met the YouTuber MeganPlays!,12049,0,0.0,2018-10-16T19:39:11.42+00:00,2026-10-06T20:21:17Z
321778215,2124428509,Halloween 2018,12512870,0,0.0,2018-10-01T09:24:41.98+00:00,2026-10-06T20:21:17Z
321778215,2124428497,Eerie Fog,8856,0,0.0,2018-10-01T05:07:03.347+00:00,2026-10-06T20:21:17Z
321778215,2124428491,Pumpkin Contest 2018,330306,0,0.0,2018-10-01T04:14:15.79+00:00,2026-10-06T20:21:17Z
321778215,2124426697,I Met the YouTuber realrosesarered!,2006,0,0.0,2018-09-12T20:54:12.333+00:00,2026-10-06T20:21:17Z
321778215,2124426607,Mysterious Darkness,7958,0,0.0,2018-09-11T09:49:23.02+00:00,2026-10-06T20:21:17Z
321778215,2124426606,Glorious Light,8084,0,0.0,2018-09-11T09:48:01.32+00:00,2026-10-06T20:21:17Z
321778215,2124426583,You met the YouTuber iamSanna!,7895,0,0.0,2018-09-11T01:48:45.787+00:00,2026-10-06T20:21:17Z
321778215,2124426388,I Met the YouTuber InquisitorMaster!,4537,0,0.0,2018-09-09T01:55:29.097+00:00,2026-10-06T20:21:17Z
321778215,2124426383,I Met the YouTuber Zachary!,9711,0,0.0,2018-09-09T01:48:18.57+00:00,2026-10-06T20:21:17Z
321778215,2124426380,I Met the YouTuber GamingMermaid!,5833,0,0.0,2018-09-09T01:38:18.37+00:00,2026-10-06T20:21:17Z
321778215,2124426379,I Met the YouTuber cybernova!,24956,0,0.0,2018-09-09T01:36:15.937+00:00,2026-10-06T20:21:17Z
321778215,2124425906,I Met Royale Scripter Ice7!,54832,0,0.0,2018-09-04T03:48:15.347+00:00,2026-10-06T20:21:17Z
321778215,2124425901,You found callmehbob's toy!,30001,3,0.0,2018-09-04T02:42:54.883+00:00,2026-10-06T20:21:17Z
321778215,2124425879,☪ The Enchantress ☪,92461,0,0.0,2018-09-03T22:32:34.767+00:00,2026-10-06T20:21:17Z
321778215,1421840177,Valentines Day 2018,1929836,0,0.0,2018-02-14T19:26:41.84+00:00,2026-10-06T20:21:17Z
321778215,1228450696,Chimney Surfer,327460,0,0.0,2017-12-08T02:24:01.703+00:00,2026-10-06T20:21:17Z
321778215,1206359098,I Met Royale Scripter Ironclaw33!,1264,0,0.0,2017-11-27T02:26:32.433+00:00,2026-10-06T20:21:17Z
321778215,1186477818,Royale High Welcome Package,114337537,0,0.0,2017-11-19T06:25:05.193+00:00,2026-10-06T20:21:17Z
321778215,1094230319,You Beat the Halloween Maze - Easy!,172385,0,0.0,2017-10-08T10:53:10.813+00:00,2026-10-06T20:21:17Z
321778215,1066157648,I Met RH Developer Laun celotdev92!,27145,0,0.0,2017-09-24T07:11:56.15+00:00,2026-10-06T20:21:17Z
321778215,980743825,"I Met nightbarbie, the Creator of Royale High!",13288,0,0.0,2017-08-14T21:37:12.6+00:00,2026-10-06T20:21:17Z
321778215,980724564,Baked a Cake at the Bakery!,534924,0,0.0,2017-08-14T21:27:21.733+00:00,2026-10-06T20:21:17Z
4420562665,4497960647192666,Welcome to Ride Storm!,19312480,97729,0.525,2025-12-01T15:50:55.802+00:00,2026-10-06T20:21:17Z
7094518649,2716355217059508,Restaurant Tycoon 3,60358917,35655,0.316,2025-08-19T07:18:19.326+00:00,2026-10-06T20:21:17Z
7094518649,3311729327122997,3 Star Restaurant,2765374,2891,0.026,2025-06-30T14:18:01.758+00:00,2026-10-06T20:21:17Z
7094518649,3776970027320700,4 Star Restaurant,1411413,1899,0.017,2025-06-30T14:18:19.124+00:00,2026-10-06T20:21:17Z
7094518649,1011430426522847,5 Star Restaurant,164628,411,0.004,2025-06-30T14:18:39.042+00:00,2026-10-06T20:21:17Z
7094518649,900365518324506,Boost a Dish!,2700116,6352,0.056,2026-01-20T11:53:16.018+00:00,2026-10-06T20:21:17Z
7094518649,1391255725864056,Critic Triumph,724128,1590,0.014,2026-01-20T11:54:25.923+00:00,2026-10-06T20:21:17Z
7094518649,920849784928548,Open a Drive Thru!,1875188,4429,0.039,2026-01-20T12:11:41.653+00:00,2026-10-06T20:21:17Z
7094518649,825211722070045,Toy Time!,1758439,4154,0.037,2026-01-30T09:45:02.095+00:00,2026-10-06T20:21:17Z
7094518649,3795580624235092,Seasonal Style,1218386,0,0.0,2026-02-05T13:52:47.561+00:00,2026-10-06T20:21:17Z
7094518649,2029828358089054,Thumbs Up!,3925210,6633,0.059,2026-02-05T13:53:27.439+00:00,2026-10-06T20:21:17Z
7094518649,1422685821153562,VIP Treatment,1176618,2995,0.027,2026-02-13T12:06:28.884+00:00,2026-10-06T20:21:17Z
7094518649,1736231066916495,Staff Makeover,3587529,6594,0.058,2026-02-13T12:14:00.644+00:00,2026-10-06T20:21:17Z
7094518649,4459288873334344,100x Daily Reward Streak,1679,6,0.0,2026-02-25T14:44:12.828+00:00,2026-10-06T20:21:17Z
7094518649,2589614108346725,From the Ground Up,318441,772,0.007,2026-02-25T14:45:56.946+00:00,2026-10-06T20:21:17Z
7094518649,32730457560689,Admin Event,188775,0,0.0,2026-03-06T10:42:13.085+00:00,2026-10-06T20:21:17Z
7094518649,2497536933842068,Creative Cooking,1542378,4790,0.042,2026-03-13T09:19:22.811+00:00,2026-10-06T20:21:17Z
7094518649,2014209807803309,Top Chef,983449,3940,0.035,2026-03-19T12:01:28.199+00:00,2026-10-06T20:21:17Z
7094518649,2663245078433297,Keeping the Peace,3863229,8288,0.073,2026-03-19T12:02:33.954+00:00,2026-10-06T20:21:17Z
7094518649,2868200870460344,Collab Customer!,4017633,16811,0.149,2026-04-02T12:47:10.848+00:00,2026-10-06T20:21:17Z
7094518649,1217050933613075,Bountiful Harvest,1859948,5290,0.047,2026-04-10T09:23:13.261+00:00,2026-10-06T20:21:17Z
7094518649,1525038105230710,"The More, The Merrier",2566028,5873,0.052,2026-04-24T10:51:57.248+00:00,2026-10-06T20:21:17Z
7094518649,1640562815803156,Baker's Dozen,7250929,16683,0.148,2026-04-24T10:54:58.512+00:00,2026-10-06T20:21:17Z
7094518649,1300344833357448,Red-Handed,3912965,10937,0.097,2026-04-30T10:37:49.873+00:00,2026-10-06T20:21:17Z
7094518649,2701110952677365,Recipe for Disaster,3740677,11202,0.099,2026-05-28T17:54:07.242+00:00,2026-10-06T20:21:17Z
7094518649,1682850550090645,Combo Crafter,406896,2384,0.021,2026-06-05T08:54:41.968+00:00,2026-10-06T20:21:17Z
7094518649,2270039795955645,Construction Complete,75193,460,0.004,2026-06-12T08:56:07.968+00:00,2026-10-06T20:21:17Z
7094518649,2574067978914971,Mythical Customer,264669,1692,0.015,2026-06-26T10:22:39.76+00:00,2026-10-06T20:21:17Z
7094518649,3659329499665640,Day 100,1075369,5355,0.047,2026-06-30T12:39:13.206+00:00,2026-10-06T20:21:17Z
7094518649,2602958400169974,30 Hours Playtime,701267,3044,0.027,2026-06-30T12:42:15.93+00:00,2026-10-06T20:21:17Z
7094518649,254737512334069,Millionaire!,7807,80,0.001,2026-07-20T13:46:28.123+00:00,2026-10-06T20:21:17Z
7094518649,2385361662645069,A Tower of Taste,273698,2494,0.022,2026-07-20T13:48:02.881+00:00,2026-10-06T20:21:17Z
7094518649,1026065614483583,Rising Reputation,1090534,6412,0.057,2026-07-20T13:48:31.478+00:00,2026-10-06T20:21:17Z
7094518649,683423614636735,Friendship Forever,740473,5681,0.05,2026-07-20T13:49:37.986+00:00,2026-10-06T20:21:17Z
7094518649,4159749189515925,Restaurant Tycoon 3's Birthday,374580,0,0.0,2026-08-18T14:40:20.488+00:00,2026-10-06T20:21:17Z
7094518649,2808590891744054,Cheese-ception,36335,893,0.008,2026-09-07T10:39:41.512+00:00,2026-10-06T20:21:17Z
7094518649,1438559889922702,Sugar Rush,44110,1103,0.01,2026-09-07T10:40:08.619+00:00,2026-10-06T20:21:17Z
7094518649,1982716058238584,Meals on Wheels!,42432,4283,0.038,2026-10-02T10:36:01.519+00:00,2026-10-06T20:21:17Z
4750561026,2153378233,"Private, dont touch tha-",2868,0,0.0,2023-10-17T20:51:49.237+00:00,2026-10-06T20:21:17Z
4750561026,192041963482583,Worthy of the Eagle [UNOBTAINABLE],248,0,0.0,2024-04-01T19:38:25.911+00:00,2026-10-06T20:21:17Z
4750561026,2895343569524396,Mutually Assured,41308,0,0.0,2026-09-19T01:05:58.134+00:00,2026-10-06T20:21:17Z
3310460039,2125057370,Winners Badge (EASY),168404992,73046,0.185,2022-03-01T18:05:49.013+00:00,2026-10-06T20:21:17Z
3310460039,2125057382,Winners Badge (HARD),9671617,5585,0.014,2022-03-01T18:06:40.037+00:00,2026-10-06T20:21:17Z
3310460039,2125057407,First Place (EASY),11811725,0,0.0,2022-03-01T18:08:45.617+00:00,2026-10-06T20:21:17Z
3310460039,2125057413,First Place (HARD),3155977,0,0.0,2022-03-01T18:09:14.393+00:00,2026-10-06T20:21:17Z
3310460039,2129961285,Capture Badge (VIP ONLY),46393,0,0.0,2022-12-19T15:44:13.003+00:00,2026-10-06T20:21:17Z
3310460039,2130185324,Blue Gem Badge!,16047628,0,0.0,2022-12-30T14:59:14.797+00:00,2026-10-06T20:21:17Z
3310460039,2144680785,Lava Mode Badge (DIFFICULT),1145471,0,0.0,2023-04-25T16:32:21.46+00:00,2026-10-06T20:21:17Z
3310460039,2452195590027252,Red Gem Badge!,222252,0,0.0,2024-09-07T08:27:56.113+00:00,2026-10-06T20:21:17Z
3310460039,2403291517337693,CopCoin Badge!,16,0,0.0,2024-09-08T10:49:31.04+00:00,2026-10-06T20:21:17Z
3310460039,626916326763874,Winners Badge (EASY),18379663,20553,0.052,2024-09-20T11:05:31.912+00:00,2026-10-06T20:21:17Z
3310460039,1628051583748359,Winners Badge (HARD),678552,1123,0.003,2024-09-20T11:07:41.465+00:00,2026-10-06T20:21:17Z
3310460039,190381966693250,First Place! (Alien Base Easy),256407,0,0.0,2024-09-20T11:10:18.788+00:00,2026-10-06T20:21:17Z
3310460039,2242389506846234,First Place! (Alien Base Hard),64149,0,0.0,2024-09-20T11:13:05.956+00:00,2026-10-06T20:21:17Z
3310460039,3520064426372501,UFDoe Badge!,1616332,2144,0.005,2024-09-20T11:20:47.825+00:00,2026-10-06T20:21:17Z
3310460039,3125022183337027,Blaster Master! (ALIEN BASE HARD MODE),48510,0,0.0,2024-09-27T10:23:34.104+00:00,2026-10-06T20:21:17Z
3310460039,922585571615164,LEGO® MODE BADGE!,17941272,0,0.0,2025-05-06T18:52:41.754+00:00,2026-10-06T20:21:17Z
10765582175,886560331703171,Welcome,928594,285824,1.0,2026-09-18T09:07:12.758+00:00,2026-10-06T20:21:17Z
10765582175,1868493817752960,1 Survival,390283,116647,0.54,2026-09-18T09:12:47.982+00:00,2026-10-06T20:21:17Z
10765582175,3957804833528520,10 Survivals,77087,23616,0.109,2026-09-18T09:13:20.876+00:00,2026-10-06T20:21:17Z
10765582175,1431826426850056,25 Survivals,27251,8943,0.041,2026-09-18T09:14:19.863+00:00,2026-10-06T20:21:17Z
10765582175,96902990189510,100 Survivals,1862,684,0.003,2026-09-18T09:14:56.685+00:00,2026-10-06T20:21:17Z
10765582175,85320426376119,1000,1,0,0.0,2026-09-23T11:14:32.105+00:00,2026-10-06T20:21:17Z
10765582175,153195096072296,Hung Up,4885,1465,0.007,2026-09-23T11:38:49.455+00:00,2026-10-06T20:21:17Z
10765582175,692826811898419,Donator,3069,882,0.004,2026-09-23T06:57:03.974+00:00,2026-10-06T20:21:17Z
10765582175,1380448591429125,KEEP IT CLEAN,30628,9533,0.044,2026-09-18T09:04:16.014+00:00,2026-10-06T20:21:17Z
10765582175,2769773971099520,Against the God's Will,27643,8545,0.04,2026-09-18T09:12:10.942+00:00,2026-10-06T20:21:17Z
10765582175,1819994470975084,Azure Dot,9683,3108,0.014,2026-09-24T09:22:29.168+00:00,2026-10-06T20:21:17Z
10765582175,1633298081980018,Divine Instincts,18174,6385,0.03,2026-09-27T11:22:30.748+00:00,2026-10-06T20:21:17Z
10765582175,1881348100159175,TRESPASSER,26848,8640,0.04,2026-09-29T08:34:07.753+00:00,2026-10-06T20:21:17Z
10765013362,3937630692083347,Welcome to Dig For Animals!,1656302,100808,0.824,2026-09-06T20:23:13.007+00:00,2026-10-06T20:21:17Z
10765013362,3873093727656541,First Hatch,1483755,89404,0.73,2026-09-06T20:25:01.118+00:00,2026-10-06T20:21:17Z
10765013362,532485988463038,Deep Digger,1301865,78521,0.642,2026-09-06T20:27:13.916+00:00,2026-10-06T20:21:17Z
10765013362,1411490795293446,Animal Collector,786632,51734,0.423,2026-09-06T20:27:42.837+00:00,2026-10-06T20:21:17Z
10765013362,3331343128741513,Legendary Discovery,495724,33544,0.274,2026-09-06T20:28:27.85+00:00,2026-10-06T20:21:17Z
10665420648,440709315768381,Welcome to THRESHOLD!,6130298,486540,1.0,2026-09-21T09:20:29.18+00:00,2026-10-06T20:21:17Z
10665420648,2004556325398504,Played Story Mode,885427,3,0.0,2026-09-21T09:20:57.103+00:00,2026-10-06T20:21:17Z
10665420648,3815597775281971,Finished Episode 1 [DESPAIR],275480,0,0.0,2026-09-21T09:21:32.105+00:00,2026-10-06T20:21:17Z
10665420648,2275660058144282,Played Chase Mode,4609521,291535,1.0,2026-09-21T09:21:50.987+00:00,2026-10-06T20:21:17Z
10665420648,3955599417877569,Won Chase mode,902704,53583,0.206,2026-09-21T09:22:07.056+00:00,2026-10-06T20:21:17Z
10665420648,2022533331602160,Finished Episode 2,51601,37679,0.145,2026-10-05T11:19:21.419+00:00,2026-10-06T20:21:17Z
1526814825,2124759195,First Rebirth,15920496,6428,0.045,2021-06-05T23:52:08.877+00:00,2026-10-06T20:21:17Z
1526814825,2124759198,10 Rebirths,1324795,1140,0.008,2021-06-05T23:53:58.397+00:00,2026-10-06T20:21:17Z
1526814825,2124759197,69 Rebirths,7863,1,0.0,2021-06-05T23:53:36.033+00:00,2026-10-06T20:21:17Z
1526814825,3577003319798125,Trade Master,339763,400,0.003,2024-05-23T06:06:12.147+00:00,2026-10-06T20:21:17Z
1526814825,2127383527,1st Kill,24750104,10038,0.07,2022-07-15T04:17:36.87+00:00,2026-10-06T20:21:17Z
1526814825,2127383531,25 Kills,2299645,911,0.006,2022-07-15T04:17:45.533+00:00,2026-10-06T20:21:17Z
1526814825,2124795567,Missile Education,499325,44,0.0,2021-08-01T00:23:02.33+00:00,2026-10-06T20:21:17Z
1526814825,2124949570,Sharpshooter,1802652,0,0.0,2022-02-24T06:55:16.613+00:00,2026-10-06T20:21:17Z
1526814825,2124759194,Met The Owner,15653,0,0.0,2021-06-05T23:51:36.603+00:00,2026-10-06T20:21:17Z
1526814825,2124935868,???,912451,105,0.001,2022-02-18T05:04:02.953+00:00,2026-10-06T20:21:17Z
1526814825,4186089721354469,Sun Cross,693006,1,0.0,2024-02-04T03:49:54.819+00:00,2026-10-06T20:21:17Z
1526814825,3206306395613212,10 Killstreak,230886,1604,0.011,2026-06-16T19:27:02.002+00:00,2026-10-06T20:21:17Z
1526814825,2740902732678221,20 Killstreak,81684,548,0.004,2026-06-16T19:28:18.317+00:00,2026-10-06T20:21:17Z
1526814825,742804205659262,40 Killstreak,14463,91,0.001,2026-06-16T19:28:53.335+00:00,2026-10-06T20:21:17Z
1526814825,1476591315029120,50 Killstreak,6804,42,0.0,2026-06-16T19:29:24.008+00:00,2026-10-06T20:21:17Z
1526814825,3530073792111229,60 Killstreak,3688,17,0.0,2026-06-16T19:29:49.082+00:00,2026-10-06T20:21:17Z
1526814825,4185930187182075,75 Killstreak,1775,7,0.0,2026-06-16T19:30:44.765+00:00,2026-10-06T20:21:17Z
1526814825,3964246431333803,100 Killstreak,761,4,0.0,2026-06-16T19:31:21.081+00:00,2026-10-06T20:21:17Z
9970645639,1542369021383288,Welcome!,21160096,40294,0.361,2026-05-02T18:25:05.653+00:00,2026-10-06T20:21:17Z
9970645639,3780287388839781,100 Customers,5469618,10944,0.098,2026-05-02T19:29:06.092+00:00,2026-10-06T20:21:17Z
9970645639,3710248595085752,1k Customers,1902754,4103,0.037,2026-05-02T19:29:31.463+00:00,2026-10-06T20:21:17Z
9970645639,4330860286364384,10 Recipes,1655480,4387,0.039,2026-05-02T19:30:00.36+00:00,2026-10-06T20:21:17Z
9970645639,644942648196695,First Week!,2206836,4478,0.04,2026-05-02T19:30:55.097+00:00,2026-10-06T20:21:17Z
9970645639,3212119087391519,Royalty,292029,897,0.008,2026-05-02T19:31:32.138+00:00,2026-10-06T20:21:17Z
9970645639,4401707980382473,Millionaire,283654,1718,0.015,2026-05-02T19:32:09.054+00:00,2026-10-06T20:21:17Z
9970645639,2459807338363180,1 Million Customers,5662,54,0.0,2026-05-02T19:32:48.026+00:00,2026-10-06T20:21:17Z
9796898051,4109077049137682,Welcome,17216759,118337,0.813,2026-03-13T14:40:50.016+00:00,2026-10-06T20:21:17Z
9796898051,720813501724925,Grass Layer,11673250,82043,0.563,2026-03-23T17:26:44.966+00:00,2026-10-06T20:21:17Z
9796898051,2297578866143287,Dirt Layer,6450441,49499,0.34,2026-03-23T17:26:36.591+00:00,2026-10-06T20:21:17Z
9796898051,2571044453281186,Stone Layer,3730529,33320,0.229,2026-03-20T14:58:09.54+00:00,2026-10-06T20:21:17Z
9796898051,1287258278630435,Clay Layer,2452082,22676,0.156,2026-03-20T14:58:00.133+00:00,2026-10-06T20:21:17Z
9796898051,3529410141014342,Fossil Layer,2005642,18194,0.125,2026-03-20T14:57:44.536+00:00,2026-10-06T20:21:17Z
9796898051,1498597259425272,Crystal Layer,1648580,14050,0.096,2026-03-20T14:57:29.637+00:00,2026-10-06T20:21:17Z
9796898051,102578125757815,Toxic Layer,1361772,10306,0.071,2026-03-20T14:57:20.996+00:00,2026-10-06T20:21:17Z
9796898051,2735787728120790,Frozen Layer,1221633,9111,0.063,2026-03-19T14:03:50.349+00:00,2026-10-06T20:21:17Z
9796898051,733494679189933,The Abyss,969169,7433,0.051,2026-03-19T14:03:41.258+00:00,2026-10-06T20:21:17Z
9796898051,1966944287882604,The Void,810122,5916,0.041,2026-03-19T14:03:32.543+00:00,2026-10-06T20:21:17Z
9796898051,1939397073010767,Reach The Core,529901,2125,0.015,2026-03-19T14:03:23.388+00:00,2026-10-06T20:21:17Z
9796898051,1592527574950609,Reach 150k Depth,248006,551,0.004,2026-03-19T14:03:15.672+00:00,2026-10-06T20:21:17Z
9796898051,3930827015197644,Reach 200k Depth,171208,438,0.003,2026-03-18T14:19:28.681+00:00,2026-10-06T20:21:17Z
9796898051,3339262927914456,Heart of Earth,2180,42,0.0,2026-08-28T15:29:25.147+00:00,2026-10-06T20:21:17Z
9796898051,3002170922161530,Veteran,15884,119,0.001,2026-03-18T14:18:47.839+00:00,2026-10-06T20:21:17Z
9796898051,2027301996540877,Power Of Friendship,6760385,54329,0.373,2026-03-02T15:35:23.029+00:00,2026-10-06T20:21:17Z
9796898051,2841490616320634,Welcome Back,4366113,42514,0.292,2026-03-12T14:17:37.929+00:00,2026-10-06T20:21:17Z
9796898051,2687546814131367,Group Member,3356163,28935,0.199,2026-03-12T14:17:27.438+00:00,2026-10-06T20:21:17Z
9796898051,2006395516180855,Content Creator,38,1,0.0,2026-03-12T14:17:18.477+00:00,2026-10-06T20:21:17Z
9796898051,2721987450995241,First Death,7843946,50755,0.349,2026-03-12T14:17:09.34+00:00,2026-10-06T20:21:17Z
9796898051,1451151250964745,Death Enthusiast,450301,4937,0.034,2026-03-12T14:17:01.869+00:00,2026-10-06T20:21:17Z
9796898051,2676382007198165,Death Connoisseur,2392,31,0.0,2026-03-11T14:14:43.657+00:00,2026-10-06T20:21:17Z
9796898051,2276831141215915,Mine Coal,12506507,92115,0.632,2026-03-10T13:56:34.771+00:00,2026-10-06T20:21:17Z
9796898051,141571163581761,Mine Iron,5782887,44908,0.308,2026-03-10T13:56:25.233+00:00,2026-10-06T20:21:17Z
9796898051,1293241245971186,Mine Gold,4619502,37774,0.259,2026-03-10T13:56:18.765+00:00,2026-10-06T20:21:17Z
9796898051,1193355308518465,Mine Diamond,2797823,26744,0.184,2026-03-09T14:57:20.422+00:00,2026-10-06T20:21:17Z
9796898051,1439306799918233,Mine Emerald,1891415,22238,0.153,2026-05-19T13:22:03.104+00:00,2026-10-06T20:21:17Z
9796898051,2320572704249791,Mine Ruby,1496362,12067,0.083,2026-03-10T13:56:11.913+00:00,2026-10-06T20:21:17Z
9796898051,869685242090977,Mine Heartgem,1479,18,0.0,2026-08-28T15:30:56.066+00:00,2026-10-06T20:21:17Z
9796898051,2338371033051109,Rusty Armor,623605,4420,0.03,2026-03-09T14:57:28.421+00:00,2026-10-06T20:21:17Z
9796898051,2828997894522494,Steel Armor,501490,4664,0.032,2026-03-26T20:15:55.927+00:00,2026-10-06T20:21:17Z
9796898051,3965932461448128,Gold Armor,468415,3515,0.024,2026-03-09T14:57:13.144+00:00,2026-10-06T20:21:17Z
9796898051,1048678687829486,Diamond Armor,422784,2597,0.018,2026-03-09T14:56:55.939+00:00,2026-10-06T20:21:17Z
9796898051,1712877006372925,Void Armor,237378,2061,0.014,2026-03-09T14:56:49.694+00:00,2026-10-06T20:21:17Z
9796898051,3811083991588931,Phoenix Armor,6650,66,0.0,2026-06-19T12:50:26.865+00:00,2026-10-06T20:21:17Z
9796898051,1404045240957651,King's Armor,50,0,0.0,2026-07-28T14:04:36.586+00:00,2026-10-06T20:21:17Z
9796898051,853014806835398,Excalibur,4399,34,0.0,2026-04-22T20:24:11.265+00:00,2026-10-06T20:21:17Z
9796898051,2976636934924111,Wall Damage I,5924182,51842,0.356,2026-03-02T15:35:15.812+00:00,2026-10-06T20:21:17Z
9796898051,2123874135188761,Wall Damage II,1090811,10445,0.072,2026-02-27T02:44:48.505+00:00,2026-10-06T20:21:17Z
9796898051,1680099846007425,Drill Upgrade I,12101006,93287,0.641,2026-03-05T15:03:37.833+00:00,2026-10-06T20:21:17Z
9796898051,3133982388882344,Drill Upgrade II,4036005,39754,0.273,2026-03-05T15:03:24.424+00:00,2026-10-06T20:21:17Z
9796898051,1231548859913489,Drill Upgrade III,2364004,24331,0.167,2026-03-05T15:03:16.767+00:00,2026-10-06T20:21:17Z
9796898051,2792928751000664,Drill Upgrade IV,1485645,15004,0.103,2026-03-05T15:03:09.026+00:00,2026-10-06T20:21:17Z
9796898051,885211823053986,Drill Upgrade V,778313,7937,0.054,2026-03-05T15:03:00.852+00:00,2026-10-06T20:21:17Z
9796898051,2007274791882942,Crafting I,4357984,56484,0.388,2026-07-22T14:31:32.941+00:00,2026-10-06T20:21:17Z
9796898051,2225512714030895,Crafting II,506297,7848,0.054,2026-07-22T14:32:00.924+00:00,2026-10-06T20:21:17Z
9796898051,2813822149491352,Crafting III,202407,3500,0.024,2026-07-22T14:32:19.922+00:00,2026-10-06T20:21:17Z
9796898051,1381953533945916,Crafting IV,59328,1118,0.008,2026-07-22T14:32:39.423+00:00,2026-10-06T20:21:17Z
9796898051,1780560576950492,Crafting V,6781,125,0.001,2026-07-22T14:33:01.93+00:00,2026-10-06T20:21:17Z
9796898051,1015371792751577,Slice And Dice,348237,4012,0.028,2026-03-26T20:40:45.608+00:00,2026-10-06T20:21:17Z
9796898051,3304616076831073,Lock And Load,189587,2333,0.016,2026-03-03T15:27:31.172+00:00,2026-10-06T20:21:17Z
9796898051,4465722801043912,Blacksmith,3820336,29236,0.201,2026-03-11T14:14:28.368+00:00,2026-10-06T20:21:17Z
9796898051,2566472433671599,Mage,4004123,37908,0.26,2026-03-11T14:14:19.959+00:00,2026-10-06T20:21:17Z
9796898051,1162197007464777,Merchant,1801312,17334,0.119,2026-02-26T00:50:31.291+00:00,2026-10-06T20:21:17Z
9796898051,26637324749028,Postmaster,7776575,57285,0.393,2026-04-27T15:57:02.764+00:00,2026-10-06T20:21:17Z
9796898051,232748379095300,Local Lunatic,5279310,66225,0.455,2026-07-08T21:26:44.917+00:00,2026-10-06T20:21:17Z
9796898051,1524228546283797,Banker,6784689,49965,0.343,2026-03-11T14:14:10.752+00:00,2026-10-06T20:21:17Z
9796898051,455252349462377,Shopkeeper,2268306,45803,0.315,2026-09-03T16:22:27.996+00:00,2026-10-06T20:21:17Z
9796898051,466904979422614,Bounty Hunter,3793615,13505,0.093,2026-03-11T14:14:35.542+00:00,2026-10-06T20:21:17Z
9796898051,2611304429849365,Gibbles,947532,9458,0.065,2026-05-29T15:07:15.113+00:00,2026-10-06T20:21:17Z
9796898051,1009538981900727,Lieutenant,49487,1917,0.013,2026-09-25T15:09:30.28+00:00,2026-10-06T20:21:17Z
9796898051,2256050186130445,Hot Potato,1065975,13995,0.096,2026-03-04T14:39:10.693+00:00,2026-10-06T20:21:17Z
9796898051,3675866250244553,Blood Fog,3034565,14791,0.102,2026-03-06T15:36:12.774+00:00,2026-10-06T20:21:17Z
9796898051,2461762770354022,Craftsman,779698,0,0.0,2026-03-04T14:39:02.273+00:00,2026-10-06T20:21:17Z
9796898051,2852034149943805,Big Steppin',5771063,47105,0.323,2026-02-26T00:51:35.758+00:00,2026-10-06T20:21:17Z
9796898051,4487042389902765,Rich Get Richer,1172189,12052,0.083,2026-02-27T02:44:36.644+00:00,2026-10-06T20:21:17Z
9796898051,441271363113725,Mr. Quacks,596106,6466,0.044,2026-03-03T15:27:06.115+00:00,2026-10-06T20:21:17Z
9796898051,1876316820033918,Cosmic Blender,151090,1546,0.011,2026-03-04T14:39:19.119+00:00,2026-10-06T20:21:17Z
9796898051,1060898683596596,Meat To Heat,10580,68,0.0,2026-03-03T15:27:15.675+00:00,2026-10-06T20:21:17Z
9796898051,1316032689322590,Armor Optional,1797,1,0.0,2026-03-06T15:36:44.242+00:00,2026-10-06T20:21:17Z
9796898051,281931442712316,Well Played,131430,221,0.002,2026-02-26T00:51:01.507+00:00,2026-10-06T20:21:17Z
9796898051,2453684694461443,Happy Camper,380964,6083,0.042,2026-03-04T14:38:44.738+00:00,2026-10-06T20:21:17Z
9796898051,2533506634648961,Lightly Toasted,4183647,32620,0.224,2026-03-03T15:27:41.106+00:00,2026-10-06T20:21:17Z
9796898051,2836851495810249,Packed Sack,3947931,32286,0.222,2026-03-02T15:35:47.009+00:00,2026-10-06T20:21:17Z
9796898051,3149977595917410,Participation Award,3870913,35603,0.244,2026-03-02T15:35:39.507+00:00,2026-10-06T20:21:17Z
9796898051,1060443267848087,Slick Brick,1683324,17294,0.119,2026-02-27T02:44:04.664+00:00,2026-10-06T20:21:17Z
9796898051,918744036635082,Attachment Issues,566019,9057,0.062,2026-03-06T15:36:27.913+00:00,2026-10-06T20:21:17Z
9796898051,4173813498476000,Rusty To Riches,427876,3189,0.022,2026-02-27T02:44:28.599+00:00,2026-10-06T20:21:17Z
9796898051,4125499782760539,"Smelt It, Dealt It",1108964,8640,0.059,2026-03-06T15:36:19.997+00:00,2026-10-06T20:21:17Z
9796898051,3743913575742319,Permanent Resident,136223,2365,0.016,2026-03-02T15:35:31.504+00:00,2026-10-06T20:21:17Z
9796898051,3287131829386918,Majority Shareholder,3288542,30790,0.211,2026-03-03T15:27:24.247+00:00,2026-10-06T20:21:17Z
9796898051,3401224269149698,Plot Armor,975746,11010,0.076,2026-03-10T13:56:43.41+00:00,2026-10-06T20:21:17Z
9796898051,3783923032458140,Goblin,13027443,91391,0.628,2026-03-18T14:18:40.31+00:00,2026-10-06T20:21:17Z
9796898051,3520175301725258,Worm,6915236,52263,0.359,2026-03-18T14:18:32.825+00:00,2026-10-06T20:21:17Z
9796898051,3299526014240877,Crazy Miner,2865035,23969,0.165,2026-03-18T14:18:24.649+00:00,2026-10-06T20:21:17Z
9796898051,3124782930194242,Bandit Miner,2873823,23141,0.159,2026-03-17T13:46:27.912+00:00,2026-10-06T20:21:17Z
9796898051,1358874305323159,Spider,5471322,48000,0.33,2026-03-17T13:46:19.357+00:00,2026-10-06T20:21:17Z
9796898051,1008422238692565,Loot Goblin,3005343,29961,0.206,2026-02-26T00:50:50.3+00:00,2026-10-06T20:21:17Z
9796898051,77601871485592,Vampire,2548292,20853,0.143,2026-03-17T13:46:10.19+00:00,2026-10-06T20:21:17Z
9796898051,1596764820311265,Mimic,3576920,32630,0.224,2026-03-17T13:46:02.257+00:00,2026-10-06T20:21:17Z
9796898051,3383553602022181,Bat Minion,1682731,14870,0.102,2026-03-17T13:45:53.36+00:00,2026-10-06T20:21:17Z
9796898051,2486629749678678,Watcher,0,0,0.0,2026-10-06T19:19:37.355+00:00,2026-10-06T20:21:17Z
9796898051,3861355259228496,Goblin Lord,1810503,17319,0.119,2026-03-16T14:56:45.95+00:00,2026-10-06T20:21:17Z
9796898051,2717744101106730,Mole Man,1225510,10928,0.075,2026-03-16T14:56:36.184+00:00,2026-10-06T20:21:17Z
9796898051,4341618603591349,Void Spider,2042313,20308,0.139,2026-03-16T14:56:26.077+00:00,2026-10-06T20:21:17Z
9796898051,3860824461636878,Defeat 100 Enemies,2306148,21357,0.147,2026-03-16T14:56:08.733+00:00,2026-10-06T20:21:17Z
9796898051,2708741633816130,Defeat 1000 Enemies,390906,4613,0.032,2026-03-14T21:36:14.444+00:00,2026-10-06T20:21:17Z
9796898051,2275126388955546,Miner,7008818,74232,0.51,2026-03-14T21:35:59.461+00:00,2026-10-06T20:21:17Z
9796898051,3372242666923893,Recruit,5527813,58550,0.402,2026-07-17T13:52:18.144+00:00,2026-10-06T20:21:17Z
9796898051,1307793156188750,Scout,46462,467,0.003,2026-03-14T21:34:38.215+00:00,2026-10-06T20:21:17Z
9796898051,3800275521923746,Mercenary,7514,104,0.001,2026-09-23T18:09:45.004+00:00,2026-10-06T20:21:17Z
9796898051,891452870523464,Mechanic,21545,205,0.001,2026-03-13T14:41:31.845+00:00,2026-10-06T20:21:17Z
9796898051,1809033938634351,Healer,75620,808,0.006,2026-03-13T14:40:58.537+00:00,2026-10-06T20:21:17Z
9796898051,2654869294144849,Racer,112267,1111,0.008,2026-06-05T14:10:53.008+00:00,2026-10-06T20:21:17Z
9796898051,402309105725485,Witch,51969,1217,0.008,2026-08-19T13:44:01.682+00:00,2026-10-06T20:21:17Z
9796898051,3441007477990836,Tank,38619,91,0.001,2026-03-14T21:35:27.231+00:00,2026-10-06T20:21:17Z
9796898051,2901304424047220,Gunslinger,44383,876,0.006,2026-03-14T21:34:49.004+00:00,2026-10-06T20:21:17Z
9796898051,748899683435693,Driller,45624,759,0.005,2026-03-13T14:41:24.056+00:00,2026-10-06T20:21:17Z
9796898051,2141105118718265,Bruiser,87709,1641,0.011,2026-03-13T14:41:10.45+00:00,2026-10-06T20:21:17Z
9796898051,4291612042685450,Demolitionist,7301,51,0.0,2026-04-30T19:04:26.446+00:00,2026-10-06T20:21:17Z
9796898051,4167583295109506,Salvager,1611,123,0.001,2026-08-28T15:31:53.545+00:00,2026-10-06T20:21:17Z
9796898051,1148722086178859,Lucky Looter,39569,247,0.002,2026-06-19T12:51:03.129+00:00,2026-10-06T20:21:17Z
9796898051,886641353242931,Crafter,5154,120,0.001,2026-07-24T14:18:08.329+00:00,2026-10-06T20:21:17Z
9796898051,3214640086385066,Princess,15671,426,0.003,2026-07-03T13:44:33.92+00:00,2026-10-06T20:21:17Z
9796898051,1705053624759696,Nightcrawler,33857,971,0.007,2026-07-10T15:21:03.169+00:00,2026-10-06T20:21:17Z
9796898051,2248548173599661,Reaper,44513,334,0.002,2026-05-12T21:29:08.95+00:00,2026-10-06T20:21:17Z
9796898051,2658644836239218,Bounty Hunter,4074,54,0.0,2026-06-11T15:26:42.64+00:00,2026-10-06T20:21:17Z
9796898051,3141641622226768,Pirate,3102,47,0.0,2026-06-26T14:03:22.048+00:00,2026-10-06T20:21:17Z
9796898051,3421874818458646,Engineer,234,38,0.0,2026-10-01T21:25:57.625+00:00,2026-10-06T20:21:17Z
9796898051,720340615553210,Gunsmith,2088,44,0.0,2026-07-31T16:47:21.639+00:00,2026-10-06T20:21:17Z
9796898051,3386986732145583,Samurai,2875,214,0.001,2026-09-18T14:38:22.89+00:00,2026-10-06T20:21:17Z
9796898051,1504887700208873,Prospector,2061,63,0.0,2026-09-03T16:23:28.927+00:00,2026-10-06T20:21:17Z
9796898051,1421335437483451,Priest,2554,67,0.0,2026-08-06T14:40:54.984+00:00,2026-10-06T20:21:17Z
9796898051,4446085502836335,Executioner,6027,119,0.001,2026-08-14T16:30:15.543+00:00,2026-10-06T20:21:17Z
9796898051,2232832929479607,Goblin King,7200,72,0.0,2026-05-29T14:37:20.516+00:00,2026-10-06T20:21:17Z
7633926880,2316629238627489,Early Beta Tester,6616789,0,0.0,2025-12-01T18:35:45.789+00:00,2026-10-06T20:21:17Z
7633926880,3322265420611878,Completed Medal Quest,61551,0,0.0,2026-01-28T11:28:30.373+00:00,2026-10-06T20:21:17Z
10624691669,2856260670582588,Escaped ( Pt. 1 ),281742,37053,0.055,2026-10-02T06:30:29.368+00:00,2026-10-06T20:21:17Z
10624691669,4373484408757301,Escaped ( Pt. 2 ),104327,14259,0.021,2026-10-02T06:32:29.589+00:00,2026-10-06T20:21:17Z
903807016,2124705514,Most Wanted,2682958,419,0.003,2021-03-18T20:16:43.677+00:00,2026-10-06T20:21:17Z
903807016,2124705516,Hard Worker,928364,143,0.001,2021-03-18T20:20:51.277+00:00,2026-10-06T20:21:17Z
903807016,2124705521,Fearless Firefighter,789440,178,0.001,2021-03-18T20:28:59.767+00:00,2026-10-06T20:21:17Z
903807016,2124705522,Honorable Crime Fighter,649031,141,0.001,2021-03-18T20:33:45.183+00:00,2026-10-06T20:21:17Z
903807016,2124705524,Veteran,4374088,1061,0.007,2021-03-18T20:38:55.503+00:00,2026-10-06T20:21:17Z
903807016,2124770995,Paid Access Supporter,1374803,18,0.0,2021-06-25T03:48:58.287+00:00,2026-10-06T20:21:17Z
903807016,4167205410251391,I Met A PRC Admin!,5444,0,0.0,2023-11-09T00:41:02.283+00:00,2026-10-06T20:21:17Z
10222476236,3236044299502322,Welcome,11451252,91636,0.597,2026-05-26T11:01:22.478+00:00,2026-10-06T20:21:17Z
7028566528,4487871677277968,Joined,67931847,25882,0.176,2025-02-12T07:06:30.489+00:00,2026-10-06T20:21:17Z
7028566528,3507672161769174,First Win,27145454,7870,0.054,2025-02-12T07:07:03.827+00:00,2026-10-06T20:21:17Z
7028566528,44169355364172,First Point,31347652,16496,0.112,2025-02-12T07:07:22.051+00:00,2026-10-06T20:21:17Z
7028566528,1417601109313742,First 3-Pointer,25507944,12510,0.085,2025-02-12T07:08:36.231+00:00,2026-10-06T20:21:17Z
7028566528,1409520742214114,First Block,18432688,5066,0.035,2025-02-12T07:08:51.879+00:00,2026-10-06T20:21:17Z
7028566528,1892517743904854,LEGGENDARIA,8238,9,0.0,2025-07-02T01:02:35.601+00:00,2026-10-06T20:21:17Z
7028566528,21963147969056,Champion Above Champions,3329,0,0.0,2025-05-10T22:48:12.589+00:00,2026-10-06T20:21:17Z
7028566528,4249524630371219,"You completed ""HAHA"" Event Quest!",4562,0,0.0,2025-10-18T17:01:04.3+00:00,2026-10-06T20:21:17Z
5039839070,1012644085737900,ALPHA,9462128,5371,0.058,2025-07-07T09:53:18.652+00:00,2026-10-06T20:21:17Z
5039839070,1634394496626006,Unfortunate Weather,1838966,414,0.005,2025-07-07T09:54:21.554+00:00,2026-10-06T20:21:17Z
5039839070,232297809260093,YOU CAN'T RUN.,1511215,734,0.008,2025-07-20T10:41:58.868+00:00,2026-10-06T20:21:17Z
5039839070,3279153536132262,Watch out,1,0,0.0,2025-10-25T14:48:41.236+00:00,2026-10-06T20:21:17Z
5039839070,4413167102312420,A little bit of heat.,1,0,0.0,2025-10-25T14:54:53.786+00:00,2026-10-06T20:21:17Z
10766008884,326982082416726,Welcome!,2807983,226620,1.0,2026-09-21T00:21:56.03+00:00,2026-10-06T20:21:17Z
10766008884,4070009726663037,Steal from Chicken,2191952,202609,1.0,2026-09-29T16:03:42.932+00:00,2026-10-06T20:21:17Z
10766008884,134756925695505,Steal from Snake,1375536,126559,0.762,2026-09-29T16:04:09.568+00:00,2026-10-06T20:21:17Z
10766008884,1677989694400992,Steal from Yeti,893058,84260,0.507,2026-09-29T16:04:30.616+00:00,2026-10-06T20:21:17Z
10766008884,653266698485577,Steal from T-Rex,479367,48235,0.29,2026-09-29T16:05:01.37+00:00,2026-10-06T20:21:17Z
10766008884,68835391696095,Steal from Whale,151375,19191,0.116,2026-09-29T16:05:23.632+00:00,2026-10-06T20:21:17Z
10766008884,1226730021599660,Steal from Dragon,61113,8949,0.054,2026-09-29T16:06:19.58+00:00,2026-10-06T20:21:17Z
10766008884,3685495284620779,Steal from Dark Sentinel,1030,68,0.0,2026-09-29T16:07:31.31+00:00,2026-10-06T20:21:17Z
10766008884,1368920712068008,Steal from Sakura Beast,21609,3445,0.021,2026-09-29T16:06:48.742+00:00,2026-10-06T20:21:17Z
10766008884,2649424103368765,Steal from Balrog King,410,1,0.0,2026-09-29T16:08:27.577+00:00,2026-10-06T20:21:17Z
6504986360,967619436348747,Welcome,18975922,8086,0.122,2025-04-10T02:20:51.329+00:00,2026-10-06T20:21:17Z
6504986360,542484307529882,Bubbler,10728686,3118,0.047,2025-04-10T02:21:12.896+00:00,2026-10-06T20:21:17Z
6504986360,1305120438687619,Starter,9755262,2677,0.04,2025-04-10T02:21:28.158+00:00,2026-10-06T20:21:17Z
6504986360,470805405292091,Advanced,7623248,1957,0.029,2025-04-10T02:21:47.456+00:00,2026-10-06T20:21:17Z
6504986360,3118039627796133,Expert,6150720,1498,0.023,2025-04-10T02:22:05.561+00:00,2026-10-06T20:21:17Z
6504986360,2718129323670663,Extreme Bubbler,4837152,1203,0.018,2025-04-10T02:22:28.044+00:00,2026-10-06T20:21:17Z
6504986360,1596637791422828,Elite Bubbler,4171426,1135,0.017,2025-04-10T02:22:51.725+00:00,2026-10-06T20:21:17Z
6504986360,1504133711887303,Gum Specialist,2398341,643,0.01,2025-04-10T02:23:11.887+00:00,2026-10-06T20:21:17Z
6504986360,2113590115918140,Bubble Gummer,1322168,416,0.006,2025-04-10T02:23:33.552+00:00,2026-10-06T20:21:17Z
6504986360,1138391338389053,The Best Bubbler,527080,205,0.003,2025-04-10T02:24:00.242+00:00,2026-10-06T20:21:17Z
6504986360,2893978931392677,👑 Bubble King 👑,193388,163,0.002,2025-04-10T02:24:33.254+00:00,2026-10-06T20:21:17Z
6504986360,3148356404260788,Hatch 100 Eggs,4509580,1828,0.028,2025-04-10T02:24:50.92+00:00,2026-10-06T20:21:17Z
6504986360,1697379762708218,"Hatch 1,000 Eggs",3100409,1049,0.016,2025-04-10T02:25:10.214+00:00,2026-10-06T20:21:17Z
6504986360,264494209383906,"Hatch 10,000 Eggs",2122578,516,0.008,2025-04-10T02:25:25.973+00:00,2026-10-06T20:21:17Z
6504986360,4447657895374809,"Hatch 100,000 Eggs",1315486,284,0.004,2025-04-10T02:25:43.156+00:00,2026-10-06T20:21:17Z
6504986360,2118067099446539,"Hatch 1,000,000 Eggs",480779,254,0.004,2025-04-10T02:26:55.391+00:00,2026-10-06T20:21:17Z
6504986360,2825903253485123,Integrity,0,0,0.0,2026-04-28T02:48:22.649+00:00,2026-10-06T20:21:17Z
6504986360,3095409856621258,Perseverance,0,0,0.0,2026-04-28T02:48:52.861+00:00,2026-10-06T20:21:17Z
6504986360,4120427474324380,Bravery,0,0,0.0,2026-04-28T02:49:27.557+00:00,2026-10-06T20:21:17Z
2992873140,2125497338,Welcome to Hamburg,89592856,21340,0.128,2022-03-16T21:15:27.367+00:00,2026-10-06T20:21:17Z
2992873140,2125497204,Career Criminal,3157393,824,0.005,2022-03-16T21:01:05.51+00:00,2026-10-06T20:21:17Z
2992873140,2128513056,Great Officer,1987477,461,0.003,2022-09-12T17:28:39.48+00:00,2026-10-06T20:21:17Z
2992873140,2128513090,Life Saver,1821933,475,0.003,2022-09-12T17:37:35.447+00:00,2026-10-06T20:21:17Z
2992873140,2128528926,Truck Veteran,580621,368,0.002,2022-09-13T17:47:41.743+00:00,2026-10-06T20:21:17Z
2992873140,2129094823,Master Mechanic,388824,212,0.001,2022-10-20T13:32:28.713+00:00,2026-10-06T20:21:17Z
2992873140,2136614615,Bus Buddy,343625,201,0.001,2023-02-02T18:48:34.747+00:00,2026-10-06T20:21:17Z
2992873140,2125497323,Millionaire,196766,96,0.001,2022-03-16T21:13:53.743+00:00,2026-10-06T20:21:17Z
10321202755,2433810335035016,Welcome!,3335174,14977,0.358,2026-06-15T07:14:23.765+00:00,2026-10-06T20:21:17Z
10321202755,2522329982155380,Reach 100K Total Power,561696,2890,0.069,2026-07-09T16:33:44.565+00:00,2026-10-06T20:21:17Z
10321202755,4167784863867572,Reach 1M Total Power,497907,2598,0.062,2026-07-09T16:33:59.373+00:00,2026-10-06T20:21:17Z
10321202755,1893775651316346,Reach 1B Total Power,370971,1980,0.047,2026-07-09T16:34:11.336+00:00,2026-10-06T20:21:17Z
10321202755,3917236268565646,Reach 1T Total Power,228967,1334,0.032,2026-07-09T16:34:22.699+00:00,2026-10-06T20:21:17Z
10321202755,106207794088870,Defeat Demon Fox,212297,1026,0.025,2026-07-09T16:34:41.545+00:00,2026-10-06T20:21:17Z
10321202755,1708449653715135,Defeat Great Ape,203520,948,0.023,2026-07-09T16:35:33.886+00:00,2026-10-06T20:21:17Z
10321202755,3699620727970246,Defeat Armored Titan,219076,1072,0.026,2026-07-09T16:35:02.358+00:00,2026-10-06T20:21:17Z
10321202755,1947164996388766,Defeat Puya,150979,668,0.016,2026-07-09T16:36:04.512+00:00,2026-10-06T20:21:17Z
10321202755,3002555752425693,Defeat Alligator,168058,768,0.018,2026-07-09T16:35:19.795+00:00,2026-10-06T20:21:17Z
10321202755,4352100314007044,Defeat Curse King,165920,907,0.022,2026-07-09T16:36:17.593+00:00,2026-10-06T20:21:17Z
10321202755,4006469624869940,Defeat Igros,188479,893,0.021,2026-07-09T16:35:51.385+00:00,2026-10-06T20:21:17Z
10764897725,1427537146632665,Welcome...,11093584,369385,1.0,2026-09-06T23:36:08.42+00:00,2026-10-06T20:21:17Z
4540138978,1988856830053956,METRO HUNTER,1288719,0,0.0,2024-03-06T05:32:20.337+00:00,2026-10-06T20:21:17Z
4540138978,225051614293000,Gabby's Dollhouse,392242,0,0.0,2025-08-29T07:16:54.126+00:00,2026-10-06T20:21:17Z
4540138978,4323678479361662,Sam's Club Holiday Deer Family,68169,0,0.0,2025-11-25T03:52:46.576+00:00,2026-10-06T20:21:17Z
4540138978,888046202439824,Sam's Club Prismatic Sleigh,52161,1,0.0,2025-11-25T03:53:04.188+00:00,2026-10-06T20:21:17Z
4540138978,3643168772531845,Sam's Club Prismatic Nutcracker,23794,0,0.0,2025-11-25T03:53:24.44+00:00,2026-10-06T20:21:17Z
4540138978,1772190465205257,Sam's Club Holiday Light Wreath,31214,0,0.0,2025-11-25T03:53:43.378+00:00,2026-10-06T20:21:17Z
4540138978,2410339585617593,Sam's Club Twinkle Tinsel Gift Box,18379,0,0.0,2025-11-25T03:54:07.84+00:00,2026-10-06T20:21:17Z
4540138978,2781742502388382,Sam's Club Crystal Snowflake,21874,0,0.0,2025-11-26T10:24:43.262+00:00,2026-10-06T20:21:17Z
4540138978,4419227946908734,Sam's Club Iridescent Ornament Arch,13919,0,0.0,2025-11-26T10:24:57.649+00:00,2026-10-06T20:21:17Z
4540138978,3596876916129761,Sam's Club Gift Box Arch,11340,0,0.0,2025-11-26T10:25:13.867+00:00,2026-10-06T20:21:17Z
4540138978,3939049422715761,Sam's Club Iridescent Spiral Tree,55907,0,0.0,2025-11-26T10:25:28.712+00:00,2026-10-06T20:21:17Z
4540138978,2597157823179700,Sam's Club Holiday Snowglobe,53877,0,0.0,2025-11-26T10:25:44.091+00:00,2026-10-06T20:21:17Z
4540138978,2917152312720695,Welcome to Sam's Club,537320,0,0.0,2025-12-03T02:47:19.31+00:00,2026-10-06T20:21:17Z
4540138978,3891601142191926,Sam's Club VIP,1095178,0,0.0,2025-12-05T02:32:05.364+00:00,2026-10-06T20:21:17Z
10667357873,1232771713288525,New Whip,3356959,217056,1.0,2026-08-26T00:47:13.449+00:00,2026-10-06T20:21:17Z
10667357873,763197617315823,#1 Car Owner,256,1,0.0,2026-08-26T00:50:35.39+00:00,2026-10-06T20:21:17Z
10667357873,120911267859346,"I Like, U Like",264840,11953,0.062,2026-08-26T00:45:59.301+00:00,2026-10-06T20:21:17Z
10667357873,3879446380602261,Sippin' Coffee,1,0,0.0,2026-08-26T00:44:41.28+00:00,2026-10-06T20:21:17Z
10667357873,2349900676100667,Wise Enthusiast,30414,793,0.004,2026-08-26T00:48:51.373+00:00,2026-10-06T20:21:17Z
10667357873,130404135848772,Wanna Trade?,906571,57101,0.295,2026-08-26T00:51:37.22+00:00,2026-10-06T20:21:17Z
10667357873,924419120230311,True Collector,200950,13525,0.07,2026-08-26T00:52:21.504+00:00,2026-10-06T20:21:17Z
10667357873,450954830208867,$$$,2560902,175599,0.907,2026-08-26T00:54:26.097+00:00,2026-10-06T20:21:17Z
10667357873,170748156000222,Win a race!,799388,46384,0.24,2026-08-26T00:54:38.845+00:00,2026-10-06T20:21:17Z
10667357873,1871997766993099,Ha💸Ha💸Ha💸,1603611,109781,0.567,2026-08-26T00:54:47.599+00:00,2026-10-06T20:21:17Z
10667357873,205359872599945,Professional Driver,281,14,0.0,2026-08-26T00:57:40.16+00:00,2026-10-06T20:21:17Z
10553704684,3548166607680163,Welcome!,2680431,343083,1.0,2026-08-14T14:53:07.062+00:00,2026-10-06T20:21:17Z
10553704684,1083515215331012,Grand Opening,2131051,285125,1.0,2026-08-14T14:53:10.633+00:00,2026-10-06T20:21:17Z
10553704684,591085413736038,Moving Up,797395,57288,0.365,2026-08-17T08:23:29.902+00:00,2026-10-06T20:21:17Z
10553704684,1915530797440397,Supermarket Complete,28003,1735,0.011,2026-08-18T07:36:28.022+00:00,2026-10-06T20:21:17Z
10553704684,3827649714620635,First Payday,2136856,286212,1.0,2026-07-28T09:41:25.912+00:00,2026-10-06T20:21:17Z
10553704684,4298135747608508,Cash Register,703150,74087,0.472,2026-07-28T09:41:31.951+00:00,2026-10-06T20:21:17Z
10553704684,3662993842794604,Millionaire,23,5,0.0,2026-07-28T09:41:38.952+00:00,2026-10-06T20:21:17Z
10553704684,2415715846381566,Billionaire,0,0,0.0,2026-07-28T09:41:44.666+00:00,2026-10-06T20:21:17Z
10553704684,2142392133390768,Fresh Tomatoes,2318923,304495,1.0,2026-07-28T09:41:50.443+00:00,2026-10-06T20:21:17Z
10553704684,4498842932253250,Excellent Eggs,1816031,232548,1.0,2026-07-29T14:30:56.665+00:00,2026-10-06T20:21:17Z
10553704684,3946543027911979,Jam Session,1490868,180797,1.0,2026-07-29T14:31:04.1+00:00,2026-10-06T20:21:17Z
10553704684,4345823254403519,Golden Grain,1125203,134800,0.859,2026-07-29T14:31:10.938+00:00,2026-10-06T20:21:17Z
10553704684,1911502282155342,Flour Power,815533,91849,0.585,2026-07-31T15:16:51.993+00:00,2026-10-06T20:21:17Z
10553704684,3410629257370937,Leafy Greens,617526,62926,0.401,2026-07-29T14:31:18.281+00:00,2026-10-06T20:21:17Z
10553704684,957387282232425,Got Milk?,405701,40793,0.26,2026-07-31T15:16:46.399+00:00,2026-10-06T20:21:17Z
10553704684,1458849751996301,Bakery Boss,273718,26017,0.166,2026-07-31T15:16:58.551+00:00,2026-10-06T20:21:17Z
10553704684,1653976055979383,Crunchy Carrots,189875,16614,0.106,2026-07-29T14:31:25.393+00:00,2026-10-06T20:21:17Z
10553704684,1198324374257696,An Apple a Day,128693,10967,0.07,2026-07-31T15:17:06.255+00:00,2026-10-06T20:21:17Z
10553704684,2485704807547544,Juice Bar Owner,104580,8711,0.055,2026-07-31T15:17:13.271+00:00,2026-10-06T20:21:17Z
10553704684,2196493315213590,Salad Days,80397,6440,0.041,2026-08-03T13:57:39.981+00:00,2026-10-06T20:21:17Z
10553704684,310877430056156,Coffee Beans,61427,4717,0.03,2026-08-03T13:57:45.037+00:00,2026-10-06T20:21:17Z
10553704684,187205175420610,Freshly Ground,51631,3851,0.025,2026-08-03T13:57:51.503+00:00,2026-10-06T20:21:17Z
10553704684,2294841363277673,Brew Connoisseur,45253,3258,0.021,2026-08-03T13:57:57.002+00:00,2026-10-06T20:21:17Z
10553704684,2989414622959729,Bring Home the Bacon,36801,2444,0.016,2026-08-03T13:58:02.088+00:00,2026-10-06T20:21:17Z
10553704684,4172774444339160,Deli Dynasty,29782,1901,0.012,2026-08-05T14:30:20.189+00:00,2026-10-06T20:21:17Z
10553704684,2645923699321085,Tomato Titan,18739,1304,0.008,2026-08-05T14:30:27.045+00:00,2026-10-06T20:21:17Z
10553704684,4040029073641004,Egg Emperor,16232,1098,0.007,2026-08-05T14:30:33.561+00:00,2026-10-06T20:21:17Z
10553704684,3571925224074085,Jam Master,14535,962,0.006,2026-08-05T14:30:39.454+00:00,2026-10-06T20:21:17Z
10553704684,1686673851881742,Wheat Workhorse,11862,785,0.005,2026-08-05T14:30:46.44+00:00,2026-10-06T20:21:17Z
10553704684,1223007573354975,Flour Power,10113,681,0.004,2026-08-06T12:53:53.301+00:00,2026-10-06T20:21:17Z
10553704684,649276500553439,Lettuce Legend,9845,665,0.004,2026-08-06T12:53:26.672+00:00,2026-10-06T20:21:17Z
10553704684,373743294927636,Milk Merchant,6932,492,0.003,2026-08-06T12:53:47.007+00:00,2026-10-06T20:21:17Z
10553704684,2395333167183737,Bread Winner,4213,323,0.002,2026-08-06T12:53:59.17+00:00,2026-10-06T20:21:17Z
10553704684,489007719654554,Carrot Champion,4270,298,0.002,2026-08-06T12:53:38.489+00:00,2026-10-06T20:21:17Z
10553704684,3521910022665242,Apple Expert,2827,238,0.002,2026-08-11T09:10:00.931+00:00,2026-10-06T20:21:17Z
10553704684,1221033979446575,Juice Juggler,2003,172,0.001,2026-08-11T09:10:04.461+00:00,2026-10-06T20:21:17Z
10553704684,3017716804603990,Salad Stacker,1582,144,0.001,2026-08-11T09:10:09.166+00:00,2026-10-06T20:21:17Z
10553704684,3514953021107826,Bean Counter,1045,97,0.001,2026-08-11T09:10:13.666+00:00,2026-10-06T20:21:17Z
10553704684,14758291363347,Grounds Keeper,864,92,0.001,2026-08-11T09:10:17.691+00:00,2026-10-06T20:21:17Z
10553704684,4322617951734286,Brew Crew,783,73,0.0,2026-08-14T14:52:56.139+00:00,2026-10-06T20:21:17Z
10553704684,355529715244433,Bacon Bagger,580,61,0.0,2026-08-14T14:53:00.026+00:00,2026-10-06T20:21:17Z
10553704684,920603022231716,BLT Specialist,344,36,0.0,2026-08-14T14:53:03.608+00:00,2026-10-06T20:21:17Z
10553704684,1469663093599283,Helpful Hands,1757214,226895,1.0,2026-08-17T08:23:33.397+00:00,2026-10-06T20:21:17Z
10553704684,663289643499501,Delivery Driver,224021,19714,0.126,2026-08-17T08:23:38.652+00:00,2026-10-06T20:21:17Z
10553704684,2407578926461091,Customer Favorite,895751,100532,0.64,2026-08-17T08:23:43.137+00:00,2026-10-06T20:21:17Z
10553704684,4210213415594733,Regulars' Club,95955,7659,0.049,2026-08-17T08:23:47.665+00:00,2026-10-06T20:21:17Z
10553704684,501058997998796,Crowd Pleaser,965,88,0.001,2026-08-18T07:35:58.481+00:00,2026-10-06T20:21:17Z
10553704684,4013500835581874,Farm to Shelf,112134,7934,0.051,2026-08-18T07:36:08.368+00:00,2026-10-06T20:21:17Z
10553704684,2066355010133955,Fully Stocked,34,5,0.0,2026-08-18T07:36:12.486+00:00,2026-10-06T20:21:17Z
10553704684,4462712465220673,Warehouse Hero,0,0,0.0,2026-08-18T07:36:16.657+00:00,2026-10-06T20:21:17Z
10553704684,2240521760908369,Say Cheese,19251,1413,0.009,2026-09-23T23:05:32.488+00:00,2026-10-06T20:21:17Z
10553704684,1640550217178077,Pizza Party,16348,1059,0.007,2026-09-23T23:06:04.513+00:00,2026-10-06T20:21:17Z
10553704684,3094867890505296,Cheese Master,119,23,0.0,2026-09-23T23:06:34.276+00:00,2026-10-06T20:21:17Z
10553704684,384938186680947,Pizza Legend,88,19,0.0,2026-09-23T23:07:04.7+00:00,2026-10-06T20:21:17Z
10553704684,3667169230780315,Pizzeria Complete,13175,540,0.003,2026-09-23T23:08:21.105+00:00,2026-10-06T20:21:17Z
10553704684,668416682108983,Five-Star Week,956,0,0.0,2026-09-25T02:20:41.085+00:00,2026-10-06T20:21:17Z
10608856704,1344808022674292,"Welcome, Painter!",4112070,462484,1.0,2026-08-11T20:21:39.458+00:00,2026-10-06T20:21:17Z
10608856704,2298151936087918,You met the Creator!,220,0,0.0,2026-08-11T20:21:40.859+00:00,2026-10-06T20:21:17Z
1016936714,2124517293,Prestige 1,7230709,2618,0.01,2020-03-18T21:22:08.893+00:00,2026-10-06T20:21:17Z
1016936714,2124517294,Prestige 2,6222512,2202,0.009,2020-03-18T21:22:29.747+00:00,2026-10-06T20:21:17Z
1016936714,2124517296,Prestige 3,5466146,1837,0.007,2020-03-18T21:22:53.053+00:00,2026-10-06T20:21:17Z
7488668004,1863437282937898,Bake Your First Pie,14449802,14286,0.091,2025-11-15T19:03:58.61+00:00,2026-10-06T20:21:17Z
7488668004,3229234107985469,Master Baker,211224,1576,0.01,2025-11-15T19:04:16.547+00:00,2026-10-06T20:21:17Z
7488668004,1790975378052396,Five Star Flavor,5448668,5579,0.035,2025-11-21T01:27:25.666+00:00,2026-10-06T20:21:17Z
7488668004,856912853361281,Sunrise Shift Begins,12601660,13557,0.086,2025-11-21T01:50:06.618+00:00,2026-10-06T20:21:17Z
7488668004,1062688008982075,The Zombo-Slayer,2181297,3848,0.024,2025-11-15T19:04:46.969+00:00,2026-10-06T20:21:17Z
7488668004,971325763547939,Gone Bananas,9233701,7239,0.046,2025-11-15T19:05:16.777+00:00,2026-10-06T20:21:17Z
3308103880,2126474391,Welcome to Maple Hospital!!,214436118,100469,0.553,2022-05-21T20:28:29.78+00:00,2026-10-06T20:21:17Z
3308103880,800612398374507,Certified Caregiver,4857067,4296,0.024,2025-11-02T02:08:11.279+00:00,2026-10-06T20:21:17Z
3308103880,2387744844337980,Care Specialist,856937,1033,0.006,2025-11-02T02:08:25.019+00:00,2026-10-06T20:21:17Z
3308103880,4292356045097275,Hospital Hero!,62119,110,0.001,2025-11-02T02:08:43.676+00:00,2026-10-06T20:21:17Z
3308103880,747807881544653,Diagnostic Detective,298137,209,0.001,2025-11-02T02:08:55.818+00:00,2026-10-06T20:21:17Z
3308103880,493543226926878,Lab Rat,436868,357,0.002,2025-11-02T02:09:48.25+00:00,2026-10-06T20:21:17Z
3308103880,3746438650323502,Lifesaver!,29487,31,0.0,2025-11-02T02:10:04.294+00:00,2026-10-06T20:21:17Z
3308103880,4039197275096472,Daily Dedication,81370,65,0.0,2025-11-02T02:09:29.776+00:00,2026-10-06T20:21:17Z
3308103880,288442218043951,Code Blue!,1469616,2108,0.012,2025-11-14T02:09:28.48+00:00,2026-10-06T20:21:17Z
3308103880,1885565858186336,Steady Hands,1512629,1696,0.009,2026-01-10T17:00:14.372+00:00,2026-10-06T20:21:17Z
3308103880,2698784642107989,Trick or Treatment!,1149,0,0.0,2025-10-13T19:25:46.573+00:00,2026-10-06T20:21:17Z
3308103880,2993165384961026,RIP my Granny,114357,261,0.001,2026-05-05T21:49:34.059+00:00,2026-10-06T20:21:17Z
3308103880,4256658800521947,Phlebotomist,0,0,0.0,2026-07-02T15:45:13.965+00:00,2026-10-06T20:21:17Z
65241,66918518,Survived a Disaster,443468200,57796,0.2,2011-12-03T10:52:05.5+00:00,2026-10-06T20:21:17Z
65241,66918551,Survived 10 Disasters,129632941,16683,0.058,2011-12-03T10:53:16.463+00:00,2026-10-06T20:21:17Z
65241,66918611,Survived 25 Disasters,57975306,8187,0.028,2011-12-03T10:55:43.627+00:00,2026-10-06T20:21:17Z
65241,66918640,Survived 50 Disasters,27473550,4372,0.015,2011-12-03T10:56:43.467+00:00,2026-10-06T20:21:17Z
65241,66918685,Survived 100 Disasters,11248160,2062,0.007,2011-12-03T10:58:37.7+00:00,2026-10-06T20:21:17Z
65241,66918716,Survived 200 Disasters,3951915,1037,0.004,2011-12-03T11:00:47.287+00:00,2026-10-06T20:21:17Z
65241,66918795,Survived 400 Disasters,1254108,387,0.001,2011-12-03T11:03:36.087+00:00,2026-10-06T20:21:17Z
65241,66918848,Chance,3074790,395,0.001,2011-12-03T11:05:38.823+00:00,2026-10-06T20:21:17Z
65241,66918916,High Survive Five!,40314602,5301,0.018,2011-12-03T11:08:17.547+00:00,2026-10-06T20:21:17Z
65241,66918948,Surf's Up!,26471545,2171,0.007,2011-12-03T11:09:44+00:00,2026-10-06T20:21:17Z
65241,66918988,Barn Fire,20468755,1856,0.006,2011-12-03T11:11:05.333+00:00,2026-10-06T20:21:17Z
65241,66919023,Close Call,126945751,14956,0.052,2011-12-03T11:12:26.98+00:00,2026-10-06T20:21:17Z
65241,66919105,House Flood,10314390,1917,0.007,2011-12-03T11:15:26.593+00:00,2026-10-06T20:21:17Z
65241,66919155,GET TO THE CHOPPA!,13893338,1109,0.004,2011-12-03T11:18:06.767+00:00,2026-10-06T20:21:17Z
65241,66956295,Tornado vs. Trailer Park,18304274,1447,0.005,2011-12-03T19:54:07.04+00:00,2026-10-06T20:21:17Z
65241,454956782,Survive Power 2 Multi-Disaster,13540274,2188,0.008,2016-07-13T07:30:42.343+00:00,2026-10-06T20:21:17Z
65241,454956889,Survive Power 3 Multi-Disaster,2916935,747,0.003,2016-07-13T07:30:58.853+00:00,2026-10-06T20:21:17Z
65241,454957071,Survive Power 4 Multi-Disaster,841843,337,0.001,2016-07-13T07:31:35.147+00:00,2026-10-06T20:21:17Z
65241,454957253,Survive Power 5 Multi-Disaster,351749,171,0.001,2016-07-13T07:32:17.83+00:00,2026-10-06T20:21:17Z
65241,454957314,Survive Power 6 Multi-Disaster,171398,102,0.0,2016-07-13T07:32:38.51+00:00,2026-10-06T20:21:17Z
65241,454957377,Survive Power 7 Multi-Disaster,459087,331,0.001,2016-07-13T07:32:52.637+00:00,2026-10-06T20:21:17Z
65241,2124428687,Survived 1000 Disasters,259572,95,0.0,2018-10-03T17:11:35.077+00:00,2026-10-06T20:21:17Z
65241,2124457881,Rocket Escape!,137251396,24088,0.083,2019-03-06T22:13:25.647+00:00,2026-10-06T20:21:17Z
65241,1950450904039809,Roblox 20 Quest - Animal Rescue,5687167,0,0.0,2026-09-04T05:12:05.516+00:00,2026-10-06T20:21:17Z
65241,1348867724098929,Roblox 20 Secret Quest - Hat Donation Box,763178,0,0.0,2026-09-04T05:13:09.676+00:00,2026-10-06T20:21:17Z
10526853622,3055416571371637,Welcome!,2812238,56950,0.532,2026-07-28T22:31:22.139+00:00,2026-10-06T20:21:17Z
10526853622,279594784597602,First Legendary,1194936,18073,0.169,2026-07-28T22:32:31.235+00:00,2026-10-06T20:21:17Z
10526853622,2412570164479364,First Mythical,812194,16431,0.153,2026-07-28T22:32:47.33+00:00,2026-10-06T20:21:17Z
10526853622,4162683912236312,First Secret,241731,7395,0.069,2026-07-28T22:32:59.966+00:00,2026-10-06T20:21:17Z
10526853622,1227855444040265,First Mutation,2393486,47282,0.442,2026-07-28T22:33:17.293+00:00,2026-10-06T20:21:17Z
10526853622,1848433760138224,50 Catches,1832697,35049,0.327,2026-08-01T17:41:08.243+00:00,2026-10-06T20:21:17Z
10526853622,278294575856450,250 Catches,1015551,19428,0.181,2026-08-01T17:42:14.078+00:00,2026-10-06T20:21:17Z
10526853622,1895412538513966,1.000 Catches,465840,12501,0.117,2026-08-01T17:42:42.99+00:00,2026-10-06T20:21:17Z
10526853622,1853229816782927,10K Catches,46298,3566,0.033,2026-08-01T17:43:09.148+00:00,2026-10-06T20:21:17Z
10526853622,1373973911822369,50K Catches,5316,865,0.008,2026-08-01T20:55:36.029+00:00,2026-10-06T20:21:17Z
10526853622,3278441969942062,100K Catches,1866,424,0.004,2026-08-01T17:43:44.578+00:00,2026-10-06T20:21:17Z
10526853622,1244436309728676,250K Catches,294,86,0.001,2026-08-01T17:44:15.516+00:00,2026-10-06T20:21:17Z
10526853622,2453046704822299,500K Catches,49,8,0.0,2026-08-01T17:44:57.644+00:00,2026-10-06T20:21:17Z
9931749389,575539593532502,Dungeon Quest Reborn,1355093,10289,0.057,2026-09-10T20:15:15.259+00:00,2026-10-06T20:21:17Z
9931749389,2371001888204492,Pirate Island,509769,2518,0.014,2026-09-10T20:16:15.11+00:00,2026-10-06T20:21:17Z
9931749389,4468448921369538,King's Castle,460610,2305,0.013,2026-09-10T20:16:26.456+00:00,2026-10-06T20:21:17Z
9931749389,2114452899153883,The Underworld,407207,2162,0.012,2026-09-10T22:21:55.468+00:00,2026-10-06T20:21:17Z
9931749389,3032892662528101,Samurai Palace,366763,2005,0.011,2026-09-10T22:22:27.006+00:00,2026-10-06T20:21:17Z
9931749389,1946648908385444,The Canals,339616,1982,0.011,2026-09-10T22:22:51.701+00:00,2026-10-06T20:21:17Z
9931749389,1931472244304108,Ghastly Harbor,310961,1899,0.011,2026-09-10T22:24:02.257+00:00,2026-10-06T20:21:17Z
9931749389,4379856596757739,Steampunk Sewers,271472,1839,0.01,2026-09-10T22:24:25.061+00:00,2026-10-06T20:21:17Z
9931749389,2114931377059874,Orbital Outpost,232659,1679,0.009,2026-09-10T22:24:45.343+00:00,2026-10-06T20:21:17Z
9931749389,1394642693613680,Volcanic Chambers,207709,1472,0.008,2026-09-10T22:25:15.431+00:00,2026-10-06T20:21:17Z
9931749389,3651983344372675,Aquatic Temple,182641,1334,0.007,2026-09-10T22:25:37.603+00:00,2026-10-06T20:21:17Z
9931749389,2218764732652356,Enchanted Forest,149270,1190,0.007,2026-09-10T22:26:06.209+00:00,2026-10-06T20:21:17Z
9931749389,3065022924804462,Northern Lands,115658,1113,0.006,2026-09-10T22:26:32.674+00:00,2026-10-06T20:21:17Z
9931749389,1998263169905170,Pumpkin King,37699,6270,0.035,2026-10-04T18:53:31.267+00:00,2026-10-06T20:21:17Z
4165164803,1485109429484473,Clip Rookie,17075833,5,0.0,2024-02-22T01:46:13.187+00:00,2026-10-06T20:21:17Z
4165164803,4347530187038269,Connected Friend,195416,0,0.0,2024-02-22T01:46:19.502+00:00,2026-10-06T20:21:17Z
4165164803,3242788571680340,Amateur Poser,43545,0,0.0,2024-02-23T18:32:34.701+00:00,2026-10-06T20:21:17Z
4165164803,1023551463863683,Proficient Modeler,1537,0,0.0,2024-02-23T18:32:43.519+00:00,2026-10-06T20:21:17Z
4165164803,1140424896196577,Elegant Show-Off,2,0,0.0,2024-02-23T18:32:53.582+00:00,2026-10-06T20:21:17Z
4165164803,3417252005402057,Appreciated Creator,13550,8,0.0,2024-02-23T18:33:18.076+00:00,2026-10-06T20:21:17Z
4165164803,3160370338036547,Adored Developer,889,3,0.0,2024-02-23T18:33:32.991+00:00,2026-10-06T20:21:17Z
4165164803,518229017085523,Social Butterfly,46,1,0.0,2024-02-23T18:34:08.624+00:00,2026-10-06T20:21:17Z
4165164803,3106925998272373,Top Tier Filmmaker,1,0,0.0,2024-02-23T18:34:23.528+00:00,2026-10-06T20:21:17Z
4165164803,1938334644839588,Trend Setter,107552,128,0.001,2024-02-23T18:34:39.856+00:00,2026-10-06T20:21:17Z
4165164803,335169361595622,Popular Composer,23069,25,0.0,2024-02-23T18:34:50.82+00:00,2026-10-06T20:21:17Z
4165164803,680916136748969,Viral Sensation,2517,2,0.0,2024-02-23T18:35:06.649+00:00,2026-10-06T20:21:17Z
4165164803,1976231880671705,World-Famous Champion,50,0,0.0,2024-02-23T18:35:18.109+00:00,2026-10-06T20:21:17Z
4165164803,4492648473081829,Walmart Discovered,89838,0,0.0,2025-08-12T23:00:06.763+00:00,2026-10-06T20:21:17Z
10421901778,28243174758725,Complete your first shelf,3615880,47841,0.503,2026-07-05T17:59:29.594+00:00,2026-10-06T20:21:17Z
10421901778,3920221895946214,25% Cleaned [TOY STORE],845119,7069,0.074,2026-07-05T18:05:30.724+00:00,2026-10-06T20:21:17Z
10421901778,3747738499428479,50% Cleaned [TOY STORE],653320,5712,0.06,2026-07-05T18:06:29.931+00:00,2026-10-06T20:21:17Z
10421901778,812841368386895,75% Cleaned [TOY STORE],564161,5034,0.053,2026-07-05T18:06:41.29+00:00,2026-10-06T20:21:17Z
10421901778,2957656984635975,Toy Store Fully Cleaned,504811,4678,0.049,2026-07-05T18:08:23.267+00:00,2026-10-06T20:21:17Z
10421901778,2789974444779517,Clean 1000 Objects,806503,13382,0.141,2026-07-15T16:36:52.011+00:00,2026-10-06T20:21:17Z
10421901778,377319461790740,Clean 5000 Objects,2794,156,0.002,2026-07-15T16:37:06.3+00:00,2026-10-06T20:21:17Z
10421901778,1197094406397805,"Clean 10,000 Objects",602,20,0.0,2026-07-15T16:37:20.507+00:00,2026-10-06T20:21:17Z
10421901778,3800583757908587,Vanilla,649201,6492,0.068,2026-07-15T16:38:58.665+00:00,2026-10-06T20:21:17Z
10421901778,4337989227873510,Rebirth,130631,2380,0.025,2026-07-15T16:39:59.02+00:00,2026-10-06T20:21:17Z
10421901778,1739246067932501,Welcome,6138572,96848,1.0,2026-07-27T19:33:03.583+00:00,2026-10-06T20:21:17Z
10421901778,1928631678823930,25% Cleaned [BAKERY],930950,9251,0.097,2026-08-08T17:59:59.054+00:00,2026-10-06T20:21:17Z
10421901778,3649638389660198,50% Cleaned [BAKERY],791497,8158,0.086,2026-08-08T18:00:08.757+00:00,2026-10-06T20:21:17Z
10421901778,3173896889312471,75% Cleaned [BAKERY],716056,7602,0.08,2026-08-08T18:00:18.301+00:00,2026-10-06T20:21:17Z
10421901778,1344621627091093,Bakery Fully Cleaned !,667904,7090,0.075,2026-08-08T18:00:26.055+00:00,2026-10-06T20:21:17Z
10421901778,2953406298357249,25% Cleaned [PET STORE],647508,7930,0.083,2026-08-08T18:00:40.087+00:00,2026-10-06T20:21:17Z
10421901778,4023021422222634,50% Cleaned [PET STORE],514121,6542,0.069,2026-08-09T20:38:48.773+00:00,2026-10-06T20:21:17Z
10421901778,3008110324361850,75% Cleaned [PET STORE],439451,5816,0.061,2026-08-09T20:38:56.535+00:00,2026-10-06T20:21:17Z
10421901778,192816621247553,Pet Store Fully Cleaned !,390656,5288,0.056,2026-08-09T20:39:07.304+00:00,2026-10-06T20:21:17Z
10421901778,554765487035258,25% Cleaned [RESTAURANT],519520,6658,0.07,2026-08-14T16:55:06.393+00:00,2026-10-06T20:21:17Z
10421901778,4254433785765360,50% Cleaned [RESTAURANT],431333,5608,0.059,2026-08-14T16:55:18.861+00:00,2026-10-06T20:21:17Z
10421901778,1870745913162641,75% Cleaned [RESTAURANT],383958,5097,0.054,2026-08-14T16:55:23.948+00:00,2026-10-06T20:21:17Z
10421901778,3073490485920052,100% Cleaned [RESTAURANT],332959,4579,0.048,2026-08-14T16:55:28.318+00:00,2026-10-06T20:21:17Z
10421901778,897824590339685,25% Cleaned [SCHOOL],663093,6945,0.073,2026-08-28T14:22:55.319+00:00,2026-10-06T20:21:17Z
10421901778,470070617317251,50% Cleaned [SCHOOL],531917,5914,0.062,2026-08-28T14:23:00.077+00:00,2026-10-06T20:21:17Z
10421901778,1362979009679682,75% Cleaned [SCHOOL],459889,5342,0.056,2026-08-28T14:23:05.057+00:00,2026-10-06T20:21:17Z
10421901778,2171936385820707,100% Cleaned [SCHOOL],380637,4566,0.048,2026-08-28T14:23:09.311+00:00,2026-10-06T20:21:17Z
10421901778,2085670448878853,25% Cleaned [MINIATURE],216920,4378,0.046,2026-09-09T20:53:54.598+00:00,2026-10-06T20:21:17Z
10421901778,3018518434288372,50% Cleaned [MINIATURE],176664,3911,0.041,2026-09-09T20:53:59.766+00:00,2026-10-06T20:21:17Z
10421901778,209444792623014,75% Cleaned [MINIATURE],154098,3652,0.038,2026-09-09T20:54:05.674+00:00,2026-10-06T20:21:17Z
10421901778,4140021456447874,100% Cleaned [MINIATURE],133481,3288,0.035,2026-09-09T20:54:12.184+00:00,2026-10-06T20:21:17Z
10421901778,984542431966031,[HARD] Cleaned Toy Store,1463,65,0.001,2026-09-12T08:56:26.056+00:00,2026-10-06T20:21:17Z
10421901778,2845004951758430,You Played Sandbox !,17847,577,0.006,2026-09-12T08:57:44.608+00:00,2026-10-06T20:21:17Z
10421901778,3378442749819845,[HARD] Cleaned Pet Store,1467,44,0.0,2026-09-12T08:58:22.848+00:00,2026-10-06T20:21:17Z
10421901778,1568348332081084,[HARD] Cleaned Bakery,3635,128,0.001,2026-09-12T08:58:31.416+00:00,2026-10-06T20:21:17Z
10421901778,2865498099547959,[HARD] Cleaned Restaurant,858,37,0.0,2026-09-12T08:58:37.755+00:00,2026-10-06T20:21:17Z
10421901778,983416829708945,[HARD] Cleaned School,1069,47,0.0,2026-09-12T08:58:46.606+00:00,2026-10-06T20:21:17Z
10421901778,1822162610908755,[HARD] Clean Miniature,826,27,0.0,2026-09-12T08:58:55.46+00:00,2026-10-06T20:21:17Z
10421901778,90497985581066,25% Cleaned [CINEMA],66220,19309,0.203,2026-09-26T12:50:46.599+00:00,2026-10-06T20:21:17Z
10421901778,45016308337471,50% Cleaned [CINEMA],48229,15214,0.16,2026-09-26T12:50:51.624+00:00,2026-10-06T20:21:17Z
10421901778,718740233523515,75% Cleaned [CINEMA],38704,12800,0.135,2026-09-26T12:50:56.169+00:00,2026-10-06T20:21:17Z
10421901778,991568868255532,100% Cleaned [CINEMA],30515,10277,0.108,2026-09-26T12:51:00.853+00:00,2026-10-06T20:21:17Z
10421901778,2426378282553791,[HARD] Clean Cinema,110,49,0.001,2026-10-03T18:46:28.997+00:00,2026-10-06T20:21:17Z
245662005,958186367,Most Valuable Player (MVP),972824,85,0.0,2017-08-04T04:00:42.487+00:00,2026-10-06T20:21:17Z
245662005,958186842,Top Gun,21196806,973,0.005,2017-08-04T04:01:20.61+00:00,2026-10-06T20:21:17Z
245662005,958186941,Bank Bust,4273503,259,0.001,2017-08-04T04:01:28.397+00:00,2026-10-06T20:21:17Z
245662005,958187053,Drill Sergeant,34721192,842,0.005,2017-08-04T04:01:36.873+00:00,2026-10-06T20:21:17Z
245662005,958187226,Master Criminal,8245759,630,0.004,2017-08-04T04:01:45.583+00:00,2026-10-06T20:21:17Z
245662005,958187343,Bonnie & Clyde,4269618,499,0.003,2017-08-04T04:01:52.147+00:00,2026-10-06T20:21:17Z
245662005,958187470,Smooth Criminal,45051416,3930,0.022,2017-08-04T04:02:03.11+00:00,2026-10-06T20:21:17Z
245662005,2129891386,Defeat The Vice President!,2300822,390,0.002,2022-12-16T05:47:28.653+00:00,2026-10-06T20:21:17Z
245662005,4306759006767505,Roblox 20 /// Quest 1,3205396,0,0.0,2026-09-01T22:32:15.371+00:00,2026-10-06T20:21:17Z
245662005,2956780634054386,Roblox 20 /// Secret Quest,448534,0,0.0,2026-09-01T22:32:24.258+00:00,2026-10-06T20:21:17Z
1235188606,2124634392,Met a Developer!,232166,101,0.001,2020-11-09T21:50:31.487+00:00,2026-10-06T20:21:17Z
1235188606,1390172723771466,Phoenix Rising,52593,133,0.001,2025-06-13T22:35:12.447+00:00,2026-10-06T20:21:17Z
1235188606,4196538677921577,Solstice 2026,809162,0,0.0,2026-08-13T18:55:00.582+00:00,2026-10-06T20:21:17Z
1235188606,570437429852006,A Rising Threat,142264,0,0.0,2026-07-02T07:40:53.638+00:00,2026-10-06T20:21:17Z
1235188606,3587263346186543,Celestial Corruptor 2026,112710,0,0.0,2026-05-27T23:13:18.693+00:00,2026-10-06T20:21:17Z
1235188606,2540467057584318,Galaxy 2026,926448,0,0.0,2026-05-27T16:44:18.462+00:00,2026-10-06T20:21:17Z
1235188606,193425456543223,Bee Blitzer 2026,6634,0,0.0,2026-04-06T08:12:38.385+00:00,2026-10-06T20:21:17Z
1235188606,272148674431950,Easter 2026,1053439,0,0.0,2026-03-24T22:45:57.626+00:00,2026-10-06T20:21:17Z
1235188606,1833318298032645,Archie's Conservation Projects: Veidreki,3227201,0,0.0,2026-03-12T19:39:30.829+00:00,2026-10-06T20:21:17Z
1235188606,3519637663568670,Veidreki Live Event 2026,79436,0,0.0,2026-02-24T21:01:11.423+00:00,2026-10-06T20:21:17Z
1235188606,2001538305328670,Heart Shatterer 2026,38160,0,0.0,2026-02-18T23:55:33.465+00:00,2026-10-06T20:21:17Z
1235188606,1623734955005699,Valentines 2026,705690,0,0.0,2026-02-12T23:33:26.021+00:00,2026-10-06T20:21:17Z
1235188606,4057326877621780,Lunar New Year 2026,356096,0,0.0,2026-01-24T20:34:20.278+00:00,2026-10-06T20:21:17Z
1235188606,1444134704092614,Winter Clash 2025,31972,0,0.0,2025-12-22T22:51:43.486+00:00,2026-10-06T20:21:17Z
1235188606,3698820061524202,Winter Snowdown 2025,46213,0,0.0,2025-12-12T20:30:46.695+00:00,2026-10-06T20:21:17Z
1235188606,2305936103896537,Winter 2025,929998,0,0.0,2025-12-02T20:08:49.969+00:00,2026-10-06T20:21:17Z
1235188606,795755868351989,Halloween 2025,806845,0,0.0,2025-10-16T20:44:28.636+00:00,2026-10-06T20:21:17Z
1235188606,1460647362033186,Solstice 2025,861672,0,0.0,2025-08-15T19:59:05.597+00:00,2026-10-06T20:21:17Z
1235188606,3448916649511144,Galaxy 2025,949167,0,0.0,2025-06-04T23:24:37.423+00:00,2026-10-06T20:21:17Z
1235188606,1570550551506460,Easter 2025,1112278,0,0.0,2025-04-08T21:39:21.036+00:00,2026-10-06T20:21:17Z
1235188606,3543596453313423,Valentines 2025,3279878,0,0.0,2025-02-14T02:09:16.076+00:00,2026-10-06T20:21:17Z
1235188606,1680929594185010,Winter 2024,1387154,0,0.0,2024-12-04T21:48:15.198+00:00,2026-10-06T20:21:17Z
1235188606,778861698160847,Halloween 2024,964744,0,0.0,2024-09-30T19:36:07.036+00:00,2026-10-06T20:21:17Z
1235188606,1575651999109337,Solstice 2024,910601,0,0.0,2024-06-12T20:37:26.438+00:00,2026-10-06T20:21:17Z
1235188606,2412831398413312,Galaxy 2024,1103014,0,0.0,2024-06-10T23:20:32.813+00:00,2026-10-06T20:21:17Z
1235188606,3467626479412502,Easter 2024,884372,0,0.0,2024-03-25T19:40:44.794+00:00,2026-10-06T20:21:17Z
1235188606,2897784583321876,Valentines 2024,1157081,0,0.0,2024-02-12T22:30:11.654+00:00,2026-10-06T20:21:17Z
1235188606,1724546607470910,Winter 2023,689826,0,0.0,2023-12-11T22:05:11.754+00:00,2026-10-06T20:21:17Z
1235188606,2153596435,Halloween 2023,548261,0,0.0,2023-10-23T17:18:54.347+00:00,2026-10-06T20:21:17Z
1235188606,2150313169,Solstice 2023,677531,0,0.0,2023-08-14T19:54:05.483+00:00,2026-10-06T20:21:17Z
1235188606,2147481065,Galaxy 2023,863668,0,0.0,2023-06-20T19:56:45.5+00:00,2026-10-06T20:21:17Z
1235188606,2143031781,Easter 2023,622929,0,0.0,2023-03-27T19:53:58.66+00:00,2026-10-06T20:21:17Z
1235188606,2140856200,Valentines 2023,455586,4,0.0,2023-02-09T21:02:00.913+00:00,2026-10-06T20:21:17Z
1235188606,2129850167,Christmas 2022,650800,0,0.0,2022-12-14T22:15:57.983+00:00,2026-10-06T20:21:17Z
1235188606,2129053839,Halloween 2022,420826,0,0.0,2022-10-17T19:22:26.34+00:00,2026-10-06T20:21:17Z
1235188606,2128140324,Solstice 2022,467533,0,0.0,2022-08-19T16:49:03.727+00:00,2026-10-06T20:21:17Z
1235188606,2126825175,Galaxy 2022,328547,0,0.0,2022-06-14T02:27:53.8+00:00,2026-10-06T20:21:17Z
1235188606,2125832921,Easter 2022,538193,0,0.0,2022-04-07T00:00:34.683+00:00,2026-10-06T20:21:17Z
1235188606,2124928448,Valentines 2022,407680,0,0.0,2022-02-08T06:00:28.643+00:00,2026-10-06T20:21:17Z
1235188606,2124879418,Winter 2021,605284,1,0.0,2021-12-13T04:12:10.843+00:00,2026-10-06T20:21:17Z
1235188606,2124843641,Halloween 2021,334296,0,0.0,2021-10-14T16:21:15.633+00:00,2026-10-06T20:21:17Z
1235188606,2124583228,Solstice 2021,325192,5,0.0,2020-08-02T18:25:07.47+00:00,2026-10-06T20:21:17Z
1235188606,2124706777,Easter 2021,359645,0,0.0,2021-03-20T18:53:43.69+00:00,2026-10-06T20:21:17Z
1235188606,2124622292,Halloween 2020,394653,5,0.0,2020-10-15T19:21:05.323+00:00,2026-10-06T20:21:17Z
1235188606,2124564093,Solstice 2020,535050,0,0.0,2020-06-20T18:48:03.57+00:00,2026-10-06T20:21:17Z
1235188606,2124564092,Easter 2020,623992,0,0.0,2020-06-20T18:47:48.06+00:00,2026-10-06T20:21:17Z
1235188606,2124564091,Valentines 2020,473821,0,0.0,2020-06-20T18:47:34.23+00:00,2026-10-06T20:21:17Z
1235188606,2124564089,Winter 2019,340252,0,0.0,2020-06-20T18:47:07.97+00:00,2026-10-06T20:21:17Z
1235188606,2124564088,Halloween 2019,116874,0,0.0,2020-06-20T18:46:48.517+00:00,2026-10-06T20:21:17Z
1235188606,2413744985855813,Ringleader,15447,0,0.0,2026-08-27T19:15:49.574+00:00,2026-10-06T20:21:17Z
10759638075,1562300556993511,Welcome! 😺,589475,13311,0.191,2026-09-01T02:28:40.171+00:00,2026-10-06T20:21:17Z
10759638075,1861743963341462,Fruits Mastery! 🍎,708,249,0.004,2026-09-01T02:28:57.317+00:00,2026-10-06T20:21:17Z
10759638075,3182074404309080,Eggs Mastery! 🥚,7,3,0.0,2026-09-01T02:29:08.095+00:00,2026-10-06T20:21:17Z
10759638075,4354070306365060,Playtime Mastery! 🕒,0,0,0.0,2026-09-01T02:29:24.681+00:00,2026-10-06T20:21:17Z
10759638075,1721682343707801,Breakables Mastery! 💰,89,22,0.0,2026-09-01T02:29:31.897+00:00,2026-10-06T20:21:17Z
10759638075,3429821696924498,Potions Mastery! 🧪,581,203,0.003,2026-09-01T02:29:51.277+00:00,2026-10-06T20:21:17Z
10759638075,1734221393023317,Fishing Mastery! 🎣,46,38,0.001,2026-10-02T19:13:06.463+00:00,2026-10-06T20:21:17Z
2471084,2747787858420374,You helped Geck!,3373372,0,0.0,2026-09-03T17:37:00.162+00:00,2026-10-06T20:21:17Z
2471084,3076577728413252,You got glorbed!,279124,1,0.0,2026-09-03T17:37:07.676+00:00,2026-10-06T20:21:17Z
5650396773,1274361180496015,Welcome!,355144895,148425,0.61,2024-03-28T03:00:15.005+00:00,2026-10-06T20:21:17Z
5650396773,1766781649988054,Meet with one of the developers,75708,23,0.0,2024-03-14T21:08:43.69+00:00,2026-10-06T20:21:17Z
5650396773,2284444682482561,1000 meters,87108310,55875,0.23,2024-03-28T02:58:05.106+00:00,2026-10-06T20:21:17Z
5650396773,2330975156556063,5000 meters,12634118,6275,0.026,2024-03-28T02:58:27.899+00:00,2026-10-06T20:21:17Z
5650396773,2884676727863380,"10,000 meters",4872805,2171,0.009,2024-03-28T02:58:40.811+00:00,2026-10-06T20:21:17Z
5650396773,1611703520803905,"15,000 meters",2680910,1378,0.006,2024-03-28T02:59:36.172+00:00,2026-10-06T20:21:17Z
5650396773,3463357808102399,"20,000 Meters",2008534,1054,0.004,2024-04-04T20:17:41.921+00:00,2026-10-06T20:21:17Z
5650396773,4015108487798077,Fangs for the Memories,2899761,2315,0.01,2024-04-05T01:02:42.889+00:00,2026-10-06T20:21:17Z
5650396773,2361924597576044,Ghostbusters!,319931,227,0.001,2024-04-05T01:03:32.285+00:00,2026-10-06T20:21:17Z
5650396773,2092179126472417,The Radiotower,729830,333,0.001,2024-05-03T01:21:12.817+00:00,2026-10-06T20:21:17Z
5650396773,2636962227604320,Sold your Car!,54548,1037,0.004,2024-05-03T11:59:19.094+00:00,2026-10-06T20:21:17Z
5650396773,2447011101194982,Antique Roadshow,506413,0,0.0,2024-05-10T20:52:53.243+00:00,2026-10-06T20:21:17Z
5650396773,2398207588166297,You’ve visited the Forest,1597007,1030,0.004,2024-05-17T04:22:05.014+00:00,2026-10-06T20:21:17Z
5650396773,2152457591183151,You’ve visited the River,5586603,3038,0.012,2024-05-17T04:22:15.7+00:00,2026-10-06T20:21:17Z
5650396773,568507680121159,You’ve visited the Tunnel,925745,621,0.003,2024-05-17T04:22:36.933+00:00,2026-10-06T20:21:17Z
5650396773,355281620241783,Bunker Blues,345841,241,0.001,2024-05-31T22:43:21.09+00:00,2026-10-06T20:21:17Z
5650396773,3679065817026929,Deadly Diner,465474,307,0.001,2024-06-10T03:25:38.831+00:00,2026-10-06T20:21:17Z
5650396773,1625742903186525,Shocking Discovery,631125,325,0.001,2024-06-21T20:20:24.901+00:00,2026-10-06T20:21:17Z
5650396773,153494930487805,Farming Frenzy,285668,141,0.001,2024-07-19T02:11:48.267+00:00,2026-10-06T20:21:17Z
5650396773,176389733474101,Western Wilds,782775,509,0.002,2024-07-26T16:45:25.838+00:00,2026-10-06T20:21:17Z
5650396773,362580499380683,The Radio Star,136021,0,0.0,2024-08-03T22:54:00.289+00:00,2026-10-06T20:21:17Z
5650396773,2859789080477109,Colder than Cold,448616,287,0.001,2024-08-09T21:19:34.361+00:00,2026-10-06T20:21:17Z
5650396773,441065226613654,Truckered Out,589193,408,0.002,2024-08-15T16:02:24.957+00:00,2026-10-06T20:21:17Z
5650396773,3457913049167553,Upload 404,124314,0,0.0,2024-08-23T13:17:14.03+00:00,2026-10-06T20:21:17Z
5650396773,3542414031950256,Luxury Leverage,272231,0,0.0,2024-09-14T05:59:02.163+00:00,2026-10-06T20:21:17Z
5650396773,1353043342465839,Restore and Receive,315916,150,0.001,2024-11-01T07:14:34.035+00:00,2026-10-06T20:21:17Z
5650396773,3301853362852792,Blacksmith Blunder,194038,13,0.0,2024-11-22T10:20:40.022+00:00,2026-10-06T20:21:17Z
5650396773,549178226991578,Swing and a Miss,215341,146,0.001,2025-01-10T23:10:15.673+00:00,2026-10-06T20:21:17Z
5650396773,4196712753944075,A Lesson in Mutation,417347,389,0.002,2025-02-01T17:46:41.954+00:00,2026-10-06T20:21:17Z
5650396773,3343762799681246,Blastoff!,67033,19,0.0,2025-02-08T01:17:53.995+00:00,2026-10-06T20:21:17Z
5650396773,1564160700952555,Project Oblivion,62104,83,0.0,2025-02-08T16:51:12.993+00:00,2026-10-06T20:21:17Z
5650396773,8343502976173,The Beginning of Everything,240601,0,0.0,2025-02-18T21:07:29.628+00:00,2026-10-06T20:21:17Z
5650396773,4109166999645499,Bus Breakout,132650,0,0.0,2025-03-07T07:58:10.431+00:00,2026-10-06T20:21:17Z
5650396773,3597609621544519,Locked & Loaded,43077,3,0.0,2025-03-22T02:57:24.768+00:00,2026-10-06T20:21:17Z
5650396773,2866337934746848,Defused,44834,0,0.0,2025-04-03T21:26:28.577+00:00,2026-10-06T20:21:17Z
5650396773,1065209553456500,Boxed Up,185210,261,0.001,2025-04-12T05:55:17.915+00:00,2026-10-06T20:21:17Z
5650396773,2290628867192972,Wasteland Workshop,115711,135,0.001,2025-04-25T16:42:01.501+00:00,2026-10-06T20:21:17Z
5650396773,4168979064965349,Disguised Drop,235664,190,0.001,2025-05-03T21:52:01.365+00:00,2026-10-06T20:21:17Z
5650396773,2683664204474611,Wheely Sketchy,4506,0,0.0,2025-05-22T08:56:32.719+00:00,2026-10-06T20:21:17Z
5650396773,1961165724185509,Scrapped Out,1224,0,0.0,2025-05-31T08:46:50.523+00:00,2026-10-06T20:21:17Z
5650396773,1247734309849986,Scrapping More,5317,7,0.0,2025-06-14T08:43:36.235+00:00,2026-10-06T20:21:17Z
5650396773,206539016893780,Taxi Service,560585,703,0.003,2025-06-21T06:58:26.832+00:00,2026-10-06T20:21:17Z
5650396773,863487712592028,Delivery Mayhem,120821,158,0.001,2025-07-18T00:42:39.5+00:00,2026-10-06T20:21:17Z
5650396773,224233268263160,Fired Up,226610,482,0.002,2025-09-02T06:03:01.458+00:00,2026-10-06T20:21:17Z
5650396773,4379885013053314,You've got Mail,486823,858,0.004,2025-09-17T20:57:12.667+00:00,2026-10-06T20:21:17Z
5650396773,804226854846926,Route 66,352615,487,0.002,2025-09-25T23:54:10.008+00:00,2026-10-06T20:21:17Z
5650396773,4198239121839835,The Rust Pot,133091,0,0.0,2025-10-03T20:35:00.048+00:00,2026-10-06T20:21:17Z
5650396773,3176823660649011,Bone Breaker,2747,0,0.0,2025-10-20T23:22:47.897+00:00,2026-10-06T20:21:17Z
5650396773,4497410354865438,Sugar Rush,5009,0,0.0,2025-10-20T23:22:55.276+00:00,2026-10-06T20:21:17Z
5650396773,416071188813475,Rest In Pieces,2768,0,0.0,2025-10-20T23:23:02.511+00:00,2026-10-06T20:21:17Z
5650396773,4368072670906965,Monster Mileage,3630,0,0.0,2025-10-20T23:23:09.79+00:00,2026-10-06T20:21:17Z
5650396773,2196306305125748,Dimensional Drifter,12136,0,0.0,2025-10-20T23:23:18.96+00:00,2026-10-06T20:21:17Z
5650396773,3872455792577514,Drive Addict,231158,0,0.0,2025-11-01T21:00:42.766+00:00,2026-10-06T20:21:17Z
5650396773,4420559674951791,Cleanup Crew,599320,1068,0.004,2025-11-08T10:57:39.38+00:00,2026-10-06T20:21:17Z
5650396773,2823867344775937,Quiet In The Library,165063,0,0.0,2025-11-20T23:56:57.351+00:00,2026-10-06T20:21:17Z
5650396773,1590822016025514,Christmas Collector,51634,0,0.0,2025-12-07T02:32:57.62+00:00,2026-10-06T20:21:17Z
5650396773,2627132382345181,Festive Munchies,42847,0,0.0,2025-12-13T07:48:47.977+00:00,2026-10-06T20:21:17Z
5650396773,2869913610209059,Firework Fanatic,14310,0,0.0,2025-12-28T02:58:37.711+00:00,2026-10-06T20:21:17Z
5650396773,2996620332955485,Mutant Mauler,152667,0,0.0,2026-01-04T03:00:06.692+00:00,2026-10-06T20:21:17Z
5650396773,3101377603272574,Oil Oligarch,55962,0,0.0,2026-01-04T03:01:16.369+00:00,2026-10-06T20:21:17Z
5650396773,1441540014305673,Junk Merchant,25458,0,0.0,2026-01-04T03:01:34.174+00:00,2026-10-06T20:21:17Z
5650396773,3873065320736903,Trusty Traveler,511386,0,0.0,2026-01-04T03:01:52.364+00:00,2026-10-06T20:21:17Z
5650396773,4033218815064001,Extraterrestrial Explorer,53419,0,0.0,2026-01-18T07:16:08.541+00:00,2026-10-06T20:21:17Z
5650396773,562330472181265,Battery Powered,29541,0,0.0,2026-01-18T07:18:40.347+00:00,2026-10-06T20:21:17Z
5650396773,1860552357228075,Is This the Right Lever?,93382,151,0.001,2026-01-18T07:19:57.099+00:00,2026-10-06T20:21:17Z
5650396773,1111424896726001,Satellite Slaughterer,125608,209,0.001,2026-01-18T08:57:34.254+00:00,2026-10-06T20:21:17Z
5650396773,4319969544598920,Satellite Conqueror,90914,148,0.001,2026-01-18T08:58:21.643+00:00,2026-10-06T20:21:17Z
5650396773,2254138502794845,Delayed Delivery,114315,170,0.001,2026-01-24T12:34:59.034+00:00,2026-10-06T20:21:17Z
5650396773,144108859200639,Comic Killer,114353,0,0.0,2026-02-07T11:56:11.489+00:00,2026-10-06T20:21:17Z
5650396773,954711980314098,The Galactic Track,205181,0,0.0,2026-02-07T11:57:07.246+00:00,2026-10-06T20:21:17Z
5650396773,4266290002594018,Comic Collector,29210,0,0.0,2026-02-07T11:58:22.952+00:00,2026-10-06T20:21:17Z
5650396773,225913676171678,Desert Gang,11346,47,0.0,2026-02-21T10:56:02.288+00:00,2026-10-06T20:21:17Z
5650396773,1442328162285520,Desert Completionist,101886,235,0.001,2026-02-21T10:56:22.105+00:00,2026-10-06T20:21:17Z
5650396773,2540252675853486,Fort Ironpass,195805,536,0.002,2026-02-21T10:56:39.267+00:00,2026-10-06T20:21:17Z
5650396773,1448281751647333,Fort Ironpass Explorer,26817,0,0.0,2026-02-22T00:52:49.913+00:00,2026-10-06T20:21:17Z
5650396773,81565810424383,Fort Ironpass's Fourth Wave,16194,0,0.0,2026-02-22T00:53:25.043+00:00,2026-10-06T20:21:17Z
5650396773,4188665170757913,Fort Disruptor,19003,0,0.0,2026-02-22T00:53:41.445+00:00,2026-10-06T20:21:17Z
5650396773,673348424283682,Fort Ironpass's First Wave,16966,0,0.0,2026-02-22T00:54:11.632+00:00,2026-10-06T20:21:17Z
5650396773,2335306225954047,Engineering Maestro,37867,0,0.0,2026-02-28T03:13:28.016+00:00,2026-10-06T20:21:17Z
5650396773,3406924130369170,No Hard Feelings,2911,12,0.0,2026-03-07T02:17:19.652+00:00,2026-10-06T20:21:17Z
5650396773,1779421564569543,Who's the Lucky One Now!,25356,0,0.0,2026-03-14T00:00:47.765+00:00,2026-10-06T20:21:17Z
5650396773,1203203788955875,Light The Way,98085,329,0.001,2026-03-21T04:09:11.646+00:00,2026-10-06T20:21:17Z
5650396773,3719771749840481,Scav Slayer,16103,0,0.0,2026-03-28T04:11:34.477+00:00,2026-10-06T20:21:17Z
5650396773,589865600154309,Sausage Man,3571,0,0.0,2026-03-28T04:12:08.835+00:00,2026-10-06T20:21:17Z
5650396773,4379519738034337,Fire Man,19716,0,0.0,2026-03-28T04:14:46.9+00:00,2026-10-06T20:21:17Z
5650396773,1544400454387599,Egg Defender,10368,0,0.0,2026-04-04T05:31:51.385+00:00,2026-10-06T20:21:17Z
5650396773,4392476982386461,500M,32184741,85913,0.353,2026-04-09T04:56:05.945+00:00,2026-10-06T20:21:17Z
5650396773,3506995574867452,25000M,367417,1117,0.005,2026-04-09T04:56:23.462+00:00,2026-10-06T20:21:17Z
5650396773,2016524883823246,30000M,270284,785,0.003,2026-04-09T04:57:45.043+00:00,2026-10-06T20:21:17Z
5650396773,4319978939254901,35000M,237413,708,0.003,2026-04-09T04:58:10.383+00:00,2026-10-06T20:21:17Z
5650396773,4245613021591031,Armored Sandbag,39938,0,0.0,2026-04-16T02:40:15.347+00:00,2026-10-06T20:21:17Z
5650396773,2245827554672235,No Trespassing,2261,0,0.0,2026-04-16T02:42:23.344+00:00,2026-10-06T20:21:17Z
5650396773,8886727828343,Loyal Customer,5894,0,0.0,2026-04-16T02:43:59.06+00:00,2026-10-06T20:21:17Z
5650396773,1718492020454309,Armored Up,31532,0,0.0,2026-04-16T02:46:11.352+00:00,2026-10-06T20:21:17Z
5650396773,319758754060860,One in Harmony,28937,157,0.001,2026-06-26T01:39:15.574+00:00,2026-10-06T20:21:17Z
5650396773,2776341736589733,Now That's Hardcore,546,1,0.0,2026-07-08T00:51:21.867+00:00,2026-10-06T20:21:17Z
5650396773,13540178232786,Wasteland Wanderer,9452,0,0.0,2026-07-09T22:04:52.695+00:00,2026-10-06T20:21:17Z
5650396773,374374485466597,Mutant Masher,11819,0,0.0,2026-07-09T22:05:13.273+00:00,2026-10-06T20:21:17Z
5650396773,1808232174100081,Back from the Brink,5382,0,0.0,2026-07-09T22:05:45.873+00:00,2026-10-06T20:21:17Z
5650396773,3027338730760858,Night Slayer,3861,0,0.0,2026-07-09T22:07:00.266+00:00,2026-10-06T20:21:17Z
5650396773,220141397033688,Master Angler,2012,44,0.0,2026-08-27T04:59:09.448+00:00,2026-10-06T20:21:17Z
5650396773,4291946814703975,Shark Hunter,4189,87,0.0,2026-08-27T05:00:20.913+00:00,2026-10-06T20:21:17Z
5650396773,1941713435626887,Sandy Springs Drifter,40499,1113,0.005,2026-08-27T05:00:45.134+00:00,2026-10-06T20:21:17Z
5650396773,2249285165744639,Phil's Favourite,1401,28,0.0,2026-08-27T05:01:13.639+00:00,2026-10-06T20:21:17Z
10597001332,4255094605301885,First Contact,2006693,715278,1.0,2026-07-31T01:55:48.494+00:00,2026-10-06T20:21:17Z
10597001332,438850633795158,Read,554752,194825,0.803,2026-07-31T01:56:47.903+00:00,2026-10-06T20:21:17Z
10597001332,3392994743412080,Unreadable,412140,143230,0.59,2026-07-31T01:57:29.565+00:00,2026-10-06T20:21:17Z
10597001332,2620699532692089,Open Book,1543,622,0.003,2026-07-31T01:58:12.052+00:00,2026-10-06T20:21:17Z
10597001332,3234637825630339,Crystal Clear,430220,149754,0.617,2026-07-31T01:58:45.75+00:00,2026-10-06T20:21:17Z
10766138478,1194167179686414,Thanks for Playing!,6067103,351460,1.0,2026-09-21T16:41:07.681+00:00,2026-10-06T20:21:17Z
5720553711,2402550747044200,Halloween,94132,0,0.0,2024-10-07T06:10:18.781+00:00,2026-10-06T20:21:17Z
5720553711,1320009340628202,Merry Christmas,79294,0,0.0,2024-10-21T08:32:36.082+00:00,2026-10-06T20:21:17Z
5720553711,3146556618070493,THE HATCH NEWSMITH,63338,0,0.0,2025-06-18T10:54:23.493+00:00,2026-10-06T20:21:17Z
371263894,1674656255,Welcome!,118261954,12434,0.122,2018-04-27T00:09:17.567+00:00,2026-10-06T20:21:17Z
371263894,1674613689,Met Greenville's Creator!,32044,0,0.0,2018-04-26T23:59:21.783+00:00,2026-10-06T20:21:17Z
371263894,2141026933,Easter Egg Experienced!,124050,22,0.0,2023-02-14T01:03:08.143+00:00,2026-10-06T20:21:17Z
7856039629,859211265494890,Welcome!,11835301,86574,0.39,2025-06-23T18:13:34.602+00:00,2026-10-06T20:21:17Z
7856039629,1033181330465409,Godly,295477,1731,0.008,2026-05-21T01:00:28.22+00:00,2026-10-06T20:21:17Z
7856039629,2099403089073538,Ancient,98836,625,0.003,2026-05-21T01:00:41.084+00:00,2026-10-06T20:21:17Z
7856039629,1426889878034876,Chroma,119863,761,0.003,2026-05-21T01:10:54.861+00:00,2026-10-06T20:21:17Z
2380077519,2124743766,Welcome,128133983,10684,0.064,2021-05-13T21:28:00.053+00:00,2026-10-06T20:21:17Z
2380077519,2124760252,You met the owner,48624,14,0.0,2021-06-07T13:42:48.06+00:00,2026-10-06T20:21:17Z
2380077519,2124760254,Error glove,1655287,151,0.001,2021-06-07T13:45:49.947+00:00,2026-10-06T20:21:17Z
2380077519,2124760875,you met snow,15427,0,0.0,2021-06-08T11:11:12.45+00:00,2026-10-06T20:21:17Z
2380077519,2124760895,ez,22688436,1637,0.01,2021-06-08T11:57:54.967+00:00,2026-10-06T20:21:17Z
2380077519,2124760907,court evidence,11258519,1032,0.006,2021-06-08T12:25:08.03+00:00,2026-10-06T20:21:17Z
2380077519,2124760911,[REDACTED],4908168,415,0.002,2021-06-08T12:34:22.66+00:00,2026-10-06T20:21:17Z
2380077519,2124760916,duck,11733030,711,0.004,2021-06-08T12:47:26.32+00:00,2026-10-06T20:21:17Z
2380077519,2124760917,Divine punishment,39258503,1913,0.011,2021-06-08T12:52:50.11+00:00,2026-10-06T20:21:17Z
2380077519,2124760923,really?,2877859,323,0.002,2021-06-08T13:09:26.623+00:00,2026-10-06T20:21:17Z
2380077519,2124760928,the touch of midas,5535098,404,0.002,2021-06-08T13:31:48.237+00:00,2026-10-06T20:21:17Z
2380077519,2124775097,barzil,5003736,667,0.004,2021-07-01T19:44:11.35+00:00,2026-10-06T20:21:17Z
2380077519,2124807750,The one,3952846,333,0.002,2021-08-19T15:30:19.647+00:00,2026-10-06T20:21:17Z
2380077519,2124807752,Ascend,3341515,290,0.002,2021-08-19T15:33:17.123+00:00,2026-10-06T20:21:17Z
2380077519,2124807768,WHY,344815,101,0.001,2021-08-19T15:49:09.527+00:00,2026-10-06T20:21:17Z
2380077519,2124819262,Infected,37072503,2233,0.013,2021-09-04T13:57:59.66+00:00,2026-10-06T20:21:17Z
2380077519,2124836270,1 0 0,2250908,203,0.001,2021-10-02T15:07:41.01+00:00,2026-10-06T20:21:17Z
2380077519,2124836318,Jack's will,922725,0,0.0,2021-10-02T15:45:02.887+00:00,2026-10-06T20:21:17Z
2380077519,2124847850,Evaded,3421014,742,0.004,2021-10-22T12:00:27.807+00:00,2026-10-06T20:21:17Z
2380077519,2124854307,250,1570958,118,0.001,2021-11-05T13:33:17.937+00:00,2026-10-06T20:21:17Z
2380077519,2124858899,To the moon,5293937,501,0.003,2021-11-12T20:16:55.09+00:00,2026-10-06T20:21:17Z
2380077519,2124875920,Lucky Gift,564262,0,0.0,2021-12-08T15:02:59.4+00:00,2026-10-06T20:21:17Z
2380077519,2124886261,Unphased,5350546,655,0.004,2021-12-23T20:29:49.247+00:00,2026-10-06T20:21:17Z
2380077519,2124912059,"The ""Reverse"" Incident",4332589,413,0.002,2022-01-17T20:17:11.863+00:00,2026-10-06T20:21:17Z
2380077519,2124914780,Savior,9908170,780,0.005,2022-01-21T20:20:41.947+00:00,2026-10-06T20:21:17Z
2380077519,2124919840,Short fuse,4912429,490,0.003,2022-01-28T21:45:43.923+00:00,2026-10-06T20:21:17Z
2380077519,2124925929,Harbinger of death,3427571,342,0.002,2022-02-05T15:51:36.753+00:00,2026-10-06T20:21:17Z
2380077519,2124930374,Orb of flight,6857843,900,0.005,2022-02-11T12:43:21.353+00:00,2026-10-06T20:21:17Z
2380077519,2124938910,Firefighter,2404149,406,0.002,2022-02-18T23:53:35.92+00:00,2026-10-06T20:21:17Z
2380077519,2124989121,Sorry to burst your bubble,3184896,373,0.002,2022-02-26T15:30:23.097+00:00,2026-10-06T20:21:17Z
2380077519,2125850245,good job,3051246,374,0.002,2022-04-08T14:58:32.207+00:00,2026-10-06T20:21:17Z
2380077519,2125950512,bob,478503,170,0.001,2022-04-15T18:17:54.703+00:00,2026-10-06T20:21:17Z
2380077519,2126334003,Death Dodger,16134653,1125,0.007,2022-05-13T20:22:09.533+00:00,2026-10-06T20:21:17Z
2380077519,2126450753,Predator,295060,45,0.0,2022-05-20T10:59:10.813+00:00,2026-10-06T20:21:17Z
2380077519,2126589561,Head Hunter,176344,23,0.0,2022-05-28T12:09:34.733+00:00,2026-10-06T20:21:17Z
2380077519,2127132894,Anticlimactic End,2716217,216,0.001,2022-07-01T14:01:33.437+00:00,2026-10-06T20:21:17Z
2380077519,2127567042,Brick Master,712136,193,0.001,2022-07-23T12:49:47.837+00:00,2026-10-06T20:21:17Z
2380077519,2127703232,YOU MONSTER,4909718,577,0.003,2022-07-29T16:34:47.297+00:00,2026-10-06T20:21:17Z
2380077519,2127816588,Island Conqueror,795027,149,0.001,2022-08-03T18:45:28.82+00:00,2026-10-06T20:21:17Z
2380077519,2127861437,Prolonged Anger,1957990,195,0.001,2022-08-05T19:43:46.7+00:00,2026-10-06T20:21:17Z
2380077519,2128012376,The Golden Slapple,3582931,520,0.003,2022-08-12T12:13:36.067+00:00,2026-10-06T20:21:17Z
2380077519,2128220957,The Lone Orange,13785372,1171,0.007,2022-08-24T19:48:30.233+00:00,2026-10-06T20:21:17Z
2380077519,2128233612,Memento Mori,2468337,273,0.002,2022-08-25T12:19:49.94+00:00,2026-10-06T20:21:17Z
2380077519,2128557186,THE ACCIDENT,994504,274,0.002,2022-09-15T14:32:36.447+00:00,2026-10-06T20:21:17Z
2380077519,2128772719,Candy King,611991,0,0.0,2022-09-28T21:43:35.103+00:00,2026-10-06T20:21:17Z
2380077519,2129002959,Witch Brew,415120,0,0.0,2022-10-14T12:15:10.757+00:00,2026-10-06T20:21:17Z
2380077519,2129104684,Killer,454870,87,0.001,2022-10-21T11:40:06.06+00:00,2026-10-06T20:21:17Z
2380077519,2129212145,Plate Master,4426306,460,0.003,2022-10-28T11:48:10.233+00:00,2026-10-06T20:21:17Z
2380077519,2129474790,what,992240,151,0.001,2022-11-17T17:49:04.387+00:00,2026-10-06T20:21:17Z
2380077519,2129568267,01010010 01010101 01001110,2008308,354,0.002,2022-11-24T15:54:39.033+00:00,2026-10-06T20:21:17Z
2380077519,2129648848,Engineer's Gift,524488,0,0.0,2022-11-30T21:21:57.41+00:00,2026-10-06T20:21:17Z
2380077519,2129871858,EXPOSED,1430549,317,0.002,2022-12-15T20:45:20.677+00:00,2026-10-06T20:21:17Z
2380077519,2130031244,RNGod,4217487,529,0.003,2022-12-22T13:46:48.09+00:00,2026-10-06T20:21:17Z
2380077519,2130032297,DEEP SLUMBER,973666,229,0.001,2022-12-22T17:31:13.843+00:00,2026-10-06T20:21:17Z
2380077519,2130155314,🗿,748687,201,0.001,2022-12-28T19:46:01.58+00:00,2026-10-06T20:21:17Z
2380077519,2130463063,ULTRAROCK,3200421,422,0.003,2023-01-13T11:59:56.293+00:00,2026-10-06T20:21:17Z
2380077519,2132544202,Insanity,1023125,150,0.001,2023-01-20T13:28:05.5+00:00,2026-10-06T20:21:17Z
2380077519,2133016756,CHAOS,1765609,347,0.002,2023-01-26T12:03:51.897+00:00,2026-10-06T20:21:17Z
2380077519,2136607413,Demonic Ritual,1070813,170,0.001,2023-02-02T18:33:51.35+00:00,2026-10-06T20:21:17Z
2380077519,2140855364,Underkill,310273,86,0.001,2023-02-09T19:32:05.687+00:00,2026-10-06T20:21:17Z
2380077519,2141386326,Kinetically Charged,770420,156,0.001,2023-02-21T19:43:51.823+00:00,2026-10-06T20:21:17Z
2380077519,2141784233,GO BERSERK,904618,196,0.001,2023-03-01T14:46:48.613+00:00,2026-10-06T20:21:17Z
2380077519,2142826462,Incredible Running Man,848716,153,0.001,2023-03-23T18:34:45.393+00:00,2026-10-06T20:21:17Z
2380077519,2143034526,Boogie With It,855526,123,0.001,2023-03-27T21:56:09.743+00:00,2026-10-06T20:21:17Z
2380077519,2143973603,Repressed Memories,1200633,392,0.002,2023-04-13T22:13:36.313+00:00,2026-10-06T20:21:17Z
2380077519,2144766764,Blasting Off Again,650332,153,0.001,2023-04-27T10:43:29.263+00:00,2026-10-06T20:21:17Z
2380077519,2145165421,Ultimate Control,793931,256,0.002,2023-05-04T18:53:23.743+00:00,2026-10-06T20:21:17Z
2380077519,2145381761,Escape the Abyss,737866,256,0.002,2023-05-08T14:49:44.183+00:00,2026-10-06T20:21:17Z
2380077519,2146130728,Da Maze Runner,1125570,241,0.001,2023-05-23T14:24:04.263+00:00,2026-10-06T20:21:17Z
2380077519,2146540403,Toolbox,2843721,336,0.002,2023-06-01T06:14:37.13+00:00,2026-10-06T20:21:17Z
2380077519,2147429609,Emissary Of Light,511308,125,0.001,2023-06-19T17:25:06.5+00:00,2026-10-06T20:21:17Z
2380077519,2147535393,Clipped Wings,77858,9,0.0,2023-06-21T22:24:10.15+00:00,2026-10-06T20:21:17Z
2380077519,2148234934,Total Rhythm,399954,53,0.0,2023-07-06T21:27:52.307+00:00,2026-10-06T20:21:17Z
2380077519,2148480065,See in the dark,834773,150,0.001,2023-07-11T23:25:21.937+00:00,2026-10-06T20:21:17Z
2380077519,2148934270,Sharp Shooter,1128527,158,0.001,2023-07-21T15:15:39.03+00:00,2026-10-06T20:21:17Z
2380077519,2149637240,Parkour Pwner,651318,237,0.001,2023-08-03T06:53:59.123+00:00,2026-10-06T20:21:17Z
2380077519,2150485950,The Relic,845532,156,0.001,2023-08-18T01:04:39.85+00:00,2026-10-06T20:21:17Z
2380077519,2151266964,Catch Emm All,581320,135,0.001,2023-08-31T06:22:57.763+00:00,2026-10-06T20:21:17Z
2380077519,2152295593,Great Escape,497314,111,0.001,2023-09-22T13:07:15.483+00:00,2026-10-06T20:21:17Z
2380077519,2152906832,Sweet-Tooth Sovereign,309916,0,0.0,2023-10-06T10:08:08.973+00:00,2026-10-06T20:21:17Z
2380077519,2153473254,Containment Breach,1008719,522,0.003,2023-10-20T10:00:56.113+00:00,2026-10-06T20:21:17Z
2380077519,2153911928,Gardens And Ghouls,674909,258,0.002,2023-11-03T04:48:49.107+00:00,2026-10-06T20:21:17Z
2380077519,2500227230783997,Now You See Me,937565,278,0.002,2023-11-17T12:41:53.392+00:00,2026-10-06T20:21:17Z
2380077519,3318257806017965,Farmland Fray,660301,274,0.002,2023-12-01T13:36:57.554+00:00,2026-10-06T20:21:17Z
2380077519,2895206704788569,Yuletime Might,368425,0,0.0,2023-12-15T01:26:08.055+00:00,2026-10-06T20:21:17Z
2380077519,2906002612987222,Slap Battles: On Ice,14283345,1501,0.009,2023-12-28T21:53:46.817+00:00,2026-10-06T20:21:17Z
2380077519,3335299217032061,G-Grandson..?,2432132,284,0.002,2024-01-02T15:10:40.077+00:00,2026-10-06T20:21:17Z
2380077519,4404799574333856,Into the Crypt,627717,156,0.001,2024-01-04T19:05:22.033+00:00,2026-10-06T20:21:17Z
2380077519,1840188608156642,CERTIFIED ADMIN,329113,124,0.001,2024-01-15T18:33:07.089+00:00,2026-10-06T20:21:17Z
2380077519,1662954021427606,Stand your ground,775954,173,0.001,2024-02-02T13:12:19.536+00:00,2026-10-06T20:21:17Z
2380077519,2628581469266954,Easy As Pie,876979,304,0.002,2024-02-15T22:17:21.571+00:00,2026-10-06T20:21:17Z
2380077519,1579276416564374,It's Finally Over...,1424035,253,0.002,2024-02-23T15:05:21.797+00:00,2026-10-06T20:21:17Z
2380077519,128402905805563,The Hunt,3780019,545,0.003,2024-03-14T16:28:05.821+00:00,2026-10-06T20:21:17Z
2380077519,342573645147372,Null Piercer,363214,74,0.0,2024-03-28T17:37:36.275+00:00,2026-10-06T20:21:17Z
2380077519,490455814138437,Friend of the Dark,1053799,284,0.002,2024-04-01T14:04:46.703+00:00,2026-10-06T20:21:17Z
2380077519,1962623816699442,Code Breaker,2068779,358,0.002,2024-04-16T21:15:28.456+00:00,2026-10-06T20:21:17Z
2380077519,1286358044443937,Ice Essence,423904,214,0.001,2024-04-25T21:05:10.947+00:00,2026-10-06T20:21:17Z
2380077519,4031317971987872,Cranking 90’s,2172909,467,0.003,2024-05-09T18:02:36.725+00:00,2026-10-06T20:21:17Z
2380077519,2236076719770808,SLAP BATTLES SWEEP,2850724,460,0.003,2024-05-23T07:17:46.791+00:00,2026-10-06T20:21:17Z
2380077519,1354956782555226,Leap of Faith,502901,126,0.001,2024-06-06T07:27:41.24+00:00,2026-10-06T20:21:17Z
2380077519,187186758930457,Caution: High Voltage,1532413,437,0.003,2024-06-26T18:54:23.255+00:00,2026-10-06T20:21:17Z
2380077519,2240434593038483,ÜberCharged,724882,110,0.001,2024-07-12T08:09:21.93+00:00,2026-10-06T20:21:17Z
2380077519,4414076328730650,"Nah, I’d win",334554,127,0.001,2024-07-17T17:58:45.792+00:00,2026-10-06T20:21:17Z
2380077519,154204790800271,A Guiding Hand,659384,226,0.001,2024-07-17T17:58:54.984+00:00,2026-10-06T20:21:17Z
2380077519,3483144763925839,Bounty Claimed,613481,202,0.001,2024-07-17T17:59:03.997+00:00,2026-10-06T20:21:17Z
2380077519,4414399146292319,Apostle of Judgement,37823,7,0.0,2024-07-26T13:51:21.279+00:00,2026-10-06T20:21:17Z
2380077519,2193861648156971,How did we get here?,316885,216,0.001,2024-08-16T09:03:27.672+00:00,2026-10-06T20:21:17Z
2380077519,2657379023348335,FREE OOG!,827027,303,0.002,2024-08-30T12:35:25.729+00:00,2026-10-06T20:21:17Z
2380077519,1223765330375569,The Glove,1574171,434,0.003,2024-09-13T03:56:01.116+00:00,2026-10-06T20:21:17Z
2380077519,4256352459948010,Orb of Honor,1180038,605,0.004,2024-09-22T15:58:08.931+00:00,2026-10-06T20:21:17Z
2380077519,3199562682373814,Garden of Erasure,565174,230,0.001,2024-10-11T01:23:57.261+00:00,2026-10-06T20:21:17Z
2380077519,868768988664040,Fetch me their Souls,518713,0,0.0,2024-10-18T15:56:06.114+00:00,2026-10-06T20:21:17Z
2380077519,2035627575374951,Shattered Memories,523972,237,0.001,2024-11-01T15:35:52.457+00:00,2026-10-06T20:21:17Z
2380077519,2223110832777636,Hurt me plenty,645998,277,0.002,2024-11-14T13:23:01.282+00:00,2026-10-06T20:21:17Z
2380077519,4390302507334168,Fortress of Dreams,1046657,261,0.002,2024-11-29T15:54:17.538+00:00,2026-10-06T20:21:17Z
2380077519,2117833544213343,You’re gonna need a bigger glove,354919,123,0.001,2024-12-13T06:36:03.177+00:00,2026-10-06T20:21:17Z
2380077519,182408299845710,Snow man left behind,270558,0,0.0,2024-12-20T14:07:32.108+00:00,2026-10-06T20:21:17Z
2380077519,3726156327470282,Insane Minds think Alike,535659,163,0.001,2025-01-02T20:20:27.699+00:00,2026-10-06T20:21:17Z
2380077519,2460702219299014,Oh! That’s a Baseball!,686963,243,0.001,2025-01-24T07:05:58.42+00:00,2026-10-06T20:21:17Z
2380077519,2146300368310575,"Rats, We’re Rats, We’re the Rats",323054,120,0.001,2025-02-07T13:45:00.582+00:00,2026-10-06T20:21:17Z
2380077519,2090213992277846,Enlightened,412037,183,0.001,2025-02-21T17:21:18.275+00:00,2026-10-06T20:21:17Z
2380077519,1060832194529561,Day in the life of a small Game Developer,392031,165,0.001,2025-03-06T22:12:44.727+00:00,2026-10-06T20:21:17Z
2380077519,1788920058870613,Sword Fighter of The Heights,277244,151,0.001,2025-03-21T13:08:18.015+00:00,2026-10-06T20:21:17Z
2380077519,99649310086892,Pillow Fight,191228,102,0.001,2025-04-03T23:39:00.953+00:00,2026-10-06T20:21:17Z
2380077519,2286252038116816,Egging Over It,600855,316,0.002,2025-04-17T23:57:13.705+00:00,2026-10-06T20:21:17Z
2380077519,2442504376213257,Collect My Pages,446525,172,0.001,2025-05-02T13:44:06.526+00:00,2026-10-06T20:21:17Z
2380077519,3096378656988806,Captain’s Orders,291572,170,0.001,2025-05-15T17:20:56.466+00:00,2026-10-06T20:21:17Z
2380077519,4342029848828580,Banished,528563,241,0.001,2025-05-30T13:34:26.828+00:00,2026-10-06T20:21:17Z
2380077519,231810132716643,Reawoken,542650,221,0.001,2025-06-13T12:46:30.09+00:00,2026-10-06T20:21:17Z
2380077519,1294103285471925,Slappy Wheels,366786,162,0.001,2025-06-14T16:52:49.972+00:00,2026-10-06T20:21:17Z
2380077519,3798851936234989,Plungering Heights,841636,350,0.002,2025-07-11T03:00:29.72+00:00,2026-10-06T20:21:17Z
2380077519,1745844401258079,Shattered Reality,255255,136,0.001,2025-07-25T12:50:07.03+00:00,2026-10-06T20:21:17Z
2380077519,663807976473858,Dodecacide,671092,306,0.002,2025-08-06T11:19:39.656+00:00,2026-10-06T20:21:17Z
2380077519,1605140663413534,Die Hard,342894,215,0.001,2025-08-06T11:20:21.265+00:00,2026-10-06T20:21:17Z
2380077519,3842447881295457,Jumping Dimensions [LIVE EVENT],217514,0,0.0,2025-08-06T21:04:01.429+00:00,2026-10-06T20:21:17Z
2380077519,1133862849283260,Dead or Alive,152436,107,0.001,2025-08-22T06:02:54.932+00:00,2026-10-06T20:21:17Z
2380077519,117389283982009,Out of Bounds,720152,485,0.003,2025-09-04T05:53:58.613+00:00,2026-10-06T20:21:17Z
2380077519,1035608345203235,Color Splash,1084212,555,0.003,2025-09-12T12:13:33.458+00:00,2026-10-06T20:21:17Z
2380077519,1198780403030188,Ceramic Panic,807316,477,0.003,2025-10-02T13:23:56.076+00:00,2026-10-06T20:21:17Z
2380077519,3713925567966983,2000 Ping,6049943,4502,0.027,2025-10-17T04:58:03.504+00:00,2026-10-06T20:21:17Z
2380077519,847759908824783,The Cornfeared,132951,0,0.0,2025-10-20T15:18:57.019+00:00,2026-10-06T20:21:17Z
2380077519,65341581701492,Bullseye,208643,188,0.001,2025-11-05T13:01:06.333+00:00,2026-10-06T20:21:17Z
2380077519,1304426038175458,Autumnal Conkerer,180472,163,0.001,2025-11-19T15:46:31.077+00:00,2026-10-06T20:21:17Z
2380077519,659930747853345,Glass Bones,301356,196,0.001,2025-12-03T15:00:44.322+00:00,2026-10-06T20:21:17Z
2380077519,2748677045206815,Snowball Synergy,171756,0,0.0,2025-12-17T23:35:56.142+00:00,2026-10-06T20:21:17Z
2380077519,2549860075363782,King of the Snowhill,128840,0,0.0,2025-12-17T23:38:52.212+00:00,2026-10-06T20:21:17Z
2380077519,1698466561019878,Minimum Wage,262126,170,0.001,2026-01-02T15:51:55.527+00:00,2026-10-06T20:21:17Z
2380077519,1902849233175110,Find The Gloves,358379,239,0.001,2026-01-16T13:34:39.23+00:00,2026-10-06T20:21:17Z
2380077519,1778876340809040,Cleaved in Two,149574,157,0.001,2026-01-30T15:13:39.067+00:00,2026-10-06T20:21:17Z
2380077519,217389347032866,Birthday Bash,390288,581,0.003,2026-02-03T16:41:46.212+00:00,2026-10-06T20:21:17Z
2380077519,996318649761767,Hibernal Snowstopper,183849,205,0.001,2026-02-22T17:07:00.879+00:00,2026-10-06T20:21:17Z
2380077519,1239535438142380,Untimely End,276817,291,0.002,2026-03-03T15:03:34.724+00:00,2026-10-06T20:21:17Z
2380077519,4207775293625676,Clobbering Time!,111809,156,0.001,2026-03-04T14:16:44.621+00:00,2026-10-06T20:21:17Z
2380077519,2604207010521588,Easter Hatchastrophe,313264,265,0.002,2026-04-08T13:46:32.812+00:00,2026-10-06T20:21:17Z
2380077519,1662521369541218,Genuinely how am I still alive,134269,178,0.001,2026-04-24T11:36:59.032+00:00,2026-10-06T20:21:17Z
2380077519,3964935687406576,Vernal Floralscence,156578,228,0.001,2026-04-30T13:19:39.763+00:00,2026-10-06T20:21:17Z
2380077519,1703260768466206,Fix my dang ‘puter,459394,597,0.004,2026-05-11T18:13:26.282+00:00,2026-10-06T20:21:17Z
2380077519,3344995751929220,"Gum, Gummy, Gone",249620,352,0.002,2026-05-22T12:41:36.884+00:00,2026-10-06T20:21:17Z
2380077519,2886410353565684,The Door In-between,327165,704,0.004,2026-06-11T23:46:52.685+00:00,2026-10-06T20:21:17Z
2380077519,3607811029078582,Fatal Frame,372952,580,0.003,2026-06-26T10:26:40.727+00:00,2026-10-06T20:21:17Z
2380077519,3169767311342466,Order Up!,127437,200,0.001,2026-07-10T14:56:40.886+00:00,2026-10-06T20:21:17Z
2380077519,998328913122542,Return to Sender,223155,543,0.003,2026-07-23T17:26:06.206+00:00,2026-10-06T20:21:17Z
2380077519,4138993615060923,Unmasked,133200,295,0.002,2026-08-06T15:03:09.633+00:00,2026-10-06T20:21:17Z
2380077519,1553597577215698,Banish the Night,45413,114,0.001,2026-08-06T15:03:37.18+00:00,2026-10-06T20:21:17Z
2380077519,2330016192496771,Estival Heatwaver,78720,247,0.001,2026-08-21T12:33:34.51+00:00,2026-10-06T20:21:17Z
2380077519,1416879820741487,Infinite Cobblestone Generator,105941,438,0.003,2026-09-03T07:15:54.548+00:00,2026-10-06T20:21:17Z
2380077519,4249463317430741,S P L A T,129902,1003,0.006,2026-09-17T13:08:27.546+00:00,2026-10-06T20:21:17Z
2380077519,3555494191247249,It’s Hip to be Square,40423,1528,0.009,2026-09-30T12:06:51.925+00:00,2026-10-06T20:21:17Z
1000233041,2124725995,Close Call!,1531806,300,0.002,2021-04-19T00:22:51.877+00:00,2026-10-06T20:21:17Z
1000233041,2124725997,Saved by DJUNGELSKOG!,116718,8,0.0,2021-04-19T00:23:21.973+00:00,2026-10-06T20:21:17Z
1000233041,2124638038,Time Well Spent,1149462,122,0.001,2020-11-18T00:25:10.903+00:00,2026-10-06T20:21:17Z
1000233041,2124725993,The Sacred Chocolate,165607,8,0.0,2021-04-19T00:21:09.94+00:00,2026-10-06T20:21:17Z
1000233041,2124725994,King's Remains,339911,18,0.0,2021-04-19T00:22:09.203+00:00,2026-10-06T20:21:17Z
2851381018,2379659710169412,Jimmy Fallon's Chipmunk UGC,9173,0,0.0,2024-12-14T10:48:38.851+00:00,2026-10-06T20:21:17Z
10278774552,1003541672129701,Welcome Seekers,101378438,239608,1.0,2026-06-16T15:56:34.059+00:00,2026-10-06T20:21:17Z
1278035280,2124522989,Beta Tester,415288,0,0.0,2020-04-07T04:22:23.32+00:00,2026-10-06T20:21:17Z
1278035280,2124679608,Legacy,624,0,0.0,2021-02-03T05:12:10.16+00:00,2026-10-06T20:21:17Z
1278035280,2124685499,Sage,839518,250,0.003,2021-02-13T09:02:52.807+00:00,2026-10-06T20:21:17Z
1278035280,2124710687,Epilogue,16289,0,0.0,2021-03-27T06:21:21.33+00:00,2026-10-06T20:21:17Z
1278035280,2128990691,Pumpkin Hunter,147614,0,0.0,2022-10-13T21:51:00.51+00:00,2026-10-06T20:21:17Z
1278035280,2129094252,The Enigma,134445,0,0.0,2022-10-20T09:49:56.083+00:00,2026-10-06T20:21:17Z
1278035280,2130184125,Giftbringer,126539,0,0.0,2022-12-30T09:47:22.933+00:00,2026-10-06T20:21:17Z
1278035280,2142554103,Saint Patrick's Weekend 2023,389372,0,0.0,2023-03-18T00:33:42.997+00:00,2026-10-06T20:21:17Z
1278035280,2153013819,Pumpkin Hunter 2023,192526,0,0.0,2023-10-08T03:25:51.697+00:00,2026-10-06T20:21:17Z
1278035280,2153523749,Observer,4,0,0.0,2023-10-21T21:50:16.623+00:00,2026-10-06T20:21:17Z
1278035280,2153743215,Living Shadows,133783,0,0.0,2023-10-28T13:03:24.417+00:00,2026-10-06T20:21:17Z
1278035280,2153856462,Melding,98190,0,0.0,2023-11-01T04:46:56.917+00:00,2026-10-06T20:21:17Z
1278035280,1137542300130232,Snowblind,173344,0,0.0,2023-12-25T02:22:27.142+00:00,2026-10-06T20:21:17Z
1278035280,286340036168649,The Frozen Hunt,862280,0,0.0,2024-03-05T00:07:17.756+00:00,2026-10-06T20:21:17Z
1278035280,707660259812930,Tier 1 - Bunny Charm Collar,268031,0,0.0,2024-03-15T15:49:11.255+00:00,2026-10-06T20:21:17Z
1278035280,1573346186695726,Tier 2 - Head Chick,171908,0,0.0,2024-03-15T15:49:47.4+00:00,2026-10-06T20:21:17Z
1278035280,346692356839186,Tier 3 - Luxurious Headpiece,119940,0,0.0,2024-03-15T15:50:10.736+00:00,2026-10-06T20:21:17Z
1278035280,1609299282951672,Tier 4 - Luxurious Bodypiece,69255,0,0.0,2024-03-15T15:50:22.996+00:00,2026-10-06T20:21:17Z
1278035280,3781820730037690,Pride,12479951,34400,0.404,2024-06-28T18:43:24.243+00:00,2026-10-06T20:21:17Z
1278035280,3712986291108329,The Fog - 2024,146034,0,0.0,2024-10-31T22:43:57.698+00:00,2026-10-06T20:21:17Z
1278035280,1528072182725135,I - The Magician,0,0,0.0,2025-02-21T20:47:05.307+00:00,2026-10-06T20:21:17Z
1278035280,3820487189116625,XI - Justice,0,0,0.0,2025-02-21T20:47:49.464+00:00,2026-10-06T20:21:17Z
1278035280,1048958737594148,Pumpkin Hunter 2025,159092,0,0.0,2025-10-30T18:17:09.807+00:00,2026-10-06T20:21:17Z
1278035280,2179428802423375,Haboom Rescuer,99346,0,0.0,2025-12-23T18:37:52.416+00:00,2026-10-06T20:21:17Z
4730278139,464306012456829,Spar with Andre Berto,3125110,0,0.0,2025-12-13T01:38:04.654+00:00,2026-10-06T20:21:17Z
5283219861,3644138533739801,Meet The Owner!,12267,0,0.0,2025-01-15T20:16:35.617+00:00,2026-10-06T20:21:17Z
5283219861,793775455013725,world destroyer,4290,0,0.0,2025-02-04T02:45:37.884+00:00,2026-10-06T20:21:17Z
5283219861,273583398556279,Owner's birthday (2025 event),43757,0,0.0,2025-03-19T16:08:25.784+00:00,2026-10-06T20:21:17Z
5283219861,4420899324551548,Easter🐇(2025 event),130448,0,0.0,2025-04-18T17:40:17.297+00:00,2026-10-06T20:21:17Z
5283219861,2353044064663362,nostalgic(complete the event:The Mines/2025 event),7752,0,0.0,2025-04-26T23:25:26.672+00:00,2026-10-06T20:21:17Z
5283219861,2358471570153856,back to the old times,94591,0,0.0,2025-05-09T16:10:51.482+00:00,2026-10-06T20:21:17Z
5283219861,506728318704805,they are back? (2025 event),37457,0,0.0,2025-05-20T23:15:21.347+00:00,2026-10-06T20:21:17Z
5283219861,762112133898595,be quiet (2025 event),15726,0,0.0,2025-06-15T18:01:29.207+00:00,2026-10-06T20:21:17Z
5283219861,2573124789701625,are you sure you're fine?,88437,18,0.0,2025-07-06T23:50:13.62+00:00,2026-10-06T20:21:17Z
5283219861,4159800269949663,I'm the only one who remembers that...(2025 event),47403,0,0.0,2025-08-19T15:18:41.149+00:00,2026-10-06T20:21:17Z
5283219861,4472070959884607,I got all 6 pumpkins (2025 halloween),96836,0,0.0,2025-10-04T20:10:43.161+00:00,2026-10-06T20:21:17Z
5283219861,3986130276469238,i find the christmas hat (2025 event),87905,0,0.0,2025-11-30T00:00:13.587+00:00,2026-10-06T20:21:17Z
5283219861,3645000834022781,new year! (2026),102735,0,0.0,2026-01-01T14:28:47.681+00:00,2026-10-06T20:21:17Z
5283219861,1944080578004245,You died to kus,350018,78639,0.221,2026-09-29T17:16:56.033+00:00,2026-10-06T20:21:17Z
5283219861,679365382529489,You died to sandman,223125,45304,0.127,2026-09-29T17:22:26.314+00:00,2026-10-06T20:21:17Z
5283219861,1721374443115388,You died to ashy,292408,57321,0.161,2026-09-29T17:23:45.184+00:00,2026-10-06T20:21:17Z
5283219861,2128473480501883,You died to scar,252274,50665,0.142,2026-09-29T17:25:12.875+00:00,2026-10-06T20:21:17Z
5283219861,846715013221762,You died to lost,778431,154211,0.433,2026-09-29T17:29:18.818+00:00,2026-10-06T20:21:17Z
5283219861,1702318156494244,You died to dus,587747,119689,0.336,2026-09-29T17:31:03.05+00:00,2026-10-06T20:21:17Z
5283219861,3603918848956283,You died to lurker,471677,97318,0.273,2026-09-29T17:32:21.101+00:00,2026-10-06T20:21:17Z
5283219861,2534439732880946,You died to gus,205177,40877,0.115,2026-09-29T17:34:31.363+00:00,2026-10-06T20:21:17Z
5283219861,1787326264083115,You died to bloodman,640327,122646,0.344,2026-09-29T17:36:32.55+00:00,2026-10-06T20:21:17Z
5283219861,4062866041286524,You died to john,168298,144056,0.404,2026-09-29T17:50:24.055+00:00,2026-10-06T20:21:17Z
5283219861,2941858778512228,You died to stalker,74604,64497,0.181,2026-09-29T17:51:22.802+00:00,2026-10-06T20:21:17Z
5283219861,4167528666510406,You died to fearful,140350,30972,0.087,2026-10-01T20:16:39.47+00:00,2026-10-06T20:21:17Z
5283219861,302540611444754,You died to meat,134773,27668,0.078,2026-10-01T20:17:27.644+00:00,2026-10-06T20:21:17Z
5283219861,3885701673278809,You died to billy,128588,26754,0.075,2026-10-01T20:22:49.562+00:00,2026-10-06T20:21:17Z
5283219861,3503579045958582,You died to sandguy,122288,25849,0.073,2026-10-01T20:24:48.742+00:00,2026-10-06T20:21:17Z
5283219861,3677074657634359,You died to noxar,123121,25522,0.072,2026-10-01T20:25:39.604+00:00,2026-10-06T20:21:17Z
7996365376,2997847528546843,SHARP!,51571243,49497,0.288,2025-06-25T16:57:36.945+00:00,2026-10-06T20:21:17Z
6443367640,3312362542346271,Train To Yeet!,81550,0,0.0,2026-04-14T13:12:39.371+00:00,2026-10-06T20:21:17Z
6443367640,4196566784692020,Welcome to the GYM,46909909,186566,1.0,2026-04-21T09:00:29.415+00:00,2026-10-06T20:21:17Z
6443367640,1978193944444395,Aura Collector,7319,24,0.0,2026-04-21T09:00:48.097+00:00,2026-10-06T20:21:17Z
6443367640,577138144883731,First Pump,7273038,18012,0.122,2026-04-21T09:00:58.497+00:00,2026-10-06T20:21:17Z
6443367640,2473107570658543,Leg Day,556965,2058,0.014,2026-04-21T09:01:18.013+00:00,2026-10-06T20:21:17Z
6443367640,858555042698118,Pet Collector,1232694,3198,0.022,2026-04-21T09:01:28.369+00:00,2026-10-06T20:21:17Z
6443367640,865005480970844,Pet Crafter,568621,1807,0.012,2026-04-22T08:03:18.119+00:00,2026-10-06T20:21:17Z
6443367640,2066112571860648,Rank Up,175445,338,0.002,2026-04-22T08:03:33.496+00:00,2026-10-06T20:21:17Z
6443367640,175776187089071,67,601283,1392,0.009,2026-04-22T08:03:47.438+00:00,2026-10-06T20:21:17Z
6443367640,1075742952556999,New Grounds,2390835,5259,0.036,2026-04-22T08:04:01.525+00:00,2026-10-06T20:21:17Z
6443367640,2977945220478330,Lift Off,1079654,2288,0.015,2026-04-22T08:04:14.376+00:00,2026-10-06T20:21:17Z
6443367640,2994302673475299,Deep Pressure,620412,1259,0.009,2026-04-23T08:07:51.371+00:00,2026-10-06T20:21:17Z
6443367640,3642632975904599,Beast Mode,317519,572,0.004,2026-04-23T08:08:07.286+00:00,2026-10-06T20:21:17Z
6443367640,1393331149409527,Old School Strength,171478,296,0.002,2026-04-23T08:08:20.565+00:00,2026-10-06T20:21:17Z
6443367640,1888499985867364,Pharaoh’s Power,76751,147,0.001,2026-04-23T08:08:34.784+00:00,2026-10-06T20:21:17Z
6443367640,1825992563993362,Class is in Session,38661,77,0.001,2026-04-23T08:08:45.335+00:00,2026-10-06T20:21:17Z
6443367640,331958817969575,Frozen Strength,12827,27,0.0,2026-04-24T07:59:00.852+00:00,2026-10-06T20:21:17Z
6443367640,1080870341352022,Trip to Japan,7894,18,0.0,2026-04-24T07:59:17.005+00:00,2026-10-06T20:21:17Z
6443367640,4041532265965750,First Victory,2981921,7359,0.05,2026-04-24T07:59:32.016+00:00,2026-10-06T20:21:17Z
6443367640,947841346440433,Committed Trainee,5582409,15342,0.104,2026-04-24T07:59:47.216+00:00,2026-10-06T20:21:17Z
1525626450,2124608034,Welcome!,29441031,15854,0.129,2020-09-15T22:41:45.133+00:00,2026-10-06T20:21:17Z
1525626450,2374503752825360,Mailman Egg,80126,0,0.0,2026-04-02T22:12:42.372+00:00,2026-10-06T20:21:17Z
1525626450,3576212018007932,Bridge Egg,78920,0,0.0,2026-04-02T22:19:41.255+00:00,2026-10-06T20:21:17Z
1525626450,2730165908315628,Demon Egg,32490,0,0.0,2026-04-02T22:21:57.932+00:00,2026-10-06T20:21:17Z
1525626450,442368396557914,Maze Egg,41847,0,0.0,2026-04-02T22:24:46.569+00:00,2026-10-06T20:21:17Z
1525626450,2737375148892207,Tunnel Egg,43144,0,0.0,2026-04-02T22:26:55.054+00:00,2026-10-06T20:21:17Z
1525626450,348607685192257,Night Egg,46564,0,0.0,2026-04-02T22:30:35.044+00:00,2026-10-06T20:21:17Z
1525626450,20811604693215,Parkour Egg,40431,0,0.0,2026-04-02T22:33:38.24+00:00,2026-10-06T20:21:17Z
1525626450,3387650737448274,Clown Egg,29745,0,0.0,2026-04-02T22:36:58.751+00:00,2026-10-06T20:21:17Z
1525626450,4243766463898491,Jumpy Egg,124423,0,0.0,2026-04-02T22:39:07.22+00:00,2026-10-06T20:21:17Z
1525626450,2149719338483161,Firefighter Egg,46033,0,0.0,2026-04-02T22:42:51.779+00:00,2026-10-06T20:21:17Z
1525626450,4319761071229797,Stealth Egg,32306,0,0.0,2026-04-02T22:45:40.859+00:00,2026-10-06T20:21:17Z
1525626450,2805155841974885,Cemetery Egg,31857,0,0.0,2026-04-02T22:48:19.939+00:00,2026-10-06T20:21:17Z
1525626450,662908435127726,Heist Egg,57568,0,0.0,2026-04-02T22:49:54.785+00:00,2026-10-06T20:21:17Z
1525626450,3467416799132613,Dumpster Egg,86915,0,0.0,2026-04-02T23:13:36.895+00:00,2026-10-06T20:21:17Z
1525626450,622247383349849,Race Egg,120675,0,0.0,2026-04-02T23:15:48.54+00:00,2026-10-06T20:21:17Z
1525626450,1015385545379829,Garden Egg,66807,0,0.0,2026-04-02T23:18:07.818+00:00,2026-10-06T20:21:17Z
1525626450,3268257491162709,Rooftop Egg,55670,0,0.0,2026-04-02T23:20:19.92+00:00,2026-10-06T20:21:17Z
1525626450,3952588310226767,Pool Egg,62685,0,0.0,2026-04-02T23:22:09.582+00:00,2026-10-06T20:21:17Z
1525626450,209290838568737,Meow Egg,148151,0,0.0,2026-04-02T23:25:00.777+00:00,2026-10-06T20:21:17Z
1525626450,1400483266999246,Gas Station Egg,150887,0,0.0,2026-04-02T23:27:50.781+00:00,2026-10-06T20:21:17Z
1525626450,3658235843111114,Mimic Egg,48451,0,0.0,2026-04-02T23:31:17.994+00:00,2026-10-06T20:21:17Z
1525626450,3168249071164845,Billboard Egg,50374,0,0.0,2026-04-02T23:34:22.915+00:00,2026-10-06T20:21:17Z
1525626450,2517972863103710,Bench Egg,48835,0,0.0,2026-04-02T23:36:23.6+00:00,2026-10-06T20:21:17Z
1525626450,4293728286892123,Friendly Egg,328250,0,0.0,2026-04-02T23:39:07.509+00:00,2026-10-06T20:21:17Z
1525626450,3343933760024049,Photo Egg,53674,0,0.0,2026-04-02T23:40:38.94+00:00,2026-10-06T20:21:17Z
1525626450,2296865990265561,DJ Egg,50285,0,0.0,2026-04-02T23:43:16.707+00:00,2026-10-06T20:21:17Z
1525626450,4145802596666902,Copy Egg,53190,0,0.0,2026-04-02T23:47:26.076+00:00,2026-10-06T20:21:17Z
1525626450,3087746912505888,Honk Egg,224846,0,0.0,2026-04-02T23:49:47.262+00:00,2026-10-06T20:21:17Z
1525626450,1686402320883339,Emote Egg,94948,0,0.0,2026-04-02T23:52:28.555+00:00,2026-10-06T20:21:17Z
1525626450,353646122689027,Crosswalk Egg,100846,0,0.0,2026-04-02T23:54:12.815+00:00,2026-10-06T20:21:17Z
1525626450,4247958196492356,Trivia Egg,57501,0,0.0,2026-04-02T23:56:59.636+00:00,2026-10-06T20:21:17Z
1525626450,419784406561182,Rain Egg,28207,0,0.0,2026-04-02T23:58:35.397+00:00,2026-10-06T20:21:17Z
1525626450,638393961112837,Passenger Egg,82442,0,0.0,2026-04-03T00:03:00.589+00:00,2026-10-06T20:21:17Z
1525626450,931928473498266,Speedy Egg,998593,0,0.0,2026-04-03T00:04:35.186+00:00,2026-10-06T20:21:17Z
1525626450,905745856380785,Junkyard Egg,48629,0,0.0,2026-04-03T00:05:48.141+00:00,2026-10-06T20:21:17Z
1525626450,2791716196479953,Lightning Egg,29613,0,0.0,2026-04-03T00:08:05.531+00:00,2026-10-06T20:21:17Z
1525626450,4493214360027757,Music Egg,88170,0,0.0,2026-04-03T00:09:52.268+00:00,2026-10-06T20:21:17Z
1525626450,3427801231875405,Invisible Egg,54313,0,0.0,2026-04-03T00:11:12.226+00:00,2026-10-06T20:21:17Z
1525626450,460255489090801,Backwards Egg,29913,0,0.0,2026-04-03T00:16:54.175+00:00,2026-10-06T20:21:17Z
1525626450,1401012946425112,Fisch Egg,33473,0,0.0,2026-04-03T00:18:54.024+00:00,2026-10-06T20:21:17Z
10057403337,2264726370181915,Welcome!,51059487,207192,0.698,2026-04-25T15:05:24.285+00:00,2026-10-06T20:21:17Z
10057403337,3913924430342009,Meet Owner!,1556,0,0.0,2026-04-25T15:05:53.028+00:00,2026-10-06T20:21:17Z
10057403337,1692611745986009,Bronze Rank,35421892,148641,0.5,2026-06-02T18:09:56.794+00:00,2026-10-06T20:21:17Z
10057403337,3849283792432580,Silver Rank,34835710,146605,0.494,2026-06-02T18:10:17.842+00:00,2026-10-06T20:21:17Z
10057403337,3568352916166048,Gold Rank,13628392,72537,0.244,2026-06-02T18:10:39.03+00:00,2026-10-06T20:21:17Z
10057403337,2955026410469225,Platinum Rank,3970960,30942,0.104,2026-06-02T18:10:56.996+00:00,2026-10-06T20:21:17Z
10057403337,2116092107213770,Diamond Rank,691728,9108,0.031,2026-06-02T18:11:09.2+00:00,2026-10-06T20:21:17Z
10057403337,581901077737786,Elite Rank,132968,2427,0.008,2026-06-02T18:11:29.667+00:00,2026-10-06T20:21:17Z
10057403337,2663410052259121,Master Rank,25101,568,0.002,2026-06-02T18:12:08.561+00:00,2026-10-06T20:21:17Z
10057403337,931232792013130,Grandmaster Rank,13439,307,0.001,2026-06-02T18:12:24.961+00:00,2026-10-06T20:21:17Z
10057403337,189096041018716,Champion Rank,6872,166,0.001,2026-06-02T18:13:03.193+00:00,2026-10-06T20:21:17Z
10057403337,3818141788433116,Legend Rank,3158,83,0.0,2026-06-02T18:13:20.141+00:00,2026-10-06T20:21:17Z
10057403337,2152490181318838,Immortal Rank,1452,39,0.0,2026-06-02T18:13:39.744+00:00,2026-10-06T20:21:17Z
10057403337,1667812482000132,Deagle God,643,14,0.0,2026-06-02T18:15:02.651+00:00,2026-10-06T20:21:17Z
6682487255,79515657121200,The Climber,12300,3,0.0,2025-04-15T20:17:57.322+00:00,2026-10-06T20:21:17Z
1268927906,2124480889,Rookie Lifter,214039770,24133,0.334,2019-08-11T23:13:21.067+00:00,2026-10-06T20:21:17Z
1268927906,2124482765,"2,500 Strength",66469287,8644,0.12,2019-08-24T17:24:55.14+00:00,2026-10-06T20:21:17Z
1268927906,2124482766,"10,000 Strength",37661813,5996,0.083,2019-08-24T17:28:17.6+00:00,2026-10-06T20:21:17Z
1268927906,2124482769,"50,000 Strength",11541170,3546,0.049,2019-08-24T17:31:48.873+00:00,2026-10-06T20:21:17Z
1268927906,2124482770,"1,000,000 Strength",3695834,2749,0.038,2019-08-24T17:36:22.517+00:00,2026-10-06T20:21:17Z
1268927906,2124482772,1 Rebirth,33296291,4842,0.067,2019-08-24T17:43:55.113+00:00,2026-10-06T20:21:17Z
1268927906,2124482773,5 Rebirths,12747560,3025,0.042,2019-08-24T17:53:22.593+00:00,2026-10-06T20:21:17Z
1268927906,2124482774,20 Rebirths,5132862,2536,0.035,2019-08-24T17:57:09.327+00:00,2026-10-06T20:21:17Z
1268927906,2124482775,100 Rebirths,1021934,1532,0.021,2019-08-24T17:59:57.32+00:00,2026-10-06T20:21:17Z
1268927906,2124482792,1 Brawl Win,42533802,3825,0.053,2019-08-24T19:32:15.05+00:00,2026-10-06T20:21:17Z
1268927906,2124482793,10 Brawl Wins,12100299,254,0.004,2019-08-24T19:34:50.5+00:00,2026-10-06T20:21:17Z
1268927906,2124482794,150 Brawl Wins,224686,3,0.0,2019-08-24T19:38:52.033+00:00,2026-10-06T20:21:17Z
1268927906,2124482795,500 Brawl Wins,7224,0,0.0,2019-08-24T19:42:08.46+00:00,2026-10-06T20:21:17Z
1268927906,2124482933,Frost Gym,28713766,2150,0.03,2019-08-25T17:02:18.203+00:00,2026-10-06T20:21:17Z
1268927906,2124482934,Mythical Gym,11977701,1660,0.023,2019-08-25T17:07:42.857+00:00,2026-10-06T20:21:17Z
1268927906,2124482966,Eternal Gym,6012989,1470,0.02,2019-08-25T17:11:54.963+00:00,2026-10-06T20:21:17Z
1268927906,2124482968,Legends Gym,4091029,1614,0.022,2019-08-25T17:15:38.17+00:00,2026-10-06T20:21:17Z
1268927906,3135216805451316,Industrial Gym,358810,1586,0.022,2026-08-12T19:10:41.312+00:00,2026-10-06T20:21:17Z
10753751277,2346859218459788,Welcome Badge,5391097,195004,0.92,2026-09-10T10:05:01.75+00:00,2026-10-06T20:21:17Z
10753751277,2547350983107467,Divine trail,20523,1926,0.009,2026-09-10T10:08:24.547+00:00,2026-10-06T20:21:17Z
10753751277,3280642826913639,Demonic Treadmill,8515,695,0.003,2026-09-10T10:09:40.369+00:00,2026-10-06T20:21:17Z
10753751277,3849379305437434,Eternal Crate Opened,307454,16383,0.077,2026-09-10T10:17:10.329+00:00,2026-10-06T20:21:17Z
10753751277,4108996051801430,Secret Crate Opened,676606,30435,0.144,2026-09-10T10:17:26.213+00:00,2026-10-06T20:21:17Z
10753751277,3703351615474121,Divine Crate Opened,45677,1571,0.007,2026-09-10T10:17:42.993+00:00,2026-10-06T20:21:17Z
10762757054,2800585452343210,WIN AS FARTER,1796574,75537,0.326,2026-09-07T20:53:09.087+00:00,2026-10-06T20:21:17Z
9480281767,586045726544271,You Played Monopoly!,7667029,41445,0.778,2026-06-20T20:02:44.583+00:00,2026-10-06T20:21:17Z
9480281767,601266154409915,Secret Badge,7351,55,0.001,2026-07-28T07:26:51.366+00:00,2026-10-06T20:21:17Z
6760085372,1186265417462580,Beta Player,11614732,20306,0.371,2025-12-14T17:41:38.913+00:00,2026-10-06T20:21:17Z
6760085372,1048565666373612,Reached Level 150,273,0,0.0,2025-12-14T17:40:47.935+00:00,2026-10-06T20:21:17Z
6760085372,2325620011814807,Played Jujutsu: Zero,9888793,20798,0.38,2025-12-16T04:07:38.21+00:00,2026-10-06T20:21:17Z
6760085372,442155783470916,Reached Grade 3,1100030,1396,0.026,2025-12-16T04:08:19.653+00:00,2026-10-06T20:21:17Z
6760085372,3673922865018566,Reached Grade 2,898669,1173,0.021,2025-12-16T04:08:28.645+00:00,2026-10-06T20:21:17Z
6760085372,3042088366459956,Reached Grade 1,775658,1012,0.019,2025-12-16T04:08:36.136+00:00,2026-10-06T20:21:17Z
6760085372,3291917618859837,Reached Special Grade,641832,984,0.018,2025-12-16T04:08:59.626+00:00,2026-10-06T20:21:17Z
6760085372,3447153264863434,Jack of One Trade,410294,934,0.017,2026-05-20T18:06:59.364+00:00,2026-10-06T20:21:17Z
7178032757,1879238368052176,Play,11373908,2824,0.05,2025-03-13T17:04:14.825+00:00,2026-10-06T20:21:17Z
7178032757,345900547841014,Rebirth,11381885,2824,0.05,2025-03-13T17:04:41.158+00:00,2026-10-06T20:21:17Z
7178032757,3251585351914562,Champions,11389940,2826,0.05,2025-03-13T17:05:00.181+00:00,2026-10-06T20:21:17Z
7178032757,2278620147056394,Ultimate!,11387552,2826,0.05,2025-03-13T17:05:08.613+00:00,2026-10-06T20:21:17Z
7178032757,887854334144066,RCU | The Hatch,44992,0,0.0,2025-06-15T17:56:23.456+00:00,2026-10-06T20:21:17Z
3541611379,2153897112,Defeat ERADICATOR!,1654565,945,0.008,2023-11-02T19:11:43.793+00:00,2026-10-06T20:21:17Z
3541611379,2153897158,Defeat Plague Doctor!,2085767,962,0.008,2023-11-02T19:14:48.063+00:00,2026-10-06T20:21:17Z
3541611379,2153897183,Rank 10,1312315,933,0.008,2023-11-02T19:16:32.077+00:00,2026-10-06T20:21:17Z
3541611379,2153897191,Rank 24,814184,826,0.007,2023-11-02T19:17:07.683+00:00,2026-10-06T20:21:17Z
3541611379,2153897206,Rank 40,555183,707,0.006,2023-11-02T19:17:52.5+00:00,2026-10-06T20:21:17Z
3541611379,2153897247,Rank 64,339443,553,0.005,2023-11-02T19:20:38.397+00:00,2026-10-06T20:21:17Z
3541611379,2153897263,Rank 90,195729,427,0.004,2023-11-02T19:21:26.117+00:00,2026-10-06T20:21:17Z
3541611379,2153897272,Rank 100,160182,426,0.004,2023-11-02T19:22:02.34+00:00,2026-10-06T20:21:17Z
3541611379,2153897280,Rank 125,87408,401,0.003,2023-11-02T19:22:30.117+00:00,2026-10-06T20:21:17Z
3541611379,2153897296,Rank 150,38455,348,0.003,2023-11-02T19:23:17.637+00:00,2026-10-06T20:21:17Z
3541611379,2153897366,Defeat ERADICATOR MK II!,661915,435,0.004,2023-11-02T19:29:42.557+00:00,2026-10-06T20:21:17Z
3541611379,3416298406790691,Defeat Revived Plague Doctor!,960074,417,0.003,2023-11-11T05:31:48.42+00:00,2026-10-06T20:21:17Z
3541611379,936253947741022,Defeat Eradicator MK IV,483668,457,0.004,2024-04-19T19:52:48.102+00:00,2026-10-06T20:21:17Z
3541611379,1922537028219041,Defeat Eradicator MK I C,460319,455,0.004,2024-04-19T19:53:26.098+00:00,2026-10-06T20:21:17Z
3541611379,1274056175892888,Defeat Apex Predator!,401213,393,0.003,2024-04-19T19:55:08.204+00:00,2026-10-06T20:21:17Z
3541611379,1919563277273775,Calamity.,347040,334,0.003,2024-04-19T19:55:31.281+00:00,2026-10-06T20:21:17Z
3541611379,2968370383250655,Completed TDX Tutorial,721337,987,0.008,2025-02-28T23:36:21.885+00:00,2026-10-06T20:21:17Z
3541611379,3498426379502089,Defeat Destructor!,393759,768,0.006,2025-03-27T07:39:04.027+00:00,2026-10-06T20:21:17Z
3541611379,3821431113784734,Defeat Eradicator MK II+,359906,776,0.007,2025-03-27T07:41:34.215+00:00,2026-10-06T20:21:17Z
3541611379,3335600170793678,Defeat Phoebus!,438871,802,0.007,2025-03-27T07:42:55.213+00:00,2026-10-06T20:21:17Z
3541611379,3543065376287382,Defeat Zeus!,438642,792,0.007,2025-03-27T07:44:31.511+00:00,2026-10-06T20:21:17Z
3541611379,1864276158172623,Defeat Artemis!,426215,789,0.007,2025-03-27T07:49:05.368+00:00,2026-10-06T20:21:17Z
3541611379,1276034866263734,Defeat X2 Trooper,200334,418,0.004,2025-10-08T21:27:47.153+00:00,2026-10-06T20:21:17Z
3541611379,1516606813975128,Defeat Alpha Predator,192042,322,0.003,2025-10-08T21:28:41.252+00:00,2026-10-06T20:21:17Z
3541611379,3232233101774450,Defeat the Emperor,172371,327,0.003,2025-10-08T21:30:13.889+00:00,2026-10-06T20:21:17Z
3541611379,2662571606838759,??????,53872,99,0.001,2025-10-08T21:30:38.702+00:00,2026-10-06T20:21:17Z
3541611379,3759238406386320,Defeat the Void Lich,140240,2702,0.023,2026-09-15T18:34:13.052+00:00,2026-10-06T20:21:17Z
3541611379,4343659851518501,Defeat Void Prime!,107553,2030,0.017,2026-09-15T18:36:41.871+00:00,2026-10-06T20:21:17Z
3541611379,840841430147239,Defeat Exo Void!,102480,1941,0.016,2026-09-15T18:37:10.371+00:00,2026-10-06T20:21:17Z
3541611379,709501167182836,Defeat Void Devastator!,98940,1875,0.016,2026-09-15T18:43:43.722+00:00,2026-10-06T20:21:17Z
3541611379,1069661199805737,TB II Hard Mode Victory,54391,1376,0.012,2026-09-19T01:13:21.85+00:00,2026-10-06T20:21:17Z
3541611379,1878006087643446,TB II Nightmare Mode Victory,22324,948,0.008,2026-09-19T01:15:01.026+00:00,2026-10-06T20:21:17Z
3541611379,1474613594382081,TB II Voidmare Mode Victory,3896,277,0.002,2026-09-19T01:16:49.305+00:00,2026-10-06T20:21:17Z
10759518799,848741249603853,Survived Easy,478578,75318,0.308,2026-09-16T17:20:26.087+00:00,2026-10-06T20:21:17Z
10759518799,3651797661537090,Survived Normal,627888,49152,0.201,2026-09-16T17:20:44.353+00:00,2026-10-06T20:21:17Z
10759518799,1891326352061042,Survived Hard,81820,9295,0.038,2026-09-16T17:21:06.576+00:00,2026-10-06T20:21:17Z
10759518799,544433376442118,Not Tonight,2026115,192400,0.787,2026-09-16T17:32:46.848+00:00,2026-10-06T20:21:17Z
10759518799,1837330144060049,Made It to Morning,1083414,116603,0.477,2026-09-16T17:33:04.929+00:00,2026-10-06T20:21:17Z
10759518799,3428801741752167,Nobody Left Behind,584599,55271,0.226,2026-09-16T17:33:20.276+00:00,2026-10-06T20:21:17Z
10759518799,3887550490592274,Still Standing,397,53,0.0,2026-09-16T17:33:26.06+00:00,2026-10-06T20:21:17Z
10759518799,1851000935101960,Survived Nightmare,38655,4623,0.019,2026-09-27T23:10:26.675+00:00,2026-10-06T20:21:17Z
10759518799,3615081552431694,Alone With Him,1224,155,0.001,2026-09-27T23:10:27.842+00:00,2026-10-06T20:21:17Z
10759518799,636883039081053,No Second Chances,15455,1777,0.007,2026-09-27T23:10:29.039+00:00,2026-10-06T20:21:17Z
10759518799,3532322885478591,Everyone Comes Home,8540,1063,0.004,2026-09-27T23:13:40.768+00:00,2026-10-06T20:21:17Z
10759518799,4472760094826067,Recurring Nightmare,142,35,0.0,2026-09-27T23:14:01.03+00:00,2026-10-06T20:21:17Z
10759518799,1300958729945679,Nowhere to Hide,76041,7589,0.031,2026-09-27T23:14:02.501+00:00,2026-10-06T20:21:17Z
10759518799,777384973499627,Lights Back On,35570,2804,0.011,2026-09-27T23:17:56.517+00:00,2026-10-06T20:21:17Z
10759518799,968706569436738,Overtime,77,14,0.0,2026-09-27T23:17:58.02+00:00,2026-10-06T20:21:17Z
10759518799,194204692062481,Night Shift,177,56,0.0,2026-09-27T23:17:59.349+00:00,2026-10-06T20:21:17Z
10759518799,696715839826033,Conquer Your Fears,1425,596,0.002,2026-09-27T23:18:00.856+00:00,2026-10-06T20:21:17Z
10759518799,4027584559350280,Wound Up,10533,10291,0.042,2026-10-06T00:28:15.205+00:00,2026-10-06T20:21:17Z
10759518799,4394204541920064,Don't Stare,16509,16013,0.066,2026-10-06T00:28:16.296+00:00,2026-10-06T20:21:17Z
10759518799,3400603569926262,That Wasn't Them,25754,24884,0.102,2026-10-06T00:28:17.384+00:00,2026-10-06T20:21:17Z
10759518799,2968952474888801,Seen Them All,1041,1011,0.004,2026-10-06T00:28:18.404+00:00,2026-10-06T20:21:17Z
10759518799,1717505464499201,Snap Out of It,1273,1236,0.005,2026-10-06T00:28:19.481+00:00,2026-10-06T20:21:17Z
10759518799,1272574513705559,Not My Friend,5370,5038,0.021,2026-10-06T00:28:20.892+00:00,2026-10-06T20:21:17Z
10759518799,1502742346271227,Snowed In,18981,18391,0.075,2026-10-06T00:28:22.316+00:00,2026-10-06T20:21:17Z
10759518799,4292413333405405,House and Lodge,7485,7241,0.03,2026-10-06T00:28:23.763+00:00,2026-10-06T20:21:17Z
10759518799,4488217499385030,Hired,3545,3440,0.014,2026-10-06T00:28:25.173+00:00,2026-10-06T20:21:17Z
10759518799,591361796461508,Mastered,21,19,0.0,2026-10-06T00:28:26.498+00:00,2026-10-06T20:21:17Z
10759518799,202009568750514,Full Crew,0,0,0.0,2026-10-06T00:28:28.126+00:00,2026-10-06T20:21:17Z
10759518799,2866044771212379,Gem Hoarder,2,2,0.0,2026-10-06T00:28:29.559+00:00,2026-10-06T20:21:17Z
10759518799,213356213543699,Close Call,57738,55966,0.229,2026-10-06T00:28:30.974+00:00,2026-10-06T20:21:17Z
10759518799,923926019044846,Quiet as a Mouse,2723,2649,0.011,2026-10-06T00:28:32.345+00:00,2026-10-06T20:21:17Z
10759518799,1493181540830140,Full House,17832,17422,0.071,2026-10-06T00:28:33.714+00:00,2026-10-06T20:21:17Z
10759518799,3787757440608,You Let Him In,805,751,0.003,2026-10-06T00:28:35.155+00:00,2026-10-06T20:21:17Z
10759518799,1674674654080185,Who's There?,0,0,0.0,2026-10-06T00:28:36.516+00:00,2026-10-06T20:21:17Z
2274830359,2130630578,Stage1,316937130,130853,0.744,2023-01-15T10:54:41.523+00:00,2026-10-06T20:21:17Z
2274830359,2130630687,Stage2,244389861,104476,0.594,2023-01-15T10:56:23.51+00:00,2026-10-06T20:21:17Z
2274830359,2130630767,Stage3,213245717,88434,0.503,2023-01-15T10:57:40.71+00:00,2026-10-06T20:21:17Z
2274830359,2130630847,Stage4,181113829,75303,0.428,2023-01-15T10:58:57.733+00:00,2026-10-06T20:21:17Z
2274830359,2130630893,Stage5,136567661,59501,0.338,2023-01-15T10:59:38.073+00:00,2026-10-06T20:21:17Z
2274830359,2130630993,Stage6,116058151,48434,0.275,2023-01-15T11:01:04.697+00:00,2026-10-06T20:21:17Z
2274830359,2130631050,Stage7,88028975,37485,0.213,2023-01-15T11:01:52.597+00:00,2026-10-06T20:21:17Z
2274830359,2130631074,Stage8,70545995,27944,0.159,2023-01-15T11:02:14.227+00:00,2026-10-06T20:21:17Z
2274830359,2130631109,Stage9,50128215,22608,0.128,2023-01-15T11:02:44.153+00:00,2026-10-06T20:21:17Z
2274830359,2130631140,Stage10,41172518,18979,0.108,2023-01-15T11:03:11.293+00:00,2026-10-06T20:21:17Z
2274830359,2130631553,All Bosses,10202752,2503,0.014,2023-01-15T11:09:42.927+00:00,2026-10-06T20:21:17Z
2274830359,873247812341661,Stage11,20493137,12356,0.07,2023-12-22T11:01:28.348+00:00,2026-10-06T20:21:17Z
2274830359,2024410016815794,Stage12,9885586,6959,0.04,2024-02-11T14:29:29.702+00:00,2026-10-06T20:21:17Z
2274830359,1459047042055493,Stage X,3129651,2032,0.012,2024-07-14T21:59:50.436+00:00,2026-10-06T20:21:17Z
10765906597,4426324456819778,Pick Up 1K Balls,532085,120532,1.0,2026-09-13T18:18:31.492+00:00,2026-10-06T20:21:17Z
10765906597,2269710727878969,Pick Up 10K Balls,144312,32415,0.319,2026-09-13T18:18:41.564+00:00,2026-10-06T20:21:17Z
10765906597,4343258142166690,Pick Up 100K Balls,629,174,0.002,2026-09-13T18:19:12.798+00:00,2026-10-06T20:21:17Z
10765906597,3622765986481362,First Map Cleared,240028,52237,0.513,2026-09-13T18:19:58.798+00:00,2026-10-06T20:21:17Z
10765906597,991289672715793,Welcome,985941,221006,1.0,2026-09-13T18:20:09.646+00:00,2026-10-06T20:21:17Z
5166944221,3143174433323990,Death Ball x ACS Collab,286439,0,0.0,2023-12-08T10:50:41.496+00:00,2026-10-06T20:21:17Z
10526463655,2568472679072461,8 BALL DUELS,5373225,243000,1.0,2026-08-28T14:18:46.817+00:00,2026-10-06T20:21:17Z
8160348242,3171975014864508,Welcome!,22627928,76322,0.419,2026-05-22T05:30:16.284+00:00,2026-10-06T20:21:17Z
8160348242,3671973683307575,Getting Started,27081819,64812,0.356,2025-11-11T02:50:18.942+00:00,2026-10-06T20:21:17Z
8160348242,1556002793588407,Noob,5522798,13702,0.075,2025-11-11T03:15:17.01+00:00,2026-10-06T20:21:17Z
8160348242,2835850386161270,Skilled,805533,1833,0.01,2025-11-12T05:10:26.701+00:00,2026-10-06T20:21:17Z
8160348242,1110205718496387,Experienced,215242,589,0.003,2025-11-12T05:08:50.944+00:00,2026-10-06T20:21:17Z
8160348242,3339275223203249,Pro,114278,254,0.001,2025-11-11T02:58:52.967+00:00,2026-10-06T20:21:17Z
8160348242,2072604339558887,KILLER,36876,85,0.0,2025-11-11T02:51:04+00:00,2026-10-06T20:21:17Z
8160348242,545102165267333,MURDERER,5370,17,0.0,2025-11-12T05:09:42.935+00:00,2026-10-06T20:21:17Z
8160348242,3220186640134791,NO LIFE,2113,6,0.0,2025-11-11T03:26:10.865+00:00,2026-10-06T20:21:17Z
8160348242,2530522233504465,Godly,1773946,4275,0.023,2025-11-12T05:13:41.559+00:00,2026-10-06T20:21:17Z
8160348242,966443759084872,Ancient,231509,699,0.004,2025-11-12T05:14:09.648+00:00,2026-10-06T20:21:17Z
8160348242,981424658577269,Unique,29242,107,0.001,2026-03-10T22:12:07.716+00:00,2026-10-06T20:21:17Z
8160348242,1149442150555266,Chroma,935348,2390,0.013,2025-11-13T03:18:25.671+00:00,2026-10-06T20:21:17Z
2682938349,2124846195,Reach Mainland,20616792,4708,0.059,2021-10-19T00:08:16.093+00:00,2026-10-06T20:21:17Z
2682938349,2124846197,Reach RP Island,3887544,537,0.007,2021-10-19T00:08:32.1+00:00,2026-10-06T20:21:17Z
2682938349,2124846198,Reach Blizzard Island,4062159,1179,0.015,2021-10-19T00:09:06.043+00:00,2026-10-06T20:21:17Z
2682938349,2124846200,Reach Forest Island,2222219,744,0.009,2021-10-19T00:09:26.4+00:00,2026-10-06T20:21:17Z
2682938349,2124846201,Reach Desert Island,1224437,609,0.008,2021-10-19T00:10:05.863+00:00,2026-10-06T20:21:17Z
2682938349,2124846203,Reach Mountain Island,727512,415,0.005,2021-10-19T00:10:19.267+00:00,2026-10-06T20:21:17Z
2682938349,2124846204,Reach Jungle Island,494498,334,0.004,2021-10-19T00:10:34.73+00:00,2026-10-06T20:21:17Z
2682938349,2124846205,Reach Lunar Islands,357121,241,0.003,2021-10-19T00:11:08.627+00:00,2026-10-06T20:21:17Z
2682938349,2124846209,Harvesting Stuff,22372440,1804,0.023,2021-10-19T00:14:27.633+00:00,2026-10-06T20:21:17Z
2682938349,2124846210,Nuts For Coconuts,5779099,888,0.011,2021-10-19T00:14:51.303+00:00,2026-10-06T20:21:17Z
2682938349,2124846211,Snowball Fight,554650,94,0.001,2021-10-19T00:15:26.61+00:00,2026-10-06T20:21:17Z
2682938349,2124846213,Level 5,8559497,2472,0.031,2021-10-19T00:15:49.583+00:00,2026-10-06T20:21:17Z
2682938349,2124846214,Level 25,2577677,995,0.012,2021-10-19T00:15:58.507+00:00,2026-10-06T20:21:17Z
2682938349,2124846215,Level 50,1686450,777,0.01,2021-10-19T00:16:06.877+00:00,2026-10-06T20:21:17Z
2682938349,2124846216,Level 100,1085756,531,0.007,2021-10-19T00:16:39.393+00:00,2026-10-06T20:21:17Z
2682938349,2124846217,Level 250,574221,369,0.005,2021-10-19T00:16:50.113+00:00,2026-10-06T20:21:17Z
2682938349,2124846218,Level 500,317314,274,0.003,2021-10-19T00:16:58.067+00:00,2026-10-06T20:21:17Z
2682938349,2124846219,5 Quest Points,1400206,211,0.003,2021-10-19T00:17:08.017+00:00,2026-10-06T20:21:17Z
2682938349,2124846220,25 Quest Points,586446,96,0.001,2021-10-19T00:17:18.203+00:00,2026-10-06T20:21:17Z
2682938349,2124846221,50 Quest Points,385900,57,0.001,2021-10-19T00:17:26.85+00:00,2026-10-06T20:21:17Z
2682938349,2124846222,100 Quest Points,212440,30,0.0,2021-10-19T00:17:38.513+00:00,2026-10-06T20:21:17Z
2682938349,2124846224,250 Quest Points,64677,10,0.0,2021-10-19T00:17:48.343+00:00,2026-10-06T20:21:17Z
2682938349,2124846555,Snowman Island's Corncob Nose,908917,286,0.004,2021-10-19T18:59:50.29+00:00,2026-10-06T20:21:17Z
2682938349,2124846556,Top of the Mountain,438643,197,0.002,2021-10-19T19:00:45.087+00:00,2026-10-06T20:21:17Z
2682938349,2124847263,Cross Country Race,598889,0,0.0,2021-10-21T01:42:11.027+00:00,2026-10-06T20:21:17Z
2682938349,2124847264,At the Barn,1979996,208,0.003,2021-10-21T01:42:32.577+00:00,2026-10-06T20:21:17Z
2682938349,2124847265,Behind the Waterfall,288778,166,0.002,2021-10-21T01:43:00.67+00:00,2026-10-06T20:21:17Z
2682938349,2124847266,Blasting Off,371058,168,0.002,2021-10-21T01:43:27.033+00:00,2026-10-06T20:21:17Z
2682938349,2124847268,Crafting Stuff,17628554,1031,0.013,2021-10-21T01:43:46.04+00:00,2026-10-06T20:21:17Z
2682938349,2124847282,Under the Sphinx,742708,235,0.003,2021-10-21T02:31:56.833+00:00,2026-10-06T20:21:17Z
2682938349,2124848557,Welcome!,38099695,7885,0.098,2021-10-23T20:47:35.83+00:00,2026-10-06T20:21:17Z
2682938349,2124849386,Ride a Horse,26756902,6614,0.083,2021-10-24T22:58:10.077+00:00,2026-10-06T20:21:17Z
2682938349,2124862418,Wear Tack,10596679,2114,0.026,2021-11-18T21:28:06.823+00:00,2026-10-06T20:21:17Z
2682938349,2124881520,Alien Lounge,197584,38,0.0,2021-12-17T05:38:40.347+00:00,2026-10-06T20:21:17Z
2682938349,2124884680,Race Complete!,4742379,497,0.006,2021-12-21T21:40:56.117+00:00,2026-10-06T20:21:17Z
2682938349,2124887496,Take Care of Your Horse,10720720,2250,0.028,2021-12-24T21:20:12.48+00:00,2026-10-06T20:21:17Z
2682938349,2124896690,Hair Stylist,1493198,444,0.006,2021-12-30T21:33:45.467+00:00,2026-10-06T20:21:17Z
2682938349,2124911400,500 Quest Points,19190,3,0.0,2022-01-16T23:58:56.51+00:00,2026-10-06T20:21:17Z
2682938349,2124911401,"1,000 Quest Points",4962,3,0.0,2022-01-16T23:59:08.863+00:00,2026-10-06T20:21:17Z
2682938349,2124911402,"2,500 Quest Points",829,0,0.0,2022-01-16T23:59:21.793+00:00,2026-10-06T20:21:17Z
2682938349,2124911406,25 Races,472554,159,0.002,2022-01-17T00:03:10.627+00:00,2026-10-06T20:21:17Z
2682938349,2124911407,50 Races,269564,113,0.001,2022-01-17T00:03:21.453+00:00,2026-10-06T20:21:17Z
2682938349,2124911408,100 Races,133666,86,0.001,2022-01-17T00:03:31.093+00:00,2026-10-06T20:21:17Z
2682938349,2124911413,50 Wild Horses Caught,1343355,749,0.009,2022-01-17T00:09:44.203+00:00,2026-10-06T20:21:17Z
2682938349,2124911414,100 Wild Horses Caught,945999,597,0.007,2022-01-17T00:10:05.98+00:00,2026-10-06T20:21:17Z
2682938349,2124911417,250 Wild Horses Caught,568819,433,0.005,2022-01-17T00:10:21.297+00:00,2026-10-06T20:21:17Z
2682938349,2124911418,"1,000 Wild Horses Caught",201805,243,0.003,2022-01-17T00:10:35.807+00:00,2026-10-06T20:21:17Z
2682938349,2124914752,Wild Leopard Appaloosa,253894,194,0.002,2022-01-21T19:47:04.273+00:00,2026-10-06T20:21:17Z
2682938349,2124914754,Wild Buckskin Sabino Paint,231517,138,0.002,2022-01-21T19:47:56.923+00:00,2026-10-06T20:21:17Z
2682938349,2124914755,Wild Red Roan Appaloosa,230331,204,0.003,2022-01-21T19:48:14.043+00:00,2026-10-06T20:21:17Z
2682938349,2124914756,Wild Grey Appaloosa,142981,166,0.002,2022-01-21T19:48:28.07+00:00,2026-10-06T20:21:17Z
2682938349,2124914757,Wild Palomino Tobiano Paint,150965,183,0.002,2022-01-21T19:48:42.737+00:00,2026-10-06T20:21:17Z
2682938349,2124914759,Wild Grey Paint,108590,125,0.002,2022-01-21T19:48:55.793+00:00,2026-10-06T20:21:17Z
2682938349,2125309005,Wild Horse Herd,3012283,1076,0.013,2022-03-10T01:55:57.133+00:00,2026-10-06T20:21:17Z
2682938349,2125851891,Customize Your Barn,986462,292,0.004,2022-04-08T17:37:02.897+00:00,2026-10-06T20:21:17Z
2682938349,2125851914,Change Riding Area,815379,192,0.002,2022-04-08T17:40:45.03+00:00,2026-10-06T20:21:17Z
2682938349,2125851921,In A Stall,2595927,678,0.008,2022-04-08T17:41:34.843+00:00,2026-10-06T20:21:17Z
2682938349,2125851927,In The Pasture,2549731,657,0.008,2022-04-08T17:41:55.467+00:00,2026-10-06T20:21:17Z
2682938349,2125851992,Visit Stable Island,4737428,1279,0.016,2022-04-08T17:48:48.433+00:00,2026-10-06T20:21:17Z
2682938349,2126039963,First Time Farmer,1136345,307,0.004,2022-04-21T22:47:57.403+00:00,2026-10-06T20:21:17Z
2682938349,2126039970,Intermediate Farmer,223005,109,0.001,2022-04-21T22:49:10.82+00:00,2026-10-06T20:21:17Z
2682938349,2126039972,Expert Farmer,44435,30,0.0,2022-04-21T22:49:25.577+00:00,2026-10-06T20:21:17Z
2682938349,2126039975,Master Farmer,9459,8,0.0,2022-04-21T22:49:37.003+00:00,2026-10-06T20:21:17Z
2682938349,2126307577,Your First Foal,2126904,609,0.008,2022-05-11T19:52:55.927+00:00,2026-10-06T20:21:17Z
2682938349,2126307579,25 Foals,521088,168,0.002,2022-05-11T19:53:11.58+00:00,2026-10-06T20:21:17Z
2682938349,2126307582,50 Foals,350941,102,0.001,2022-05-11T19:53:21.463+00:00,2026-10-06T20:21:17Z
2682938349,2126307586,100 Foals,211281,71,0.001,2022-05-11T19:53:32.62+00:00,2026-10-06T20:21:17Z
2682938349,2126681630,Castle Hill,1132867,520,0.006,2022-06-03T00:12:01.017+00:00,2026-10-06T20:21:17Z
2682938349,2126681646,Pearl Andalusian,167356,202,0.003,2022-06-03T00:12:51.87+00:00,2026-10-06T20:21:17Z
2682938349,2126681654,Reach Royal Island,1368848,737,0.009,2022-06-03T00:13:21.027+00:00,2026-10-06T20:21:17Z
2682938349,2126686546,Royal Quarry,928960,202,0.003,2022-06-03T02:33:19.39+00:00,2026-10-06T20:21:17Z
2682938349,2126686548,Stalagmite Hopper,9277,1,0.0,2022-06-03T02:33:33.017+00:00,2026-10-06T20:21:17Z
2682938349,2127192842,Bay Roan Quarter Horse,784911,343,0.004,2022-07-04T17:28:44.347+00:00,2026-10-06T20:21:17Z
2682938349,2127686357,Pull a Vehicle,1260132,817,0.01,2022-07-28T22:34:14.597+00:00,2026-10-06T20:21:17Z
2682938349,2128514224,Visit Volcano Island,294630,203,0.003,2022-09-12T21:41:17.457+00:00,2026-10-06T20:21:17Z
2682938349,2128525490,Into The Volcano,119289,35,0.0,2022-09-13T02:44:39.52+00:00,2026-10-06T20:21:17Z
2682938349,2128529236,Black Percheron,72111,87,0.001,2022-09-13T18:47:00.543+00:00,2026-10-06T20:21:17Z
2682938349,2128553339,"Up, Up And Away!",62650,12,0.0,2022-09-15T01:42:58.86+00:00,2026-10-06T20:21:17Z
2682938349,2146613226,Wild Golden Buckskin Akhal-Teke,100028,103,0.001,2023-06-02T22:59:30.053+00:00,2026-10-06T20:21:17Z
6635513269,281184043443982,Chapter 1 Completed,2255441,148679,0.67,2026-08-15T10:17:26.063+00:00,2026-10-06T20:21:17Z
6635513269,1061426809281293,Another Victim...,225411,14013,0.063,2026-08-15T10:18:44.876+00:00,2026-10-06T20:21:17Z
6635513269,2206339725048391,Clocks Ticking,34244,1643,0.007,2026-08-15T10:20:00.737+00:00,2026-10-06T20:21:17Z
6635513269,3040055198191438,"Mischievous, not really",290734,20148,0.091,2026-08-15T11:18:01.012+00:00,2026-10-06T20:21:17Z
6635513269,3554671799939380,Almost as big as Steak,256136,18079,0.081,2026-08-17T18:17:39.092+00:00,2026-10-06T20:21:17Z
6635513269,1960499570017266,"""Steak and chill""",124726,8113,0.037,2026-08-18T05:07:35.189+00:00,2026-10-06T20:21:17Z
6635513269,3423066975287364,UwU,323596,29731,0.134,2026-09-16T22:21:31.891+00:00,2026-10-06T20:21:17Z
6635513269,1722960381259410,Chapter 2 Completed,674023,60187,0.271,2026-09-25T02:43:03.238+00:00,2026-10-06T20:21:17Z
6635513269,1290329926682111,Victim of a Another.,548490,47339,0.213,2026-09-25T02:39:43.875+00:00,2026-10-06T20:21:17Z
6635513269,1845833926211135,I'm so excited.,22343,1971,0.009,2026-09-13T20:12:11.991+00:00,2026-10-06T20:21:17Z
6635513269,43758715935864,Get Pranked...,86752,7014,0.032,2026-09-13T20:12:28.214+00:00,2026-10-06T20:21:17Z
6635513269,1049600716994766,Thank you pal.,1378146,119230,0.537,2026-09-25T02:50:07.291+00:00,2026-10-06T20:21:17Z
6635513269,48254786578346,Dont Mess With Me.,193752,17407,0.078,2026-09-13T20:12:43.412+00:00,2026-10-06T20:21:17Z
6635513269,2184473447453409,Sealed,39626,3336,0.015,2026-09-13T20:13:18.466+00:00,2026-10-06T20:21:17Z
6635513269,3965664379116926,Aww so cute.,1203344,102973,0.464,2026-09-26T12:39:08.953+00:00,2026-10-06T20:21:17Z
6635513269,629362573617696,Best Friend.,27299,2212,0.01,2026-09-26T01:15:11.005+00:00,2026-10-06T20:21:17Z
6635513269,1213855775728898,Lost,418533,34548,0.156,2026-09-26T19:45:43.583+00:00,2026-10-06T20:21:17Z
6635513269,3152909700750489,Insane,1054734,94709,0.427,2026-09-26T19:46:37.9+00:00,2026-10-06T20:21:17Z
9098570654,3922882769515398,Reach Day 5,23752130,26807,0.306,2026-02-07T22:22:48.284+00:00,2026-10-06T20:21:17Z
9098570654,3812895928936573,Reach Day 10,16443483,19484,0.223,2026-02-07T22:23:01.045+00:00,2026-10-06T20:21:17Z
9098570654,124950019789116,Reach Day 25,8921955,10200,0.117,2026-02-07T22:23:11.367+00:00,2026-10-06T20:21:17Z
9098570654,143107494620400,Reach Day 50,4378103,4534,0.052,2026-02-07T22:23:20.793+00:00,2026-10-06T20:21:17Z
9098570654,481816963559019,Reach Day 100,1916103,1925,0.022,2026-02-07T22:23:29.936+00:00,2026-10-06T20:21:17Z
9098570654,552105206593032,Reach Day 250,267558,255,0.003,2026-02-07T22:47:16.07+00:00,2026-10-06T20:21:17Z
9098570654,3256490808861621,Reach Day 500,44545,49,0.001,2026-02-07T22:47:29.926+00:00,2026-10-06T20:21:17Z
9098570654,442658819413459,Fueler I,28473288,32204,0.368,2026-02-07T23:30:15.843+00:00,2026-10-06T20:21:17Z
9098570654,1233724781106678,Fueler II,17556440,21827,0.249,2026-02-07T23:30:29.014+00:00,2026-10-06T20:21:17Z
9098570654,625475909136863,Fueler III,6603182,8074,0.092,2026-02-07T23:30:40.978+00:00,2026-10-06T20:21:17Z
9098570654,1905789313233433,Fueler IV,1925204,1894,0.022,2026-02-07T23:30:53.861+00:00,2026-10-06T20:21:17Z
9098570654,3773255544939588,Crafting Master,6959133,8135,0.093,2026-02-07T23:36:28.904+00:00,2026-10-06T20:21:17Z
9098570654,4370724830599180,Savior,10702809,11256,0.129,2026-02-07T23:37:02.387+00:00,2026-10-06T20:21:17Z
9098570654,3033879365230657,Masked Up,4544370,7154,0.082,2026-02-07T23:37:44.84+00:00,2026-10-06T20:21:17Z
9098570654,1097802923836027,Giantslayer,3424465,4663,0.053,2026-02-07T23:38:24.573+00:00,2026-10-06T20:21:17Z
9098570654,4242869369303786,Escape,1005859,1100,0.013,2026-02-14T20:42:35.331+00:00,2026-10-06T20:21:17Z
9098570654,2374049546464983,Soloist,160201,115,0.001,2026-02-14T20:43:41.545+00:00,2026-10-06T20:21:17Z
9098570654,3003577043628775,Restoring Power,3528215,4301,0.049,2026-02-17T01:46:27.291+00:00,2026-10-06T20:21:17Z
9098570654,1743354908438158,Signal Detected,2541775,3091,0.035,2026-02-17T01:47:05.322+00:00,2026-10-06T20:21:17Z
9098570654,303625480568033,Slayer I,9791938,12535,0.143,2026-02-17T18:28:24.573+00:00,2026-10-06T20:21:17Z
9098570654,3364219724844286,Slayer II,2111118,2454,0.028,2026-02-17T18:28:48.147+00:00,2026-10-06T20:21:17Z
9098570654,706264555557591,Slayer III,189454,239,0.003,2026-02-17T18:29:14.902+00:00,2026-10-06T20:21:17Z
9098570654,2903122699959214,Teaming Up,3814161,4046,0.046,2026-03-22T00:38:29.183+00:00,2026-10-06T20:21:17Z
9098570654,1773100318284500,Decontamination,1345763,1870,0.021,2026-03-23T04:28:59.702+00:00,2026-10-06T20:21:17Z
10767582899,133120600854106,Welcome!,0,0,0.0,2026-10-06T19:54:46.505+00:00,2026-10-06T20:21:17Z
9490116046,368858269474017,Welcome to the game!,48987751,136741,1.0,2026-01-02T17:57:17.975+00:00,2026-10-06T20:21:17Z
9490116046,3625153925072707,5 Minutes Played,35164745,102666,0.799,2026-01-02T17:57:34.251+00:00,2026-10-06T20:21:17Z
9490116046,1465113716734474,15 Minutes Played,21787641,64932,0.505,2026-01-02T17:57:59.719+00:00,2026-10-06T20:21:17Z
9490116046,3658420562653809,30 Minutes Played,10107839,30576,0.238,2026-01-02T17:58:27.368+00:00,2026-10-06T20:21:17Z
9490116046,1130499329577998,60 Minutes Played,2243877,6761,0.053,2026-01-02T17:58:43.805+00:00,2026-10-06T20:21:17Z
9490116046,2431869930587549,You met Ruv!,1724,0,0.0,2026-01-03T04:59:05.357+00:00,2026-10-06T20:21:17Z
9490116046,2885404161495291,Jump [HARD],42842352,123082,0.957,2026-01-03T05:00:53.273+00:00,2026-10-06T20:21:17Z
9490116046,3645673637889259,500 Blocks Placed,11694601,34437,0.268,2026-01-03T05:01:49.566+00:00,2026-10-06T20:21:17Z
9490116046,3968876271780376,2000 Blocks Placed,437231,1273,0.01,2026-01-03T05:04:08.606+00:00,2026-10-06T20:21:17Z
9490116046,4232362361816265,Create a Map,340552,1174,0.009,2026-01-03T05:05:19.207+00:00,2026-10-06T20:21:17Z
9490116046,3007886550173718,Create 5 Maps,7287,27,0.0,2026-01-12T22:30:27.684+00:00,2026-10-06T20:21:17Z
9490116046,2215460002211076,Into the Nether,0,0,0.0,2026-01-24T18:33:40.414+00:00,2026-10-06T20:21:17Z
6749060816,2819460169789717,WELCOME,22458851,0,0.0,2024-11-04T08:31:21.407+00:00,2026-10-06T20:21:17Z
6749060816,3206156334618290,THE KEEPERS OF THE GATE,2884268,3265,0.029,2024-11-04T08:31:55.859+00:00,2026-10-06T20:21:17Z
6749060816,1610514481241652,OOPS,4322876,4171,0.037,2024-11-04T08:32:34.763+00:00,2026-10-06T20:21:17Z
6749060816,246505716812871,AN ACT OF SECRECY,2194303,2589,0.023,2024-11-04T08:33:04.556+00:00,2026-10-06T20:21:17Z
6749060816,2765546872722908,I DON'T FEEL SO GOOD,3986657,4049,0.036,2024-11-04T08:36:35.094+00:00,2026-10-06T20:21:17Z
6749060816,252028424270094,THE BOX,15947015,11786,0.105,2024-11-04T08:37:01.292+00:00,2026-10-06T20:21:17Z
6749060816,814132516080275,MEDICAL TRAINING,449726,1381,0.012,2025-10-07T23:19:48.388+00:00,2026-10-06T20:21:17Z
6749060816,976443603258887,TIMELINE INSTABILITY,952299,1291,0.012,2026-03-06T12:11:40.9+00:00,2026-10-06T20:21:17Z
6749060816,23210758562658,Professional,31320,161,0.001,2026-09-11T18:40:19.351+00:00,2026-10-06T20:21:17Z
6749060816,1173233455201440,Remember Rule 1,47948,1232,0.011,2026-09-11T18:42:11.948+00:00,2026-10-06T20:21:17Z
6749060816,4349405675860460,Murderer,858055,18830,0.168,2026-09-11T18:43:01.591+00:00,2026-10-06T20:21:17Z
6749060816,4253790915677544,Escape Artist,106732,2648,0.024,2026-09-11T18:48:15.032+00:00,2026-10-06T20:21:17Z
6749060816,1466533594599623,How could you?,303579,6086,0.054,2026-09-11T18:49:45.266+00:00,2026-10-06T20:21:17Z
6749060816,1314976114545786,Freshly Retired,114180,903,0.008,2026-09-11T20:19:52.073+00:00,2026-10-06T20:21:17Z
6749060816,4469426865129578,Survivor,47867,1167,0.01,2026-09-11T20:20:43.368+00:00,2026-10-06T20:21:17Z
6749060816,371170932723054,Heavily Armed,13922,291,0.003,2026-09-11T20:21:24.233+00:00,2026-10-06T20:21:17Z
6749060816,4322876058448962,I wonder what this does...,24419,711,0.006,2026-09-18T17:40:29.441+00:00,2026-10-06T20:21:17Z
6749060816,2403124120593454,Isotope-235,60247,2106,0.019,2026-09-18T17:41:14.914+00:00,2026-10-06T20:21:17Z
6749060816,2881120598996162,They'll never see this coming...,313116,10430,0.093,2026-09-18T17:42:00.373+00:00,2026-10-06T20:21:17Z
6749060816,3194412776304644,Is it over yet?,800729,22337,0.199,2026-09-18T17:43:07.805+00:00,2026-10-06T20:21:17Z
6749060816,3679098129623128,Mad Scientist,44507,1264,0.011,2026-09-18T17:44:46.595+00:00,2026-10-06T20:21:17Z
6749060816,3286215375204966,Fragmented Survivor,2798,149,0.001,2026-09-18T17:45:50.554+00:00,2026-10-06T20:21:17Z
6749060816,1107606191144036,Vault Breaker,34266,1448,0.013,2026-09-25T18:17:23.424+00:00,2026-10-06T20:21:17Z
6749060816,1495616083205035,This game has guns?,14141,0,0.0,2026-09-25T18:18:12.661+00:00,2026-10-06T20:21:17Z
8401518398,3697449775939568,You played Obby But You're on a Scooter!,56848994,302809,1.0,2025-11-19T03:49:03.946+00:00,2026-10-06T20:21:17Z
8401518398,2321096236764121,Completed World 1!,27100569,183210,0.972,2025-11-19T03:49:28.725+00:00,2026-10-06T20:21:17Z
8401518398,3793963025035642,Completed World 2!,13002355,111083,0.589,2025-12-28T09:03:42.147+00:00,2026-10-06T20:21:17Z
8401518398,3138903776782007,Completed World 3!,8318692,77365,0.41,2026-01-03T03:19:13.423+00:00,2026-10-06T20:21:17Z
8401518398,3803218223765331,Completed World 4!,5394157,53822,0.286,2026-01-24T23:22:15.351+00:00,2026-10-06T20:21:17Z
8401518398,1960289158762098,Completed World 5!,3606691,37565,0.199,2026-02-02T00:30:58.795+00:00,2026-10-06T20:21:17Z
8401518398,3317746236723405,Completed World 6,2636955,27765,0.147,2026-02-07T14:41:35.66+00:00,2026-10-06T20:21:17Z
8401518398,1382415173121079,Completed World 7,2027370,21371,0.113,2026-02-14T14:50:28.427+00:00,2026-10-06T20:21:17Z
8401518398,367885241806505,Completed World 8!,1567543,16654,0.088,2026-02-21T14:17:49.06+00:00,2026-10-06T20:21:17Z
8401518398,4245176030517529,Completed World 9,1222150,13448,0.071,2026-02-28T14:41:12.372+00:00,2026-10-06T20:21:17Z
8401518398,575677178448113,Completed World 10,971572,10653,0.057,2026-03-07T12:39:47.897+00:00,2026-10-06T20:21:17Z
8401518398,3261831080681752,Completed World 11,800460,8745,0.046,2026-03-14T13:50:01.167+00:00,2026-10-06T20:21:17Z
8401518398,809841843806721,Completed World 12,642050,7063,0.037,2026-03-22T14:46:07.938+00:00,2026-10-06T20:21:17Z
8401518398,4209575320947293,Completed World 13,567038,6355,0.034,2026-03-28T11:45:16.739+00:00,2026-10-06T20:21:17Z
8401518398,2696245973586629,Completed World 14,510187,5704,0.03,2026-04-04T14:27:13.365+00:00,2026-10-06T20:21:17Z
8401518398,2743515369687152,Completed World 15,443613,4942,0.026,2026-04-12T14:02:23.484+00:00,2026-10-06T20:21:17Z
8401518398,2737075786661948,Completed World 16,351019,3924,0.021,2026-04-19T18:27:46.476+00:00,2026-10-06T20:21:17Z
8401518398,3605650527434689,Completed World 17!,293938,3353,0.018,2026-04-25T18:47:07.837+00:00,2026-10-06T20:21:17Z
8401518398,436142330355558,Completed Valentines World,1111479,4679,0.025,2026-02-14T14:52:18.538+00:00,2026-10-06T20:21:17Z
8401518398,3208327956484657,Completed World 18!,251991,2914,0.015,2026-05-02T17:46:16.624+00:00,2026-10-06T20:21:17Z
8401518398,489381003569258,Completed World 19!,222838,2573,0.014,2026-05-11T00:19:57.666+00:00,2026-10-06T20:21:17Z
8401518398,795144400411959,Completed World 20!,205071,2337,0.012,2026-05-16T16:54:05.1+00:00,2026-10-06T20:21:17Z
8401518398,1511725923398289,Completed World 21!,181610,2129,0.011,2026-05-23T20:06:26.595+00:00,2026-10-06T20:21:17Z
8401518398,810178346246129,Completed World 22!,168922,2019,0.011,2026-05-31T21:20:28.821+00:00,2026-10-06T20:21:17Z
8401518398,2226893113278540,Completed World 23!,156541,1855,0.01,2026-06-06T21:36:10.987+00:00,2026-10-06T20:21:17Z
8401518398,3649392295992111,Completed World 24!,141899,1660,0.009,2026-06-13T21:50:11.893+00:00,2026-10-06T20:21:17Z
8401518398,1602299778874380,Completed World 25!,131100,1509,0.008,2026-06-20T12:32:37.944+00:00,2026-10-06T20:21:17Z
8401518398,389110995853338,Completed Summer World!,712264,9587,0.051,2026-06-20T17:51:11.543+00:00,2026-10-06T20:21:17Z
8401518398,798820744612789,Completed World 26!,121947,1468,0.008,2026-06-27T22:56:25.323+00:00,2026-10-06T20:21:17Z
8401518398,3952362211376748,Completed World 27!,114369,1413,0.007,2026-07-04T06:54:50.633+00:00,2026-10-06T20:21:17Z
8401518398,4070709484382990,Completed World 28!,106378,1372,0.007,2026-07-11T03:47:21.357+00:00,2026-10-06T20:21:17Z
8401518398,117894539430497,Completed World 29!,99253,1310,0.007,2026-07-18T06:32:49.902+00:00,2026-10-06T20:21:17Z
8401518398,4026247228236466,Completed World 30!,90730,1245,0.007,2026-07-21T08:18:41.439+00:00,2026-10-06T20:21:17Z
8401518398,4455985409822151,Completed World 31!,82740,1219,0.006,2026-07-31T21:50:15.108+00:00,2026-10-06T20:21:17Z
8401518398,2480938124131398,Completed World 32!,72223,1169,0.006,2026-08-07T11:20:48.923+00:00,2026-10-06T20:21:17Z
8401518398,3437244558520440,Completed World 33!,64362,1112,0.006,2026-08-15T11:20:43.175+00:00,2026-10-06T20:21:17Z
8401518398,1348706735556200,Completed World 34!,54797,1111,0.006,2026-08-20T21:15:39.525+00:00,2026-10-06T20:21:17Z
8401518398,720221204348557,Completed World 35!,45358,1104,0.006,2026-08-24T21:08:28.445+00:00,2026-10-06T20:21:17Z
8401518398,2672359074796229,Completed World 36!,37237,1076,0.006,2026-09-05T03:11:50.478+00:00,2026-10-06T20:21:17Z
8401518398,1333026506373377,Completed World 37!,30269,1072,0.006,2026-09-11T21:51:07.898+00:00,2026-10-06T20:21:17Z
8401518398,3609921300643755,Completed World 38!,22515,1109,0.006,2026-09-19T16:50:54.633+00:00,2026-10-06T20:21:17Z
8401518398,3441815491147845,Completed World 39!,15195,1252,0.007,2026-09-25T03:18:00.804+00:00,2026-10-06T20:21:17Z
8401518398,1108897287047768,Completed World 40!,6281,1507,0.008,2026-10-02T09:18:19.285+00:00,2026-10-06T20:21:17Z
9296252245,1260334116385772,WELCOME,76868959,240606,1.0,2025-12-14T12:41:18.07+00:00,2026-10-06T20:21:17Z
4924789901,1901828197065881,18+ Verified,6805465,15244,0.24,2026-01-08T01:05:15.637+00:00,2026-10-06T20:21:17Z
7629331599,3464709398420729,New Prospector,36572418,65475,0.931,2025-07-05T16:27:54.888+00:00,2026-10-06T20:21:17Z
7629331599,2654463428534602,Common Find,18239298,60830,0.865,2025-08-30T04:57:27.101+00:00,2026-10-06T20:21:17Z
7629331599,2820088877696530,Uncommon Find,13238358,39231,0.558,2025-08-30T04:58:11.871+00:00,2026-10-06T20:21:17Z
7629331599,4397838612131040,Rare Find,9184330,22824,0.325,2025-08-30T04:58:33.09+00:00,2026-10-06T20:21:17Z
7629331599,1042247849838801,Epic Find,5451933,10949,0.156,2025-08-30T04:58:55.288+00:00,2026-10-06T20:21:17Z
7629331599,872653031344373,Legendary Find,2910719,5114,0.073,2025-08-30T04:59:33.867+00:00,2026-10-06T20:21:17Z
7629331599,2842427147898696,Mythical Find,1111515,2010,0.029,2025-08-30T04:59:54.514+00:00,2026-10-06T20:21:17Z
7629331599,3207834175513536,Exotic Find,301912,461,0.007,2025-08-30T05:00:13.565+00:00,2026-10-06T20:21:17Z
4342047058,2135317030,Old Yeller,1256245,1043,0.007,2023-01-31T06:58:33.643+00:00,2026-10-06T20:21:17Z
4342047058,2135317177,Cold Front,1784804,1271,0.009,2023-01-31T06:58:56.22+00:00,2026-10-06T20:21:17Z
4342047058,2141000564,Explosive Retreat,2116238,1765,0.013,2023-02-13T09:40:12.687+00:00,2026-10-06T20:21:17Z
4342047058,2141168889,Slight Miscalculation,1629945,1166,0.008,2023-02-16T21:49:41.037+00:00,2026-10-06T20:21:17Z
4342047058,2145539312,Recruited by The Empire of the Dead,3327897,1897,0.013,2023-05-11T19:16:23.723+00:00,2026-10-06T20:21:17Z
4342047058,2145540410,Deliverance from the Catacombs,1896020,1378,0.01,2023-05-11T20:08:02.25+00:00,2026-10-06T20:21:17Z
4342047058,2149492872,Soldats de ma Vieille Garde,313275,379,0.003,2023-07-31T23:28:09.467+00:00,2026-10-06T20:21:17Z
4342047058,2149670646,Forlorn Hope,1511098,1304,0.009,2023-08-03T21:21:56.55+00:00,2026-10-06T20:21:17Z
4342047058,2149861668,Vos Enterrement,1266364,963,0.007,2023-08-07T00:52:47.183+00:00,2026-10-06T20:21:17Z
4342047058,2150105222,GIVE 'EM STEEL,847646,1511,0.011,2023-08-11T02:19:04.577+00:00,2026-10-06T20:21:17Z
4342047058,2150105286,"NO, FREDERICK!",1214888,1388,0.01,2023-08-11T02:21:20.247+00:00,2026-10-06T20:21:17Z
4342047058,2152744338,Soldier's Grace,912353,706,0.005,2023-10-02T09:19:58.317+00:00,2026-10-06T20:21:17Z
4342047058,2152744362,Glory to the Survivors,1700068,1676,0.012,2023-10-02T09:21:15.18+00:00,2026-10-06T20:21:17Z
4342047058,4067857183776782,Confederation of the Undead,1055053,1074,0.008,2023-12-22T08:54:42.785+00:00,2026-10-06T20:21:17Z
4342047058,4274021500128099,Beresinalied,816338,857,0.006,2024-04-03T06:15:26.865+00:00,2026-10-06T20:21:17Z
4342047058,3426925391633020,Dur à Cuire,1069017,1010,0.007,2024-04-06T08:15:43.969+00:00,2026-10-06T20:21:17Z
4342047058,4366647684892586,The Most Terrible Night,703386,794,0.006,2024-06-09T08:38:02.846+00:00,2026-10-06T20:21:17Z
4342047058,3440369202632995,Rule Britannia!,750034,794,0.006,2024-06-09T08:39:22.271+00:00,2026-10-06T20:21:17Z
4342047058,3353623664586041,If I Had a Brain,382448,412,0.003,2024-06-11T02:18:23.882+00:00,2026-10-06T20:21:17Z
4342047058,1019642655158068,Stop that useless noise!,1046758,894,0.006,2024-06-24T18:29:56.687+00:00,2026-10-06T20:21:17Z
4342047058,4216601446154650,Don't Give Up the Ship,604114,880,0.006,2024-12-19T20:47:51.138+00:00,2026-10-06T20:21:17Z
4342047058,912959112985644,Search and Rescue,667442,900,0.006,2024-12-19T20:48:05.588+00:00,2026-10-06T20:21:17Z
4342047058,552247404714065,"Rejoice, St. Petersburg!",192204,332,0.002,2025-04-16T21:26:35.092+00:00,2026-10-06T20:21:17Z
4342047058,560165148104357,No Match for a Flintlock,946299,1132,0.008,2025-04-25T05:18:57.231+00:00,2026-10-06T20:21:17Z
4342047058,2937270697854851,The Great Wen,760820,1321,0.009,2025-10-21T17:02:23.093+00:00,2026-10-06T20:21:17Z
4342047058,726411406404738,How Stands The Bridge Around,627439,1083,0.008,2025-10-21T17:05:34.932+00:00,2026-10-06T20:21:17Z
4342047058,462586937999636,Madcaps of London,396476,787,0.006,2025-10-22T22:53:09.082+00:00,2026-10-06T20:21:17Z
4342047058,1686528706846998,Save the Colour!,977309,1636,0.012,2025-10-23T00:00:06.151+00:00,2026-10-06T20:21:17Z
4342047058,4017087068196592,Forged In Fire,252256,927,0.007,2026-06-08T05:44:39.321+00:00,2026-10-06T20:21:17Z
4342047058,3935445535225344,Counter-Battery Fire,196990,683,0.005,2026-06-08T06:18:37.226+00:00,2026-10-06T20:21:17Z
4342047058,3130012464132555,Dead of Night,89974,291,0.002,2026-06-23T02:56:58.229+00:00,2026-10-06T20:21:17Z
4342047058,3596078148015489,Every Man's Duty,153207,650,0.005,2026-06-23T02:57:11.863+00:00,2026-10-06T20:21:17Z
8307114974,1876126257655612,Played Operation One,12652593,17774,0.074,2025-09-22T07:36:58.234+00:00,2026-10-06T20:21:17Z
8813969120,3462777930494774,Top 10 Racer,174,29,0.0,2026-09-26T18:55:34.369+00:00,2026-10-06T20:21:17Z
8813969120,1653534378208824,Elite Across Three,11,9,0.0,2026-09-26T18:56:19.562+00:00,2026-10-06T20:21:17Z
8813969120,3388021905823802,World Record Holder,23,13,0.0,2026-09-26T18:55:56.064+00:00,2026-10-06T20:21:17Z
8813969120,2863641210547051,World Record Triple,1,1,0.0,2026-09-26T18:56:41.078+00:00,2026-10-06T20:21:17Z
8813969120,3042533761847417,Garage Value I,168107,13830,0.089,2026-09-26T18:30:02.855+00:00,2026-10-06T20:21:17Z
8813969120,1254627459476699,Garage Value II,26308,1956,0.013,2026-09-26T18:30:41.99+00:00,2026-10-06T20:21:17Z
8813969120,2179509152296188,Garage Value III,2518,134,0.001,2026-09-26T18:31:05.608+00:00,2026-10-06T20:21:17Z
8813969120,3102363822532420,Garage Value IV,407,37,0.0,2026-09-26T18:31:38.119+00:00,2026-10-06T20:21:17Z
8813969120,4472686589850669,Garage Value V,105,7,0.0,2026-09-26T18:32:07.831+00:00,2026-10-06T20:21:17Z
8813969120,1467461250005820,Garage Value VI,15,0,0.0,2026-09-26T18:33:07.273+00:00,2026-10-06T20:21:17Z
8813969120,1655713581861416,Garage Value VII,4,0,0.0,2026-09-26T18:33:35.406+00:00,2026-10-06T20:21:17Z
8813969120,2641354192426318,Garage Value VIII,0,0,0.0,2026-09-26T18:33:59.388+00:00,2026-10-06T20:21:17Z
8813969120,3189238051474146,Millionaire,30521,4543,0.029,2026-09-26T18:34:46.839+00:00,2026-10-06T20:21:17Z
8813969120,213617279859293,Cash Reserve III,2549,336,0.002,2026-09-26T18:35:14.64+00:00,2026-10-06T20:21:17Z
8813969120,241505882017946,Cash Reserve IV,330,82,0.001,2026-09-26T18:36:07.068+00:00,2026-10-06T20:21:17Z
8813969120,2191393652696020,Cash Reserve V,13,3,0.0,2026-09-26T18:36:29.556+00:00,2026-10-06T20:21:17Z
8813969120,456219245188556,Cash Reserve VI,1,0,0.0,2026-09-26T18:36:53.389+00:00,2026-10-06T20:21:17Z
8813969120,1334644420704310,Cash Reserve VII,0,0,0.0,2026-09-26T18:37:14.869+00:00,2026-10-06T20:21:17Z
8813969120,3985624553743866,Earned on the Road I,17902,3780,0.024,2026-09-26T18:39:24.064+00:00,2026-10-06T20:21:17Z
8813969120,1083718969782083,Earned on the Road II,196,89,0.001,2026-09-26T18:40:48.122+00:00,2026-10-06T20:21:17Z
8813969120,1723006679530034,Earned on the Road III,0,0,0.0,2026-09-26T18:41:06.714+00:00,2026-10-06T20:21:17Z
8813969120,3970953275608331,Earned on the Road IV,0,0,0.0,2026-09-26T18:41:30.696+00:00,2026-10-06T20:21:17Z
8813969120,3688818902351081,Earned on the Road V,0,0,0.0,2026-09-26T18:41:48.871+00:00,2026-10-06T20:21:17Z
8813969120,144422510120826,First Delivery,426299,34293,0.221,2026-09-26T18:42:52.477+00:00,2026-10-06T20:21:17Z
8813969120,649943309118719,Courier I,114924,11037,0.071,2026-09-26T18:44:50.26+00:00,2026-10-06T20:21:17Z
8813969120,1743741986395638,Courier II,20851,2856,0.018,2026-09-26T18:45:10.939+00:00,2026-10-06T20:21:17Z
8813969120,4256310627491948,Courier III,5291,828,0.005,2026-09-26T18:45:31.629+00:00,2026-10-06T20:21:17Z
8813969120,344636102233440,Courier IV,482,73,0.0,2026-09-26T18:46:17.354+00:00,2026-10-06T20:21:17Z
8813969120,1903627689237971,Courier V,90,22,0.0,2026-09-26T18:46:43.223+00:00,2026-10-06T20:21:17Z
8813969120,209669520054293,Courier VI,16,3,0.0,2026-09-26T18:47:04.486+00:00,2026-10-06T20:21:17Z
8813969120,2778327555422754,Courier VII,0,0,0.0,2026-09-26T18:47:25.292+00:00,2026-10-06T20:21:17Z
8813969120,58053705487089,Courier VIII,0,0,0.0,2026-09-26T18:47:46.556+00:00,2026-10-06T20:21:17Z
8813969120,3570403613648668,Reliable Courier,34452,3230,0.021,2026-09-26T18:48:30.267+00:00,2026-10-06T20:21:17Z
8813969120,4362444530504659,Handle with Care,1260,193,0.001,2026-09-26T18:48:52.145+00:00,2026-10-06T20:21:17Z
8813969120,1522465127418233,Long-Haul Specialist,7491,1182,0.008,2026-09-26T18:49:11.692+00:00,2026-10-06T20:21:17Z
8813969120,4261812680949763,First Finish,242966,49355,0.318,2026-09-26T18:49:58.325+00:00,2026-10-06T20:21:17Z
8813969120,1059053283159718,Race Finisher I,43336,15478,0.1,2026-09-26T18:50:21.851+00:00,2026-10-06T20:21:17Z
8813969120,509254841825758,Race Finisher II,11361,3898,0.025,2026-09-26T18:50:47.658+00:00,2026-10-06T20:21:17Z
8813969120,1813343508569106,Race Finisher III,792,157,0.001,2026-09-26T18:51:10.483+00:00,2026-10-06T20:21:17Z
8813969120,1919606456089291,Race Finisher IV,38,7,0.0,2026-09-26T18:51:30.323+00:00,2026-10-06T20:21:17Z
8813969120,3413642306955665,Race Finisher V,0,0,0.0,2026-09-26T18:51:49.958+00:00,2026-10-06T20:21:17Z
8813969120,58499472415448,First Victory,21251,3491,0.022,2026-09-26T18:52:28.658+00:00,2026-10-06T20:21:17Z
8813969120,1236597123654115,Race Winner I,722,220,0.001,2026-09-26T18:52:50.101+00:00,2026-10-06T20:21:17Z
8813969120,3952195065237469,Race Winner II,11,7,0.0,2026-09-26T18:53:11.669+00:00,2026-10-06T20:21:17Z
8813969120,1686656061090633,Race Winner III,0,0,0.0,2026-09-26T18:53:34.37+00:00,2026-10-06T20:21:17Z
8813969120,155200875512938,Race Winner IV,0,0,0.0,2026-09-26T18:53:58.602+00:00,2026-10-06T20:21:17Z
8813969120,2959848298004390,Race Winner V,0,0,0.0,2026-09-26T18:54:19.621+00:00,2026-10-06T20:21:17Z
8813969120,336870596517499,Road Legacy I,117449,6383,0.041,2026-09-26T18:57:19.025+00:00,2026-10-06T20:21:17Z
8813969120,1082608922782441,Road Legacy II,1327,38,0.0,2026-09-26T18:57:41.244+00:00,2026-10-06T20:21:17Z
8813969120,352249663582268,Road Legacy III,250,9,0.0,2026-09-26T18:58:06.883+00:00,2026-10-06T20:21:17Z
8813969120,1591389382426597,Road Legacy IV,46,3,0.0,2026-09-26T18:58:33.656+00:00,2026-10-06T20:21:17Z
8813969120,2622319768943154,Road Legacy V,5,0,0.0,2026-09-26T18:58:56.648+00:00,2026-10-06T20:21:17Z
8813969120,2577820210250268,Road Legacy VI,0,0,0.0,2026-09-26T18:59:20.491+00:00,2026-10-06T20:21:17Z
8813969120,2002218265401422,Road Legacy VII,0,0,0.0,2026-09-26T18:59:41.134+00:00,2026-10-06T20:21:17Z
8813969120,4153377724907775,Road Legacy VIII,0,0,0.0,2026-09-26T19:00:04.515+00:00,2026-10-06T20:21:17Z
8813969120,1788672953578075,Rider Established,404247,29154,0.188,2026-09-26T19:00:58.132+00:00,2026-10-06T20:21:17Z
8813969120,3916771029935448,Rider Seasoned,84009,3975,0.026,2026-09-26T19:01:25.674+00:00,2026-10-06T20:21:17Z
8813969120,714896007908041,Rider Proven,1161,41,0.0,2026-09-26T19:02:37.852+00:00,2026-10-06T20:21:17Z
8813969120,3311864144804592,Full Access,85,4,0.0,2026-09-26T19:03:17.6+00:00,2026-10-06T20:21:17Z
8813969120,1424531786452796,Rider Elite,17,0,0.0,2026-09-26T19:03:52.256+00:00,2026-10-06T20:21:17Z
8813969120,1179236097329887,Rider Veteran,11,0,0.0,2026-09-26T19:04:23.29+00:00,2026-10-06T20:21:17Z
8813969120,3855553741925703,Rider Master,11,0,0.0,2026-09-26T19:05:05.28+00:00,2026-10-06T20:21:17Z
8813969120,1226645768585787,Rider Vanguard,10,0,0.0,2026-09-26T19:05:33.575+00:00,2026-10-06T20:21:17Z
8813969120,826230743846448,Rider Legacy,9,0,0.0,2026-09-26T19:06:24.274+00:00,2026-10-06T20:21:17Z
2435789930,2124726604,Welcome to Twilight Daycare!,397370384,105466,0.725,2021-04-20T09:16:42.187+00:00,2026-10-06T20:21:17Z
2435789930,2124726603,You Met Leonights!,26266,0,0.0,2021-04-20T09:14:48.73+00:00,2026-10-06T20:21:17Z
2435789930,2147905582,You watched Twilight Daycare: The Show!,10642739,7072,0.049,2023-06-29T20:11:20.63+00:00,2026-10-06T20:21:17Z
2435789930,375797969753867,Light the Way!,175853,258,0.002,2025-08-19T22:55:27.538+00:00,2026-10-06T20:21:17Z
2435789930,2875114183113293,Continental Champion!,52263,0,0.0,2026-06-05T16:56:32.883+00:00,2026-10-06T20:21:17Z
10759337137,517864836514002,Traveller I,501451,5596,0.051,2026-08-24T16:47:41.679+00:00,2026-10-06T20:21:17Z
10759337137,4392397378672095,Traveller II,117339,1990,0.018,2026-08-24T16:47:59.532+00:00,2026-10-06T20:21:17Z
10759337137,2850651342730481,Traveller III,31471,719,0.007,2026-08-24T16:48:33.741+00:00,2026-10-06T20:21:17Z
10759337137,1450626991514061,Traveller IV,7661,240,0.002,2026-08-24T16:48:52.61+00:00,2026-10-06T20:21:17Z
10759337137,2942495235572559,Traveller V,1633,67,0.001,2026-08-24T16:49:19.699+00:00,2026-10-06T20:21:17Z
10759337137,515955091019860,Traveller VI,333,19,0.0,2026-08-24T16:52:11.274+00:00,2026-10-06T20:21:17Z
10759337137,4253956925169222,Solo Pro,20836,204,0.002,2026-08-24T16:55:34.993+00:00,2026-10-06T20:21:17Z
10759337137,3513173853177530,Team Player,16615,220,0.002,2026-08-24T16:55:58.273+00:00,2026-10-06T20:21:17Z
10759337137,2911001347299077,Entity Slayer I,1787448,15181,0.138,2026-08-24T16:56:36.065+00:00,2026-10-06T20:21:17Z
10759337137,1083965765598194,Entity Slayer II,228117,3145,0.029,2026-08-24T16:56:55.402+00:00,2026-10-06T20:21:17Z
10759337137,3442328700461895,Entity Slayer III,20828,567,0.005,2026-08-24T16:57:18.394+00:00,2026-10-06T20:21:17Z
10759337137,4423963321851853,God Slayer,38545,684,0.006,2026-08-24T16:57:36.99+00:00,2026-10-06T20:21:17Z
10759337137,542965049849803,Crafter I,501693,4668,0.043,2026-08-24T16:58:12.154+00:00,2026-10-06T20:21:17Z
10759337137,646309340743603,Crafter II,43514,831,0.008,2026-08-24T16:58:28.572+00:00,2026-10-06T20:21:17Z
10759337137,4252772994671845,Elite Crafter,3734,115,0.001,2026-08-24T16:59:08.251+00:00,2026-10-06T20:21:17Z
10759337137,295509334798830,Rich Person,22621,567,0.005,2026-08-24T16:59:39.838+00:00,2026-10-06T20:21:17Z
10759337137,3944566236992834,Elon Musk,1261,54,0.0,2026-08-24T17:00:04.968+00:00,2026-10-06T20:21:17Z
10759337137,2198903998853514,Gold Hoarder,40145,687,0.006,2026-08-24T17:00:34.02+00:00,2026-10-06T20:21:17Z
10759337137,2601911755149088,Guardian,1013,27,0.0,2026-08-24T17:00:53.26+00:00,2026-10-06T20:21:17Z
10759337137,827715249921069,Trusted Player,160,9,0.0,2026-08-24T17:01:16.48+00:00,2026-10-06T20:21:17Z
10759337137,802546234776155,Reputable Player,21,2,0.0,2026-08-24T17:01:51.378+00:00,2026-10-06T20:21:17Z
10759337137,4278992679131355,Break Into Hospital,262829,2049,0.019,2026-08-24T17:02:29.49+00:00,2026-10-06T20:21:17Z
10759337137,3401801925829501,Case Closed,18200,881,0.008,2026-08-24T17:02:48.69+00:00,2026-10-06T20:21:17Z
10759337137,4219535689932321,Junk King,3276,103,0.001,2026-08-24T17:03:17.55+00:00,2026-10-06T20:21:17Z
10759337137,1745856111646401,Lucky Roller,35800,423,0.004,2026-08-24T17:04:28.988+00:00,2026-10-06T20:21:17Z
10759337137,1315069208186687,Cure Fred Ending,21842,528,0.005,2026-08-24T17:04:55.213+00:00,2026-10-06T20:21:17Z
10759337137,1934956351823585,Defeat Fred Ending,103691,1901,0.017,2026-08-24T17:05:19.357+00:00,2026-10-06T20:21:17Z
10759337137,1642293430086000,Defeat Dracula Boss!,52415,893,0.008,2026-09-05T10:19:06.404+00:00,2026-10-06T20:21:17Z
10759337137,1771316149749998,Finish Nightmare Mode,1705,85,0.001,2026-09-08T01:17:56.386+00:00,2026-10-06T20:21:17Z
10759337137,1893381861479940,Vampire Hunter,7114,203,0.002,2026-09-09T22:40:46.643+00:00,2026-10-06T20:21:17Z
10759337137,3487393795550327,Horseback Hunter,20,2,0.0,2026-09-11T13:22:06.447+00:00,2026-10-06T20:21:17Z
10759337137,2703738129017353,Rocket Rider,19,6,0.0,2026-09-11T13:22:14.262+00:00,2026-10-06T20:21:17Z
10759337137,2256768392597195,Horse Slayer,293,7,0.0,2026-09-11T13:26:27.006+00:00,2026-10-06T20:21:17Z
10759337137,955226075291628,Ocean Treasure,57,0,0.0,2026-09-19T09:59:07.121+00:00,2026-10-06T20:21:17Z
10765902945,3574360884073008,Welcome to Anime Legacy!,47431,7328,0.202,2026-09-27T19:33:27.633+00:00,2026-10-06T20:21:17Z
10765902945,3373144379457052,First Prestige,3106,1212,0.033,2026-09-27T19:34:06.43+00:00,2026-10-06T20:21:17Z
10765902945,2661664226195998,First Star Open,33141,4819,0.133,2026-09-27T19:34:22.593+00:00,2026-10-06T20:21:17Z
10765902945,1203227442789876,First Gacha Roll,27020,3847,0.106,2026-09-27T19:34:51.465+00:00,2026-10-06T20:21:17Z
10765902945,524597474256255,First Secret Fighter,1671,644,0.018,2026-09-27T19:35:12.186+00:00,2026-10-06T20:21:17Z
10765902945,4321912266529572,First Secret Gacha,1043,492,0.014,2026-09-27T19:35:33.782+00:00,2026-10-06T20:21:17Z
10765902945,1266474170951354,Map 1,47434,7327,0.202,2026-09-27T19:35:56.568+00:00,2026-10-06T20:21:17Z
10765902945,271096906018088,Map 2,16695,2461,0.068,2026-09-27T19:36:09.74+00:00,2026-10-06T20:21:17Z
10765902945,3855127478512543,Map 3,10262,1936,0.053,2026-09-27T19:36:19.489+00:00,2026-10-06T20:21:17Z
4568630521,2148970978,Ranked Game Win,682081,35,0.0,2023-07-22T09:19:13.82+00:00,2026-10-06T20:21:17Z
4568630521,2148970999,Plus Ultra Ranked Win,931270,47,0.0,2023-07-22T09:19:42.193+00:00,2026-10-06T20:21:17Z
4568630521,776241318848136,Rookie,30231392,7902,0.07,2024-08-14T03:17:09.295+00:00,2026-10-06T20:21:17Z
4568630521,4097926285214546,Adept,11866026,2379,0.021,2024-08-14T03:17:39.188+00:00,2026-10-06T20:21:17Z
4568630521,4340369296833535,Expert,3576027,507,0.004,2024-08-14T03:17:53.136+00:00,2026-10-06T20:21:17Z
4568630521,1831969948475273,Absolute,634842,130,0.001,2024-08-14T03:18:29.662+00:00,2026-10-06T20:21:17Z
4568630521,3921903878659817,Sovereign,17251,7,0.0,2024-08-14T03:19:15.238+00:00,2026-10-06T20:21:17Z
4568630521,4350572246836605,Verdant Hope,2780889,340,0.003,2024-08-14T03:23:11.576+00:00,2026-10-06T20:21:17Z
4568630521,594144750772466,Crimson Justice,2056298,241,0.002,2024-08-14T03:25:52.595+00:00,2026-10-06T20:21:17Z
4568630521,1333790445664317,Violet Inferno,1557270,295,0.003,2025-02-02T03:38:38.967+00:00,2026-10-06T20:21:17Z
4568630521,1265566504225225,Scorching Winter,1102961,321,0.003,2025-11-01T01:31:39.035+00:00,2026-10-06T20:21:17Z
4568630521,1748447220158103,Explosion Murder God,136153,1557,0.014,2026-08-29T05:43:56.591+00:00,2026-10-06T20:21:17Z
4568630521,1597902605676111,Unlocked Warp Portal,4447276,622,0.006,2024-08-14T03:30:31.155+00:00,2026-10-06T20:21:17Z
4568630521,4403677936185009,Prototype Slayer,14200699,2776,0.025,2024-08-14T03:36:03.335+00:00,2026-10-06T20:21:17Z
4568630521,1359221268664847,Epitome of Strength,54,0,0.0,2024-08-30T03:06:34.867+00:00,2026-10-06T20:21:17Z
4568630521,3321809401931049,Warrior,6911603,1575,0.014,2024-11-03T03:03:59.331+00:00,2026-10-06T20:21:17Z
4568630521,3108181009629959,Marauder,3102843,579,0.005,2024-11-03T03:04:42.18+00:00,2026-10-06T20:21:17Z
4568630521,757461366719425,Berserker,1095868,185,0.002,2024-11-03T03:05:23.496+00:00,2026-10-06T20:21:17Z
4568630521,90054152190275,Juggernaut,131610,17,0.0,2024-11-03T03:05:42.752+00:00,2026-10-06T20:21:17Z
4568630521,2256198950090713,King,23230,6,0.0,2024-11-03T03:06:27.011+00:00,2026-10-06T20:21:17Z
4568630521,1487383971465365,King Slayer,18137,3,0.0,2024-11-03T03:08:08.674+00:00,2026-10-06T20:21:17Z
7948426536,3961535779407230,Rainbow Tower Cleared!,2717612,166607,0.735,2026-08-31T10:46:24.935+00:00,2026-10-06T20:21:17Z
7948426536,730510738800774,Cherry Blossom Tower Cleared!,303145,16477,0.073,2026-08-31T10:47:03.327+00:00,2026-10-06T20:21:17Z
7948426536,3373939266041727,Sunny Shore Tower Cleared!,191186,18335,0.081,2026-08-31T10:47:14.115+00:00,2026-10-06T20:21:17Z
7948426536,1715462111299716,Honey ASMR Tower Cleared!,195804,20657,0.091,2026-08-31T10:47:23.592+00:00,2026-10-06T20:21:17Z
7948426536,3882284195557203,Strawberry Chocolate Tower Cleared!,128964,11243,0.05,2026-08-31T10:47:32.336+00:00,2026-10-06T20:21:17Z
7948426536,2234997057137575,Mint Chocolate Tower Cleared!,109564,8027,0.035,2026-09-01T11:50:50.664+00:00,2026-10-06T20:21:17Z
7948426536,3365785709846962,Keyboard Tower Cleared!,135301,12972,0.057,2026-09-01T19:59:29.839+00:00,2026-10-06T20:21:17Z
7948426536,1346387852252214,Ice Cola Tower Cleared!,192971,38519,0.17,2026-09-10T05:18:20.312+00:00,2026-10-06T20:21:17Z
7948426536,3985206161316508,Halloween Tower Cleared!,96673,74098,0.327,2026-10-01T11:19:13.367+00:00,2026-10-06T20:21:17Z
9592387369,820964690695792,Welcome,21242228,142968,0.812,2026-04-14T04:43:20.923+00:00,2026-10-06T20:21:17Z
9592387369,3570799709876979,Effortless,18141447,123033,0.699,2026-04-14T04:43:32.789+00:00,2026-10-06T20:21:17Z
9592387369,1548218043980691,Very Easy,13435083,93081,0.529,2026-04-14T04:43:38.952+00:00,2026-10-06T20:21:17Z
9592387369,3745411358397670,Easy,10643914,75219,0.427,2026-04-14T04:43:48.165+00:00,2026-10-06T20:21:17Z
9592387369,706018561464225,Medium,6979283,52121,0.296,2026-04-14T04:44:01.081+00:00,2026-10-06T20:21:17Z
9592387369,871205149599199,Hard,4456642,35512,0.202,2026-04-16T10:11:34.862+00:00,2026-10-06T20:21:17Z
9592387369,92158053541160,Very Hard,2804208,23795,0.135,2026-04-16T10:11:41.308+00:00,2026-10-06T20:21:17Z
9592387369,3482363675130799,Advanced,2058988,18692,0.106,2026-04-16T10:11:47.029+00:00,2026-10-06T20:21:17Z
9592387369,3755163017178075,Insane,1212026,11790,0.067,2026-04-16T10:11:53.083+00:00,2026-10-06T20:21:17Z
9592387369,575832150088449,Extreme,605422,6820,0.039,2026-04-16T10:11:59.86+00:00,2026-10-06T20:21:17Z
9592387369,1240967004916425,Stressful,342559,3764,0.021,2026-04-18T00:51:03.733+00:00,2026-10-06T20:21:17Z
9592387369,355738833954592,Enraging,239793,2685,0.015,2026-04-18T00:51:10.759+00:00,2026-10-06T20:21:17Z
9592387369,2019304571442199,Tormenting,56249,613,0.003,2026-04-18T00:51:17.718+00:00,2026-10-06T20:21:17Z
9592387369,3427784321456295,Hell,2097,195,0.001,2026-04-18T00:51:25.088+00:00,2026-10-06T20:21:17Z
9592387369,3864270005391029,Impossible,0,0,0.0,2026-04-18T00:51:29.996+00:00,2026-10-06T20:21:17Z
9592387369,714355871156588,Unreal,0,0,0.0,2026-05-06T01:46:42.853+00:00,2026-10-06T20:21:17Z
10123059921,3604445490885819,First Visitor,16044761,149447,0.71,2026-08-11T20:36:16.299+00:00,2026-10-06T20:21:17Z
10123059921,2064200935078335,Play With Friends!,10305920,93207,0.443,2026-08-11T20:35:15.085+00:00,2026-10-06T20:21:17Z
10123059921,3571276030871314,20 Visitors,6275399,53366,0.254,2026-08-11T20:27:17.317+00:00,2026-10-06T20:21:17Z
10123059921,2730765346802302,100 Visitors,378915,3803,0.018,2026-08-11T20:24:35.631+00:00,2026-10-06T20:21:17Z
10123059921,4004403753873231,Zero Sanity!,5273890,44097,0.21,2026-08-11T20:37:14.257+00:00,2026-10-06T20:21:17Z
10123059921,3347016650894500,Not Enough Money!,1344714,13407,0.064,2026-08-11T20:32:50.865+00:00,2026-10-06T20:21:17Z
10123059921,1629234258585670,Victory!,3853395,49465,0.235,2026-08-11T20:28:09.712+00:00,2026-10-06T20:21:17Z
10123059921,1456761298245047,No Chores!,84134,1039,0.005,2026-08-11T20:34:06.209+00:00,2026-10-06T20:21:17Z
10123059921,1666316297699556,50 Visitors in a Single Night,9507,86,0.0,2026-08-11T20:25:50.669+00:00,2026-10-06T20:21:17Z
10123059921,4364437886556255,Meet All Halloween Visitors,0,0,0.0,2026-10-01T17:27:54.984+00:00,2026-10-06T20:21:17Z
10766687030,454022333585559,Welcome!,2399920,300261,1.0,2026-09-19T15:26:09.456+00:00,2026-10-06T20:21:17Z
10766687030,4390903826721191,First Fail,2257636,284616,1.0,2026-09-19T15:26:18.092+00:00,2026-10-06T20:21:17Z
10766687030,3815472188128247,Finish World 1!,4696,430,0.003,2026-09-19T15:26:52.69+00:00,2026-10-06T20:21:17Z
10766687030,2065944190929716,First Impact,1072284,135629,0.791,2026-09-26T14:06:59.265+00:00,2026-10-06T20:21:17Z
10766687030,259858368669848,Bullseye x100,13061,1260,0.007,2026-09-26T14:07:02.992+00:00,2026-10-06T20:21:17Z
10766687030,868673402756250,Course Clear,7368,1080,0.006,2026-09-26T14:07:06.805+00:00,2026-10-06T20:21:17Z
10766687030,2200595483373419,Running on Fumes,319,63,0.0,2026-09-26T14:07:10.512+00:00,2026-10-06T20:21:17Z
10766687030,213336391531258,Afterburner Addict,301803,37655,0.219,2026-09-26T14:07:14.284+00:00,2026-10-06T20:21:17Z
10766687030,1353895240930926,Flak Dodger,248315,27672,0.161,2026-09-27T12:57:01.15+00:00,2026-10-06T20:21:17Z
10766687030,1277364976916893,Hook Master,64675,11810,0.069,2026-09-27T12:57:07.173+00:00,2026-10-06T20:21:17Z
10766687030,1909269575350816,Podium Finish,43213,5349,0.031,2026-09-27T12:57:12.239+00:00,2026-10-06T20:21:17Z
10766687030,2268712355688372,Evolution,721197,91592,0.534,2026-09-27T12:57:17.206+00:00,2026-10-06T20:21:17Z
10766687030,3369058441305711,Second Chance,332,58,0.0,2026-09-27T12:57:22.126+00:00,2026-10-06T20:21:17Z
10766687030,4280737043470991,Casecracker,29441,4533,0.026,2026-09-27T14:04:20.65+00:00,2026-10-06T20:21:17Z
10766687030,2009385221173562,Loyal Pilot,366,101,0.001,2026-09-27T14:05:05.663+00:00,2026-10-06T20:21:17Z
10766687030,2525633922909220,Finish World 2!,2308,320,0.002,2026-09-27T17:56:32.864+00:00,2026-10-06T20:21:17Z
10766687030,2165495092155268,Achievement 1,0,0,0.0,2026-10-03T19:47:44.537+00:00,2026-10-06T20:21:17Z
10766687030,688460390659422,Achievement 2,0,0,0.0,2026-10-03T19:47:49.637+00:00,2026-10-06T20:21:17Z
10766687030,3023187517656598,Achievement 3,0,0,0.0,2026-10-03T19:47:54.794+00:00,2026-10-06T20:21:17Z
10766687030,588680779985582,Achievement 4,0,0,0.0,2026-10-03T19:47:58.948+00:00,2026-10-06T20:21:17Z
10766687030,1773681988232608,Achievement 5,0,0,0.0,2026-10-03T19:48:04.457+00:00,2026-10-06T20:21:17Z
10766687030,2842963142164307,Achievement 6,0,0,0.0,2026-10-04T23:00:01.771+00:00,2026-10-06T20:21:17Z
10766687030,3999741180618350,Achievement 7,0,0,0.0,2026-10-04T23:00:07.761+00:00,2026-10-06T20:21:17Z
10766687030,382273978980826,Achievement 8,0,0,0.0,2026-10-04T23:00:13.599+00:00,2026-10-06T20:21:17Z
10766687030,2290843458053278,Achievement 9,0,0,0.0,2026-10-04T23:00:18.417+00:00,2026-10-06T20:21:17Z
10766687030,1368238032892018,Achievement 10,0,0,0.0,2026-10-04T23:00:27.307+00:00,2026-10-06T20:21:17Z
10371406677,1085677302053545,Welcome!,6464532,191142,1.0,2026-09-07T21:55:49.62+00:00,2026-10-06T20:21:17Z
10371406677,2290930566283403,Defeat T-Rex,1999955,54624,0.361,2026-09-08T14:09:46.098+00:00,2026-10-06T20:21:17Z
10371406677,863690709023525,Defeat SPHINX,660847,18764,0.124,2026-09-08T14:10:45.621+00:00,2026-10-06T20:21:17Z
10371406677,578642363304829,Defeat MAMOTH,24408,913,0.006,2026-09-08T14:11:40.919+00:00,2026-10-06T20:21:17Z
10521797740,3597412169441946,Welcome To 50 Player BINGO!,21769673,110211,1.0,2026-07-30T20:03:40.484+00:00,2026-10-06T20:21:17Z
10521797740,3233014195197989,First Daub,3151188,138130,1.0,2026-09-17T01:18:18.131+00:00,2026-10-06T20:21:17Z
10521797740,3744408762805531,Bingo!,1206292,47932,0.507,2026-09-17T01:30:45.852+00:00,2026-10-06T20:21:17Z
10521797740,2669986789913457,Quick Hands,414240,14748,0.156,2026-09-17T01:31:20.113+00:00,2026-10-06T20:21:17Z
10521797740,2580880843228879,Hat Trick,111554,4284,0.045,2026-09-17T01:32:07.125+00:00,2026-10-06T20:21:17Z
10521797740,505109519616861,Ten-Time Winner,148900,5117,0.054,2026-09-17T01:32:51.961+00:00,2026-10-06T20:21:17Z
10521797740,1840409378913947,Dressed Up,124043,4264,0.045,2026-09-18T00:07:23.025+00:00,2026-10-06T20:21:17Z
10521797740,2142216774651527,Regular,75603,2602,0.028,2026-09-18T00:07:55.295+00:00,2026-10-06T20:21:17Z
10521797740,2603255924559211,Marathon,79987,2655,0.028,2026-09-18T00:08:36.177+00:00,2026-10-06T20:21:17Z
10521797740,2390563556016283,Unstoppable,28627,1177,0.012,2026-09-18T00:09:19.163+00:00,2026-10-06T20:21:17Z
10521797740,1456854732613081,Full Set,885,28,0.0,2026-09-18T00:10:06.409+00:00,2026-10-06T20:21:17Z
10521797740,3347181762636834,Box Fiend,17950,1018,0.011,2026-09-19T00:23:09.581+00:00,2026-10-06T20:21:17Z
10521797740,1571969030142776,Eagle Eye,2954147,129668,1.0,2026-09-19T00:24:15.62+00:00,2026-10-06T20:21:17Z
10521797740,3528351693720404,Lucky Break,316771,14516,0.154,2026-09-19T00:25:28.05+00:00,2026-10-06T20:21:17Z
10521797740,1230168930953887,Taco Time,248,9,0.0,2026-09-19T00:26:11.481+00:00,2026-10-06T20:21:17Z
10521797740,2447629944550532,Packed Stage,234504,10945,0.116,2026-09-19T00:27:02.673+00:00,2026-10-06T20:21:17Z
10521797740,3311269489942897,Better Together,120375,5556,0.059,2026-09-19T00:35:36.426+00:00,2026-10-06T20:21:17Z
10521797740,1077679869633899,Borrowed Luck,268,13,0.0,2026-09-19T00:36:23.833+00:00,2026-10-06T20:21:17Z
4170977322,247440512170050,The Test Has Begun!,135284996,172702,1.0,2024-09-16T00:20:04.314+00:00,2026-10-06T20:21:17Z
4170977322,2644803409687108,Low I.Q,114514242,151015,1.0,2024-09-16T00:26:09.872+00:00,2026-10-06T20:21:17Z
4170977322,362899814660304,Below Average IQ,79587456,113873,1.0,2024-09-16T00:28:05.935+00:00,2026-10-06T20:21:17Z
4170977322,68622640912536,Average IQ,30233047,43022,0.434,2024-09-16T00:29:01.893+00:00,2026-10-06T20:21:17Z
4170977322,3878896631437940,Above Average IQ,7039379,6423,0.065,2024-09-16T00:30:29.608+00:00,2026-10-06T20:21:17Z
4170977322,1284974895685053,High I.Q,2744361,2341,0.024,2024-09-16T00:32:06.441+00:00,2026-10-06T20:21:17Z
4170977322,698297019855326,Genius,1384422,1133,0.011,2024-09-16T00:32:46.64+00:00,2026-10-06T20:21:17Z
4170977322,3170442965258216,Prodigy,803971,671,0.007,2024-09-16T00:36:07.588+00:00,2026-10-06T20:21:17Z
10764839604,2481276544397636,Welcome!,2469511,196599,1.0,2026-09-03T22:34:50.965+00:00,2026-10-06T20:21:17Z
10717002748,24799860676140,Defender of Earth,4250381,113160,1.0,2026-09-10T19:09:13.849+00:00,2026-10-06T20:21:17Z
10399125962,3293763814898646,Perfect score,153650,604,0.004,2026-07-13T23:54:20.837+00:00,2026-10-06T20:21:17Z
10766240516,4246105995028287,S,501825,218416,1.0,2026-09-25T21:03:24.907+00:00,2026-10-06T20:21:17Z
10766240516,2874675467339744,H,501890,218441,1.0,2026-09-25T21:03:47.323+00:00,2026-10-06T20:21:17Z
10766240516,165214003086367,O,501934,218463,1.0,2026-09-25T21:03:32.594+00:00,2026-10-06T20:21:17Z
10766240516,2539562262621783,O,501999,218490,1.0,2026-09-25T21:03:54.805+00:00,2026-10-06T20:21:17Z
10766240516,3597098956950682,T,502022,218501,1.0,2026-09-25T21:03:40.292+00:00,2026-10-06T20:21:17Z
10767824942,1456108603643611,WELCOME TO ASSASSIN LEVELING!!,375998,144332,1.0,2026-09-26T04:33:14.347+00:00,2026-10-06T20:21:17Z
10767824942,3907827535956767,The Void Arc Dagger!!,193540,81453,1.0,2026-09-26T04:34:29.901+00:00,2026-10-06T20:21:17Z
10767824942,21568698954390,CRIMSON COMMANDER BOSS,77139,37266,0.512,2026-09-26T05:04:50.727+00:00,2026-10-06T20:21:17Z
7058980030,808380907085878,Played Survive Overnight!,167567737,122399,0.898,2025-02-06T01:14:49.752+00:00,2026-10-06T20:21:17Z
7058980030,4094675894534212,Survive One Night,85230802,72360,0.531,2025-02-06T01:16:25.571+00:00,2026-10-06T20:21:17Z
7058980030,767037465526785,Survive One Week,11327184,11579,0.085,2025-02-06T01:17:03.153+00:00,2026-10-06T20:21:17Z
7058980030,3015997393052960,Survive Two Weeks,3177460,3268,0.024,2025-04-23T00:19:11.051+00:00,2026-10-06T20:21:17Z
7058980030,1791606194436226,Chapter 1: Escape the CEO,1992435,1396,0.01,2025-05-22T20:15:51.495+00:00,2026-10-06T20:21:17Z
7058980030,103968786100625,Survive One Month,366878,362,0.003,2025-08-17T17:22:34.115+00:00,2026-10-06T20:21:17Z
7058980030,2717179534310060,Survive 50 Days,32938,36,0.0,2025-08-17T17:23:22.744+00:00,2026-10-06T20:21:17Z
7058980030,1148194011518435,Survive 100 Days,2757,0,0.0,2025-08-17T17:23:56.272+00:00,2026-10-06T20:21:17Z
7058980030,174133942534456,"Survive 1,000 Nights",1351,3,0.0,2025-08-17T17:34:14.118+00:00,2026-10-06T20:21:17Z
7058980030,3528907285873495,Cake,2410649,1200,0.009,2025-08-17T17:34:38.852+00:00,2026-10-06T20:21:17Z
7058980030,3973750930680192,There's no i in Team!,6983,12,0.0,2025-08-17T17:35:33.344+00:00,2026-10-06T20:21:17Z
7058980030,1012264485537208,Escape the CEO 5x,35506,46,0.0,2025-08-17T17:36:09.715+00:00,2026-10-06T20:21:17Z
7058980030,2393626360431865,Escape the CEO 10x,10032,14,0.0,2025-08-17T17:36:33.944+00:00,2026-10-06T20:21:17Z
7058980030,918937017102513,Better Together,8596221,9955,0.073,2025-08-17T17:38:29.55+00:00,2026-10-06T20:21:17Z
7058980030,4315383640480206,Perfectionist,107,0,0.0,2025-08-17T17:38:55.241+00:00,2026-10-06T20:21:17Z
7058980030,34759385199802,Friendly,21416444,28380,0.208,2025-08-17T17:39:40.911+00:00,2026-10-06T20:21:17Z
7058980030,2892119367479604,Pest Control,2456442,2948,0.022,2025-08-17T17:40:16.229+00:00,2026-10-06T20:21:17Z
7058980030,536189700881516,Bad Customer,6436929,7748,0.057,2025-08-17T17:40:46.514+00:00,2026-10-06T20:21:17Z
7058980030,112074653461706,Roach King,18775,35,0.0,2025-08-17T17:41:50.237+00:00,2026-10-06T20:21:17Z
7058980030,1172657373181212,Banned For Life,131437,165,0.001,2025-08-17T17:42:34.148+00:00,2026-10-06T20:21:17Z
7058980030,2288633294950271,Tokenizer,18965184,19627,0.144,2025-08-17T17:43:20.317+00:00,2026-10-06T20:21:17Z
7058980030,3481093413717680,Got the Sam's Club card!,400133,0,0.0,2025-10-01T14:08:19.908+00:00,2026-10-06T20:21:17Z
1451439645,570761085363018,Second Sea,5868023,1287,0.015,2024-01-17T07:33:41.56+00:00,2026-10-06T20:21:17Z
1451439645,2677309180656288,Third Sea,2643426,609,0.007,2024-01-17T07:34:20.756+00:00,2026-10-06T20:21:17Z
7613921865,3834574805988592,Ztrifecta,19,0,0.0,2026-07-15T00:48:35.861+00:00,2026-10-06T20:21:17Z
7613921865,2433022622814194,One Tap,27699,8,0.0,2026-07-15T00:48:55.582+00:00,2026-10-06T20:21:17Z
7613921865,891535335370845,Divine Fortune,15603,11,0.0,2026-07-15T00:50:11.389+00:00,2026-10-06T20:21:17Z
3730079862,2148029337,"[""NECROTIC-CONTROL""]",4845766,11965,0.115,2023-07-02T12:53:55.937+00:00,2026-10-06T20:21:17Z
3730079862,2148313146,"[""DONT-LOOK-AT-ME""]",1893121,3741,0.036,2023-07-08T11:41:37.207+00:00,2026-10-06T20:21:17Z
3730079862,3576216363877348,"[""NUMBER_FOUR_REACTOR""]",1602841,6030,0.058,2025-06-05T09:11:55.926+00:00,2026-10-06T20:21:17Z
3730079862,2147991835,"[""THE_POINTMAN""]",1151248,4078,0.039,2023-07-01T17:18:29.15+00:00,2026-10-06T20:21:17Z
3730079862,796865909940813,"[""UNFORTUNATE""]",1248915,4242,0.041,2025-06-05T09:08:35.692+00:00,2026-10-06T20:21:17Z
3730079862,794655697006567,"[""SECTOR-SWEEP""]",1735491,5509,0.053,2024-06-08T17:59:36.758+00:00,2026-10-06T20:21:17Z
3730079862,565576260241597,"[""THE_JUGGERNAUT""]",243708,2702,0.026,2025-06-03T12:19:50.474+00:00,2026-10-06T20:21:17Z
3730079862,361476182122506,"[""TAKE-OVER""]",885767,4470,0.043,2024-10-27T13:05:17.209+00:00,2026-10-06T20:21:17Z
3730079862,3251224944537950,"[""HEART-OF-MENLO""]",577,0,0.0,2025-06-12T06:22:11.015+00:00,2026-10-06T20:21:17Z
3730079862,1337514374283349,"[""LOST_COMMAND""]",142870,1339,0.013,2025-06-03T12:18:00.013+00:00,2026-10-06T20:21:17Z
3730079862,3422038376867641,"[""ROLE-REVERSAL""] (UNOBTAINABLE)",1,0,0.0,2025-06-12T06:24:24.042+00:00,2026-10-06T20:21:17Z
3730079862,3938313051889761,"[""ONE-MAN-ARMY""]",345014,2475,0.024,2024-12-11T18:59:39.097+00:00,2026-10-06T20:21:17Z
3730079862,4107534036746584,"[""UNDEREQUIPPED""]",341614,2412,0.023,2025-06-03T12:18:35.586+00:00,2026-10-06T20:21:17Z
3730079862,412970723132118,"[""VETERAN-OF-PURGATORY""]",1091911,4936,0.047,2024-12-17T22:27:32.289+00:00,2026-10-06T20:21:17Z
3730079862,4492891836813592,"[""SURVIVOR'S_GUILT""]",1716161,6319,0.061,2024-12-18T20:55:25.276+00:00,2026-10-06T20:21:17Z
3730079862,717316132926184,"[""FULL_HOUSE""]",206787,2481,0.024,2025-07-02T02:34:44.712+00:00,2026-10-06T20:21:17Z
3730079862,136482467026139,"[""PEACE_PAWN""] (UNOBTAINABLE)",0,0,0.0,2025-07-26T17:07:11.158+00:00,2026-10-06T20:21:17Z
3730079862,3878109290758220,"[""REQUIEM""]",256476,2724,0.026,2025-08-12T01:57:35.276+00:00,2026-10-06T20:21:17Z
3730079862,1219895561084816,"[""RASONIAN_STEEL""]",256960,2838,0.027,2025-08-12T01:59:30.297+00:00,2026-10-06T20:21:17Z
3730079862,3406138845960144,"[""NO_MAN'S_LAND""]",128786,1697,0.016,2025-08-19T13:26:06.031+00:00,2026-10-06T20:21:17Z
3730079862,3117677761367940,"[""GUINEA_PIG""]",137121,1877,0.018,2026-02-21T23:09:48.881+00:00,2026-10-06T20:21:17Z
3730079862,368032405606589,"[""THE_COMMANDER""]",258179,2714,0.026,2026-04-04T19:33:30.165+00:00,2026-10-06T20:21:17Z
3730079862,3726403016643812,"[""IN_THE_NAME_OF_SCIENCE""] (UNOBTAINABLE)",1,0,0.0,2026-04-04T19:34:38.871+00:00,2026-10-06T20:21:17Z
3730079862,1449773486118159,"[""ESCAPE_FROM_ITAGURA""]",219898,2848,0.027,2026-04-04T19:35:55.575+00:00,2026-10-06T20:21:17Z
3730079862,3735775278637025,"(""OVEREQUIPPED"")",51928,946,0.009,2026-06-14T10:28:28.311+00:00,2026-10-06T20:21:17Z
3730079862,282806616820547,"[""SCOUT-OF-CHERENKOV""]",131231,1649,0.016,2026-06-21T06:22:36.829+00:00,2026-10-06T20:21:17Z
3730079862,2996762354984060,"[""TOTAL_WAR""]",272976,3187,0.031,2026-06-23T12:16:22.752+00:00,2026-10-06T20:21:17Z
3730079862,3306868681297788,[INITIATION],100678,1412,0.014,2026-06-25T22:21:13.909+00:00,2026-10-06T20:21:17Z
3730079862,206055307143081,"[""EXOTIC-EXONERATION""]",59944,1322,0.013,2026-06-27T02:55:01.059+00:00,2026-10-06T20:21:17Z
3730079862,3303420230954279,"[""LAST-RITES-OF-A-RUINED-KING""]",41770,1192,0.011,2026-07-01T20:03:44.17+00:00,2026-10-06T20:21:17Z
3730079862,2979515977020249,"[""NEUTRUSPHYRIA""]",7770,100,0.001,2026-07-25T02:41:30.37+00:00,2026-10-06T20:21:17Z
3730079862,1613458818531993,"[""TEMPORAL_ANOMALY""]",104449,1683,0.016,2026-07-25T02:43:22.412+00:00,2026-10-06T20:21:17Z
3730079862,2203530377815590,"[""GEAR-FEAR""]",68322,1131,0.011,2026-07-25T02:43:48.934+00:00,2026-10-06T20:21:17Z
3730079862,4424336288967518,"[""A-FAMILIAR-FACE""]",55879,942,0.009,2026-08-02T10:55:06.798+00:00,2026-10-06T20:21:17Z
3730079862,2926297356184826,"[""LAST-LIGHT-OF-A-DYING-STAR""]",262049,3205,0.031,2026-08-07T00:13:21.061+00:00,2026-10-06T20:21:17Z
3730079862,2447661922826949,"[""ROLLING_STEEL""]",353408,4543,0.044,2026-08-18T13:31:26.217+00:00,2026-10-06T20:21:17Z
3730079862,1632170654499137,"[""BRAZEN_BULL""]",209397,2877,0.028,2026-08-18T13:33:20.717+00:00,2026-10-06T20:21:17Z
3730079862,3269760957364323,"[""UPCHUCK""]",496442,9563,0.092,2026-08-18T13:35:58.439+00:00,2026-10-06T20:21:17Z
3730079862,676018096971228,"[""WOLF_IN_SHEEPSHEAD""]",157369,1245,0.012,2026-08-18T13:39:04.254+00:00,2026-10-06T20:21:17Z
3730079862,1828950812417514,"[""MENLONIAN-CONSTABULARY""]",272225,3532,0.034,2026-08-24T06:20:34.842+00:00,2026-10-06T20:21:17Z
3730079862,1434413560513290,"[""WAR-CRIMINAL""]",241414,3026,0.029,2026-08-24T22:00:58.91+00:00,2026-10-06T20:21:17Z
3730079862,3801395471806771,"[""LAB_ASSISTANT""]",352648,5600,0.054,2026-08-29T19:38:24.632+00:00,2026-10-06T20:21:17Z
3730079862,4317546645131402,"[""I-HATE-YOU!!!""]",149198,2038,0.02,2026-09-03T06:39:02.249+00:00,2026-10-06T20:21:17Z
3730079862,4221129817485526,"[""FOUND_MY_SQUAD""]",82834,1170,0.011,2026-09-03T06:54:22.26+00:00,2026-10-06T20:21:17Z
3730079862,1331940256887716,"[""THE_GRUNT""]",165586,3335,0.032,2026-09-12T04:36:15.495+00:00,2026-10-06T20:21:17Z
3730079862,976001827929052,"[""ESPRIT_DE_CORPS""]",72245,1745,0.017,2026-09-12T06:01:59.697+00:00,2026-10-06T20:21:17Z
3730079862,1529101774608241,"[""INTO_THE_FRAY""]",348709,8849,0.085,2026-09-13T06:53:53.407+00:00,2026-10-06T20:21:17Z
3730079862,1063736523873834,"[""SOLE_PRACTITIONER""]",24753,682,0.007,2026-09-17T03:28:48.217+00:00,2026-10-06T20:21:17Z
3730079862,1230572112280701,"[""UNRECOGNIZABLE""]",96352,2305,0.022,2026-09-18T07:35:10.375+00:00,2026-10-06T20:21:17Z
3730079862,2316869120235444,"[""TRIP_HAZARD""]",47551,1385,0.013,2026-09-19T19:55:50.146+00:00,2026-10-06T20:21:17Z
3730079862,54813609975585,"[""SOMEONE'S_SOMEONE""]",0,0,0.0,2026-10-01T02:57:13.879+00:00,2026-10-06T20:21:17Z
3730079862,1472631279146062,"[""STATUTE_OF_THE_CORPS""]",0,0,0.0,2026-10-04T00:02:30.127+00:00,2026-10-06T20:21:17Z
4925331346,2152418874,Welcome to Giga Mansion Tycoon!,66989147,51323,0.782,2023-09-24T19:02:43.827+00:00,2026-10-06T20:21:17Z
4925331346,2152418913,Visited City,6467669,4215,0.064,2023-09-24T19:03:56.507+00:00,2026-10-06T20:21:17Z
4925331346,2152418935,Millionaire,14259081,10387,0.158,2023-09-24T19:04:48.45+00:00,2026-10-06T20:21:17Z
4925331346,2152418972,Multi Millionaire,5866712,4204,0.064,2023-09-24T19:05:59.743+00:00,2026-10-06T20:21:17Z
4925331346,2153119225,Billionaire!?!,608497,562,0.009,2023-10-10T13:09:02.7+00:00,2026-10-06T20:21:17Z
4925331346,2152419006,Giga Mansion 100%,604208,517,0.008,2023-09-24T19:06:43.96+00:00,2026-10-06T20:21:17Z
4925331346,1591390937627651,Beach House 100%,392580,400,0.006,2023-11-18T20:40:41.191+00:00,2026-10-06T20:21:17Z
4925331346,1341490248365777,Giga Yacht 100%,121763,144,0.002,2024-06-18T12:58:17.429+00:00,2026-10-06T20:21:17Z
4925331346,863971070870855,Giga Villa 100%,50556,123,0.002,2025-12-27T08:48:53.29+00:00,2026-10-06T20:21:17Z
4925331346,3256964616285056,2025 Hatch Event - Found an egg,61352,0,0.0,2025-06-15T09:00:43.006+00:00,2026-10-06T20:21:17Z
7685678300,609291311253188,Welcome!,24152444,13347,0.172,2025-05-30T10:48:26.955+00:00,2026-10-06T20:21:17Z
7685678300,620984527956382,Control Europe!,2233506,1930,0.025,2025-05-30T10:49:10.821+00:00,2026-10-06T20:21:17Z
7685678300,2999820013712152,10 Minutes Playtime,11264018,7132,0.092,2025-05-30T10:49:48.964+00:00,2026-10-06T20:21:17Z
7685678300,2473052890075848,30 Minutes Playtime,7203375,4893,0.063,2025-05-30T10:50:04.815+00:00,2026-10-06T20:21:17Z
7685678300,4025193665438139,60 Minutes Playtime,5267379,3667,0.047,2025-05-30T10:50:17.514+00:00,2026-10-06T20:21:17Z
7685678300,851962455147645,2 Hours Playtime,3450041,2890,0.037,2025-08-11T10:43:51.187+00:00,2026-10-06T20:21:17Z
7685678300,404572096727547,5 Hours Playtime,2062844,1934,0.025,2025-08-11T10:44:11.637+00:00,2026-10-06T20:21:17Z
7685678300,2782608183018677,10 Hours Playtime,1211371,1379,0.018,2025-08-11T10:44:29.303+00:00,2026-10-06T20:21:17Z
7685678300,3886981524806151,24 Hours Playtime,526852,639,0.008,2025-08-11T10:45:03.791+00:00,2026-10-06T20:21:17Z
7685678300,2129291340934011,Form European Union,177395,224,0.003,2025-08-19T09:12:46.8+00:00,2026-10-06T20:21:17Z
7685678300,5560864417265,Form German Empire,302931,558,0.007,2025-08-19T09:13:07.289+00:00,2026-10-06T20:21:17Z
7685678300,4154020985840257,Form Soviet Union,439375,559,0.007,2025-08-19T09:13:23.487+00:00,2026-10-06T20:21:17Z
7685678300,4239082080434817,Form Teutonic Order,63489,66,0.001,2025-08-19T09:14:44.276+00:00,2026-10-06T20:21:17Z
7685678300,501624651461634,Form Japanese Empire,129204,116,0.001,2025-08-19T09:15:00.399+00:00,2026-10-06T20:21:17Z
10628526114,2831405425718803,Welcome!,2162507,97501,1.0,2026-08-14T00:51:17.519+00:00,2026-10-06T20:21:17Z
10628526114,4344738917186142,First Rebirth,959664,41092,0.51,2026-08-14T00:51:46.418+00:00,2026-10-06T20:21:17Z
10628526114,89398509096730,Garden World,403654,17684,0.219,2026-08-14T00:54:34.838+00:00,2026-10-06T20:21:17Z
10628526114,3612583703048906,Candyland World,166601,8886,0.11,2026-08-14T00:55:11.729+00:00,2026-10-06T20:21:17Z
10628526114,1167737950134070,Space World,110617,6924,0.086,2026-08-19T08:23:29.267+00:00,2026-10-06T20:21:17Z
10628526114,465550593166317,Tundra World,73360,5367,0.067,2026-09-05T14:39:59.902+00:00,2026-10-06T20:21:17Z
10628526114,3140539873164548,Cove World,41014,3452,0.043,2026-09-11T21:05:11.911+00:00,2026-10-06T20:21:17Z
10628526114,1631166241225452,Dino World,18936,1855,0.023,2026-09-19T07:00:35.102+00:00,2026-10-06T20:21:17Z
10628526114,550072978617132,Dune World,7137,850,0.011,2026-09-26T04:22:55.578+00:00,2026-10-06T20:21:17Z
10628526114,1452769911483296,Halloween World,1672,371,0.005,2026-10-02T02:41:01.111+00:00,2026-10-06T20:21:17Z
10628526114,4299325487783990,Play for 1 Hour,375702,17587,0.218,2026-08-22T23:42:18.648+00:00,2026-10-06T20:21:17Z
10628526114,2347318463090037,Craft a Golden Pet,257297,10497,0.13,2026-08-14T00:52:25.133+00:00,2026-10-06T20:21:17Z
10628526114,2654434141660517,Craft a Rainbow Pet,31305,1807,0.022,2026-08-27T03:45:27.751+00:00,2026-10-06T20:21:17Z
10628526114,4299133529716557,Hatch a Secret,3589,187,0.002,2026-08-22T23:41:37.489+00:00,2026-10-06T20:21:17Z
10628526114,840615647537370,Hatch a Divine,385,29,0.0,2026-08-24T16:44:35.356+00:00,2026-10-06T20:21:17Z
10628526114,2077561591895675,Meet an Owner,654,7,0.0,2026-08-22T23:40:52.408+00:00,2026-10-06T20:21:17Z
9145063979,521220950245810,Dug To Escape,13867164,12749,0.092,2025-11-23T16:15:08.358+00:00,2026-10-06T20:21:17Z
9145063979,1888216438216569,Janitor Escape,1465748,894,0.006,2025-12-07T18:52:13.622+00:00,2026-10-06T20:21:17Z
9145063979,175873813047922,Baby Wipes,61712358,56167,0.407,2025-12-10T23:20:28.838+00:00,2026-10-06T20:21:17Z
9145063979,1870869890487750,Roll Hoarder,13687226,9694,0.07,2025-12-10T23:20:51.696+00:00,2026-10-06T20:21:17Z
9145063979,2138650803806270,Toilet Tyrant,67466,62,0.0,2025-12-10T23:21:14.384+00:00,2026-10-06T20:21:17Z
9145063979,646763645130234,Newbie Digger,35599596,30223,0.219,2025-12-10T23:28:23.988+00:00,2026-10-06T20:21:17Z
9145063979,870303073775363,Certified Excavator,4214171,3172,0.023,2025-12-10T23:29:42.13+00:00,2026-10-06T20:21:17Z
9145063979,874364712176831,The Earthbreaker,60414,56,0.0,2025-12-10T23:30:00.819+00:00,2026-10-06T20:21:17Z
9145063979,2300063720292787,Light Jogger,5996547,4760,0.035,2025-12-10T23:32:32.307+00:00,2026-10-06T20:21:17Z
9145063979,723205488879809,Adrenaline Addict,575061,296,0.002,2025-12-10T23:33:22.283+00:00,2026-10-06T20:21:17Z
9145063979,2300360233664387,Speedrun Psychopath,212315,114,0.001,2025-12-10T23:36:57.931+00:00,2026-10-06T20:21:17Z
9145063979,1862001724921572,Hallway Merchant,24951541,18862,0.137,2025-12-10T23:37:50.056+00:00,2026-10-06T20:21:17Z
9145063979,170680126878472,Top Tier Broker,1975067,1341,0.01,2025-12-10T23:38:03.366+00:00,2026-10-06T20:21:17Z
9145063979,2408019197553573,Prison Kingpin,60466,34,0.0,2025-12-10T23:38:18.176+00:00,2026-10-06T20:21:17Z
9145063979,1366902893263330,Snack Goblin,11905192,8589,0.062,2025-12-10T23:44:33.589+00:00,2026-10-06T20:21:17Z
9145063979,1667917541643359,Bottomless Stomach,229898,223,0.002,2025-12-10T23:45:53.519+00:00,2026-10-06T20:21:17Z
9145063979,4030755234744957,A Little Mistake,184021,383,0.003,2025-12-10T23:47:56.717+00:00,2026-10-06T20:21:17Z
9145063979,4429764012205326,Professional Noob,1832,8,0.0,2025-12-10T23:48:08.915+00:00,2026-10-06T20:21:17Z
9145063979,2224547433744616,Chefs Little Buddy,11310106,8726,0.063,2025-12-10T23:54:51.839+00:00,2026-10-06T20:21:17Z
9145063979,2738412567192158,Cafeteria Lover,276917,309,0.002,2025-12-10T23:55:05.077+00:00,2026-10-06T20:21:17Z
9145063979,1330328157876836,Drill Master,143653,96,0.001,2025-12-11T00:08:09.913+00:00,2026-10-06T20:21:17Z
9145063979,4324245455174221,See-Through Specialist,73204,45,0.0,2025-12-11T00:09:40.894+00:00,2026-10-06T20:21:17Z
9145063979,3453227915769334,Pickpocket,499396,315,0.002,2025-12-11T00:11:02.281+00:00,2026-10-06T20:21:17Z
9145063979,4395395310238150,Energized Criminal,325223,142,0.001,2025-12-11T00:12:18.701+00:00,2026-10-06T20:21:17Z
9145063979,197664784596082,Back From The Dead,45267141,51592,0.374,2025-12-11T00:13:19.913+00:00,2026-10-06T20:21:17Z
9145063979,3117879598956788,Lifesaver,4977,2,0.0,2025-12-11T00:15:51.251+00:00,2026-10-06T20:21:17Z
9145063979,3272172235912176,Archangel,34,0,0.0,2025-12-11T00:18:14.241+00:00,2026-10-06T20:21:17Z
9145063979,1737064512799009,Rooftops Escape,547065,273,0.002,2025-12-14T20:40:37.185+00:00,2026-10-06T20:21:17Z
8520148363,1650394004570513,The Fun is Starting!,21976194,23178,0.226,2025-10-13T14:23:26.425+00:00,2026-10-06T20:21:17Z
8520148363,340755865726004,Square Dominator!,489914,885,0.009,2025-10-13T14:24:05.339+00:00,2026-10-06T20:21:17Z
8520148363,2852068547399261,This is Better..,16609462,20835,0.203,2025-10-13T14:24:53.465+00:00,2026-10-06T20:21:17Z
8520148363,1292555816891369,Trigonometry!,309169,696,0.007,2025-10-13T14:25:13.522+00:00,2026-10-06T20:21:17Z
8520148363,2015283610824549,Reinforced!,10197183,14665,0.143,2025-10-13T14:28:06.92+00:00,2026-10-06T20:21:17Z
8520148363,1911089733919170,Pentagon Official!,189079,446,0.004,2025-10-13T14:28:32.729+00:00,2026-10-06T20:21:17Z
7883776681,4019613781737992,Rune Badge (Halloween Spotlight),137514,0,0.0,2025-10-15T09:38:29.928+00:00,2026-10-06T20:21:17Z
7883776681,3762100417635447,Key Badge (Halloween Spotlight),104630,0,0.0,2025-10-15T09:38:52.256+00:00,2026-10-06T20:21:17Z
7883776681,2625412728806018,Creator Showdown Badge,52689,0,0.0,2026-04-17T06:19:09.607+00:00,2026-10-06T20:21:17Z
10765950109,4472943227866606,Welcome!,1467555,188065,1.0,2026-09-11T14:45:09.074+00:00,2026-10-06T20:21:17Z
10765950109,1866759220109666,Soul Reaper Egg Collector,753,102,0.001,2026-10-01T00:54:50.21+00:00,2026-10-06T20:21:17Z
10765950109,4004861298006344,Hashira Egg Collector,593,95,0.001,2026-10-01T00:54:52.118+00:00,2026-10-06T20:21:17Z
10765950109,997672691112009,Titan Egg Collector,721,102,0.001,2026-10-01T00:54:54.072+00:00,2026-10-06T20:21:17Z
10765950109,1687624873952530,Pirate Egg Collector,658,90,0.001,2026-10-01T00:54:56.382+00:00,2026-10-06T20:21:17Z
10765950109,3274421661182296,Rias & Akeno Collector,615,74,0.001,2026-10-01T00:54:58.428+00:00,2026-10-06T20:21:17Z
9908641400,1428639959488746,MVP,253713,2113,0.018,2026-03-20T03:39:30.518+00:00,2026-10-06T20:21:17Z
9908641400,948539156851005,Ball Hawk,347201,2843,0.024,2026-03-20T03:39:50.64+00:00,2026-10-06T20:21:17Z
9908641400,1093089118408958,Legendary,294,3,0.0,2026-03-20T03:40:40.012+00:00,2026-10-06T20:21:17Z
9908641400,2989146318117013,Leg Day,7127,55,0.0,2026-03-20T03:38:00.652+00:00,2026-10-06T20:21:17Z
10743048214,487610853599050,Welcome to FNaF World,313416,79526,1.0,2026-09-20T19:28:06.704+00:00,2026-10-06T20:21:17Z
10743048214,3092468177840406,Balloon Boy Unlocked,97712,25432,0.487,2026-09-20T19:30:38.741+00:00,2026-10-06T20:21:17Z
10743048214,2690011111150679,JJ Unlocked,100648,26387,0.505,2026-09-20T19:31:34.888+00:00,2026-10-06T20:21:17Z
10743048214,2161622741959638,Phantom Freddy Unlocked,103973,27256,0.522,2026-09-20T19:32:22.172+00:00,2026-10-06T20:21:17Z
10743048214,775844888008331,Phantom Chica Unlocked,88015,23149,0.443,2026-09-20T19:32:53.412+00:00,2026-10-06T20:21:17Z
10743048214,2075395022746106,Phantom BB Unlocked,88793,23379,0.447,2026-09-20T19:33:49.167+00:00,2026-10-06T20:21:17Z
10743048214,2145148566568793,Phantom Foxy Unlocked,74933,19561,0.374,2026-09-20T19:34:47.122+00:00,2026-10-06T20:21:17Z
10743048214,3059563093385227,Phantom Mangle Unlocked,69281,18180,0.348,2026-09-20T19:35:35.477+00:00,2026-10-06T20:21:17Z
10743048214,3116916755959282,Withered Bonnie,67454,17676,0.338,2026-09-23T00:28:52.601+00:00,2026-10-06T20:21:17Z
10743048214,4202899824311898,Withered Chica,38592,10568,0.202,2026-09-23T00:29:01.896+00:00,2026-10-06T20:21:17Z
10743048214,2872153911415916,Withered Freddy,37055,10071,0.193,2026-09-23T00:29:10.339+00:00,2026-10-06T20:21:17Z
10743048214,1449210488378480,Withered Foxy,36235,9922,0.19,2026-09-23T00:29:17.336+00:00,2026-10-06T20:21:17Z
10743048214,2137342620791101,Shadow Freddy,31146,8575,0.164,2026-09-26T10:02:08.156+00:00,2026-10-06T20:21:17Z
10743048214,2710671862708055,Marionette,30249,8404,0.161,2026-09-26T10:03:40.688+00:00,2026-10-06T20:21:17Z
10743048214,45637245253914,Phantom Marionette,30108,8382,0.16,2026-09-26T10:04:10.036+00:00,2026-10-06T20:21:17Z
10743048214,1195860180173330,Golden Freddy Unlocked,26133,7163,0.137,2026-09-27T04:14:30.926+00:00,2026-10-06T20:21:17Z
10743048214,1809612686897710,Paperpals Unlocked,25760,6980,0.134,2026-09-27T04:14:47.528+00:00,2026-10-06T20:21:17Z
10743048214,2650541066255376,Nightmare Freddy Unlocked,24851,6768,0.129,2026-09-27T04:15:28.138+00:00,2026-10-06T20:21:17Z
10743048214,3624861983089059,Nightmare Bonnie Unlocked,22231,6054,0.116,2026-09-27T04:16:04.373+00:00,2026-10-06T20:21:17Z
10743048214,1368058384126840,Nightmare Chica,21757,5924,0.113,2026-09-27T04:16:22.167+00:00,2026-10-06T20:21:17Z
10743048214,2933865855705003,Nightmare Foxy,21350,5715,0.109,2026-09-27T04:16:37.025+00:00,2026-10-06T20:21:17Z
10743048214,4247356546406138,Endo-01 Unlocked,19782,5339,0.102,2026-09-30T20:30:28.667+00:00,2026-10-06T20:21:17Z
10743048214,2274884701666777,Endo-02 Unlocked,19661,5294,0.101,2026-09-30T20:30:37.975+00:00,2026-10-06T20:21:17Z
10743048214,417894178037968,Plushtrap Unlocked,19354,5247,0.1,2026-09-30T20:30:54.059+00:00,2026-10-06T20:21:17Z
10743048214,4396546318347795,Endoplush Unlocked,16672,4522,0.087,2026-09-30T20:31:33.303+00:00,2026-10-06T20:21:17Z
10743048214,1181340647207582,Springtrap Unlocked,15907,4297,0.082,2026-09-30T20:31:46.339+00:00,2026-10-06T20:21:17Z
10743048214,1037976657825658,RWQFSFASXC Unlocked,15376,4132,0.079,2026-09-30T20:32:03.074+00:00,2026-10-06T20:21:17Z
10743048214,1484629019611914,Crying Child Unlocked,13280,3518,0.067,2026-09-30T20:32:18.287+00:00,2026-10-06T20:21:17Z
10743048214,1864667384200546,Funtime Foxy Unlocked,13049,3478,0.067,2026-09-30T20:32:34.681+00:00,2026-10-06T20:21:17Z
10743048214,777766479667179,Nightmare Fredbear Unlocked,12558,3345,0.064,2026-09-30T20:32:52.746+00:00,2026-10-06T20:21:17Z
10743048214,3711536316987811,Nightmare Unlocked,7317,1846,0.035,2026-09-30T20:33:22.435+00:00,2026-10-06T20:21:17Z
10743048214,2454536967971983,Fredbear Unlocked,5817,1438,0.028,2026-09-30T20:33:33.978+00:00,2026-10-06T20:21:17Z
10743048214,3735148789230275,Spring Bonnie Unlocked,3707,893,0.017,2026-09-30T20:34:03.991+00:00,2026-10-06T20:21:17Z
10158471028,4308508728712126,Junior 5th,1415325,94885,1.0,2026-09-21T14:22:15.342+00:00,2026-10-06T20:21:17Z
10158471028,2105478095148950,Junior 4th,1066073,67171,0.873,2026-09-21T14:22:28.408+00:00,2026-10-06T20:21:17Z
10158471028,2520090540796378,Junior 3rd,979740,61332,0.797,2026-09-21T14:22:35.847+00:00,2026-10-06T20:21:17Z
10158471028,3891035548512333,Junior 2nd,731072,46283,0.601,2026-09-21T14:22:45.765+00:00,2026-10-06T20:21:17Z
10158471028,1471570223011071,Junior 1st,490631,31259,0.406,2026-09-21T14:22:56.034+00:00,2026-10-06T20:21:17Z
10158471028,2312109634961413,Intermediate 5th,251328,17173,0.223,2026-09-22T06:53:35.441+00:00,2026-10-06T20:21:17Z
10158471028,873710255671148,Intermediate 4th,107841,7950,0.103,2026-09-22T06:53:42.465+00:00,2026-10-06T20:21:17Z
10158471028,1685703122508859,Intermediate 3rd,46121,3332,0.043,2026-09-22T06:53:49.311+00:00,2026-10-06T20:21:17Z
10158471028,1565935177557360,Intermediate 2nd,15085,939,0.012,2026-09-22T06:53:56.956+00:00,2026-10-06T20:21:17Z
10158471028,1927225495910069,Intermediate 1st,4521,251,0.003,2026-09-23T04:39:07.31+00:00,2026-10-06T20:21:17Z
10158471028,2871521720557844,Senior 5th,1342,106,0.001,2026-09-23T04:46:11.814+00:00,2026-10-06T20:21:17Z
10158471028,1695100308667801,Senior 4th,457,35,0.0,2026-09-23T04:46:25.018+00:00,2026-10-06T20:21:17Z
10158471028,937198838803779,Senior 3rd,210,13,0.0,2026-09-23T04:46:33.864+00:00,2026-10-06T20:21:17Z
10158471028,81653969401946,Senior 2nd,137,8,0.0,2026-09-23T04:46:40.757+00:00,2026-10-06T20:21:17Z
10158471028,58955990936291,Senior 1st,100,5,0.0,2026-09-24T07:05:53.016+00:00,2026-10-06T20:21:17Z
10158471028,3075259131207680,Grand 2nd,67,4,0.0,2026-09-24T07:06:19.29+00:00,2026-10-06T20:21:17Z
10158471028,3822132883165085,Grand 1st,42,1,0.0,2026-09-24T07:06:32.889+00:00,2026-10-06T20:21:17Z
4523856444,2144774401,Welcome!,314861670,95242,0.914,2023-04-27T14:08:01.193+00:00,2026-10-06T20:21:17Z
4523856444,2144774486,Winner !,16893022,4491,0.043,2023-04-27T14:09:43.38+00:00,2026-10-06T20:21:17Z
4523856444,2145639907,Chapter 1!,15862492,5560,0.053,2023-05-13T12:41:58.147+00:00,2026-10-06T20:21:17Z
4523856444,2145639923,Chapter 2!,1779157,416,0.004,2023-05-13T12:42:30.943+00:00,2026-10-06T20:21:17Z
4523856444,2145639941,Loud Sound...,1366198,375,0.004,2023-05-13T12:42:52.777+00:00,2026-10-06T20:21:17Z
4523856444,2145639961,Can You Find Me?,35153,2,0.0,2023-05-13T12:43:24.083+00:00,2026-10-06T20:21:17Z
4523856444,2145639988,Like In A Horror Movie...,2016163,622,0.006,2023-05-13T12:43:52.55+00:00,2026-10-06T20:21:17Z
4523856444,2145640013,Back In Kindergarten...,988556,336,0.003,2023-05-13T12:44:28.79+00:00,2026-10-06T20:21:17Z
4523856444,2145640041,Why Would You Go There?,769855,220,0.002,2023-05-13T12:44:56.04+00:00,2026-10-06T20:21:17Z
4523856444,2146562442,I Feel Like a Trainer !,130953,28,0.0,2023-06-01T18:30:20.99+00:00,2026-10-06T20:21:17Z
4523856444,2146562482,Chapter 3!,541475,245,0.002,2023-06-01T18:31:29.757+00:00,2026-10-06T20:21:17Z
4523856444,1582470906064645,Complete Quest,267510,0,0.0,2025-06-12T18:51:05.381+00:00,2026-10-06T20:21:17Z
4523856444,2002095438787013,Start Quest,855573,0,0.0,2025-06-19T03:44:54.257+00:00,2026-10-06T20:21:17Z
8539298853,2310543252637783,The Other Reality,7150523,1949,0.02,2025-10-23T17:58:43.164+00:00,2026-10-06T20:21:17Z
8539298853,2335580643689682,Perfect Shift,3257882,624,0.006,2025-10-23T17:59:03.723+00:00,2026-10-06T20:21:17Z
8539298853,3859530300923014,Erased from Reality,42110089,10077,0.101,2025-10-23T17:59:17.058+00:00,2026-10-06T20:21:17Z
8539298853,675811825688661,The Inspector,54253257,13419,0.134,2025-10-23T17:59:28.604+00:00,2026-10-06T20:21:17Z
8539298853,1548943367795853,Unstable Shift,6439622,1042,0.01,2025-10-23T17:59:42.827+00:00,2026-10-06T20:21:17Z
8539298853,3925239037360973,"Yes, i'm a Human",21955410,4309,0.043,2025-10-25T16:55:06.349+00:00,2026-10-06T20:21:17Z
8539298853,3446636560307654,Don’t Open the Door,2310350,552,0.006,2025-10-30T16:57:57.877+00:00,2026-10-06T20:21:17Z
8539298853,3321994664930612,The Witness,207688,0,0.0,2025-11-04T09:23:01.955+00:00,2026-10-06T20:21:17Z
8539298853,3290349898693789,First Day,74530616,19769,0.198,2025-11-06T01:18:59.514+00:00,2026-10-06T20:21:17Z
8539298853,3949752126504663,One Week at the Kiosk,1666969,111,0.001,2025-11-06T01:19:14.648+00:00,2026-10-06T20:21:17Z
8539298853,3756375502769789,Month of Madness,709,0,0.0,2025-11-06T01:19:46.484+00:00,2026-10-06T20:21:17Z
8539298853,1552343144363265,7/24 in a row,11,0,0.0,2025-11-10T20:43:45.542+00:00,2026-10-06T20:21:17Z
8539298853,279328492084527,The Cat with a Cursed Face,18672603,3992,0.04,2025-11-13T01:11:04.217+00:00,2026-10-06T20:21:17Z
8539298853,1996341215013965,Blind Obedience,5128387,0,0.0,2025-12-17T17:48:08.868+00:00,2026-10-06T20:21:17Z
8539298853,306197568893409,I Heard Nothing,6568042,0,0.0,2025-12-18T17:22:05.788+00:00,2026-10-06T20:21:17Z
8539298853,3953254048775796,Defied Fate,1032969,0,0.0,2025-12-18T17:29:06.011+00:00,2026-10-06T20:21:17Z
8539298853,3459657710486743,That's right...,9232684,3404,0.034,2026-01-19T14:38:19.985+00:00,2026-10-06T20:21:17Z
8539298853,3535505545574473,HEY! BEHIND YOU,506530,386,0.004,2026-01-19T14:39:17.094+00:00,2026-10-06T20:21:17Z
8539298853,2017333433482474,Anomalous Broadcast,37207480,21017,0.21,2026-01-19T14:39:46.68+00:00,2026-10-06T20:21:17Z
8539298853,792904025880360,Heartless,709815,9,0.0,2026-02-10T01:21:47.199+00:00,2026-10-06T20:21:17Z
8539298853,2878235753010914,False alarm,10850722,15241,0.153,2026-02-24T03:04:07.72+00:00,2026-10-06T20:21:17Z
8539298853,3431327816967957,Accepted by the Deep,3037530,1687,0.017,2026-02-26T15:53:59.378+00:00,2026-10-06T20:21:17Z
8539298853,1583812844864088,CATACLYSM,2602,0,0.0,2026-03-15T13:24:12.517+00:00,2026-10-06T20:21:17Z
8539298853,2422261192361123,No Evidence,317597,866,0.009,2026-04-19T09:24:39.03+00:00,2026-10-06T20:21:17Z
8539298853,1183673893767317,EXTREME PERFECT SHIFT!,953,0,0.0,2026-04-30T21:32:44.846+00:00,2026-10-06T20:21:17Z
8539298853,3546445124802390,HAPPY VALLEY,3432757,4127,0.041,2026-04-30T21:33:52.168+00:00,2026-10-06T20:21:17Z
8539298853,3135139714184023,Dry Drowning,389,0,0.0,2026-04-30T21:38:02.307+00:00,2026-10-06T20:21:17Z
8539298853,2638682929544117,One of US,103842,201,0.002,2026-05-30T16:10:49.267+00:00,2026-10-06T20:21:17Z
8539298853,1304640558750421,Feed the Backrooms,1109535,1885,0.019,2026-06-03T21:13:52.566+00:00,2026-10-06T20:21:17Z
8539298853,260137294025720,Happy Paulie,653985,2976,0.03,2026-07-17T06:50:47.799+00:00,2026-10-06T20:21:17Z
8539298853,1166317669285508,"Happy 20th Anniversary, Roblox!",62430,8768,0.088,2026-10-02T07:08:39.966+00:00,2026-10-06T20:21:17Z
8539298853,3221375285352020,Shawarma: The Good Old Days,0,0,0.0,2026-10-02T08:47:47.867+00:00,2026-10-06T20:21:17Z
10766142497,627033078604561,First Ride,766895,179737,1.0,2026-09-17T14:54:08.906+00:00,2026-10-06T20:21:17Z
10766142497,4328461894321758,One Kilometer,689488,161457,1.0,2026-09-17T14:55:55.289+00:00,2026-10-06T20:21:17Z
10766142497,647300102608672,High Five,465314,108696,1.0,2026-09-17T14:59:47.454+00:00,2026-10-06T20:21:17Z
10766142497,1742317827958805,First Fare,572993,140012,1.0,2026-09-17T15:02:37.167+00:00,2026-10-06T20:21:17Z
10766142497,2724131364601234,Checkered Flag,54612,11567,0.17,2026-09-17T15:07:07.575+00:00,2026-10-06T20:21:17Z
10766142497,3779571462807906,Road Veteran,124756,27007,0.397,2026-09-18T05:21:51.249+00:00,2026-10-06T20:21:17Z
10766142497,1218171711274703,Drift Star,264215,64289,0.946,2026-09-18T05:23:48.527+00:00,2026-10-06T20:21:17Z
10766142497,2151588119346264,Wheelie Wizard,339711,80285,1.0,2026-09-18T05:25:17.891+00:00,2026-10-06T20:21:17Z
10766142497,1993925829777645,Hang Time,14738,3945,0.058,2026-09-18T05:26:42.459+00:00,2026-10-06T20:21:17Z
10766142497,3706477315742703,Road Regular,41068,9121,0.134,2026-09-18T05:27:52.685+00:00,2026-10-06T20:21:17Z
10677698797,560562798334279,KAIZO: P Rank,315,49,0.001,2026-10-03T15:26:14.07+00:00,2026-10-06T20:21:17Z
10677698797,2129221495763277,Knight: P Rank,1243,156,0.002,2026-10-03T15:43:06.584+00:00,2026-10-06T20:21:17Z
10677698797,3411368686865272,Pink: P Rank,314,52,0.001,2026-10-03T16:17:45.697+00:00,2026-10-06T20:21:17Z
10714746778,1984992317610619,Welcome,7908921,136526,0.876,2026-08-28T17:31:02.783+00:00,2026-10-06T20:21:17Z
10714746778,848070113328137,15 Minutes Played,3599847,75062,0.481,2026-08-28T17:30:35.584+00:00,2026-10-06T20:21:17Z
10714746778,3806438675406815,1 Hour Played,777201,27629,0.177,2026-08-28T17:30:14.562+00:00,2026-10-06T20:21:17Z
10714746778,2108823469232884,5 Hours Played,21200,1350,0.009,2026-08-28T17:29:58.937+00:00,2026-10-06T20:21:17Z
10714746778,626139467478540,24 Hours Played,56,12,0.0,2026-08-28T17:29:18.371+00:00,2026-10-06T20:21:17Z
4850044287,3144107408125379,welcome.png,80792369,78229,0.81,2025-06-29T18:51:45.745+00:00,2026-10-06T20:21:17Z
4850044287,1900338620052020,ice stranded,459002,590,0.006,2025-06-22T21:26:24.438+00:00,2026-10-06T20:21:17Z
4850044287,1076246825242624,snake stranded,154353,217,0.002,2025-06-22T22:12:05.534+00:00,2026-10-06T20:21:17Z
4850044287,3424965555764359,in the cube,67631,78,0.001,2025-06-23T21:57:20.266+00:00,2026-10-06T20:21:17Z
4850044287,4055735260475594,got the egg!,105309,0,0.0,2025-06-13T23:05:53.989+00:00,2026-10-06T20:21:17Z
10764640833,1039193615148777,1 Finish,829531,38407,0.159,2026-08-31T19:09:01.615+00:00,2026-10-06T20:21:17Z
10764640833,828463431089325,5 Finishes,42701,3021,0.013,2026-08-31T19:09:12.193+00:00,2026-10-06T20:21:17Z
10764640833,4268422837214517,10 Finishes,9689,810,0.003,2026-08-31T19:09:26.088+00:00,2026-10-06T20:21:17Z
10764640833,1092174592928870,50 Finishes,232,42,0.0,2026-08-31T19:09:39.35+00:00,2026-10-06T20:21:17Z
10764640833,3820938880879181,100 Finishes,57,12,0.0,2026-08-31T19:09:50.239+00:00,2026-10-06T20:21:17Z
10764640833,555620774789154,500 Finishes,2,0,0.0,2026-09-02T06:26:12.66+00:00,2026-10-06T20:21:17Z
10764640833,11085148351525,1000 Finishes,0,0,0.0,2026-09-02T06:26:25.996+00:00,2026-10-06T20:21:17Z
10764640833,1632781678108993,1 Win,510197,20283,0.084,2026-09-02T06:27:21.719+00:00,2026-10-06T20:21:17Z
10764640833,3658157893044179,10 Wins,6512,350,0.001,2026-09-02T06:27:49.298+00:00,2026-10-06T20:21:17Z
10764640833,2742829124530970,100 Wins,3,0,0.0,2026-09-02T06:28:49.333+00:00,2026-10-06T20:21:17Z
10764640833,3189502863825330,Alpha Tester,5373393,73323,0.304,2026-09-06T02:11:02.987+00:00,2026-10-06T20:21:17Z
10764640833,3315250471039856,Ascend,182498,8507,0.035,2026-09-06T02:14:09.043+00:00,2026-10-06T20:21:17Z
10764640833,3382800396808798,5 Ascends,1115,42,0.0,2026-09-06T02:14:43.218+00:00,2026-10-06T20:21:17Z
10764640833,1398591917891359,10 Ascends,25,2,0.0,2026-09-06T02:14:53.582+00:00,2026-10-06T20:21:17Z
9296042754,4299437614069502,You Played,28872291,152539,1.0,2025-12-05T08:27:37.677+00:00,2026-10-06T20:21:17Z
9296042754,880792500989850,Fugitive!,22156637,118613,0.943,2025-12-05T08:27:50.955+00:00,2026-10-06T20:21:17Z
9296042754,450917344567586,Stole a keycard,1952693,11051,0.088,2025-12-05T08:28:13.326+00:00,2026-10-06T20:21:17Z
9296042754,1633825662788051,Retribution,5268609,29322,0.233,2025-12-05T08:31:37.574+00:00,2026-10-06T20:21:17Z
9296042754,2419171293239995,Successful Heist,8701825,43793,0.348,2026-01-07T07:23:31.766+00:00,2026-10-06T20:21:17Z
850110028,3828598863076390,Welcome,19590569,27526,0.369,2025-07-22T10:35:24.616+00:00,2026-10-06T20:21:17Z
