universe_id,root_place_id,name,creator_name,creator_type,creator_id,genre,genre_l1,genre_l2,created,updated,max_players,price,first_seen,description
0,0,[TITLE UNAVAILABLE],[UNKNOWN],Group,0,,,,0001-01-01T05:51:00Z,0001-01-01T05:51:00Z,0,,2026-10-06T23:48:08Z,[DESCRIPTION UNAVAILABLE]
47545,192800,🍕Work at a Pizza Place,Dued1,User,82471,Town and City,Roleplay & Avatar Sim,Life,2008-03-28T18:12:42.6Z,2026-10-05T19:27:45.558269Z,12,,2026-10-06T20:21:17Z,🤝Work as a team to fulfill food orders. 🏠Use your work earnings to upgrade your house and buy furniture. Don't forget to 👍 and ⭐! It really helps!
65241,189707,Natural Disaster Survival,Stickmasterluke,User,80254,All,Survival,,2008-03-28T21:33:42.623Z,2026-09-17T16:05:51.936Z,30,,2026-10-06T20:21:17Z,"Quickly, run around in circles! Your life depends on it!"
2471084,13822889,🌳 Lumber Tycoon 2,Defaultio,User,1320922,Adventure,Simulation,Tycoon,2009-07-30T11:02:45.77Z,2026-10-06T19:10:40.5882093Z,6,,2026-10-06T20:21:17Z,Welcome to Lumberland! Deforest your surroundings and build your dreams! Check the changelog to keep up with the most recent updates. You can find it in the game menu. Thanks for playing!
16680835,21532277,Notoriety: A PAYDAY® Experience,Moonstone Games,Group,8918098,FPS,Shooter,PvE Shooter,2010-01-29T10:18:58.4Z,2026-10-06T23:51:17.4850646Z,80,,2026-10-06T20:21:17Z,"Notoriety: A PAYDAY® Experience is a fast-paced, first person co-op shooter that allows you to join the Notorious crew in planning and executing their next big heist. HOW TO PLAY: Upon joining, click the ""PLAY"" button which takes you to a list of public heists. You're also able to start your own heist from there. Press [TAB] (Keyboard) or [SELECT] (Controller), or the gear icon (Mobile) when you're in the heist to view controls. Players with Roblox Premium receive an exclusive suit, armor, and mask! 💎 Version 3.20 - Shady Contracts - 🧬New contracts available for a limited time! Earn unique rewards and enjoy fun takes on old heists. - 👔Newly obtainable cosmetics - ✨Bug fixes and improvements Tags: Heist, Stealth, FPS, Strategy"
21164849,20321167,Pilot Training Flight Simulator,Pilot Training Club,Group,2794513,Adventure,Simulation,Vehicle Sim,2010-01-04T12:59:06.023Z,2026-10-02T13:55:48.622Z,20,,2026-10-06T20:21:17Z,"We’re closing in on 900k likes! Leave a rating and help us reach this huge milestone! Welcome to Pilot Training where you can fly a wide range of different aircraft ranging from the mighty An-225, to the adorable Piper Cub. Currently 96 Aircraft: ✈️"
31970568,69184822,Theme Park Tycoon 2,Den_S,User,1741242,Building,Simulation,Tycoon,2012-01-02T05:48:04.77Z,2026-08-31T13:57:04.175Z,6,,2026-10-06T20:21:17Z,"In Theme Park Tycoon 2 you get your own plot of land to build your own theme park on, together with your friends! Construct a range of rides the way you want and design your own roller coasters to truly make your park your own! Select from hundreds of scenery pieces to decorate your park further!"
66654135,142823291,Murder Mystery 2,Nikilis,User,1848960,Horror,Survival,1 vs All,2014-01-18T10:07:51.557Z,2026-09-24T18:02:21.723Z,12,,2026-10-06T20:21:17Z,"Can you solve the Mystery and survive each round? INNOCENTS: Run and hide from the Murderer. Use your detective skills to expose the Murderer. SHERIFF: Work with the Innocents; you are the only one with a weapon who can take down the Murderer. MURDERER: Eliminate EVERYONE. Don't get shot by the sheriff. Collect and trade hundreds of knives! Check out my profile for quick links to my pages! Like, follow, and subscribe for exclusive update news, free knife codes, and more!"
73754455,155382109,Survive and Kill the Killers in Area 51 !!!,homermafia1,User,60100179,Horror,Survival,Escape,2014-04-29T20:56:21.373Z,2026-07-29T20:06:28.5Z,99,,2026-10-06T23:48:08Z,"What secrets could lie in Area 51 ? Explore this mysterious place and find it out ! Latest update: V17.1 - Juggernaut abilities (18/07/2026) - Added 3 abilities to the juggernaut in juggernaut mode - Revamped controls - Bug fixes Private server owners can access exclusive commands ! If you have any questions, make sure to check the FAQ in-game before asking ! Experienced a bug ? Chat ""/debug"" and send the shown information on social media below. Experience Rules: https://devforum.roblox.com/t/3176342"
73885730,155615604,Prison Life,Aesthetical,User,53537032,Town and City,Action,Open World Action,2014-05-02T01:25:47.94Z,2026-07-03T20:45:17.382Z,24,,2026-10-06T20:21:17Z,"Live life as a prisoner and escape, or become a guard and defend the prison! Sniper Update! (1/24) - Added Sniper pass - Guards can now dispose of dropped key cards/guns - Bug fixes and security updates"
79301772,166986752,🔨Plane Crazy🔨 [UPDATE],Plane Crazy Developers,Group,4518168,Building,Simulation,Sandbox,2014-07-16T16:19:40.94Z,2026-10-03T21:50:50.973Z,12,,2026-10-06T20:21:17Z,"Build anything you can imagine, show it off to your friends, or battle with it! ✈️ Planes • 🚗 Cars • 🚤 Boats • 🚀 Rockets 🚂 Trains • 🤖 Mechs • ⚙️ Machines • 🏠 Houses 🌎 Physics sandbox • 👥 Multiplayer • ⚔️ PvP • 🕊️ Peaceful mode Create everything from working machines to detailed showcase builds."
79609758,166731267,The Dropper ✨ [135+ LEVELS!],Lilly Pop Productions,Group,7291819,All,Obby & Platformer,,2014-07-16T22:03:09.583Z,2026-08-29T16:11:29.421Z,12,,2026-10-06T23:48:08Z,"Welcome to one of the first dropper games on Roblox! This game was inspired by a Minecraft map called The Dropper. 👉 Created by: https://www.roblox.com/groups/7291819/Lilly-Pop-Productions 👈 ALL LEVELS ARE POSSIBLE ✅Levels and skip stages save! The objective of this game is to reach the bottom of each level while avoiding obstacles, and the levels get increasingly harder as you level up. New maps are always being added. Please note that this experience contains mild flashing colors and lights. Total levels: 136 ✨UPDATE 02/06/2026: ⚡️ 3 new levels: Waffle Land, Bloxy Cola, and Construction ⚡️ Renovated some beginning levels If you encounter any issues please post them on our group wall so they can be fixed! Good luck and have fun falling your way to victory 🏆 The Dropper Rainbow Obby Platformer Free Fall Game"
83148140,174238106,✈RED VS BLUE PLANE WARS!,Psvita65594,User,30827451,Military,Action,Battlegrounds & Fighting,2014-08-24T21:12:27.947Z,2026-10-06T23:17:36.4843241Z,22,,2026-10-06T23:48:08Z,"Attack and destroy your opponents on the other side by using planes! You can also build towers to strengthen defense! UPDATES (only works for new servers): - NEW! ROCKET LAUNCHER SKINS!! 🚀🔫 - NEW FREE PLANE! THE DART CRUSADER! FIND AT THE MIDDLE ISLAND! 🏝️ - NEW! SUNDAY BONUS! GET 4 EXTRA COINS WHEN YOU WIN A GAME ROUND! 📅 - NEW! SPACE TWIST! 🚀🛰️ + MAGIC SCISSORS ✂️ (FIXED SOME PLANES NOT WORKING IN SPACE AS WELL) ⚠️NOTICE: Any attempts to exploit/hack can result in a PERMANENT BAN or SUSPENSION *Not available in boats and select planes. Currently not available in Xbox Tags: Red vs Blue, War, Planes, Airplane"
83858907,183364845,[💎] Speed Run 4,Vurse,User,41163986,Adventure,Obby & Platformer,,2014-10-20T20:45:51.687Z,2026-09-24T22:09:08.017Z,30,,2026-10-06T20:21:17Z,"Join in the fast paced fun and test your skill with this challenging platformer! There are dozens of unique levels to run and parkour through to victory. Each level has a unique song and appearance.. Can you reach all the final levels? Race your friends, or race against the clock and keep an eye on the timer, good luck! Remember - you can unlock forbidden levels with stars.. and you can still unlock dimensions by beating the game of course. Join our development team https://www.roblox.com/My/Groups.aspx?gid=1234705 Speed Run 4's official Roblox Hat: https://www.roblox.com/catalog/14607948233/Speed-Run-4-Head Tags: Colorful, Super, Speed, Fun, Obby, Parkour, Teamwork, Run, Victory, Win, Faster, Platformer, Clicker, Easy"
88070565,185655149,[🍂] Welcome to Bloxburg,Bloxburg Development,Group,8505490,Town and City,Roleplay & Avatar Sim,Life,2014-11-04T03:31:28.28Z,2026-09-24T11:58:24.126Z,12,,2026-10-06T20:21:17Z,"👋 Welcome to the town of Bloxburg, where you can be anything you want to be! 🏡 Build and decorate, or buy the house or creation of your dreams! 👕 Customize your character with outfits and roles! 🎭 Roleplay with friends using interactive items and emotes! 💼 Choose a job and earn money + rewards as you work! 🚗 Select one of many vehicles and drive around town! 🏆 Level up your skills, such as cooking, and unlock exciting content! Thanks for playing! Make sure to follow us ⭐ and give the game a thumbs up! 👍 Genres: Roleplay, Building, Life Simulation, Hangout, Town & City, Driving"
93740418,205224386,Hide and Seek Extreme,Tim7775,User,4563899,Adventure,Party & Casual,Childhood Game,2015-01-18T14:37:18.027Z,2026-08-28T14:34:44.515Z,14,,2026-10-06T23:48:08Z,"Welcome to Hide and Seek Extreme. At the start of the game, one player gets chosen to be 'It'. 'It' has to try and find the other players. 'It' will not spawn with their default character, instead they will spawn with their equipped 'It' character. Every 'It' character has a special ability that can be used to help catch the hiders. 'It' characters can be purchased in the shop. Press 1 to use your 'It' ability Press T to taunt"
97314177,221718525,[UPDATE💪] Ninja Tycoon (v4.8),Coldjason,User,6781227,All,Simulation,Tycoon,2015-02-28T15:10:40.33Z,2026-10-05T03:15:59.105Z,9,,2026-10-06T23:48:08Z,"Like Demon Slayer? try my tycoon: https://www.roblox.com/games/6490016198/GRAND-OPENING-Slayer-Tycoon ------------------------------ E - Dash (Button on mobile) (Y button on console) Double Space - Double Jump Jump on Wall - Wall Climbing *Activate Gamepass Modes in the Robux GUI, click the one you own ------------------------------ Join the discoard to read the update log. ------------------------------ Be aware that this game doesn't save tycoons and weapons. It was not designed to be that way. ----------------------------------- DEVS: Coldjason (Me) - Creator AzuriteStorm - Builder + Modeler"
98929893,71315343,[PARASITE 🌀] Dragon Ball Rage,Dragon Ball Rage Club,Group,2764998,Fighting,RPG,Action RPG,2012-01-30T03:54:20.827Z,2026-09-27T07:43:02.843Z,20,,2026-10-06T20:21:17Z,"👊 Fight your enemies, friends, and rivals in Dragon Ball Rage. Unlock epic skills, incredible modes & transformations, and obtain super strength. Will you be the strongest in this action-packed anime RPG? Special thanks to Nick Spekter for creating the game icon for this update! NEW CODE AT 700K LIKES Sorry4Delay - 5000 Zeni HaveSomeExp - 2x Exp 20min 🎮 Console and Mobile supported! 🐲 Dragon Balls Added! 💰 Zeni Added! Current Max: 305 Million 💪 Limit Breaker Max: 310 Million 💪🔥 Zenkai Boost Max: 50 🌟 ⭐Roblox Plus Benefits⭐ - 1.2x Mastery - 1.2x Exp - 1.2x Zeni"
104598338,253431746,Theme Park HeideLand 🎢,PassiGames,User,5352357,Adventure,Simulation,,2015-05-29T21:06:21.62Z,2026-10-06T18:11:46.6808668Z,30,,2026-10-06T23:48:08Z,"Welcome to the Theme Park HeideLand, the most successful on Roblox. Experience unique adventures. Ride unique roller coasters. Join the Group Simulation Games for more information! https://www.roblox.com/groups/2786654/Simulation-Games#!/about"
107172930,263761432,Horrific Housing,CookieScript's games,Group,17171528,Comedy,Survival,,2015-06-27T15:30:12.92Z,2026-10-03T10:07:00.084Z,12,,2026-10-06T23:48:08Z,Just for a bit of fun. Can you survive a laundry list of exciting randomly chosen disasters? All you have is a small floating plot of land with a house - are you able to out live your opponents? pls thumb up 👍 and favourite ⭐
110181652,277751860,Epic Minigames ✨,Typical Games,Group,2649054,All,Party & Casual,Minigame,2015-07-29T08:46:24.84Z,2026-10-06T07:06:04.9454369Z,12,,2026-10-06T20:21:17Z,"Welcome to Epic Minigames, the game where you can enjoy a collection of 142 unique and exciting minigames! 🕹️ Level up and earn coins by winning rounds, and spend your coins on gear, pets, effects, and other fun stuff for your character. 🌟 As well as the main minigame mode, there's also Epic Party 🎲, a board game where you can compete against a group of friends or strangers to see who can gather the most crystals! 💎"
111958650,286090429,Arsenal,ROLVe,Group,2613928,Fighting,Shooter,Deathmatch Shooter,2015-08-18T06:19:03.177Z,2026-10-06T23:00:51.4764794Z,16,,2026-10-06T20:21:17Z,"Race to the top through a massive Arsenal of weapons! Conquer the day in fast paced arcade gameplay, from bazookas to spell books, each weapon will keep you guessing on what's next! Earn BattleBucks and trick out your game with a huge cast of characters, melees, kill effects, skins and more! Join the ROLVe group for an in-game chat tag and 25% more BattleBucks and XP!"
113491250,292439477,[Fall Weapon Remodels!] Phantom Forces,StyLiS Studios,Group,1103278,FPS,Shooter,Deathmatch Shooter,2015-08-31T06:00:14.907Z,2026-10-03T03:00:03.674Z,32,,2026-10-06T20:21:17Z,Phantom Forces is an FPS featuring thousands of possible weapon loadouts you can create! Compete with your friends in different game modes across many maps from urban environments to desert towns to frozen wastelands! [FALL 2026 UPDATE] - NEW DMR: REGULATOR - NEW ASSAULT RIFLE: SPEAR LT - NEW CARBINE: VIRTUS - NEW PDW: RATTLER - NEW MELEE: CUTLASS (Case unlock) - CARBINE REMODEL: AR36K - PDW REMODEL: AR36 - ASSAULT RIFLE REMODEL: AR36 - LMG REMODEL: IAR36 - DMR REMODEL: PL8 - BATTLE RIFLE REMODEL: VZ. 806 BR - DMR REMODEL: VZ. 806 PPS - BATTLE RIFLE REMODEL: M7 NGSW - Added ability to rotate skins! - Added/Updated a bunch of iron sight attachments! - Added new red dot sights! - Updated colors/parts on other guns! - Rebalances for many weapons and attachments! - Multiple bug fixes! Thank you for continuing support for PF for over 10 years!
114070244,294790062,Roblox Titanic,Virtual Valley Games,Group,1241210,Adventure,Survival,,2015-09-06T13:31:56.283Z,2026-09-30T04:07:44.795Z,30,,2026-10-06T20:21:17Z,"Aboard Roblox Titanic you can explore the ship's luxurious interior with fellow passengers! Reenact the infamous iceberg spotting. Roleplay as the ship sinks, rooms flood, lifeboats launch, funnels fall, and the ship splits in half. Sinking ship simulator. Based on Titanic, 1912. Roblox Titanic by Virtual Valley Games Genres: Adventure, Disaster, Roleplay, Simulation, Maritime"
114967577,298400657,[ULTRA INSTINCT!] Dragon Ball Final: Reborn,NilSaiyanz,User,85430711,Fighting,RPG,Action RPG,2015-09-19T15:36:06.48Z,2026-10-04T16:38:33.568Z,6,,2026-10-06T20:21:17Z,"🌠 5% Bonus to Quest Rewards With Friend Benefits & Additional 5% Bonus with Premium! A fan-made open-world anime-styled RPG and fighting game with a unique training system! [THIS GAME IS STILL HEAVILY WORK IN PROGRESS, A LOT CAN CHANGE] 📲 Mobile players can only play with a keyboard 🎮 Xbox players can play [Beta so expect bugs] ⚔️ Controls (listed in description): LMB & RMB: Combat Q: Ki Blast Left Alt: Ki Sense E: Block F/MMB: Targeting Hold E + Q: Evasive Skill L: Change camera J: Suppress aura E + R: Deflect Ki Blasts Space + RMB: Burst Dash W + RMB: Stamina Break X: Vanish Double Tap Space: Fly Left Shift: Fly Dash / Run U: Image Training ] and [: Power Output E + C: Surge Mode Previously Known as: Dragon Ball Final Remastered"
115797356,301549746,Counter Blox,Headwind,Group,13733926,FPS,Shooter,Deathmatch Shooter,2015-09-27T07:13:41.767Z,2026-10-06T20:23:58.6567674Z,14,,2026-10-06T20:21:17Z,"Take part in a 5v5 team based fire fight across a variety of maps spanning across the globe. Earn in-match money by eliminating enemies and playing objectives, which you can use to buy new weapons, gear and grenades at the start of each round."
123956318,334730614,Kaizen [RP],Fate Forge,Group,2566967,RPG,Roleplay & Avatar Sim,Life,2015-12-21T08:44:03.553Z,2026-10-06T23:50:47.5388298Z,70,,2026-10-06T20:21:17Z,"Welcome to Kaizen! This is an interactive slice-of-life roleplay game centered around a public school set in a current day fictional town of Kaizen located in Japan. Attend Kaizen Highschool and enjoy playing as a Student, Teacher, School Staff, or as a Townsperson. Explore the town of Kaizen while you're at it; there is tons of sight-seeing and exploring to do! Be sure to make lots of friends along the way! This game is still a work in progress. Many updates are planned. Previous Names: Kaizen's Origami, Anime High School ╳▬▬▬▬▬▬▬▬▬▬▬▬▬▬▬▬▬▬▬▬▬▬▬▬╳ Group Link: Fate Forge (Where the community is located!) https://www.roblox.com/My/Groups.aspx?gid=2566967 ╳▬▬▬▬▬▬▬▬▬▬▬▬▬▬▬▬▬▬▬▬▬▬▬▬╳"
124283622,335760407,TPS: Street Soccer 🏆,TAYFUN7,User,1571620,Sports,Sports & Racing,Sports,2015-12-23T17:26:52.283Z,2026-10-05T01:56:25.468Z,8,,2026-10-06T20:21:17Z,"💣 Play fun and fast-paced street soccer! Use powerful abilities, score amazing goals, upgrade your player cards, climb the leaderboards, and become the best! 🏆 TPS Ultimate Soccer: https://www.roblox.com/join/7rti6 ⚽ TAYF Digital: https://www.roblox.com/communities/5334925/TAYF-Digital"
140733710,373513488,FNAF RP - TPRR [🐻FB3 EVENT📺],The Pizzeria Roleplay: Remastered,Group,2773187,All,Roleplay & Avatar Sim,Morph Roleplay,2016-02-26T10:08:38.04Z,2026-10-01T06:28:01.655Z,12,,2026-10-06T23:48:08Z,"Dive into the extensive world of Five Nights at Freddy’s : The Pizzeria Roleplay Remastered! Play as your favorite characters from EVERY corner of Fnaf, and meet a few new faces along the way! Explore different eras of the franchise, from Fredbear’s all the way to the PizzaPlex, and uncover the horrors hidden behind these checkered walls. 🎮Each map has unique quests, achievements, and secrets to discover! Play minigames, complete quests and survive the night to collect coins and tickets to unlock new characters, map skins, and more! 🏗️Express yourself with our custom character creator, and build your very own pizzerias in our map editor! 🎉Make friends and memories with hundreds of characters and endless roleplay possibilities! ⚙️ Semi-frequent updates with new characters, customization options, QOL features and bug fixes! 📋 This is a fangame based on Scott Cawthon’s Five Nights at Freddy’s series. Check in-game for additional credits."
184199275,2338325648,[🔥] NFL Universe Football,NFL Universe Football by Voldex,Group,2894777,Sports,Sports & Racing,Sports,2018-09-12T00:25:49.94Z,2026-10-06T14:24:33.1550738Z,12,,2026-10-06T20:21:17Z,"Welcome to NFL Universe Football, the top football experience on Roblox! 🏈 Play for any of your favorite 32 NFL teams 🧢 Get your hands on exclusive NFL items 🏆 Compete in thrilling football games with friends 🎉 Celebrate big plays with solo & team touchdown celebrations 🏅 Show off your skills by increasing your OVR 👬 Connect with a passionate community of football fans ❗Latest Update❗ • 2026 NFL KICK OFF • CHAPTER 3, SEASON 1 • OG REWIND • UPDATED NFL UNIFORMS & PARK IMPROVEMENTS! • Skill Based Matchmaking (Park) • NEW NFL Team Merch • All 32 NFL teams • All 32 NFL stadiums ❗ Stay updated by clicking FOLLOW! On phone or tablet? Tap the 🔔! 🔔 Join our community server for updates on the game! 💰 Roblox Premium players get 25% MORE coins! 🍒 Join https://www.roblox.com/groups/2894777 for 25% MORE coins! Formerly known as Ultimate Football Tags: Football, NFL, Touchdown, Sports"
210851291,537413528,Build A Boat For Treasure,Chillz Studios,Group,2782840,Adventure,Simulation,Sandbox,2016-11-02T15:36:44.187Z,2026-10-02T16:42:28.528Z,7,,2026-10-06T20:21:17Z,Build your ship and set sail for your adventure! Liked the game? Don't forget to leave a Thumbs Up(👍) and Favorite(🌟) . Thank you! Don't forget to check out our group! https://www.roblox.com/My/Groups.aspx?gid=2782840 Group Perks: ✨Member✨ --- 25% more gold! 💫Mega Member💫 --- 300% more health! --- 25% more gold! 🌟Royal Member🌟 --- +4 Barrels Of TNT! --- 300% more health! --- 25% more gold!
245662005,606849621,Jailbreak,Badimo,Group,3059674,Town and City,Action,Open World Action,2017-01-06T16:39:11.173Z,2026-09-30T21:00:46.401Z,30,,2026-10-06T20:21:17Z,A Roblox classic. Organize a robbery or catch criminals! Go together or solo! And find the fastest cars to rule the server. ❤️ We're now focused on cheating before rolling out any remaining updates. Thanks for playing Jailbreak in Roblox's latest event! 🖥 Programmed by Badcc and Epic_Tank. 🎨 Built by asimo3089 & the community.
274816972,654732683,[New Car!🛫] Car Crushers 2 - Physics Simulation,Car Crushers Community,Group,2726951,All,Simulation,Vehicle Sim,2017-02-11T16:19:43.283Z,2026-10-06T19:15:04.4783426Z,20,,2026-10-06T20:21:17Z,"Car crushers 2 is the perfect game when you feel like destroying stuff for fun! Smash cars in 59 different crushers, destroy supercars in Demolition Derby, survive the whole server getting nuked or race with friends. The game features more than 400 vehicles with content added regularly! ❤️ FREE Exclusive Car after 2 Million Likes! ⭐ Favorite & Join the group to access extra cars: https://www.roblox.com/My/Groups.aspx?gid=2726951 🛠️ BUILD TOOLS IN PRIVATE SERVERS (PC/Mobile only) Latest Update: 🏎️ New Limited Car 🔧 Fixes & Improvements 💪 Added code 'UNLIMITEDPOWER' Event Car Update: 🚗 New Limited Car 🏁 New Racing Event & Custom Races 🔧 Various Fixes & Improvements 💪 Added code 'WORLDTOUR' Update 90 Changelog: 🚨 5 New Cars ✨ 3 New Remodels 🏁 Race Trial Daily Challenges 👥 Adjusted max server sizes 💰 Code 'RAPIDRESPONSE' Genres: Physics Simulation, Car Destruction, Driving, Demolition Derby, Car Racing, Ragdoll Physics"
321778215,735030788,Royale🎃High,callmehbob,User,29622,All,Roleplay & Avatar Sim,Dress Up,2017-04-10T13:16:49.493Z,2026-10-06T23:49:38.8695319Z,12,,2026-10-06T20:21:17Z,"♡ ☁️ Welcome to your magical dream world! ☁️ ♡ 📣 Sept 18 Updates! 📣 🎃 THE ROYALLOWEEN REALMS ARE BACK!!!!!!!!!!! 👻🍬 🌙 NEW Eveningfall 2026 Halo by _Cheepi! ✨ Haunted Hollow 🌑 oOOoo 📖 NEW Eveningfall Fountain Stories + Winners & Honorable Mentions! 🏆 💌 Writer's Charm Bracelet MEGA UPDATE! Now Dorm Furniture + new Fountain Winner/Honorable Mention badges! 🪮 NEW animated hairstyles, bangs & ears with PHYSICS! + underwater hair physics! 🌊 🕺 4 NEW Walk Animation Packs + 5 NEW Idles! 💎 NEW Diamonds Sticker Pack! 🏠 Frolicking Fields 🐇 & Royale Jelly 🦑 Halos are now Dorm Furniture! 🏝️ Sunset Island's Audience is now filled with our newest Badge Holders! 💕 💖 NEW Makeup, Design Fabrics, Hair Colors & 2D Clothing! 🛠️ Music Box, Player Realm Candy Bowls, Hunger Stat & more fixes! 👏 PLUS 24 NEW AMAZING BADGE HOLDERS!!! Welcome everyone!!! 💕 🦇 More SpoOOooOooky content coming soon!!!🦇 💌 If you enjoy the game, please give it a like! It means a lot! 💌"
341654025,815405518,The Floor Is LAVA!🔥,TheLegendOfPyro,User,73901362,Adventure,Survival,,2017-05-15T16:31:02.077Z,2026-10-03T14:02:33.695Z,16,,2026-10-06T23:48:08Z,"☀️ SUMMER UPDATE! ☀️ - Free Event Crate! - 10 New Gears! PREMIUM Users: Play for 10 minutes to get a Lucky Block for FREE! 🌋 Welcome to The Floor Is LAVA, this is a Lava Survival game where you have to survive the platformer obby's and escape the rising lava in countless maps, and collect points to unlock cool gears that can help you survive and escape the lava. Tags: The Floor Is LAVA, Lava, Obby, Lava Survival"
358276974,863266079,Apocalypse Rising 2,Dualpoint Interactive,Group,1066925,Adventure,Action,Open World Action,2017-06-11T16:28:34.007Z,2026-10-06T17:31:59.1941496Z,120,,2026-10-06T20:21:17Z,"Test your skills as you brave the unfolding zombie apocalypse! Survive alone or with friends in this open-world tactical shooter! 📢 The classic ""Reimagined"" map from the original Apocalypse Rising has been added to AR2 with full Mobile support! 🔫 Find over 100 different guns and melee weapons to fend off the Infected and hostile players! 🌎 Explore the towns and countryside of a diverse archipelago on foot, or find and repair a variety of cars and boats to drive! 🎒 Gather equipment and supplies, including food, ammo, utilities, weapon attachments, and vehicles parts! 🎩 Unlock over 1,000 cosmetics by exploring the archipelago, discovering secret locations, hidden rooms, and random events like helicopter crash sites! 🧟‍♂️ Hunt down unique Infected to unlock Rare cosmetics, and use melee weapons to quietly stealth-attack them for increased loot chances! 📰 Join our community chat server for news and more."
371263894,891852901,Greenville RP (⭐AUDI + SHELBY RELATED + RACES!),"Greenville, Wisconsin",Group,3078161,Town and City,Roleplay & Avatar Sim,Life,2017-06-28T12:52:29.43Z,2026-10-02T02:24:59.253Z,30,,2026-10-06T20:21:17Z,"🏡 🚗 Greenville is one of the biggest, most realistic car & roleplay games on Roblox, with hundreds of cars of all types for you to choose and drive! Set in a small American town, Greenville is the perfect place to drive your favorite cars and roleplay with friends! 🖌️ Greenville's widespread car selection allows you to customize each and every one to your liking, with parts, wheels, colors, plates, and real life options replicated on our licensed cars! 💼 Roleplay options include interactive jobs, roleplay tools, houses, a large detailed map, and many other systems you'll only find available here! Last Update Changelogs: 🐎 2 NEW Ford Mustang Shelby Vehicles! 🐍 3 NEW Shelby Vehicles! 💎 2 NEW Audi Vehicles! 🏁 NEW Racing System! 🍂 Autumn is falling! 🔧 Tons of QOL & Bug fixes! ⚠️ Running into problems? Shoot us a message with the details, and we'll do our best to help you. All rights reserved. All other trademarks are property of their respective owners."
372226183,893973440,Flee the Facility,A.W. Apps,Group,3182154,Horror,Survival,1 vs All,2017-07-01T07:01:19.197Z,2026-10-01T18:33:53.277Z,5,,2026-10-06T20:21:17Z,"RUN, HIDE, ESCAPE! Run from the beast, unlock the exits, and flee the facility! This game runs well on phones, tablets, PC, Xbox, and PlayStation. 📋GAME RULES📋 https://devforum.roblox.com/t/flee-the-facility-game-rules/3941301 ⭐CREDITS⭐ https://devforum.roblox.com/t/flee-the-facility-credits/2026108 📄 Latest Update [10/01/26] End of 9th Anniversary 2026 Event -Changed lobby and trading post season to Autumn. -Fixed a bug where ragdoll limbs were not colliding with the player. More info here: https://devforum.roblox.com/t/flee-the-facility-change-log-100126/4907900 [09/08/26] HOT FIX UPDATE - We fixed up most bugs from the event update. More info here: https://devforum.roblox.com/t/flee-the-facility-change-log-090726/4858054 📄 [09/07/26] 🎂 9th Anniversary Event 🎪 - new items - new lobby decor - New Facility_0 map - Private servers can now play old maps - too many changes to list here More info here: https://devforum.roblox.com/t/flee-the-facility-change-log-090726/4858054"
383310974,920587237,[2D TUESDAY✏️] Adopt Me!,Uplift Games,Group,295182,RPG,Roleplay & Avatar Sim,Pet Care,2017-07-14T19:26:21.347Z,2026-10-06T23:00:06.1201088Z,35,,2026-10-06T20:21:17Z,"Adopt and raise 🐶🦄👶, trade and collect legendary pets, build your dream home, and roleplay with friends! 🎃 Halloween: Ghost Gallery! 🎃 👻 Defeat and adopt Jumpscare at the Manor! 🕷️ Unlock Mummy Spider with Crypt Keys! 🕊️ Build a nest for fancy Jacobin Pigeon! Be FIRST 🏆 To experience new updates by pressing 🔔NOTIFY. Meet the founders! NewFissy - Tech Director Bethink - Creative Director Find out more about Uplift Games, our policies and creative attributions: https://devforum.roblox.com/t/credits/71812"
465016798,1128650291,Zoo Tycoon 🐣,Block Evolution Studios,Group,3250407,Building,Simulation,Tycoon,2017-10-24T14:27:50.77Z,2026-09-17T05:24:22.513Z,6,,2026-10-06T23:48:08Z,"🦒 Build the Ultimate Zoo! Create your dream zoo in this relaxing idle zoo simulator. Collect cute animals, design habitats, and grow a thriving zoo empire. 🐼 Collect 120+ cute animals and fill your zoo with life 💰 Earn Coins from Visitors and expand your park 🐦‍🔥 Mythic Biome: Discover rare mythical creatures 💤 Offline Progress: Your zoo keeps growing while you're away 🎁 Daily Rewards for free bonuses ☠️ Immortality GamePass: Animals never die 👍 Like & Favourite for more updates! 🎉 Next reward at 100K Likes! ---------------------------------------------------------------- 🏆 https://www.roblox.com/My/Groups.aspx?gid=3250407 ---------------------------------------------------------------- Developed by Block Evolution Studios ©"
540382210,1343871267,[UPDATE!!!] FMR,Kypher Studios,Group,3797636,All,Roleplay & Avatar Sim,Morph Roleplay,2018-01-17T13:42:23.533Z,2026-10-05T16:43:33.2258841Z,25,,2026-10-06T23:48:08Z,"🎵 All music is non-copyright, can be found on all music platforms! (Kypher Studios) Thank you Scott Cawthon, for a wonderful series of games. Active Developers: LoneWatermelon, Mbramblet, Seth Person, RTPK_301, Springy(W1nter), Plagues Crimson, Jackie, Snootilous, Jamie, Eclipsed_Vision, Dino_B9 Contributors: Thudner, Coolioart, UFMP, Ch. Productions, Nikson, HW Team, Frisk, HektorMKG, RealFailz, HipLawyerCat26, BonBun Films, TFM Team, bi3l animations, rubbertrap Tags: Fnaf, fnaf, 5naf, FNAF, Fredbear, Freddy Fazbear, Five Nights at Freddy's, FMR, Fredbear's Mega Roleplay, fnaf rp"
547524060,1365404657,Feather Family 🎃 [Burrowing Owl],The Feather Family 🕊️,Group,4336588,All,Roleplay & Avatar Sim,Animal Sim,2018-01-24T07:31:41.76Z,2026-10-05T05:59:09.513Z,60,,2026-10-06T20:21:17Z,"🕊️ Bird Roleplay 🕊️ Explore the world as one of many types of birds! Choose your species, customize yourself, hatch from an egg, grow up, build your own nest, and join flocks! Next Update: Friday, October 16th - Vulture species skin 🐣 Latest Update: Burrowing Owl - Added Burrowing Owl skin - Added new ability 'Night Vision' where brighter vision can be toggled on and off in actions. Owls, Nightjars, and Peryton now have night vision ability - Added Halloween decorations in Village - Roleplay server hosts will have an 💬 icon next to their username if they can chat with you - Remodeled heads of adult Great Horned Owl and Barn Owl - Several small changes and bug fixes The 2026 QnA has been posted in the community announcement! Credits & Contact: https://devforum.roblox.com/t/feather-family-credits/4340441"
571251690,292628125,🎃 Keystone,Keystone Hangout,Group,2963975,All,Social,,2015-08-31T04:32:48.15Z,2026-10-05T04:56:26.886Z,50,,2026-10-06T23:48:08Z,"🎤 Welcome to Keystone! 🌟 Keystone is a spot to hangout, socialize, make new friends, and much more! 💬 Commands /stitch /headless /korblox 🔔 If you have any suggestions or need to report something, check out our community server below."
578392296,1458767429,ABA,Dogs Studios: South,Group,3735330,Fighting,Action,Battlegrounds & Fighting,2018-02-25T17:09:21.81Z,2026-10-06T20:55:47.9172155Z,16,,2026-10-06T20:21:17Z,"rate👍if you like aba ANIME BATTLE ARENA Controls: Shift: Sprint Q: Dodge F: Block Basic Attack: Mouse1 Space+Mouse1: Aerial Attack Combine Basic Attacks and Aerial Attacks to discover new combos. Use 1,2,3,4 for your character special moves. Transformation: G Credits: @SnakeWorl @Melon_Sensei @Chicken_Man @K1LLUAA @Aeytwo @draculaoji @MarkoSumisu @Grimmkind @kogrin @matblack7 @aubatrize @buqet @ghxstying @d_avidd"
601130232,1537690962,Bee Swarm Simulator,Onett,User,1912490,Adventure,Simulation,Incremental Simulator,2018-03-21T15:59:58.777Z,2026-08-22T20:13:32.886Z,6,,2026-10-06T20:21:17Z,"Grow your own swarm of bees, collect pollen, and make honey in Bee Swarm Simulator! Meet friendly bears, complete their quests and get rewards! As your hive grows larger and larger, you can explore further up the mountain. Use your bees to defeat dangerous bugs and monsters. Look for treasures hidden around the map. Discover new types of bees, all with their own traits and personalities! Bee Swarm Simulator Club: https://www.roblox.com/groups/3982592"
605887098,1554960397,Car Dealership Tycoon [🏠],Foxzie,Group,3955051,Adventure,Simulation,Tycoon,2018-03-27T03:37:58.937Z,2026-10-06T19:53:57.2821648Z,15,,2026-10-06T20:21:17Z,"👋 Welcome to Roblox’s #1 driving game — Car Dealership Tycoon! 🚗 🏢 Build and grow your dream car dealership 🚘 Collect 600+ cars and vehicles 🏎️ Drive supercars, hypercars, motorcycles, police cars & more 🎨 Customize your cars with colors, gloss, performance upgrades & more 🏁 Race other players, complete challenges, and compete in special events 🌎 Explore an open world and build the ultimate car dealership! 🎉 NEW UPDATE RELEASED! 🎉 🚗 NEW LIMITED VEHICLE! 🚗 🎪 NEW EVENT! 🎪 🏠 NEW HOUSE — MODERN BUNGALOW! 🏠 🛠️ NEW FEATURE: REMOVE CUSTOMIZATION ITEMS FROM YOUR VEHICLES! 🛠️ 💰 NEW CODE: FACTORYRESET FOR 50K CASH! 💰 🎁 Join our massive community for news, updates, events, giveaways, and special rewards! 👍 Thanks for playing and have a great time! ⭐ Like, Favorite & Follow to support Car Dealership Tycoon!"
616165168,1588965415,🚌 Sunshine Islands Bus Simulator [NEW],addisonshiu,User,23651717,Town and City,Simulation,Vehicle Sim,2018-04-04T22:00:05.83Z,2026-05-05T13:58:55.593Z,12,,2026-10-06T23:48:08Z,"Welcome to Sunshine Islands Bus Simulator (SIBS)! A realistic bus driving simulator on Roblox. Sunshine Islands is a huge fictional city inspired by Hong Kong! Drive past tall skyscrapers and cool British-style roads (like London) in this massive bus simulator. 🚌 Realistic Buses: Drive many detailed buses! 🙋 Pick Up Passengers: Help AI passengers get to their stops! 🏙️ Huge Map: Explore cities, mountains, tunnels, bridges and highways! 🎮 Play Anywhere: Works on PC, Mobile, and Console! 🌐 Multi-Language: Play in your own language! 👍 Like and ⭐ Favourite for more awesome updates! 🚀 Use a free Private Server for a smoother game! ✨ Start your engine and enjoy the ride in our bus simulator!"
648454481,1730877806,[🍬HALLOWEEN PT 1] Grand Piece Online,Grand Quest Games,Group,3229308,Adventure,RPG,Action RPG,2018-05-06T21:26:37.793Z,2026-10-05T02:03:16.636Z,1,,2026-10-06T20:21:17Z,"Set out on a journey on the vast sea in seek of wealth, fame, and power! Gain experience through quests, discover various fighting styles, and find ability-granting fruits to become stronger! Compete with other players through arena modes and battle royale!🏴‍☠️✨ Current max level: 675 Current fruits: Common - Suke, Kilo, Spin, Heal Rare - Bari, Mero, Horo, Gomu, Bomu Epic - Yomi, Spring, Kira Legendary - Mera, Pika, Hie, Magu, Goro, Gura, Zushi, Suna, Ito, Paw, Yuki, Kage, Yami, Goru, Smoke, and Biscuit Mythical - Tori, Mochi, Ope, Venom, Buddha, Pteranodon, Dragon, Soul, and Leopard Fruits are found through natural spawns under trees, fishing, fruit chests, dungeons, and much more! 2x Legendary/Mythical Fruit rates,2x Boss drop rates and 1.25x EXP boost every Friday-Sunday! 🍀🔥 Premium players earn bonus XP in the battle royale battlepass, extra rewards in the AFK world, and reduce natural fruit spawn timers!💎 🎮 Controller, 💻 PC, 📱 Mobile Support"
703124385,1962086868,Tower of Hell,YXceptional Studios,Group,4217910,Adventure,Obby & Platformer,Tower Obby,2018-06-18T21:17:06.1Z,2026-10-03T17:47:01.232Z,20,,2026-10-06T20:21:17Z,"Can you be the first to the top in this randomly generated obby with absolutely no checkpoints at all? Owners of VIP-Servers can use the settings menu to skip rounds, set the tower size and lock the shop."
757291724,2166944189,🚒 Firefighters!,Rainfall Studios ™,Group,4328645,All,Simulation,,2018-08-02T13:21:25.08Z,2026-09-29T19:24:06.164Z,10,,2026-10-06T23:48:08Z,"Where are the heroes in real life? Here they are! Become a Firefighter, risk your Life, be a Hero! Go to buildings that are about to fall, extinguish the fire, and save as many citizens as you can before it's too late. 👍 Thumb up for more updates!🔥 Tags: Simulator, Fireman, Fireguard, Fire, City, RPG, Citizens, Training, Fun."
833209132,2376885433,[NEW] Vesteria,The Vesteria Team,Group,4238824,RPG,RPG,Action RPG,2018-09-18T21:37:44.973Z,2026-10-06T22:14:45.3480122Z,10,,2026-10-06T20:21:17Z,"You are an adventurer traveling by carriage when your journey is cut short by a monster attack. You awaken in a strange mushroom town, far from where you intended to go. As you help the people of Mushtown, you grow stronger, uncover the world’s secrets, and begin to understand the forces shaping Vesteria. Vesteria is an open-world MMORPG on Roblox, shaped by a highly engaged community and a living player-driven economy. Explore sprawling cities, distant regions, and handcrafted worlds, take on dangerous dungeons and bosses, and trade rare items through a thriving global marketplace. ✨ Upon reaching Level 10 in Mushtown, follow the path to Nilgarf to meet the Baron and begin your journey as a Warrior, Hunter, or Mage. 🌎 Multiple cities, regions, and worlds to explore ⚔️ Challenging bosses and dungeons 🏛️ Global marketplace driven by players 👥 Passionate, long-running community © 2026 Vesteria, Inc. Vesteria® and the Vesteria logo are registered trademarks of Vesteria, Inc."
850110028,2418863943,"[HIGHWAY TRAFFIC] Roanoke, VA Driving RP","Roanoke, VA",Group,4451448,Town and City,Simulation,Vehicle Sim,2018-09-27T22:23:52.59Z,2026-10-06T18:53:01.6915747Z,30,,2026-10-06T20:21:17Z,"⭐ Welcome to Roanoke, the ultimate open-world driving & roleplay experience set in the beautiful Blue Ridge Mountains of Virginia! 🚗 Explore a massive open world with 500+ cars, trucks, emergency vehicles & more 🏠 Own houses, spawn up to 5 vehicles + trailers 🚛 Haul cargo, deliver mail, fight fires, rob ATMs or patrol the streets 🏁 Race against friends, attend car meets or simply cruise together 🎨 Extensive vehicle customization, tuning & roleplay features 💰 Code: TRAFFIC 🚨 [LATEST UPDATE] - 🏁 NEW HIGHWAY MAP - 🚦 WORKING TRAFFIC - 🚗 6 NEW CARS - 💎 NEW WOMANSORY - 🔥 STUNT COMBOS - 🏆 HIGHWAY LEADERBOARDS - ⭐ MANY UI IMPROVEMENTS - ⚡ MANY FIXES ⚠️ Found a bug or have feedback? Let us know through our social media links below! -- tags: tuning, drift, virginia, city, trailer, cars, trucks, semi trucks, roleplay, customization, revamp, cops vs crims"
892043755,2512643572,[🍀UPD] Bubble Gum Simulator,Rumble Studios,Group,3333298,All,Simulation,Incremental Simulator,2018-10-23T13:18:21.007Z,2026-10-05T07:03:37.714Z,10,,2026-10-06T20:21:17Z,"Welcome to Bubble Gum Simulator! 🔥 Blow Bubble Gum to increase its size and jump into the clouds! Collect currency to buy upgrades and increase how big your bubbles can get! 🥚 Hatch eggs and get pets to accompany 🍀 2x Luck and 2x Hatch Speed are enabled every Friday -> Sunday. Starting & Ending at 12AM PST! 🎁 A Surprise Mini Update is here in Bubble Gum Simulator! ⭐ Hat Exist Counts Added! Hat Exist Counts will be inaccurate for a bit, as they update as people join the game! Please allow 1-2 weeks for Hat Exist Counts grow! 🥚 2 New Wayfarer Egg Secret Pets! The Moth Kitty & Autumn Trophy! 🧢 1 New Federation Crate Secret Hat! The Domino Crown! 🌎 4 More Global Rewards! Including the Giant Wayfarer Turkey! 💎 New Exclusive Pet with Low Stock! 🍂 One Final Fall Shop Restock! 🎃 Halloween Update is Next Week! ❤️ Use codes 'FallPart2' & 'Wayfarer' for 4 Hours of 2x Luck & 2x Hatch Speed! A game by Rumble Studios."
903807016,2534724415,[🗺️] Emergency Response: Liberty County,Police Roleplay Community,Group,4328109,Town and City,Roleplay & Avatar Sim,Life,2018-11-01T14:20:51.62Z,2026-10-06T08:46:19.4311313Z,50,,2026-10-06T20:21:17Z,"🚔 Chase criminals, rescue civilians, race through the streets, and make a name for yourself in Liberty County! Emergency Response: Liberty County is an emergency services simulation game. Play as a Civilian, criminal, transportation worker, police officer, sheriff deputy, or firefighter! On the civilian team, work jobs from a farmer to a hospital worker. Police, fire, and DOT roleplay simulator."
911750776,2551991523,Broken Bones IV,Zaquille,User,1660343,Comedy,Simulation,Physics Sim,2018-11-07T22:30:04.797Z,2026-08-08T22:34:36.843Z,30,,2026-10-06T20:21:17Z,"Welcome to the fourth instalment in the Broken Bones series. Built in 2018, expanding on the original 2009 game and it's sequels. Broken Bones is the original ragdoll simulator game on Roblox. Jump off cliffs and break bones to unlock new levels, upgrades, utilities and much more! Sixth Annual Bloxy award winner! The fifth Broke Bones game can be found here: https://www.roblox.com/games/11179373590/Broken-Bones-5"
918677693,2569453732,Rise of Nations,Hyperant,User,40658655,Military,Strategy,,2018-11-14T22:28:00.827Z,2026-10-01T00:19:58.669Z,700,,2026-10-06T20:21:17Z,Grand Strategy game focused on world domination Hold left shift to ignore units Right click and drag to move Mouse wheel or F/R to Zoom Drag via left click to select multiple units READ THE HELP
972475338,2693023319,🚩Expedition Antarctica,Playduo Studio,Group,4626344,Adventure,Adventure,,2018-12-30T09:43:12.993Z,2026-09-26T07:50:22.488Z,42,,2026-10-06T20:21:17Z,"❄️🚩Team up with friends or go solo and embark on an epic snowy adventure across Antarctica to reach the South Pole! 🚩❄️ Summit the highest Antarctic mountain and conquer the icebergs, glaciers and mountains. Reach the South Pole in this adventure roleplay world and even meet penguins along the way!🐧 👨‍👩‍👧‍👦 Join 'Playduo Studio' for +25% fall resistance! https://www.roblox.com/groups/4626344 🔔 Press the 'Follow' button for game news & leave a 👍 to support the game! Developers: RPD777 and RJD12345"
985731078,2727067538,World // Zero ⚔️ Anime RPG,World // Zero,Group,4484634,RPG,RPG,Action RPG,2019-01-08T02:52:48.44Z,2026-10-02T22:03:16.639Z,12,,2026-10-06T20:21:17Z,"Play to complete quests, raid dungeons, fight dangerous bosses, unlock new powerful classes, and collect lots of loot! Experience the epic adventures of World // Zero! Can you become a Hero? 🌎 Explore worlds with diverse landscapes filled with hidden secrets and challenges 💪 Level up and learn stronger abilities! ⚔️ Find rare swords & weapons when looting 🏆 Slay strong opponents and discover legendary items 👥 Play with friends and join guilds to share the fun! 🎨 Customize your own characters with hundreds of accessories 🐾 Discover pets that will fight alongside you in battle 👍 USE CODE ""925KLIKES"" FOR 150 CRYSTALS! New code at 950K Likes! ⭐ Favorite the game and Join the World // Zero group for exclusive in-game rewards & benefits! Tags: Dungeon Crawler, Fantasy, Magic, Anime, RPG, MMORPG, JRPG"
994732206,2753915549,Blox Fruits,Gamer Robot Inc,Group,4372130,Adventure,RPG,Action RPG,2019-01-16T03:29:19.433Z,2026-09-27T04:42:04.424Z,12,,2026-10-06T20:21:17Z,"OUT NOW: 🧲 Magnet + 🏝️ Sea 1 + MORE Welcome to Blox Fruits! Become a master swordsman or a powerful blox fruit user as you train to become the strongest player to ever live. You can choose to fight against tough enemies or have powerful boss battles while sailing across the ocean to find hidden secrets. Current level cap: 3000 Current fruits in the game: Rocket, Spin, Blade, Spring, Bomb, Smoke, Spike, Flame, Ice, Sand, Dark, Eagle, Diamond, Light, Rubber, Ghost, Magma, Quake, Buddha, Love, Creation, Spider, Sound, Phoenix, Portal, Lightning, Pain, Blizzard, Gravity, Mammoth, T-Rex, Dough, Shadow, Venom, Gas, Spirit, Tiger, Yeti, Magnet, Kitsune, Control, and Dragon FAQ: -Fruits spawn in the map every hour / despawn after 20 mins -You can buy fruits from the Blox Fruits Dealer. He restocks random fruits every 4 hours -More info in the group description Do not exploit, our auto-detection will catch you and we do not appeal our bans."
1000233041,2768379856,3008 [2.75],uglyburger0,User,22718068,Horror,Survival,1 vs All,2019-01-20T15:38:59.747Z,2026-09-20T13:12:36.923Z,16,,2026-10-06T20:21:17Z,"Thumbnail by: PlagueDoctor_Dash --- Welcome to 3008, the unusually large furniture store. Wander through the vast horror land of home hardware located within 3008-1. Build a base, survive from employees."
1001911915,2772610559,Farming and Friends,Dunn Games,Group,4035125,All,Simulation,Tycoon,2019-01-21T21:25:27.42Z,2026-10-04T20:49:57.743Z,8,,2026-10-06T20:21:17Z,"💰Group Members get 5% boost when selling crops Join Here: https://www.roblox.com/groups/4035125 👋 Welcome to Farming and Friends! Grab your tractor and call your friends! In Farming and Friends, you can grow cool crops and take care of cute animals together! Make your farm the best ever by expanding your plot, buying new equipment, and raising new animals! 🚜🌱🐷 🌾 Plant, Grow & Harvest Crops! 🐮 Raise cute Animals! 🏠 Buy Farm Buildings, Houses & Mansions! 🌟 Free VIP Servers! 🚫 Have issues? Report it to our mods in our community server! Tags: Farming, Friends, Tractor, Simulator, Roleplay, Farm with your Friends, Sheep, Wheat, Corn, Duck, Plow, Farming Simulator, Raise Animals"
1003981402,2778230703,Reminiscence Zombies,Tri-Circular Studios,Group,2652656,FPS,Shooter,PvE Shooter,2019-01-23T21:02:21.863Z,2026-10-03T23:00:31.05Z,30,,2026-10-06T23:48:08Z,"Reminiscence Zombies, originally known as TranZit: Remastered, is a round-based zombie survival game that takes its own spin on the zombie gamemode formula of Call of Duty World at War and the Call of Duty Black Ops series. Survive endless hordes of zombies with a variety of weapons, cosmetics, difficulties, custom perks, original and classic maps as well a whole new way of progressing! -- Use code ""WELCOME"" to receive 250 Z-Tokens & a special cosmetic! Premium players get 25% off cosmetic purchases. Double XP is enabled on weekends. Private Servers offer Sandbox mode, which can be toggled on from the Reminiscence Hub."
1008451066,2788229376,Da Hood,Da Hood Entertainment,Group,4698921,Town and City,Action,Open World Action,2019-01-27T01:03:21.343Z,2026-10-05T21:14:36.896946Z,45,,2026-10-06T20:21:17Z,"A difficult game, read below for tips. Account has to be at least 10 days to play. You can weave 100% if you time at the right time when blocking. To gain muscle buy weights at fitness. Eat lettuce to reduce muscle. Cop: To join cops go to the police station, if you execute anyone without cuffs you'll be automatically kicked off. Use cuffs instead. Criminals: Ransack banks and several others small time shops in order to gain wanted or cash. Gun saves - however, can be lost by death, or logging when KO, or 0 ammo. Cash drop takes 30%"
1016936714,2809202155,[CDR & DD] Your Bizarre Adventure,Bizarre Studios®,Group,3194064,All,RPG,Action RPG,2019-02-02T05:23:55.273Z,2026-09-30T22:23:23.856Z,20,,2026-10-06T20:21:17Z,"『(9/25/26) UPDATE 1.8』 ➢ TWO NEW STANDS: Crazy Diamond Requiem & Diver Down ➢ Read the in-game patch notes for more update information! Welcome to Your Bizarre Adventure, an MMORPG game that revolves around obtaining strong and unique spiritual abilities known as ""STANDS"", fighting gangs, PvP, and more! VIEW OUR SOCIALS BELOW FOR CODES, UPDATES, ANNOUNCEMENTS, AND MORE HELP Give the game page a thumbs-up like for more codes! 2x item spawn rates every Friday, Saturday, & Sunday! Private Servers: ➢ Gain VIP button inside your PS located in HUD Menu Disclaimer: ➢ You will be banned for any exploiting with no appeals unless you have high quality video evidence that shows you getting falsely banned. Use a clipping app like ""Medal"" or ""Shadowplay"" to achieve this for your own safety"
1053132402,2913303231,Obby Creator,Whirlpool Studio,Group,2756366,Building,Simulation,Sandbox,2019-03-02T12:06:10.6Z,2026-10-05T16:39:49.4621861Z,20,,2026-10-06T23:48:08Z,"🔨 Make an obby, showcase or cart ride! 👬 Build alone or with friends! 👍 Earn Likes to climb the leaderboards! 🎮 Play millions of user-created obbies! Update Logs: https://devforum.roblox.com/t/-/372543 Credits: https://devforum.roblox.com/t/-/318701 Made by mario118118. Thanks for playing! 👍 If you enjoy Obby Creator, don't forget to Like the game. It really helps! 👍"
1054526971,2916899287,Blackhawk Rescue Mission 5,PLATINUM FIVE,Group,4668709,Military,Action,Open World Action,2019-03-03T04:44:11.087Z,2026-10-04T04:57:43.706Z,1,,2026-10-06T20:21:17Z,"Blackhawk Rescue Mission 5 is a tactical openworld shooter with vast maps and thrilling gameplay. Engage in team-based combat throughout Ronograd Island or rescue survivors in the exciting new ZOMBIES gamemode. Go head to head in PvP or even build out your own Headquarters to boost your income offline. • Customize your operator with over 1000+ unique outfit combinations. • Build your dream gun with 70+ choices and over 100 attachments. • Purchase and own 20+ vehicles and helicopters from modern militaries. • Multiple engaging gamemodes with many hours of fun ahead. • Make your own custom scenarios and maps with the Sandbox Mode. [Realtime Game Editor] PC, Console, and Mobile are supported. Headphones recommended for best audio experience. All music is non-copyright and streamer safe. Based on PlatinumFive's original Military RP games."
1072353049,2968914904,[Halloween] Forgotten Worlds,Virtuality World,Group,3606245,RPG,Roleplay & Avatar Sim,Animal Sim,2019-03-17T03:17:43.693Z,2026-10-01T21:32:15.566Z,28,,2026-10-06T23:48:08Z,"Welcome to Forgotten Worlds! Genre: - Roleplay - Archive - Fantasy Description: This is an archive of games made prior to the creation of Virtuality World group. Enter a world unlike your own, explore the map as a wolf, or a trapper. Make friends, stories, and memories! Information: - Stay updated in our Roblox group. https://www.roblox.com/groups/3606245/Virtuality-World - Message the owners if you have any problems with the game."
1087859240,3016661674,[🎃] Rogue Lineage,Rogue Lineage,Group,4556484,Fighting,RPG,Action RPG,2019-03-29T21:15:32.453Z,2026-10-04T20:05:58.052Z,10,200,2026-10-06T20:21:17Z,">> This game is incredibly difficult with little to no hand holding. Enter at your own risk. << Nominee for ""Sleeper Hit"" in the 7th Annual Bloxy Awards. Rogue Lineage is a fantasy game with roguelike elements. The game revolves around a permadeath mechanic, where each of your characters will have but a few lives before they die forever. You'll pass down some pieces of yourself to your heir, who'll become your next character. Players will progress by learning new abilities and trying to best their previous characters. Forge houses with your friends to take control of cities, or stick it out alone. Tackle injuries, diseases, and trauma as you struggle to survive in this testament to pain. Developed by: Ragoozer, Arch_Mage, Grimmkind, Melon_Sensei, aptorian, Rookie_Ethnic, Sherosama Contributions from: Nilvaat (Weapon Modelling), Blotnik (Clothing), x_o (Music), superstephon (Weapon Modelling) Huge Inspiration from Noloafing A game by Monad Studios."
1147304238,3177438863,[🔥EVENT] Dragon Blox,G RBLX Games,Group,3481335,All,RPG,Action RPG,2019-05-14T03:45:02.663Z,2026-10-05T16:12:40.7051838Z,14,,2026-10-06T20:21:17Z,🔥 Welcome to Dragon Blox! Enjoy the world of Saiyans and become strongest of them all! 🔥 💪 Stat & 🍀LUCK Multiplier every Weekend! 🧪 Unique Orb spawns in each world every hour / Despawns after 20 mins ⭐ Standard Wish Spawns in each world every 15 minutes 🛠 Admin Meteor Drop Events for free wishes every weekend!
1165835263,3226555017,SCP: Site Roleplay,SCP: Site Roleplay Community,Group,2935212,RPG,Roleplay & Avatar Sim,Morph Roleplay,2019-05-28T00:06:28.68Z,2026-10-05T16:58:06.7200234Z,50,,2026-10-06T20:21:17Z,"Hidden beneath the frozen tundra of Northern Canada lies SCP Foundation Containment Site-64, an ultra-classified facility controlled by an organization that studies and contains the supernatural. Site-64 operates at the brink of catastrophe at all times, facing constant escape attempts by dangerous anomalies, violent sabotage by Chaos Insurgents or Hostile Test Subjects, and a relentless scientific drive to research, even when doing so endangers the world. Defend the facility as a Security, discover the unknown as a Scientist, endure dangerous experiments as a Class-D, or fight to dismantle the Foundation as an Insurgent or Hostile Test Subject. SECURE. CONTAIN. PROTECT. 📋Gameplay Rulebook: https://devforum.roblox.com/t/4715675 ⚙️V4.1.0 Patch Notes: https://devforum.roblox.com/t/scp-site-roleplay-patch-notes/4853901"
1171251167,3242417672,Carros Rebaixados BR (Pre-Alpha),godxlikee,User,675831774,All,Simulation,Vehicle Sim,2019-06-01T03:37:39.55Z,2026-04-19T16:24:13.817Z,20,,2026-10-06T23:48:08Z,"Atualização [2023-02-03]: - VW Saveiro Cross G5 adicionada - Bug de customização corrigido 💡 Tem alguma sugestão para o jogo? Envie no nosso grupo do Roblox! ⚠️ Jogo em desenvolvimento ⚠️ Desligamento = Atualização / Correções de bugs novo mapa em breve. Tags: Simulador de Carros Rebaixados, Som Automotivo, BR, Brasil, Car Audio Simulator, Roleplay, RP, RPG, Online, Multiplayer, 2023."
1176784616,3260590327,Tower Defense Simulator,Paradoxum Games,Group,4914494,All,Strategy,Tower Defense,2019-06-05T04:21:45.977Z,2026-10-05T15:54:51.5866417Z,50,,2026-10-06T20:21:17Z,💜 Thank you for 2 MILLION likes! Use code 2MILLION for a free Mercenary Pursuit skin! Place units to defend against hordes of zombies! Team up with friends and face against even stronger bosses to unlock new units! 👥💵 Join the Paradoxum Games group for +$100 starting cash! 👍 Thumbs up and favorite for more quality updates! 🌟 Version 2.13.0 🔨 Live Event Pt. II
1177208440,3261957210,Infinity Gauntlet | Thanos Simulator,Blg42598,User,141384403,Fighting,Action,Battlegrounds & Fighting,2019-06-05T14:19:14.787Z,2026-09-03T16:24:24.802Z,7,,2026-10-06T23:48:08Z,"Game inspired by Marvel. An Everlasting Classic and ""THE ORIGINAL's"" original Most Engaging Infinity Gauntlet game! Collect Stones to reach limitless power... V2 was released on 7/7/2022 Update 3.2 Added Doom and Mechanical Glove - Concept inspired by kingspacedoggo - This game was actually created on 7/7/2019 it overlapped another game. Thanos Simulator is a solo project by Blg42598. I have been working on this since 2019."
1180269832,3272915504,Arcane Odyssey 🌊,Vetex,Group,3596833,Adventure,RPG,Action RPG,2019-06-07T22:10:56.297Z,2026-10-06T06:52:24.722893Z,12,,2026-10-06T20:21:17Z,"**This game has thousands of items and textures so 6 GB+ RAM is recommended** **Keyboard + Mouse Required to Play** ** Dragon Update Patch Notes: https://devforum.roblox.com/t/ao/4615115 ** Embark on an epic journey through the War Seas, taking part in the conflicts of kingdoms and organizations striving for power. Many will die, but only the strong survive in this harsh, magic-polluted world. Conflicts are high as the many kingdoms wage war over possession of Curses, powerful artifacts which grant the user immortality and great power. After defeating great rulers and psychopaths for what you believe is the greater good, you leave yourself questioning what your true purpose in this world is. Fight against other players, or team up with them and rule the seas as a clan, capturing islands, building castles, and becoming more infamous. Since you were born a mage, you have the option of mastering your magic, or dropping it entirely in favor of fighting styles, weapon mastery, and more."
1198533421,3339374541,Midnight Racing: Tokyo,devGem,Group,2776987,Town and City,Sports & Racing,Racing,2019-06-20T21:29:15.317Z,2026-10-06T06:44:53.3330906Z,8,,2026-10-06T20:21:17Z,"New map expansion, 1 new remodel and 1 new car! Version: Alpha v.1.1. • Over 180+ unique cars to buy! • Great car customization! • Advanced tuning! • 7 different maps! • Challenge different players! __ MRT is a racing sim-cade where you can buy and customize between 180+ different unique cars to drive in a virtual recreation of Tokyo, Japan with its large highways and twisting mountain passes. Upgrade and modify your vehicle to advance in the ranks, communicate with your friends and compete with other players for money and status! This game is still in development. Expect bugs and unfinished features. Follow the devs! @bigcrazycarboy - https://www.roblox.com/users/29794179 @sixpenceRBX - https://www.roblox.com/users/111578179 @RedTerminator3000 - https://www.roblox.com/users/22243473 @AviaTuned - https://www.roblox.com/users/620479 @EnumBobbert - https://www.roblox.com/users/1989438211 Credits and Attribution available on DevForum"
1202096104,3351674303,Driving Empire,Driving Empire by Voldex,Group,4999963,Adventure,Simulation,Vehicle Sim,2019-06-23T03:39:38.623Z,2026-10-06T19:00:39.7896746Z,22,,2026-10-06T20:21:17Z,"Welcome to Driving Empire, the #1 driving experience on Roblox! ❗Latest Update | October 2, 2026❗ NASCAR Las Vegas Returns 🏁 Realistic open-world driving, racing simulation & RP experience 🏎️ 300+ cars and boats to choose 🪪 Licensed brands like Lamborghini, McLaren, Porsche, Audi & more! 🎨 Deep car customization, tuning & roleplay possibilities 🏅 Race & compete with your friends 🏆 Show off your cars at community events & car meets The Driving Empire experience is brought to you exclusively by Voldex (owners of Brookhaven RP & NFL Universe Football) . Except where expressly indicated, no feature of the Driving Empire experience, including the designs of our vehicles, indicates the endorsement, sponsorship, or license of any trademark owner. All rights reserved. All other trademarks are property of their respective owners."
1214576306,3398014311,Restaurant Tycoon 2,Ultraw,User,13042801,Building,Simulation,Tycoon,2019-07-01T15:57:46.237Z,2026-10-06T09:58:25.5920053Z,9,,2026-10-06T23:48:08Z,"🍔Create your own restaurant, cafe, or diner, and cook delicious food for your customers! Build your kitchen and become a chef, because it's time to have fun cooking some meals! 🍕Visit your friends - what will you eat and drink from their menu? Lunch or dinner? Pizza or pasta? Play Restaurant Tycoon 2 today! ⭐FREE VIP SERVERS 😍[NEW GAME] Restaurant Tycoon 3 https://www.roblox.com/games/119048529960596/Restaurant-Tycoon-3-Beta"
1230230722,3457390032,Club Roblox RP 💗 [👶 NEEDS],Block Evolution Studios,Group,3250407,RPG,Roleplay & Avatar Sim,Life,2019-07-12T12:05:01.103Z,2026-10-04T15:14:20.98Z,24,,2026-10-06T20:21:17Z,"👶 NEW MOOD NEED> ❤️ Family members now have moods! Keep them entertained and show them love to keep your family happy. ❤️ Live your dream life in Club Roblox – a vibrant online world full of fun, friendship, and adventure! 🌟 Adopt a baby or pet and grow your family 🏡 Design, build, and decorate your perfect home 🎮 Play exciting mini-games to earn rewards 🗨️ Roleplay, explore, and make friends from around the world! Your story starts here – who will you be? ---------------------------------------------------------------- 🏆 https://www.roblox.com/My/Groups.aspx?gid=3250407 ---------------------------------------------------------------- 💎 Join Block Evolution Studios for promo codes! ---------------------------------------------------------------- Community Guidelines: https://devforum.roblox.com/t/3323096 ---------------------------------------------------------------- Developed by Block Evolution Studios © (Season 2)"
1235188606,3475397644,[⭐SZN 10] Dragon Adventures 🐉,Sonar Studios,Group,2919215,Adventure,RPG,,2019-07-15T16:19:10.623Z,2026-10-06T23:26:36.4711795Z,20,,2026-10-06T20:21:17Z,"Embark on the adventure of a lifetime in Dragon Adventures, the ultimate pet dragon taming RPG! Explore breathtaking worlds filled with majestic dragons and hidden treasures. Will you rise to become a legendary dragon master? 🐲 Season 10 Starts! ⭐ New Dragons: Guardsoul and Phanwick 🗺️Explore unique worlds and unlock their secrets 🐲Discover over 200 unique dragon species! 🥚Discover, collect and HATCH eggs 🥚Raise your dragons from birth 🏠Design your own dragon lair 🐉Grow MASSIVE dragon species 💨Soar high and run fast with your dragons 🔥Defeat your enemies 🏆2020 Bloxy Award Winner for Favorite Map Tags: Adventure, Animal, Animals, Pet, Pets, Open World, Fantasy, Exploration, RPG"
1268927906,3623096087,💪Muscle Legends,Muscle Legends Studio,Group,874427664,Fighting,Simulation,Incremental Simulator,2019-08-09T14:52:25.583Z,2026-10-03T18:29:01.785Z,20,,2026-10-06T20:21:17Z,"💪 Unleash your strength and become the strongest ROBLOXian of all time! Train your body, unlock new Gyms, fight other Players, collect epic Pets, gain new Moves, compete in Arenas and much more in Muscle Legends! SECRET IN-GAME CODES: megalift50, speedy50, spacegems50, ultimate250 ✨ Premium Benefits: x2 Strength from Training, +2 Daily Fortune Spins, x2 Chest Rewards, +1 Pet Slot 🎁 Join Scriptbloxian Studios to unlock the group chest & +1 Daily Spins! https://www.roblox.com/groups/874427664/Muscle-Legends-Studio"
1271059807,3631820248,[🎉6th Anniversary!] Stevos Gems Eras Roleplay,TimTsuki,User,162884294,RPG,Roleplay & Avatar Sim,Morph Roleplay,2019-08-10T22:43:49.413Z,2026-10-05T14:19:30.695064Z,50,,2026-10-06T20:21:17Z,"🌺Step into a unique Gem universe with over 1000+ original morphs, new fusion combos, and an ever-expanding world full of secrets to uncover!🌺 ⭐ | Open World maps to Explore! ⭐ | Participate in Limited Time Events & Hunt for Badges to unlock New Characters! ⭐ | Fuse with your Friends and form more than 50+ Different Fusions! ⭐ | Play throught different Eras of the Gem History! [⚠️] Your account must be 31+ days old to play. [⚠️] Mid-to-high-end device recommended. Lower graphics if using older devices. [JOIN THE GROUP FOR SPECIAL MORPHS] ⭐Group: https://www.roblox.com/My/Groups.aspx?gid=4303068 ❗ This experience is a fan-made original project, built entirely with custom models, designs, and characters. It is not affiliated with any existing television network, franchise, or IP. All content is created by TimTsuki and contributors and is intended for artistic expression and roleplay. Steven, Morphs, Universe, Fusion, Roleplay, Era 1, Era 3, RP, Steven Universe ✨~"
1278035280,3663340706,Warrior Cats: Ultimate Edition,WarriorCatsRP,Group,2650756,RPG,Roleplay & Avatar Sim,Animal Sim,2019-08-15T21:39:42.407Z,2026-10-05T21:17:21.9729764Z,60,,2026-10-06T20:21:17Z,"Create your own Warrior Cats and roleplay in this official game based on ""Warriors"", The New York Times best-selling series of fantasy books. Warrior Cats: Ultimate Edition brings the ""Warriors"" series off the written page and into the Roblox world! 🎨Create your own Warrior Cats, and your own story. 🐾Choose the path of a Warrior, a Medicine Cat, or perhaps even a Clan Leader! 🗺️Explore the Forest Territory and the Clans who inhabit it... 💬Develop friendships, alliances, and identify your foes! 🌟Construct your own story in this immersive environment, and control your own destiny. Controls: Q/E to change speeds. V to drop held item. Shift+P to toggle cinematic camera Animation hotkeys found ingame! Asset Attributions: https://devforum.roblox.com/t/warriorcatsrp-asset-attributions"
1281592938,3678761576,[🗣️CALLOUT🗣️] ENTRENCHED 🥀,Edot,Group,5103306,Military,Shooter,Deathmatch Shooter,2019-08-18T01:55:23.283Z,2026-10-01T04:27:16.006Z,40,,2026-10-06T20:21:17Z,"🥀 ENTRENCHED is loosely based on early 20th century wars, where the Entente and Central teams face off in the trenches! 💥 Choose from 9 different classes and partake in many battles ranging from turn-based attack and defense frontlines, perpetual attack versus defense conquest, and king of the hill style domination! 🛠️ Version v1.31 [🗣️ Callout Voicelines] - 🗣️ Callout Voicelines - 💾 Uniform and hats are saved for each country - 🪖 Max squad size increased to 6 Playable on PC 🖥️, Mobile 📱 and Console 🎮 Search Tags: Great War | Military | Shooter | Warfare | Fighting | FPS | TPS"
1312971993,3823781113,🍂 Saber Simulator,HD Games.,Group,5028964,Fighting,Simulation,Incremental Simulator,2019-09-07T00:35:42.387Z,2026-10-02T21:47:33.553Z,20,,2026-10-06T20:21:17Z,"Welcome to Saber Simulator! HOW TO PLAY: ⚡ Train your character by swinging your sword and gathering strength. 💪🏻 Use strength to fight other players. 💰 Sell your strength for coins and upgrade your character in the shop. 📈 Try to get to the top of the leaderboards! Change Log 🛠️ ✨ Enchant Weekend! (50% more enchant tokens) 🥚 New Egg & Pets 👥 New Class (Goliath) ⚔️ New Sabers (Orchard Blade) 🎁 New code ""SPOOKYSZN"" To see more detailed information, go to the #change-logs channel in our community! Join the group HD Games. for an in-game reward: 💰 20% Extra Coins ⚡ Chat Tag 👑 Name Tag Made by HD Games"
1318971886,3851622790,Break In (Story),Cracky4,User,2600997,All,Adventure,Story,2019-09-09T23:20:17.843Z,2023-10-09T02:57:00.64Z,45,,2026-10-06T20:21:17Z,"Move in day! There are white brick balconies, an absence of drapes, nostalgic pictures lining the walls and the smell of new house. A wooden staircase leads upstairs where 12 beds wait lamely for occupants. The night may be stormy, but there are 11 unfamiliar players for you to meet, and a house full of secrets waiting to be discovered. Oh, and the murderers. I almost forgot to mention the murderers. Sincerely, your fren Cracky4 special thanks to: roytt - spanish translation viridial & korky5000 & resonating - building osyris & foryxev - scripting help docsurrykat - npc design of background characters samsonxvi & kerfoogle - quality assurance simdiggie & splashgameart - animations defaultio - richtext devsatwork - house catfartswithrainbows - kitten gkku - particles"
1358133289,4104106043,Insane Elevator!,Digital Destruction,Group,5143234,Adventure,Survival,,2019-10-12T03:38:18.793Z,2026-09-28T01:16:48.175Z,28,,2026-10-06T23:48:08Z,❗ WARNING: THIS GAME IS NOT EASY 💀 Enter the elevator. Survive the floors. Last as long as you can. ❗ Most don’t make it very far. Do you think you’re different?
1359573625,4111023553,Deepwoken,Monad Studios East,Group,5212858,RPG,RPG,Action RPG,2019-10-12T23:39:00.3Z,2026-10-06T19:59:42.1131882Z,30,400,2026-10-06T20:21:17Z,">> Deepwoken is a difficult game with permanent character loss. Losing characters is a part of the game that should be expected. << In Deepwoken, every story is yours to tell. Though, however short they may be is up to you. Arm yourself with a selection of hundreds of unique abilities. Plunder and forge a vast array of weapons, armor, and equipment. Fight and overcome the odds, clawing your way back from every defeat. Explore Lumen, a fragmented world that spans hostile waters, bustling towns, ruined sanctuaries, and nightmarish geometries. Delve through a variety of challenging dungeons, and test your might in PvP. Uncover the mysteries of a dying world with hundreds of characters and an in-game glossary that expands with every new piece of lore uncovered. Every aspect of your playthrough can be customised with a range of origins, attributes, modifiers, upgrades, and a diverse amount of customisation options. --- Winner of ""Best New Experience"" Innovation Awards '22"
1390601379,4282985734,Combat Warriors,PlayCombatWarriors,Group,5192826,Fighting,Action,Battlegrounds & Fighting,2019-11-03T00:57:01.03Z,2026-10-02T19:49:20.445Z,45,,2026-10-06T20:21:17Z,"A bloody and gory melee & ranged weapon fighting game. Premium users have access to Premium AFK Rewards by clicking the button with the Premium icon found on the bottom left of the main menu 2x XP + chance for Daily Spins from kills every Friday, Saturday, and Sunday Type ""/psCmds"" in chat to view all Private Server commands | Pressing "";"" opens the command bar Buy our UGC with our in-game menu for exclusive in-game rewards (Buying the UGC through the website/app will not grant you the in-game rewards) The UGC menu is located next to the ""Customize"" button"
1393178180,4299508195,Polish Car Driving 🚗,Polish Car Driving | Official Group,Group,12672931,Town and City,Simulation,Vehicle Sim,2019-11-04T18:56:09.773Z,2026-10-06T15:48:53.229477Z,36,,2026-10-06T20:21:17Z,"📝 Enter the drive seat of over 80 different vehicles, varying from cars and vans to buses, semi or garbage trucks & explore over 65km of accurately recreated roads from West Pomerania in northern Poland, including 3 large cities and 14 villages. Earn money by working as a deliveryman, bus driver, trucker, garbage collector, ticket inspector or trying your luck by participating in rare criminal activities. The map is always alive due to the addition of AI Traffic, 40+ trains & random events that occur once in a while. See you on the road! ⚠️ We do not give any second chances to exploiters."
1415710834,4448566543,[BAKERY🍰] Banana Eats,RyCitrus,User,21746001,Horror,Survival,Escape,2019-11-22T23:46:58.69Z,2026-09-17T21:46:10.98Z,10,,2026-10-06T23:48:08Z,"Hide from Banana, complete hidden puzzles, and escape when exits open! Survive, earn coins, and unlock over 500 playable skins! Can you survive the killer banana? ✨ Get x2 XP Every Weekend! 👥 Friends give bonus XP! ⭐ Roblox Plus subscribers get bonus coins! Banana Eats - BANANA’S BAKERY! 🍰 🎁Use code “NEWMAP” for a Free Beacon! • New “Banana’s Bakery” Map! • New Bananas! • New Beacons! • More Skin Upgrades! • More Fixes & Improvements! 🧡 THANKS FOR THE LOVE 🧡 🎮 Available on Desktop, Mobile, Xbox, & PlayStation 5 🧡 Made with love by RyCitrus Games & Friends. See Socials for Credits!"
1430007363,4480809144,Granny: Multiplayer,PyroIdentity,User,123954151,Horror,Survival,Escape,2019-12-02T08:21:50.37Z,2026-07-25T01:09:31.074Z,6,,2026-10-06T23:48:08Z,"Welcome to Granny: Multiplayer Granny keeps you locked in her house, and she will not let you go. You and other players are trapped in this house. Work together to find hidden clues, unlock doors, and avoid dangerous traps. Each chapter introduces new challenges, puzzles, and dangers as you work together to survive. Good luck!"
1451439645,4520749081,King Legacy,Sea King Games,Group,5348890,Adventure,RPG,Action RPG,2019-12-17T13:51:26.1Z,2026-07-25T12:24:24.662Z,12,,2026-10-06T20:21:17Z,"Join the community server for more information and codes! Level Cap: 5450 There are 44 Physical Fruits In-Game - Fruits spawn on the map every 1 - 2 Hours / Despawn 15 Minutes. - First Time you join the game you have a 0.1% chance to get a free Conqueror Ability Current fruits in the game: Allo, Barrier, Bomb, Braciho, Buddha, Dark, Dough, Dragon, Flame, Gas, Gate, Giraffe, Gold, Gravity, Rubber, Ice, Leopard, Light, Love, Magma, Magnet, Mammoth, Control, Paw, Phoenix, Quake, Rumble, Sand, Shadow, Smoke, Snow, Spike, Spin, Spino, Spirit, String, Toy, Venom, Wolf, Telekinesis, Melody, Tree, Demon, Pter"
1480782352,4566572536,Vehicle Legends 🏎️ Cars!,QuadraTech,Group,4645213,Adventure,Simulation,Vehicle Sim,2020-01-02T03:55:15.28Z,2026-09-29T16:44:07.139Z,16,,2026-10-06T23:48:08Z,"Welcome to Vehicle Legends, a driving and racing simulation! Choose from a selection of many cars, motorcycles, planes, helicopters, and boats, and build your way up to the top! The more you drive, race, and explore, the more money you make! Use your newfound money to purchase better vehicles! Have car shows, upgrade or personalize your vehicle, and more! 🌟 Premium users earn 20% more money when driving! 🌟 🌟 QuadraTech group members earn 10% more money when driving! 🌟 All rights reserved. All other trademarks are property of their respective owners."
1489026993,4580204640,🔪Survive the Killer!,Slyce Entertainment,Group,5470076,Horror,Survival,1 vs All,2020-01-06T21:18:16.76Z,2026-10-02T18:07:59.881Z,13,,2026-10-06T20:21:17Z,"🏃Survivors: Hide from the killer, save your teammates, and escape together! 🔪Killer: Kill as many players as you can before they escape or time runs out! 🔪🔁🔪 Join our trading channel to find more people to trade with. Check our Social Links below Credits * Created by: Dued1, Dev_Anthony, and TattedZach * STK v2.0 by: Chaotic_Cody and Dev_Anthony * Background music by: allesan_bro * Voldar and Dread cutscenes by: testobrit * Malvus cutscene by: Bluay * Kringler Hat by: Shino_VsX * Kringer designed by: BlockyLuis * Weapon concepts by: Ionel"
1494262959,4588604953,[⚙️] Criminality,CRIMCORP,Group,4165692,Fighting,Action,Open World Action,2020-01-10T22:20:30.993Z,2026-10-05T13:32:01.1570593Z,30,,2026-10-06T20:21:17Z,"This update includes improvements to the game's anti-cheat and many bug fixes. Criminality is a free roam fighting game featuring punishing and unpredictable gameplay with advanced combat mechanics and extensive weaponry. You are in SECTOR-07, the most hostile and uncontrollable sector exiled from civilized society. Arm yourselves, and prepare for the unexpected. Premium users get 30% allowance bonus! Join the group for 10% extra income! New code @ 400k likes Use !cmds in the chat to view commands in your private server"
1511883870,4616652839,Shindo Life [250],RELL World,Group,1226491,All,RPG,Action RPG,2020-01-20T19:24:27.627Z,2026-08-10T18:37:33.861Z,5,,2026-10-06T20:21:17Z,"🔑 Welcome to Shindo Life (Shinobi Life 2) 🔷 Explore vast worlds, play many game modes, and mini-games. Battle various types of creatures known as spirits. Unlock and randomize many abilities, and awakens. Battle bosses for their unique Bloodlines and Abilities. Rank up and further your skills under mentors. Your Shindo adventure awaits! 🔑 Join for Perks: 🔷https://www.roblox.com/groups/4939446/RELL 🔷 https://www.roblox.com/groups/1226491/RELLWorld 🔑 !cmds 🔷Opens command panel in-game 🔑 Game Day Bonus 🔷Mon-Tue: 1.5x RELLcoins 🔷Wed-Thurs: 1.5x BOSS DROPS 🔷Friday-Sun: 2xp"
1516533665,4623386862,Piggy [SEASON 9 - FRIGHT NIGHT],Piggy Dev Team,Group,722903330,Horror,Survival,,2020-01-23T02:11:32.343Z,2026-10-06T21:24:32.8372283Z,6,,2026-10-06T20:21:17Z,"Do you have what it takes to escape Piggy and uncover the mysteries surrounding the beast? Controls: Pick up items / Use items - Click (Computer), Tap (Mobile) or Right Trigger (Controller) Crouch / Place trap - CTRL (Computer), Tap (Mobile) or B (Controller) Credits: IK3As - Building Optikk & Epic_Tank - Build Mode For You to Stay © 2019 Mira K."
1525626450,4637668954,(🍂) Rensselaer County,Rensselaer County Official,Group,5499489,Town and City,Simulation,Vehicle Sim,2020-01-28T00:40:54.047Z,2026-10-06T23:00:10.5883531Z,30,,2026-10-06T20:21:17Z,"Join our Community Group: https://www.roblox.com/communities/5499489/Rensselaer-County-Official If you're on PC, when in vehicle, press 'E' three times to set your gearing to Drive. 'E' and 'Q' are used to switch gears. Welcome to Rensselaer County! Located in New York, hit the road and embark on an immersive driving adventure. This open-world driving game offers lots of opportunities for exploration, with a vast network of roads, an interstate, and charming houses to discover."
1526814825,4639625707,[Visby] War Tycoon,KizmoTek Studio,Group,3115970,Fighting,Simulation,Tycoon,2020-01-29T00:12:02.89Z,2026-10-05T17:22:47.3413043Z,18,,2026-10-06T20:21:17Z,👍 New Code at 1.1M Likes! [UPDATE LOG] - New Visby-Class Corvette (Unlocks at Rebirth 3) - New Halloween themed F-22 Grinning Jack Skin (Limited) - New Halloween themed Apache Violet Witch Skin (Limited Operation) & Several bug fixes and other changes https://devforum.roblox.com/t/1829666 💥 Build up your Tycoon and start a war with an arsenal of weapons and vehicles! 💾 Tycoon Progress and Gamepasses Automatically Save! War Tycoon™ officially released on April 22nd 2021
1527252839,4640354700,Ben 10 Super Hero Time,Cartoon Network Games,Group,5544719,RPG,Action,Battlegrounds & Fighting,2020-01-29T10:42:13.84Z,2026-10-06T15:40:00.5126747Z,20,,2026-10-06T20:21:17Z,"Welcome to Ben 10: Super Hero Time! ⌚👦🔟 The one and only OFFICIAL Roblox game by Cartoon Network! 🎁 Use Code ""500m"" for a free alien! ⚡ 👽Transform into Your Favourite Aliens and Save the Day! 🦾 Battle as Four Arms, Stinkfly, and MORE Awesome Aliens! 🌍 Explore a MASSIVE World Packed with Action-Packed Missions! 💪 Level Up Your Aliens and Master Their Unique Powers! 🎯 Complete Epic Quests and Become the Ultimate Hero! 👑 PREMIUM PLAYERS: Earn 50% MORE Omnitrix DNA! 🎮 Play on PC, Console, Mobile & Tablet - Team Up with Friends! 🆕 Regular Updates with New Aliens, Powers & Adventures! 🔔 Hit That Follow Button for Exclusive Codes & FREE Rewards! IT'S HERO TIME! 🦸 Find out more about Cartoon Network Games and our policies here - https://www.roblox.com/groups/5544719/Cartoon-Network-Games#!/about"
1531130248,4646477729,Tower Heroes [UPD] 🎃,Pixel-bit Studio,Group,2684297,All,Strategy,Tower Defense,2020-02-01T02:09:07.7Z,2026-10-06T04:03:04.1282011Z,23,,2026-10-06T20:21:17Z,"Use codes: SPOOKTACULAR, H24_VANESSA, and halloween2020 for freebies! What's New? - Halloween Event! - Complete daily Contract challenges assigned by Deeds, Alvin, and Chomps to earn rewards! - All previous Contracts and their Rewards return! (2023 and 2024 Halloween Events) - New Contracts from Deeds with new rewards coming soon! - 2022 Halloween Pass returns as a Gamepass! Collect candy corn drops from enemies to progress in the pass and earn rewards. The first 3 tiers are free! - Halloween Content Returns! Hero, Maps, Crate, Sticker Pack, etc - New Weekly Challenge! - New Gimmick, Boss, and Skin Reward for the weekly! Tower Heroes is a Tower Defense game with a variety of unique Heroes to add to your arsenal. Battle against various enemies across a variety of different maps, each with their own unique bosses! Fight against other players in PVP mode, or team together to take down bosses in Freeplay mode and Campaign mode. Plenty of skins, stickers, modifiers, and more to collect."
1617287243,4796443083,Daycare 2 🎈 (Story),Parwaz Studios,Group,4851134,Horror,Adventure,Story,2020-03-19T16:51:46.943Z,2025-07-22T13:23:14.873Z,75,,2026-10-06T23:48:08Z,"You and your friends are on your way to the BEST Daycare in the city! Play around, socialise and explore with 6-12 friends! Everybody is living the best time of their lives ... Or at least that's what they thought. 🎁Join the Parwaz Studios group for a free toy and pet ingame!🎁 🔊 Make sure to turn up your volume for the best experience! 🔊 ✨ There are currently TWO different endings! Will you be able to experience them all? ✨ 👍 Be sure to like and favourite this game if you enjoyed it! ⭐ 💀 WARNING: This game has scary scenes and flashing lights. 💀 🛒 Struggling to survive? Check out the store for some helpful perks! 🛒 ⚡ Inspired by Cracky4's Break In Story | Built with Its_ZebraRBLX & PawstelRainbow | Logo by s_izzles ⚡ ✨Be sure to play the first Daycare Story before playing Daycare 2!🎈 👉Daycare 🎈 [Story] https://www.roblox.com/games/3835537082🧸"
1638323641,4832438542,VR Hands v3.2 🎙️,Mad Vikings Production,Group,1227688,All,Simulation,,2020-03-29T10:59:48.507Z,2026-09-30T18:48:04.755Z,40,,2026-10-06T23:48:08Z,"Have fun... and be nice all you VR players! Inspired by welikeminecraft38: ""sked's vr playground"" Be aware of game-breaking bugs :] Patch notes (Build version 3926): - Added Water guns VR Only Servers: https://www.roblox.com/games/80957148230445/VR-Only 18+ Test Server: https://www.roblox.com/games/16893957142/VR-Hands-Test-Server-17 Legacy version: https://www.roblox.com/games/16912831373/VR-Hands-v2-8-Legacy"
1648467492,4850533156,Bendy scripts,Drecktharx,User,1241816534,Fighting,Action,Battlegrounds & Fighting,2020-04-03T02:15:10.547Z,2026-09-28T08:22:43.423Z,12,,2026-10-06T23:48:08Z,the same bendy map but with more powerful items and scripts on the wall 2
1648496580,4850588087,Bendy and the ink Machine,Drecktharx,User,1241816534,Fighting,Action,Battlegrounds & Fighting,2020-04-03T02:36:09.35Z,2026-09-28T08:24:11.545Z,12,,2026-10-06T20:21:17Z,Get your best weapon combination to fight against Bendys and other players. Collect random weapons and items from the wall — choose wisely and survive. ⭐ Please consider liking and favoriting the game for more updates
1668992109,4889315193,Total Roblox Drama,Mojo's Games,Group,3661096,Adventure,Party & Casual,Minigame,2020-04-12T11:27:32.19Z,2026-06-08T17:41:16.87Z,50,,2026-10-06T20:21:17Z,"Welcome to ROBLOX's most dramatic game show: Total Roblox Drama! The only fan game authorised by Fresh TV, the creators of Total Drama Island! Play anonymously while you're put through some crazy challenges. You'll need to make friends, utilise your skills & create alliances in order to survive and win the grand prize. Do you have what it takes to be the winner of... Total Roblox Drama?!? [GAME MODES] •⛺ Camp •✈️ Expedition •🎬 Movies"
1686885941,4924922222,Brookhaven 🏡RP,Brookhaven by Voldex,Group,3104358,Town and City,Roleplay & Avatar Sim,Life,2020-04-21T02:15:38.373Z,2026-10-06T23:47:37.7569441Z,30,,2026-10-06T20:21:17Z,"A place to play with like minded people and roleplay. Own and live in amazing houses, drive cool vehicles and explore the city. Be whoever you want to be in Brookhaven RP. Latest Update: 🥇 Military Base House - launchable missile, helipad, and more! 🏡 Villa Free House 🌊 2 Military Vehicles 💥 RPG Tool 🧸 9 Props Thanks for playing! Private Server Benefits: · Prop Saving · Server-Wide Music · Server-Wide Announcements · Remove or Lock Props · Check Prop Owners · Set Players as Admins · Kick / Temp Ban Players · Set Day of the Week · Set Time by the Hour · Change Weather and Lighting · Speed up Time · Server Theme Controls · No Wait Time for Changing House · Spawn Up to Three Vehicles · Prop Limit Increased · Freecam for PC users (Shift+P)"
1701332290,4954096313,Field Trip Z,Splitting Point Studios,Group,4491593,All,Adventure,Story,2020-04-28T01:00:55.567Z,2025-03-04T18:36:19.387Z,43,,2026-10-06T23:48:08Z,"Your life is about to take a Field Trip because of unexpected events, will you be able to survive the Apocalypse?"
1709917610,4972273297,Regretevator [ ELEVATOR SIMULATOR ],The Axolotl Sun,Group,5399587,Adventure,Party & Casual,Minigame,2020-05-02T02:57:08.217Z,2026-10-05T23:45:49.3666227Z,10,,2026-10-06T20:21:17Z,"Room infinity, now going up! Regretevator is a random style elevator puzzle game where you can hang out, look for secrets, and have fun. hit 'G' for the emote and stickers menu 🎮 New Update WEEKLY! ⭐ Coins multiplier on weekends! (Friday - Sunday) [Coin purchases are also affected by the Coin multiplier!] 👽 Follow for updates and leave a like to help support the development of the game for free! 🎵 Song for the Maze floor is ""Kubbi // Spiritdancer"" 🐸 Join the group for updates! https://www.roblox.com/groups/5399587/The-Axolotl-Sun#!/about"
1718755273,4991214437,town,DecodeUnicode,User,26600799,FPS,Shooter,Deathmatch Shooter,2020-05-06T03:04:39.003Z,2026-10-03T21:45:54.142Z,30,,2026-10-06T20:21:17Z,"Fps base building sandbox set in Nowhere Ville, USA. For building tools, join: https://www.roblox.com/groups/5502618/Hapless-Studios#!/about"
1719305066,4992570197,ROBLOX Rally Racing,Roblox Rallying Group,Group,6217280,All,Sports & Racing,Racing,2020-05-06T11:32:13.373Z,2026-09-02T18:15:51.947Z,10,,2026-10-06T20:21:17Z,"Welcome To Roblox Rally Racing, a game focused around the motorsport of rallying! With over 50 cars and 28 tracks, you have lots of choice to race with to get the most out of your experience. The aim of the game is to get the fastest time possible on each course, or to race your friends to see who is faster! Each update will include new content to try and race with. This game is in a constant state of development, if you notice any bugs or encounter any issues, let me know in the communications server or Roblox group! Join our communications server in order to get sneak peeks of future content, and to get involved with official events that we host."
1720936166,4996049426,[OG] All Star Tower Defense,Top Down Games,Group,5292947,All,Strategy,Tower Defense,2020-05-07T03:13:07.403Z,2026-10-06T09:18:10.7912141Z,38,,2026-10-06T20:21:17Z,"Check out the update board in the lobby or our socials for more information ⚔️Use your units to fend off waves of enemies ⚡Each Unit has Unique Cool Abilities ⬆️Upgrade your Troops During battle to unlock new attacks ⛩️Summon from the Gate and unlock New Units to use them in battles 🌀Team up with your friends to take on story mode or the infinity tower 🕒New things appear in the Summon Gate and Emote Shop every hour Collect them all! 📝Join the Social Links to Gain Codes/Announcement/Updates ❤️Like the Game for More Codes! 🔨More updates upcoming! All content in game, including any sponsored content, was developed, uploaded and published by the game's development team."
1742264997,5041144419,SCP: Roleplay,SCP | Roleplay Community,Group,5479038,RPG,Roleplay & Avatar Sim,,2020-05-16T15:32:09.563Z,2026-10-06T12:31:48.7455278Z,50,,2026-10-06T20:21:17Z,"Help protect a top-secret research facility or raid it and free all the anomalies! 🔥 Escape or raid the facility and free SCP anomalies 🧪 Study strange creatures 🛡️ Keep the SCPs contained and protect the facility Play as a Prisoner (Class - D), Scientist, Guard, and unlock more teams as you progress. Climb through the ranks, make discoveries, and help protect the world from the unknown. Secure. Contain. Protect. (Licensing Attributions can be found on the Roblox devforum ""scp-roleplay-game-rules"") [NOTE] To access different modes such as Infection, you can use the Modes button on the right side of the menu."
1775919872,5116869569,🌴 Doodle World! [BEACH EVENT],Doodle World Studios,Group,5111030,Adventure,RPG,Turn-based RPG,2020-05-31T15:23:57.253Z,2026-10-05T06:02:41.207Z,16,,2026-10-06T20:21:17Z,"✨ COLLECT and TRADE thousands of Doodle skins. ⚔️ FIGHT other players using your Doodles! 🌎 EXPLORE a mysterious island filled with creatures called Doodles! 📚 EMBARK on a story full of twists and turns. 🌴 BEACHGOER EVENT IS LIVE New BP: GOOD VS. EVIL! Pick your side... 🎁 Previous Codes: BungoPizza, 225KLikes, 225KLikes1, YippeeGems 👍 New code at 250K Likes! 💎 Roblox Plus users get extra goodies every day. ❤️ Updates every Saturday! Tags: Creature, Monster, Doodle, Capture, Catch, Collecting, PVP, Competitive, Turn-based, Pet, RPG"
1776914212,5118969548,Spider,RoyStanford,User,1314618,Horror,Survival,1 vs All,2020-05-31T23:51:54.937Z,2022-03-21T19:11:22.207Z,6,,2026-10-06T20:21:17Z,🕷️ What happens when Robloxians get bitten by a highly infectious spider?... 🕷️ Can you escape the eight-legged beast?
1782832995,5130598377,A Universal Time,Universe Time Studio,Group,6556072,Fighting,RPG,Action RPG,2020-06-03T17:36:20.067Z,2026-09-27T22:32:34.895Z,1,,2026-10-06T20:21:17Z,"A Universal Time Update 6.2.4 - ⭐ Skin Reworks - 🔧 Adjusted various obtainments - 🔧 Bug Fixes / Balances / more QoL 📇Explore the update document for more information. ⭐Premium users receive extra rewards on Daily Quests, a +15% EXP Multiplier & discounts on Haki Color Rerolls📌 WARNING: This game contains flashing images that may trigger seizures in those with photosensitive epilepsy. 🌌Explore, fight, and progress in a vast universe featuring characters and abilities from dozens of series! Obtain and level up abilities, battle enemies and bosses across the overworld, or participate in various gamemodes for rewards and glory! Become the strongest in an ever-expanding and evolving universe! Current series obtainable as abilities in game: JJK, JJBA, DBZ, HxH, OP, UT, DMC, LoL, LaD, EoC, Bleach, CSM, DS"
1784051919,5133040469,[New Update] Beat up simulator,Imded Studios,Group,1123655,Comedy,Entertainment,,2020-06-04T06:40:17.307Z,2026-09-28T14:38:34.505Z,24,,2026-10-06T20:21:17Z,"So, basically this is where you beat up n stuff I also made an animation game! https://www.roblox.com/games/8281431812/Gojo-Geto-Walk-Animation-Simulator Btw get this model if you want to make a map for us or something https://www.roblox.com/library/5521196596/Beat-up-simulator-template go to our group for more instructions n stuff"
1794056685,5152425034,Camper Van 🚐,JustEpicx,User,794886348,All,Adventure,Exploration,2020-06-08T16:04:42.053Z,2026-10-03T18:05:14.528Z,12,,2026-10-06T23:48:08Z,"Welcome to Camper Van! Have fun with your friends, roleplay, customize your avatar, build a trailer, complete events and discover secrets on a road trip as you drive down the world's safest and infinite highway in a supersized RV!🎈. [🌴September Update] >🌵 New biomes > 🍿 New destinations > 🎖️Badge rewards >🛠️ Trailer building rework >👓Catalog Avatar Editor >📃 New private server admin panel >🐛 Bug fixes + Performance Improvements See full list of changes in game. 🎟️ Use code September26 for 67 tokens! 📂If you have any suggestions, bug reports or questions, feel free to drop a message on the community forums. Community: https://www.roblox.com/communities/36076795 👑 Private Server owners can access an admin panel, including setting the time, setting events and running admin commands!"
1802622907,5171093784,☄️Don't Press The Button 4,Colorfuel Studios,Group,6206549,Adventure,Party & Casual,Minigame,2020-06-12T15:29:50.973Z,2026-10-06T01:02:38.0446247Z,10,,2026-10-06T23:48:08Z,"👍 LIKE + FAVORITE FOR MORE UPDATES! ☄️ Current Stages: 150 📌 Join the group for bigger daily reward! Welcome to Don't Press The Button 4! There is a button in the middle of nowhere, the button is in your power to use, will you go rogue and press it or will you follow the rules and not press the button? What chaos can the button cause? 🎃 (RECENT UPDATE!) [10/02] - 🎃 3 Limited Halloween Gears! - 👻 New Halloween Lobby! - 🍬 Trick or Treat.. Find the hidden pumpkin candy! - 💰 More Lobby Coins! 🐰 (PREVIOUS UPDATE!) [04/05] - 🐰 3 Limited Easter Gears! - 🥚 New Easter Lobby! - 🌷 Egg Hunt.. Collect the hidden easter eggs! - ✨ Small Bug Fixes!"
1802741133,5171347293,✈️ Cabin Crew Simulator,Cruising Studios,Group,5435520,All,Simulation,,2020-06-12T16:29:46.407Z,2026-10-06T23:27:12.4277501Z,10,,2026-10-06T20:21:17Z,"Welcome to Cabin Crew Simulator! ⭐The major update just released!⭐ 🎨 Create your own airline and design your aircraft's look inside and out! 🍽️ Pick your meals and drinks! 🛫 Ensure your passengers have a safe and enjoyable flight as a flight attendant! 🔥 Experience a range of emergencies in-flight, from fires to water and crash landings! 💸 Complete exciting and dangerous missions to earn more in-game Skybux! 👍 Support for the game is appreciated through favorites and thumbs-ups! 🌟 Premium players also earn immediate access to Sky Lounge!"
1831550657,5233782396,✨ Creatures of Sonaria 📜 Survive Kaiju Animals,Sonar Studios,Group,2919215,All,Roleplay & Avatar Sim,Animal Sim,2020-06-25T17:33:51.58Z,2026-10-03T16:31:30.573Z,75,,2026-10-06T20:21:17Z,"🦖 Start as a young, weak creature and become stronger and explore this immersive survival experience for food and water! Will you survive? 🌟 Favorite the game and join Sonar Studios' for in-game rewards! 🎮 Press K in-game to view the controls! Added This Week! Hexink 👁️Monthly Mission Hulghast🐬Limited Mission 🦑 Play as a variety of creatures in Sonaria's Universe ☄️ Use exciting combat abilities 👥 Hang out and socialize with friends ⚔️ Group with others and battle as a team 🏹 Hunt in a vast world ♻️ Save, trade, and store your grown creatures ✨ Reach a full adult, and become an elder to get stronger! Tags: Survival, Fantasy, Creature, Fighting, Kaiju, Titan, Monster, Monsters, Animals, PVP, Abilities"
1836146838,5244411056,Bloxy Bingo,Bloxy Bingo,Group,6012484,Town and City,Party & Casual,,2020-06-27T18:38:18.617Z,2026-10-03T11:11:38.182Z,80,,2026-10-06T20:21:17Z,"Welcome to Bingo, a game where you can play Bingo with friends and others! We have plenty of Bingo to play: 🇬🇧 British Bingo (90 Ball) 🇺🇸 American Bingo (75 Ball) 🇲🇽 Lotería (54 Picture Ball) 🕹️ Arcade Bingo (80 Ball) Show your style with custom markers, mascots & themes, then celebrate victories with custom calls, dances & tracks! Private servers are available for parties – they allow for control of game selection, speed & caller - but have reduced gem rewards when few play. ❓ FAQ: https://devforum.roblox.com/t/bb/872274 📜 Game Manual: https://devforum.roblox.com/t/bb/860980"
1851087906,5286116071,[🐶DOGS] Hunting Season [BETA],Josima Studios,Group,5086436,Adventure,Shooter,,2020-07-04T14:35:57.447Z,2026-10-04T08:27:05.939Z,200,,2026-10-06T20:21:17Z,"Hunting Season is an open-world hunting simulator on Roblox, hunt solo or with friends as you track wildlife, master the stalk, and build your legacy as a skilled hunter. 🐶 DOGS: Hunting dogs are finally here. Track animals by blood trail or scent and train your dog. Hunts are tense, and rewarding. Read the terrain, learn how animals move, and commit to a clean shot when the moment is right. Bring your best trophies to your lodge and keep upgrading your gear. 🦌 Real world hunting simulation: Realistic hunting that provides an immersive experience. 🗺️ Massive Open-World Maps: Explore huge regions with varied terrain. 🐾 Track, Stalk, Hunt: Learn animal patterns, read the terrain, and plan your approach. 🏡 Hunting Lodges & Trophies: Display your best trophies, show off your rarest animals, and upgrade your lodge over time to build the ultimate trophy showcase. 🖥️ Play on Desktop, Console, Mobile and Tablet! ⚠️ Note: Game is in beta, so anticipate bugs. ⚠️ Version: v0.19.1"
1852226622,5289509545,Gacha Online ✨ RP,SnowdustDev,User,1730435200,Town and City,Roleplay & Avatar Sim,Morph Roleplay,2020-07-05T00:52:01.23Z,2026-08-28T16:56:23.946Z,45,,2026-10-06T20:21:17Z,"✨NEW CLOTHING EVERY WEEK!✨ ❄️ Welcome to Gacha Online✨, a cozy customization game where you can become ANYONE and anything!! ❄️ Be your favorite character, a dog or cat, or create your very own custom OC!! :D ------- 🏠 Play games, design your home together, and become any character you can imagine, no Robux required!! :D 👕 Customize and adjust ANYTHING you want!! Seriously! ✨ Roleplay as ANYONE, and make new friends! 🐈 Become a pet, animal, or a car(!?) with our crazy customization system! 🗺️ Explore our anime inspired world together, like the school, cafe, or beach! 🎀 Design your own custom home, make custom Roleplays, or impress your friends with your style on the runway! and lots more!! 🎉 Press play to jump into a chill world of fun, creative and silly goofy gameplay :D 🎉 Gacha Online is an independent Roblox experience with permission granted by the Gacha Club and Gacha Life series. Genres: Roleplay, Town & City, Hangout, Fashion, Dress Up, Cozy, Playground, Building"
1921509404,5496455308,Tower FL,Fathul,Group,6893956,Adventure,Obby & Platformer,Tower Obby,2020-08-04T13:25:23.503Z,2026-10-04T22:12:37.018Z,20,,2026-10-06T20:21:17Z,"Tower FL is a tower obby with randomly generated stages. There are no checkpoints! Can you race other players to the top? Win coins for every stage you finish. Use your coins to open boxes in the shop and see how many cool cosmetics you can get, Can you collect them all? VIP server owners can use the settings menu to skip rounds, change the tower size, and lock the shop and commands in chat here: /skip to skip tower /setlength (number of stages 4-200) to set how many stages you want /lock or /unlock to lock the shop"
1946714362,5571328985,[🎉] Bloodlines,-Bloodlines-,Group,7450839,All,RPG,Action RPG,2020-08-16T16:57:06.033Z,2026-10-06T00:16:50.9418071Z,1,299,2026-10-06T20:21:17Z,"Bloodlines is a high stakes, action-adventure game where exploration is a key element of the experience. For any exploiter reports or restore requests, please head to our server linked below."
1953956112,5593470048,Visual Pianos 🎹,Visual Piano Studios,Group,6720815,All,Entertainment,Music & Audio,2020-08-20T07:42:05.73Z,2026-10-04T08:42:13.48Z,25,,2026-10-06T20:21:17Z,"Welcome to Visual Pianos, the best pianos on Roblox. Play piano, perform with friends, and bring your favorite songs to life. We're a multiplayer music experience with customizable instruments, beautiful worlds, and spectacular visual trails. 🎹 Play solo, duet with friends, or perform for others. Show off your skills! 🎶 Choose from over 200+ different soundfonts; the largest collection on Roblox. 🎺 Type sf+ to mix and match up to 4 different instruments to play together! 🎨 Customize your piano, colors, trails, and visual effects. Express yourself! 🎛️ Play with QWERTY, MIDI, mobile, or tablet controls. Play VP wherever you are! 🤖 Type >auto to autoplay your favorite music sheets for free. 🐾 Collect exclusive pets and discover more secrets throughout the game."
1954152886,5593925613,Countryball World 🌎,MorphForge,Group,5130204,Town and City,Roleplay & Avatar Sim,Morph Roleplay,2020-08-20T10:42:40.773Z,2026-10-02T00:17:52.028Z,50,,2026-10-06T20:21:17Z,"🌎 Roleplay as countries from all over the globe! Conquer your foes on the Paintable World Map! Press E to emote Press Shift to run 👾 Roleplay with fellow Countryballers! 🗺️ Explore the vast land of the World of Countryballs! 🏆 Colllect badges and get unique countryballs and hats! 😎 Enjoy your time in CBW! 🔨 Latest Update (Version 3.3) - New Hats - Horses! - Muskets added ingame 👥 Join the group! 🔔 Hit the follow button to be the first notified about updates! ▬▬▬▬▬▬▬▬▬▬▬▬▬▬▬▬▬▬▬▬▬▬▬▬▬▬▬▬ Tags: CONQUEST, COUNTRYBALL, POLANDBALL, MAPPING, LIFE RP, ROLEPLAY, PLANETBALL, TOWN, FLAGS, COUNTRIES, COUNTRY, RP, NATIONS, NATION, NATIONS ROLEPLAY, LIFE, COUNTRYBALL RP, COUNTRYBALL ROLEPLAY, CITY, MORPHS, MORPH"
1998835206,5670218884,[🎂] item asylum,Jean's Bizarre Community,Group,6356872,Fighting,Action,Battlegrounds & Fighting,2020-09-08T23:56:46.457Z,2026-09-09T07:43:43.197Z,30,,2026-10-06T23:48:08Z,"!! WARNING: THIS GAME CONTAINS FLASHING LIGHTS AND LOUD NOISES !! a meme and reference-filled randomizer fighting experience. can it get more chaotic? how the experience works: every time you respawn, you get 3 random weapons: a melee (first slot) a ranged (second slot) and a miscellaneous (third slot). use these to fight others. join the group for 0.5x additional point multiplier (stacks with 2x points gamepass) https://www.roblox.com/groups/6356872/JPX-Studios#!/about (2.0x base multiplier every Friday, Saturday, and Sunday!)"
2017809925,5702593762,"Climb 1,000 Stairs",Climb Team,Group,7252109,All,Obby & Platformer,,2020-09-17T19:14:31.077Z,2026-09-23T01:19:15.489Z,31,,2026-10-06T23:48:08Z,"Welcome to the original Climb 1,000 Stairs! UPDATE COMING SOON 🧗 Climb 1,000 Stairs 🌟 Earn Stars To Buy Items 🚗 New Fast Cars 🐱 Collect And Find Animal Badges! 😵‍💫 RAGDOLL"
2023680558,5712833750,Animal Simulator,ragnar9878,User,1512947819,All,Roleplay & Avatar Sim,Animal Sim,2020-09-20T12:29:27.62Z,2026-08-26T08:02:34.21Z,25,,2026-10-06T20:21:17Z,"Controls: Q - Attack Shift - Run/Walk R - Sit T - Rest - Collect coins to level up fast and unlock rare animal skins - Roleplay - Fight - Or do nothing at all Anyways, thank u guys so much for playing You gain [(1000 * exp multiplier) + player_level] exp per hit Play as Lion, Tiger, Hyena, Horse, Komodo Dragon, Deer, Gorilla, Bear, Rabbit, Rhino, Cat, Husky, Dinosaur, Penguin, Spider, Dragon, Kangaroo, Fox, Monkey, Elephant, Wolf, Axolotl, Crocodile or Snake!"
2049551477,5777099015,Cheese Escape [Horror],Spirow734,User,185922963,All,Survival,Escape,2020-10-03T11:13:15.323Z,2025-08-31T20:12:10.143Z,9,,2026-10-06T23:48:08Z,"Another pointless horror game in which you have to survive from a harmless rat. Cheese Escape currently has 3 chapters and one secret ending. Update Logs: (06/02/25) Added new game mode: Random Maze. New pass added ""Become a Rat"". Chapter 4 in development. (02/11/24) -In сhapter 3 you can now always hide even if a rat spots you. -Keys are now saved across all chapters. I advise you to play with the sounds so that you don't miss anything. Create a free VIP server and play alone or with friends for the best experience. Leave a like if you enjoy this game! Good luck!"
2065706268,5814304937,Outfit Loader Testing Place,coded clothing,Group,5542249,Comedy,Shopping,Avatar Shopping,2020-10-11T02:15:21.223Z,2026-09-17T13:04:34.842Z,10,,2026-10-06T20:21:17Z,"Try on outfits & get inspired to create your perfect avatar! 🛍️ Browse items of different outfits! 🛒 Any purchase made in-game will stay on your Avatar! Free Private servers in Testing Place! How to load outfits: 1. Click the button on the screen called 'Load User' and input the username of the player you want to see outfits for. 2. Now the outfits will load, click on them to see the items and try the outfit!"
2087494287,5856880701,Mermaid Testing 🥭,ThatPreston,User,329827462,All,Roleplay & Avatar Sim,Morph Roleplay,2020-10-21T18:16:33.69Z,2026-08-02T09:15:16.451Z,20,,2026-10-06T23:48:08Z,"Welcome to Mermaid Testing! Have fun creating your own characters, transforming into a merperson, and mastering your magical powers! If you want to see more updates, please like the game to show your support! It means a lot to me. :) 🧜‍♀️ Power Controls: 💧 Water: Click on the ocean to form a water bubble, then click again to throw it. Water bubbles can transform a player into their merperson form. 🧊 Ice: Click on a water bubble to freeze it. If a frozen water bubble hits a player, it will damage them. 🔥 Steam: Click on a water bubble to boil it. Click on merpeople above water to dry them off faster. 💚 Jelly: Click on the ocean to form a jelly platform. 🌊 Dive: Run towards water and jump to dive in. Credits: Seagoonia: Swimming animation, faces, various particle effects and meshes"
2092410051,5865858426,Retail Tycoon 2,Secondhand Studios,Group,2748390,Building,Simulation,Tycoon,2020-10-23T21:30:56.08Z,2026-04-08T07:12:15.122Z,6,,2026-10-06T20:21:17Z,Thank you for 300 Million visits! 1.8.2.2 | 2025-05-14 📷 Fixed overhead camera shaking bug 🐛 Fixed mobile restocking bugs 1.8.2 | 2025-02-13 🎈 Added balloon decorations- heart shaped ones too! 🏠 Added a wooden fence decoration 🧻 Added paper goods as a sellable 🔐 New one-way gates gives you better control over your customers pathing 🛠️ Improved vehicle performance on low end devices 🐦 Check out our social links below to keep in touch 📝 Full Changelog: devforum.roblox.com/t/858524
2113323331,5901440255,Teddy,GnomeCode,User,18799320,Horror,Survival,Escape,2020-10-31T16:49:31.633Z,2026-07-14T09:36:10.838Z,6,,2026-10-06T23:48:08Z,"🧸A giant life sized cuddly teddy bear, but something doesn't seem quite right... Want to make a game like this? - Check out my Youtube Lobby music by Tyops"
2137105308,5946155382,Trivia! Roblox Game Show [Jeopardy],L27 Dev,Group,5183060,RPG,Party & Casual,Quiz,2020-11-12T10:15:03.247Z,2026-09-28T01:53:29.07Z,50,,2026-10-06T20:21:17Z,"👍 LIKE THE GAME FOR NEW QUESTIONS! 👍 🥳 For every 1000 likes, 100 new questions are added 📺 Be a contestant in a realistic quiz game show 🧠 Test your knowledge by answering questions from many categories 😃 Play solo or create a party with up to 4 of your friends 🏆 Different game modes, such as competitive play and solo play 📈 Climb to the top of the leaderboard 📨 Have any suggestions or bugs to report? Let us know in the community forum!"
2153167977,5976159288,Formula Apex Racing,Project:Apex,Group,4989040,Sports,Sports & Racing,Racing,2020-11-19T20:52:10.497Z,2026-10-05T19:40:23.9132109Z,5,,2026-10-06T20:21:17Z,"Push the limits and set record breaking lap times whilst you outmanoeuvre your competition. Upgrade your cars with high tech cutting edge components to get the upper hand and leave your rivals in the dust. Immerse yourself in the roaring engines of iconic cars, adorned with legendary liveries of Formula racing's greatest drivers and teams. With over 140 liveries you're sure to find the perfect homage to your favourite racing legends. Race across 13 of the world's most renowned circuits alongside 3 of our own, designed to challenge the most skilled drivers. Are you ready to become the greatest racing champion? 🏆 Tags: Formula Racing, Formula, Racing, Motorsport, Apex, Formula Apex, Formula, Project Apex, Project Formula Apex, Formula Project Apex, One, 1, Racing , Race , Race Cars , Racer , Car , Rally , Vehicle , Simulation , Simulator"
2157233282,5984006660,Would You Rather: Singers Tower,Crystal Corp,Group,8274352,All,Obby & Platformer,Tower Obby,2020-11-21T16:45:40.99Z,2026-09-25T17:06:08.377Z,32,,2026-10-06T23:48:08Z,"Welcome to Would You Rather: Singers Tower! 🎤🎶 Choose a door and decide your musical destiny 🌟🎸 Will you become a legendary superstar… or make the WORST music career choices ever?.. 👀 Every decision changes your journey: 🎤 pop icons, rock legends, rappers, and boybands 🌟 chart-topping superstars, viral hitmakers, and vocal powerhouses 💀 or totally cursed, off-beat musical choices Examples: 🎤 Taylor or Bieber? 🕺 Bruno or Gaga? 👑 Michael or Ariana? 🎧 Dray or Olivia? ⚠️ WARNING: some choices are complete traps ⚠️ Pick carefully… one bad decision can ruin your entire tower climb 😭 Reach the top and prove you have the BEST music taste! ✨🎤"
2157872230,5985232436,Infectious Smile,laughablehaha,Group,5054016,Horror,Survival,,2020-11-21T21:30:08.547Z,2026-09-20T06:22:09.522Z,35,,2026-10-06T20:21:17Z,"As ordinary people we all strive to find true happiness in life. But no... not like this.... something is REALLY off about this... This game serves to remind us that life is much more complicated than finding true happiness. Sadness, struggle, and anger are a part of the human experience. If your only emotion is happiness... then.. are you really human? For Server Owners you can use :regen & :disaster & :choosemap 🔥🌞 SUMMER UPDATE 🌞🔥 + Big Head Mutation Rework -> View Human Inventories + Noogie Hold Animation + 1 New Emote + 2 New Maps (1 map rework) + Waffle Cone, Strawberry Split, and Fried Chicken Skins + 2 New Sign Skins + Knife Break Effect Elimination + Last Survivor Badge BaS + C4 OST + Rebalanced Water Map + New ""Quarry"" Modifier + Fly Machines Nerfed - Bug Fixes & Rebalances"
2176187244,6020247720,🪂 Ragdoll Physics [Skydiving],Frobulate,Group,5369087,RPG,Simulation,Physics Sim,2020-11-29T20:04:31.86Z,2026-08-19T21:30:27.222Z,25,,2026-10-06T23:48:08Z,"Press 'F' to toggle ragdoll on and off Press 'R' to toggle anti-gravity Press 'T' to activate first person New update: - Skydiving - New UI update - Better control while floating 🥽 VR CONTROLS: PINCH to GRAB people / objects! 🤏 Ragdoll physics is a game with a unique ragdoll engine running it. Enjoy slow motion, spatial voice, voice chat, a unique map, and more. We've recently added VR support!"
2220495353,6104994594,Pilfering Pirates,Pseudosuper,User,22886098,Fighting,Action,Battlegrounds & Fighting,2020-12-18T18:51:42.187Z,2026-09-28T09:36:22.42Z,20,,2026-10-06T23:48:08Z,"Team up with your crewmates to destroy and sink enemy pirates! Be careful not to let your ship get destroyed! Collect gold to buy new boats, planes, skins, and more! Want some extra gold? Join Pseudostudio for 2000 FREE gold! PRIVATE SERVERS: 4 players are required to start a game! Pilfering Pirates is a Brickbattle destruction fighting game inspired by Black Pearl vs Flying Dutchman and Doomspire Brickbattle Latest version : 2.13.11"
2233937689,6128441278,[🛠️] Water Physics [SHIP BUILDER],Stuart Games,Group,34562627,Naval,Simulation,Physics Sim,2020-12-23T23:28:24.817Z,2026-10-06T11:32:51.3168029Z,1,,2026-10-06T23:48:08Z,"Water Physics is Roblox's most realistic ship building and sinking simulator! 🌊 Build ships, sink them and rescue NPCs! You take full control of the sinking, and you can create holes in the hull, flood compartments, or even completely destroy the ship with rockets and torpedoes, and watch as each ship goes down with realistic physics and buoyancy. Each sinking is completely unique! Our build system allows for the creation of customised ships to your taste, with custom hulls, hundreds of part templates and more! Our advanced destruction system lets you completely tear ships apart, with absolutely no pre-scripted events! The ship can be decimated fully dynamically. Spawn NPCs and watch them scramble to the lifeboats before rescuing them! Drive the ship around in an ocean that ocean can be completely customized with icebergs, sea mines, massive waves and even tsunamis! You can play solo or multiplayer, either in a public lobby or a private game with friends."
2239430935,6137321701,[UPD] Blair,Spooky Scary Games,Group,8775959,Horror,Survival,,2020-12-25T22:12:19.297Z,2026-10-03T23:25:08.818Z,50,,2026-10-06T20:21:17Z,"👻 Blair is a Phasmophobia inspired ghost hunting experience focused on gathering evidence, identifying several different types of ghosts, ranging from Demons to Spirits, and exploring various haunted locations, known for having an incredible amount of paranormal activity. Are you brave enough to become Blair Inc.'s next Ghost Whisperer? ⚠️ This is a Paranormal Investigation game, expect elements of horror, flashing lights, and fear. 📱 Console and Mobile friendly! 🎧 Headphones & Max Graphics highly recommended! 🎙️ VC Radio & VC Only lobbies! 🛍️ UGC and Group: https://www.roblox.com/communities/8775959/Spooky-Scary-Games#!/about"
2251388500,6161235818,Twisted [BETA],Twisted Official,Group,4812298,All,Simulation,,2020-12-30T08:18:03.21Z,2026-10-05T05:33:40.075Z,25,,2026-10-06T20:21:17Z,"**This game will NOT run well on low end devices!** Twisted is a storm chasing game by Willzuh and Siryzm. Throughout the rolling hills and prairies of the fictional state of Keysota, scientists and thrill seekers alike set out on the roads in chase of severe weather. Some will observe from a safe distance, while others will risk it all to get the perfect shot of a violent tornado from close range. Whether you're out there deploying data-collecting probes, intercepting in an armored vehicle, or just taking pictures, you're bound to have a run in with mother nature like no other. Just watch yourself, sometimes the hunters become the hunted. Connect with us through our social links (below this), where you can talk to others about the game, view change logs, announcements, and make suggestions. Developers: Willzuh - Builder Siryzm - Programmer Special thanks to our contributors for making this possible!"
2274830359,6205205961,Escape Running Head,manato48,User,2259835874,Horror,Survival,Escape,2021-01-07T13:54:30.853Z,2026-09-20T10:10:15.681Z,6,,2026-10-06T20:21:17Z,"Run from the running head! Group: https://www.roblox.com/groups/14856024 [2024/02/12] Stage12 is added!! [2023/12/25] Stage11 added! [2/05] Stage10 added! [5/16] Stage9 added! [3/31] Stage8 added! [3/07] Stage7 added! [3/03] Stage6 added! [2/21] BOSS added! [2/14] Stages 4 and 5 added! [2/13] Supports multiplayer! [2/10] Stage3 added! The name of head is Felipe that fan of Flamingo(YouTuber) made. I would like to thank them. tags: Survival, Maze, Comedy, Obby Music: MaouDamashii"
2283649692,6222531507,CHESS!,Cookie development,Group,3058378,All,Strategy,Board & Card Games,2021-01-10T17:40:38.783Z,2026-09-22T18:23:09.96Z,100,,2026-10-06T20:21:17Z,"Play chess ♟️⬜⬛ for free on Roblox! ⚔️ Compete in ranked mode 😎 Play gamemodes with your friends ✨ Express yourself with skins 🥇🔥 Rank up from Bronze to Grand Master 🌸 Level up, win games & earn coins 🔎 Spectate other players and talk with them in the global chat 🎮 Playable on console, mobile, pc and more! What are you waiting for? Become the best! 🏆 Tags: Chess, chess, Chess!, CHESS!, Check Mate, Strategy, Board games, Education"
2294168059,6243699076,The Mimic,CTStudio,Group,9482918,Horror,Survival,Escape,2021-01-15T04:42:49.633Z,2026-10-02T04:05:50.324Z,45,,2026-10-06T20:21:17Z,"Halloween Trial badges are now available again! ABOUT: Four stories created from Japanese history and urban legends with a twist. In each book, you will find yourself as different characters venturing into the unknown depths of worlds that mimics our reality. WARNING: This game contains Flashing lights, Loud Noises & Jumpscares! Join the group for updates and your support: https://www.roblox.com/groups/9482918/CTStudio#!/about For the best experience use headphones. Tags: Horror, Japan"
2305929206,6263431107,[⚡] Imposters & Roles | Among us,Silver Carapace,Group,9217674,Horror,Survival,1 vs All,2021-01-18T14:16:41.433Z,2026-09-29T11:23:41.889Z,15,,2026-10-06T23:48:08Z,"Will you expose the Alien Imposter or will you become an Imposter yourself? 😈 ALIEN IMPOSTER: hide in plain sight and murder the crew! 📢 CREWMATE: survive, fix the ship and expose the Alien Imposter! 🔥 NEUTRAL: pursue your own goal! ⭐⭐⭐ Get one of 65+ unique roles each round! ● 29 crewmates | 13 neutrals | 25 imposters ● 🗡️ Collect HUNDREDS of unique Imposter kill animations! 🏆 Compete with the smartest players in the RANKED SERVERS! 📢 Join the Group for a MEMBER CODE, Updates & Suggest your roles! ✍️ Inspired by but not affiliated with Among Us"
2309918273,6270290407,[⚡ SHUNKO] VV: ULTIMATUM,Midnight Continent,Group,9233039,All,RPG,Action RPG,2021-01-19T18:45:56.497Z,2026-10-05T06:11:38.876Z,30,,2026-10-06T20:21:17Z,"🏆 Best RPG Experience RIA'26 Nominee 👍 Like the game for free codes and rewards! 👥 Join our community server to stay up to date with news, updates, and exclusive rewards! ⚔️ A stylized fighting game in which you navigate dangerous worlds, protect and serve your chosen faction, and engage in thrilling combat with strange monsters and ancient threats. With over 130 skills and abilities to choose from, developing a character uniquely tailored to your play style has never been easier. Main Developers: colossalturtle (Scripting), qasward (Scripting), IMtoNINDO (Animation), frank (3D Modelling), Arthemist (2D Art/UI), 3Kazo (VFX), marrsworld (VFX) Controls are listed in game. Full credits are available in the main menu."
2324662457,6299805723,[☀️LUNAR VS SOLAR🌑] Anime Fighters,[B:S] Anime Fighters,Group,9213039,Adventure,Simulation,Incremental Simulator,2021-01-25T22:21:20.937Z,2026-10-06T04:30:03.1164026Z,12,,2026-10-06T20:21:17Z,"🗺️ Explore and be the first to discover a secret fighter. 👊 Collect and train the strongest fighters! 🌲 Discover new worlds, with new fighters in each one! ✨ The possibilities are endless!"
2327461601,6305582775,Ragdoll Physics Havoc,DozenGarlic,User,166628944,Comedy,Simulation,Physics Sim,2021-01-27T04:11:29.88Z,2026-10-06T02:44:10.2833021Z,56,,2026-10-06T23:48:08Z,"💥 A fun and chaotic Ragdoll Physics simulator! Experience crazy ragdoll physics, experiment with dynamic interactions, explore the map, and enjoy multiplayer chaos with your friends! 🧍‍♂️ Fall, stumble, and laugh with ragdoll physics. 🧪 Alt Ragdoll adds new ways to experiment. 💥 Create chaotic moments with physics. 🛡️ Use the Shield to block hazards like Rockets. ⚙️ Open Options to customize gameplay. 💎 Roblox Plus members can trigger a Rain of Tacos once per session after a short playtime and get Giant Mode priority! 👍 Enjoying the game? Leave a like! * Formerly ""Realistic Ragdoll Physics"". * Metallic reflections require graphics level 3 or higher. * 3D Clothing is not supported in Alt Ragdoll."
2350840700,6349094071,[CONSOLE!] Project Flight | Alpha,Project Flight,Group,5868640,All,Simulation,Vehicle Sim,2021-02-05T14:02:16.043Z,2026-10-01T17:48:05.851Z,20,50,2026-10-06T20:21:17Z,"Project Flight combines accurate models and realistic airports & graphics with accessible flight dynamics to create an engaging flight simulator experience. In Project Flight, you can roleplay, become an air traffic controller, re-create a flight with your favourite airline, and more. *NOTE* This game is in an ALPHA state, meaning there are many unfinished features, bugs, and your device may NOT be able to run this game smoothly. Please purchase at your own risk. Please note that our game is not affiliated with or endorsed by any airline brands or logos."
2360092394,6366329104,Off-Roading Epic,Off-Roading Epic Community,Group,11292567,Adventure,Simulation,Vehicle Sim,2021-02-09T01:26:36.427Z,2026-09-29T20:17:40.402Z,15,,2026-10-06T20:21:17Z,"Welcome to one of the most unique vehicle simulations on Roblox. Tired of driving the same few vehicles in every game? Then check out Off-Roading Epic! 🗻❄Hit the town, trails, roads, mud, ice and roleplay in over 180 of the biggest, smallest, weirdest, coolest and most unique vehicles on Roblox! 🚛🚚Drive your very own big rig, road-train, overland train, and so much more with one of over 60 different oversized, tanker, logging, flat, cattle, shipping container, box, telescopic and dump truck trailers. ⛄🌨Grab your favorite snow cruiser and start your journey to the arctic circle! 👨‍🌾 Plow, plant, grow and harvest your very own crops on the farmer job! You can also cut, rake and bale your own hay! 🚗🚜Here's some of the vehicle types you'll find here: Semi trucks, dune buggies, swamp buggies, cars, buses, tractors, combine harvester, pickups, micro-cars, monster trucks, dirt bike and more! 📝View the latest update log here: https://devforum.roblox.com/t/4865514"
2366560560,6377740507,[Stickers] Miraculous™ RP: Ladybug & Cat Noir,Toya,Group,4516149,Town and City,Roleplay & Avatar Sim,Morph Roleplay,2021-02-11T10:27:17.263Z,2026-10-05T09:48:40.2553918Z,26,,2026-10-06T20:21:17Z,"Official Miraculous™ RP: Quests of Ladybug & Cat Noir takes you into Miraculous Paris. Play as iconic characters from the show, hang out with friends, visit familiar locations & play mini-games! Decorate your own character-themed houses & apartments, hang out with Kwamis, unlock vehicles, battle friends and more. 💫 NEW UPDATE 💫 ✨ New Character of the Month - Cerise New Cerise Character themed Bundle New Tomoe Tsurugi S6 character New Young Tomoe Character New Young Tomoe Peacock Character Includes 2 Cerise variants, Chrysalis Mindform & Chrysalis True Form 🎃Spooky Season is HERE!!! Halloween Decor added to the map Ghost Hunt Heroic event added More Halloween Updates coming soon! ✂️UGC Area Expansion Miraculous™ is a trademark of MIRACULOUS CORP © 2026 MIRACULOUS CORP. ALL RIGHTS RESERVED TAGS: Roleplay PVP dress villain hero fun"
2369077151,6382584061,Build to Survive 🛠️,Awesome Fun Games,Group,9512031,Fighting,Survival,Escape,2021-02-12T12:13:53.777Z,2026-10-03T16:03:55.444Z,6,,2026-10-06T20:21:17Z,Welcome to Build to Survive! 🛠️ Build anything you want and try to survive the wave of monsters that spawn every round. 👍 Like the game for more updates! 👍
2380077519,6403373529,[UPDATE🏴‍☠️] Slap Battles👏,Slap Battles,Group,9950771,Fighting,Action,Battlegrounds & Fighting,2021-02-16T16:37:41.25Z,2026-10-02T16:13:32.875Z,16,,2026-10-06T20:21:17Z,"A game about slapping people into oblivion using different gloves with unique abilities. This game is very chaotic, so don't be surprised if you spot someone complaining about some glove that I'm pretty sure originated from hell itself. You earn slaps when slapping people, which are used to unlock new gloves. Gloves have abilities, some are passive, others are activated by pressing ""E"" (mobile players have a button). Shift lock is recommended. ANY FORM OF EXPLOITING/HACKING WILL RESULT IN A PERMANENT BAN - don't risk it 😡😡😡😡😡😡 Credit to DM DOKU, Desolo Zantas and Tim Haywood for creating several songs used."
2404080894,6447798030,[LULLABY] Funky Friday,Lyte Interactive,Group,5449496,All,Action,Music & Rhythm,2021-02-26T17:11:10.537Z,2026-09-14T04:39:34.644Z,20,,2026-10-06T20:21:17Z,beat box battle Keybinds/arrow skins are now located under settings! SHUTDOWN = UPDATE 🎮 Console - D-PAD or XYBA @Jaudr3y & @TreblaDev - Map Designer
2435789930,6507422231,Twilight Daycare!✨RP [Dreamland ☁️🌙😴],Nighty Studio,Group,8098236,RPG,Roleplay & Avatar Sim,Life,2021-03-12T09:29:38.247Z,2026-09-24T12:39:42.336Z,24,,2026-10-06T20:21:17Z,"📢 NEW UPDATE: SWEET DREAMS 💤 Fall asleep and enter Dreamland! Jump across magical cloud platforms, collect glowing stars, and find the hidden Golden Pacifier. Your friends can even peek into your dreams and watch you play! Can you reach the Dream Fountain? ✨Welcome to Twilight Daycare! ⭐Please like and favourite the game!⭐ 👶 Be a baby or a caretaker! 👪 Join a family! 🏡 Buy cool houses! 🧸 Play with cute toys! 👗 Dress up your avatar and create unique looks! 💬 Chat and hangout with friends! 💤 NEW: Fall asleep and enter Dreamland — a magical obby in the clouds! ☁️ 📔 The Sticker Book is back, with brand new Pet Stickers! Open the Sticker Book near the Nursey in the Daycare and complete your collection! ✅"
2440500124,6516141723,DOORS 🚨,LSPLASH,Group,3049798,Adventure,Survival,Escape,2021-03-14T02:20:27.43Z,2026-10-05T06:14:09.84Z,50,,2026-10-06T20:21:17Z,"EXPLORE THE STAIRWELL NOW! 🚨🔥⚙️ A horror game involving doors. We recommend entering without a guide; use each death as a lesson. ⚠️ Loud sounds, flashing lights ahead! 🎧 📷 Headphones & max graphics recommended ❤️ Join the LSPLASH group for a free Revive! ⭐ Buy (and wear) our UGC for some Knobs and a Revive! 🎵 Music is non-copyright, on Spotify 'LSPLASH' 🛠️ Many things are subject to change, and some things may break."
2443177453,6520999642,[New Features] Basically FNF: Remix,BitWørks,Group,7461184,All,Action,Music & Rhythm,2021-03-15T02:14:38.753Z,2026-10-06T23:02:44.2165662Z,22,,2026-10-06T23:48:08Z,"basically Friday Night Funk, but again. Make sure you play the real FNF (and its mods) if you can. How to play: WASD or Arrow keys (can be changed in-game) BFNF:R and its content is FREE, will always be FREE, and we have no intention of changing that. Credits to MaplGalaxy and NeroBlack01 as the original creators of this game. If there are any creators that would like their mod/song removed from the game, please reach out to one of our devs in the community server. Other ways of contact are also available. credits to ninja_muffin99, kawaisprite, PhantomArcade3K, evilsk8r and all of the fnf mod community. I don't deserve an iota of credit. Please make sure to report any bugs in our community server, under the Bug Reports forum. Game Thumbnail by catsissta / @embersblaze Have fun (and don't cheat!) :)"
2491559356,6608498361,Cursed Tank Simulator【HOLD THE LINE】,tanmk,Group,6708356,Military,Action,,2021-04-04T02:41:53.62Z,2026-10-04T23:39:07.428Z,1,,2026-10-06T20:21:17Z,"Create your very own cursed tanks by mixing and matching modules and fight with other players! We aim to have NO Pay To Win elements. A silly passion project made with love by a small team during our free time. ROBLOX PREMIUM BENEFITS include 50% more 💴, XP, and crate rewards! MOBILE/TABLET SUPPORT! (High spec needed! Year 2022 onwards) Press K in the garage to change the weather Press F1 in game or tap ""HELP"" for help with controls or game mechanics! ⚠️ Exploiting the game or its mechanics will result in moderation ⚠️ THIS GAME IS NOT MEANT TO BE REALISTIC! THIS IS NOT WARTHUNDER!!! Enjoy :D"
2520686564,6686932749,Halloween Event! | Prehistoria!,Prehistoria,Group,15846900,All,Roleplay & Avatar Sim,Animal Sim,2021-04-16T04:58:46.603Z,2026-10-06T14:37:05.0100921Z,50,,2026-10-06T23:48:08Z,"Prehistoria is a developing dinosaur survival game where players can customize their character, survive and complete quests to earn more species and customization options 🎨 Customize your character with many different colors! 💰 Unlock new creatures! 🏞️ Explore a detailed map (roughly 60% complete) 🖥️ Play on PC, phone or tablet 📱 Optimized for slow phones! CURRENTLY IN EARLY BETA AND LACKING MANY MAIN FEATURES This game has a small team and development may be slow! ⭐ RECENT UPDATES ⭐ > Added Ceratosaurus > Added Territories > Added Redwoods > Added Badlands Tags: Dinosaur simulator animal prehistoric paleontology roleplay rp character oc cartoon chibi survival survive mobile Credits: devforum.roblox.com/t/1658279 Game rules: devforum.roblox.com/t/2434074 Private Server commands: devforum.roblox.com/t/4337635"
2527789729,6698800091,[MOBILE!📱]Prior Extinction - Dinosaur Survival!,Jacys Studios ROBLOX,Group,5288558,Adventure,Roleplay & Avatar Sim,Animal Sim,2021-04-18T17:31:53.1Z,2026-10-05T16:34:20.1590853Z,30,,2026-10-06T20:21:17Z,"Prior Extinction is a dinosaur survival game. You will be taking charge of your very own realistic dinosaur surviving & fighting other dinosaurs for domination of a prehistoric land, housing animals of various time ages prior to becoming extinct. Prior Extinction is still in public ALPHA stage. This means that the game is nowhere near completion, & will receive many more updates in the future. Tags: Survival, Dinosaur, Prehistoric, Mesozoic, Realistic, Hardcore, Roleplay"
2549475383,6737970321,Livetopia 🏡 RP,Century Makers,Group,6639766,Town and City,Roleplay & Avatar Sim,Life,2021-04-28T05:56:49.36Z,2026-09-30T08:11:55.826Z,17,,2026-10-06T23:48:08Z,"══ 09/30 UPDATE 247 ══ 🏠 Dive into the new limited-time free house! Experience comfort and style at no cost! 🎟️ Take advantage of the PASS discounts for a limited time. ══ IT'S YOUR W🌎RLD ══ 🎭 RP! Choose your own roles, outfits, and jobs to roleplay! 🏡 Own houses and vehicles in the city! Boating and flying! 🐱 Hangout with other people and unique pets! 🧐 Explore and find secrets in the city and towns! ══ L❤️VETOPIA ══ Please thumbs-up 👍 and favorite ⭐ if you enjoy the game. Genres: Roleplay, RP, Town & City, Hangout, Explore."
2583564222,6804602922,[MAP!] Boxing Beta! 🥊,sketchy laboratory,Group,5754421,Fighting,Action,Battlegrounds & Fighting,2021-05-12T06:38:07.677Z,2026-10-06T07:07:27.471816Z,25,,2026-10-06T20:21:17Z,"EARLY BETA ACCESS!!! 🔬🧪 BUILD YOUR OWN GYMS IN YOUR PRIVATE SERVER 🛠 Welcome to THE BOXING GYM! 🥊 THE STRATEGY: Punch - Block - Punch but don't gas out or it's lights out! 💥💤😴 Manage your health & stamina wisely ⚡ Join the group to follow our development ♥ TAGS: BOXING, RO-BOXING, ROBOXING, BOX, BOXERS, PUNCH, RING, GLOVES, FISTS, FIGHTING, PRESS CONFERENCE, WEIGHTS, GYM, WEIGHT ROOM"
2589957623,6816975827,[☀️] Car Suspension Test,TypKris,User,218467804,All,Simulation,Vehicle Sim,2021-05-15T00:31:42.967Z,2026-09-29T13:07:25.903Z,12,,2026-10-06T20:21:17Z,"👍 Like the game to send the owner a feedback! An Summer Update: - 🚗 3 New Car Vehicles! - 🌊 5 New Water Vehicles! - 🔊 Tires Sounds! - ✨Global positive messages from you! [Ad Feature] - and more see in game... Welcome to Car Suspension Test This Game is all about having Fun Driving 😁 ❗ Test 100+ Cars and their suspension, Test Drifting, Test Abilities, Test Ramps, Test Offroad, Hunt Badges and much more... - Dev, Owner: TypKris - Dev, Admin: TypStef ✅ Roblox Plus Benefits: Exclusive UFO and Badge ⚠️ Create a free vip server if you are experiencing lag or wanna use a admin panel"
2605831977,6847090259,Bulked Up,mPhase,Group,10587104,All,Simulation,Sandbox,2021-05-22T00:35:59.147Z,2026-05-30T15:42:01.896Z,10,,2026-10-06T23:48:08Z,Bulked Up is a sandbox game about destroying everything in your path with a massive body and an arsenal of powerful abilities! Join the group to claim a reward in the shop every day! https://www.roblox.com/groups/10587104/mPhase Premium players can claim an additional reward in the shop every 6 hours. In-game music by ValkinLikesChez. All sounds can be used in videos!
2619619496,6872265039,BedWars [🎣RERELEASE🪤],Easy.gg,Group,5774246,Fighting,Action,Battlegrounds & Fighting,2021-05-27T15:14:38.887Z,2026-10-06T17:43:26.1048338Z,40,,2026-10-06T20:21:17Z,"🔥🔥 Updates are every FRIDAY at 3:00pm PDT, 6:00pm EDT 🔥🔥 🎮 Dive into over 10+ thrilling modes like Bed Wars, Lucky Block, SkyWars, Infected, and more! ✨ Explore and craft your own games in Creative mode with optional scripting support! Let your imagination run wild! 👋 HOW TO PLAY Bed Wars: 📡 Press the ""Play"" button in the Lobby to find a game 🛌 Protect your bed. Once it's gone, you can no longer respawn! 💎 Gather resources to purchase items and team upgrades 🏹 Destroy enemy beds and eliminate players to win the game! 🖥️ PC CONTROLS: Hotkeys are customizable in settings [Shift]: Sprint [E]: Open Inventory [H]: Drop item [G]: Ping [TAB]: Open scoreboard [Ctrl]: Lock camera [T]: Use Emote Wheel [F1]: Toggle picture mode 📱MOBILE CONTROLS Button position & sizing is customizable in settings ✌️ Easy"
2621511041,6875747014,Ronopoly,Late Shift Games,Group,5426701,All,Strategy,Board & Card Games,2021-05-28T10:37:52.52Z,2026-10-06T20:18:10.0467507Z,200,,2026-10-06T20:21:17Z,"A Roblox themed real-estate game where you go around the board buying various popular Roblox games adding servers to them to increase landing fees. In this game you can win by getting three monopolies {a group of same colored games}, a full side of the board, all of the Tycoons or forcing all other players into bankruptcy. Message to Developers: Ronopoly depicts some of the most famous games on Roblox. We hope you're happy with your game being on the board, if not please get in touch."
2626227051,6884319169,MIC UP 🔊,Wild Roleplay,Group,4488708,All,Social,,2021-05-30T03:15:43.58Z,2026-08-08T20:31:04.937Z,100,,2026-10-06T20:21:17Z,💬 Classic hangout experience for spatial voice and voice chat 🎙️ 💻 Available on platforms: 📱 -PC -Phone -Tablet -VR -Console -Handheld -TV
2640407187,6911148748,(UPDATE!) Car Driving Indonesia,CDID Studio Official Group,Group,10884667,Town and City,Simulation,Vehicle Sim,2021-06-05T01:58:08.84Z,2026-10-05T22:33:58.4638042Z,1,,2026-10-06T20:21:17Z,"Car Driving Indonesia (CDID) is back to give you the experience of driving, meet new friends, and roleplaying together through the ever-evolving map of Indonesia. V2.7.5 Changelogs: - New Seasonal Map! (Bandalam) - Reworked Barista Job! (Jakarta Only) - Bug fixes Curious about future updates or found a bug in our game? Join our group using the social link below! Shutdown means Server Fix / Update"
2643072291,6915976310,Frigid Dusk,Idc Studio,Group,11036379,Horror,Adventure,Story,2021-06-06T01:33:54.703Z,2026-06-09T04:40:56.36Z,20,,2026-10-06T20:21:17Z,"[ HORROR ] 📝Recent Updates + CHAPTER 1.2 Remaster Released! 📖 [ STORY ] Years ago, a group of scientists at IBC Laboratory accidentally invented a new biological weapon. The weapon was stolen after a leak of its existence. However, they were unable to contain the experiments. You have been tasked to investigate the places where the weapon was used. Team up with your friends to uncover the mysteries of Frigid Dusk. 🎮[ COMPATIBILITY ] - PC - Mobile - Console [ Lobby and Chapter 2.3 ] ⚙️[ RECOMMENDATION ] - Graphics settings at 4 + - High Brightness"
2644656496,6918802270,Haze Seas,[HS] Haze Studios,Group,6602131,Adventure,RPG,Action RPG,2021-06-06T16:33:58.55Z,2026-08-26T09:54:36.697Z,12,,2026-10-06T20:21:17Z,"⭐ Like + Favorite the game if you enjoyed! XBOX + MOBILE SUPPORTED! - Fruits spawn: 60 min. Despawn: 20 min. - Fruits spawn in VIP Servers (5 limit) - D. Clan gives Conq Haki - X2 Mastery every Weekend - 36 Fruits: Saturn, Okuchi, Wolf, Vanish, Circus, Spin, Spike, Bomb, Barrier, Paw, Smoke, Sand, String, Mammoth, Buddha, Snow, Tremor, Gas, Gravity, Flame, Shadow, Light, Operation, Ice, Electricity, Magma, Love, Gum, Darkness, Magnet, Phoenix, Soul, Leopard, Venom, Dragon, Dough Join the community server for sneakpeeks / codes"
2652888345,6934310111,Avatar Simulator,Avatar Simulator Group,Group,14855884,All,Shopping,Avatar Shopping,2021-06-10T03:26:26.067Z,2026-10-03T13:29:16.501Z,24,,2026-10-06T20:21:17Z,"Let's morph into other player by clicking on the avatar or your friends. You can try on clothes, emotes, Animation of Roblox Avatar Shop. If you like it, you can buy it in this game. We are trying to make this experience a nice space, if you have any problem with the game or want to make a suggestion let us know in our group: https://www.roblox.com/groups/14855884 👍 Likes help the game grow! The more support we get, the more updates we can make! tags:Avatar,Morph,Friend,Emote,Ragdoll,Outfit,Catalog,Random,Dress"
2655478023,6939111033,Escape Papa Pizza's Pizzeria! (SCARY OBBY),PlatinumFalls,User,68816760,Adventure,Obby & Platformer,,2021-06-11T08:42:43.977Z,2026-08-18T20:19:45.345Z,10,,2026-10-06T23:48:08Z,"-NOTE: This game has mild Jump scares! Oh look a new Pizzeria has opened in town, Wait? This is PAPA PIZZA'S PIZZERIA!! This isn't good. Papa Pizza has been known to add a secret ingredient to his Pizza's......HUMAN!! So it looks like you have been misled to Papa's Pizzeria and are Trapped inside. Can you make your way through the Pizzeria and face the horrors that await :O Bare in mind you are also getting chased by Papa Pizza Himself!! Can you make it out of his Pizzeria Alive and make it home? If you enjoy these Scary Themed Obby's please leave a like and support the game :D"
2668101271,6961824067,Fling Things and People,Horomori,User,212140315,Comedy,Simulation,Physics Sim,2021-06-16T13:57:11.12Z,2025-10-29T20:26:07.34Z,25,,2026-10-06T20:21:17Z,A place where you can play with or fling various objects and players.
2682938349,6989310863,Wild Horse Islands,Happy Acres,Group,11214735,Adventure,Roleplay & Avatar Sim,Pet Care,2021-06-22T16:46:19.733Z,2026-10-02T19:38:17.028Z,20,,2026-10-06T20:21:17Z,"Saddle up your dream horse and explore vast islands where wild horses roam free! Capture them to build your ultimate collection and expand your stables! 🐎 A wild adventure awaits in Wild Horse Islands ✨ 💰 Earn money by selling horses and resources you collected in the wild 👑 Customize and accessorize your horses in any style or colour that you can imagine 🐴 Train up your horses by doing detailed training activities ❤️ Bond with your horse by taking care of their needs and spending time together 🤝 Trade, socialize, and roleplay with friends 🏁🏇 Check out the Competition Hub! Compete against others in high detail races and take home the win! Use sabotage items to slow down your opponents! 🏇🏁 Tags: Taming, Pasture, Farm, Western, English, Fantasy, Realistic, Pony, Foal, Racing"
2711375305,7041939546,Catalog Avatar Creator,Muneeb,User,61648063,All,Shopping,Avatar Shopping,2021-07-03T18:17:43.59Z,2026-10-01T02:12:40.394Z,24,,2026-10-06T20:21:17Z,"Catalog Avatar Creator allows you to try on many different avatar/catalog items for free. This includes accessories, hats, limiteds, hair combos, bundles, animation packs and more! You can also browse through an ever-growing collection of over 50M+ Community Created outfits, and save any avatars you have created in-experience! ✅ All purchases made in-game will be available in your Roblox inventory & can be used in all games. ✨ Join our Roblox Group here: https://www.roblox.com/groups/15102943 🏆 Winner of the ""Best Use of Fashion"" Roblox Innovation Award (2023 and 2024)"
2727447177,7071444234,Pet Story 🐶,Ponchokings,Group,5103418,All,Adventure,Story,2021-07-09T22:06:30.96Z,2026-07-02T02:04:47.843Z,25,,2026-10-06T23:48:08Z,"👋 Welcome to Pet Story: Rise and shine... You're getting ADOPTED! 🐶 A sweet grannie has set her eyes on you, a new life awaits, but not everyone is so happy, in the distance from a cold cage red eyes full of anger look at you... A pet who is well known, and it is not because of his good character... Prepare yourself, because you're about to face the dangers of the real world! 👍 Don't forget to like and join the group if you enjoy the game and would like to see more updates!"
2729513759,7074772062,Speed Draw!,Studio Giraffe,Group,1069882,All,Party & Casual,Coloring & Drawing,2021-07-10T15:16:39.83Z,2026-09-27T19:47:50.264Z,12,,2026-10-06T20:21:17Z,"Play Team Draw! https://www.roblox.com/games/96891105891589/Team-Draw The competitive drawing game with a fun multiplayer twist! 🎨 The clock is ticking, and it’s time to Speed Draw! Challenge your friends to make the coolest artwork! Become a pro artist! 🎉 UPDATE 04/22 🆕 New Features: * Gallery: view drawings from the previous round 🖼️ * Stabilizer Tool (use with Brush or Watercolor + 🔧 wrench) * Increased server size (8 ➡️ 12 players) * Fair voting system (everyone starts with ⭐ 1 star) * New themes * Bug fixes ❤️ If you enjoy the game, please leave a like! 👍 BIG UPDATE at 650,000 likes 🖌️ Controls: * Zoom: mouse wheel or pinch screen * Move camera: click/touch and drag with no tool selected * Equip tools: keys 1–7 or touchscreen ⬅️ Undo: Z ➡️ Redo: Y ❗ Free Custom Themes available in private servers Special thanks to zuffhy!"
2754593977,7117492592,[💎] Realistic Hand RP 🖐🤏 Without VR,Blοx Universe,Group,4914205,Town and City,Simulation,,2021-07-18T23:03:55.453Z,2026-09-18T18:34:47.895Z,30,,2026-10-06T20:21:17Z,"You don't need VR to play as Hands! Compatible with PC, mobile, console and headsets. Just go to the Options menu to become Hands! Added Build Mode - You can build anything now"
2765784373,7138009149,PHIGHTING! [BETA],boggio,Group,9731363,Fighting,Action,Battlegrounds & Fighting,2021-07-22T22:55:56.78Z,2026-10-04T05:31:20.392Z,16,,2026-10-06T20:21:17Z,"PHIGHTING! is a class-based third person shooter reimagining classic ROBLOX gears and games with a modern twist! Team up with four other players to annihilate and conquer your enemies with 15 playable characters and over 25 maps to brawl on. Enjoy the original soundtrack, the unique character interactions, or just hang out with some friends in Crossroads, but always be ready to PHIGHT! Disclaimer: This game is still in beta. Many elements shown in the game currently are subject to change. This game is a passion project, so there is no set deadlines for any updates. We hope you will continue to support the game up to its release."
2783797267,7171174521,[🌲FOREST🌲] American Plains Mudding,American Plains Mudding,Group,4548068,All,Simulation,Vehicle Sim,2021-07-29T15:11:10.903Z,2026-10-06T01:51:31.4149862Z,15,,2026-10-06T20:21:17Z,"🚜 Pioneering vehicles, trailers, and customization on Roblox. We ain't corporate cash-grab; we’re a project built on faith, grit, and a love for the machine. 🚨 10/3 Update - New ATV - Animated Suspension - Front and Rear Cargo Box Attachments - Windshield Attachment - New Forest (Map Update Part 1 of 2) - Sitting In Vehicles Requires Being Whitelisted - Bug Fixes (Water Flinging Fixed) 🌽 APM is a one-of-a-kind roleplay world built on your suggestions. We prioritize quality over quantity, pouring our hearts into every update to deliver the most advanced vehicles, trailers, and customization to Roblox. So grab your friends and take to the mud pits, test your skills with towing, or head to the fields for some farming - from boating and off-roading to creating your own unique builds and setups. We are pushing the boundaries of what's possible on Roblox. Like 👍 and Favorite ⭐ the game to obtain a vehicle!"
2788648141,7180042682,Military Tycoon ®,InfinityInteractive,Group,11257245,Fighting,Simulation,Tycoon,2021-07-31T07:50:23.393Z,2026-10-02T20:37:16.065Z,12,,2026-10-06T20:21:17Z,"🏗️ Build your own military base! 🚁 Unlock over 100+ military vehicles, from tanks to helicopters! 🪖 Train and lead a powerful army of soldiers! ⚔️ Raid other players, capture fortresses, oil rigs, and key locations 🔔 Don't forget to Follow the game to get notified of updates"
2821905072,7241858214,Build to Survive 🛠️ [TESTING],Awesome Fun Games,Group,9512031,Fighting,Survival,Escape,2021-08-12T06:52:54.373Z,2026-10-01T13:14:58.678Z,6,,2026-10-06T20:21:17Z,Welcome to Build to Survive [TESTING]! 🛠️ Build anything you want and try to survive the wave of monsters that spawn every round. 👍 Like the game for more updates! 👍
2822776643,7243409883,Elemental Magic Arena [🍀],anton25131,User,1025558171,All,Action,Battlegrounds & Fighting,2021-08-12T14:53:33.093Z,2026-10-06T20:22:12.9432953Z,11,,2026-10-06T20:21:17Z,🔥 Choose an element from many and use it to fight enemies in the arena! 🔥 💎 Find Diamonds across the arena to unlock new elements! 💎 🐉 Unlock secret elements while fighting! 🐉 ⚡ New element every week! ⚡ 🏆 Become the best and dominate the arena! 🏆 tags: (ignore) element elements elemental magic powers abilities spell spells combat battle fighting fight arena pvp duel warrior powerup upgrade diamonds unlock secret quests skills fantasy mythical controller mastery superpower energy fire water earth air lightning ice lava wind storm nature shadow lightelement elements elemental magic powers abilities spell spells combat battle fighting fight arena pvp duel warrior powerup upgrade diamonds unlock secret quests skills fantasy mythical controller mastery superpower energy fire water earth air lightning ice lava wind storm nature shadow lightelement elements elemental magic powers abilities spell spells combat battle fighting fight arena pvp duel warrior powerup upgrade diamonds
2851381018,7305309231,Taxi Boss 🚖,Taxi Boss Group,Group,11987919,Town and City,Simulation,Vehicle Sim,2021-08-22T14:37:42.743Z,2026-10-06T15:06:23.6033175Z,18,,2026-10-06T20:21:17Z,"Thanks for 600K Likes! Use code 'THX600K', next code at 800K! 💰 Use code 'START' for 1000 bucks! 🏁 In this city, everyone needs a ride! 💸 Customers pay more the quicker they get to their destination! 🔧 Modify everything on your cars. Spoiler, wheels, lights, colors and more! 🏠 Customize and upgrade your garage and display your best cars. 🚕 Become the best taxi driver in the city! 💎 Deliver better customers to their destination to make more money like in a Tycoon! The best DRIVING and DRIFTING mechanics! Credits: olikus400 Bertik750 SamSpeedCz Racing, Race, Drift, Simulator, Vehicle, Simulation, Map, City"
2862098693,7336302630,Project Delta,Vikings Studio,Group,3765739,Adventure,Survival,,2021-08-26T17:21:51.327Z,2026-10-02T19:00:52.527Z,25,,2026-10-06T20:21:17Z,"Survive in a post-apocalyptic world following a catastrophic nuclear power plant disaster. Scavenge for superior equipment and conquer the wastelands to become their ruler. Decide whether to work with your faction or betray it. The fate of your legacy is in your hands. This game is a true test of your survival and PvP skills. Prepare to face challenges that will test your abilities to the fullest. Experience the ultimate gaming immersion with state-of-the-art Roblox graphics, featuring full PBR materials. Please be aware that this game is still in development and does not represent the final product. Expect frequent updates and occasional restarts. While your skins and delta currency will be retained, player inventories and non-permanent items may be reset with significant updates. Special Credits: We are inspired by the original Deadzone on Roblox and express our sincere appreciation to its creator for the incredible game idea that ignited our own creative journey."
2872881913,7367863399,BAD CAT,CattyApps,User,1701659412,Comedy,Roleplay & Avatar Sim,Animal Sim,2021-08-30T14:50:06.227Z,2026-10-01T16:03:43.859Z,50,,2026-10-06T23:48:08Z,"Cat Lady has gone on holiday, leaving her cats alone in the house. Tired of neglect, they decide to destroy everything! Credit: Some thumbnails by Ashbashthesmash and kikoisniko. Also play Find the Cats: https://www.roblox.com/games/5195125365/Find-the-Cats Or Cat Trip: https://www.roblox.com/games/6776370984/Cat-Trip --- Updates --- 2026-06-05 Fixed mouse level buttons not working. 👔 Secret tie cat morph 🐭 new extended MOUSE ending! ♫🎤 Ending song. 😴😭😨 Emotes. Hiss, meow, cry etc 🦄 20 morph gamepasses 💪🏼 GYM level 🍣 VIP Sushi level 🏖️ VIP Beach level ⛩ Shrine level 🕺 Club level 🏫 School level 🎩 100+ hats 🎢 Fairground level 🐈 Choose your fur style. 🥕 Farmers' market level. 🚽 Prison level. 🐶 Added music level ending surprise. 🎶 Music shop level. 🔔🔔🔔 Make sure to hit the FOLLOW button to get notified when more is added 🔔🔔🔔 Premium benefits: premium tattoo."
2936053166,7554888362,[🦑] Squid Game X,redifi,Group,12255003,Adventure,Party & Casual,Minigame,2021-09-24T23:38:34.723Z,2026-10-05T21:15:23.545567Z,80,,2026-10-06T20:21:17Z,"🌟NEW CODE🌟 ""$1.2M"" Next big code at 1.4M likes! 👍 🚨UPDATE🚨 -NEW GAMEMODE MUSICAL CHAIRS (ORIGINAL) We are a small development group please support us by 👍 the game! Join our group to get the FAN tag in game! Current Game Modes: Red Light, Green Light Honeycomb Pentathlon Hide & Seek (Keys & Knives) (NEW) Musical Chairs (NEW) Jump Rope (NEW) Sky Squid (NEW) Mingle Night Brawl Rebellion Tug of War Marbles Rock, Paper, Scissors Minus One Glass Bridge Final Dinner (NEW) Squid Game Join the group for bonus daily rewards and codes: https://www.roblox.com/groups/12255003/redifi#!/about Squid Game X survival game is inspired by the show ""Squid Game"", simulate your squid game experience! 🔨Update log: https://devforum.roblox.com/t/1489186 Credits: https://devforum.roblox.com/t/1489486 Tags: Survival, Squid game survival game, squid game, Squid Game, survive,Mingle,Pentathlon, ink, ink game, shrimp, shrimp game V12.0.0"
2943850166,7577961216,(Testing) Squid Game X,redifi,Group,12255003,All,Party & Casual,Minigame,2021-09-27T02:11:23.473Z,2026-10-05T20:49:25.6305291Z,50,,2026-10-06T23:48:08Z,Real place: https://www.roblox.com/games/7554888362/EASTER-Squid-Game-X Your data will not transfer to main place so play main place.
2954818192,7605357829,SQUID GAME,Arkadia Games,Group,11487782,All,Party & Casual,Minigame,2021-09-30T09:08:05.917Z,2026-10-05T14:43:02.6731053Z,100,,2026-10-06T23:48:08Z,"🎮 Inspired by the hit Netflix series Squid Game ⭐ Don’t forget to like the game if you enjoy it! Step into a world of intense mini-games where every round tests your skill, timing, and courage. Only the smartest players make it to the end! ✨ Season 1 Games Red Light, Green Light Honeycomb Lights Out Tug of War Marbles Glass Steppingstones Squid Game ✨ Season 2 / 3 Games Red Light, Green Light Jump Rope Lights Out Pentathlon Mingle Rebellion ⚠️ Do you have what it takes to survive every challenge? Win the games, outlast the competition, and prove you’re the ultimate survivor!"
2979369058,7670825572,Pummu Talladega,ninjawarrriorr,User,55020627,All,Simulation,Vehicle Sim,2021-10-07T12:32:51.997Z,2026-10-05T14:48:36.0928975Z,14,,2026-10-06T20:21:17Z,"Pummu Talladega is a NASCAR-style car game, (though it's NOT affiliated with NASCAR). You'll find a wide variety of cars from all eras, with incredible crash physics—especially the soft-body cars, which you can spawn in VIP servers! Updates typically once a week, and there is a lot planned for the future of this game including a career mode! Note: To race with AI, you'll need to create and join your own private server. Group: https://www.roblox.com/groups/11559306/Pummu-Studio-s#!/about Credits: Stunod Racing and NR2003 for some of the meshes and paint schemes."
2992873140,7711635737,Emergency Hamburg,Emergency Hamburg,Group,12563021,Town and City,Roleplay & Avatar Sim,Life,2021-10-11T16:28:50.847Z,2026-10-06T18:46:11.6579762Z,50,,2026-10-06T20:21:17Z,"Emergency Hamburg is an emergency services roleplay (RP) game set in the German city of Hamburg. Play as a police officer, firefighter, medic, criminal, car mechanic, bus driver, truck driver, or civilian - team up with friends in a huge open city with realistic vehicles, robberies, and emergency callouts. 🔰 NEW TO THE GAME? Read our Beginner's Guide: devforum.roblox.com/t/4812499 👮 Enforce the law, respond to calls, and arrest criminals - unlock Traffic Police, Undercover, and SEK. 💰 Rob the bank, jeweler, and harbor containers, escape the police, and get rich as a criminal. 🚒 Extinguish fires as a firefighter, revive downed players as a medic. 🔧 Tow broken vehicles and repair traffic lights as a car mechanic. 🚚 Deliver cargo as a truck driver. 🚌 Drive city and rural bus routes. 🚗 Earn money, buy your dream car, and tune it your way. 🗺️ Explore Hamburg and write your own story as a civilian. 📋 Latest updates: devforum.roblox.com/t/2388146"
3012965062,7772810845,The Presentation Experience,Minimal Games,Group,12564376,Comedy,Simulation,,2021-10-18T15:31:37.51Z,2026-10-04T16:34:35.54Z,16,,2026-10-06T20:21:17Z,"Welcome to the funniest school roleplay game! You can either hold a presentation or interrupt someone else's presentation! Spend your Points, Gems or Robux to do actions like cough, fart, scream, rage, party, earthquake, and much more! 💰 Ways to earn Points include: - Presenting: 30 Points + stars given - Quests - Passive every 5 seconds 👥 Earn more passive Points when playing with friends! 💬 Use chat to interact with the teacher! ✨ 3 second passive interval for Plus players instead of 5 💸 Private server owner earns 2x passive Points! 💎 Use Gems to do Robux actions in 1 click! Update 132: 🌸 New action: Pink fart 😈 New action: Among us yell 🎱 New action: Magic 8 ball"
3047037061,7871169780,bLockerman's Minesweeper,bLockerman666,User,291098593,All,Puzzle,,2021-11-01T16:47:24.003Z,2026-10-04T23:18:08.654Z,5,,2026-10-06T20:21:17Z,"Game made by bLockerman666 and aamo_s. You can customize the board in private servers! (Note that wins don't count in them) If you don't want to beat the tutorial, you can either skip it temporarily or play in a private server. Exploiting of any sorts is NOT allowed in this game, and you will be punished for it. How to play: The board is divided into tiles, with mines randomly distributed. To win, you need to step on all the safe tiles, without stepping on a mine. The number on a tile shows the number of mines around it in a 3x3 area. Using this information, you can determine tiles that are safe, and tiles that contain mines. Tiles suspected of being mines can be marked with a flag using the left mouse button."
3056160040,7896264844,Find the Markers (321),markers epic memers,Group,5218018,Adventure,Adventure,Scavenger Hunt,2021-11-04T06:46:31.397Z,2026-09-13T15:07:31.305Z,30,,2026-10-06T23:48:08Z,"this game was highly inspired by a lot of ""find the"" games, specifically ""find the domos"". shutdown means either update or necessary bug fix (disclaimer: marker originated from the web series known as 'battle for dream island'. the creator of this game came up with the character and also has permission from the show's creators to use the character in the game)"
3079618996,7971857341,🕹️[Arcade] Youtuber Tycoon!,Shiny Pixels,Group,9152522,All,Simulation,Tycoon,2021-11-12T07:42:05.433Z,2026-10-06T17:29:15.6006727Z,8,,2026-10-06T20:21:17Z,"🎥 Youtuber Tycoon! ✨ ✨ WELCOME TO THE NEW YOUTUBER TYCOON! 🎮Claim your Tycoon, start recording, and grow your channel to become the BIGGEST YOUTUBER on Roblox! Can you be the BEST Youtuber 🏆? The game has been completely remade from the ground up with a brand new system, fresh designs, and tons of improvements. 📢 What’s New in This Update: 🌍 New Map – fully redesigned with more details . 🎮 Improved Systems – smoother gameplay and better performance. ✨ Revamped Interfaces 🚀 New Features & Details 👥 Join Our Group & Community! Be part of our community, share your ideas, and connect directly with the devs on the forums: https://www.roblox.com/groups/9152522 💡 Next: We’re always listening! Here’s a sneak peek at what’s coming soon: 🏠 Mansions to upgrade your lifestyle. 🌍 Bigger Map with more places to explore. ⚡ Boosts to level up faster. 🚗 Cars to move around in style. …and much more 👀 Share your own ideas in our forums and help shape the future of Youtuber Tycoon! 🙌"
3085257211,7991339063,Rainbow Friends,Roy & Charcle,Group,1083606,Horror,Adventure,Story,2021-11-14T00:47:31.59Z,2026-05-29T20:51:03.438Z,50,,2026-10-06T20:21:17Z,🚌 It was supposed to be a normal field trip... 🌈 But the Rainbow Friends want to play. Animations by krefix
3088609243,8003084678,oMega Obby 🌟 727 Stages!,oMega Studios | Play Pals Studios,Group,11858305,Adventure,Obby & Platformer,Classic Obby,2021-11-15T00:49:21.13Z,2026-10-06T11:09:32.7497667Z,20,,2026-10-06T23:48:08Z,"🔥 Take on 727 stages in oMega Obby! 🌈 🏁 Reach checkpoints, earn Coins, unlock cosmetics, and keep climbing! - 🪙 Earn Coins by completing stages - 🌈 Unlock Trails, Auras & Completion Effects - 🔄 Prestige and keep pushing your progress - 🧪 Use Mutators to play small, upside-down, or backwards - 👍 Leave a like and ⭐ favorite! Tags: Obby, Parkour, Mega Fun, Easy, Rainbow, Mega Obby"
3097803944,8034026074,Easy Glass Bridge (Possible Squid Game),mymommakesbathbombs4,User,33368149,All,Obby & Platformer,,2021-11-18T18:18:03.267Z,2026-08-12T23:35:00.943Z,100,,2026-10-06T23:48:08Z,
3110388936,8075399143,[✨ QOL + Susanoo Rework 👹 ] Ninja Time,Boss Studio x Luxinn Games,Group,12955735,All,RPG,Action RPG,2021-11-23T02:37:41.22Z,2026-10-03T22:23:39.644Z,1,,2026-10-06T20:21:17Z,"🍥🍜 Dive into a massive open-world adventure where you become a Shinobi in a world shaped by ancient clans, powerful bloodlines, and elemental mastery. 🦊 Whether you want to become a rogue warrior feared across the lands or a village protector known for your honor, the choice is yours... ⭐ Day Bonus Mon-Tue: 1.5x Toki Wed-Thurs: 1.5x BOSS DROPS Friday-Sun: 2x XP"
3124818385,8122612051,Slendytubbies VS Redux,texbox,Group,4630728,Horror,Survival,,2021-11-28T08:22:02.883Z,2026-10-06T11:23:50.8864744Z,30,,2026-10-06T23:48:08Z,"Based on Slendytubbies by ZeoWorks Collect and investigate all 15 Tubby Custards in each area as a Guardian, or quench your thirst for blood as a mutant Slendytubby. Slendytubbies VS Redux is a remaster of Slendytubbies VS, which I made in 2018. Redux was built from the ground up with a lot of passion and with tons more polish! I RECOMMEND THIS GAME! https://www.roblox.com/games/137110424556384/Slendytubbies-3-Multiplayer#!/game-instances"
3164075108,8246874626,[X2 WEEK] Dragon Soul | Anime MMO 🐲,Dragon Soul (DS),Group,11908960,Fighting,RPG,Action RPG,2021-12-13T21:30:54.58Z,2026-10-06T18:29:09.5282991Z,6,,2026-10-06T20:21:17Z,"New code: 'apementor' for 7 dragon balls ❗Earn all GAMEPASSES for free with daily login Sept 19 - new Golden SSJ4 form (currently Aura, will be converted to Extra Form in patch) 2x for Zenkai souls, Raid Crystals, Wishes 🐲 Every 1k likes = dragon ball spawns 🐲 ✅ Play with friends = get +10% Zenkai Souls, -1hr CD wishes, up to x5 XP ✅ UNLOCK APE Form by getting the Sayen Tail 🦍 CONTROLS - E to lock on a target - R to transform / hold R to de-transform - Click to punch - C to charge ki - F to block attacks - Double space to fly (shift to fly faster, control to descend) - V to ki blast - Q after using moves to teleport behind your target Open world, anime style + rpg + adventure + fighting game! Warning: very flashy moves and cutscenes! Game in DEMO (82%)"
3168615253,8260276694,[UPDATE] Ability Wars,Ability Wars,Group,13233520,Fighting,Action,Battlegrounds & Fighting,2021-12-15T20:10:23.01Z,2026-10-04T15:41:55.174Z,18,,2026-10-06T20:21:17Z,"Welcome to Ability Wars! In this game, you can fight other players using powerful and interesting abilities. You can unlock abilities through Punches, gained by fighting other players, or Badges, gained by accomplishing tasks. Later on, empower your abilities through Mastery and become the true Ability Warrior! NEW CONTENT: Cosmos Mastery Rework 103 abilities currently in the game, alongside 21 masteries. [Icons by Reversicle] [Thumbnails by Reversicle, AlexMatts, & NubScrub] [Music by Toby Fox, Scott Lloyd Shelly, & DM Dokuro]"
3170483284,8265622251,Croydon: London Bus Simulator,Centro Interactive,Group,3443034,All,Simulation,Vehicle Sim,2021-12-16T15:41:26.913Z,2026-10-06T18:56:58.9638798Z,50,,2026-10-06T20:21:17Z,"Welcome to Croydon, the realistic London bus simulator. 🚌 Drive passengers around the city with realistic physics & hundreds of buses to choose from. 🧑‍🧑‍🧒 Connect with likeminded people by driving on Shifts & in Simulation Servers. 🏙️ Become immersed in our massive, recently upgraded map. 📈 Create & grow your own bus company and compete against others on weekly leaderboards. 🧐 Simulate real life features such as interactive ticket machines, advanced sounds, and more. 🚃 Take a drive on our extensive tram network! 🔊 Chat to other drivers with voice! Recommended RAM: 8GB+ Change Log: https://devforum.roblox.com/t/croydon-changelog/3270881/ Experience Rules: https://devforum.roblox.com/t/croydon-experience-rules/3305473"
3183403065,8304191830,[🤹APRIL FOOL'S🤡] AA,Gomu,Group,10611639,All,Strategy,Tower Defense,2021-12-21T03:03:44.073Z,2025-09-03T03:34:00.78Z,30,,2026-10-06T20:21:17Z,This experience was made by fans and is not affiliated with any official series that the game was inspired by. Enjoy the Holidays Update! Please join the social links for any questions and more information. Matchmaking has been added to more game modes. Play with your friends or get matched with random players.
3187874989,8317834514,The Mad Murderer X,MAD STUDIO,Group,858127,All,Survival,1 vs All,2021-12-22T18:07:16.083Z,2026-08-29T17:11:36.117Z,12,,2026-10-06T20:21:17Z,"The mad murderer is on the loose! Stay alert, protect your friends and hope to see another day! Each round, you will receive one of the roles: 🧍 Innocent: hide from the murderer 🤠 Sheriff: take down the murderer 🔪 Murderer: eliminate EVERYONE Please 👍 and ⭐️ the game if you want more updates! Join our group and other socials! https://www.roblox.com/groups/858127/MAD-STUDIO TMMX"
3191268194,8328351891,Mega Mansion Tycoon 🌴🛥️,Wild Atelier,Group,7947655,All,Simulation,Tycoon,2021-12-23T21:12:42.187Z,2026-09-30T19:47:19.851Z,6,,2026-10-06T23:48:08Z,"🌴 Build THE biggest mansions on ROBLOX! Drive luxury cars, roleplay with friends, visit other players houses, and so much more to come! Join the group for a special chat tag! FREE private servers! 👍 Like the game to support future updates!👍 💾All progress is autosaved so you can resume back at any time!💾 Creative Attributions: https://devforum.roblox.com/t/mega-mansion-tycoon/"
3204175584,8369888266,Redcliff City 🏡RP,Redcliff City RP,Group,11741855,Town and City,Roleplay & Avatar Sim,Life,2021-12-27T02:12:57.403Z,2026-09-26T15:30:19.553Z,26,,2026-10-06T20:21:17Z,"Private Servers: PC users left shift + P to toggle Freecam On/Off, Mobile users bottom right corner button to toggle Freecam On/Off, you must be the owner of the private server! Be whoever you want, and most importantly, roleplay whatever you want in Redcliff City! 🏡 Own and live in big houses and mansions! 🏫 Go to school, work jobs, and explore the city 🏎️ Cruise around the town in expensive cars and super cars! 👗 Decorate your avatar from an endless selection of accessories! ⚽ Choose from an abundance of tools to suit your roleplay needs! Enjoying the game? Support us with a thumbs up 👍 and favorite ⭐ Redcliff City RP! Tags: RP, Roleplay, Dream, Life, City, Town, Car, Driving, Crime, Military, SCP, Fun, Happy, Family, Raise, Daycare, Adopt"
3210778402,8388259310,Where's Santa [Story],Windburst,Group,11189454,Adventure,Adventure,Story,2021-12-28T22:17:45.723Z,2026-01-12T15:52:49.043Z,80,,2026-10-06T23:48:08Z,"Celebrate Christmas with yours grand Parents and take many Risks to Save Santa Claus and Save Christmas. Let's go to the train, and take part in this adventure! 👍 Don't forget to put a thumbs up👍 Credits: Florianne10: Scripts, UI Vlncain: Builds, Models Clebar59: Thumbnails, Icon & Logo Freepik from flaticon: some icons"
3232838484,8457392226,🎶 [RE] RH Dance Studio,RH Studios,Group,10004870,All,Roleplay & Avatar Sim,,2022-01-05T04:44:26.62Z,2026-10-05T22:31:14.6910759Z,50,,2026-10-06T20:21:17Z,"☀️ Enjoy Auto dance formations in our Hosting interface inside private servers! 🌍 Dance to your favorite songs, Be your own IDOL! 🐬 KPOP, JPOP, POP & MORE! 🌊 Welcome to RH Dance Studio! 🎤 Sync your friends using our Sync Tool! 👕 Customize your avatar and browse the catalog using our Avatar Editor! ✨ Build your own world using our free Private Servers! 🍓 Contains dances from BTS, BLACKPINK, NCT, Stray Kids, IVE, NewJeans & More! 🌎 Made by RH Studios. Animation credits inside Communications Server!"
3240075297,8481844229,Berry Avenue 🏠 RP,Amberry Games,Group,13658419,Town and City,Roleplay & Avatar Sim,Life,2022-01-07T23:54:58.843Z,2026-10-04T14:57:14.384Z,31,,2026-10-06T20:21:17Z,"⭐ Welcome to Berry Avenue! A place to roleplay, hang out and explore! 🍓 Choose from a wide selection of stylish houses, cool cars & roleplay items to enhance your experience! 🏫 Become a student at the High School 🧑‍🏫 🏪 Work at the grocery store 🥔 🏦 Rob the bank or become a police officer 🚨 🏥 Treat patients at the hospital 🚑 & much more! Genres: Roleplay, Town & City"
3258873704,8542259458,SkyWars [SEASON 3!] ✨,Voxels Studio,Group,8154377,Fighting,Action,Battlegrounds & Fighting,2022-01-15T04:53:11.99Z,2025-07-31T19:52:18.63Z,40,,2026-10-06T23:48:08Z,"Loot chests, gear up, bridge to islands, and fight to be the last player standing! Show your combat skills in this fun and fast-paced game, and claim your place as the greatest warrior in the sky! ⚔️☁️ Feel free to provide feedback via our social links. Thanks for playing! ⚡️"
3262314006,8554378337,[UPD] Weapon Fighting Simulator,Lightning Dragon Studio,Group,12420072,Adventure,Simulation,Incremental Simulator,2022-01-16T07:03:31.203Z,2026-09-25T11:41:37.533Z,12,,2026-10-06T20:21:17Z,"📅 Updates every Saturday UTC! ⚔️ Welcome to Weapon Fighting Simulator! Exploring the world and fighting with flying weapons! 🎡 Roblox Premium players get 1 more Wheel spin count. How to play: 💧 - Defeat monsters to get coins and skills! 🥚 - Open stones to get powerful weapons! ⭐ - Explore more worlds and fight with world Boss! 🚀 RELEASE CODES: weaponfighting, welcome, goodluck, happyday 👍 501K LIKES CODE: like501k ❤️ NEW CODE AT 600K LIKES."
3264581003,8562822414,Eternal Towers of Hell,ETERNITγ,Group,4777338,Adventure,Obby & Platformer,Tower Obby,2022-01-17T00:20:38.113Z,2026-10-03T16:40:59.251Z,1,,2026-10-06T20:21:17Z,Conquer hundreds of towers across vast worlds ranging from effortlessly easy to catastrophically difficult. 💎 Roblox Premium members will receive a free trail in-game!
3267012194,8571687919,LOCOfficial!,Rawblocky,Group,3692974,All,Strategy,Board & Card Games,2022-01-17T23:01:42.923Z,2026-08-26T20:34:34.851Z,100,,2026-10-06T20:21:17Z,"LOCOfficial! is a fun card game with a variety of cards, decks, house rules, and more! Match cards based on color or symbol and be the first one to clear your hand to win. 🌟PICK YOUR OWN RULES Whether it's the ability to swap hands, chain cards, or even playing a straightforward game without adding anything new, you have a vast choice of customization to make the game how you want it to. 🤝TEAM UP WITH FRIENDS You can have a classic game against all of your friends, or, hop onto teams mode, where you can team up with your friends against a different team to strategize and rig the odds to your team's favor. The game supports all platforms, including PC, Mobile, Console, and even VR! UGC: https://www.roblox.com/catalog?Keyword=LOCOfficial&Category=1&CreatorName=Rawblocky&CreatorType=Group&salesTypeFilter=1"
3289847355,8646026339,[Gradient & Rainbow!] Tower Creator,Boring Tower Studio,Group,9757567,Building,Simulation,Sandbox,2022-01-26T12:44:27.747Z,2026-10-06T10:48:52.6257576Z,16,,2026-10-06T20:21:17Z,"Sandbox / Roblox Studio-esque game made for creating colossal platformer towers from a game called EToH, or whatever you want to your hearts content. Inspired by Obby Creator and Eternal Towers of Hell (EToH) Game Icon by Greenthron If you are a music artist and you see your music being used without permission, please contact us!"
3293514480,8657766101,[LANTERNS] Marvellous Smackdown,MarvellousClint,User,52378311,Fighting,Action,Battlegrounds & Fighting,2022-01-27T21:50:52.043Z,2026-10-06T23:44:44.4301093Z,15,,2026-10-06T23:48:08Z,"🛡️ Marvellous Smackdown 🛡️ A chaotic arena fighting game featuring characters from Invincible, The Boys, The Flash, Marvel, Stranger Things, and more! 🔑 Controls [1–5] Moves [E] Extra Move [Shift] Sprint [M1] Attack [F] Block/Parry Combo Escaping: After taking too much damage you will be able to press X to escape! Controls are customizable. Press P for Private Server Cmds 🔷 Rhombus Indicators - Green: The player has iFrames and cannot be hit. - Red: The bot is stunned for combo testing. 📷 Use /freecam to inspect your character. 📌 Fan-made project. All character rights belong to their respective owners."
3308103880,8704997000,[🧪] Maple Hospital 🍂,Marizma Games,Group,3763098,RPG,Roleplay & Avatar Sim,Life,2022-02-01T20:46:41.673Z,2026-10-06T23:10:53.5569526Z,50,,2026-10-06T20:21:17Z,"🍂 Maple Hospital is a highly functional and realistic hospital roleplay experience built with the help of a licensed nurse! - Diagnose and Treat Illnesses🦴 - Help Nurses and Doctors 🩹 - Endure Surgery as a Patient 💔 - Save Lives with an Ambulance 🚑 - Discover the Secrets of Maple Hospital 🔍 Please thumbs up 👍 and favorite ⭐ if you enjoy the game! 🍁Unlock Receptionist Role if you join Marizma Games! Categories: Town, Roleplay, Hospital, RP , Maternity, Baby, CNA, ICU, PACU, Pregnancy, Sick, Daycare, Dentist, Pets, Vet, Simulator, Pharmacy, EMT"
3310460039,8712817601,🚨BARRY'S PRISON RUN! (OBBY),PlatinumFalls,User,68816760,Adventure,Obby & Platformer,,2022-02-02T19:57:39.97Z,2026-09-20T13:47:38.827Z,12,,2026-10-06T20:21:17Z,Are you ready to break out of Prison?! Well let's do this! 💪 Today is Barry's Shift and he isn't exactly the most vigilant guard in the Prison. This gives us more of an advantage to make our escape. (Note: Game is designed to be played in First Person but the choice is yours) Barry's Prison Run - created by PlatinumFalls/FatPapsGamesLTD
3311164447,8715472568,[🛍️CATALOG] Jenna's Elevator!,SK DreamByte fam,Group,13054771,All,Party & Casual,Minigame,2022-02-03T03:30:04.563Z,2026-09-08T12:40:30.662Z,20,,2026-10-06T23:48:08Z,"Admin Elevator An elevator accessory for your avatar. Updated to V0.2. Check out my group for more updates: https://www.roblox.com/groups/13054771 Have Fun! Tags: Jenna's Elevator, Catalog."
3317679266,8737602449,PLS DONATE 💸,Quataun,Group,12121240,All,Social,,2022-02-05T12:57:42.61Z,2026-08-16T02:49:11.771Z,28,,2026-10-06T20:21:17Z,"💸 PLS DONATE is a game where you can raise Robux or donate Robux to others! How to Play: 🎪 Claim a booth 📝 Customize your booth text 💰 Receive Robux from other players! 💸 Donate Robux to other players! ⚠️ Notes: • Roblox Plus subscription is required to donate Robux. • Robux transfers are limited to 500/day and 1,000/month. Turn on 2-Step Verification to increase your limit by 10x. • If you're under 18, donations may require parental approval and you may need to rejoin the server. • Due to Roblox's buggy API, transfers may not process unless you rejoin the server. 👍 Like, favorite & join the Quataun group for perks! https://www.roblox.com/groups/12121240/Quataun"
3317771874,8737899170,🎃 [HATCH WARS] Pet Simulator 99! 🍀,BIG Games Pets,Group,3959677,All,Simulation,Incremental Simulator,2022-02-05T13:30:02.357Z,2026-10-06T18:49:39.6409666Z,10,,2026-10-06T20:21:17Z,"Create an army of the coolest pets! They will help you get RICH! ✨ Currently 3,000+ pets to collect! 🐾 🧡 Thanks for playing!"
3346892457,8838701772,SCP Monsters or Trevor Creatures,lolbuih,User,692147090,Horror,Survival,,2022-02-16T06:55:48.477Z,2024-10-31T05:58:35.47Z,15,,2026-10-06T23:48:08Z,There is a building containing many monsters. Can you survive from Monsters or Creatures? or have fun with it hahaha This game is inspired by SCP Foundation and Trevor Creatures
3359505957,8884433153,Collect All Pets!,TwoZoos,User,3127033410,All,Simulation,Incremental Simulator,2022-02-20T17:07:04.26Z,2026-10-04T22:54:12.68Z,12,,2026-10-06T20:21:17Z,"Use this code: FirstCodeEver Collect All Pets! is a pet simulator game! Hatch eggs, and fuse them into higher rarity pets! Collect Legendary and Mythical pets! 🐥 Hatch eggs to get new pets! 🐺 Fuse pets into higher rarity pets! 🦄 Collect over 200 unique pets! 🌲 Unlock areas with new upgrades! 📜 Complete quests and unlock badges!"
3405618667,9049840490,Sonic Speed Simulator,Gamefam x Sonic,Group,13632331,Adventure,Simulation,Incremental Simulator,2022-03-09T02:03:52.573Z,2026-10-03T09:59:34.092Z,16,,2026-10-06T20:21:17Z,"🎃 PUMPKIN HUNT + CYBER HEIST UPDATE 🔐 ◉ PUMPKIN HUNT! Search across the various worlds in the game to find and Smash Halloween Pumpkins! Find All 19 to Unlock Pumpkin Big! ◉ HALLOWEEN SHOP Returns! Collect Candy to earn various Halloween Theme skins and Rewards with new items weekly and for a limited time Candy has been added to AFK mode! earn more Candy the longer for AFK. ◉ CYBER HEIST EVENT! Team up with Tails, Espio, and Rouge to raid Eggman’s Diamond Terminal! Put Tails’ and Espio’s new Cyber suits to work, hacking terminals and sneaking past security in a brand-new Action Stage. Complete the heist to uncover a secret bonus event! 💻 ◉ SALE! Extreme Rider Sonic, Desert Style Gemerl, and Wasteland Skins on sale for the first time + Tornado II and 10X Gold Mega Bundles 👟The fastest game in Roblox history GET FAST by running to LEVEL UP 🔓UNLOCK NEW WORLDS and go on an incredible adventure 🎈EARN SONIC CHARACTER SKINS to show off to your friends"
3417194043,9089190262,[⚔️ BATTLES] Piano Tiles Rush,Bloopishim,User,1630038238,All,Action,Music & Rhythm,2022-03-13T10:16:33.433Z,2026-10-06T23:12:08.9151795Z,16,,2026-10-06T23:48:08Z,"🎹 Test your reflexes and rhythm in Piano Tiles! Tap the black tiles as they fall, hold slide tiles, and keep the music going. Miss a tile or tap a white space and it’s game over! 🎵 Play a growing collection of fan-made note charts ⚔️ Challenge other players in synchronized 1v1 battles 🏆 Climb the leaderboards and beat your best scores ⭐ Earn XP, level up, and unlock new ranks 🎨 Customize your tiles and piano style 📱 Built for mobile and PC 🎮 Easy to learn, difficult to master Piano Tiles is currently in BETA. More songs, modes, customization options, and features are coming soon! Have a song request or found a bug? Let me know! *All note charts are fan-created arrangements designed for gameplay. This experience is not affiliated with any artists or music publishers.*"
3419284255,9096881148,Peroxide [Update!],[Peroxide],Group,14335928,Fighting,RPG,Action RPG,2022-03-14T01:14:34.013Z,2026-10-06T23:04:12.9946327Z,30,,2026-10-06T20:21:17Z,"Peroxide is an anime stylized fighting game in which players fight monsters to get stronger, as well as partake in hard trials to gain new abilities. Q to dash E to take out your weapon G to use a mode N to teleport to your spirit realm/skill bind menu V to carry NPCs, players or objects B to grip NPCs or players F to block F + M2 while getting hit to pushcounter Premium Benefits within the AFK world to gain double passive product essence."
3420059569,9099326192,GREAT SCHOOL BREAKOUT! (First Person Obby),PlatinumFalls,User,68816760,Adventure,Obby & Platformer,,2022-03-14T10:00:57.1Z,2026-02-13T12:08:37.344Z,10,,2026-10-06T23:48:08Z,"(Note: The game is designed to be played in first person but if you don't like that feature you can simply turn it off by pressing the Eye Icon) Welcome to....DETENTION! Mr Pickle is the most unfair Teacher in the school, He's Keeping you in Detention over the whole weekend! THATS NOT FAIR! Lets....BREAK OUT! Travel through this crazy school and avoid traps, Solve puzzle and of course avoid MR PICKLE! Once you beat the game on Easy mode, Why not try HARD MODE!? With much more challenging obstacles and puzzle to solve, Challenge your self to the hard mode! Other challenges: - Beat the game on Easy Mode without dying - Beat the game on Hard Mode without dying - Find the Secret Badge #1 - Find the Secret Badge #2 (Only in Hard Mode) -Game is Console Compatible- Please leave a like if you enjoyed the game and also Favourite please :D GREAT SCHOOL BREAKOUT! (First Person Obby) created by - FatPapsGamesLtd (PlatinumFalls)"
3426175130,9120716669,Insane Elevator Testing,Digital Destruction,Group,5143234,Adventure,Party & Casual,Minigame,2022-03-17T01:04:00.367Z,2026-09-27T19:46:48.626Z,35,,2026-10-06T23:48:08Z,You WILL DIE.
3448264866,9192423027,Industrialist,Mamytema Studios,Group,14554968,Building,Simulation,Tycoon,2022-03-25T16:53:47.307Z,2026-09-04T16:43:18.521Z,20,,2026-10-06T20:21:17Z,"Industrialist is a factory construction and expansion game inspired by Mindustry, Factorio, and other popular industry simulation games. Key Game Features: • Pollution management: Keep track of your pollution level and keep it under control. • Production lines: Plan, optimize, and upgrade your manufacturing systems. • Economic strategy: Manage money and research new technology. • Immersive mechanics: Engage with immersive and modular machine systems. This game has a steep learning curve and complex mechanics. Getting used to these systems will require a lot of practice, so we recommend playing with friends to share discoveries. Development Status: Beta (v1.0). Expect regular updates, possible bugs, and changes while the game is in development."
3457700596,9224601490,[OPE V2] Fruit Battlegrounds,P O P O,Group,14453089,Fighting,Action,Battlegrounds & Fighting,2022-03-29T00:35:32.687Z,2026-09-01T19:27:58.327Z,20,,2026-10-06T20:21:17Z,"🚨Exploiting will result in a permanant ban. We do not appeal our bans🚨 - Law has thanked the bus driver ❤️ OPE V2 IS HERE 🔵 (MYTHIC) - Mobile controls fixed (more qol coming for mobile) - BALANCING CHANGES - WINTER SEASON BACK - NEW TITLES! - MORE BUG FIXES! - Server list size increased to show more servers [THIS GAME IS IN ALPHA] You may experience some lag/bugs. They willl be fixed very soon -- FRUIT LEVELS SAVE. So if you spin off a fruit and get it back your level will still be there. 1MIL130K CODE : EVENHIGHER! ❗⭐ NEXT CODE AT 1,140,000 LIKES, LIKE FOR MORE CODES ⭐ ❗ Welcome to Fruit Battlegrounds. A simplistic battleground where you can fight your friends, earn bounty, unlock new fruits and become the strongest. -- There are warp pipes around the map to help get around the map easily🌌 [Premium Players receive a +20% luck boost on spinning fruits] CODES FOUND HERE ⬇️"
3472976893,9273658706,Backrooms,Red Panda Industries,Group,14246738,All,Survival,Escape,2022-04-03T17:10:57.21Z,2026-10-05T23:57:10.7010521Z,16,,2026-10-06T23:48:08Z,"Welcome to The Backrooms 🚪 (Inspired by K. Pixel's series) -=Info=- 🎁Premium Members get in game Bonuses! 📙Supports: 🖥️PC,📱Mobile,🎮Console Async Group: https://www.roblox.com/groups/14747368/Async-Foundation#!/about Main Group: https://www.roblox.com/groups/14246738/Red-Panda-Industries#!/about Backrooms, Horror, Dreamcore, Nextbots"
3476371299,9285238704,⚡Race Clicker,48h Games,Group,14461694,Adventure,Sports & Racing,Racing,2022-04-05T03:56:16.65Z,2026-06-06T18:21:22.591Z,25,,2026-10-06T20:21:17Z,"Welcome to the Race Clicker! Reach the finish line in under 2 minutes and earn wins! 💡 How To Play: - Click to go faster ⚡ - More wins give more speed 🏆 - Reach the END of the levels 🎌 - Get in the Top 50 Leaderboards 🌐 UPD: Easter Event! New Code: Easter! Tags: Colorful, Super, Speed, Fun, Obby, Parkour, Race, Run, Victory, Win, Faster, Platformer, Clicker ©2022 Speedy Simulator Gaming LLC. This game may contain Independent Ads. All Independent Ads are uploaded by our studio and all analytics are collected by our studio."
3508322461,9391468976,[SKY ASSASSIN] Jujutsu Shenanigans,Tze's Shenanigans,Group,16357742,Fighting,Action,Battlegrounds & Fighting,2022-04-17T04:51:12.57Z,2026-10-06T19:23:04.7295054Z,20,,2026-10-06T20:21:17Z,"""what are you doing"" ""im doing some jujutsu shenanigans"" (tell that to your friends) M1 - melee combo 1,2,3,4 - skills Q - dash (use in stun to escape) F - block R - special W+W - sprint (automatically avoids obstacles) G - awaken combat based off many battleground games destruction inspired by combat mayhem Best Action Experience RIA 2026"
3512256796,9404223526,Miners World [Clans],Jeremy Studio's,Group,6229782,All,Simulation,Incremental Simulator,2022-04-18T14:31:50.137Z,2026-10-06T23:38:15.7370266Z,40,,2026-10-06T23:48:08Z,"⛏️ Infinite Mining Game with hundreds of blocks, pickaxes and upgrades that make you stronger!⛏️ 🌍 This is a mining game where you can go forever mining countless ores. 💣 Make sure to use explosives to mine too. ⛏️ You can also get better equipment to mine better treasures and ores, there is a lot more to discover. 🌀 Mine with your friends for a fun experience. ❇️ Find extremely rare emeralds for extra Upgrades. 🛠️ Craft Insanely powerful accessories giving you permanent mining boosts. 💰 LIKE THE GAME & JOIN OUR GROUP for +50% earnings 🔧 Behind the Scenes: • Core Scripting: @JeremyDevs • Most Ores: @Fbxies & @Utik_TV • UI: @Omzure • Balancing, Game Design, Ideas: @blockminer_ggg 👍 200,000 LIKES FOR NEW UPDATE! ✨Inspired by Skyblock, Mining Simulator, REx: Reincarnated Mining Tech and Merging Legends! 🔔 Follow, Favorite and Like for game updates! 🔔"
3515267380,9414511685,🔥MONSTER TRUCK🔥 Drive Cars Down A Hill!,Mally's Studios,Group,9395990,Adventure,Simulation,Vehicle Sim,2022-04-19T19:14:09.21Z,2026-10-03T17:24:15.426Z,25,,2026-10-06T23:48:08Z,"🔥 250+ MPH. Real crash physics. Total destruction. 🏔️ Drive Cars Down a Hill is a high-speed physics sandbox where every run turns into chaos. Suspension bends, wheels rip off, engines ignite—and momentum decides everything. 💥 Hit ramps, smash through obstacles, and push your run further every time 💰 Earn cash from distance, destruction, and style 🚗 Unlock faster, stronger, and more unpredictable cars 👍 Like + Join for rewards & updates 💻📱🎮 All devices supported 🆕 Latest Update 🔥MONSTER TRUCK🔥"
3541611379,9503261072,TB II | Tower Defense X: BETA,Tower Defense X,Group,14733518,Fighting,Strategy,Tower Defense,2022-04-30T06:57:56.987Z,2026-10-05T23:23:33.1778056Z,50,,2026-10-06T20:21:17Z,"Tower Battles II Collab is here. Raze the void in their world. All out Tower Warfare! Deploy your towers from the air, land, and sea. Rival against powerful enemies and bosses before they destroy your towers. Join the group for bonus starting cash in your games!"
3551414857,9534337535,Shrek in The Backrooms,The MonkeyMan Fan Club,Group,14765325,Adventure,Survival,Escape,2022-05-03T12:32:29.36Z,2026-09-24T10:35:24.221Z,12,,2026-10-06T23:48:08Z,"Teleport to 30+ levels, discover new entities, and hidden items! Find your way through the never ending maze of wallpaper and buzzing lights to find the exit to discover new levels! Hopefully Shrek doesn't find you first! 🧱 Collect Materials! 🛠️ Craft Weapons! 🔫 Kill Entities! 🚪 Discover New Levels! 💰 Earn Coins! ❓ Find The Secrets! Tip: Search for items in hidden places. Thanks for checking out my game, be sure to like and tell a friend. Also make sure to join my group for a free banana gun and join my server for tips and early content. Also shout out to PLTW for making this game possible!"
3560583071,9558986910,Hello Neighbor [3 Acts],pantrill,User,319360208,All,Survival,Escape,2022-05-06T19:13:48.017Z,2026-06-03T14:40:30.564Z,6,,2026-10-06T23:48:08Z,"✨ Hello Neighbor is a stealth horror game where you try to get inside the neighbor's basement by solving puzzles✨ 👍 Support the game by giving a LIKE and a FAVORITE! ACT 1 AND ACT 2 AREN'T ACTIVELY SUPPORTED || PLAY ACT 3 FOR THE BEST EXPERIENCE 💻Controls💻 E - Pick up item, open doors Shift - Sprint Right Mouse Button - Drop item Left Mouse Button - Use item 🎮Controls🎮 X - Pick up item, open doors L1; L2, R1 - Sprint B - Drop item R2, Y - Use item D-pad - inventory slots Credit to: Chronisgr2010 for helping with the icon Pradzuhs for old art Hello Neighbor pack"
3608594708,9731376817,✨Collect The Body,The Venomhawks,Group,746843,Adventure,Adventure,Scavenger Hunt,2022-05-26T15:45:20.207Z,2026-06-25T09:28:13.608Z,25,,2026-10-06T20:21:17Z,"Welcome to Collect The Body! ⭐ Find all your body parts around a map! 🦴 Try out another player's body parts on yourself! ✨ Once you collected your body, go to the big yellow beam at the center of map and earn +1 Score! Happy exploring! GROUP LINK: https://www.roblox.com/groups/746843/The-Venomhawks#!/about"
3624423521,9791603388,Underground War 2.0 ⚔️ [NUKE],capserg,User,460460245,Fighting,Action,Battlegrounds & Fighting,2022-06-01T18:13:04.32Z,2026-08-04T07:48:04.564Z,12,,2026-10-06T23:48:08Z,"Welcome to classic game Underground War 2.0 ⛏️ Dig Tunnels, ⚔️ Sword Fight, or 🎯 Snipe Enemies With a Rifle to WIN! I hope you enjoy! 🚩 Version: 2.8.32 🔔 Follow for update news. 💜 Thank you for playing! The original game «The Underground War» was created by @Stickmasterluke in 2008 Group: https://www.roblox.com/communities/518426636 Credits: https://devforum.roblox.com/t/1826354"
3634139746,9825515356,Hood Customs,Hood Customs Entertainment,Group,15018995,Fighting,Action,Battlegrounds & Fighting,2022-06-05T11:02:03.687Z,2026-10-05T12:36:00.6369955Z,32,,2026-10-06T20:21:17Z,"Welcome to Hood Customs! Fight the best of the best! Achieve a staggering colleciton of various of cosmetics, including Gun Skins, Knives, Name Tags, Bullet Tracers, Gun Charms Expereince different game modes like 1v1s, 2v2s, Free For All and Anarchy! Exploiting and or Stats Booting can lead to a Ban and Data Wipe!"
3647333358,9872472334,Evade,Hexagon Development Community,Group,5693735,Horror,Survival,,2022-06-10T19:20:37.097Z,2026-10-06T22:11:48.6573802Z,15,,2026-10-06T20:21:17Z,"🔧 We've rewritten the codebase for better stability and optimization Action parkour game, where movement is the key to success in surviving the Nextbots. ⚠️Using exploits, fastflags, or any other forms of cheats will result in an unappealable ban ⚠️ ⚠️You may experience flashing lights and loud sounds in-game ❓To play, join Evade and press the ""Play"" button. To exit, press [M] or click on the ""Menu"" button in-game [E] - Interact [G] - Emote [1/3/F] - Equip item [2] - Usables Menu [C/Ctrl] - Crouch [T] - Whistle [M] - Menu [N] - VIP Menu Inspired by Garry's Mod"
3661343497,9922455303,A Lion's Pride Beta - Lion RP 🦁,Nyx Interactive,Group,7045847,All,Roleplay & Avatar Sim,Animal Sim,2022-06-15T22:24:43.903Z,2026-09-07T12:26:47.124Z,45,,2026-10-06T23:48:08Z,"Welcome to the Sunset Savanna! An RPG where you can live out your dreams of being a lion or any other big cat. This game is published by Sylvistra, the studio behind Warrior Cats: Ultimate Edition. Newest Update: 09/06🛠️ - Multiple bugfixes Controls: Q/E to change speeds. V to drop held item. Shift+P to toggle cinematic camera Animation hotkeys found ingame! ⚠️ We do enact moderation enforcement if Roblox Community Standards are violated on both A Lion's Pride and A Wolves' Pack. Please follow these guidelines accordingly to not be reprimanded."
3666294218,9938675423,🌲 Oaklands [⛏️ REVAMP],Typical Developers,Group,2700233,Building,Simulation,Tycoon,2022-06-17T14:53:03.443Z,2026-10-06T02:21:46.5305821Z,8,,2026-10-06T20:21:17Z,"🌳 Create a tycoon empire in this sandbox game. Chop trees, process lumber, mine rocks and ores, create amazing buildings, and more! There are endless opportunities, from creating complex automated machines, to creating an epic castle of mystery. Have fun earning, exploring, and creating! NEW UPDATE - PROGRESSION REVAMP: Reworked progression, stuff costs more, materials give more! New tier 4 machinery! New mining & chopping minigames! A TON of QOL Additions! A bunch of bug fixes! … SO MUCH MORE!!!! 🛠️ Oaklands is still in development, there may be unexpected issues. Sorry for the inconvenience!"
3704826615,10075248947,Average Day In America (YARD DEALER),aParadox,Group,9090367,All,Action,Open World Action,2022-06-30T17:28:58.597Z,2026-10-06T22:01:22.8384746Z,30,,2026-10-06T23:48:08Z,"-The old game page has returned Roblox moderation seems like they will never bring the other game back we are sorry- An open world stereotypical America where you can work minimum wage, or live a life of crime and violence in an open world sandbox, taking place in the fictional US state, ""Verdania"" The game has a steep learning curve! MELEE CONTROLS R - Heavy E - Light F - Shove M1 - Swing C - Block Q - Finish MISC Backspace - Give item to nearest player /drop + amount | In order to take out physical cash to hand to people"
3725528263,10149471313,Zombie Survival Garry's Mod [Old],Frayz_XD,User,1962964191,All,Survival,,2022-07-07T20:51:57.5Z,2026-09-18T08:08:13.46Z,20,,2026-10-06T23:48:08Z,"⚠️ THERE MAY BE BUGS! ⚠️ This game is no longer being updated. Wait for a remake. ⚠️ Facepunch Studios & Valve: Assets. JetBoom: Original Gamemode Inspiration. 💻 Controls: M - Menu. B - Shop E - Interact. F - Flashlight. T - Chat. CTRL - Crouch. Do You have what it takes to survive all 6 waves? Zombie Survival Garry's Mod is a game where a group of Survivors are present in an apocalyptic world with a threat of an incoming zombie horde hungry for their brains. Humans must prepare and work together and fight-off the zombies in order to prevail. Work together with other survivors, create barricades using Carpenter's Hammer, cooperate, defeat Mini-Bosses, heal eachother using Medkits, and purchase arsenal of powerful weapons to gain an upperhand in-game. 🏷️ Tags: Garry's Mod, Zombie Survival, GMod, Half-Life, Valve, Hyper Realistic Guns, FPS."
3730079862,10165583746,Examination,{MENLO-INFANTRY-DIVISION},Group,34159688,Horror,Shooter,PvE Shooter,2022-07-09T09:48:52.13Z,2026-10-05T05:50:32.981Z,20,,2026-10-06T20:21:17Z,"!! This game is a heavy WIP and just a passion project, so expect bugs and non-final content. !! ""You are going nowhere but to hell... I hope you like it there."" Examination is a PvE horror shooter, where you're tasked to clear a highly irradiated nuclear power plant that's turned into a laboratory in the wake of the WE-30 outbreak, a nation-spanning infection that, while not indiscriminate, has swallowed select zones and regions whole, reducing them to heavily quarantined White-Zones. You're one of the later waves sent to the facility. What fate has befallen to the earlier waves is unknown. Don't become one of them. Things to note: 7+ graphics are recommended. Best played on a private server The controls are laid out on the screen at the class lockers The game is challenging and you are expected to falter in the beginning, don't give up! Rules & Credits - https://devforum.roblox.com/t/examination-rules-credits/3809900"
3734304510,10179538382,South Bronx: The Trenches❗,DR1LLIN,Group,14032806,All,Action,,2022-07-10T15:56:39.917Z,2026-08-18T22:59:52.994Z,1,,2026-10-06T20:21:17Z,"Experience the streets of the Southside of the Bronx, NY. Become a citizen and join a group, get tons of money, sell, buy, trade, and more. Expect bugs due to the game still being in early devleopment. RANDOM KILL / FAIL ROLEPLAY IS PROHIBITIED AND YOU WILL BE BANNED FOR FAILING TO FOLLOW THESE RULES! Developers: DR1LLIN Tags - Bronx, South bronx, Hood, Da Hood, Chicago, Bronx, ChicBlocko, South London 2, FiveM, OBLOCK, Tha Bronx, Tha Bronx 2, Bronx Shootout, NYC The projects, South Bronx, Hood Shootout, Hood, Hood game, hood game"
3746418487,10224049386,House Tycoon 2,Haza Games,Group,5217684,All,Simulation,Tycoon,2022-07-14T16:30:12.653Z,2026-10-06T20:57:17.470791Z,9,,2026-10-06T23:48:08Z,🔔 Turn on notifications so you'll know when we add another house. ⚠️ [alpha] This game is in early development. Expect bugs and major changes. 🗓️ What's coming: 🏘️ More houses 🚗 More Cars
3747388906,10228136016,[📱MOBILE] Fallen Survival🏹,Chunk Studios,Group,1154360,FPS,Action,Open World Action,2022-07-15T00:04:04.093Z,2026-10-06T16:08:38.2579001Z,100,200,2026-10-06T20:21:17Z,"Your base and items are saved on your last played server when you leave. Servers will reset bases and data - scheduled every Friday at 3 PM EST. 🏝️ Spawn on the beach with a boulder! 🪓 Harvest resources and craft new tools! 🏡 Build your base and defend from other players raiding! ⚙️ Discover new crafting recipes! 🗺️ Traverse the map with various vehicles and discover new monuments and loot! ⚔️ Fight military NPCs, bosses, and other players! 💣 Raid another player base and take their loot! PvPvE hardcore base building Survival Game. PRIVATE = FORCE WIPE This experience is protected by International Intellectual Property laws. Chunk Studios has rights to use all assets in this Experience. Any concerns or inquiries can be messaged to the Group Owner (Founder) on Roblox."
3754482795,10253248401,Elemental Powers Tycoon,Giggle Inc,Group,15230793,Fighting,Simulation,Tycoon,2022-07-17T03:30:30.38Z,2026-10-03T05:19:57.718Z,12,,2026-10-06T20:21:17Z,"Welcome To Elemental Powers Tycoon ❓FAQ: 💾 Each element has its own save file. Replay same element to continue building tycoon. 👑 Capturing the hill gives +50% income boost. 💎 Rebirth tycoon to unlock unique skills and boost stats to defeat enemies. 🔒 Locked elements are taken by other players, consider using VIP game pass to unlock! 💵 Join the group for +$1,000 starting cash! https://www.roblox.com/groups/15230793 change log: - Whirlpool (water element) - Energy Beam (thunder element) - Rainbow Bomb and Laser Beam and Crystalline Mirror (rebirth ability)"
3756501373,10260193230,[UPDATE 4] Meme Sea,Meme Sea Group,Group,15403828,Adventure,RPG,Action RPG,2022-07-17T17:50:50.527Z,2026-10-05T05:06:45.012Z,12,,2026-10-06T23:48:08Z,"🌊Welcome to Meme Sea🌊 🔨 This game is developed by a Solo Dev. Updates may not be frequent, but I'll do my best to update the game as soon as possible! Thank you all for your support! 🔰Current Level Cap: 2400 💰Join the Meme Sea Group to receive 10% in-game boost, including money, exp, and gems! 👑Premium players receive 25% in-game boost, including money, exp, and gems! 🤖Don't forget to join the community server to stay updated on the game updates and all codes. 🕹️Basic Controls [Q] - Dash [Spacebar] - Jump [Ctrl] - Sprint [T] - Race Ability [R] - Flash Step [E] - Instinct [B] - Aura 🔥Current powers in the game: Common: Fly, Invisible, and Bomb Uncommon: Spin, Barrier, and Diamond Rare: Flame, Paw, Ice, Gold, Water, Sand, Snow, and Moai Legendary: Dark, Dog, Dough, and Floppa ❓FAQ: - Powers spawn under the tree every hour and will despawn after 30 minutes. - Meme Beasts spawn randomly in the sea every 30 minutes. - Leaderboards will be automatically reset every 1 hour."
3761186887,10277607801,Apeirophobia,Polaroid Studios,Group,15422038,Horror,Adventure,Exploration,2022-07-19T04:55:56.56Z,2026-10-06T19:09:08.6228069Z,40,,2026-10-06T20:21:17Z,"Centered around the exploration and documentation. Stuck inside endless rooms, being watched from every corner. Brace yourself for puzzles to solve, and entities to hide from. escape from reality... Credits: The game was inspired by K. Pixels, some content is from The Backrooms Wiki. For the best experience. 📈 Turn on max graphics. 🎧 Use Headphones. WARNING! This experience contains Sudden jumpscares, Flashing lights, and Loud noises. Includes PC & Mobile & XBOX support. Join our group to receive in-game perks! https://www.roblox.com/groups/15422038 Also, join our community server for updates & sneak peeks! TAGS: Backrooms, Horror"
3808081382,10449761463,The Strongest Battlegrounds,Yielding Arts,Group,12013007,Fighting,Action,Battlegrounds & Fighting,2022-08-02T09:26:24.09Z,2026-10-06T23:50:14.52445Z,15,,2026-10-06T20:21:17Z,"Train & fight others to be the strongest. 📱💻🎮 You can play on any device. (CONSOLE, PC, MOBILE) ⭐ Please consider liking and favoriting the game for more updates. 🖥️ Controls G - ultimate mode F - block Q - dash Q (while ragdolled) - ragdoll cancel/evasive Double Tap W - run Left Click - punch B - emote wheel 🏆 ""Best Fighting Experience"" Innovation Awards '24 This game includes randomized rewards (emotes and spins). All items have an equal chance of being obtained. No duplicates are possible."
3808223175,10450270085,[⚖️JUDGEMAN] Jujutsu Infinite,Awesome Ninja Games,Group,15557357,All,RPG,Action RPG,2022-08-02T10:32:02.04Z,2026-09-17T17:53:40.723Z,12,,2026-10-06T20:21:17Z,"📱💻🎮 Available for all devices! (MOBILE, PC, CONSOLE) 👍⭐ Like and favorite the game for more updates! 🌠 2X EXP active on weekends! ⚖️Judgeman Rework: New rework for judgeman, and other quality of life changes! [ INFO ] Explore the vast open world, extinguish deadly cursed spirits, fight other sorcerers and curse users, find valuable cursed objects and explore the wide arsenal of cursed techniques! [ CREDITS ] Robuyasu - Owner / Project Director, Lead Programmer, VFX, Sound Design, Animator, Game Designer X_rnas - Lead Builder, 3D Modeler, Animator, VFX, Programmer, Game Destroyer Orebloxx - Lead Animator, Artist, VFX, Programmer, Game Designer scronge_mCduk - Lead Community / Social Media Manager, Game Designer Mr_Supernal - Lead Game Balancer, Head Moderator, Head Tester, Game Designer"
3837114739,10561456271,[RITUALS 🕯️] The Vampire Legends 2,Insidious Game Studios,Group,6723824,Fighting,Action,Battlegrounds & Fighting,2022-08-11T23:20:14.72Z,2026-10-03T19:57:16.957Z,30,,2026-10-06T20:21:17Z,"🩸 Choose from a variety of supernatural species, including vampires, witches, and werewolves, each with their own unique abilities and playstyles 🏫 Explore iconic locations, such as the mysterious town of Moonlight Creek, the prestigious Supernatural Academy or the historic French Quarter of New Orleans 🎨 Play as one of your favourite pre-made characters, or fully customize your own character with a wide range of options 🎮 Available on PC, mobile devices and console! 👍 Next code at 44,000 likes! Click 🔔 Notify to receive an update when the next code drops ---------------------------------------- TVL 2 is currently in active development. Minor bugs and glitches are to be expected. Please visit our community to help report bugs and stay up-to-date on the latest game information! A game by Insidious Studios"
3841172115,10576142169,The Backrooms 🚪,TheInfernoBoy1,User,353944064,Horror,Survival,Escape,2022-08-13T07:24:58.377Z,2026-10-02T07:04:34.492Z,12,,2026-10-06T23:48:08Z,"💡 The sound of fluorescent yellow lights buzzing at intervals whilst moist though not damp brown carpet fills the air with uneasiness. Noclip through reality and force your way towards freedom. It is your task to discover and find out what lies beyond The Backrooms 🚪. [The Backrooms 🚪 has 32 levels, 3 endings.] ( 🛠 Major update underway.) ❗ IMPORTANT: Level saves are based on badges, deleting them WILL remove your progress. Servers in each level range from 1-8 people(s) capacity. Expect bugs/lag as the game is still in development. ❗ {Use R15 & AVOID UGC characters to ensure smooth collisions} - Special thanks to BottiDuckk for art, The Backrooms OST by Crossing Bridges & Violet A. Foster, Loyalty Freak Music (OST), some items were used by permission 💻📱🎮 - Supports PC, Mobile, Console & VR (Experimental) - Inspired by The Backrooms Wiki, Apeirophobia and K. Pixels Tags: Poolrooms, Phobia, Dreamcore, Weirdcore, Horror, Puzzle, Explore, Maze, Survival, Adventure, Liminal"
3864279452,10660791703,cart ride around nothing,OneSkyVed,User,87766833,Adventure,Obby & Platformer,Runner,2022-08-20T18:21:49.95Z,2026-06-06T00:10:45.236Z,20,,2026-10-06T23:48:08Z,"can you successfully ride a cart around nothing? this game might be pretty hard, but one of keys to success is to be very careful around bumps and turns get a free private server if there is too much stuff happening on a public one"
3873871110,10696301650,HUMANS! Primeval Earth | Dinosaur Survival,TEA - Studios,Group,13920667,Adventure,Roleplay & Avatar Sim,Animal Sim,2022-08-23T22:40:01.953Z,2026-10-06T18:12:19.1537366Z,30,,2026-10-06T23:48:08Z,"🦖 Welcome to Primeval Earth! Embark on a prehistoric adventure as you enter a world of dinosaurs on a mysterious island, ready to explore and thrive with friends. Will you team up to face the challenges together, or embrace the wild as a fierce lone carnivore on the hunt? 🌿 Explore a living prehistoric world. 🦖 Play as dinosaurs and other prehistoric creatures. ⚔️ Hunt, survive, and compete with other players. 🌎 Discover a world full of dangers and events."
3876150506,10704789056,[NEW] Drive World,Drive World | Twin Atlas,Group,4909558,Adventure,Simulation,Vehicle Sim,2022-08-24T19:04:07.633Z,2026-10-06T20:56:43.1378273Z,30,,2026-10-06T23:48:08Z,"The ultimate driving adventure! 🏎️ Compete in intense racing with other players! 🔧 Upgrades: Turbos, Tires, Exhausts, Gearboxes and more 🎨 In-depth visual customization with interiors, underglow and bodykits 🏡 Customize your dream house and fill it with your car collection 🎉525K LIKES! Use code ""525klikes"" for the Offroad Sport tires! 👍 ❗ NEW FREE CODE AT 625K LIKES! ❗ 🏆2023 Innovation Award Winner for Best Immersive Experience 🔔FOLLOW us to know about new updates! ⭐ Favorite the game & join group for in-game rewards! Tags: Drive, Driving, Vehicles, Car Simulation, Car, Supercar, Races, Drift, Drifting, Rally"
3913007563,10834586502,The Battle Bricks,Tumore,Group,9835935,All,Strategy,Tower Defense,2022-09-06T01:06:28.32Z,2026-10-02T00:55:28.867Z,1,,2026-10-06T20:21:17Z,"[UPDATE - CHAPTER 5]: Undead Cation, a brand new challenging chapter along with overhauls and quality of life changes for the majority of the game. The Battle Bricks is a single-player tower defense styled game where you send units to defeat enemy bases to progress through stages! Although, the enemies will send units to attack back! Discover the seemingly countless amount of units along the way with varying purposes and upgrade them enough to see their alternative forms! Each stage and chapter will make you face new enemies, bases, bosses, or even how stages are handled to challenge your skills and strategies. A linear game that you can pick up from any time! And... there's something to uncover if you ever want to have a feeling that's difficult to describe ...? [NOTE]: Incomplete, still on-going! The game-play is inspired from The Battle Cats, although has its own spin on it."
3936365689,10912405603,[DRAGONS!] Clover Retribution,Clover Retribution,Group,15890651,All,RPG,Action RPG,2022-09-14T19:05:08.313Z,2026-10-06T06:11:52.6186789Z,1,,2026-10-06T20:21:17Z,"R to equip a weapon if you have any. G to equip your grimoire. M to open the menu. Join our chat for codes. If you're confused about how to get spells, they're earned at different mastery levels & sometimes randomly when fighting."
3945578236,10941514720,Chaos Jenga,Perhaps Studios,Group,8938953,Adventure,Survival,1 vs All,2022-09-17T22:55:57.47Z,2026-09-27T06:26:14.141Z,24,,2026-10-06T20:21:17Z,"In Chaos Jenga, you are either a Survivor or the Attacker! 💥 Attacker: THROW props to knock down the tower and eliminate EVERYONE! 🛡️ Survivors: SURVIVE until the timer runs out, or reach the bottom of the tower to ESCAPE! 🤝 This game requires 2 people to play, invite your friends! 💖 LIKE and FAVOURITE the game, it helps a lot!"
3951147015,10959918411,Studio Lite,ScottSpiritWalker,User,312736171,All,Simulation,Sandbox,2022-09-19T18:51:32.077Z,2026-07-01T05:15:07.091Z,1,,2026-10-06T20:21:17Z,"Build your own game. Just like Roblox Studio, but simpler and mobile friendly. Includes tutorials to help you build and script amazing games! Complete one tutorial to pass the age 20 college class in “Growing Up”. Publish your Studio Lite game to your Roblox profile for the world to play. All from mobile! Robux earned, thumbs-up votes and moderation are all handled like any other game on Roblox. Abide by Roblox’s Terms of Service. There are a few one-time steps to enable the publish feature. Checkmark (✔️) Publish. See the Help button on the Publish page. For Tips, join the community below. File, Sample... ""Dance Club"" includes scripts to help you play and sell emotes, animation Ids. Toolbox includes Asset importing; Rig Builder; Animation Lite Editor. Collaboration Lite: ""Share"" all or part of your game with friends (13+). Please thumbs up for more updates and use the “Vote” feature in the game."
3990106548,11158043705,Baddies 💅,Meow Meow Games!,Group,12832037,All,Action,Battlegrounds & Fighting,2022-10-03T23:09:42.303Z,2026-10-06T23:49:38.8203133Z,22,,2026-10-06T20:21:17Z,"Mop Baddies, Hang Out, Get Money UPDATES every weekend!! Controls: • E = STOMP: Stomp on down players to whoop them. • F = PULL HAIR: Charge your blue bar by hitting others and press F to get people bald • G = CARRY PEOPLE: Step on a downed player and press G to carry them. • Shift = RUN • Fists Tool: Equip your fists to hit people. Hitting someone while stepping on someone will mop them. IMPORTANT: If you log with 30 HP or less you lose your weapons. Game Features: • Character Customization: Click the avatar icon in the top-right corner of the screen to customize your Avatar. • Get Money: Smash ATMs around the map to collect cash. • Pick Up Fight Items: Find various items scattered across the map to use in fights."
4018794732,11273483795,Ultimate Ragdoll Playground,ShrekWasMyIdea,User,856620604,All,Simulation,Physics Sim,2022-10-14T20:58:53.037Z,2026-09-30T19:16:03.387Z,35,,2026-10-06T23:48:08Z,"[New] Drag your ragdoll! You've played ragdoll games before, but none quite come close to Ultimate Ragdoll Playground! If you enjoy watching your Roblox avatar ragdolling then you've come to the right place! Play now for unique features including: - Aimable cannons 🎉 - Throwable bombs, mines, and boomerangs 💣🪃 - Pipes you can travel through 🔧 - Giant boombox with bouncy speakers 📾 - A rocket you can grab onto and go to space 🚀 - Giant tornado! 🌪️ - Train 🚂 - Paraglider 🪂 - UFO 🛸 Along with the traditional stairs, slides, tower block, balloons and more! Main Controls: - R - Ragdoll - F - Toggle gravity - C - Toggle first person view Credits and attribution for the assets used in this game can be found here: https://devforum.roblox.com/t/post/2227705"
4019583467,11276071411,NPC or DIE! 💢,arashiyama,Group,4555230,Western,Survival,Escape,2022-10-15T03:25:46.403Z,2026-10-05T14:25:19.4066501Z,9,,2026-10-06T23:48:08Z,"👍 NEW CODE AT 700,000 LIKES! 💰 Use code 'NOWAY600K' for 650 cash! 👮 SHERIFF: Keep the peace in town and hunt down the Criminals. 💣 CRIMINAL: Complete tasks and sabotage the town, while avoiding being caught by the Sheriffs. 💢 Start a votekick by typing '/votekick' and then the player's username. 📦🔁📦 Interested in trading? Join our trading channel! Check the social links below. 🧡 Join the group for a free in-game item and 500 cash! 🎩 Want to design your character using our items? Check out our UGC shop! https://www.roblox.com/groups/4555230/arashiyama#!/store ⚠️ Exploiting, alt farming, and game-breaking avatars WILL be moderated accordingly! Version 1.7.1 - 🔔 Updates weekly!"
4044579438,11364087119,[🚂] Cart Ride,Banana Studios Games,Group,15799480,Adventure,Obby & Platformer,Runner,2022-10-23T22:50:20.593Z,2026-08-29T23:50:05.748Z,20,,2026-10-06T23:48:08Z,Can you complete the cart ride? [UPDATE] 🚂 Long TRAINS now spawn every 20 minutes! 😀 Premium players get an extra free morph! Collect all the badges for secret prize! 😎 50% Off game passes for a limited time! 💰
4049246711,11379739543,Timebomb Duels [Alpha],Customs Community,Group,5783673,All,Party & Casual,,2022-10-25T20:46:33.843Z,2026-10-04T05:21:13.257Z,30,,2026-10-06T20:21:17Z,"To ensure the best possible experience, please make sure that you are in a server with the lowest ping possible. The game is currently in Alpha. It will be further developed during the coming months. All stats will be wiped after each stage concludes. It is anticipated that there will be bugs and glitches. We kindly ask for your patience as we look into and address any problems that arise. You can speed up the process by reporting any bugs you happen to find. 3D render thumbnails made by @NorthCxde Drawn thumbnail made by @sentubai/@Zeviox"
4053293514,11392373641,FNAF: Eternal Nights 🍕,Cob-Studios,Group,14295631,Horror,Survival,,2022-10-27T15:12:24.92Z,2026-09-11T17:11:45.548Z,100,,2026-10-06T20:21:17Z,"⚠️ Warning: This game contains flashing lights, intense jumpscares, blood, and other disturbing elements. 🧰 Shutdown = A new update is available! 👍 Like the game if you enjoyed it, it really helps us! 📚 Join our official group: Cob Studios. 🚨 Found a bug or have a suggestion? Send your feedback through our social media. 🎧 Use headphones for a better experience. 🎤 Keep your microphone on. ❤️ Thank you so much for playing! We truly appreciate every single one of you. 🍕 Credits to Scott Cawthon for creating the iconic Five Nights at Freddy's franchise!"
4130569984,11653088948,[SUCHO] Jurassic Blocky,Jurassic Blocky,Group,8727738,All,Roleplay & Avatar Sim,Animal Sim,2022-11-24T18:05:50.683Z,2026-09-28T19:07:42.467Z,30,,2026-10-06T23:48:08Z,"🦖 Welcome to Jurassic Blocky, an open-world PvP dinosaur battleground! Spawn as a your favorite dinosaur or one of our team's original creations, master its abilities, and fight other players. Can you become the strongest? ⭐ Favorite + 👍 like the game to support development! Battle as famous dinosaurs & exclusive custom designs Unique heavy attacks on supported dinosaurs Team up to take down powerful world bosses Unlock skins and customize your look Dynamic weather & day cycles Earn coins from combat and prove you're the strongest ❗ Private servers do NOT grant coins or PvP rewards. 🛠️ Updates have no set dates — they release when they're ready!"
4150150482,11717233041,[2X COINS + VERITY BOSS] TBSOBR,"uh, the uhh, the.. the uh.",Group,513967011,All,Action,Battlegrounds & Fighting,2022-12-02T06:14:45.61Z,2026-10-06T22:46:14.0749031Z,6,,2026-10-06T20:21:17Z,https://www.roblox.com/games/14886244174/RELEASE-OH-Totally-Balanced-Soul-Ops-Boss-Rush this boss rush... Its Totally Balanced. **WARNING: THIS GAME IS NOT FOR THE EPILEPTIC. VARIOUS LOUD NOISES AND FLASHING LIGHTS PRESENT** **WARNING: THIS GAME IS NOT FOR THE EPILEPTIC. VARIOUS LOUD NOISES AND FLASHING LIGHTS PRESENT** - HALLOWEEN SECRET BOSS! - ENDLESS MODE! - VERITY BOSS (WAVE 90 ENDLESS) - FIXED LOTS OF BUGS Soul ops. Soul ops boss rush! UNDERTALE SOUL OPS! NEXT: - 2 NEW CHARACTERS - NEW BOSS Gamepass Places: GP Place 1: https://www.roblox.com/games/130606827784194 GP Place 2: https://www.roblox.com/games/15047193009 GP Place 3: https://www.roblox.com/games/15821592539 GP Place 4: https://www.roblox.com/games/13572137876 Old: https://www.roblox.com/groups/727606/Rexs-Fund#!/about Overhaul: https://www.roblox.com/groups/13799197/Overhauled-PC-TBSOBR#!/about Original soul ops: https://www.roblox.com/games/5092283807/Undertale-Soul-OPs
4153755477,11727501024,[🎃] Create a Cart Ride!,Just For Fun™,Group,4055514,Adventure,Simulation,Sandbox,2022-12-03T11:48:22.88Z,2026-10-06T11:46:21.7179363Z,22,,2026-10-06T23:48:08Z,"☝️🆙 Updates every Friday! 📅 F - FPV mode Ctrl+R - Reset Shift+P - Freecam (Only for creators) (PC Only) V - Unstuck/respawn Lead Dev @GabrijelBro 💪 Friday's updates wouldn't be possible without @BinkaPinka 🙏 Big thanks to @Zotoron for contributing Tags: Cart ride, building, open world, obby, sandbox, rail, train, track"
4154513353,11729688377,Booga Booga [DAILY🎁],Gang O' Fries Entertainment,Group,9132225,Adventure,RPG,Open World & Survival RPG,2022-12-03T15:59:05.433Z,2026-10-06T23:53:53.4110869Z,50,,2026-10-06T20:21:17Z,"Booga Booga is an open-world survival game with many secrets to uncover. Can you survive the vast environment? 🪓 Gather resources! ⛏ Explore caves! 🔨 Build bases! ⚔ Attack other tribes! Please report exploiters to our community server located in the social links below. Based off of Soybeen's BOOGA BOOGA, which he has made uncopylocked and free for anyone to use."
4165164803,11765402359,Clip It 😂🎬👗,Neura,Group,14915384,All,Entertainment,Video,2022-12-07T18:55:28.077Z,2026-10-06T21:24:57.5209415Z,32,,2026-10-06T20:21:17Z,"🎬 Welcome to Clip It – Roblox's Largest Content Sharing Network! 📽️ Record and share your clips! 👗 Edit fashionable outfits with our extensive catalog. Access the full Roblox catalog and shine in every scene! All purchases will be available in your Roblox inventory & can be used in all experiences. 🌍 Select from over 170 unique scenes for your clips! 💃 Animate your avatar with over 400 emotes. Dance, act, and meme your way to popularity! 😂 Make memes with Roblox’s public images & sounds! 🛡️ We moderate content to ensure it adheres to Roblox Community Standards. See something off? Use the Report button!"
4170977322,11782774748,IQ Test 🧠,Cranky Games,Group,10458237,All,Puzzle,,2022-12-10T03:33:02.603Z,2026-10-06T08:04:38.6557851Z,12,,2026-10-06T20:21:17Z,💡Welcome to the IQ Test!💡 🤓Do you want to prove that you're a genius? Then this is the perfect place for you! 📝Find out what your IQ is! 👍Give a Thumbs Up👍 and ⭐Join the Group⭐ for free skips and if you want to see more updates! [Floor Code: 5072]
4181957649,11815767793,Ultimate Battlegrounds,By,Group,3544021,Fighting,Action,Battlegrounds & Fighting,2022-12-13T22:24:03.833Z,2026-05-30T08:36:19.065Z,15,,2026-10-06T20:21:17Z,"Quality fighting game, suggest new characters in our server MORE UPDATES SOON!! ⭐ Please leave a like to show your support! 🖥️ Controls G - Transform F - block Q - dash Q (while ragdolled) - ragdoll cancel/evasive Left Click - punch All devices supported!! 🎮📱💻"
4197966812,11862502039,Seaside RP🏡🌴 City RP,Voxuel,Group,10086658,Town and City,Roleplay & Avatar Sim,Life,2022-12-19T13:37:37.527Z,2026-05-05T18:19:35.125Z,20,,2026-10-06T23:48:08Z,"🌴 Welcome to Seaside RP, a modern roleplay game, which takes inspiration from many different games! 👍 Please thumbs-up and favorite 👍 if you enjoy the game. 🏙️ Roleplay, hang out, and explore! 🏡 Own your very own home! 🚗 Drive cool cars! 🥗 Cook your favorite dishes! 🏪 Work in various different jobs including police officer, criminal, and teacher! 🏥 Roleplay at the hospital, high school, bank, and more! Roleplay, RP, Town & City, Hangout"
4201418016,11872917490,[🌀NEW!] Fabled Legacy! RPG,Fabled Legacy,Group,16467338,RPG,RPG,Action RPG,2022-12-20T18:19:41.723Z,2026-10-06T23:26:50.3706441Z,40,,2026-10-06T20:21:17Z,"⚔️ Welcome to Fabled Legacy! Grab your friends and delve into the depths of the dungeons and discover secrets. 🌟 Current Version - 15.0.0 • 14th Dungeon: Subliminal Dreamscape 🌀 💎 Current Codes: 145KLIKES, SLEEPY, DREAMS, NIGHTMARES, MINDLESS - Next Code at 150,000 Likes Tags: Dungeon, Dungeon Crawler, RPG, Fantasy, Loot, Treasure"
4221956550,11928087342,The Butchery,chubby_baby7,User,2691715291,Horror,Adventure,Story,2022-12-26T08:25:18.3Z,2026-08-21T22:25:16.537Z,20,,2026-10-06T20:21:17Z,"One night after driving down the wrong road deep in the Cottonwood Mountains, you are taken inside an old farmhouse home to two strange brothers. UPDATES: 30/05/2026 - Part 4 and 5 released FOR THE BEST EXPERIENCE: - If you are playing on a computer or laptop it is recommended to use a mouse - Lower your graphics level if you are having trouble navigating dark spaces - Turn on Reduce Motion in settings to disable camera bobbing if you are prone to motion sickness CREDITS: The Butchery was inspired by Resident Evil 7: Biohazard. TAGS: Horror, Adventure, Action, Puzzle, Pig, Friendship"
4260784961,12068120918,Napoleonic Wars,NapoIeonic Wars,Group,12425385,Military,Action,,2023-01-06T11:29:07.447Z,2026-10-06T18:39:22.3826715Z,200,,2026-10-06T20:21:17Z,"🌿 The Napoleonic Wars is a game community which depicts the battles of the era 1804-1815. 🌿 In the year 1804 Napoleon, one of the greatest Generals of all time, is proclaimed Emperor of the French and begins a campaign of conquest in Europe which changes the continent forever. Take part in cutting edge battles of well over 3,000 players. Join us for battles the likes of which you have never seen!"
4263371487,12076775711,[🦕NEW DINO] Primal Pursuit 🦖 Humans vs Dinosaurs,Primal Pursuit,Group,16689173,Adventure,Survival,1 vs All,2023-01-07T03:50:37.99Z,2026-10-06T00:46:48.417695Z,11,,2026-10-06T23:48:08Z,"Welcome to Primal Pursuit, a game where humans battle dinosaurs for supremacy! One player becomes a powerful dinosaur while the survivors fight to escape. As a survivor, use weapons to survive and escape the island before time runs out. As a dinosaur, hunt down every human before they escape the island. 🎉 New code at 90K Likes! Use code 80KL1KES for 400 bones in-game! ⭐ Join the group for a 20% Bones & EXP bonus: https://www.roblox.com/communities/16689173/Primal-Pursuit#!/about"
4263576532,12077443856,Cali Shootout 💥,Crimelife,Group,16727292,Town and City,Action,Open World Action,2023-01-07T05:20:47.997Z,2026-09-30T22:43:42.985Z,30,,2026-10-06T20:21:17Z,"🔥 CALI SHOOTOUT – THE #1 STREET GAME ON ROBLOX! Welcome to California, where loyalty is everything and the streets never sleep. Build your crew, run the city, and dominate rival factions or get stepped trying. 🎮 PLAYSTATION CONTROLLER SUPPORTED 💎 DIAMOND HEIST – New & Exclusive 🏦 ROB BANKS & BUSINESSES 🔫 HUNT FOR WEAPONS & HOLD YOUR GROUND 🚗 DRIVE EXOTIC VEHICLES 🏠 BUY YOUR OWN HOME 🤝 JOIN A FACTION & TAKE OVER TURF 📦 SECURE YOUR STASH WITH SAFE STORAGE 💰 HUSTLE FOR CASH & CLIMB THE RANKS ⚔️ GO TO WAR WITH RIVAL GANGS Private Servers give you full control. 100% compatible on ALL devices. The streets of Cali are calling. Will you run them or get ran off? ⭐ Developed by @Jaymayine"
4267277633,12090482034,Escape Baby Bobby Daycare! (OBBY),Decent Obbies,Group,13690756,Adventure,Obby & Platformer,,2023-01-08T03:59:10.55Z,2026-10-05T18:21:24.0187795Z,28,,2026-10-06T23:48:08Z,"Are you ready to jump into Baby Bobby's Daycare? Let's get to it! This daycare isn't like the others, it is patrolled by a GIANT BABY and has some of the world's best security technology designed to stop you from escaping! Make your way through jumps, chases, and defeat Baby Bobby in an epic boss battle. Let's do this! If you have fun please thumbs-up 👍 and favorite ⭐ to support the game. Thank you so much for playing! Premium players get a free speed coil to use in game!"
4293374620,12177325772,FIFA Super Soccer,Play! Football,Group,16790592,Sports,Sports & Racing,Sports,2023-01-16T19:20:52.88Z,2026-10-05T18:32:18.6655729Z,8,,2026-10-06T20:21:17Z,"The game is played as 4v4 in a packed stadium. Be the best goalkeeper, the midfield master or the star striker. Show off the best saves, deliver the assists, or score the most beautiful bicycle kicks. The choice is yours. CONTROLS: LMB - Shoot/Cross RMB - Low shot/Pass E - Slide tackle Q - Dribble TAB - Show leaderboard C - Unlock camera R - Wave (request ball) 🎮 Made by Play! 🎮 This game used to be called Super League Soccer!"
4342047058,12334109280,Guts & Blackpowder,Guts & Blackpowder,Group,16911831,Military,Shooter,PvE Shooter,2023-01-31T05:45:51.933Z,2026-10-06T05:00:34.4290781Z,20,,2026-10-06T20:21:17Z,"Guts & Blackpowder is a game taking place during the Napoleonic Wars with the undead zombie masses rising from the ground. A group of survivors must hold out against the horde, only armed with muskets and swords. Clothing in the game is made by DrLivesey, Miscreantagent, and Ower, you can buy their clothing here https://www.roblox.com/groups/5466526/DrLiveseys https://www.roblox.com/groups/33978264 https://www.roblox.com/groups/33800174 UGC Hats Available! https://www.roblox.com/groups/16911831/Guts-Blackpowder#!/store GAME RULES: 1. Exploiting is strictly forbidden and will result in permanent ban 2. Inappropriate chat messages and user-built structures are not allowed and will result in bans 3. Griefing, round delaying, stalling, or abusing glitches to intentionally ruin the game for other users will result in bans 4. Misusing the in-game reporter can result in bans 5. Adhere to Roblox's Terms of Use"
4343544885,12338455185,Tropical Resort Tycoon 2 🌴,"Ready, set, more!",Group,7371243,All,Simulation,Tycoon,2023-01-31T17:16:26.14Z,2026-09-17T13:46:34.77Z,6,,2026-10-06T23:48:08Z,"🌴 Welcome to Tropical Resort Tycoon 2! 🌟 UPDATE 9/1/26 💾 Resetting 💵 Build a GIANT resort and live on a private island! 🚘 Drive luxurious cars! 😊 Roleplay with friends! 🏝️ Relax in paradise! ⭐ Premium benefits: +15% cash 💸 Group member bonus: +10,000 cash"
4348829796,12355337193,MVSD | Murderers VS Sheriffs Duels,RED21 Games,Group,32445464,Fighting,Action,Battlegrounds & Fighting,2023-02-02T14:25:27.077Z,2026-10-06T05:39:53.4114679Z,40,,2026-10-06T20:21:17Z,"Play Murderers vs Sheriffs DUELS for intense solo (1v1s) and team-based (2v2, 3v3, 4v4) duels! Unlock and master unique abilities to gain an edge over your opponent! Collect and trade a variety of stylish revolver and knife skins! ❤️ Show your support by LIKING and FAVORITING! Update Log: https://devforum.roblox.com/t/--/2513064 WARNING: Farming gems or stats is strictly prohibited and will result in a permanent ban."
4362587875,12397515839,Silly Simon Says,Nomo Falls,Group,9109016,Comedy,Party & Casual,Childhood Game,2023-02-06T03:35:11.43Z,2026-10-06T05:20:38.1016027Z,8,,2026-10-06T23:48:08Z,"Hi non-silly person, in this game, you do whatever Silly Simon says. (hint: it might be silly) Total of 85 minigames currently, with more added regularly!"
4365819446,12407250267,Keys 🗝️,Daybreaker,Group,16142505,Horror,Survival,Escape,2023-02-07T08:10:27.973Z,2026-03-16T08:52:10.225Z,16,,2026-10-06T23:48:08Z,"Welcome to KEYS, an exhilarating adventure game where you must face your fears and evade the monsters lurking in the darkness. Explore mysterious places, find keys to unlock doors, and discover the secrets hidden in the shadows. But be cautious - this journey is not for the faint-hearted: ⚠️ Get ready for flickering lights and sudden panic that will keep you on the edge of your seat. 🎧 For the best experience, we recommend wearing headphones to fully immerse yourself in the game. If you enjoy this game, please give it a thumbs up 👍 and favorite ⭐."
4367208330,12411473842,Pressure,Urbanshade: Hadal Division,Group,9683893,Comedy,Survival,Escape,2023-02-07T18:56:50.227Z,2026-10-01T19:25:30.317Z,50,,2026-10-06T23:48:08Z,"You are expendable. You are not expected to return. Headphones & graphics level 8 or above recommended. This game is currently in alpha. Expect bugs and the sorts. Join the group to receive a 10% discount on any and all Dead-Drop Shop purchases. ⚠️ Exploiting using external programs and abusing bugs/glitches in ways that affect/ruin the experience for others, will result in a ban."
4391829435,12495498157,FNAF: Co-op,Z0KTAR's Community Group,Group,11473956,Horror,Survival,,2023-02-15T12:23:41.963Z,2026-05-02T23:49:58.038Z,50,,2026-10-06T23:48:08Z,"[MASSIVE UPDATES COMING SOON] [Player controlled animatronics are coming soon] [FNAF 1 - 6 updates coming soon] Welcome to FNAF: Co-op! Experience the fright of Scott Cawthon's 'Five Nights at Freddy's'... now with a friend. Survive together through the spine-chilling nights in the infamous haunted pizzeria. Will you outsmart Freddy's gang till dawn? Found a bug? Contact our group or developer. Stay tuned for content updates, gameplay improvements and bug fixes. Enter if you dare, brave night guards... Play the CLASSIC EDITION: https://www.roblox.com/games/12471458631/ Play the LEGACY EDITION: https://www.roblox.com/games/13508701859/ Tags: FNAF, Coop, Co-op, Cooperation, Co-operation, Horror, Five Nights At Freddy's, FNAF Roblox, Multiplayer, Survival"
4408288935,12550651382,Ecos: La Brea,Ecos Team,Group,5066297,Adventure,Roleplay & Avatar Sim,Animal Sim,2023-02-20T05:45:47.437Z,2026-10-05T18:33:33.7385288Z,85,,2026-10-06T20:21:17Z,"Step into Ice Age North America, 25,000 years ago. In Ecos: La Brea, explore the prehistoric ecosystem preserved by the iconic La Brea Tar Pits of Los Angeles, California. Pack together as the cunning Dire Wolf, ambush mighty prey as the Saber-tooth Cat, lock horns as the formidable Ancient Bison, gallop freely as the Western Horse, or terraform the landscape as the Columbian Mammoth. Team up with friends and learn about the diverse habitats & animals of La Brea as you play. Icon by: @JayMD11 Tags: Animal Survival, Open World, Ice Age, RPG, Survival, Roleplay, Prehistory, Fossil, Cat, Wolf, Tiger, Lion, Horse, Saber tooth, Cenozoic, Mammoth, Elephant, Bison, Cow"
4420562665,12593620250,[🎃EVENT] Ride Storm,Ride Storm,Group,6176760,All,Simulation,Vehicle Sim,2023-02-24T09:58:15.833Z,2026-10-02T05:47:50.434Z,20,,2026-10-06T20:21:17Z,"🏍️ Welcome to Ride Storm — an open-world motorcycle racing game on Roblox! Ride and race across a massive open world with realistic-inspired motorcycle handling, smooth bike physics, detailed customization, and over 90 motorcycles to unlock and ride. Explore highways, city streets, mountains, deserts, canyons, and scenic roads built for motorcycle and motorbike fans. 🏍️ Over 90 motorcycles to unlock and ride 🏁 Compete in motorcycle races and challenges 🔧 Customize and upgrade your bikes 🌎 Explore a massive open-world map ⚡ Experience smooth riding physics and immersive bike handling ⛈️ Dynamic weather and special events 🎁 Redeem codes and earn free in-game rewards Whether you enjoy motorcycle racing games, motorbike riding, bike customization, open-world driving, realistic motorcycle physics, or simply riding with friends, Ride Storm is built for you."
4434528807,12640491155,[🍂] Bayside High School 🍎,Double Bandit Studios,Group,13751258,Town and City,Roleplay & Avatar Sim,Life,2023-02-28T10:32:55.067Z,2026-10-05T16:59:58.3156341Z,30,,2026-10-06T23:48:08Z,"🍎 Hey new kid, welcome to Bayside High school! Here we strive to offer an interactive and social roleplay experience for the jocks, the cheerleaders, the nerds and just about anybody! Cmon, I'll show you around! ⭐ Join our group to stay up to date with BSHS news! 👍 Don't forget to leave a like to let us know you want future updates!"
4452297356,12699642568,Neighbors 🔊,West Corner,Group,15109848,Town and City,Social,,2023-03-06T00:14:46.94Z,2026-09-22T02:24:06.19Z,64,,2026-10-06T20:21:17Z,"Neighbors is a social hangout game where you can quickly meet new people! Have you met anyone interesting or maybe... crazy? 18+ Version: https://www.roblox.com/games/14236925335/Neighbors 𝐃𝐞𝐯𝐢𝐜𝐞𝐬 PC, Mobile, VR, Console 𝐋𝐚𝐧𝐠𝐮𝐚𝐠𝐞𝐬 English, Spanish, French, Portuguese, German, Arabic, Chinese, Russian, Indonesian, Vietnamese, Polish, Thai, Turkish, Japanese, Korean, Tagalog 🔊 (VC) Voice Chat is strongly recommended but not required. ⭐ You earn one credit per minute."
4457060041,12716055617,Emergency Emden,Emergency Emden,Group,17163267,Town and City,Roleplay & Avatar Sim,Life,2023-03-07T20:57:18.52Z,2026-10-06T10:39:50.2768605Z,40,,2026-10-06T20:21:17Z,"Emergency Roleplay Simulator: Emden Located by the north sea in Germany, Emden is a port city that attracts both big companies and criminals alike. 🚓 Keep the city safe from crime as police officer, 🚒 fight raging fires and rescue people as firefighter, 🚑 save people's lives as a paramedic, 🚌 or drive people around the city by train or bus. 🚙 Purchase and drive a wide array of different civilian cars, ATVs and motorcycles. 🎨 Customize them and change their paint and rims; add ornaments, spoilers and underfloor lighting to make your vehicle visually appealing and unique. 💰 Turn against the law and serve yourself on the money of the local bank; rob gas stations and parked money trucks to make your living in an illegal way... 👮 But watch your back for other traitor criminals and responding police forces! 🌟 Play in a private server and customize the map to create unique roleplaying, racing or PvP events for your friends and community. Rules: devforum.roblox.com/t/3189323"
4462613685,12735022823,[CHAPTER 2] 6 P.M.,Pall's Studio,Group,15430724,Horror,Adventure,Story,2023-03-10T00:49:43.473Z,2026-10-06T12:01:38.446155Z,50,,2026-10-06T20:21:17Z,"📃About : A horror game inspired by Thai culture, presented in the style of a ghost game that explores themes of occult practices and black magic. The game currently features 3 chapters, with the possibility of more being added in the future. 📃Intro : After you finish helping with the school's sports day, you are about to go home. However, you accidentally break a rumored rule, causing something sinister to start haunting you and making it impossible to leave the school. ❗Warning : This game contains Jumpscares , Loud noise , Flashing lights and more. Play at your own risk! 🌺 Join the group for update notices : https://www.roblox.com/groups/15430724/Palls-Studio#!/about 🔻Shut Down = Updates! 🖥️ Controls - LShift to Sprint 🔗 Tags : Thailand , Traditional , Horror , Survival If there are any bugs or problems, Report them at our communication server! For the best experience use headphones."
4497460596,12847474373,MORPH WORLD 🏠 [INFECTED HOUSE BOSS!],Crazy Craft Creations,Group,16435190,All,Adventure,Scavenger Hunt,2023-03-20T14:59:07.86Z,2026-10-05T15:43:57.6199245Z,20,,2026-10-06T20:21:17Z,"🦠 THE INFECTED HOUSE PART 2! 🏠 The nightmare continues into the neighborhood! Escape the house and fight your way through the Infected Neighborhood to reach the ultimate showdown. Face off against the massive Infected House Boss to survive and unlock its terrifying Final Form! 🛡️ Update Patch Notes: - Infected House Final Form: Defeat the boss at the end of the neighborhood to unlock his Final Form 🏠 - Infected Neighborhood: Peaceful neighborhood transformed into a BATTLEGROUND - Baby Rainbow Titan Event: Next Weeks new Daily quests for Robux Morphs ⭐MORPHS | PUZZLES | QUESTS | PARKOUR | PVP⭐ 👑 530+ morphs hidden all around the map 🔫 CUSTOM MORPH ABILITIES with Dashes, Ultimates, Damage! 🌈 Morphs like MECHAS, DINOS, KAIJUS, TRAINS & MAGES!? ☠️ 5 Epic Bosses to Battle with Friends! 🗺️ 10 Worlds to Explore Castle, Moon, Circus, Dinosaurs, City, Military!"
4518160318,12912731475,Mansion Tycoon 🌴🏠,Capybara's Productions,Group,16890920,All,Simulation,Tycoon,2023-03-26T21:52:23.157Z,2026-09-29T16:46:06.93Z,8,,2026-10-06T20:21:17Z,"👍 Like and favorite the game to show us you want more mansions! 👍 Build a mansion, penthouse, or yacht, drive cool cars, race your cars at the race track, roleplay with other players, and so much more in this epic mansion tycoon! 🔔 Press the follow button so you don't miss out when new updates drop! 🌟 Premium users earn 20% more money! 🌟 🌟 Join the Capybara's Productions group and verify in the game to receive a free $10k! 🌟"
4523856444,12931609417,Color or Die 🎨,BIGworks Games,Group,16911200,Adventure,Survival,Escape,2023-03-29T02:37:36.23Z,2026-08-15T00:06:08.952Z,15,,2026-10-06T20:21:17Z,Color or Die… 🖌️ Stand by the wall that is your color to not die! 🔎 Find all of the colors to win! 💀 Escape the monster and make your way through the maze! Premium players have an automatic boost of +1 Speed!
4540138978,12985361032,Metro Life 🏡 City RP,Century Creators,Group,16826273,Town and City,Roleplay & Avatar Sim,Life,2023-04-03T03:18:34.21Z,2026-09-30T07:24:59.233Z,23,,2026-10-06T20:21:17Z,"══ 09/30 UPDATE 140 ══ 💰 Enjoy the relaunched PASS discounts! Welcome to Metro Life! 🏙️ Roleplay and immerse yourself in a contemporary seaside city! 🏡 Personalize your dream house, including luxurious mansions! 🚗 Take your cars to the next level by modifying them with unique designs. 📲 Connect with friends using the latest devices and technologies. 😊 Get ready to embark on an extraordinary journey in Metro Life! Thanks for playing! Join our group⭐ and give a thumbs up👍! Genres: Roleplay, RP, Town & City, Hangout, Explore."
4557322431,13042495892,[QT: REWIRED] Project: Afternight,Dawndreamer Studios,Group,17371285,All,Action,Music & Rhythm,2023-04-08T12:25:19.243Z,2026-10-06T09:03:39.5867589Z,40,,2026-10-06T20:21:17Z,"[ ⚠️ THIS IS A BETA RELEASE! This game is still in active development, and not fully polished. ] [ ⚠️ WARNING: This game has flashing lights, screen shakes and jumpscares! ] Beatbox game, what else? Project: Afternight is a casual, heavily customizable rhythm game inspired by Friday Night Funkin' (FNF), and its mods, with content from other games/media available as well. Get on a speaker to battle other players on nearly 4,000 different songs across several difficulties. Best played on desktop, but mobile and console are also supported. Join the community for news and sneak peeks! - Credits to The Funkin' Crew for the original Friday Night Funkin' assets. - Credits to various mod authors & musicians used can be seen in-game. This game is not associated with SEGA, Konami, Behaviour Interactive, Ghost Ship Games, Steel Wool Studios, Ubisoft, Epic Games, EA, Capcom, Project Moon or any other brands mentioned in-game. All rights go to the mentioned."
4568630521,13076380114,[💥] Heroes Battlegrounds,more awesome games yo,Group,17395026,Fighting,Action,Battlegrounds & Fighting,2023-04-11T02:16:49.137Z,2026-10-06T05:46:35.549069Z,15,,2026-10-06T20:21:17Z,"This update: MASTERED EXPLOSION HERO, FULL THROTTLE REWORKED -- Fight to become the #1 Hero or Villain. 🎮 This experience works on all devices (CONSOLE, PC, MOBILE). ❤️ Please consider liking and supporting this experience to speed up our updates! 💪 Fight bosses, and unlock mastered versions of characters to become the strongest hero or villain. a Battleground experience Computer Keybinds G - Ultimate F - Block Q - Dash Q (while Ragdolled) - Recovery Dash Left Click - Punch Jump + Left Click - Downslam B - Emote Menu"
4579085368,13118814103,[🧑‍🍳CLASSES] Generic Cooking Game [BETA],Hexbit Studios,Group,5041574,All,Simulation,,2023-04-13T22:36:41.22Z,2026-09-29T20:48:18.193Z,8,,2026-10-06T23:48:08Z,"🍳🔥🍟🐟🌭🥐🍗👨‍🍳 💽[Welcome]💽 Cook or Be Cooked 🔪🏆🧑‍🤝‍🧑: Join forces with other players to build a culinary empire and become the ultimate chef. Master the art of cooking 👨‍🍳, time management ⏰, and teamwork 💪 to avoid bankruptcy. 💸 Serve delectable meals including pasta, ramen, burgers and more! 🚨[Latest Update]🚨 - Check the game changelogs for the latest updates! Published with Linux Created by 00f_developer and RatiusRat"
4582358979,13127800756,Arm Wrestle Simulator,Kubo Games,Group,32004490,All,Simulation,Incremental Simulator,2023-04-14T18:25:43.973Z,2026-10-03T17:19:17.373Z,9,,2026-10-06T20:21:17Z,"Welcome To Arm Wrestle Simulator ⭐️ UPDATE EVERY SATURDAY! 📈 3+ YEARS of content + updates 🔢 INSANE scaling (trillions → e100+) 🌍 28 WORLDS to unlock 🏋️ Train. 💪 Fight. ♻️ Rebirth. Repeat. 🐶 Stack multipliers, upgrade pets, and push as far as you can. 🐱 2500+ Pets & Arms to collect - and max out. ⚡ Built for long-term grinders. Not a short game. ⭐ PREMIUM: +20% Speed & +10% Luck ❤️ Lagging? Use a FREE VIP server 🔔 Join the community for codes, updates & bug reports"
4592676978,13159565330,eat stuf get fat,Ma1e,User,32731469,Comedy,Simulation,Incremental Simulator,2023-04-17T03:00:16.953Z,2026-09-20T02:14:20.71Z,6,,2026-10-06T23:48:08Z,"like the game 👍 eat stuff and get fat and eat other peopls kinda like 'agar.io', eat others if they are less fat than you 'e' to split into clones 'q' to merge clones need 50+ fat to split & merge fat does not save, however, your rebirths do eating food simulator, slither.io, weight, agar.io"
4595016786,13166293021,Barbie DreamHouse Tycoon,Gamefam x Barbie,Group,14880542,All,Simulation,Tycoon,2023-04-17T19:47:28.427Z,2026-08-28T03:53:18.458Z,8,,2026-10-06T20:21:17Z,"The official Barbie DreamHouse Tycoon game is here! Explore the Barbie universe and build your very own Barbie DreamHouse! 🏠 Create your own Barbie DreamHouse and visit your friends’ DreamHouses 👗 Customize your Avatar’s makeup, hair, and outfit and collect incredible fashions ⭐️Help Barbie and Barbie by playing mini-games like cooking, fashion, and music challenges 🏃‍♂️Venture outside the DreamHouse and discover the boutique, bakery, and more around town Check back in for more updates including new careers and locations to build and explore! 🎮Available for PC, XBOX, Tablet, and Mobile BARBIE™ and associated trademarks and trade dress are owned by, and used under license from, Mattel. ©2023 Mattel."
4599924264,13184713709,Teamwork Puzzles (Obby),LemonBread Studios,Group,2814928,Adventure,Obby & Platformer,,2023-04-19T16:37:44.117Z,2026-07-24T12:26:28.484Z,16,,2026-10-06T23:48:08Z,🧩 Team up with up to 3 players to solve puzzles and beat obstacle courses! Don't leave anybody behind because you will need them later. Earn coins to unlock special trails or replay stages for a faster time. Play with friends for the best experience!
4601145322,13189735542,Troll Obby,Randomizers X,Group,16748063,All,Obby & Platformer,,2023-04-20T03:36:19.31Z,2026-08-04T23:05:41.953Z,20,,2026-10-06T23:48:08Z,"👋 Welcome to Troll Obby! If you think this is a normal obby, then you're wrong. Everything here is unusual, so you have to think out of the box and find a way to complete the stages!! Be sure to like 👍 and favorite ⭐ the game if you enjoyed it! Have fun!! :D Number of current stages: 106 Tags: Troll obby, Troll face, Trollage, Parkour Troll, Hard Obby, obstacle, long obby, parkour, mega, colorful, iq obby, iq test"
4658598196,13379208636,Attack on Titan Revolution,AoTR [PI],Group,17347863,Adventure,RPG,Action RPG,2023-05-07T20:08:19.05Z,2026-09-28T18:58:26.309Z,20,,2026-10-06T20:21:17Z,"NEW CODE at 1,450,000 LIKES! All current codes are in the community server! 🔥 Join the battle of freedom and lead humanity in the REVOLUTION against the titans! 🔥 🗡️ Customize your ODM play style with Upgrades, Perks, Artifacts, Families, Cosmetics and more! 🗡️ ⚡ Take on Shifters in the Raids Gamemode and steal the ABILITY to SHIFT for yourselves... ⚡ ✔️ Join the ROBLOX Group for +5.0% XP and +5.0% Gold in-game! ✔️ 📅 Check the socials to be updated for future updates! 📅 📱 Available on all platforms! 📱 🎮 All controls can be found in the game settings! 🎮"
4669328522,13416197699,Zooo,manato48,User,2259835874,Horror,Survival,,2023-05-12T03:20:43.98Z,2026-09-17T11:23:10.506Z,70,,2026-10-06T23:48:08Z,"👍 Likes help the game grow! The more support we get, the more updates we can make! Tags: Escape,Survival,Animal,Pien,Doge,Cat,Elephant,Rhino,Gorilla We are trying to make this experience a nice space, if you have any problem with the game or want to make a suggestion let us know in our group: https://www.roblox.com/communities/423649232/Zooo-Group Music: MaouDamashii"
4673599750,13429790955,📚 Murderers vs Sheriffs 2,Murderers vs Sheriffs 2,Group,32908147,Fighting,Shooter,Deathmatch Shooter,2023-05-13T12:59:33.33Z,2026-10-03T21:24:26.812Z,16,,2026-10-06T20:21:17Z,"🗡️ Welcome to Murderers vs Sheriffs 2! Join fast team battles with knives and guns. Capture the flag, defeat the enemy team, and win the round. 🎮 Fast matches across multiple maps and game modes. ⚔️ Team Deathmatch: Defeat the opposing team to earn points. 🚩Capture the Flag: Steal the enemy flag and return it to your base. 💀 Kill Confirmed: Eliminate enemies and collect their tags. 👑 King of the Hill: Control the objective zone to score. 🎒 Collect Items: Earn knifes, guns, and cosmetics as you play. 🤝 Trade with Players: Exchange items and build your collection. Please 👍 and ⭐ the game if you want more updates! mm2, murder mystery 2, kat, knife ability test, mvs, murderers vs sheriffs, roblox, race, tycoon, obby, fighting, red vs blue, duels"
4676287985,13438553315,Decaying Winter,the coconut crew!,Group,32386093,FPS,Shooter,PvE Shooter,2023-05-14T05:42:25.133Z,2026-10-05T15:20:15.3026661Z,5,,2026-10-06T20:21:17Z,"Stranded on EDEN-227, a hostile planet where the day brings with it a lethal storm. Survive against hostile scavengers, militarized raiders, and seemingly supernatural enemies in this wave-based roguelike co-op survival. Can you survive until your evacuation? This game can be used with a controller, but a keyboard and mouse is recommended. Press J while in-game to open the votekick menu. Griefing your teammates in public servers may result in a temporary ban. Exploiting will result in a permanent ban. Sound credits: Shootingcat Escape from Tarkov Retail Royale The Division The Culling Cry of Fear Entropy : Zero Uprising"
4686994428,13473615074,Boxywood 🏠🌴 RP,Boxywood,Group,32412715,Town and City,Roleplay & Avatar Sim,Life,2023-05-18T04:30:40.887Z,2026-07-17T16:47:11.66Z,30,,2026-10-06T20:21:17Z,"🌴 Welcome to Boxywood! An action packed city with endless possibility, where you can live any life you want! 🏠 Own a mansion in the Hills with stunning views 🚗 Explore the vast city of Boxywood in style with cool cars to choose from 🥑 Or just hangout with your friends/family and cook! And much more! 👍 ⭐ Support the game by giving us a LIKE and a FAVORITE! Tags: Roleplay, RP, Fun, Family, Life, Adopt, Raise, Baby, Celebrity, Hollywood, Mansion, Car"
4689722433,13482468151,Kitten Game 🐾,Bro_IsThisReal,User,1198579350,All,Roleplay & Avatar Sim,Animal Sim,2023-05-19T04:03:26.593Z,2026-10-06T02:45:15.509054Z,35,,2026-10-06T20:21:17Z,"🐾Become a cat, collect fun accessories, play with friends, and explore! September update: New mini-game ""Witch Cauldrons"", new kittens, and new accessories. Controls: Run [desktop]🖥️: R Run [console]🎮: L3 ⭐Join the group for awesome stuff! Credits: 🔉Some sound effects provided by ZapSplat 🎵Special thanks to GoldenKittyRoblox for ""The Dancer"" song https://www.roblox.com/groups/15149109/Free-Time-Studio#!/about"
4723764956,13600218266,🎥My Movie,Good Ape,Group,3212936,All,Entertainment,Video,2023-05-30T17:09:26.883Z,2026-10-04T19:44:57.762Z,50,,2026-10-06T20:21:17Z,"🌟Create your own movies, and watch a never-ending stream of videos by people just like you! It's just like YouTube! 🎬You're the man now, dawg! 🎓Inspired by Dwarf Fortress, which is a game for nerds. 👍If you like the game, give it a like and a favorite! 🚩Please REPORT videos that break the Roblox rules. Click ""Videos"", ""My Videos"", then click the flag icon to report a video. Created by Kampfkarren & Megahammer"
4730278139,13621938427,[DEIMOS👹] untitled boxing game 🥊,drowningsome,Group,32418371,Fighting,Action,Battlegrounds & Fighting,2023-06-02T00:43:44.32Z,2026-10-04T22:07:10.795Z,22,,2026-10-06T20:21:17Z,"🥊 EVERY 100 LIKES = 5 SPINS FOR EVERYONE IN THE GAME! 🥊 👹 NEW LEGENDARY STYLE: DEIMOS 👹 Fight people for money lol 👊💰 - You can use code, AND in-game to get - No matter what style you have, ALL of them are viable 💪 - Rarer fighting styles are just cooler ✨ - Just a boxing/PVP fighting game lol CODES deimos terror 3years lynn justtakethecash ubgliveson <- you all reached the event goal so 2x lucky spins freeemoteforall + secret codes in community links CONTROLS Space: Dash F: Block M1: Light Punch M2: Heavy Punch Feint: M2 + M1 XBOX CONTROLS A: Dash B: Block X: Light Punch Y: Heavy Punch RB: Ultimate LB: Equip Feint: Heavy + Light Attack just trying to make a fun fighting game based around boxing. solo dev project by me, please enjoy the game :) Tags: fighting, boxing, pvp, anime, combat, punching, ubg, untitled"
4743794878,13664698400,The Classic Soccer,guigoals,User,60007218,Sports,Sports & Racing,Sports,2023-06-05T21:23:11.177Z,2026-09-30T13:39:10.322Z,10,,2026-10-06T20:21:17Z,A simple and fast-paced football/soccer game with limitless fun. There are no out of bounds or offsides! ⚽
4750561026,13687899540,Cold War [VIETNAM],Grip Studios,Group,32519006,Military,Shooter,Deathmatch Shooter,2023-06-08T10:28:14.25Z,2026-10-02T17:28:05.841Z,80,,2026-10-06T20:21:17Z,"A large-scale 80 player shooter set in an alternative history scenario where the cold war goes hot, engage in a fun simcade combat experience, fight among destructible environments, use realistic loadouts with unique weapons and features within them. All scenarios and events depicted are fictional and do not represent real historical events. Exploiting permanent bans, these can be appealed in the communications server, do not lie. Exploiter association is bannable."
4772345874,13755196581,📸PhotoShoot Scenes,Miralic,Group,3655969,All,Roleplay & Avatar Sim,Dress Up,2023-06-15T03:53:20.697Z,2026-10-02T22:50:00.724Z,15,,2026-10-06T23:48:08Z,"Join your Private Server and enjoy FREE Admin Commands! [The scenes (house, school etc.) previously at Photoshoot x Green Screen Studio are now here] Wanna create high quality pictures but don't have the time to do it in image editing programs? Or just too lazy? We got you covered! Take professional looking pictures while roleplaying with friends! -Advanced pose tools (rotate, offset and click to pose limbs or body) -Scenes for posing and roleplay (including green screens) -Catalog for dressing up your character, save to app/website -Advanced lighting options (L for easy open & close) Have fun and don't forget to like and favorite! Tags: photoshoot, green screen, tools, pose, roleplay, model, avatar shop, photobooth, game, GFX, photo studio, psxgs, picture, editor, catalog, marketplace, photoshop, dress up, try on, camera, photoshot, scenery, house, school, castle, playground, beach, treehouse, restaurant, hospital, room, booth, graphic design, fun"
4777817887,13772394625,Blade Ball,Wiggity.,Group,12836673,Fighting,Action,Battlegrounds & Fighting,2023-06-17T00:05:26.103Z,2026-10-06T19:13:02.2888513Z,16,,2026-10-06T20:21:17Z,"⚡ In this game of focus, timing, and strategy, your skill is tested as a deflectable homing ball hunts players with increasing speed. But there's more than what meets the eye. 🔥 Gain new abilities and upgrade them to compliment your playstyle. Rise through the ranks by mastering your skill, and stand out with a variety of iconic weapon skins and finisher effects. 🏆 Shoot for the leaderboard or play casually! The choice is yours. CONTROLS: BLOCK - F/R1/Tap Screen/Tap UI Button/Left Click ABILITY - Q/ButtonX/Tap UI Button/Right Click SHIFTLOCK - Shift/Button-Y/Tap UI Button EMOTE - R/L1/Tap UI Button tags: minigame, battle game, pvp, multiplayer, abilities, dodgeball, sports, mobile, console, xbox, pc"
4778845442,13775256536,[LEGACY] Toilet Tower Defense,Telanthric Development,Group,15022320,All,Strategy,Tower Defense,2023-06-17T07:34:01.93Z,2026-09-09T17:29:55.452Z,30,,2026-10-06T20:21:17Z,"🚽 Toilet Tower Defense ⚔️ 🌟 Step on a platform to start a match! ⚔️ Place cameramen and powerful units to fight back against invading toilets! 🏆 Beat waves to win, or survive as long as you can in Endless Mode! Made by Telanthric and iamEvan!"
4785982047,13796645198,FLASHPOINT⚡,Varis Studios,Group,32421331,All,Action,Open World Action,2023-06-19T05:44:21.743Z,2026-10-06T02:18:20.0191938Z,15,,2026-10-06T20:21:17Z,"⚡ Welcome to Flashpoint! 👊 Defeat criminals to keep the city safe 💨 Zoom around the city 🏁 Race other players 💝 Join the group and like the game for FREE rewards! 💻 Available on Desktop, Mobile, Tablet & Console!"
4793836769,13822562292,[🌴NEW MAP]🚗Midnight Chasers: Highway Racing,Midnight In-dev,Group,16528477,Town and City,Simulation,Vehicle Sim,2023-06-21T21:07:05.223Z,2026-09-26T21:55:47.788Z,14,,2026-10-06T20:21:17Z,"✨Thank you for 980,000! Next code at 1M Likes! ✨Current Code: ""ThanksFor980k"" Welcome to Midnight Chasers! This is a no hesi game where the goal is swerve in and out of traffic with fast supercars, hyper-cars, or even regular cars! You can cut up through traffic, or go on a regular drive! We have a large choice of vehicles, cars, motorcycles, and much more! Join for the best highway cut up simulator on Roblox!🏍️ 🥇Joining the group will give you 25% cash boost! 🥇VIP Gamepass will give you 50% cash boost! 🥇Premium members will get a tag in-game! 🚗Swerve in and out of traffic without hesitation! 🏁Race and reach speeds while pushing the limits of your cars! 🥇Explore highways and cities with your friends! ✨Host meetups & showcase your prized vehicles! All rights reserved. Other trademarks referenced are the property of their respective owners. Use of these marks does not imply affiliation."
4807308814,13864661000,Break In 2 (Story),Cracky4,User,2600997,All,Adventure,Story,2023-06-25T22:40:17.55Z,2025-04-04T05:05:16.887Z,55,,2026-10-06T20:21:17Z,"A family lost with no help in sight, rain, hail and thunder made an unpleasant night, they took to the forest for shelter from harm, but the tall trees above could not keep them calm, they travelled along, their aching legs tired, their hope for a rest had almost expired, but there, in the distance! A wonderful find! A building, abandoned, surely no one would mind? They ventured forth, they knew what to do, it was finally time for Break In 2. Credits: Main Building: @FRANCOJ1119 3D Models: Berkan Özkan Main Animations: @WizardMaster29 Other Building: @Nimb1e @RealJofu Other Animations: @Simdiggie Lobby Programming: @Roytt Artwork (only the good art, if it looks like rubbish it was done by me): @Izzeke @f1zxyy Inspired by Camping by SamsonXVI"
4836254499,13955927965,Blood Zone 🎃,The LazerPigeon Community,Group,11090722,Fighting,Shooter,Deathmatch Shooter,2023-07-04T17:42:04.913Z,2026-10-01T00:21:07.289Z,28,,2026-10-06T20:21:17Z,"💥 Have some fun in this awesome FFA pvp shooter game! 🩸 Step foot into this game, it's just pure chaos. Just kill, kill, and kill. Customize your character with some fashion as you mow your enemies down! Also features a large catalog of weapons and secrets to put your grubby little hands on! ✅ MAKE SURE to turn blood on in the settings for the full experience ❌ Do NOT farm for kills / deaths for an unfair advantage, it is a punishable offense! Most Recent Update: 🎃 The Halloween event is here! Search for golden pumpkin and special candies to earn limited rewards! ✨ Use code ""halloween2026"" for a free skin! 👍 Remember to like and favorite!"
4839802560,13967668166,LifeTogether 🏠 RP,Cinnamon Software,Group,16007265,Town and City,Roleplay & Avatar Sim,Life,2023-07-05T20:36:59.163Z,2026-10-02T21:52:18.527Z,28,,2026-10-06T20:21:17Z,"UPDATE: Step into the world of Wildwood! Welcome to LifeTogether! Dive into an immersive roleplay where life is literally in your hands. 👍1M likes + follow + favorite for new APP! Tags: Dream, Life, Club, Metro, Topia, Fun, Happy, Adopt, Raise, Daycare, Family, SCP"
4850044287,13999660589,Together [Party Game],Maxx Fun,Group,12010570,All,Obby & Platformer,,2023-07-08T19:25:49.69Z,2026-09-18T00:30:38.174Z,70,,2026-10-06T20:21:17Z,"Make your way through teamwork-based levels with your friends! -- v -- JOIN OUR GROUP FOR A FREE HAT IN-GAME! Feel free to leave level suggestions in the group forums, I read everything posted there!"
4858558391,14026026722,Terminal [Escape Room],CCF Studios,Group,8648619,All,Puzzle,Escape Room,2023-07-11T04:53:44.857Z,2026-10-04T03:39:12.647Z,50,,2026-10-06T20:21:17Z,"🧩 RIA26 BEST PUZZLE NOMINEE 🧩 Can you escape? 🕵️ DISCO-TECH OUT NOW!! 💃🕺🔌 In this Escape Room game, uncover the sinister secret of Leisterez as you escape multiple life-or-death scenarios: a runaway train, an abandoned train tunnel, a mysterious underground bunker, a research lab, abandoned headquarters... why is this happening? Who set all this up? Find out now! If the Standard Difficulty is too frustrating, there are Beginner Modes featuring entirely reworked puzzles to be more accessible to those who are younger or new to Escape Rooms! Available for groups of 1-5 Players, but we recommend playing in a group for the best experience! [Recommended you play with a pencil and paper! Writing things down might be helpful] Tags: Escape Room, Puzzle, Puzzle Game, Riddle, Riddle Game, Escape, Puzzle Game With Friends, Escape, Timed Game, Collaboration, Collaborative, Escape Game, Logic Game, Brain Game"
4864117649,14044547200,untitled tag game,_create,Group,6682631,All,Action,Battlegrounds & Fighting,2023-07-12T21:01:23.517Z,2026-10-06T03:46:01.3452959Z,40,,2026-10-06T23:48:08Z,"play variations of tag with advanced movement, such as climbing, sliding, rolling, vaulting, swinging, and more! untitled tag game is a nostalgic parkour tag game inspired by roblox brickbattle games & other classics. this game is a remake and continuation of it's legacy counterpart, all made from scratch. join the communications server for updates! make sure to like and favorite the game! [W] - run [LMB] - tag [B] - shop [I] - inventory [G] - emote [Q] - menu this game has no copyrighted tracks. almost all music was made by the untitled tag game community. thank you for playing! <3"
4908792642,14184086618,[🚲PARK] Obby But You’re On a Bike,FORTUNE 777,Group,32357834,All,Obby & Platformer,,2023-07-25T01:02:09.64Z,2026-10-03T14:28:56.486Z,20,,2026-10-06T20:21:17Z,"🚴 Beat the Obby on Your Trusty Bike! 🏁 Explore 111 unique worlds with 100 challenging stages! ⏰ Compete on Speedrun Leaderboards and prove you’re the ultimate rider. 💖 Thank you to all our amazing players for your continued support! Tags: Obby, Bike Trail, Biking, Obstacle Course, Fun, Bike Obby, Parkour, Race This game may contain Independent Ads. All Independent Ads are uploaded by our studio, and all analytics are collected by our studio."
4924789901,14236925335,Neighbors 🔊 [18+],West Corner,Group,15109848,Town and City,Social,,2023-07-29T13:11:15.257Z,2026-09-22T02:24:17.466Z,64,,2026-10-06T20:21:17Z,"<< This is the 18+ version of the game! >> Neighbors is a social hangout game where you can quickly meet new people! Have you met anyone interesting or maybe... crazy? Regular Version: https://www.roblox.com/games/12699642568 𝐃𝐞𝐯𝐢𝐜𝐞𝐬 PC, Mobile, VR, Console 𝐋𝐚𝐧𝐠𝐮𝐚𝐠𝐞𝐬 English, Spanish, French, Portuguese, German, Arabic, Chinese, Russian, Indonesian, Vietnamese, Polish, Thai, Turkish, Japanese, Korean, Tagalog 🔊 (VC) Voice Chat is strongly recommended but not required. ⭐ You earn one credit per minute. (Stats do not transfer from the main game)"
4925331346,14238596528,Giga Mansion Tycoon 🏝️,Loaded Studios,Group,5019929,All,Simulation,Tycoon,2023-07-29T15:53:30.26Z,2026-09-29T18:36:08.986Z,6,,2026-10-06T20:21:17Z,"Welcome to Blockywood🌴 - Build your dream houses! Maybe a modern Giga Mansion, Beach house, Giga Villa and GIGA YACHT?! Buy luxury sports cars, helicopters AND MORE! 🏆 THE MOST BUTTONS TYCOON ON ROBLOX! 🏆 THE BIGGEST HOUSES/MANSIONS ON ROBLOX! 🔔 Press the NOTIFY button so you don't miss when new mansions drop! ❤️ Lagging? Try a FREE VIP SERVER! 🎮 Available on ALL platforms: PC, Mac, XBOX, Playstation, Mobile and Tablet! There's no end to the adventures waiting for you: 🚗 Zoom around the city in the sleekest super luxury cars 🚢 Sail the seas with dream mega and giga yachts, speed boats and jetskis! 🚁 Take to the skies with luxury helicopters 🎭 Lots of interactable roleplay furniture 👍 Like the game for epic GIGA updates!👍 Version 4.2 + NEW TYCOON - GIGA VILLA! + Loading times are now SUPER FAST + Added more goldifys/diamondifys to the Villa + Bug fixes and optimizations"
4931927012,14259168147,[🎃]🏀Basketball Legends🏀,InfinitySports,Group,32333865,Sports,Sports & Racing,Sports,2023-07-31T07:11:02.877Z,2026-10-04T00:34:20.123Z,10,,2026-10-06T20:21:17Z,🏀Welcome to Basketball Legends! A new basketball experience with quick gameplay that lets players quickly join a 5v5 or select pickups. 🏀 Leave a like 👍 and favorite ⭐ for more Basketball Legends content! Join InfinitySports for 1.5X coins: https://www.roblox.com/groups/32333865/InfinitySports#!/about
4938220315,14279693118,[AURORA] Skibi Defense,Archkos Studios,Group,15933961,All,Strategy,Tower Defense,2023-08-01T20:57:54.767Z,2026-10-06T11:06:38.158868Z,30,,2026-10-06T20:21:17Z,"⭐ Make sure to Like and Favourite the game for more updates! And join the community server for more information! (Visible only to 13+) ⭐ EPILEPSY WARNING! This game contains flashing lights. Join the group for a 25% credits boost! This game is still constantly updating! if you experience any bugs make sure to report them to us! Skibi Defense Currently supports: 💻 📱 (PC,MOBILE) KEYBINDS: 📥 1-0: Quick Unit Select 🏆 E: Upgrade 💰 X: Sell 🔎 Q: Change Target Mode 🔄 R: Rotate 🔴 Z: Pause / Unpause Developed by Archkos Studios!"
4944984948,14301835518,Team School Breakout! (TEAMWORK OBBY),Meltdown Obbies,Group,32863534,Adventure,Obby & Platformer,,2023-08-03T16:54:19.947Z,2026-09-18T11:38:34.71Z,12,,2026-10-06T20:21:17Z,Grab your friend and escape the school! But make sure the teacher doesn't catch you... PRIVATE SERVERS ARE FREE!! PLAY WITH YOUR FRIENDS Leave a like and favourite if you enjoyed this obby!
4949420752,14315258385,Realistic Street Soccer,The Builder's Legion,Group,2801805,Sports,Sports & Racing,Sports,2023-08-04T18:34:38.06Z,2026-10-05T19:36:25.212327Z,8,,2026-10-06T20:21:17Z,"If you read this, you should join immediately. Welcome to Realistic Street Soccer! 💬 Join the community server through Social Links to keep up with every update! CONTROLS (PC): Hold Left Click - Shoot & Pass E - Tackle Q - Dribble Shift - Sprint CTRL - Mouse lock Spacebar - Header 📱 The game has been made very simple for mobile users! 🌟 PRIVATE SERVERS ARE FREE AND OWNERS HAVE ACCESS TO FULL ADMIN PANEL! INFO: 🧍‍♂️ Realistic characters & animations. 🧤 Balanced AI Goalkeepers. 🕒 Fast-paced gameplay in a Futsal size field. ⭐ Progress is saved! 🔨 Developed by V_ersalty ⚠️ Exploiting on alt accounts will result in an automatic ban on all your accounts."
4983034985,14422394494,Conquer The World WW2 [👑 Formables ],Marian_Dev,User,3676979282,Military,Strategy,,2023-08-13T15:37:24.597Z,2026-10-02T15:20:17.579Z,14,,2026-10-06T20:21:17Z,"Lead your nation to world domination in this strategy war game! 🏆 [⚡] Similar to Hearts of Iron (Hoi4), but faster and more fun ‼ [⚔️] Historical Warfare: Lead your country through WW1, WW2, and WW3 [🏭] Industrial Power: Build a massive economy to fuel your war machine [🦅] Empire Expansion: Use brilliant tactics to capture territories and expand borders [😈] World Domination: Crush rivals and establish yourself as the ultimate superpower Features [🗡️] Military Strategy: Deep troop micromanagement and tactical combat [🌍] Massive World: Over 200+ conquerable countries across a global map [💣] Scenarios: Switch between eras including WW1, WW2, and WW3 [🏭] Nation Building: Complex economy management and industrial growth [☢️] Nuclear Arsenal: Develop and deploy devastating weapons of mass destruction Updates [👑] Formables ! Upcoming Updates [🧪] Map Editor"
4987467534,14437001043,Residence Massacre,MisterGamer_67,User,153385632,Horror,Survival,Escape,2023-08-14T19:34:06.36Z,2026-10-06T22:36:59.8077838Z,30,,2026-10-06T23:48:08Z,"Coming home from work, you didn't expect to receive a message from the government. Even less did you expect having to defend your home from a bloodthirsty creature... If you're new, this game can be very difficult. Death is part of the experience. Shift/L3 to sprint F/X/Square for flashlight Mobile/PC/CONSOLE Support Exploiting and willingly playing with exploiters will result in a permanent ban. Bug abusing and promoting bug abuse is punishable. This includes all users associated with it."
4987856151,14438406081,Wanted [💰UPDATE],DevvGames,Group,4856485,Town and City,Action,Open World Action,2023-08-14T22:09:22.64Z,2026-10-06T15:43:42.2264352Z,30,,2026-10-06T20:21:17Z,"💰 Live life as a daring bank robber or fight criminals and bring justice to Oasis City. 🧼 Make passive income with the new money laundering feature! 🏎️ New Trackstar vehicle! 💰 Bag increased +5kg! 🗺️ Huge map changes! See the patch notes in-game for a full list of changes! Earn cash and complete missions to unlock faster cars, stronger weapons, and a bigger base. Crimes increase your wanted level and put a bounty on your head. Will you uncover the secrets of the Oasis?"
4991126644,14449145868,Bewitched,Вewitched,Group,16393463,Fighting,Action,,2023-08-15T20:42:20.83Z,2026-10-06T18:37:45.3222687Z,25,,2026-10-06T20:21:17Z,"Welcome to Bewitched! If you are experiencing lag, please decrease your graphics quality located in settings and/or enable optimization related settings. All updates and codes are listed within the communications server. The game will be constantly getting updates and fixes, please do lower your expectations."
4991821731,14451515684,PETAPETA: 【9/30 UPD】,Omochi_Studio's PETA PETA,Group,32900163,Horror,Survival,Escape,2023-08-16T01:41:16.65Z,2026-10-06T01:24:13.6611751Z,60,,2026-10-06T23:48:08Z,"DO NOT touch on supernatural being. Experience an immersive Japanese-style horror game. Update on Sep 30 PvP Mode Update ・Added a new class: Clown ・Added PvP Missions -Story You enter abandoned hotel with traditional Japanese style on a fateful night of the full moon. The hotel appears to extend infinitely and you can feel a presence of PETAPETA. To survive this nightmare, you must rely on uncovering clues placed throughout the hotel. Prepare yourself for a journey into the heart of Japanese horror. -Recommendation/Warning Max graphics setting recommended Headphone recommended The game contains flashing lights and loud noises. Now We have another PETA PETA story..... PETA PETA: School of Nightmares!! https://www.roblox.com/games/110280222997707/PETAPETA-School-of-nightmares Collaboration with Inu_productions!(Programming, Game/UI/Graphics/Audio design)"
4998493959,14475396559,TEAM GRANDMA ESCAPE!👵🏻 (TEAMWORK OBBY),Despicable Obbies,Group,32444067,Adventure,Obby & Platformer,,2023-08-17T22:53:28.42Z,2026-06-12T15:04:28.46Z,18,,2026-10-06T20:21:17Z,"👍 NEW UPDATE AT 59% LIKES! PRIVATE SERVERS ARE FREE! Your stuck in Grandma's weird house! Find a friend and escape before she catches us! STUCK ON A STAGE? Buy ingame perks to help you escape Grandmas House! Tags: Grandma, Escape StepDad Obby Parkour Obstacle Course Barry's Prison Grumpy Gran Mr Stinky Evil Stepmom Wednesday Adventure Fun Adventure Ice Spice, Grandpa Obby, Team Grandpa, Grandma Obby Join Despicable Obbies for more obby / parkour games"
5012222382,14518422161,Gunfight Arena,Gunfight Studio,Group,3529365,Fighting,Shooter,Deathmatch Shooter,2023-08-21T11:49:05.123Z,2026-10-03T13:29:11.706Z,20,,2026-10-06T20:21:17Z,"🧨 DEAL DOUBLE DAMAGE 🧨 When you play with your friends! 💣 ⭐ Eliminate other players and level up! 💰 Level up to earn more Credits! ☢️ Try to get a nuke! 💖 Thanks to everyone for the support! 💰💰💰 The higher your level, the more credits you get for the next level! 💰💰💰 ⭐⭐⭐UPDATES EVERY FRIDAY!⭐⭐⭐ Tags: Gunfight, Gun Fight, FPS, Paintball, Guns, Arena, Fast, Camos"
5026122481,14564651437,Death in the Box,ARK-ADE,Group,14080716,Horror,Survival,,2023-08-25T14:58:04.987Z,2026-10-06T20:27:01.8537449Z,50,,2026-10-06T20:21:17Z,Survive until the end of this thrilling blend of luck and strategy where you compete against up to 15 other players. Outplay your opponents with many different cards and events that makes each round feel new and unique! 💰 Join the group for a 15% cash bonus! 💰 Premium benefits: 25% cash bonus! 🚧THIS GAME IS STILL IN DEVELOPMENT🚧 Please report any bugs or issues in the community forums! View voice chat only servers here: https://www.roblox.com/games/124732217590542 This experience contains content that some players might find disturbing — check the in-game settings!
5026970880,14567590300,🎃 BATHE DA BABY [S14],baftime,Group,32993770,Fighting,Survival,Escape,2023-08-25T20:01:52.57Z,2026-10-03T17:57:51.786Z,50,,2026-10-06T23:48:08Z,"🫧 Welcome to BATHE DA BABY! 👶 Your goal as the baby is to run from the cleaning ladies and DON'T GET CLEANED! Also help other babies out of the bathtub! 👨‍🍳 Your goal as the cleaning ladies to get EVERY BABY in the bathtub! DON'T let them escape! 🌎 Vote for different maps! 🎨 Unlock different baby skins + abilities with coins! 💻Baby Controls🖥️ (PC) - Hold C = Sneak - Double Jump in Air = Dive 📱Baby Controls🕹️ (Mobile) - Walk Slow = Sneak - Tap Dive Button in Air = Dive 🎮 Baby Controls🕹️ (Controller) - Walk Slow = Sneak - Double Jump in Air = Dive Rule: No Farming Wins Credits: sayer80, Vamonoz, 1CoaI, 0Mushy, Drawees, huanwz & more!"
5039839070,14608970270,(ANNIVERSARY) Outcome Memories v0.2,Team Red Ring,Group,33304839,All,Survival,1 vs All,2023-08-29T02:55:35.917Z,2026-10-06T23:51:27.2867087Z,8,,2026-10-06T20:21:17Z,"Outcome Memories is a EXE Fan game inspired by The Disaster, the gameplay has you playing as either a survivor or an executioner, where one side has to win by either escaping or eliminating those who stand 'Similar to many similar stories foretold before, trapped inside this so called ""void"" for eternity, the power of its own to reset itself over and over.. The fun will be endless.' Most of the survivors here do not originate from any ""official"" timelines you'd think they come from but their own world with their own story to tell.. Characters all rightfully belong to SEGA / The Sonic Team, we are not affiliated with them."
5049569843,14641667067,Titan Tower Defense,[What A Game],Group,33028790,All,Strategy,Tower Defense,2023-09-01T04:29:12.763Z,2026-10-05T12:28:12.8780041Z,18,,2026-10-06T20:21:17Z,"⚔️ TONS OF UNIQUE UNITS 💥 EPIC GAMEPLAY! ✨ RTX GRAPHICS! ⚡ 2x SPEED 💪2x WEEKEND! 🎮 How to Play: 🎲 Step onto a pad to start your match! ⚔️ Place your units to fight back against the toilets! ⭐ Win by beating waves or test your skills at the Endless Challenge! 📢 Like and Favourite to stay tuned for frequent updates and exclusive codes! 👾 Join our Community for more tips, tricks, giveaways and news! ⚠️ Crosstrading is strictly prohibited!"
5091490171,14772802900,[🎥REPLAY] Jailbird,Jailbird Official,Group,33054943,FPS,Shooter,Deathmatch Shooter,2023-09-14T12:24:49.623Z,2026-09-02T03:53:20.991Z,40,,2026-10-06T20:21:17Z,"[Jailbird Remastered] Welcome to Jailbird Remastered, A revamped version of Jailbird Roblox FPS. Immerse yourself in the world of ruthless gang warfare. Engage in fierce, tactical combat. Customize your characters and gear up with your earnings. Dive into Jailbird Remastered today! New CODE at 90k likes! 80k Likes - 80KLIKESJAILBIRD [Console Controls] DPadUp - Ping DPadLeft - Tactical Tap B - Crouch Hold B - Prone R3 - Knife [DEVELOPERS] SmileyGin - Founder / Director / Developer [SPECIAL THANKS TO PAST CONTRIBUTORS] Maeddrs - Game Designer / Level Designer / Manager CookieOdi - Lead Programmer Ossyence - Assistant Programmer"
5108158764,14823220100,SCP Architect X,SCP Architect,Group,5237344,All,Simulation,Tycoon,2023-09-19T14:37:25.237Z,2026-10-03T15:47:00.434Z,6,,2026-10-06T20:21:17Z,"Build and manage your own SCP Foundation! Contain monsters and large-scale catastrophes! Design complex layouts, hire staff, manage personnel, and test dangerous monsters inside a facility you create from the ground up. Expand your site, unlock new systems, improve efficiency, and experiment with contained SCPs. Roblox Plus users get x2 gems for playtime!"
5111507958,14833592591,Disaster Island 🏝️ Survival,Limitless Games,Group,3624876,All,Survival,,2023-09-20T22:04:18.427Z,2026-09-16T18:27:20.893Z,30,,2026-10-06T23:48:08Z,"🌋 Gather your friends and embark on the ultimate disaster survival adventure! Run from tsunamis, escape flash floods, and celebrate teamwork as you navigate the unpredictable twists of nature together. 💎 Use code ""75KLIKES"" ❗❗ New code at 100,000 Likes! ❤️ Inspired by Natural Disaster Survival Tags: Survive, Flash Flood, Tornado, Hurricane, Tsunami, Fire, Lava"
5112244393,14835828495,Dudes Battlegrounds,Fantastic! Games,Group,11085868,Fighting,Action,Battlegrounds & Fighting,2023-09-21T06:28:35.55Z,2026-10-05T18:35:10.3225815Z,16,,2026-10-06T23:48:08Z,"Are you the real hero? 🦸‍♂️🦸‍♀️ A battlegrounds experience. The game is in Beta, please be patient as we improve and fix bugs! 🐛 ⭐ Please consider liking and favoriting the game for more characters! ⭐ 🖥️ Controls G - Activate Ultimate F - Block Q - Dash Q (while ragdolled) - ragdoll cancel/evasive Double Tap W - run Left Click - Punch B - Emote Wheel 1,2,3,4 - Character Abilities ✨ CODES: UPD72 | 2MFAVS | 190KLIKES | 2MGROUP LAGGING? Make a free Private Server! 😀 📱💻🎮 Supports every platform! ⚠️ CHEATERS WILL BE PERMANENTLY BANNED WITH NO HESITATION, DO NOT CHEAT OR YOU WILL BE BANNED. ⚠️"
5114328099,14842128242,100 Player Floor Is LAVA! 🔥,Expeariments,Group,34752371,All,Survival,,2023-09-22T01:02:40.603Z,2026-09-03T17:14:31.165Z,50,,2026-10-06T23:48:08Z,"Combine ""Squid Game Red Light Green Light"" with ""Be Crushed By A Speeding Wall"" Add LAVA 🔥 🔥 Survive lava to get to the other side! 🧗‍♂️ Climb fast, jump across platforms, and avoid falling! 😈 Push other players into the lava and race to the top! 💎 Collect gems to unlock awesome items that help you escape the lava! Play with friends, unlock cool items, and become the lava survival champion! Tags: lava, floor is lava, survival, obby, parkour, race, challenge, fun, 100 players, 50 players, multiplayer, jump, climb, escape, push, fall, hot lava, survive, tsunami, acid, chaos, party game, physics, wave, disaster"
5117983607,14852797539,[Upd 10 // part 1] Superbox siege defense,team spelled incorrectly,Group,10183203,Fighting,Action,Battlegrounds & Fighting,2023-09-23T04:42:31.237Z,2026-10-06T13:26:03.1651352Z,30,,2026-10-06T20:21:17Z,"(Superbox siege defense is Recommended to be played on private servers) Superbox siege defense A game where you fight heads coming out of boxes, it is technology vs boxes You can unlock different characters by getting points from defeating the boxes. Some boxes are stronger than others, there are multiple game difficulties you can choose. super box siege defense"
5166944221,15002061926,Death Ball,⨯ Small World Games,Group,17140361,All,Action,Battlegrounds & Fighting,2023-10-08T05:12:53.817Z,2026-10-06T04:53:22.6800602Z,25,,2026-10-06T20:21:17Z,"Deflect the ball, unlock champions, climb the ladder and become the best player in the world in this fast paced PVP game! ⚠️ WARNING ⚠️ Exploiting and farming is strictly prohibited and will result in a permanent ban. We do not appeal our bans 📱💻Supports Desktop, Console, Mobile and Tablet players 🏆 Like and Join the group for a boost and FREE VIP Servers! Made with ❤️ by Small World Games tags: minigame, battle game, pvp, multiplayer, abilities, dodgeball, sports, mobile, console, xbox, pc, ball"
5174979552,15027718878,🚀 The Space Simulator,mooonc0w,User,3042966072,All,Simulation,,2023-10-10T19:42:24.67Z,2026-10-03T08:08:10.458Z,20,,2026-10-06T20:21:17Z,"- Collect every Orb to unlock VIP status! 👑 - The Season changes every Saturday morning, bringing new Centaur asteroids with Rare, Epic, Legendary and Mythic items! 🎁 Explore the Solar System 🚀 together with friends! Visit the Moon, The Sun, Mercury, Venus, Mars, Jupiter, Saturn 🪐, Uranus, Neptune, Pluto, Haumea, Makemake, Eris, Sedna, Planet X, famous moons and asteroids. Master movements in Zero gravity, use the Hubble Telescope 🛰️, visit the International Space station, take a sample from Halley's Comet ☄️, respond to distress signals to save your fellow astronauts, uncover hidden places and search for Alien life! 👽 👍Like the game and ✅ join our group: https://www.roblox.com/groups/32973823/SpaceSim Roblox Plus members get 15% increase in the speed of the Spaceships. All kinds of cheating, speed hacks, and similar exploits are strictly forbidden. Tags: Open world, Sandbox, Planets, Spaceships, Rockets, Comets, Roleplay, Adventure, Sun, Asteroids, Stars"
5203828273,15101393044,Dress To Impress ⭐,Dress To Impress Group,Group,17264167,All,Roleplay & Avatar Sim,Dress Up,2023-10-18T09:11:36.563Z,2026-10-06T22:35:34.9427038Z,13,,2026-10-06T20:21:17Z,"Create stunning outfits 👗💖⭐, and strut the runway to show off your unique style. Collaborate, compete, and explore a world of glamour with friends! ⭐ Are you ready to be the TOP MODEL? 👗 NEW ITEMS! Check them out. 🍿 Vote for your favorite outfits! 💃 Use poses on the runway to show off your outfit! Find more about Dress To Impress by joining our community. https://www.roblox.com/communities/17264167/Dress-To-Impress-Group#!/about"
5207621753,15111895255,[🔥EP81] Skibidi Masters Tower Defense,Mastery Studios Games,Group,11886490,All,Strategy,Tower Defense,2023-10-19T17:17:01.853Z,2026-10-06T23:15:50.1309364Z,25,,2026-10-06T23:48:08Z,"🚨 LATEST UPDATE 🚨 ⚔️ ARMADA RAID: Face Astro Toilets in new raid! 💥 TITAN SPEAKERMAN 3.0: The legendary titan returns, stronger than ever! 💯 EXECUTIONER SPEAKERMAN: A deadly new elite unit! 🔥 15 NEW UNITS: Discover 15 brand-new units ready to join your squad! 🛡️ ALLIANCES: Create or join an Alliance, team up with friends and grow together! ⭐ SKILL TREE: Unlock permanent upgrades and customize your progression Welcome to Skibidi Masters Tower Defense! 🚽⚔️ Defend your base against relentless waves, summon legendary units, and team up with friends to become the ultimate Master! 🎮 HOW TO PLAY: 🤔 STEP on a platform, select a stage, and start the match! ⚔️ PLACE towers to fight off enemies! 💰 EARN cash to upgrade your units mid-battle! ⭐ SUMMON rare characters and build your dream team! 👍 LIKE and FAVORITE the game for more updates! 🎁 NEW CODE unlocks at 170,000 LIKES! 💎 Use Codes: FREETRAIT, POTIONS, TRADEPLAZA, 50MVISITS"
5208051158,15113223607,Mech Showdown (Beta),Neureal,Group,381177,Fighting,Action,Battlegrounds & Fighting,2023-10-19T20:37:29.737Z,2026-10-03T18:36:02.085Z,14,,2026-10-06T23:48:08Z,NEW MECH TETSU ONI ALONG WITH SEASON 4 IS NOW LIVE! EMOTE! - Be sure to get your taunt emote by liking the game and joining our group! Ever wanted to be a mech warrior? Well now you can! Sophisticated mech warfare. Each mech is custom built to transform into various shapes and weapons. Playable on all platforms 🎮📱💻 Game Controls 💻 (PC) Dash - Q Evade - Q while down Mouse Left-Click - punch / normal attack F - Block Space - Jump Skills - 1/2/3/4 Ultimate - G Emote - B Have fun!
5216419122,15135285305,GEF,mPhase,Group,10587104,Horror,Survival,Escape,2023-10-22T01:17:30.347Z,2025-12-20T03:08:33.49Z,10,,2026-10-06T23:48:08Z,"GEF is the name of an unidentified organism described by witnesses as a ""Giant Evil Face"". Nobody knows where these vicious creatures come from, but they have overrun the once-peaceful town that you now find yourself in. Escape is impossible. You can only survive. •Search buildings for supplies •Secure a base and board up windows before night falls... •Defend yourself against the GEFs, and stay alive for as many days as you can!"
5239362765,15198166649,DON'T GET ELIMINATED,Badass Experiences,Group,9825692,Comedy,Party & Casual,Minigame,2023-10-28T19:33:37.553Z,2026-10-05T03:24:04.86Z,50,,2026-10-06T20:21:17Z,🎪 COMPETE IN WILD MINIGAMES 🗳️ VOTE OUT OTHERS… AND DON’T GET ELIMINATED! A GIANT ICECREAM CONE LOOKIN' MAN FORCES YOU TO COMPETE AGAINST OTHER PLAYERS IN THE MOST TERRIFYING GAMESHOW OF ALL TIME. HOP IN FOR A FUN AND CHAOTIC PARTY GAME WITH FRIENDS! INSPIRED BY TOTAL ROBLOX DRAMA AND OUTLASTER GAME TRAILER BY @SCAREMOUCH
5244979723,15213956324,[UPDATE!] BOOMSTICK Football 🏈,Remarkable Gamers,Group,7221619,All,Sports & Racing,Sports,2023-10-30T03:10:34.82Z,2026-10-06T00:56:10.0566692Z,12,,2026-10-06T23:48:08Z,"Everything great about Football, with none of the rules! UPDATE OUT! 🏈 Forget what you know about sports. This is American Football like you have never seen it before. Easy to pick up, and impossible to put down! Your goal is to tackle as many people as you can, and win every game! 🎉 Perfect for casual players! 🏈 Quick matches, lots of game modes, and lots of cosmetics! 🌟 Lots of fun! The best game on the platform. The hardest you will ever laugh at a game. This is how sports was meant to be played. This game is still in Development. Please report any bugs or issues to our Community Server! Tags: - Hitstick, Boomstick, Boom, Football, Fieldgoal, Tackle, 7on7, Headtop, Headtap, Fumble, Blitz, Touchdown, Interception, American Football, Kickoff, Score, Broomstick, Minigame, Pvp, Multiplayer, Abilities, Sports, Console, Xbox, Pc"
5247232141,15220242937,Don't Anger the Button 😡,Fun-Tastic Games,Group,6443924,All,Party & Casual,Minigame,2023-10-30T19:46:35.043Z,2026-09-22T21:59:15.139Z,10,,2026-10-06T20:21:17Z,"📌 Join the group for group daily reward! 🎁 Codes: release, angry, 80kmembers, button, 20Mvisits Welcome to Don't Anger the Button 😡! There is a button in the middle of nowhere, the button is in your power to use, will you go rogue and press it or will you follow the rules and not press the button? What chaos can the button cause? - 💰 Collect Coins - 🏃‍♂️ Win Or Survive The Minigames - 🧨 Buy Pranks To Disturb Other Players Or Friends - 🛠️ Buy Gear To Help You In Game - ⏰ The Longer You Play The More Coins You Earn - 🎁 Play With Friends To Multiply Your Coins - ✨ And Much More! 📌(RECENT UPDATE!) [08/02] - Bugs Fixed 🔧 - New Nuke Anim ☢️ - Higher Time Reward ⏰ - New Button System 🎮 - New Code! 🏷️ ✉️ We always update the game frequently, make sure to check often so you don't miss something. Tags(Ignore): Dont Press The Button Piggy Toilet Adopt Me FNAF free Arsenal admin Minecraft boss baby horror scary Tycoon Simulator UGC"
5254920366,15240723287,Secret Staycation,ひみつのおるすばん：Secret Staycation,Group,33331483,Comedy,Adventure,Scavenger Hunt,2023-11-02T07:18:38.753Z,2026-05-29T00:52:44.683Z,30,,2026-10-06T20:21:17Z,"While the landlord is away, the foods are having staycation. Let's try to find them hiding in the house! I'm currently focusing on the development of a new game, therefor I'm taking a break from updating Secret Staycation. I appreciate your understanding and thank you for your continued support. How to Use the Private Server Functionality: １・Join the game from a private server. ２・You can move to Hide and Seek or Small Farm maps while staying on the private server. ３・Other users can join by entering the password displayed in the bottom left of the screen. ４・You can access the password entry screen from the padlock icon in the top bar. Music Composer: @Nicolas_AP7 Tags: food, find the foods, house, hiding, staycation, role play, hangout, cute, ragdoll, active ragdoll, physics, obby, hide and seek"
5265857965,15269951959,Legends Battlegrounds,Arts of Vermillion,Group,33327115,All,Action,Battlegrounds & Fighting,2023-11-05T01:01:51.257Z,2026-09-25T14:32:47.403Z,15,,2026-10-06T20:21:17Z,"⭐Please like/thumbs up and favorite for more updates! Fight to become the ultimate legend. Keybinds: Q - Dash Q (while ragdolled) - Evasive/Ragdoll Cancel F - Block G - Awaken Left Click - Light Attack B - Emote Wheel This game's characters are all stickmen, original or from an anime. You can play this game on any device. Help Legends Battlegrounds (LBG) by leaving a like/thumbs up and favorite!"
5265950669,15270182488,[UPDATE!] Ultra Toilet Roleplay 2,Ultimate Super Toilet Roleplay,Group,32725804,All,Roleplay & Avatar Sim,Morph Roleplay,2023-11-05T01:31:33.433Z,2026-10-05T03:57:29.085Z,50,,2026-10-06T23:48:08Z,"Welcome to Ultimate Toilet Roleplay where you can become an evil toilet head or a machine head person to take on the opposition Participate in a roleplaying experience with the Toilets or Camera Heads, Speaker Heads, TV Heads, or more Like the game for future updates! JOIN THE GAME TO VIEW IN GAME UPDATE LOG And more! CURRENT UPDATE: Morph Menu! PREVIOUS UPDATE: Early Access Gamepass"
5272606478,15288629078,[UPDATE🚗] Highway Legends,osddxx,User,218706455,All,Simulation,Vehicle Sim,2023-11-06T23:32:06.863Z,2026-10-02T19:07:53.503Z,10,,2026-10-06T23:48:08Z,"Welcome to Highway Legends! Experience the ultimate highway cut up simulator where the goal is to swerve in and out of traffic. Push iconic supercars, hypercars, tuners, track cars and JDM classics to their limits in this high-speed no hesi driving experience, or just go for a cruise with friends. ⭐ Leave a Like and Favorite to support future updates! 🚗 Join our group to unlock exclusive group cars! 📣 Follow the game to get update notifications! 💨 Game Features • Swerve through dense traffic at top speeds to earn cash. • Build your garage with a huge roster of detailed cars. • Visit the customization shop to tune and upgrade your ride's performance. • Race your friends and see who has the best reflexes! 🎮 Controls (PC / Console) First Person: V / RSB Handbrake: L Shift / LB Clutch: L Ctrl / RB Lights: L / B L Blinker: Z / Dpad L R Blinker: C / Dpad R Hazards: X / Unbound TMode: M / Dpad Down TCS: T / LSB ABS: Y / Unbound Popups: B / Unbound"
5283219861,15318113891,Lethal Ape (Caves),gub_dev,User,3003920136,All,Survival,Escape,2023-11-10T21:10:31.67Z,2026-10-06T23:49:43.7586006Z,20,,2026-10-06T20:21:17Z,"Welcome to Lethal Ape, a horror game where you become an ape and have to survive in a lab full of terrifying monsters! Can you escape from them without getting caught? Go on an adventure in Lethal Ape and have fun with your friends! Credits: Xeva: the official creator of the Lethal Ape VR Me: creator of the Roblox version with my own maps, stories, gamemodes and monsters."
5295169598,15352028692,Ultimate Home Tycoon 🏠,Ultimate Home Tycoon,Group,33123237,All,Simulation,Tycoon,2023-11-14T02:27:36.467Z,2026-10-04T03:44:27.23Z,16,,2026-10-06T20:21:17Z,"🏠 Build your Ultimate Dream Home! 🔨 Create, Share, & Sell the Home or Mansion of your Dreams by Customizing every detail with Furniture, Appliances, and Home Decor that reflects your Unique style! 👍 Like the Game & Join the Group for 10% more Cash! 💰 💵 Earn x2 Cash during the Weekend! ⭐️ 📢 Use Code '480kLikes' & 'HALT' for a FREE Rewards! 👍 Next Code at 490,000 Likes! 😊 Hang out with your Friends, Meet new People, & Roleplay within each others Dream Homes! 🚗 Drive, Collect & Showoff your Dream Cars! 🏁 Race Against your Friends to earn Cash Rewards! ⭐ Private Servers are FREE! If you're Lagging, feel free to get one! ⚠️ 💖 Premium Users get 25% more Cash! 💰 💾 All Tycoon Progress is autosaved so you can resume back at any time! 💾 🔔 Hit the FOLLOW button to get notified about Updates! 🔔 📱 Follow us on X & Join our Community down below!"
5351168809,15507022415,Chiquititas - Ray of Light Orphanage 🏫,CINRILO,User,3063036883,Comedy,Roleplay & Avatar Sim,Morph Roleplay,2023-11-30T19:59:52.453Z,2026-10-06T19:11:16.059345Z,30,,2026-10-06T20:21:17Z,"Welcome to 'Chiquititas - Roleplay' this game was inspired by the SBT soap opera that tells the story of the girls of the Ray of Light Orphanage, focusing on the main character (Mili). Have fun exploring the Orphanage and uncover the mysteries around it! ⭐ : New Places Coming Soon 👕 : Explore the Catalog to experience new clothing combinations Tags (Ignore) Chiquititas chiquititas rp chiquititas roleplay chiquitita sbt carousel maria joaquina cirilo poliana rp c1r cumplices orphanage ray of light orphanage mili brazil br"
5361032378,15532962292,Sol's RNG [ Eon 1-29 ],Sol's Studio,Group,8509669,All,Simulation,Incremental Simulator,2023-12-03T08:42:00.263Z,2026-10-03T08:01:35.884Z,20,,2026-10-06T20:21:17Z,"🎲 Sol's RNG is the #1 luck-based RNG game on Roblox! Roll for 400+ unique auras, craft powerful gear, and drink potions to boost your luck. How rare can you go? 🔄 Click """"Roll"""" to discover 400+ unique auras of varying rarity 🛠️ Craft unique gear using your collected auras 🍀 Drink potions to increase your luck and chase rare finds 🎯 Test your fortune and compete with friends for the rarest auras 🆓 Free private servers available for the best performance! 📢 Join our community for update announcements!"
5365966699,15546218972,MIC UP 🔊 18+,Wild Roleplay,Group,4488708,All,Social,,2023-12-04T17:47:22.31Z,2026-08-08T20:30:42.44Z,70,,2026-10-06T23:48:08Z,💬 Everyone in the experience is 18+ and has voice chat 🎙️ 💬 Classic hangout experience for spatial voice and voice chat 🎙️ 💻 Available on platforms: 📱 -PC -Phone -Tablet -VR -Console -Handheld -TV
5367389312,15550215902,[🎵CUSTOM SERVERS] Sing It! Karaoke Battles [VC🎤],Stupid Simple Games,Group,16475373,All,Entertainment,Music & Audio,2023-12-05T06:44:00.2Z,2026-10-05T00:16:29.724Z,12,,2026-10-06T20:21:17Z,"🎶 Over 1500+ Karaoke songs! 🎶 🏆 Compete against other players to get the highest Karaoke rating! 🏆 📣 Earn cheers to unlock particles, winner emotes and more! 📣 🥇 Rank on the Karaoke leaderboards! 🥇 💎 Premium users earn 2x cheers by default (in-game Karaoke currency)💎 💰 Donations use gamepasses and can take up to a week to receive. The amount will be less than the amount shown in-game due to Roblox taxes. You can view your pending Robux in your transactions tab 💰 Thumbnail/Page Art Credits: keijucat (Game Cover) oneforallz_ (Banner) moonastra_ (Banner) doewist (Banner) 7ingshen (Banner) bee_3276 (Banner) 🔎Tags: Karaoke, Karaoke Battles, Karaoke Vs, Sing, Song, Sing It, Hangout, Social, Socialize, Music🔍"
5385674359,15598056478,BEAT BOUNCE 🎶 (GEOMETRY DASH),Calf Productions,Group,4872233,All,Obby & Platformer,Runner,2023-12-10T13:13:20.4Z,2026-10-05T11:24:20.195Z,50,,2026-10-06T20:21:17Z,"⚠️ Please provide feedback rather than disliking the game! ⚠️ 🎶 Beat Bounce: The Ultimate Rhythm Adventure! 🚀🌟 🚀 Inspired by the classic rhythm game Geometry Dash, Beat Bounce takes you on a musical journey like no other! Navigate a vibrant world of obstacles while timing your moves to enchanting tunes. 🎵✨ 🎮 Controls: 🖱️ Click or tap to jump 🔄 R for instant respawn 🔥 Features: 🌈 Colorful, smooth gameplay 🎨 Advanced level editor for endless creativity 🔍 Level explorer to find community creations 💫 Cool visual effects and game mechanics ⚡ High performance for a great experience 📱 Supported Platforms: PC, Mobile & Console 🎼 Music Credits: All credit for the music goes to the talented artists who created these amazing tracks. 💡 Join our friendly community to share your thoughts and report bugs! Find the link on our group page! ❤️ Support the game by following our developers: @arskadev & @kuel27 🆕 Version 18.2"
5407131262,15654981113,Death Penalty,vintage mens clothing,Group,11396284,All,Survival,,2023-12-16T19:58:05.457Z,2026-08-23T22:50:59.566Z,50,,2026-10-06T23:48:08Z,"Sentenced to death, you have been given a chance of freedom by being subjected to various experiments. Your survival will be based on luck, skill and ability to control those around you. (basically remake of social experiment) early testing give us feedback 😈😈😈😈😈 V 1.0.0"
5421899973,15694891095,[CLANS] Combat Arena,Atomic Horizon,Group,13911975,FPS,Shooter,Deathmatch Shooter,2023-12-20T20:14:46.51Z,2026-10-05T22:38:18.5643078Z,20,,2026-10-06T23:48:08Z,"Combat Arena is a fast-paced arcade style FPS where participants face off in a variety of arenas set in locations from around the world to earn coins and glory! 💥 Knock out other players with a wide variety of weapons and unlock devastatingly powerful streaks! 🪙 Earn coins to unlock new weapons! 🖌️ Open crates to have a chance at legendary skins and more! 💵 Sell or trade items you collect with other players! 📱 Play with your friends on PC, console, or a smartphone with full native cross-platform compatibility! If you encounter any exploiters, please report them in the community server. Proof of exploiting will result in a ban from the game. The Cube awaits a new champion."
5422546686,15696848933,[🍁] Horse Life,Sonar Studios,Group,2919215,Adventure,Roleplay & Avatar Sim,Pet Care,2023-12-21T01:01:32.093Z,2026-10-04T21:28:03.47Z,30,,2026-10-06T20:21:17Z,"Ride, explore, and build your dream stable in a vibrant world of horses! 🐴 Tame wild horses, discover rare species, and breed them to create your perfect companion. Will you build the ultimate stable? 🆕 New: 🍁 Autumn Semester 4! Harvest Moon Fae subspecies + Mushella! 🍄🐈 Plus new Autumn equipment theme! 🌟 More QOL! 🦋 Monarch Butterfly like goal rewards! THANK YOU FOR 480K! 🧡 🏠 Home System — build and decorate your own space! 🐎 Breed horses together and discover their unique traits and personalities! 🗺️ Explore 3 maps — Main World, Market World and the Competitor Hub! 🌟 Meet NPCs with quests and stores! ⚡ Discover rare Horse mutations including the Astral! 🏆 Compete in races and activities! 🌿 Seasonal events and deep customization options. Tags: Horse, Unicorn, Pegasus, Pony, Fantasy, Racing, Breeding, Taming, Roleplay, RPG, Pets"
5451143054,15768329004,IT GIRL 🏝️,IT GIRL Magazine,Group,33493300,All,Roleplay & Avatar Sim,Dress Up,2023-12-27T08:43:41.693Z,2026-10-04T14:17:58.868Z,14,,2026-10-06T20:21:17Z,"Welcome to IT GIRL, a fashion game inspired by Bratz where you can dress up to your heart's content! Use code ""ITGIRL"" for 250 diamonds to get started! 🎀 Use code ""HAPPY250M"" for 1000 diamonds!"
5456952508,15784744207,Valley Prison,Valley Prison,Group,33269521,All,Action,Open World Action,2023-12-28T16:47:53.17Z,2026-09-27T00:23:48Z,50,,2026-10-06T23:48:08Z,"Welcome to Valley Prison! A ""realistic"" prison role-play experience. 🎆 Latest Updates: (4/15/2026) + Added an icon above peoples heads if they cannot chat with you + Patched a few exploits You can play as: - Inmate ; ESCAPE! - Corrections ; PROTECT! - Escapee ; ATTACK! - Civilian ; EXPLORE! - State Police ; ENFORCE! 🔔 Follow the game to receive update notifications. 🎮 Join our Roblox group for more info! 💬 Join our Communications Server for Bans, Reports, etc. Tags: Valley Prison, County Jail Roleplay, County Jail, Prison, Jail, Prison Life, Jailbreak, Prison Roleplay, Roleplay, CJRP, VPRP, Valley, County Jail Roleplay, Prison Life, Redwood Prison, Military, Prisoner, Inmate, Corrections, Guard, REVAMP, Game, Cops and Robbers, Valley Prison Roleplay,"
5488708927,15873244701,The Eternal Abyss,bLockerman666,User,291098593,All,Obby & Platformer,,2024-01-04T22:15:21.77Z,2026-10-06T13:52:08.8587825Z,25,,2026-10-06T20:21:17Z,">>> The Eternal Abyss is a very difficult game with little-to-no handholding. Losing progress and raging is a part of the game which should be expected. <<< This game houses towers that intend to push the limits of difficulty and human capability. Do not expect to have an easy time with the content provided in these areas. There are also numerous branching areas from The Eternal Abyss with different styles of towers such as Pit of Misery, Timeless Manor & Starry Night, with more to come. Originally a reiteration of Pit of Misery from Eternal Towers of Hell (EToH). The goal is to have 50 towers in each area of the game."
5508238359,15930174396,The Dank Murderer X,Uncle Davey's,Group,4626926,All,Survival,1 vs All,2024-01-09T20:02:06.427Z,2026-10-03T05:06:33.49Z,12,,2026-10-06T20:21:17Z,Welcome to TDMX! This is a unique murder game with lots of new roles to play as!
5550530788,16057679366,easiest game ever!,robey100,User,19422624,All,Puzzle,,2024-01-21T02:48:36.573Z,2025-12-19T22:45:39.937Z,1,,2026-10-06T20:21:17Z,"It may seem easy, but can you reach the end? 🏆 Can you get every ending in the game? Think outside the box and explore the world to find out how many secrets are waiting to be found! Try everything! 🏆 Ending badges will only be given an icon once 1,000 people have obtained it. 🏆 There are currently 95 endings to find. ⚠️ Some endings are temporarily disabled and will be added as soon as they are rescripted! I'm currently rescripting the entire game!"
5568657754,16115051360,Gun and Armor Testing,Noob Head Productions,Group,15044596,FPS,Shooter,,2024-01-26T01:11:05.427Z,2026-09-10T01:09:40.143Z,6,,2026-10-06T23:48:08Z,"Welcome to Gun and Armor Testing! Here you can practice your fps skills, try out different armor, and test the performance of various guns and other weapons. Over 100+ guns to test! KEYBINDS: Left Click: Fire Right Click: Aim R: Reload C: Crouch/Prone X: Stand V: Switch gun mode Shift: Sprint M: Inspect Mag N: Toggle night vision goggles Z: Focus mode T: Aim zoom H: Activate attachment 1 J: Activate attachment 2 [: Turn accuracy distance down ]: Turn accuracy distance up Scroll (while aiming): Change sensitivity Note: As this game is still in development, there may be bugs and glitches. Your feedback is significant in helping us improve the game! Tags: Gun, FPS, ACS, Milsim, Tactical, Breach, Testing, Gun Testing, Armor, Range, Breach, Shooter, Gun Test, Armor Testing, Night Vision, Ragdoll, Mode."
5569032992,16116270224,🎃 Dandy's World [ALPHA],BlushCrunch Studio,Group,14576965,All,Survival,Escape,2024-01-26T03:52:09.063Z,2026-10-06T16:47:50.9433478Z,35,,2026-10-06T20:21:17Z,"Dandy's World is a Mascot Horror Survival Multiplayer game where you must team up with fellow Toons to complete machines and descend deeper into Gardenview Center. ✧---✧ Are you ready to 'See A Very Exciting and Unforgettable Show'? Look no further as Dandy and the Gardenview Crew are ready to give you a performance you don't want to miss! (⚠️ DISCLAIMER: Experience may include bright/flashing lights and may affect photosensitive users. ⚠️) (⚠️ DISCLAIMER 2: The game is still in Alpha, so expect bugs and shutdowns! Report any bugs you find to the BlushCrunch Studio Server! ⚠️) ✧---✧ 🌻 - Collect Toons with unique stats and abilities! 🫧 - Complete Machines and collect Research on what lurks below... 📦 - Collect Trinkets to customize your playstyle! ✧---✧ VERSION 0.29.1 - 2 limited-time Halloween Floors! - New Haunted Gala Floor Event! - Gourdy's Event Shop Returns & New Spooky-time Skin Pack! - Soulvester Ability Rework & Twisted Changes"
5576955991,16141898262,[🗺️] Sail and Sink Simulator! UPDATE,PokeCrafterC,Group,32500444,All,Simulation,Physics Sim,2024-01-27T22:37:53.75Z,2026-10-03T18:32:01.892Z,10,,2026-10-06T20:21:17Z,"Sail and Sink Simulator! [ᴏʀɪɢɪɴᴀʟ] Explore the ocean and experience realistic sinking physics in an open-world destruction sandbox! Dynamic sinking: ships sink depending on where they are hit, lights can flicker, boilers may explode, fires can spread, and wrecks slowly corrode underwater. 🌊 Travel through islands, icy regions, rocky waters, and areas filled with sea mines. Discover hidden wrecks, complete quests, level up, and unlock detailed ships! [ᴛɪᴘ] Create a private server for best performance 📈 HISTORICAL CONTENT NOTE Sail and Sink Simulator is a fictional, player-directed maritime sandbox. It does not recreate any specific real-world disaster, voyage, victims, or casualties. Its ships combine original vessels with stylized historic designs, while sinking scenarios result from dynamic gameplay and fictional hazards. No affiliation with any real-world entity or rights holder is claimed. Tags: sinking ship destruction realistic sinking ocean exploration"
5578556129,16146832113,Anime Vanguards: Wrathful Assault,Kitawari,Group,17219742,All,Strategy,Tower Defense,2024-01-28T07:09:39.507Z,2026-10-06T23:51:19.2587735Z,24,,2026-10-06T20:21:17Z,Welcome To Anime Vanguards! ✨ All the worlds and universes need your help! An event has caused multiple worlds to collide. Summon units to fight these enemies and save these worlds and embark on a thrilling journey to become the strongest! ✨ 🚀 Summon units to fend off enemies! 🤩 Level Up and Evolve units to strengthen them for more battles to come! 🔥 Play with your friends to fend off enemies in multiple game modes!
5580972377,16154918775,[RANKED] 💥 BUCKSHOT,crookit,Group,33645148,Horror,Strategy,,2024-01-28T18:36:04.97Z,2026-10-03T13:41:37.839Z,24,,2026-10-06T20:21:17Z,"Loaded shotgun. Mixed shells. Your move. Take turns with a shotgun loaded with lives and blanks. Shoot your rival, or risk a blank to keep the turn. Count every shell that's spent, play the odds, and lie to their face. 🔫 Duels and brawls Tense 1v1 duels or 4-player tables where nobody trusts anybody. 🎒 Items Peek shells, rack one out, handcuff rivals, heal, invert a shell, or steal what they were saving. Every item flips the round. 🏆 Ranked Climb from placements to the top of the ladder. Seasonal ranks, exclusive titles, and a global top 100. 🎨 Skins and titles Win cash, open cases, unbox skins from Common to Contraband and beyond. Rare drops roll a TrakStat module that counts your kills. Collect animated titles, level up, clear daily quests. 💱 Trading Trade skins and titles with anyone, or hit the Trading Hub to hunt for limiteds. Some guns only exist in the double digits. 👍 Like the game and join our group for a free Deluxe Case + cash."
5595353122,16205713724,Slayers 2,Ouw Productions,Group,12851171,All,RPG,Action RPG,2024-02-02T04:01:23.877Z,2026-10-06T23:01:33.7666691Z,1,,2026-10-06T20:21:17Z,"📱🎮 Mobile and Console users can edit their Aim Assist sensitivity in settings. 📱Mobile users can Toggle Shift lock in the top right corner 📱Mobile users can change the size of their buttons in settings 📱Mobile users can move their buttons around by activating the edit mode at the top left of your screen. Once in edit mode tapping a button resets it to it's base position. ⚔️ Become the blade that fights Evil Spirits, or the Evil Spirit that hunts them. Survive the Selection and master your style, or give in to the darkness and awaken your Evil Art. Slay monstrous bosses, partake in deadly raids, and uncover secrets hidden in the shadows. 🤫 Slayer or Evil Spirit, your legend begins here. 🔥"
5599532653,16220287667,(G-MAN REWORK) Strange Bathtub War,Strange Bathtub War Group,Group,33369858,All,Roleplay & Avatar Sim,Morph Roleplay,2024-02-03T06:10:03.047Z,2026-10-06T19:08:05.1297837Z,50,,2026-10-06T23:48:08Z,"Be a stranger or a good guy!!111111 First game with 1000 visits I really appreciate it, I really do First game with 1M visits I really appreciate it, I really do UPDATE 14.75 PART 3: - Reworked G-man 1.0 - 3.0 - Reworked G-man Decoy - Reworked G-man Clones - Added Custom Astro Upgrades for G-man Clones (credits to asdf, Poisonous. B , Developer_Engine, Suited_Dev , nugget, MassiveHit, epicyes15, gecko, astralys, hooda, Silly_Fella and FStudio)"
5620182793,16288616721,[W72] Skateboard Obby,Gorilla Obby,Group,33840175,All,Obby & Platformer,,2024-02-08T18:00:14.253Z,2026-10-02T04:26:23.644Z,20,,2026-10-06T20:21:17Z,"🏁NEW PERMANENT GAME MODE: FLEE MODE! 🏆FREE UNIQUE BOARD IF YOU WIN IT! 🏆NEW BATTLE PASS SEASON WITH FREE REWARDS 🌎WORLD 72 🌎SUMMER WORLD 🪙COLLECTIBLE EVENT IN SUMMER WORLD 🛠️This game is currently in ALPHA state which means that every aspect is a subject to change🛠️ Enjoy gamepasses/boards at 20-50% OFF for a limited time! Get an electric hoverboard by inviting friends! Tags: Obby, Skateboard, Obstacle Course, Fun, Skateboard Obby, Skate Obby, Parkour, Race, Skateboard Race"
5633615594,16331682055,Poke Haven 🔊 18+,Lit,Group,2757172,Town and City,Social,,2024-02-11T17:23:42.017Z,2026-10-04T05:18:14.459Z,67,,2026-10-06T23:48:08Z,"⭐️Welcome to Poke Haven 18+!⭐️ 🚨 Poke Haven is more than just a game; it's a fun place to connect with fellow players, forge lasting friendships, and create unforgettable memories through voice chat. Come on down, grab a virtual drink and let the good times roll! 🎮 ALL Platforms Supported 🎮 If you like the game, be sure to leave us a 👍 and ⭐! (Disclaimer: Please note that this game is for entertainment purposes only and does not promote real-world risks.)"
5650396773,16389395869,a dusty trip [🚗SEASON],Jandel's Road Trip,Group,33097934,Adventure,Adventure,,2024-02-16T13:36:10.163Z,2026-10-04T05:35:19.908Z,25,,2026-10-06T20:21:17Z,"Press R to start engine 🚗 Welcome to ""Dusty Trip,"" where adventures never cease! Embark on an epic journey through vast desert landscapes, where the road stretches endlessly before you. 🏜️ Immerse yourself in the desert scenery, with the hum of your engine as your only companion as you traverse the boundless expanses. Take the wheel of powerful vehicles, each designed to withstand the challenges of desert terrain."
5665943560,16446142514,The Ground is LAVA 🔥,Banana Studios Something,Group,16984635,Adventure,Survival,,2024-02-20T05:10:57.917Z,2026-07-16T20:00:19.687Z,16,,2026-10-06T23:48:08Z,🔥 Quick! The floor is LAVA and its RISING! Can you survive? 🔥 🏆 Work with friends to survive the rising lava! 😂 Unlock awesome items to TROLL others! Please 👍 and ⭐️ the game for more updates and items to buy!
5666473198,16447934574,[🎃] Soccer: Touch Football,Touch Games,Group,10546822,Sports,Sports & Racing,Sports,2024-02-20T10:27:21.577Z,2026-10-05T16:03:12.3879323Z,10,,2026-10-06T20:21:17Z,"Enjoy fun football/soccer matches with friends, featuring realistic ball physics and skill-based gameplay. 🔥 Shoot, pass, and score with precision 🏆 Compete in ranked matches & tournaments ⚡ Master timing, power, and angles 👥 Play with friends or against real players Become a top player and dominate the field. Controls: WASD = Move Space = Jump Double Space = Salto E = Emote"
5677613211,16480898254,Eat the World,mPhase,Group,10587104,All,Simulation,Incremental Simulator,2024-02-22T22:26:18.447Z,2026-10-04T22:46:37.481Z,8,,2026-10-06T23:48:08Z,"If you don't like fighting, private servers are free! You can also skip maps and pause the timer with the button on the bottom left. Eat the world, one chunk at a time! Grow bigger by eating, earn money to buy upgrades, and throw chunks of dirt at people!"
5679753654,16488030559,Protect the King 👑,Funcomofficial,Group,33843295,All,RPG,Action RPG,2024-02-23T13:53:31.527Z,2026-06-16T11:58:51.427Z,50,,2026-10-06T23:48:08Z,"Protect the King 👑 The World is in chaos! Shuma-Gorath has awoken and monstrous hordes surge across the lands. Defy the darkness and join forces with Conan the Barbarian in this brutal co-op wave survival game. Every blade counts! 🛡️ DEFEND the king and FIGHT against hordes of enemies! ⚔️ VENTURE through the World of Hyborean age! 🎖️ LEVEL UP your character and gear! 🤝 TEAM UP with friends and fight together in co-op! 🩷 LIKE & STAY TUNED for more updates! © 2024 Conan Properties International LLC (""CPI""). CONAN, CONAN THE BARBARIAN, CONAN THE CIMMERIAN, HYBORIA, ROBERT E. HOWARD, and related logos, characters, names, and distinctive likenesses thereof are trademarks or registered trademarks of CPI or Robert E. Howard Properties LLC. All Rights Reserved. Used with permission. Funcom and the Funcom Logo are trademarks of Funcom Oslo AS Tags: fighting, sword, defence, king fight, god, defence, defense, survival"
5688684783,16518256559,Mega Obby Fun,ManiaGames,Group,33479457,All,Obby & Platformer,Classic Obby,2024-02-25T09:57:24.6Z,2026-09-23T18:58:29.094Z,20,,2026-10-06T23:48:08Z,"Welcome to Mega Obby Fun Call your friends and have fun in more than 150 stages of Easy Obby Winner: Magic Carpet as a gift in the last stage. Updates: We will constantly increase the stages. Like and favorite the game for updates Thanks for playing Obby Like Mega Obby Fun👍 Favorite Mega Obby Fun ⭐ Follow: @Gargula85 https://www.roblox.com/users/3710836848/profile Join our group: https://www.roblox.com/groups/33479457 Tags [Ignorar]: RTHRO, bruh , fun obby , oby , rainbow , long , popular , super , really , easy , fun , funny , mega , free , noob , lava , jumps , jump , jumping , anime , dragon , ball , gacha , building , military, stairs , naruto , anime , fun , cart , ride , obstacles, Obby , Parkour , Obstacle Course , Parkour , Parkour Obby, Rainbow , Parkour , tix , Easy , Easy, New, simulator , survive , survival, Wednesday, Parkour, Obby, Fun, Easy, Parkour Obby, Obstacle Course, Pomni , TADC"
5720553711,16625391970,NewSmith 🏡 RP,ARKverse office,Group,33941191,Town and City,Roleplay & Avatar Sim,Life,2024-03-04T14:44:04.163Z,2026-10-06T17:39:13.9076568Z,28,,2026-10-06T20:21:17Z,Welcome to NewSmith🏡! This is a more authentic world. We live in this small town with friends and family.👪 Thank you for playing! Join our group ⭐ and Like the game 👍 to get a Toy Car! We will have more interesting updates! 👶 Play with your NPC family！ 👔 Playing various professions in the small town! 🏠 Build your dream home! 🚗 Drive a car to go camping! 📱 Use your phone to stay in touch with friends! 🛍 Go shopping with friends! 🏖️ Leave your mark on the beach! 👋 Are you ready to embark on the journey of NewSmith? Private Server Benefits: -Customize Weather -Custom Time -Flight Function -Kick Player
5728147388,16653555262,[W10] Rope Swing Obby,Forsix,Group,33974489,All,Obby & Platformer,,2024-03-07T08:30:49.26Z,2026-06-06T05:18:05.987Z,20,,2026-10-06T23:48:08Z,"Warning: Controls may be hard to get used to. Test your skills in this high-flying obby, where ropes are your only way to parkour through thrilling adventures! Swing, jump, and soar through challenging obstacle courses that will push your precision to the limit. --------- Benefits: 🎁Join the group for up to 100% extra crates rewards and 1 free daily skip! 🌟Premium players will have access to Premium crates, 100% chance to get 100% extra rewards from Premium crates, and an extra daily free skip! --------- Latest (USE PRIVATE SERVERS FOR LASTEST UPDATES) +🎄Winter World 2 +🛠️Fixed leaderboards not updating +📦Fixed W10 not accessible to W8 --------- Console Controls 🎮: □/X replaces Q △/Y replaces E --------- And Lastly: Please leave a like 👍 if you enjoyed the game! It would be a huge motivation for me!"
5750914919,16732694052,Fisch 🎂 [BIRTHDAY],Fisching,Group,7381705,Adventure,Simulation,,2024-03-13T15:03:39.63Z,2026-10-05T07:02:59.322Z,20,,2026-10-06T20:21:17Z,"🦈 Welcome to Fisch 🦈 Dive into Fisch, the ultimate fishing adventure where exploration and progression are yours to control. Cast your line to catch rare and unique fish, each with 400,000+ possible variations. Explore a growing world with your trusty rod, and maybe even reel in some new friends along the way! [How To Fish] • Hold down to cast your bobber • Await a bite. You can ""shake"" your rod to attract fish faster • When you have a bite, hold down or click to pull the white bar. Follow the blue line to the best of your ability; it's okay to mess up a few times! • When the progress bar on the bottom is full, you'll reel in your catch!"
5795519964,16867505761,Escape Angry Head,Shestvie Official [RU],Group,33179020,Horror,Survival,Escape,2024-03-25T12:44:11.873Z,2026-10-03T00:23:32.999Z,6,,2026-10-06T23:48:08Z,"🔴UPDATE: 👕Free Catalog Avatar🛍️ Run from the Angry Head!🗣 The game has 12 main stages, 2 event stages, and 1 Boss Battle stage. Complete them all and get rewards!🎖️ Likes = Update Game progress is saved!💾 The head is called ""Do You Speak English?"", it was created by ""СМЕШНЫЕ ЦЕНЫ UGC"" (IvanIzmestev). We want to thank him from the bottom of our hearts! 🔔Our group: https://www.roblox.com/groups/33179020 ✔Follow the creator: https://www.roblox.com/users/296250657/profile 🎮Our NEW game: https://www.roblox.com/games/127737908858963/Escape-Moving-Head tags: Obby, Survival, Maze, Comedy, Horror, head, angry, Escape, karen, побег, обби, злая голова, Ванечкин, ду ю спик инглиш"
5805053299,16901389020,Web Rush,Punk Society Games,Group,34069436,All,Action,Open World Action,2024-03-28T03:46:28.747Z,2026-09-30T03:03:49.094Z,30,,2026-10-06T23:48:08Z,"Early development, expect lots of bugs, come join the server for announcements! 🕷️ Defeat thugs and swing to receive cash, use cash to buy new suits! PC Controls: [Left Click] Attack [X] Air Tricks [Shift / Right Click] Zip to Point / (Hold) Swing [Ctrl] Dodge [C] Dive [Space] (In air) Web Zip [V] Camera Lock Credits: Dierythros (Scripts, UI) • remiel45 (Animations, GFX, UI, Map) • Brettski (Suits, Animations) • (Scripts) Dp02 • MQDev (Suits, Map) • S_Prototype & HeYoNia (Buildings) • Map Team: j4zuwastaken, BigSmellyGremlin, artuzkii, Blocky_Angle, NinjaRailey, ramapogi10, Bl0Xhead2, FearRC, rgee123• Suits: LordMarcoSama (egaayodya) & Kholffyy, lalo6589 • Artists: Jashhiroo, KaionJNullans, RAMARIDRIP, CivilaDawn • Lighting: dissonance v0.11"
5806843156,16907212609,"HELLO, NEIGHBOR [ACT 3]",pantrill,User,319360208,All,Survival,Escape,2024-03-28T15:14:57.577Z,2026-06-16T18:48:56.864Z,8,,2026-10-06T23:48:08Z,I like hello neighbor so much this is why I made this game Credit to: Pradzuhs for the Neighbor and Player model and rig RedFretFulXavier for the painting of Neighbor in Player's house Salamance and TheOnyx for making Those Nights at Fredbear's fangame which got us the iconic Fredbear model Sdalt for the original Hello neighbor mod
5807622548,16910059756,RV Cooked? [UPDATE],Cebrail's Studio,Group,33201221,Adventure,Adventure,Exploration,2024-03-28T19:00:10.47Z,2026-10-03T07:03:19.433Z,16,,2026-10-06T20:21:17Z,This game is WIP you may have some bugs along the way. We’re actively working hard to make the game better every day! Group Link : https://www.roblox.com/communities/35816992 Join our group to get exclusive free rewards and stay updated on new features and events!
5812546130,16927467487,"[UPD 3] West Coast, Florida",PolyCore Games,Group,32072807,All,Simulation,Vehicle Sim,2024-03-29T21:06:47.493Z,2026-10-05T01:39:41.985Z,25,,2026-10-06T20:21:17Z,"🌴 Welcome to West Coast, Florida! 🌴 Make sure to 👍 Like, ⭐ Favorite, and 🔔 Follow for updates! 📌 West Coast, Florida is based in a small town off the coast of Florida, with tons of RP! Drive boats, supercars, work at the local bait shop, or head out early in the morning to go fish at the oil rig! There is tons to do, come play! ➕ Recent Updates - Boat delivery job! (open phone to access) - New Cars - New Boats ❗If you encounter any bugs or have any suggestions or would like to talk to our community, join by the social links below. -- tags: boating, boats, florida, water, ocean, cars, revamp, west"
5822068820,16962279458,☀️ KOYA DANCE STUDIO,KOYA CREATIVE,Group,33267269,All,Roleplay & Avatar Sim,,2024-03-31T22:55:30.92Z,2026-10-04T22:48:16.671Z,50,,2026-10-06T23:48:08Z,"Dance and roleplay being a KPOP STAR! 💃🕺, collect photocards, create groups, and participate in dance competitions! Experience various genres worldwide: American, K-POP, and VOCALOID!"
5829613337,16991287194,something evil will happen,larvae studios,Group,10627495,All,Survival,,2024-04-03T03:00:22.81Z,2026-10-03T21:24:55.121Z,20,,2026-10-06T20:21:17Z,"You just can't shake the feeling that something evil will happen. something evil will happen is a disaster-survival game heavily inspired by classic games in the same genre. 🌩️ DISASTERS - Each round, a randomly chosen disaster will accompany opposing players in trying to take you down! 💣 GEAR - Earn Dosh to purchase Gear! Sabotage your opponents, keep yourself alive, or save others from their demise! ☀️ GLORY - Use your skills to fight and survive, building Heat throughout the round. The more Heat you have, the more Glory you earn!"
5844427042,17045823120,Sierra Mexico🔥,The Code Apprentices Indie,Group,33514525,All,Action,Open World Action,2024-04-07T02:53:12.57Z,2026-10-04T08:21:25.56Z,44,,2026-10-06T23:48:08Z,"Sierra Mexico! 🔥 Choose a faction, capture territories, and dominate the city alongside your team in an action-packed open world. 🚗 Drive realistic vehicles, armored vehicles, and turreted units. 🚁 Pilots helicopters and airplanes. 🔫 Use rifles, sniper rifles, machine guns, rocket launchers, and more. 🦺 Equip uniforms and accessories from your faction. ⚔️ Participate in combat, defend zones and conquer strategic points. 🌎 Explore a map inspired by Mexico, optimized for different devices. 💻 Compatible with computer, console, mobile and tablet. 🛡️ Active moderation."
5866227438,17121846721,Build with Friends,Tsunami Disaster,Group,34127367,All,Simulation,Sandbox,2024-04-13T02:06:53.06Z,2026-10-03T05:27:55.309Z,9,,2026-10-06T20:21:17Z,"Welcome to Build with Friends 🔨, the Best building game on Roblox! Collaborate with the server to build amazing builds in the center of the map or build with your friends and build your dream base! 💾 Your Builds Save! ⚒️ Invite your friends to build together! 🏠 Build your dream House! Be sure to Join the group & 👍Like the game! Game Rules, be sure to follow them! 🔨 1. All builds and creations must be appropriate for the Roblox platform. 2. No Griefing, — Don’t go around ruining other people’s builds 3. Be nice to others."
5887211857,17192092512,Deermont 🏡RP,Town of Deermont,Group,33126146,All,Roleplay & Avatar Sim,Life,2024-04-18T21:26:51.113Z,2026-09-25T16:00:18.888Z,30,,2026-10-06T20:21:17Z,══ UPDATE (July 03) ══ 👍 Like + join the group to get free Offroader Vehicle. Thank you for supporting the game! 👮 New Jobs System! 🏯 Japanese House! 🏆 VIP now includes an extra NPC slot! 🏍️ Free Sidecar Motorcycle - unlock it by playing with a friend! Welcome to Deermont! A town where you can BE ANYONE and DO ANYTHING. 👋 Will you... 👪 Adopt and raise 💰 Rob the bank 👮 or join the police? 🏡 Decorate your mansion 🚶 or live homeless? 🏎️ Race cars 🐎 or horses? 🕵️ Discover the Secrets of Deermont Your story starts now. ======== 💖 Made with love by our small team. Thanks for playing Deermont Roleplay! We're just getting started - lots more to come!
5903289376,17255098561,The Corner 🔊,West Corner,Group,15109848,Town and City,Social,,2024-04-22T15:49:26.94Z,2026-09-23T02:28:15.114Z,65,,2026-10-06T23:48:08Z,"Welcome to the Corner! This is a social hangout voice chat game. How to get reputation? -> Make comments on other players -> Receive comments from other players -> Just play the game! 18+ Version: https://www.roblox.com/games/120877422888162 𝐃𝐞𝐯𝐢𝐜𝐞𝐬 PC, Mobile, VR, Console 𝐋𝐚𝐧𝐠𝐮𝐚𝐠𝐞𝐬 English, Spanish, French, Portuguese, German, Arabic, Chinese, Russian, Indonesian, Vietnamese, Polish, Thai, Turkish, Japanese, Korean, Tagalog 🔊 (VC) Voice Chat is required."
5905501282,17262338236,Wordie🧩,Puzzle Empire.,Group,34241464,All,Puzzle,Word,2024-04-23T09:25:06.453Z,2026-10-05T16:32:03.6935265Z,12,,2026-10-06T20:21:17Z,"🧩🎉Welcome to WORDIE where you have to guess a 5 letter word in 6 attempts. Guess the hidden word in six tries, guided by color-coded clues: green for correct letters in the right spot, yellow for correct letters in the wrong spot, and grey for incorrect letters. Challenge yourself and see how many words you can solve! 🧠 😊Most Relaxing Game on Roblox 👍If you like the game please consider giving a thumbs up and a favorite, it helps me a lot! Inspired by NYT Wordle Tags: wordle,word,word game, guess word"
5927446137,17324489187,Subconscious [Horror],Mrflapjackie,User,159990782,Horror,Adventure,Exploration,2024-04-29T00:34:17.65Z,2026-07-21T04:16:29.235Z,21,,2026-10-06T23:48:08Z,"Current Episodes: 2 A liminal themed horror game with exploration, puzzles, secrets, and entities. After being on the brink of insanity due to being unable to dream for so long, you seek assistance in the form of medicine. Your dreams are now more vivid than ever but you must find a way to wake up before they consume you. **Inspired by Interliminality and Apeirophobia.** Join the group: https://www.roblox.com/communities/15487424/Pancake-Studio#!/about For best experience🕹️ Play with max graphics Wear headphones This game contains flashing lights and jumpscares and may not function as intended on low-end devices Play with up to 6 of your friends with Mobile, Console, and PC support! TAGS: Liminal, Horror, Scary"
5944821008,17371491481,🚨 Birmingham Vehicle Simulator,Birmingham Vehicle Simulator,Group,33732075,All,Simulation,Vehicle Sim,2024-05-03T17:33:20.49Z,2026-10-06T19:26:37.8882665Z,50,,2026-10-06T20:21:17Z,"🇬🇧 Welcome to Birmingham Vehicle Simulator 🇬🇧 🏙️ Explore England’s second city with detailed busy city-centre roads. 🚕 Complete taxi jobs by transporting NPC passengers across the city. 🚍 Drive double-decker buses, follow schedules, & unlock new vehicles. 🚑 Respond to NPC emergencies as part of the emergency services. 🏁 Take part in organised street races across the city. 🚓 Build a wanted level by breaking the law — police will respond dynamically. 🎨 Customise your vehicles with unique wraps & play alongside other players. All rights reserved. Other trademarks referenced are the property of their respective owners. Use of these marks does not imply affiliation or endorsement."
5972059550,17450551531,[🛡️CLANS] Gym League,1v2 Studios,Group,34287998,All,Simulation,Incremental Simulator,2024-05-10T23:19:30.19Z,2026-10-06T23:43:26.4874299Z,8,,2026-10-06T20:21:17Z,Welcome To Gym League! 🔥 A Bodybuilding Simulator with realistic muscle physics and competitions. 🤞 Great RESET has BEGUN! We are BACK TO WEEKLY UPDATES 🤞 🏋️‍♂️ Train Muscles! 🏁 Join Competitions! 💪 Unlock Bodies! 💥 Reroll Auras! 🌟 Open New Gyms! 🏅 BECOME THE BEST! Join our Group and Like the Game for special in-game rewards!
5974860429,17457986005,[ENDLESS] The Noob Experiment Battlefront,The Noob Experiment Battlers,Group,35835282,All,Action,Battlegrounds & Fighting,2024-05-11T13:51:14.72Z,2026-04-25T03:05:05.454Z,12,,2026-10-06T23:48:08Z,"(Inspired by Noob Experiment series by @KADENM88 aka Flippidee and Super toilet brawl) credits to ST: Blockade Battlefront for inspiring the intermission shop idea A game where you fight against various enemies including failed noob experiments, bacon hairs... Each race will have it's own titan and special traits. ⚔️ - Fight with experiments that had turned evil and defend the Roblox team 🔑 - Earn keys to unlock new characters 🥳 - Have fun! ⏳ - Time Essence spawns every hour and despawn after 20 minutes New update: - Endless mode"
5995470825,17516596118,[🎃BATTLEPASS] Hypershot,Frosted Studio,Group,3385385,FPS,Shooter,Deathmatch Shooter,2024-05-17T04:08:24.07Z,2026-10-06T08:22:36.5449289Z,17,,2026-10-06T20:21:17Z,"✨Welcome to Hypershot!✨ Jump into our intense and fast paced first person gunfight shooter where skill, style, and chaos rule supreme! 🏆Dominate in intense classic gamemodes such as Team Deathmatch, Capture the Flag, Free for All, and Gun Game (Arsenal). 💥Team up with friends to challenge rivals to 1v1 or 2v2 duels 👑Climb the ranks to reach the leaderboard! 🌀Master your abilities to outmaneuver and outplay your enemies! 🔥Earn coins and gems to unlock new weapons, skins, abilities, and so much more! 🎮Available on PC, phones, tablets, and console ❤️Made with love by Frosted Studios ⚠️CHEATING OF ANY FORM WILL RESULT IN A BAN ON ALL ACCOUNTS⚠️ *Disclaimer: You will not receive cases in bundles if you live in a country that do not allow the purchase of cases"
6010232141,17556820024,Untitled Fling Game,0xDev,Group,33703943,All,Simulation,Physics Sim,2024-05-20T11:51:53.913Z,2026-10-06T23:03:55.208342Z,25,,2026-10-06T20:21:17Z,"🗣️ Welcome to Untitled Fling Game! The game is under active development, we will be glad to have your help! 👀 How to Play: 🤯 Jump in and FLING EVERYTHING 🧱 Grab items 📦 Spawn stuff 💥 Fling yourself and other players 😄 Mess around and hang out with friends 👍 LIKE THE GAME 🤝 | If you find a bug or have an idea for a game, please write to #forum 🔗 | Join our communications server for updates! Inspired by Mori 'Fling Things and People'"
6015491985,17571821642,Math Tower Race,Team Ry LLC,Group,34341414,All,Party & Casual,,2024-05-22T00:09:54.93Z,2026-09-24T22:17:40.701Z,8,,2026-10-06T20:21:17Z,"Show off your math skills! The faster you answer, the more blocks you earn! ✨ Create a free private server to play with friends and customize problems! ❓📖 Practice recent questions in the Review tab!"
6017624138,17577256698,Hutan [Voice Chat],SynthDan,User,400709656,All,Social,,2024-05-22T14:35:26.06Z,2026-10-06T20:22:37.5533516Z,45,,2026-10-06T20:21:17Z,"Welcome to Hutan [VC] - The original and classic voice chat experience! Immerse yourself in a peaceful environment where you can relax, explore, and connect with friends. Set the graphics to high for the best experience. Platform support [PC, Mobile, Console, VR]"
6019027471,17581668152,Nitro Car,TypStef,User,412563323,All,Simulation,Vehicle Sim,2024-05-23T00:09:57.89Z,2026-10-06T23:50:35.3292952Z,12,,2026-10-06T23:48:08Z,"UPDATE 🌎5 New Maps, Photogrammetry 🚌3 New Vehicles ⚙️Throttle Volume System 🔄Steering Button UI or Steering Wheel UI, you can now choose Welcome to Nitro Car It's all about having Fun Driving around! 🔥Enjoy the Cars and Badass Power of the Nitrous🔥 Roblox Plus Benefits: Free Exclusive Car Dev/Owner: TypStef Dev/Co-Owner: TypKris"
6026405541,17600423422,🍁 10 Player Flee,the workshopᅠ,Group,34352766,Horror,Survival,1 vs All,2024-05-24T20:31:30.283Z,2026-10-06T19:45:07.1317565Z,10,,2026-10-06T20:21:17Z,"Run from the two beasts, hack the computers and escape! Now with 8 survivors, 2 beasts! 📄 Latest Update [09/27/26] 🍂 Fall Part 1 update is here! ☀️ Mega Dawn Bundle featuring the Solarflare Set 💎 New Double Jump Recover VFX for select gems 🎵 Unique map music added to every map 🖥️ Full UI redesign & overhaul across the entire game 📱 Full mobile control customization with movable & resizable buttons 🔥 New Daily Streak system with up to +20% Coins & XP 📌 Pinned Quests & new Objectives Sidebar 💱 Trading overhaul, Saved Sets & Private Server Presets ⚡ Ability changes for Stalker & Leaper 🗺️ Multiple map gameplay, visual, barrier & optimization updates This experience is an expanded, fan-made version. All assets within this experience are originally made. Credits: Epixios - Scripting, UI, Animations HippocratesII - 3D Modelling, Building shufiji - 3D Modelling, Building, Graphics Five5Hertz - Lobby Music and special thanks to all contributors and testers!"
6035872082,17625359962,RIVALS,Nosniy Games,Group,3461453,FPS,Shooter,Deathmatch Shooter,2024-05-26T16:47:48.617Z,2026-09-25T19:38:40.841Z,40,,2026-10-06T20:21:17Z,"Welcome to RIVALS, the most intense first person shooter game on Roblox! Challenge other players in 1v1 to 5v5 FPS duels where the first to 5 wins! 🏆 SURPRISE UPDATE - Thank you for helping us win BEST STUDIO & BEST SHOOTER! 🎉 Enjoy the limited-time reward codes! ❤️ 🔫 Challenge someone by stepping on a duel pad! 🔑 Earn keys to unlock new weapons & skins! 📜 Complete contracts to unlock exclusive rewards! 🏆 Show off your win streak and climb the leaderboards! 🎮 Available on Desktop, Phones, Tablets, XBOX, & PlayStation 5! 💜 Like and join the group for exclusive rewards! ⚠️ WARNING: Cheaters will be permanently banned with no second chances, our anticheat & moderators will catch you. Abusing glitches & using sketchy farming methods are also not allowed! 🏆 RIA25 Best Shooter Experience! 🏆 RIA26 Best Shooter Experience!"
6048923315,17662297954,[🌀Sky Manipulation] KAIZEN,Lajebo Games x Kaizen,Group,34378400,All,RPG,Action RPG,2024-05-29T22:53:46.727Z,2026-10-06T14:46:50.726381Z,14,,2026-10-06T20:21:17Z,"Welcome to the world of KAIZEN! Navigate & discover hidden secrets, help those in need, and hone your Cursed Technique as you carve your own path to become the best Jujutsu Sorcerer of all time. CODES : NewSkillTree! > ☁️Sky Manipulation - report issues & give us feedback in server below! > NEW CODE AT 200K LIKES! > MAX LEVEL: 1175 🔹 GAMEPLAY 🔓 Explore to discover & unlock your Innate Technique ⚔️ Master different Fighting Styles & Weapons 💀 Defeat foes to rank up to become a Special Grade Sorcerer 🫂 Party with friends, complete missions, & more 🎮 CONTROLS (PC only | Console + Mobile in server below) 🛡️ F – Block ⚡ Q – Dash 🏃 Ctrl – Sprint 🥊 T - Companion 🐴 J - Mount 🧗 Double Space – Wall Climbing + Wall Running (unlocked at higher levels)"
6049736902,17664585395,Spelling Race,Team Ry LLC,Group,34341414,All,Party & Casual,,2024-05-30T04:37:20.16Z,2026-10-06T12:53:05.5279586Z,12,,2026-10-06T20:21:17Z,"Show off your spelling skills! The faster you answer, the more blocks you earn! ✨ Create a free private server to play with friends."
6061766680,17698425045,[UNBANS] fight in a school,Fight In A Game,Group,14403119,All,Action,Battlegrounds & Fighting,2024-06-01T19:46:18.193Z,2026-10-03T03:45:55.085Z,30,,2026-10-06T20:21:17Z,"""fight in a school"" is a ffa fighting game with the setting being a school. You can walk around and talk with friends or cause trouble and beef with other players and fight it out. Like and favorite the game for more in game content! Make sure to rejoin after buying a gamepass in game! Game supports: CONSOLE, PC, MOBILE Controls: (PC): Left Click to attack Hold space + WASD to weave in said direction (CONSOLE) R2 to attack Hold L2 + move analog stick in said direction (MOBILE) Fist button to attack Hold Weave button + move in said direction More controls in game! v1.4.8 BETA - [UPDATED] (9/26/2026) Tags: High School, Fighting, School Fighting, Battlegrounds, RP, Battlegrounds, Battle, PVP, 1V1"
6069634717,17720162456,Sorcerer Tower Defense [NAOYA],Peanut Butter Entertainment,Group,34401723,All,Strategy,Tower Defense,2024-06-03T13:06:13.67Z,2026-08-30T16:26:24.32Z,50,,2026-10-06T23:48:08Z,"First Jujutsu Kaisen Tower Defense game on Roblox! ⬆️ Update 31.0 The Culling Game is here! Fight various culling players and obtain them as units, open orbs and gain amazing loot! New units: - Projection Sorcerer [NEW SPECIAL GRADE] - Claws Sorcerer [FREE BATTLE PASS] - Explosive Sorcerer [PREMIUM BATTLE PASS] - Justice Sorcerer - Lightning Sorcerer - Kogane 📝 3 New Codes! ✅ Place down jujutsu sorcerers and defeat curses! Get the strongest sorcerer! Game is inspired by jjk anime, however some manga units are included! 🅰️ VERSION ALPHA This is an early release of the game and may contain bugs, we are always working on fixing all issues as soon as they come up, please be patient if an issue occurs, ➕ Premium Benefits: More Coins and Gems per minute for staying in the AFK zone! Tags: sukuna, gojo, yuji, kaizen td, mahito, cursed energy, gojo satorou, tower defence, special grade sukuna, king of curses"
6072944764,17729873503,YooBroxDD's DOORS RP 👔,YooBroxDD,User,3350245305,RPG,Roleplay & Avatar Sim,Morph Roleplay,2024-06-04T10:20:55.58Z,2026-10-06T16:34:19.3160162Z,25,,2026-10-06T23:48:08Z,"basically you can play as characters from DOORS, explore different maps, and mess around with a bunch of kool in the game!!! This is an accurate DOORS RP experience focused on using actual content from DOORS — no random fanmorphs or made-up entities. I try to keep everything as really as accurate to the original game as possible i guess lol. COPYRIGHT NOTICE This experience was made for fun and is not intended to generate revenue from LSPLASH's assets. This game uses assets and content from DOORS by LSPLASH. All rights to the original DOORS content belong to their developers and programmers. CREDITS • LSPLASH Developer Team — DOORS • DaWhatBoom — Honcho face • devestfenio — Additional help • SwagSpecter — Additional help • silentfinder — Animation anyways enjoy the game 😏"
6083162964,17759606919,Helicity,Helicity Official Group,Group,34413979,All,Simulation,Physics Sim,2024-06-07T00:14:08.393Z,2026-10-06T03:14:43.4925581Z,20,,2026-10-06T23:48:08Z,"A high end device is recommended Helicity is a storm chasing game that strives to combine both realism and fun for the best experience. Situated in the central plains, you can expect to see all sorts of weather events, such as thunderstorms, lightning, hail, and of course, tornadoes. Your main objective is to gather as much data from the storms as possible, whether that be from radar scanning, deploying weather probes, or directly intercepting the tornado in a T.I.V (Tornado Intercept Vehicle). Your secondary objective? Simply Admire the storms. Exploiting in any form will result in a permanent ban Developed by Lazy, Toast, Nubbo, Rainbow, Melted, and Sjarky. Version 1.8.4"
6100103590,17805166690,The Undead Coming (2026),4by2studs,Group,16429448,All,Survival,,2024-06-10T11:05:08.117Z,2026-10-05T21:23:40.8218113Z,15,,2026-10-06T20:21:17Z,"🧟 The Undead Coming is an action-packed round survival game where you must endure blasting through countless hordes of undead zombies! Version 1.1 is now out. - New changelogs in-game! ❗ Not affiliated with unofficial spinoff titles such as ""The Undead Coming: Armageddon"". ❗ This is an official continuation of TUC 2021. Please do not ask us for your data or features from Armageddon. Original place of this remake was created 5/7/2023."
6113928308,17844293708,🔑Project: Escape Room [MULTIPLAYER],seriif,User,93869458,All,Puzzle,Escape Room,2024-06-13T16:38:31.237Z,2026-09-24T22:23:36.723Z,15,,2026-10-06T20:21:17Z,"Your goal is to escape! ~~~~~~~~~~~~~~~~~~~ Project: Escape Room is a difficult escape room game where you will find yourself stuck in different unique maps. Your goal is to escape, solving puzzles and using the environment to your advantage! ⚠️This game is much more challenging than other escape room games, expect to be tested! ✅If you are new to escape rooms, consider trying beginner mode! 🎮Play solo or with a group of up to 5 players! 🔐There are currently 11 maps with many more to come! Private servers support up to 10 player groups! ❗Join the group for updates and sneak peeks! https://www.roblox.com/communities/35660393/Serif-Games Make sure to like 👍 and favorite ⭐ if you enjoyed, this greatly supports development! Thank you!"
6128091457,17882166032,Clone Engine,CC Super Fun,Group,34463918,All,Simulation,,2024-06-16T13:05:32.803Z,2026-08-19T07:28:38.085Z,6,,2026-10-06T20:21:17Z,"✨ Welcome to my Clone Engine! Make clones that follow you in SUPER satisfying ways! 🔥 Upgrade Size, Speed and Jump while tackling fun obstacles around the playground! 🚀 Premium Players earn 25% more Cash & +5 Clones! 🎮 Group Members get 25% more Cash & +10 Clones! 🔔 Follow for game updates! 👍 Like the game for new stages! 👥 Invite your friends for a boost! 🌈JOIN THE GROUP FOR BENEFITS: https://www.roblox.com/groups/34463918/CC-Super-Fun#!/about"
6136243726,18102078939,CRAZY CHEFS! 👨‍🍳,Suprise Studios!,Group,34408811,Adventure,Simulation,,2024-06-18T04:00:10.503Z,2026-09-16T07:04:18.259Z,8,,2026-10-06T20:21:17Z,🔥 Welcome to CRAZY CHEFS! 👨‍🍳 CHEFS MUST CATCH THE FOOD QUICKLY 🍔 FOOD MUST ESCAPE FROM BEING EATEN Game inspired by: Bake Da Baby
6153964325,18152595062,Chained Together [2-3-4-5 PLAYER],Archive Experiences,Group,32821364,All,Obby & Platformer,,2024-06-22T00:25:06.683Z,2025-08-15T02:34:22.307Z,30,,2026-10-06T20:21:17Z,"Code CHAINS , UPDATE - 200 Coins Can you reach the top? --- Controls: PC --- Climbing: Jump into the object you are trying to climb. Sprint: PC: Hold Shift Roll: ""V"" Shiftlock: Press CONTROL ""Ctrl"" Hold ""E"" to pull partner up after they fall. Mobile --- Climbing: Jump into the object you are trying to climb. Sprint: Press and hold ""Toggle Sprint"" Roll: Press roll button Hold ""Interact"" to pull up partner. Console --- Climbing: Jump into the object you are trying to climb. Sprint: Press and hold ""LT"" Roll: Press RT tags: chained together,obby,hardest game,impossible,hardest obby,parkour,skill,challenge, only up,only up blox,2 player obby,1 player obby,4 player obby,3 player obby"
6154386310,18153851914,[MURDERER] Classic Arena,Bloxxing Arts,Group,8010674,All,Action,Battlegrounds & Fighting,2024-06-22T02:27:46.217Z,2026-10-06T22:42:34.4398168Z,18,,2026-10-06T23:48:08Z,"Step into Classic Arena, a simplified battlegrounds experience inspired by classic ROBLOX gears & games! Will you claim the top spot? 🔥Combat inspired by Rogue Demon. 👍 Like for updates! 🐞 Report bugs via our group or server. 🔄 Server refresh = new update. Icon & thumbnail art by: @void.2.0._ @foxyy_ne & @mostyeblue"
6161049307,18172550962,Pixel Blade,Frost Blade Games,Group,8605341,Fighting,RPG,Action RPG,2024-06-23T08:22:35.457Z,2026-10-04T16:03:54.943Z,20,,2026-10-06T20:21:17Z,"Version: 2.0.10 [Current Rarest Weapon: Atlantis] Use Code: ""FULL RELEASE"" Right Click (or F) - block/parry Left Click - attack Q - dash * Shift Lock is recommended * Defeat monsters and collect spirits to protect the Mother Tree Collect loot and upgrade your character to become stronger! Team up in a party of up to 4 people or join a raid defense! RPG / Roguelite / Dungeon Crawler ⚠️ Hacking is bannable, don't try it! We do NOT appeal our bans. ⚠️ Created By: Comet - Lead Scripter Fudge - Game Design / Building & the Frost Blade Games team! <3 Pixel Blade™⚔️ All Rights Reserved"
6163884815,18180736634,Team Stepmom Run! (TEAMWORK OBBY),Spectacular Obbies,Group,34503345,All,Obby & Platformer,,2024-06-23T19:54:26.64Z,2026-09-23T19:30:37.696Z,40,,2026-10-06T23:48:08Z,🏃 Welcome to your soon-to-be favorite TEAMWORK OBBY ESCAPE! Grab your friends and escape the house before SHE gets you! PRIVATE SERVERS ARE FREE! Please leave a like and favorite the game if you enjoyed!
6164853651,18183902003,Hungry Pig,TwoGoldenPistols,User,5781318239,Horror,Survival,,2024-06-24T00:59:14.317Z,2026-09-28T16:00:54.058Z,15,,2026-10-06T23:48:08Z,"This Pig Family are not any average pigs these ones are special. Take the pigs food and run! Family pigs has arrived! - Fixed Mobile, PC, Console. Sprint controls - JOIN THE GROUP ""SoundTrackZack"" AND LIKE THE GAME TO WIN FREE WASP WINGS TO FLY!"
6170143659,18199615050,[UPD] Demonology🕯️,Blaqk Magic Blue,Group,32847485,All,Survival,,2024-06-25T05:21:08.317Z,2026-09-08T19:30:20.941Z,30,,2026-10-06T20:21:17Z,"🕯️Use the tools at your disposal to hunt down and identify the evil spirits haunting your jobsite! 👁️ For the best experience, play with max graphic settings! 🎵 Demonology's music is custom & copyright free, feel free to use it in videos! ⚠️ Disclaimer: This game contains loud noises, flashing lights, and visual elements that may trigger trypophobia or claustrophobia. 💝 Made with love by Blaqk Magic"
6174994284,18214855317,Savannah Life,NOYO Productions,Group,34481840,All,Roleplay & Avatar Sim,Animal Sim,2024-06-26T07:16:00.983Z,2026-09-26T09:35:01.213Z,65,,2026-10-06T20:21:17Z,"Experience life as Africa’s most iconic animals in Savannah Life, the ultimate survival adventure. Become a lion 🦁 and lead your pride to glory. Feel the thunder of the savannah as a powerful elephant 🐘, or stalk the watering holes as a deadly crocodile 🐊, lurking just beneath the surface. With a wide variety of animals to choose from, the possibilities are endless! ⚡ Every choice matters in this living, breathing ecosystem. 🌟 Will you rise to the top of the food chain? Play now and find out! 🌿 👍 Like the game and join the group for 500 coins and a +10% coins multiplier! * Roblox plus subscribers earn 15% more coins. Multipliers add up! 🚫 WARNING: Exploiters will be banned permanently with no appeal!"
6176333237,18218605381,Clarity Over Resonance,OJEPIX,User,2663661334,All,Social,,2024-06-26T14:04:06.64Z,2026-09-26T13:04:28.301Z,10,,2026-10-06T23:48:08Z,"Data Testing is Still in the Trial Phase, in the Future the Next Update May Lose Data! This game contain Sound System Make your own sound arrangement until it is really solid and clear, Because if you are suddenly invited to battle sound with someone else, you might end up being covered up, meaning your sound is defeated and the sound becomes less powerful. So, make sure your sound arrangement is really good, so that does not cancel, and can perform optimally during the battle later!"
6190071862,18259975825,Grave/Digger,Archeximus,User,93693150,Military,Shooter,Deathmatch Shooter,2024-06-29T12:57:40.913Z,2026-10-06T13:17:48.1226903Z,32,,2026-10-06T20:21:17Z,"V.1.38 Only at death is the final chapter of our lives written. When the surface was ravaged by war, The Golden Empire and the Royal Nation continued their war underground. An alternate history WW1 neo-western between two vitriolic factions with a near fully mine-able environment and a focus on slower, deliberate and considerate gun-play. This game is enabled for Consoles but is not fully supported, some controls will not work, it is recommended to play with a mouse and keyboard. vk/[NAME] to initiate a vote-kick (Press [L] for command bar). /restoredata to restore Hours and Kills from the Beta Period. Press [M] to open the in-game menu."
6190248755,18260439047,God's Mod,9ohz sandbox,Group,16865641,Building,Simulation,Sandbox,2024-06-29T13:38:33.543Z,2026-10-02T18:00:14.718Z,16,,2026-10-06T23:48:08Z,"Over 800+ unique props, 20+ vehicles, and 5+ weapons"
6215464786,18334179599,Chained [2 Player Obby],1-Day,Group,34327520,All,Obby & Platformer,,2024-07-04T17:46:30.063Z,2026-09-28T13:47:17.552Z,15,,2026-10-06T20:21:17Z,"⚠️THIS GAME IS MADE FOR 2 PLAYERS⚠️ Navigate a thrilling obstacle course with a friend. Chained together, you'll need to cooperate to reach the end. But it won't be easy—you're chained, so teamwork is key! 🔑 🎁 You can win a free Chain by liking the game and joining the group 🎁 -> https://www.roblox.com/groups/34327520/1-Day Controls : PC 💻 : HOLD ""E"" TO PULL MOBILE 📱 : PRESS PULL BUTTON -- STOP PULLING : PRESS PULL BUTTON BACK CONSOLE 🎮 : HOLD ""R2/RT"" TO PULL obby, platformer, obstacle course, parkour, difficulty chart, tower, hard, impossible, lava, wraparound, 2 player obby, fun obby, Parkour, Mega, Fun, Obstacle Course, Long, Parkour Obby, Easy, buddy, buddy buddy, Chained Together [2-3-4 PLAYER]"
6215986499,18335956021,Grand Blue [Early Access],Eternal Pose,Group,34564085,All,RPG,Action RPG,2024-07-04T20:23:45.247Z,2026-10-03T01:40:40.007Z,10,,2026-10-06T20:21:17Z,"We are in ✨EARLY ACCESS✨, expect bugs/lag as we work to improve the game. Embark on an epic pirate adventure across the world of Grand Blue! Master powerful fighting styles, discover cursed fruits with incredible abilities, and grow stronger with every battle. Defeat challenging bosses, collect and craft rare weapons and equipment, and explore unique islands. Challenge rivals and forge your legend to become the strongest! Info: Cursed Fruits spawn every hour on trees and plants. There are multiple ways to obtain Cursed Fruits, so search for them all! Cursed Fruit skill levels save for each fruit, don't worry about swapping off! The Logbook contains a lot of information about the world, be sure to check it. ❗Exploiting will ban you, do not exploit you will be caught❗ ⮟CHECK BELOW FOR CODES⮟"
6272727021,18512318831,[🎉RELEASE🎉] Undertale Adventures X,Side Productions,Group,34323581,All,Strategy,Tower Defense,2024-07-16T04:59:35.673Z,2026-10-06T23:50:44.6027682Z,15,,2026-10-06T23:48:08Z,🎉UNDERTALE ADVENTURES X IS NOW LIVE🎉 🏰A tower defense game based on Undertale 🗡️Defend your base from monsters using Undertale units 👻Level up your units and make them stronger with traits
6275120808,18519254033,[ALCHEMIST RELEASE] Jump Showdown,Jimpee’s Cabin,Group,14636287,All,Action,Battlegrounds & Fighting,2024-07-16T16:59:55.537Z,2026-09-22T15:45:47.576Z,16,,2026-10-06T20:21:17Z,"""i'm getting jumped in jump showdown"" Clash with all your favorite (or not) characters in this battlegrounds game. This experience works on all devices (CONSOLE, PC, MOBILE). Please consider liking and supporting this experience so updates come out faster! Scripter / UI Designer - @SolidSounds Scripters - @Fw_Yuki, @trampolinebody, @erykos05, @miscoIor, @DaDarknet, @Sweebys Main Animators - @precisionOfPlayer, @Binx_zz, @mis9rable, @Vensoul Main VFX Designers - @Arc_Devs, @GunSon76 Main SFX Designers - @boostedbonkers, @hyrumdevv, @turningtheclockback + Many more"
6280758286,18537079992,Армия Роблокса РП,DaBest Games,Group,34636930,All,Roleplay & Avatar Sim,Life,2024-07-17T19:20:24.723Z,2026-10-05T21:09:30.3580122Z,50,,2026-10-06T20:21:17Z,"👋 Добро пожаловать в Небогорскую область. После прохождения медкомиссии ты признан годным к службе и направлен в часть. Здесь тебе предстоит освоить порядок, выполнять приказы, проходить подготовку и принимать решения, которые повлияют на твою дальнейшую роль в регионе. В игре доступны: • Военная служба с системой званий и подразделений • Боевая система с оружием, экипировкой и тактическими ситуациями • Ролевые механики для взаимодействия между игроками • Активное сообщество и регулярные игровые события RP-команды: !me: действие персонажа !do: описание ситуации от третьего лица !try: случайный исход действия !roll: бросок кубика Выбери свою сторону, соблюдай правила и развивай свою историю в Небогорской области. Армия, армия, рф , россия, рп , ролиплей, рольплей, город, машины, машина, оружия, rp , roleplay, москва, питер"
6324644175,18666738837,Death Order: Simon Says,Voxq Enterprises,Group,7015605,All,Survival,,2024-07-26T17:26:53.13Z,2026-10-06T17:34:19.8855062Z,72,,2026-10-06T20:21:17Z,"The Deadliest Game of Simon Says You Will Ever Play. 🚨 Use Code ""RELEASE"" for 1,000 Cash You wake up in a prison with no memory of how you got there. To survive, you follow Simon's orders — but only when he says ""Simon Says."" Get it wrong and you die. No one knows what Simon really wants, or why you're here. Outlast everyone, and maybe you'll find out. 🎮 Full controls in Settings → Mobile HUD Editor, PC Keybinds, Controller Binds. Don't like them? Rebind or Rebuild every one. 93% Never Make It Out, Good Luck"
6325068386,18668065416,[🧟‍♂️ Don Lorenzo] Blue Lock: Rivals,Blue Lock Rivals Unofficial Fans,Group,34671275,All,Sports & Racing,Sports,2024-07-26T19:16:18.383Z,2026-10-03T17:07:01.421Z,10,,2026-10-06T20:21:17Z,"IMPORTANT: This fan-made unofficial game is created by huge Blue Lock fans as a tribute to celebrate the anime and share our passion with the community. ⚽Enter the high-stakes world of Blue Lock: Rivals, inspired by the groundbreaking anime Blue Lock! Compete in electrifying 5v5 soccer matches, where ego and skill shine. 🔥Choose a character class with unique abilities inspired by the show and dominate the pitch with your skills. Awaken your inner ego, unleashing unstoppable power and precision to claim your place as the ultimate striker. Team up with friends or face off against fierce rivals—will you rise to the top and prove you're the best in Blue Lock? This Experience is permitted under Roblox License Manager and has not been subject to official supervision or endorsement by the authors of IP or Kodansha. The content of this Experience has no official connection to the original manga series of “Blue Lock” or any officially licensed content thereof."
6329693946,18680867089,Ultimate Mining Tycoon,Innovation Inc.,Group,157764,All,Simulation,Tycoon,2024-07-27T16:09:48.787Z,2026-10-04T21:03:12.932Z,8,,2026-10-06T20:21:17Z,"Work together with friends to mine the depths for gems and ore, then use a variety of trucks and machines to haul your loot to your factory - that you can design and build yourself. Refine and manufacture to earn even more money! Buy bigger trucks, better pickaxes, crazier machines and become the Ultimate Mining Tycoon! mine, team, building, driving, teamwork, blocks, craft, dig, factory, upgrade, vehicles"
6331902150,18687417158,Forsaken,Forsaken Dev Team,Group,33548380,All,Survival,1 vs All,2024-07-28T02:20:42.22Z,2026-10-06T22:22:40.4697816Z,9,,2026-10-06T20:21:17Z,"[ CONTAINS FLASHING LIGHTS AND LOUD AUDIO, IT IS RECOMMENDED TO NOT PLAY IF YOU'RE EPILEPTIC ] Welcome to your eternal prison. SURVIVORS: Protect your teammates, complete the objectives, and survive until the timer hits 0. KILLERS: Kill them all, leave no one left standing. Do whatever it takes. Once you decide to enter, you won't be able to go back. This is your home now. Forever forsaken by it all. 🏖️ Summer Games [8-29] - New Event System - New Game Mode, Randomizer - Balance Changes 🏆 RIA 2025 Best Survival Experience [ THIS GAME IS IN ALPHA ]"
6332376065,18688598012,Vina High School 📚 RP,HAMCHƠI GAMES,Group,34552933,All,Roleplay & Avatar Sim,Life,2024-07-28T04:20:57.78Z,2026-10-01T18:56:21.884Z,32,,2026-10-06T23:48:08Z,"In this roleplay experience, players can take on roles such as teacher, principal, school nurse, or student, and choose how they roleplay their school life. A structured roleplay and avatar simulation focused on High School Roleplay. 🏫 Take on school roles such as student, teacher, or staff, and participate in classes, activities, and daily school routines. 📚 Attend classes, follow schedules, and use roleplay props and tools designed for High School Roleplay. 🎒 Customize your avatar with accessory customization to match your role and school life. 👩‍🏫 Teachers lead lessons and school activities. 🎓 Students attend classes and follow school rules."
6336741296,18700851435,[FIRE FIGHTING] Flight World,Limitless Flight,Group,34695485,All,Simulation,Vehicle Sim,2024-07-28T23:23:55.623Z,2026-10-05T23:03:44.6031561Z,26,,2026-10-06T20:21:17Z,"Welcome to Flight World, the ultimate flying experience on Roblox! Transport passengers, deliver cargo, and earn cash to unlock and pilot a wide variety of aircraft! 💎 Use code ""300KLIKES"" ❗❗ New code at 350,000 Likes! Tags: Airplane, flying, pilot, jet, aircraft, airport, landing, simulator"
6353751159,18753889337,Main Street 🏡RP [Pets! 🐕],Entelechy Entertainment,Group,2779287,Town and City,Roleplay & Avatar Sim,Life,2024-08-01T16:36:33.933Z,2026-10-04T21:08:54.92Z,32,,2026-10-06T20:21:17Z,"🧡 Welcome to Main Street! 🧡 Roleplay with other people, build a community, and be who you want to be! Pet Update 🐈 Added cat 🐕 Added labrador retriever 🎨 Added pet customization 🍔Added BigBurger restaurant 🪑 Added baby and pet blueprints Baby Update 🍼 Added items 🕺 Added dances 🏫 Improved daycare 👶 Implemented baby adoption Vehicle Update 🚗 Added muscle car 🚙 Added SUV 🏎️ Added 4 hypercars 🔨 Improvements to police station Leave a like 👍 and favorite ⭐!"
6355251723,18758755773,Threadville 🧵,Super Skeleton Studio,Group,32874712,All,Adventure,Story,2024-08-01T23:45:44.14Z,2026-08-06T01:34:17.905Z,50,,2026-10-06T23:48:08Z,"You find yourself transported by a magic mirror into a world of puppets, where someone ... or something ... is trying to stop you from leaving. Will you call Threadville home? A game inspired by Welcome Home and Rainbow Friends."
6369934270,18799085098,💀 Hide or OOF!,0 CCU Games,Group,34736529,All,Party & Casual,Childhood Game,2024-08-04T15:42:54.2Z,2026-10-05T19:14:27.9026057Z,16,,2026-10-06T20:21:17Z,"Hide or OOF is a combination of hide and seek and prop hunt! The game was previously called Hide or Die. 🫣 AS HIDER: Morph into props and hide around the map, get weapons and use powers to distract the seekers. DON’T GET CAUGHT! 👀 AS SEEKER: Try to find the hiders and kill them. Once you kill them they’ll join your team. FIND ALL HIDERS! 🪙 Collect coins to get better powers and weapons! ⭐ Premium Players get a FREE Diamond Blaster skin and faster AFK Presents! Made with 💙 by 1CoaI, alextubbaa, xJa_ys, Drawees, skyfloans"
6371309794,18803315158,[UPD]💪Ninja Challenge [BETA],Ninja Challenge,Group,34740193,All,Obby & Platformer,,2024-08-04T21:12:33.487Z,2026-10-03T21:43:20.975Z,5,,2026-10-06T23:48:08Z,"🔥 Can you beat Roblox’s Most Difficult Obstacle Course? 🥷 💸 Earn 2x Cash + 2x Wins all weekend! 🏆 🧠 Inspired by the adrenaline fueled TV shows 📺 American Ninja Warrior and Sasuke, your speed and agility will be put to the test as you fight against the clock through these thrillingly difficult obstacles. 🚀 Will you prove your skills and emerge as a Ninja Warrior by conquering Roblox's hardest obby? 🏆 Or will you fall like many have before? 👑 One way to find out! 🔨 Game Credits: https://devforum.roblox.com/t/ninja-challenge-credits/3139813"
6375110339,18816315817,[ BattleArmor ] ST : Blockade Battlefront,Loading Studi,Group,6022628,All,Action,Battlegrounds & Fighting,2024-08-05T17:07:01.483Z,2026-10-06T00:51:15.0612367Z,1,,2026-10-06T20:21:17Z,"[ /e vote ] to restart broken server ST : Blockade Battlefront is a Roblox wave tower defense and survival shooter game, where players must strategically deploy units and powerful Titans to defend their base against escalating waves of enemies !!If you found bug please report in dis immediately if you found one so we can fix them as fast as we could!! Moves Keybind are Q E R T Y F G H Z X C V B double spacebar, some move may contain special condition like keystack and aerial variant"
6385532960,18852831741,[FIXES] Ryujin,Martial Ascension,Group,34758135,All,Action,Battlegrounds & Fighting,2024-08-07T22:38:44.247Z,2026-10-04T21:22:25.577Z,32,,2026-10-06T20:21:17Z,"Ryujin is based on various martial art comics. Whether you climb up to the top or give up on your path relies on your determination. If you wish to see change logs, view upcoming updates, or interact with the community, join the game's server in the Social Links below. To view the keybinds open up the settings. You can change keybinds as you like to fit your needs. Mobile players can move the button's layout in settings as well. To Get Access to the game, buy the generation gamepass and join the server and make a ticket. Developers: TwisterDaark - Lead Developer / Scripter arshad145 - Scripter gabriel312123 - Builder ItzReinx - UI Artist Keksuya, Keshalith, Nitro_IV - VFX Artist TheSillyGoose_34 - SFXs Artist WeirdBirbo - Balancing, Trello, Game Director"
6395392848,18882681365,La Cueva ZuaZua [LPMX],GolZone MX,Group,34067084,All,Sports & Racing,Sports,2024-08-10T02:09:29.717Z,2026-10-06T23:41:57.2257586Z,30,,2026-10-06T20:21:17Z,"⚽ La Cueva ZUAZUA [LPMX] - Un juego de mps con mecanicas mas faciles y mas simples 🔵 Modos PvP 1v1, 2v2 3v3 y 4v4 🔵 Varias canchas disponibles para cada modo 🎯 Zonas de entrenamiento completas 🚀 Botones de TP para moverte rápidamente por el mapa 🔺 Presiona Triángulo / Y / Tecla Q para spawnear el balón cuando quieras Tags: futbol, football, mps, pvp, 1v1, 2v2, 5v5, deportes, goles, multijugador, competitivo, entrenamiento, penales, tiros libres, corners, portero, leaderboard, tienda, estadio, mexico, tigres, lpmx, lacuevazuazua, cancha, futbol sala, ranking, soccer, online, roblox futbol. Juego hecho por: chichaarroon"
6413074235,18934709778,A Long Road - BETA,Hoii :P,Group,6162859,All,Adventure,Exploration,2024-08-13T16:31:49.317Z,2026-09-29T20:55:05.996Z,200,,2026-10-06T20:21:17Z,"This is a game about an endless ride, where you just drive along the road in an empty place. > !IF YOU REACH THE BORDER, IT IS WRONG SIDE! < The game in BETA stage. And in game have a bugs! The game was inspired by ""dusty trip"" and other games to be less p2w! And inspired by ""The long drive"" and ""My Summer Car"""
6417564879,18948446518,Mr.Mix,AirAlarm Games,Group,34795312,Horror,Adventure,Story,2024-08-14T17:20:56.78Z,2026-09-28T13:50:38.839Z,16,,2026-10-06T20:21:17Z,"Chapter 2 at 110,000 Likes ""I've been living here for many years, and I've seen many owners of this house, but this one is a completely different story. big man, yellow skin, crazy eyes. It doesn't take a genius to figure out that this is a bad person, insane..."" Try to escape from the lair of the maniac - Mister Mix. Complete various tasks and puzzles, and most importantly, be patient! We were inspired by the image of the main villain Mr. Mix from the creepypasta of the same name. Have a nice game! Credits: MainDevs: Ximinon issi Programmers: TheCatAndI Composer: Amireal 2D Artist: Sletmi Voice acting: Mr.Mix - @thevoiceofbrad Storyteller - @warmvoice Citizens mice - @richardvoices"
6421358579,18959440414,ART. 244 [🛠️ HUGE FIXES],REVOL GAMES,Group,34789496,All,Simulation,Vehicle Sim,2024-08-15T14:55:21.15Z,2026-08-20T18:09:43.813Z,10,,2026-10-06T23:48:08Z,{BemVindo(a)} Game in Early Development Contains: bugs {Resumo} If you are a gamer who loves motorbike. And loves to feel the feel and buzz of motorcycles. You've found the right game {Teclas} [N] Hooks the vehicle's neutral [P] activates the vehicle's 1st person vision [V] unlocks vehicle vision [L] Lights [X] flashes alert [T] Wheeling (can be changed) {Sistemas} • Painting L try our catalog of several colors available
6443367640,70906625936847,Gym Star Simulator 🏋️,Gym Simulator Club,Group,34825438,All,Simulation,Incremental Simulator,2024-08-20T06:12:32.837Z,2026-10-05T14:18:16.2068044Z,16,,2026-10-06T20:21:17Z,"Train, Collect, & Compete in Gym Star Simulator – Roblox's ultimate bodybuilding simulator. Can you become the world’s BIGGEST bodybuilder? 💪 Train your way into a GYM STAR LEGEND 💪 Here's how you do it: 💪 Workout and Lift Weights to Build Muscle & Stamina 🏋️ Boost your Gains with Powerful & Unique Trainers 🐶 Hatch, Collect, and Upgrade 100s of Powerful Pets 🏋🏻‍♀️ Unlock New, Highly Thematic Gyms with Increasingly Powerful Equipment 🥇 Compete in Bodybuilding Competitions to Win Rewards 🚀 Climb the Global Leaderboards and Become the Legend you were Meant to Be! Are you up to the challenge? 📢 LATEST UPDATE 📢 🐦‍🔥 NEW FEATURE - Rebirths 🐦‍🔥 New Feature - Selectable Skins | New Female Body Type | and more! 🖥️ Play on Desktop, Console, Mobile, and Tablet 🎉 Redeem Code: Use the code ""SPACEFORCE"" to claim 1250x FREE Gym Tokens!"
6451948378,83948716312312,[🔮]Tokyo Claw Machine,Omochi_Studio's Game center,Group,34742848,All,Simulation,,2024-08-22T08:10:25.567Z,2026-10-06T08:00:51.3780111Z,16,,2026-10-06T23:48:08Z,"🎉 Welcome to Roblox's Tokyo Claw Machine! 🎮 Experience the excitement of a Japanese game center with Tokyo Claw Machine! We have added mini-missions. Complete them to get new furniture!🪑 🧸 Collect adorable plushies featuring official Japanese characters! 💰 Try out various machines and earn in-game points by winning as many plushies as possible! 🏠 Enjoy your own My Room, where you can show off your plushies and visit your friends' rooms. Enjoy the life of a real game center! We appreciate all our players. If you have any feedback or bug reports, please let us know through our group or social media. Thank you for playing!! 👾 Attention!! 👾 Please do not cheat in this experience. Players caught cheating will have their accounts banned. Let's all enjoy and play fair! If the Developer determines that any prize created within the game is not appropriate for the platform regulations or violates intellectual property rights, the account may be banned."
6466404775,133341016381877,[🎃] MOUNT RNG,TaleSun Studios,Group,33259677,All,Simulation,Incremental Simulator,2024-08-25T05:47:50.9Z,2026-10-06T18:56:10.2372368Z,12,,2026-10-06T20:21:17Z,"🎲 An RNG Game Focused on Rolling Unique Mounts, Exploring Islands, and Fighting Wild Beasts! 🎲 UPDATES EVERY 2 WEEKS! 🎃 UPDATE 54 IS HERE! 🎃 👥 Play with Friends: Receive a +5 Luck Boost for each friend playing with you! (This boost stacks!) 👍 Like the Game, Join the Group, and Turn on Notifications for an additional +20 Luck Boost! 🐴 There are currently more than 700 mounts available to roll in the game! New islands and mounts will be added in future updates! ⚠️ If you encounter any bugs, please report them on the group wall or in the server. 📅 Current Version: 1.54"
6487579144,85011874799856,Ohio Tools,Bank3rr6,User,2497279411,All,Action,Battlegrounds & Fighting,2024-08-30T06:35:30.657Z,2026-09-19T17:29:49.17Z,10,,2026-10-06T23:48:08Z,"Don’t forget to like for more updates!👍 If you enjoyed the game, don’t forget to favorite it! ⭐ Update Log: This update added one new map and five new tools. Break everything with funny tools and fight other players!"
6495484417,103593441753340,[200] Find The Button! 🔴,@Zyleak,Group,11494275,All,Adventure,Scavenger Hunt,2024-08-31T20:26:07.527Z,2026-03-07T19:30:28.989Z,40,,2026-10-06T23:48:08Z,Find the button in different themed areas 🔴 🍭 WORLD 3 is finally here! Find the button in 50 HARD candy land themed levels 🍬 200+ Levels to complete across 2 Worlds! ✨ Leave a LIKE for NEW levels added
6504986360,85896571713843,[🍁UPD] Bubble Gum Simulator INFINITY,Rumble Studios,Group,3333298,All,Simulation,Incremental Simulator,2024-09-02T20:33:13.033Z,2026-10-06T21:56:51.2282122Z,12,,2026-10-06T20:21:17Z,Welcome to Bubble Gum Simulator INFINITY! 🫧 🥚 New Ultra Fall Egg! 🍁 New Autumn Infinity Elixir & Shop Items! 🎁 New Leaderboard Rewards! ⭐ Updates every Friday at 2PM EST! ☁️ Blow Bubble Gum to increase its size and jump into the clouds. Discover islands and secrets in the sky! 🥚 Hatch rare pets and build a powerful pet team! A game by Rumble Studios.
6505338302,90913221847091,🏈Football Legends🏈,InfinityLegends,Group,34682858,All,Sports & Racing,Sports,2024-09-02T22:45:13.003Z,2026-10-05T08:14:37.092Z,14,,2026-10-06T20:21:17Z,🏈 Welcome to Football Legends! A new football experience with quick gameplay that lets players quickly join a 7v7 or select pickups in the park. 🏈 Leave a like 👍 and favorite ⭐ for more Football Legends content!
6508759464,138837502355157,Grace [GRACE BUT EVIL],The Fartering Few,Group,8532621,All,Survival,Escape,2024-09-03T20:51:53.817Z,2026-07-09T13:41:43.432Z,50,,2026-10-06T23:48:08Z,"// !! GAME IS IN ALPHA !! \\ EVERYTHING IS BOUND TO CHANGE, EVEN LORE. it might seem like it's just suffering, but you wouldn't be here if I didn't embrace you. A Rooms game with a focus on chaos, movement and speed. Tredge from saferoom to saferoom, don't let your time run out. Lobby music by Joseph Burdock Headphones, +6 graphics, PC recommended. Game is designed to be played without audio too, but we still recommend it. The game is mostly made by one person. Excuse lack of quality in the stuff I lack in. Inspired by ""Rooms"" by nicorocks5555, ""Rooms & Doors"" by CJ4 (best rooms game), ""DOORS"" by LSPLASH, ""Pressure"" by Urbanshade, ""Pizza Tower"" by Tour De Pizza, ""Mandela Catalogue"" by Alex Kister, ""Inscryption"" by Daniel Mullins, ""FAITH"" by Airdorf Games and The Bible."
6521100398,74395953411817,Dreamville 🏡 RP [Multiple Kids! 👧],Dreamfusion Games,Group,33009391,All,Roleplay & Avatar Sim,Life,2024-09-07T02:38:20.257Z,2026-10-03T06:04:46.647Z,25,,2026-10-06T20:21:17Z,"Hang out with friends, meet new people, create your own fun, and explore a city full of possibilities. Own your dream home, drive cool vehicles, and dive into a world where you can play however you want—whether you’re keeping the peace, stirring up trouble, building a family, or just relaxing. Dress up your avatar, make connections, and let your imagination roam free in Dreamville! New Update! 👧 Spawn Up To Three Kids At Once 🏡 New Mansion 🏚️ New Free House 🏍️ New Police Motorcycle 🎁 Customized Gamepass Gifting 👍 Remember to like/upvote the game! A free house and vehicle will be added at 275,000 likes! ⬆️ [👍 250k Likes] Glasswood House + Police Motorcycle [👍 175k Likes] Contemporary House + Sports Car [👍 125k Likes] Stonecrest House + Train Mount [👍 110k Likes] Construction House + Work Truck"
6530766336,127737908858963,Escape Moving Head,Shestvie Official [RU],Group,33179020,All,Survival,Escape,2024-09-08T21:58:01.16Z,2026-10-03T00:27:34.172Z,6,,2026-10-06T23:48:08Z,"🔴UPDATE: 👕Free Catalog Avatar🛍️ Run from the Moving Head!🗣 The game has 12 main stages, 2 event stages, and 1 Boss Battle stage. Complete them all and get rewards!🎖️ Likes = Update Game progress is saved!💾 The name of the head is Roberto, which is the son of the famous Felipe head and the Angry head. Thank you for your dedication to this game! 🔔Our group: https://www.roblox.com/groups/33179020 ✔Follow the creator: https://www.roblox.com/users/296250657/profile tags: Obby, Survival, Maze, Comedy, Horror, Head, Escape"
6568417585,98629859043211,[UPDATE] M.E.G. Endless Reality,PUG_Games,Group,10270277,All,Survival,Escape,2024-09-18T01:05:05.543Z,2026-10-04T22:33:01.208Z,35,,2026-10-06T20:21:17Z,"You work as M.E.G. employees who are charged with the duty to enter levels of The Backrooms and complete missions given to you. from guiding a lost traveler to closing No-clip zones. Seems easy right! right? ⚠️WARNING⚠️ This game is in Alpha and may have bugs For the best experience: 🔊 Turn up your volume 📈 Turn on max graphics 🖥️Supports: PC, Mobile, and Console 👍 Like, Follow, and Favorite the game it really helps 🌐Join the Group and The Community Server! Inspired by The Backrooms Wiki and Lethal Company TAGS: Backrooms , Liminal , The Backrooms , M.E.G. , Weirdcore , Horror , Dreamcore , Puzzle , MER"
6579282112,127099886596040,Kite Combat 🪁,zFighttx,User,7229915436,All,Party & Casual,Childhood Game,2024-09-21T00:43:12.423Z,2026-10-01T20:34:57.007Z,45,,2026-10-06T23:48:08Z,🪁 Fly a kite with your friends. 🧵 Cut the kite line of other kites. 🤚 Get new kites. 🛍️ Buy new lines. 👑Win the kite tournament and prove that you are the best kite flyer.
6583326485,118367369949006,Ground War [TANKS],Stealth Developers,Group,12266404,All,Shooter,Deathmatch Shooter,2024-09-21T18:22:32.163Z,2026-10-05T19:40:36.8259434Z,32,,2026-10-06T20:21:17Z,"Welcome to Ground War, a 16v16 large-scale FPS featuring armored vehicles! ⭐ Eliminate enemies and level up! 💰 Level up to earn more Cash! 🔫 Spend Cash to expand your arsenal with new guns & explosives! Tags: FPS, Shooter, Shooting, Gunfight, PVP, Tank, Helicopter, Military, Guns, Combat, Arena Credits: https://devforum.roblox.com/t/3293701"
6593476325,128662368175518,[SANDEVISTAN COUNTER] DUMMY COUNTER YOUR FRIENDS,Uperscuzzi,Group,34345911,All,Action,Battlegrounds & Fighting,2024-09-24T02:58:14.72Z,2026-10-02T00:17:53.828Z,20,,2026-10-06T23:48:08Z,"FULL GAME REWORK COMING SOON!! CODES: NOBLOOD, BESTDEV, HATCH, MELON, FRAMES, MEH, GOAT, DEATH, KAGE COUNTER ANYONE UPDATES EVERY OTHER SUNDAY AT 3:30 CST! A showcase of the best fighting animations on Roblox. Swing: PC - Click Mobile - Tap Console - R2 (Right Bumper) Dodge Trashcan: PC - E Mobile - Tap Console - Square / X All assets and code in this game were made by humans, ZERO generative AI was used in the creation of this game, and it never will."
6599600818,108439047160668,Isles of Ravos 🐲,Isles of Ravos,Group,15944007,All,Roleplay & Avatar Sim,Animal Sim,2024-09-26T00:04:02.94Z,2026-09-28T14:47:37.277Z,30,,2026-10-06T23:48:08Z,"Watch your mythical creature grow up and unlock unique flying abilities! 🐲 Design your creature with unique accessories and color combinations! 🎨 Fly around, roleplay with friends, and explore the Isles of Ravos! 🪽 Welcome to Isles of Ravos! UPDATES 🐑 New creature: Phitther! 🦖 New creature: Extasoor! 🪶 New creature: Pheakoi! 🐕 Pick up smaller creatures! 🫎 New creature: Peryton! 🪽 Fast flying ability! 🐲 New premium creature: Vetelgeuse! ✏️ Name and bio customization! 🔥 New creature: Pyrolupus! 🎃 Wearable accessories! 🐲 New creature: Aetherin! ⬆️ Customize your creature's size! 🎨 Customize your eyes with unique designs and color combinations!"
6601115643,80279663815725,Prison Pump,The Gang Stockholm,Group,5273516,All,Simulation,Incremental Simulator,2024-09-26T12:11:25.127Z,2026-10-06T08:30:14.2544765Z,15,,2026-10-06T23:48:08Z,"Locked up with no escape, you enter the prison as nothing—a scrawny nobody at the bottom of the food chain. Beaten and humiliated, the guards look the other way. The yard belongs to the strongest, and the strongest make the rules. Every day is a fight to survive. What will you do? Stay down like a dog? Or start LIFTING! Every rep in the gym makes you stronger. 💪 Every fight earns you cash. 💵 Soon, the ones who pushed you around start stepping aside. 😨 You’re not just surviving—you’re taking over. 😈 But real power means more than just ruling the prison. Will you become the baddest, most feared prisoner this place has ever seen, or will you be just another forgotten inmate, rotting away behind bars? Join Prison Pump now to find out! 🚀Latest Code: 200KBOOM 👍Join our Group and Like the Game to earn in game rewards! ❤️ ⭐ Premium players earn more! 👍 Next code at: 250,000 Likes ! Tags: Simulator, muscle, prison, gym, rebirth, fight."
6619936488,104841616983113,San Aurie,Southstar Studios,Group,32725340,All,Roleplay & Avatar Sim,Life,2024-09-30T15:33:44.853Z,2026-09-27T18:09:53.802Z,50,,2026-10-06T20:21:17Z,"San Aurie is an open-world roleplay simulator that mixes emergency services, criminal, and civilian life. 👮 Catch criminals and respond to emergencies. 🏁 Race players, play mini golf, or hit the arcade. 💎 Rob houses, steal cars, or stage heists. 🏠 Drive cars and bikes, customize homes, sail boats, and raise pets. 🔥 Tackle fires, rescue people, tow cars, or deliver goods and food. Directed by EmesOfficial"
6635513269,127877871885165,he ate them. [HORROR],GavinToBlame,User,390536973,All,Survival,,2024-10-05T01:49:00.98Z,2026-10-06T20:27:17.1408533Z,20,,2026-10-06T20:21:17Z,"Steak is acting different... GAME BASED ON THE CREATOR STEAK, CRUZ, ROMY AND SPLINK join the community https://www.roblox.com/share/g/360841132 No AI was used in the making of the game."
6651302260,114861592677288,Destroy Grandma,Slungpy Games,Group,33723433,All,Survival,1 vs All,2024-10-08T19:58:25.26Z,2026-06-15T21:15:20.186Z,9,,2026-10-06T23:48:08Z,"New Summer Camp MAP, New Skins, New tools and more!🚤 Granny has to complete her daily tasks but the children have different plans! 🎮 CONTROLS: PC: E to pick up items, F to kick as grandma, Hold LMB to throw your items. Mobile: Click to pickup items, Click on kid to kick them, Click to throw Console: X to pick up items, L3 to sprint, R2 to throw. 👍Please LIKE the game and JOIN the GROUP for exclusive rewards! ❤️ Made by Slungpy and 404problems"
6657933195,96462622512177,Supermarket Simulator,MagicCube,Group,33945529,All,Simulation,,2024-10-10T08:41:32.07Z,2026-07-05T09:48:04.168Z,6,,2026-10-06T23:48:08Z,"Run your own supermarket. Stock shelves, set prices as you'd like, take payments, hire staff, expand and design your store. Online orders & delivery, shoplifters, security, local market are upcoming. Thanks for playing! 🔥 Use code ""Excellence"" and LIKE the game for free reward!!! 👍 NEW CODE releases once the game gets 450K LIKES!!! Shutdown means Update"
6682487255,110829983956014,[ 🪄🎩] Anime Card Clash,RNG Lab,Group,34903714,All,Simulation,Incremental Simulator,2024-10-16T12:48:08.193Z,2026-10-04T01:35:21.908Z,24,,2026-10-06T20:21:17Z,"Anime Card Clash ⛩️ [UPDATE 9.1 POWER DUNGEON] Grind your way through the immersive Story maps, play Infinite Towers and Nightmare Modes, or PVP for the top ranking on leaderboards. Secret Boss Raids and Battle Towers are waiting for you! [How to Play] 🎲 • ROLL button to start rolling cards! (tip: use auto roll and quick roll) 🌀 • DECK button to build your deck! 🌐 • TELEPORT to start the story mode! 🍀 • UPGRADES to upgrade your Luck, Cooldown, Boss Chance, and more! 🔥 • BATTLE bosses, crush the Battle Tower, or PVP to gain rankings! PC, Mobile, Console supported. Premium players receive Luck and Cooldown bonuses!"
6688157118,113323927469374,Musical Chairs 🎵🪑,Infinity Forge Interactive,Group,34999237,All,Party & Casual,Childhood Game,2024-10-18T07:02:41.78Z,2026-09-23T18:19:39.918Z,14,,2026-10-06T23:48:08Z,"🎵 Welcome to Musical Chairs! 🪑 Don't be the last one to find a seat! How to play: - Run around the chairs and find one when the music stops! If you don't, you're out! - The last person alive wins! 🪙 Earn coins to buy pets, trails, and chair skins! Premium users get extra coins every win! LIKE AND FAVORITE FOR NEW UPDATES AND FEATURES! 👍⭐"
6690355795,110570058234582,[🎃] 18+ Meet People Across The World 🔊,Nogo,Group,3394697,All,Social,,2024-10-18T19:07:58.277Z,2026-10-06T22:51:20.3914255Z,65,,2026-10-06T23:48:08Z,"🗺️ See everyone's Country, and talk to people from around the world! 💬 Customize your Profile, gain Reputation, and give other people Comments! 🛠️ Create Custom Servers that Anyone Can Join that give access to Admin Panel, and makes All Trolls + Items FREE! 🎤 Classic social hangout experience, reimagined. Supports: 🖥️ Computer 📱 Phone & Tablet 🎮 Console 🥽 VR This game has rules that can be found in the community server. Play the non-18+: https://www.roblox.com/join/kdf7v (Gamepasses + Badges save between versions, Data does not save between versions)"
6701277882,121864768012064,[🦑UPD] Fish It! 🐟,Fish Atelier,Group,35102746,All,Simulation,Incremental Simulator,2024-10-21T00:25:27.823Z,2026-10-06T14:58:51.1547275Z,20,,2026-10-06T20:21:17Z,"🦑 BOSS BATTLES, ALIEN INVASION EVENT, NEW PIXEL PET EGG, +1 ARCADIA SECRET 👾 ARCADIA EXPANSION, NEW FORGOTTEN + SECRET, +8 FISH, NEW BATTLEPASS REWARDS + SKIN! 🕹️ NEW LIMITED ISLAND, ARCADIA! NEW SECRET, +16 FISH, LIMITED GACHA, 8-BIT MUTATION 🍀 Collect from 1,000,000+ variations 🎣 Fish with your friends Or just sail the seas and explore⛵ 🛟 HOW DO I FISH? - Click to charge up - Click as fast as you can! ⭐ Remember to join the group and send feedback! Inspired by Fisch and Fishing Simulator"
6726637224,71600459831333,Street Life Remastered 🔥,flipsy's games,Group,16660065,All,Action,Open World Action,2024-10-27T13:23:29.773Z,2026-10-05T17:46:50.459078Z,35,,2026-10-06T20:21:17Z,"Welcome to Street Life Remastered – the BEST Hood Game on Roblox! Step into an open world where you control your destiny. Will you rise to power or get lost in the streets? – Rob banks and houses 💰 – Cause chaos and explode cars 💥 – Join the police force and fight crime 🚨 – Join a faction and take over turfs for prizes 🤼 – Hunt for weapons and cash 🔫 – Start a music career at the studio 🎙️ – Train at the gym 💪 – Purchase your own apartment 🏠 – Flex exotic cars 🏎️ – Trade crypto on your phone 📈 – Share your journey on the game’s social media 📱 You get ADMIN in Private Servers you own! Fully compatible on all devices, Street Life Remastered offers an immersive experience like no other. Join now!"
6739698191,93978595733734,[CURE] Violence District,VIOLENCE DISTRICT,Group,8818124,All,Survival,1 vs All,2024-10-31T00:18:08.683Z,2026-10-06T09:38:42.1247002Z,6,,2026-10-06T20:21:17Z,"><><-GAME IS IN ALPHA, EXPECT BUGS AND CHANGES-><>< if you manage to clip any bugs, feel free to show us in #bug-reports in our server Violence District is a casual asymmetrical horror game where 5 survivors have to survive against a killer. Expect the worst, there aren't too many that get to live. ><><--><><--><><--><>< -SURVIVOR- ""Forced to partake in games for its amusement."" Cooperate with your team to do objectives for a chance to escape. Make it out alive together..... or alone. Pallets are a scarce and limited resource to stun the killer and escape the chase, use them wisely. ><><--><><--><><--><>< -KILLER- ""No matter who or what, as long as it gets what it wants."" Experience the thrill of the hunt, pursue down the ones who are alive. Hunt them down and don't let them escape. ><><--><><--><><--><>< Join our community and help shape the game!"
6749060816,132352755769957,Asylum Life 🔊,Asylum Life Community,Group,5819563,All,Roleplay & Avatar Sim,,2024-11-02T07:31:07.557Z,2026-10-06T22:28:41.9314869Z,40,,2026-10-06T20:21:17Z,"🔪 You’ve been locked up in this facility masquerading as an Asylum for mysterious reasons! You can either choose to be an Orderly to protect the staff or a Patient to cause some mischief 😈 Beware though—the Orderlies will arrest you if you cause too much chaos! As a patient, you can mop up spills or talk to Mitch to get Credits 💵 ❗ Update | October 3rd, 2026 ❗ 🔹 Runic Pack! 🔹 Chairperson Golfcart! 🔹 Balancing adjustments! 🔹 & more! 🌍 Available on all platforms 💻🎮📱🖥️ 👍 Make sure to LIKE and FAVORITE the game for more updates! 🔊 (VC) Voice Chat is strongly recommended for the best experience. ❗ In-game Rules! https://devforum.roblox.com/t/3938133 🤪 Join the crazies by joining the group below to stay updated! https://www.roblox.com/groups/5819563"
6751400610,113385048266134,🎨Draw Or Oof!,Unliked Games,Group,35158374,All,Party & Casual,Coloring & Drawing,2024-11-02T17:21:24.357Z,2026-07-28T19:57:06.336Z,36,,2026-10-06T23:48:08Z,"🎨 Welcome to Draw Or Oof! 🎮 The ultimate drawing game with high intensity and even higher rewards! 😱 🖌️ Every round, you're given a prompt and have 2 minutes to create your masterpiece. ⏳ 👀 Then, it's time to vote... but watch out—the worst drawing gets eliminated... 💀 💥 Are you ready for the challenge? Like ❤️ and favorite ⭐"
6751447237,80200604311136,[RANKED!] Car Zone 🏎️ Racing & Drifting,CODIV Studio,Group,33641680,All,Simulation,Vehicle Sim,2024-11-02T17:32:52.383Z,2026-10-05T14:56:23.3527241Z,20,,2026-10-06T20:21:17Z,"🏎️ Car Zone is large open-world racing game where you can feel realistc car driving simulation with detailed cars. Race with friends, test hyper cars, sports, classics and whatever you want! Explore a huge map and get your dream cars! 🚗 Collect over 200 cars! 🔧 Customize your Car! 🌎 Explore a large realistic open world! 🏎️ Race with your friends! Invite you friends to get earnings bonus! 👥 you will get 5% earnings bonus for each friend you invite!(max 25%) Created with ❤️ by Divvine and MrCollin Tags: Car, Vehicle, Cars, Vehicles, Hangout, Realistic, Supercar, Supercars, Simulation, Drag, Drift, Drifting, Race, Racing, Cars, Hypercars,"
6760085372,128451689942376,[🎞️ DOMAIN] Jujutsu: Zero,Studio Resonance,Group,35150553,All,RPG,Action RPG,2024-11-04T17:58:40.07Z,2026-10-06T17:38:36.9343125Z,14,,2026-10-06T20:21:17Z,"⚔️ [Welcome to Jujutsu: Zero] Roam the vast world of jujutsu, discover valuable cursed objects and hone your cursed techniques to the top. Defeat cursed spirits, sorcerers and alike as you progress. 🎞️ [BETA UPDATE - PROJECTION DOMAIN] - NEW Awakened Projection: Domain Expansion + Skills: Frame Combo + Overkill - NEW Gamemode Raid: Projection (4-phase boss fight) - NEW Disaster Grade Accessory: Zen'in Heir Circlet - NEW Emblems: Moon Emblem + Time Emblem - Level Cap increased to 15K - Quest Menu Overhaul (sub-sections + pinning) - QOL, Bug Fixes and More! FRAMES | 5k Lumens, 1K CC, and 50 Clan Rolls ⚠️This is a BETA of the game, data will not reset. ❓Available for all devices!"
6760897304,105688896121506,Steal a Sprunki Egg ✨ 3D SPRUNKI SIM,Capybaras To Power,Group,32519498,All,Simulation,Incremental Simulator,2024-11-05T00:02:59.18Z,2026-10-06T18:17:56.6522763Z,30,,2026-10-06T23:48:08Z,"🎮 The entire Sprunki universe in one game! ✨ Discover all the official skins and unlock exclusive skins available only here. 🥚 New Game Mode: Steal Eggs! 💨 Train your speed on the Treadmills. 🥚 Steal eggs from the bosses and escape before they catch you! 🐣 Bring the eggs back to the lobby and discover what prize you got. ⭐ Collect increasingly rare Sprunkis! 🏆 Unlock new zones, collect Sprunkis, and grow your collection. 👥 Invite Friends Bonus: +20% 🤍 Created by Capybaras to Power"
6765805766,104715542330896,BlockSpin 🔪 [MANSION UNDERGROUND],Cinnamon Go!,Group,33720745,All,Action,Open World Action,2024-11-06T14:19:35.68Z,2026-10-03T18:00:48.126Z,28,,2026-10-06T20:21:17Z,"👍👍 Thumbs up the game for more updates! Use code W7C28D for $500 free cash if you're a new player! Spin the block. Grind your way through jobs to unbox random reward cases, and level up your character to become the top dog in the city. Every choice you make will push you closer to becoming the most powerful gangster around. With intense battles, unforgettable finishers, and a world that reacts to your every move, you’ll need more than just muscle to reign supreme. The question is: will you rise to the top or be left behind? Warning: - You drop everything in your inventory on death, place items into the safe in your house to keep them secure. Based in a Florida county."
6770632849,139598620873181,[WIND🌪️🍃] MUGEN,Pure Pure,Group,34122479,All,Action,Battlegrounds & Fighting,2024-11-08T03:42:05.907Z,2026-10-06T01:19:47.251035Z,14,,2026-10-06T23:48:08Z,"USE CODE ""500KLIKES"" FOR REWARDS! - 600K LIKES = NEW CODE ⚡WELCOME TO THE WORLD OF MUGEN BATTLEGROUNDS! 🗡️An Adrenaline-Rushing, Fast-Paced and immersive Combat experience! ⚔️ Battle other players! Gain a high killstreak and SPIN FOR STYLES! IF YOU'RE NEW CHECK OUT THE TUTORIAL IN THE MAP! IT HAS AWESOME REWARDS! CONTROLS: Attack – (Hold) Left Click/M1 Block – (Hold) F Parry – (Tap) F when bar is full Chase - C (Catch Runners/Combo Extender) Dash – Q Sense- T (Helps you find players) REPORT ANY BUGS TO OUR COMMUNICATIONS SERVER BELOW!"
6774320049,122485613019196,Dubai 🏡 RP [KIDS UPDATE! 👶🎉],GameOver Productions.,Group,33807855,All,Roleplay & Avatar Sim,Life,2024-11-09T02:32:42.667Z,2026-10-06T21:37:58.0392512Z,30,,2026-10-06T20:21:17Z,"🌴 Welcome to Dubai RP! 🏡 Build your dream home, 👨‍👩‍👧 raise a family, 🚗 drive supercars, 🛍️ shop with friends, 🎡 visit attractions, and explore Dubai! ✨ Create your own story — decorate, roleplay, travel, make friends & live your dream life! NEW UPDATE!:- 👶 NEW Baby Walker & Strollers! 👶 NEW Kids Playground! 👨‍👩‍👧 Smarter Companions! 🏗️ Build on EMPTY PLOTS! 🔄 Rotate Furniture 360° 🧸 NEW Kids & RP Props 🛋️ 100+ NEW Furniture 🚿 Showering Animation Create your dream life, make friends, and explore Dubai! 👍 Like + Follow + Favorite for FREE rewards!"
6786784563,122720857080780,[🚗NEW CAR!] Corsa Legends [ALPHA],Cogito,Group,6670214,All,Simulation,Vehicle Sim,2024-11-11T18:56:49.46Z,2026-09-26T08:58:41.125Z,28,,2026-10-06T20:21:17Z,"⭐ Join group to get bonus cash when driving. ⭐ Favorite and Like the game for in-game rewards. ✨Thank you for 130,000 likes! Code ""130K"". New code at 140,000 likes. 🚗 Collect over 80 different detailed cars and trims. 🔧 Customize paint, interior, rims, tint, and extensive performance upgrades. 🌎 Explore detailed cities, scenic highways, twisty roads, and breathtaking landscapes. 🏁 Push the limits of your car and earn rewards through various live races! 🎵 Enjoy dynamic weather, stunning lighting, various radio stations, and car damage. Corsa Legends offer realistic driving mechanics, including accurate aerodynamics, throttle control, realistic physics, interactive infotainment, and dynamic lighting systems. Swap engines, experiment with different suspension setups, and choose from a variety of tires, along with a super advanced tuning—enjoy limitless customization to make every ride your own. This game is still in ALPHA, so expect BUGS. Any feedback is appreciated."
6787216875,101685456774656,Hell Or Heaven,L0L GAMES,Group,33230480,All,Party & Casual,,2024-11-11T21:55:53.83Z,2026-09-30T20:46:49.224Z,12,,2026-10-06T23:48:08Z,"👨‍⚖️ Become the JUDGE, who goes to HELL or HEAVEN? As the player, your mission is to convince 'God' that you belong in Heaven ❓Can you make a case for yourself?❓ 👍 Like and ⭐ Favorite the game to support us and possibly earn rewards in the future 🔔 Tap the Notify button to stay informed of FUTURE updates 🎵 NON COPYRIGHTED AUDIO 🎵 UGC By Bad_B0y Inspired By Like Or Pass"
6787644864,132287558697665,The Powder Box (All Ages),Ethanthegrand14,User,101134878,All,Simulation,Physics Sim,2024-11-12T01:11:47.857Z,2025-12-28T23:20:41.303Z,1,,2026-10-06T23:48:08Z,"Play the main version here, which has creation browsing: https://www.roblox.com/games/9226846612/The-Powder-Box Welcome to the 2D physics based powder and fluid simulation sandbox game with heaps of fun elements and features to mess around with! Build a house, play with fire and explosives, grow some plants, make contraptions, machines, and much more! This game is based on the 'falling sand game' genre. This game was mainly inspired by Powder Game, Powder Game 2 and Noita. Enjoy! Powered by CanvasDraw"
6818915584,106078822951099,🎠 Mingle Carousel [SQUID GAME 2],Rageforce Games,Group,35231885,All,Party & Casual,,2024-11-20T14:16:22.33Z,2026-09-23T13:24:26.415Z,90,,2026-10-06T23:48:08Z,"👋 Welcome to Merry Go Round (Squid Game 2), in this game you have to hurry up to survive! 👀 When the music & platform stopped you need to go rooms. 👍 Like and favorite ⭐ the game to support more updates! 🏃‍♂️ Sprint Controls: PC > Shift Console > L2 Tags: Squid Game, Fish Game, Hexa Game, Red Light, Green Light, Carousel Game, Survival, Glass Game, Merry Go Round"
6858584271,130700367963690,[🔥] Philly Streetz 2,Strictly Revenue,Group,34395401,All,Action,Open World Action,2024-11-30T09:32:43.557Z,2026-10-06T15:04:29.8994047Z,1,,2026-10-06T23:48:08Z,"🔥 WELCOME TO PHILLY STREETZ 2 🔥 A next-gen city roleplay experience straight from the 215. 🏗️ MADE BY: JalenBoston & On1yDJ 🎮 CONSOLE SUPPORTED 🌆 FEATURES: • Custom Tools & Attachments • Custom Cribs & Interiors • Safe Storage for Your Items • Cars You Can Flex • Lootable Spots & Street Hustles • Card Swipe Minigames • Snacks & Unique Items • Work Jobs, Build Your Name, and Run It Up • Constant Updates with New Content ⚠️ RULES: 🚫 No Random Killing 🚫 No Glitching 🚫 No Exploiting ✅ Play Fair and Have Fun 🎮 CONTROLS: • Left Click / R2 – Use Tool • Shift / L2 – Sprint • M / D-Pad Up - Emote • T / D-Pad Up – Hangout Cars • C / D-Pad Down – Crouch • F / B – Chamber Tools • T / Left Stick – Wheelie • Phones - Tons of accessible settings Tags: Philly Streetz 2, PS2, Philly Streetz, Philly, Philadelphia, City Roleplay, Street Roleplay, Open World, Money, Grind, Roleplay, City, Urban, Cars, Driving, Fighting, Police, Jobs, Houses, Customization, Attachments"
6925303818,137628283909891,Goalbound,ΞGO,Group,34966374,All,Sports & Racing,Sports,2024-12-15T17:54:34.227Z,2026-10-06T21:34:06.7603347Z,12,,2026-10-06T20:21:17Z,"Shift - Run Space - Rainbow Flick E - Tackle E Mid-air - Intercept Space + M1 - Header Space + Space (IF BALL IS IN AIR) - Other Header M1 - Shoot M1 + A/D - Curve shot M1 + M2 - Shot feint M1 + M2 Timed - Parry M1 Timed - Volley shot(ball needs to be in the air) Q - Dribble T - Flow G - Awaken ⚽ Goalbound is a Roblox soccer game inspired by the anime Blue Lock, where players compete in intense 6v6 team-based matches to prove they're the best striker. With flashy skills, ego-driven gameplay, and training areas to sharpen your abilities, it captures the competitive, high-stakes spirit of Blue Lock in a fast-paced, anime-styled experience."
6931042565,73956553001240,[UPD] Volleyball Legends,Volleyball Game Group,Group,35330702,All,Sports & Racing,Sports,2024-12-17T02:31:13.453Z,2026-10-06T18:38:53.6787304Z,12,,2026-10-06T20:21:17Z,"BECOME THE KING OF THE COURT in Volleyball Legends!! 🏐🔥🔥FAST-PACED 6v6 Volleyball Play a pickup Volleyball game with friends OR challenge anyone in a RANKED match 🎮CONTROLS: Bump, Spike in Midair - CLICK [PC], RT [CONSOLE] Set, Block in Midair - Q [PC], LT [CONSOLE] Dive - CTRL [PC], X [CONSOLE] ❓HOW TO SERVE: Once it is your turn to serve, click on screen (RT on console). Click again to choose power. You can jump and spike the ball (tilt to change direction of the ball). You can also let the ball drop to bump serve the ball in. Premium benefits: Premium players receive +10% Yen New updates weekly Saturdays at 11:30am EST! Follow the game so you don't miss out! 💛LIKE, FAVORITE, and JOIN the group for REWARDS!"
6935083490,94503612388426,Be Fish,Goofy Vegetables,Group,35333553,All,Simulation,Incremental Simulator,2024-12-18T02:28:54.05Z,2026-09-10T17:12:13.647Z,16,,2026-10-06T20:21:17Z,You are a fish. Don’t get eaten. 🐟 Start as a tiny fish 🦐 Eat food to grow bigger 🐠 Unlock new fish and grow your collection 💀 Try not be eaten by other players! 🐡 Collect all the fish and become the biggest!
6937137675,73101851322368,Calla City 🏡 RP [Kids! 👶🏻],ARKVERSE-studio,Group,35334133,All,Roleplay & Avatar Sim,Life,2024-12-18T14:33:35.247Z,2026-10-06T03:44:01.5491121Z,28,,2026-10-06T23:48:08Z,"Welcome to Calla City 🏡 RP!❤️ This is a city made with reference to the real world, where we can live with friends or family.👪 🏠️ Build your house and live with friends 👗 Create your exclusive and exquisite image 🚗 Create your car and go shopping together 👔 Play a role in your favorite profession 📱 Play with friends on your phone 🛍 Go shopping with friends Join our group ⭐ and Like the game 👍 to get Classic sports car! We will create more content for everyone to play. Thank you for your support! We will have more interesting updates!"
6940206974,107792622719098,SnugLife RP 🏡,Neleaves,Group,35288197,All,Roleplay & Avatar Sim,Life,2024-12-19T08:43:19.423Z,2026-10-05T09:49:34.918Z,30,,2026-10-06T23:48:08Z,"🎉 BIG SNUGLIFE UPDATE! 🎉 🧽 New car wash scene added! 🍳 Cooking feature is now available! 🛹 Two brand-new skateboards added! 🚇 Metro construction finished — it’s officially open for operation! 🔍 Play now and build your dream family! 💕🎉 Play now and build your dream family! 💕🎉 🌟 Welcome to SnugLife! 🌈 It’s like a big toy city where YOU make the rules! 🏠 Get a cool house — decorate it your way! 👗 Dress up in fun clothes and hairstyles! 🚗 Drive cars, fly planes, or ride bikes around town! 🎉 Play with friends — go shopping, be a police officer, or just explore! Everything is possible here! Let’s play together! 😊🎮 Tags: Life, Topia, Brook, Town, Club, Metro, Fun, Family, Dream, Happy, Adopt, Daycare, Berry, RP, Roleplay"
6945584306,94647229517154,[💀QOL🐱] Azure Latch,[B:S] Azure Latch Team,Group,35316274,All,Sports & Racing,Sports,2024-12-20T13:35:18.56Z,2026-10-06T21:38:31.5503309Z,10,,2026-10-06T20:21:17Z,"This Experience is permitted under Roblox License Manager and has not been subject to official supervision or endorsement by the authors of IP or Kodansha. The content of this Experience has no official connection to the original manga series of “Blue Lock” or any officially licensed content thereof. M1 - shot 1,2,3,4,5 - skills Q - tackle, dashing left and right, and diving as the Goalkeeper R - Whistle E - Dribble (With Ball) Blue Lock, Soccer, Football, Sports"
6983536246,125790795579287,[🎶] Incredible Blox,specil studios Deluxe,Group,35381932,All,Entertainment,Music & Audio,2024-12-26T21:12:03.077Z,2026-10-04T14:10:42.533Z,50,,2026-10-06T20:21:17Z,"🎮PC, Mobile, Console & VR supported 👍Please like, it helps alot!!! 👥User instruments & multiplayer with 8 people! 🎶Create songs & have silly dummies dance to them! Incredible Blox is a sandbox that features various mods. You drag and drop instruments that, when combined, create a mix. It includes various bonus things such as Multiplayer, 4 instrument rows & many more to spice up the experience! Features Kats, Mustard Colorbox, Sprunked, 1996, Deadline, Orin Ayo, Yubin Niiku 2, Next & many more! Credits in-game All ingame instruments are the property of their original composers. Please discuss with the original composers before using them in your content! If you are the creator of a mod featured in this game and want to discuss about the inclusion of it please contact blocco"
6996253752,121567535120062,🔥[UPDATE]🔥Central Streets,Central Productions (RP),Group,35381445,All,Action,Open World Action,2024-12-29T01:25:04.687Z,2026-10-06T13:05:02.4428581Z,26,,2026-10-06T20:21:17Z,"💵 WELCOME TO CENTRAL STREETS 💵 An immersive open-world roleplay experience with frequent updates. ✨ FEATURES ✨ 📱 ProPads 🎒 Backpacks 🚗 Vehicle Building 🚘 Vehicle Customization 📸 Live Cameras 🌱 Farming 👥 Teams 💼 Jobs 💵 Economy 🏦 Banking 🔧 Vehicle Parts ...and much more! Our goal is to deliver a polished, immersive experience with regular updates and high-quality gameplay. 📢 RULES: 🛑 No Cheating 🛑 No Exploiting 🛑 No Harassment 🛑 Respect Other Players Tags: Tha bronx 3, TB3, Switches, Hood Game, Fun, Action, Shooting, Open World, Money, Grind, 2 Players, 5 Players, RolePlay, TB3, Buttons, Drums, City, Cars, Fighting"
7005891584,140374914197602,Speed Clicker ⚡,lol games..,Group,12208023,All,Simulation,Incremental Simulator,2024-12-30T17:44:44.9Z,2026-09-21T18:48:55.027Z,20,,2026-10-06T20:21:17Z,"Welcome to Speed Clicker! Gain speed with every click! ⚡ Complete obstacles to increase the amount of speed you get with every click and earn wins! 🏆 Race against friends and other players 👥 Collect pets! 🐶 Become the FASTEST on the server 🌍 Unlock new worlds! 🚀 Roblox Plus Benefits: +50% Speed and Daily Plus Rewards! 💎 Join ""lol games.."" to unlock daily group rewards and +10% Speed! https://www.roblox.com/groups/12208023/lol-games 🎁 Invite friends for a speed boost! 💪 If you enjoy this game leave a like and favorite! 👍 Remember, you keep gaining Speed even while you're offline! ⏰"
7008097940,99567941238278,[🥇] Ink Game,games i think,Group,12398672,All,Party & Casual,,2024-12-31T03:07:28.08Z,2026-10-06T18:30:22.9190698Z,100,,2026-10-06T20:21:17Z,"🆕 NEW: MEDAL EVENT 🦑 Survive deadly challenges inspired by Squid Game. 🏆 Be the last one standing or rebel and escape with all your friends. 🎭 [3 ENDINGS] [REBEL, FINAL FIGHT & SKY SQUID GAMES] 💻📱🎮 Works on all devices: PC, Console, Mobile. PC Keybinds: Left Ctrl / Left Alt — Shift Lock Q — Dash (if unlocked) ⚠️ CHEATERS WILL BE PERMANENTLY BANNED WITH NO HESITATION, DO NOT CHEAT OR YOU WILL BE BANNED. ⚠️ Made by some HBG devs."
7015341259,109258067111533,[🍂] TOUCHLINE,TOUCHLINE,Group,35121139,All,Sports & Racing,Sports,2025-01-01T08:10:26.867Z,2026-10-06T19:55:29.2754968Z,30,,2026-10-06T23:48:08Z,This is a competitive soccer / football game with simple mechanics. No assets were taken from any other experience or developer without consent or permission.
7018190066,116495829188952,Dead Rails,RCM Games,Group,11867394,All,Adventure,Exploration,2025-01-01T18:35:30.213Z,2026-10-06T18:09:50.6510519Z,16,,2026-10-06T20:21:17Z,"In 1899, a mysterious virus swept the American continent. Dubbed the ‘Zombie Plague’, a cure was discovered in Mexico. Gather your friends and board your trains to fight through the zombie-infested desert."
7028566528,130739873848552,[PERFECTION ✨] Basketball: Zero,Current.,Group,34852864,All,Sports & Racing,Sports,2025-01-03T14:36:41.333Z,2026-10-05T02:19:33.514Z,10,,2026-10-06T20:21:17Z,"THIS IS A COOL BASKETBALL GAME, ITS 5V5 BASKETBALL, FAST PACED AND EASY TO PLAY! Choose a character class with unique abilities and dominate the court with your AURA! CONTROLS: Shoot – (Hold) Left Click Pump Fake – (Tap) Left Click Pass – Right Click Dribble – Q Layup/Dunk – Spacebar"
7037673488,114283239905753,[INVADERS] Crazy Skeleton RNG,Crazy Skeleton RNG,Group,35447077,All,Simulation,Incremental Simulator,2025-01-05T02:17:02.947Z,2026-10-06T17:28:31.4447811Z,6,,2026-10-06T20:21:17Z,"JOIN THE GROUP FOR AN EXTRA LUCK BOOST! Play the game on weekends to earn a 2x runtime luck bonus! Like and support the game so we have more motivation to do updates! Not your average ""RNG"" game. Collect Sanses that spawn throughout the map randomly every second. By clicking on it or using weapons at your disposal. Contribution will determine your worthiness of collecting a Sans. With more difficult Sanses being rarer, may your luck treat you well in this world. Developed by @Laserberg, @BludnMonsters, @Saha000412 and 8 _ 0 62233 Additional help from @sindisaoa, @HeavensentThesis and @BadCreePer98 Sans models by @sarberlool Arts by @TomMogsU and @botakmenhilang30 Maps by @arturklng and @SharkBlue_Chris Official CSR OST by @echo2z3"
7058980030,127380660530951,Survive Overnight in a Mega Store,Velstorm's Survive Overnight Game,Group,35468177,All,Survival,,2025-01-09T03:45:18.903Z,2026-05-04T00:34:01.085Z,25,,2026-10-06T20:21:17Z,Build your fort. The store's closing… and you're not getting out. [Latest Update: 1.4.1 on 1/2/2026] Made with <3 by Velstorm & inspired by 3008
7069852763,103589142326933,[JDM PART 2] Car Crash Simulator V3,sxriing's garage,Group,11434414,All,Simulation,Vehicle Sim,2025-01-11T08:46:20.377Z,2026-10-04T12:52:32.279Z,35,,2026-10-06T23:48:08Z,"Third successor to the Car Crash Simulator games, made from the ground up. Latest update: JDM CARS PART TWO MOVED EK9 TO FREE CARS (list is still changing) added Honda Acty + jdm extra variant added Ford Transit + extra variant added NOS to ek tuner, acty modded and modded silvia (shift) added junkyard with evil car destroying doohickeys (go right on main road from spawn) increased modded silvia hp and steer speed and lowered grip a bit made miata roof fold by clicking made spraycan paint popup lights (beware of hood hitbox) made trunk springs more powerful disabled car overheating function (broken oilpan still causes failure) small safety improvements fixed custom plates on cars with A3 license plate type fixed EK wheel fixed skyline and silvia suspension fixed silvia trunk model fixed integra dash fixed radios ------------------------------- PRIVATE SERVER OWNERS HAVE ADMIN Have suggestions? Post them in my server! (social link below)"
7073604286,99758842280353,Dog Walk 🐶 [2 Player Obby],Yamato Studios x Foxique,Group,34706887,All,Obby & Platformer,,2025-01-11T22:41:32.037Z,2026-10-05T19:19:50.0886887Z,18,,2026-10-06T23:48:08Z,⭐THE BEST and FUNNIEST 2 PLAYER OBBY GAME⭐ 🐶One player is a Dog and the other is the Walker! 🔑Team up with a friend to complete this Fun Obby! 🪢Be CAREFUL! You are roped together with a Leash! If you called someone Good Boy in game then please give a Like 👍
7081611770,120790217521707,[💌] Roll a Fat Friend [2 Players Obby],Pushing C,Group,35489579,All,Obby & Platformer,,2025-01-13T11:09:40.83Z,2026-09-02T13:00:35.649Z,12,,2026-10-06T23:48:08Z,"🎳 Choose between being a pusher or a ball as you roll your way through this fun obby! Work together to overcome wild obstacles and really test the power of your friendship. 💥 Tap, launch, and spin your friends using the in-game troll menu! Will you be able to reach the end line safely or will you be thrown off the map? The delay? Make A FREE PRIVATE SERVER! If you find a mistake, let us know! Tags: roll push ball two players beat each other teamwork pull each other troll physics"
7082423811,76137189788863,🌊 Raft Tycoon,Flappy Bit Games,Group,34447540,All,Simulation,Tycoon,2025-01-13T15:10:00.72Z,2026-10-02T18:15:32.926Z,10,,2026-10-06T23:48:08Z,"Welcome to Raft Tycoon!🌊 Start small and build the ultimate floating empire! Expand your raft, collect resources, and upgrade your setup while surviving the open sea. But beware—sharks are always nearby! 💾 Auto-saving progress. 🔁 Rebirth system to progress faster. 🤗 Playing with friends gives everyone bonuses! (10% per friend) 🎟️ Special passes with exclusive perks. 🔓 Redeem codes to get rewards: FLAPPY, SEASIDE, CODECASH 🫂 Join our group and stay up to date with the latest news! https://www.roblox.com/communities/34447540"
7089588429,131378148336503,(WHEELIE STYLE x BIG UPDATE) Drag Drive Simulator,ADV Gamers Team,Group,11378976,All,Simulation,Vehicle Sim,2025-01-15T08:10:40.233Z,2026-10-02T02:24:09.943Z,25,,2026-10-06T20:21:17Z,"Drag Drive Simulator (DDS / RDID Revamp) is a Roleplay Game that has realistic features like the real world. You can drive, play, and roleplay with friends in a fun way !! 😄 ❤️ NEW CODE : DRAGDRIVESIMULATORSEPTEMBER26 +4 MORE CODES Next Code releasing at 200000 Likes❓❓ ⭐️ BETA V1.1.9 [WHEELIE STYLE x BIG UPDATE] : - New Special Trick System: Wheelie Style 🚀 - Map Expansion Surakarta: Gatsu Street 🗺️ - Added 6 new Limited Special Vehicles - Added many new Standard Cars & Motorcycles - New Modification System: Wide Rims Type, Material, & Accessories 🔧 - 5 Wheelie Styles with Wheelie Speed & Angle Tuning - New Dynamic Vehicle Camera: First Person & 360 Action Cam - New Favorite Vehicle Spawner ⭐ - Rims Type System Rework - Added 5 new Redeem Codes - Bug Fixes & Many More! Don't forget to click Like (👍) and Favorites (⭐️) the game If you have suggestions or find bugs, please report it on the social links below. #dds #rdid #ddsupdate #rdidupdate #drag #simulator #roleplay"
7091388561,127707120843339,Math Murder,Spelling Studios,Group,35404073,All,Education,,2025-01-15T17:25:29.143Z,2026-07-21T14:25:11.98Z,8,,2026-10-06T20:21:17Z,"Get the correct answer, or die! 🤓 Be the smartest student! 👍 Like the game for updates! Math Questions: 10,000"
7094518649,119048529960596,[🛵] Restaurant Tycoon 3,Ultraw,User,13042801,All,Simulation,Tycoon,2025-01-16T11:24:38.103Z,2026-10-05T07:59:01.027Z,6,,2026-10-06T20:21:17Z,[🛵] DELIVERY UPDATE! Check the 'Upgrades' menu! 🧑‍🍳Welcome to Restaurant Tycoon 3 [HOW TO PLAY] 👨Click to serve customers! 🍔Cook dishes for the customers! 🍝Build and upgrade your restaurant! 💵Your restaurant can literally make money while you're offline! 📂 Updates & Credits https://devforum.roblox.com/t/restaurant-tycoon-3/3670704 ⭐ What's changed since Restaurant Tycoon 2? https://devforum.roblox.com/t/t/3636102
7101140819,98626216952426,Naramo Nuclear Plant,The Noobic Stratocracy,Group,2704934,All,Action,Open World Action,2025-01-17T19:19:57.417Z,2026-10-05T19:58:40.55925Z,90,,2026-10-06T20:21:17Z,"☢️ Secure the Noobic Stratocracy's volatile nuclear power plant where the risk of total annihilation looms over your every move. Keep everything running as a nuclear technician, secure the site as part of the elite SECFOR, or destroy it all as a raider! Double XP on weekends! [ /// September 11th | Content Update /// ] 🔸 New Custom Servers! 🔸 New Prop Placer! 🔸 Custom commands and manager UI! Liking and Favoriting the game helps us a lot! ( NEW CODE AT 70K LIKES ) The Naramo District lies the Noobic Stratocracy's first Nuclear Power Plant, a beacon of their accomplishments in engineering and a key asset with securing power for hundreds of thousands of citizens. From the west, however, a detachment of West Noobia's Federal Assault Forces guided by military advisors of the Bloxian Commonwealth prepare an assault to permanently destroy the lifeblood of the Stratocracy."
7108384194,120700541929930,Knife VS Gun DUELS,Knife Gun Duels,Group,34428082,All,Action,Battlegrounds & Fighting,2025-01-19T00:06:02.747Z,2026-10-03T18:18:15.086Z,40,,2026-10-06T20:21:17Z,🗡️ Welcome to Knife VS Gun DUELS! 💥 👍 Like the game and join the group How to Play: ⚔️ Step on a pad to start a duel 🗡️ Fight players using knives or guns 💰 Win duels to earn coins 🎁 Use coins to unlock & trade cool items 🔥 Keep winning to build streaks and climb the leaderboard Have fun and good luck dueling! 🎉
7114667385,127152805777886,Animal Topia 🏠 RP,Animal Sims.,Group,7625597,All,Roleplay & Avatar Sim,Animal Sim,2025-01-20T00:36:07.207Z,2026-07-12T10:39:27.263Z,40,,2026-10-06T23:48:08Z,"Dress up your animal Roleplay Hangout Game is still work in progress We will be adding more features and animals Thanks so much for playing ^^ Tags: Animal Simulator, Adopt, Pet, Avatar Creator, Dog, Puppy, Cat, Kitten, Capybara"
7127084123,112413741511713,[TRAINS] 🏙️ Mini City Tycoon,Aurion Games,Group,35528247,All,Simulation,Tycoon,2025-01-22T17:22:05.637Z,2026-10-05T18:10:57.4755159Z,9,,2026-10-06T20:21:17Z,"Welcome! In this game you can build your own mini city, go from nothing to a huge metropolis! 🗺️ Choose from a variety of maps to build your city on 🛣️ Place curved or straight roads, houses, skyscrapers, stores and much more 🚗 Watch AI cars and npcs navigate around your city ⏫ Unlock new buildings as you level up ✈️ Travel to other players cities in the server 🚘 Drive around your city in cool cars 💸 Join the group for a 10% cash boost 💖 Like the game for updates!"
7128163167,139360679647453,Lori's Nightmare,acorn dreams,Group,35527978,All,Survival,Escape,2025-01-22T22:54:24.32Z,2026-07-03T01:55:47.796Z,7,,2026-10-06T23:48:08Z,"[ alpha ] Summer 1996, it was just a fun sleepover with friends… but the old tapes hid something terrible. The experiments held at the institution have finally resurfaced. 📺 CHILDREN: Sneak through the dark and restore the TVs. 🌙 NIGHTMARE: Hunt children and prevent them from restoring the TVs. Uncover the twisted past of a forgotten child 🧸 . This is a horror game."
7128251171,101432174163538,[TRADING] Superstar Baseball,Metavision,Group,10302151,All,Sports & Racing,Sports,2025-01-22T23:24:25.377Z,2026-10-06T00:15:42.1532851Z,14,,2026-10-06T23:48:08Z,"⚾️ Superstar Baseball ⚡ 💛 Like the game and join Metavision for a 500 COIN BONUS!! Step up to the plate against other superstars in Superstar Baseball, an anime-inspired, action-packed 7v7 arcade baseball game! Use special abilities and ultimate power-ups to take control of the field and outplay your opponents in casual but high-stakes matchups. 🔥 Unlock unique playstyles with powerful abilities and ultimates 🧢 Easy to play, competitive, and fun for baseball fans of all levels 🎽 Collect and equip gear, with more cosmetic options dropping soon 💥 Feel like a true slugger in every swing, pitch, and diving catch"
7143545906,114357963370524,Enter Brainrot,Monk Mountain,Group,35538693,All,Obby & Platformer,,2025-01-25T15:32:15.117Z,2026-09-29T17:11:32.865Z,35,,2026-10-06T23:48:08Z,Climb your way to the top of mount brainrot & enter the brainrot portal to visit the brainrots in their natural habitat! 🎬Cutscenes by MonkeyMan
7155018773,131117978948830,[Testing] DMvsS,MVS Duels Community,Group,35551875,All,Action,Battlegrounds & Fighting,2025-01-27T14:52:55.813Z,2026-10-03T18:36:53.234Z,31,,2026-10-06T20:21:17Z,"PUBLIC TESTING. THIS PLACE IS NOT GUARANTEED TO BE STABLE AND DATA MAY BREAK AT ANY TIME. Welcome to [DUELS] Murderers VS Sheriffs Duel, improve your aim and have fun Tags: 1vs1, 2vs2, 3vs3, 4vs4"
7178032757,74260430392611,[🍁] Rebirth Champions: Ultimate,Powerful Studio,Group,5522949,All,Simulation,Incremental Simulator,2025-02-01T08:45:07.927Z,2026-10-06T09:50:54.0197357Z,10,,2026-10-06T20:21:17Z,"🎁 Use code ""release"" for Free Boost in-game! 💖 Welcome to Rebirth Champions: Ultimate! ⚡ Click to get Clicks! ♻️ Rebirth to get Clicks Multiplier! 🐾 Hatch Eggs to unlock new Pets! 🌌 Complete quests to unlock new worlds! 👑 Climb the leaderboards & become the best! 🖱️ TAP Anywhere to Click! 📅 Update every week! 🤩 Join the group for a FREE AUTO HATCH & GROUP CHESTS! https://www.roblox.com/groups/5522949/Powerful-Studio/ ✨ Enjoying the game? Leave a thumbs up! 💎 Don't forget to favorite! 🔔 Follow the game to be the first notified when updates drop! A game by Powerful Studio 🐢"
7194739190,119865329453489,Skaters Of Hell,Crystal Skates Obbies,Group,35787218,All,Obby & Platformer,,2025-02-04T12:09:52.373Z,2026-06-19T21:32:46.308Z,20,,2026-10-06T20:21:17Z,"This Is Where You Skate Super Fast ! ✨ Run Over Obstacles Earn Money 💵 Get Better! Inspired By Obby But You Are on Roller Blade, Skateboard Of Hell, Bike Of Hell, Tower Of Hell. Tags: Obby, Parkour, Skaters, Skaters Of Hell, Hard Obby By O"
7208219743,128039018996175,The Walking Dead Online,TWD Online,Group,34088407,All,Action,Open World Action,2025-02-07T15:11:14.99Z,2026-09-28T13:18:56.305Z,50,,2026-10-06T20:21:17Z,"WELCOME TO TWD ONLINE TWD Online is an open-world survival game set in the post-apocalyptic world of The Walking Dead. Scavenge abandoned towns, search for supplies, fight walkers, and survive against both the infected and other players in a persistent online world where every decision matters. Build your character, collect weapons, vehicles, clothing and equipment, form factions with other survivors, and carve out your place in a world that no longer belongs to the living. The apocalypse is only just beginning. TWD Online is currently in Beta. Expect bugs, balancing changes and unfinished features as development continues."
7212930772,129163919591388,Train to Fight,Boxing Fighters Legend,Group,35594856,All,Simulation,Incremental Simulator,2025-02-08T11:50:01.707Z,2026-02-26T06:12:27.548Z,20,,2026-10-06T23:48:08Z,"Welcome to Train to Fight! A fierce PvP arena where your body IS your weapon! Just launched – Weekly updates! 💪 Train to Grow Stronger – Your physique shapes your power and speed! 💥 Dominate Rivals & Earn Respect – Steal theirs or risk losing your own! 🔥 Master Unique Fighting Styles – Unlock them with hard-earned Respect! 🎁 Code: NEW, 100likes, 1KLIKES, 5KLiKEs, 12kliKES, 25KLIkES, 50Klikes Next Code: 120K likes 🤩Join Our Group for Extra code! ❤️ Your support fuels our updates! Like, favorite, and join our group to shape the game’s future! 🏷️ Tags: PvP, Muscle, Strength, Battle, Training, Simulator, Lifting, Gym, Looting, Strongest"
7219654364,135856908115931,[🎃DUELS] Murderers VS Sheriffs,MVS Duels Community,Group,35551875,All,Action,Battlegrounds & Fighting,2025-02-09T12:47:47.52Z,2026-10-04T19:20:43.662Z,30,,2026-10-06T20:21:17Z,"Welcome to [DUELS] Murderers VS Sheriffs Duel, improve your aim and have fun WARNING: Exploits or cheating of any kind is bannable Tags: 1vs1, 2vs2, 3vs3"
7229780065,136431686349723,HUNTED,Glowstick Entertainment x Exclusible,Group,35512405,All,Survival,Escape,2025-02-11T16:34:22.413Z,2026-09-29T03:12:29.992Z,50,,2026-10-06T23:48:08Z,"[NEW CHAPTER] Pillar Pursuit is here! 🙈 Welcome to HUNTED The official Roblox version of the popular indie horror game franchise, Dark Deception! Step into a cursed maze of terror where danger lurks around every corner. Can you collect all the soul shards while being hunted by relentless nightmares? Or will you fall victim to the horrors that await? 🚩 RECOMMENDATIONS & WARNINGS Max graphics recommended. Headphone and sound on recommended. The game contains flashing lights and loud noises. ✅ PC, Mobile & Console Compatible Tags: Horror, Scary, Hotel, Japan, School, Survival, Mimic, Peta Peta, Aooni"
7264587281,109397169461300,SNIPER DUELS,LOCKED IN NETWORK,Group,35519398,All,Shooter,Deathmatch Shooter,2025-02-19T03:55:10.407Z,2026-10-04T16:44:14.974Z,50,,2026-10-06T20:21:17Z,"SNIPER DUELS is a fast-paced first person shooter (FPS) centered around hardcore aggressive sniping. Challenge players in 1v1 to 4v4 (and occasionally 12v12) duels where the first to 6 wins. (Now featuring: Free For All and various LTMs) 🆚 Challenge players by stepping on a duel pad! 📈 Earn coins from challenges to get new skins for your sniper! 🔁 Collect and trade your skins with other players! 🏆 Rack up win streaks and earn your spot on the global leaderboard! PC, Phones, Tablets, and Consoles (XBOX / PS5) are supported. If you enjoy the game, please leave a thumbs-up👍! It's the easiest way to support us. ⚠️ NOTICE: Cheaters and farmers using alts/friends will be permanently banned. There are no appeals. Drawn thumbnail by @sentubai High Speed Sniper Team"
7265339759,94987506187454,[🗡️ BALLISTIC KNIFE] REDLINER,REDLINER,Group,35646671,All,Shooter,Deathmatch Shooter,2025-02-19T09:24:57.023Z,2026-10-06T18:35:41.4136156Z,75,,2026-10-06T20:21:17Z,"Roblox Plus players earn +50% Yen. A fast-paced FPS game that combines swordplay, gunplay, and parrying, with an in-depth movement system. There is no speed limit. Controls [LMB] - Melee [Q] - Gun [F] - Parry (You can parry bullets) [RMB] - Grapple [SHIFT] - Dash [CTRL] - Slide [SPACE] - Wallrun (Against a wall) All keybinds are changeable. Credits : qitadel (main dev), reverity (skins), anti- (skins) dere1235 (art), lunaticyz (ffa map), asciimynetzach (2v2 map) Music Credits: asc, SKYLINE, Inverted Variable, beansclub, Exodia, Sadance, Zhnoi, doc, s4turnine, parallel21, seawansia, violetsky All ingame music were featured with permission from their respective owners."
7265977477,140317247681516,Jump Clicker 🚀,lol games..,Group,12208023,All,Simulation,Incremental Simulator,2025-02-19T12:49:18.21Z,2026-09-21T18:48:43.913Z,20,,2026-10-06T23:48:08Z,"Welcome to Jump Clicker! Gain jump with every click! 🚀 Complete towers to increase the amount of jump you get with every click and earn wins! 🏆 Race against friends and other players 👥 Collect pets! 🐶 Unlock new worlds! 🌎 Roblox Plus Benefits: +50% Jump and Daily Plus Rewards! 💎 Join ""lol games.."" to unlock daily group rewards and +10% Jump! https://www.roblox.com/groups/12208023/lol-games 🎁 Invite friends for a jump boost! 💪 If you enjoy this game leave a like and favorite! 👍 Remember, you keep gaining Jump even while you're offline! ⏰"
7274244096,135717153770519,Toilet World Roleplay 2,Toilet World Roleplay Community,Group,34849688,All,Roleplay & Avatar Sim,Morph Roleplay,2025-02-21T12:06:57.907Z,2026-10-06T16:38:07.48922Z,30,,2026-10-06T20:21:17Z,"⭐ Welcome to Toilet World Roleplay 2! ⭐ This game is based on the ST Series, you can either become a cameraman, speakerman, a toilet or ANY side you want to play as. Right now, the state of the game is REWORKS and NEW additions, expect also more frequent updates! CREDITS to these awesome people: CS THE GOAT, SCOUT THE GOAT, leo, avi, nooby, wilson, director, skibGOAT, ICE CAM, bonnie, ozzie, brickz, alogin, matthew, ma1, withr, chair, matula, tinkish, nlittleguy New stuff Ui reworked Alaska reworked Tv base reworked Dubai reworked Anims instant MORPHS >> Astro Juggernaut 2.0 Upgrade! ASTRO ENGINEER ASTRO DESTURCTOR ASTRO IMPACTOR ASTRO OBLITERATOR ASTRO TROOP 🛠️ PATCHES 🛠️ -> BUG FIXES + OPTIMISATION New base abilities, new equipment, new music and more! OTHER >> New shift lock More optimisation Many bug fixes -- Whats next? Astro Update Part 3! Like the game to support future updates and join right now! Enjoy the game!"
7283491781,107833198839573,[💎] Moo Moo Mystery 🐄,Blοx Universe,Group,4914205,All,Survival,1 vs All,2025-02-23T01:30:57.297Z,2026-09-28T05:02:47.235Z,12,,2026-10-06T23:48:08Z,"Can you solve the murder-moo-moo mystery and survive each round? 🐄 COW: Murder everyone! Don't get shot by security. 🙍‍♂️ RESEARCHER: Run and hide from the cow, and try to expose their identity. 👮‍♂️ SECURITY: Protect the researchers by eliminating the cow. You're stranded in space alongside your team of researchers.. But you're not alone. Someone or some.. thing is out there with you. Collect countless unique items!"
7307246329,135619589726492,100 Players Musical Chairs,Cleanrot,Group,11991824,All,Party & Casual,Childhood Game,2025-02-28T14:34:03.827Z,2026-01-13T17:53:10.447Z,26,,2026-10-06T20:21:17Z,Game shutdown = Update (those r important) Exploiting leads to a permanent ban 🎶 100-Player Musical Chairs! 🪑🔥 Welcome to the biggest and most intense game of Musical Chairs on Roblox! Can you outplay 99 other players and claim the last seat standing? 🏆 🎵 Music stops... RUN for a chair! 🪑 Survive each round before the seats disappear! ⚡ Power-ups & twists keep the game exciting! 👑 Win rounds to earn rewards & show off your skills! Join now and prove you’re the ULTIMATE Musical Chairs champion! 🎉 🔊 [LIKE & FAVORITE] for updates and new features! 🚀
7326934954,79546208627805,99 Nights in the Forest 🔦,Grandma's Favourite Games,Group,6042520,All,Survival,,2025-03-04T04:46:49.73Z,2026-10-05T10:09:27.774Z,25,,2026-10-06T20:21:17Z,Build a camp with friends. Something is watching you. 99 Nights in the Forest
7332711118,111989938562194,Brainrot Evolution,Brainrot Evolution,Group,35325835,All,Simulation,Incremental Simulator,2025-03-05T12:31:51.16Z,2026-10-06T14:01:46.901931Z,6,,2026-10-06T20:21:17Z,"Welcome to Brainrot Evolution! UPDATES EVERY SATURDAY! ⚔️ Eat to gain levels! 🧬 Gain levels to unlock new Brainrot Evolutions! 🏆 Collect Wins & Pets! PREMIUM PLAYERS GET +10% Wins & +10% EXP Tags: Brainrot, Brainrot Memes, Memes, Evolution, Cute , Monsters, Raid, Friends, Fun, Speed, Fast, Collect, Pets, Rainbow, Colorful, Rebirth, Stars, Raiding , Friends, Simulator"
7344582593,71895508397153,Die of Death,Die of Deathians,Group,477931471,All,Survival,1 vs All,2025-03-08T02:47:22.2Z,2026-10-06T23:45:28.2648001Z,9,,2026-10-06T23:48:08Z,"UPDATE LOG: Fashionably Late Update. This update includes tons of new major content and reworks. Nearly everything in the game has been changed up to some extent, check it out! Die of Death is a notably inconsistent game when it comes to strategy and often requires adapting on the fly to win. This game does an unique spin on the asymmetrical-horror genre, taking a more light and unserious tone when it comes to its content & gameplay! Randomness is a key factor here, with gamemodes that appear in between matches, random ability decks survivors are forced to pick in order to live, and more! NOTHING IN THIS GAME FINAL, EXPECT CHANGES IN THE FUTURE! Thumbnail & game icon both by @Chiprit103!"
7350402084,133253166104607,🔨RO-Scale Sandbox🔨,Rock Fort Lines,Group,4278363,All,Simulation,Sandbox,2025-03-09T00:08:42.713Z,2026-09-13T04:16:06.614Z,20,,2026-10-06T20:21:17Z,"[Originally created January 25, 2020] Welcome to RO-Scale Sandbox! A game where you can build your very own miniature railroad and operate your own trains! There are a variety of trains to operate from around the world, from the obscure, to the world's most famous trains! You can even collaborate with others and build a huge railway with your friends! There is so much you can do in RSS (RO-Scale Sandbox), where the only limit to gameplay is your own imagination, so get creative and have fun with what you create! We hope you enjoy playing and we can’t wait to see you in game! Important Tips: - Don’t give permissions to people you don’t trust! - Always remember to save! - Turn off build collisions! (it will help when building) - Someone says they are a staff member/developer? Real staff have the ability to show their tag in-game"
7356195012,86089763581353,🌎 World.io,Studio Inked,Group,34189344,All,Party & Casual,,2025-03-09T22:51:56.233Z,2026-08-01T09:27:18.453Z,6,,2026-10-06T23:48:08Z,"🌎 See how far you can get and if you can become the biggest COUNTRY ever ⭐ If you don't want to get conquered, join a private server they are FREE! Become a Country and conquer the whole WORLD! ⚡️ Premium benefits: Premium players get 1.5x Cash ⚡️ LIKE, FAVORITE, and JOIN the group if you enjoyed it!"
7359962123,80734098185936,An Average Campaign [Alpha v0.5.1],An Average Campaign,Group,35729591,All,RPG,Turn-based RPG,2025-03-10T21:35:29.507Z,2026-10-06T00:01:15.026357Z,50,,2026-10-06T20:21:17Z,">> An Average Campaign is intended to be played with 3 - 4 players but supports 1 - 5 players << Embark in a classic, simplistic roguelike adventure full of inside jokes, references, and other random stuff. This game is intended to be difficult and may be frustrating to some people. Losing a run should be expected and information is key. Inspired by Dungeons & Dragons, Arcane Lineage, and Slay The Spire. Credits: huhuzh - Scripting, UI Kario777 - Modeling Yuml_I - Modeling FringleMeench - Animations, VFX Note: This game is in Alpha phase and is currently in heavy development. Some features are incomplete and bugs that may stall/freeze your game may appear."
7364297396,132586479415502,Webbed! ❄️ [2 Player Obby],studio arsenic,Group,35605287,All,Obby & Platformer,,2025-03-11T22:03:38.767Z,2026-07-04T10:43:36.841Z,12,,2026-10-06T20:21:17Z,"⚠️THIS GAME IS MADE FOR 2 PLAYERS⚠️ The two spiders 🕷️ have become webbed together 🕸️, and only through teamwork can they overcome the tricky terrains ahead. In this 2-player obby, each spider can cling to walls and swing across gaps by shooting their web. 🎁 LIKE AND JOIN THE GROUP FOR A FREE REVIVE 🎁 🛠 If you experience lag, it is recommended you switch to a private server (free)."
7372152033,84956402848349,Realistic Golf ⛳,Sharkie212,User,60339241,All,Sports & Racing,Sports,2025-03-13T18:51:09.347Z,2026-08-28T21:07:52.102Z,14,,2026-10-06T20:21:17Z,"Welcome to Blox Golf, the BEST and most REALISTIC golf game on Roblox! The game is still in early access so a lot more features will be coming out soon! Please report any bugs 🐛 to the server in the social links below! They will be fixed ASAP! Thanks for playing, I hope you like the game :)"
7395930870,79268393072444,Sell Lemons 🍋,BloxByte Games,Group,4619164,All,Simulation,Tycoon,2025-03-17T23:31:17.017Z,2026-10-06T20:04:35.6150518Z,10,,2026-10-06T20:21:17Z,Sell Lemons 🍋. Make 💵💰🤑. 🍋 Sell Lemons 💵 Earn lots of cash 💪 Unlock unique powers 👽 Make lucrative deals 🌌 Enter the %^REDACTED*$! ❓ Did you know... You continue to earn 100% of your income offline! 💰 👍 Like the game and join our community to receive absolutely nothing at all!* *Except for the knowledge that you made the developers very happy. :)
7398552394,107467295209358,A desrt [SANDBOX],DarkCodes studio,Group,34141678,All,Adventure,Exploration,2025-03-18T15:07:02.27Z,2026-10-06T21:16:07.9125721Z,100,,2026-10-06T20:21:17Z,"You’ve found yourself in the middle of a dead desert. Just you, an old garage, and a disassembled car. 🔧 Fix the car, find fuel, and set off into an endlessly procedurally generated world. 🧟‍♂️ Explore ruins, fight off zombies, scavenge supplies, and keep your vehicle running. 🌍 Every stretch of land is unique — there are no paths, no limits, only the direction you choose. 🔥 Survive alone or with friends — supports both singleplayer and multiplayer. Your goal: survive the desert, where every kilometer could be your last. press R to start engine The game may have many bugs Game inspired by The Long Drive"
7411615879,71849204829689,[Wyw my sweetie] Trend City RP 🎶,OofMayy Studios,Group,3084988,All,Roleplay & Avatar Sim,Dress Up,2025-03-21T15:27:55.567Z,2026-10-03T19:07:25.133Z,40,,2026-10-06T20:21:17Z,"👗 DRESS UP • ROLEPLAY • EMOTES Create your own style, customize your avatar, and step into your character! 👗 Create unique outfits and looks 🎭 Roleplay different characters and scenes 💃 Discover and perform tons of emotes and dances ✨ Customize your avatar and express your style 🎬 Create performances and fun roleplay moments 🌎 Explore themed locations made for fashion, dancing, and roleplay 🎁 Unlock new items, effects, and rewards Choose your look, play your role, and bring your character to life! New content, outfits, emotes, and features are added regularly. ♡"
7414497778,95721658376580,[MTC] Multicrew Tank Combat,Top Giun,Group,32966202,All,Action,Battlegrounds & Fighting,2025-03-22T03:21:47.883Z,2026-09-29T19:24:51.047Z,48,,2026-10-06T20:21:17Z,"Assemble your crew, choose your tank, work together on roles like commander, gunner, driver, or loader. and dominate the battlefield! Copyright © 2025-2026 Top Giun. All rights reserved."
7428819247,114478751418135,[UPD] South London Remastered,Money Motivated!,Group,33733471,All,Action,Open World Action,2025-03-24T07:29:24.977Z,2026-10-06T23:00:44.0874877Z,35,,2026-10-06T20:21:17Z,"PS5, XBOX, MOBILE, KEYBOARD ALL PLATFORMS SUPPORTED ! 🎮 CONSOLE & MOBILE Have Supported AIM ASSIST , Unlike any other game ✅🎮 LEVEL UP Your Character to Access New GUNS , CLOTHING , CARS and other RARE EXCLUSIVE Items 🎓 Earn Money by Working a Legal Job, or Put Your trust in a Gun and Earn it Through the Mud 🥷 - LEVEL UP AND EARN MORE IN ALL JOBS 🎓 - FIGHT PLAYERS IN INTENSE NEXT GEN COMBAT SYSTEM ⚔️ - PARTICIPATE IN HEISTS AND ROBBERIES 🔫 - JOIN A FACTION AND FIGHT ALONGSIDE YOUR GANG ⚔️ - CONDUCT BUSINESS DEALS WITH OTHER PLAYERS 💼 - UPGRADE GUNS, CARS, APARTMENTS, JOBS AND MORE 🔋 - PATROL AS A POLICE OFFICER AND CLIMB UP THE RANKS 🚔 - FIND RARE GUNS / ITEMS 🔫 - FLEX CUSTOM SUPERCARS 🏎️ - AND MUCH MORE ❓Will you rise to the top or be left behind? ⚠️ YOU DROP ALL ITEMS ON DEATH, BUY AN APARTMENT TO STORE YOUR ITEMS ⚠️"
7434179990,128263975853774,🛠️Build and Survive,Rainy Creations!,Group,35542880,All,Survival,,2025-03-25T10:11:26.137Z,2026-09-26T17:15:27.037Z,6,,2026-10-06T20:21:17Z,Welcome to Build and Survive! 🔨 Build anything you want and try to survive the wave of monsters that spawn every round 😊 Invite friends to collaborate on your base 💾 Everything autosaves
7436755782,126884695634066,[🧑‍🌾] Grow a Garden 🌶️,The Garden Game,Group,35789249,All,Simulation,Tycoon,2025-03-25T22:32:09.437Z,2026-10-06T21:33:38.9565936Z,4,,2026-10-06T20:21:17Z,"🍅Welcome to Grow a Garden🍅 Are you ready to grow your very own garden? Buy seeds from the shop when they restock, plant them, wait for them to grow, and collect the profits! Flex fruits and finds on friends, and have fun! [How To Plant] • Equip your seed you want to plant! • Click in your farm on the brown plots to plant! • Wait to see it start growing! • After its fully grown, it is time to harvest the goods! Remember, your garden literally grows while you are offline⭐"
7450124099,111894976456494,Anime Life,Anime Life | Twin Atlas,Group,9146953,All,Roleplay & Avatar Sim,Life,2025-03-28T19:10:42.27Z,2026-08-11T20:14:50.947Z,50,,2026-10-06T23:48:08Z,"Welcome to Japan! Anime Life is a Life-Sim game where you: - Dress up as an anime character - Buy & customize apartments - Work jobs and get promoted - Level up Cooking, Fishing and Fitness skills - Help NPCs around the map to build friendships - Ride awesome bikes, play claw machines and explore Japan!"
7450497506,75663528075786,HOW TO TRAIN YOUR DRAGON,How To Train Your Dragon Movie [Official],Group,35791831,All,Action,Open World Action,2025-03-28T20:56:15.253Z,2026-10-06T23:14:36.9619702Z,18,,2026-10-06T20:21:17Z,"Explore the world of How To Train Your Dragon as you travel across the islands, take on quests, meet legendary characters, and train your dragon to become stronger through every battle and discovery. 🔥 Take on enemies across the world and earn experience to level up your dragon 🗺️ Explore vast regions, discover hidden locations, and complete story-driven quests 📜 Meet characters from the world of How To Train Your Dragon and uncover their stories 🐉 Train, bond, and grow alongside your dragon to unlock its full potential 🎨 Collect and unlock unique dragon skins to customize your companion Are you ready to train your dragon?"
7453941040,109686116036889,DANGEROUS NIGHT [FURNISH THE BUNKER],Aqvise,User,3463994866,All,Survival,,2025-03-29T11:32:18.617Z,2026-10-06T22:09:31.6034826Z,15,,2026-10-06T23:48:08Z,"DANGEROUS NIGHT Are you ready to survive a world of nightmares? 😱 🪴🌦️🪴 NEW UPDATE [End of Winter] 🪴🌦️🪴 ✅ ➤ New items added to the Night Crystal Exchange ✅ ➤ Performance & general optimizations 🎨🖌️ Use the Paintbrush tool to recolor your furniture! 🤝 Team up with friends to boost your chances! 👍 LIKE + FAVORITE for more updates! Step into the shoes of a survivor who inherits an empty underground SHELTER — your only safe haven from the terrifying monsters that roam after dark. Experience true HORROR and intense SURVIVAL! During the day, venture out to the nearby furniture market 🛋️ to FURNISH THE BUNKER — customize and transform it into a unique refuge. BUILD BASE, gather supplies, and upgrade your shelter to increase your chances of survival. But beware: you must ESCAPE back to your bunker before nightfall! 🌃 Once darkness falls, the real nightmare begins. Will you survive another DANGEROUS NIGHT and create the ultimate sanctuary? Inspired by 3008. 🚀"
7474367816,123921593837160,Climb and Jump Tower [NEW WORLD],Climbing World,Group,35819292,All,Simulation,Incremental Simulator,2025-04-02T02:03:08.21Z,2026-10-06T20:53:09.057874Z,20,,2026-10-06T20:21:17Z,"Welcome to Climb and Jump Tower! In this thrilling game, you and your friends will tackle daring heights, scaling iconic landmarks like the Eiffel Tower, Statue of Liberty, Leaning Tower of Pisa, and the Pyramids. How to Play: 🧗Climb Challenges🧗 💰Collect Coins💰 🐦Unlock Wings🐦 How to play: 🧱Build and climb 🧱 👻Complete spooky stages 👻 🌟Earn Golden Brick Tokens🌟 Join our group and like our game, please!"
7488668004,86479448397834,🎃 Bake or Die 💀,Big Bakers,Group,35829731,All,Adventure,,2025-04-05T00:53:21.713Z,2026-10-05T21:05:46.668847Z,32,,2026-10-06T20:21:17Z,How to Play: 🔪 Kill Zombies 🥧 Bake 🔍 Explore & Save People ❤️‍🩹 Will you Survive? Like the game and join the group! 👍
7497471789,113232329524315,🔪 MAFIA [V2.3] - ACT II,TOPLINE STUDIOS INC,Group,5670504,All,Survival,,2025-04-06T10:06:39.087Z,2026-10-05T22:46:30.0756467Z,49,,2026-10-06T20:21:17Z,"CHAPTER 2: TAR AND ASH, IS OUT NOW! Somebody at this table is a killer. Good luck figuring out who. MAFIA is a social deduction game remade around the classic Mafia formula — but when night strikes, the kills happen in first person. Watch the Mafia hunt their target, the Doctor scramble to save them, and the town erupt into chaos when the lights come back on. Sit at the table. Read the room. Cast your vote. Get it wrong, and the Mafia wins. 16 roles. Multiple maps. No one you can trust. 🔔 Join the group for updates and events! ⚠️ Data doesn't save in private servers!"
7521520342,126922689754590,🔊Quiet or Die!,TheReal_TEG,User,970653686,All,Party & Casual,Childhood Game,2025-04-11T13:33:04.217Z,2026-10-06T12:39:34.9657623Z,9,,2026-10-06T23:48:08Z,"Welcome to a game where silence keeps you alive… and sound gets you killed. One player becomes the terrifying Blind Seeker – a killer who can’t see, but can hear everything. The rest must hide, survive, and most importantly… stay quiet. Every footstep, whisper, or bump could give away your location. - ⭐ Join the group for future perks! https://www.roblox.com/groups/16840372/TEG - 🤗 Follow me to make me happy - ✨ Inspired by Hide or Die!, Blind man's buff, blinds man buff - 💥 Limited Stocks can be Restored later! - 🛠 Builder: @goo0k - 🔊Quiet or Die! 🔥EVERY WEEK NEW UPDATE🔥"
7528417535,88323040672117,Divaz 💄,Divas World!,Group,35859626,All,Action,Open World Action,2025-04-12T16:54:48.66Z,2026-10-06T23:25:06.691472Z,28,,2026-10-06T23:48:08Z,"Welcome to Divaz! The baddest city where you can slay divas, get clout, make money and run the streets! How to Play: 💸 Earn money by grinding jobs or taking risks 💅 Slay anyone who tries you ✨ Get clout and become the ultimate baddie 👗 Create your outfit in our avatar catalog 💃 Dance and have fun with friends 💜 Make sure to join the group and give your feedback. It helps a lot! Thanks for playing!"
7554119808,75387700043737,🛍️ My Avatar!,THINK DIFFERENT.,Group,35878697,All,Shopping,Avatar Shopping,2025-04-17T15:46:01.82Z,2026-10-06T23:21:28.9392551Z,28,,2026-10-06T20:21:17Z,"👍 New FREE point shop item at 92% Likes. Please Like the game! My Avatar! lets you browse the entire Roblox catalog and build avatars for free, plus explore a wide range of community-made outfits. ✨ Earn Points whenever you make purchases in-game. 🛍️ Spend Points in our Point Store to claim 100+ Free accessories. ✅ All purchases made in-game will be be added to your Roblox inventory & can be used in all games. 🤝 Sign up to Roblox Plus within My Avatar and earn 1,299 Points! More updates coming soon!"
7585140258,118418618261207,RUNAWAYS [beta],supercat games,Group,32943081,All,Action,Open World Action,2025-04-23T00:43:43.017Z,2026-10-02T20:56:25.921Z,50,,2026-10-06T20:21:17Z,"You've been found guilty of crimes you definitely committed. Your lawyer's advice? Get out of the country before the police catch you! 💎 Rob anything in your way 💰 Pawn your loot for cash 🧨 Blow open vaults and safes 🚔 Outrun the police 🌎 Make your way to the border! Like and favorite the game, it motivates us to push better updates! [Controls] Click/Touch - Punch (or tool action) E - Equip (or drag action) X - Drop tool R - Reload gun Q - Attach F - Inventory C - Crouch / Slide"
7592844193,112890665053510,Guess the Song or Die 🎵,Guess the Song Community,Group,35748190,All,Party & Casual,Quiz,2025-04-24T18:40:12.923Z,2026-10-01T17:17:46.539Z,12,,2026-10-06T20:21:17Z,"Welcome to Guess the Song or Die💀! - 💬 Try to answer than other players! - 🧱 Gain blocks and survive against the rising lava. - 🏆 The last person standing wins. 🎵 250+ song tracks! 😀 Emotes! 💃 Dances! 👍 NEW CODE releases once the game gets 1K LIKES!!! ❤️ LIKE the game and JOIN our group for more updates! 👍 Tags: Guess the song, song, guess or die, taylor swift, billie eilish."
7613921865,84515722934860,[🔥] Anime Expeditions,Expeditions Entertainment,Group,35929511,All,Strategy,Tower Defense,2025-04-28T17:56:58.9Z,2026-10-06T23:42:33.1210648Z,24,,2026-10-06T20:21:17Z,"Welcome to Anime Expeditions! 🧭 🌟 Heroes from across the anime universe have banded together for the expedition of a lifetime, venturing into unknown lands filled with danger at every turn! Will you answer the call and help guide them to victory? 🌟 ⚔️ Summon powerful units from your favorite anime universes! 🔥 Level Up, Evolve, and unlock devastating new abilities! 🗺️ Explore multiple Expeditions and game modes packed with challenges! 👥 Team up with friends to take down waves of enemies and towering bosses! 💠 Will you lead your team through every Expedition and become the strongest defender across all worlds?"
7623259179,129279692364812,Nullscape [DOOM IN BLOOM],Nullscape,Group,35963859,All,Obby & Platformer,,2025-04-30T22:15:36.593Z,2026-10-06T12:03:59.3204151Z,30,,2026-10-06T20:21:17Z,"⚠️ IF YOU ARE ON LINUX AND THE GAME IS REALLY DARK CHANGE GRAPHICS API ⚠️ ⚠️ Mobile and Console are still work in progress, mobile also isnt the intended experience. Expect bugs. ⚠️ ⚠️ If chat is disabled and you want the lobby code, enable the ""show lobby code"" setting. ⚠️ Roguelite Arcade Collecting / Platformer game Game is in Alpha. Many things are bound to change. The main OST music for this game is original and safe for content creator use! You can see and change keybinds in settings. Special Thanks: ptolyanna - spritesheet system All the Testers!"
7628118889,80898524797320,Draw Me! 🎨,DuoBlock,Group,12793998,All,Party & Casual,Coloring & Drawing,2025-05-01T18:47:11.23Z,2026-09-03T05:19:39.363Z,12,,2026-10-06T23:48:08Z,"Get drawn by your friends, vote for the best drawing! Spend the coins you earn on poses, cosmetics, and more! ⚠️ Inappropriate artwork is not tolerated, and will likely result in a permanent ban. Press the RED FLAG BUTTON 🚩 to send the drawings to us to review. Please be respectful and keep Roblox safe for everyone! Controls 🕹️ 1 to 7 are all assigned to a specific tool! ⬅️ Undo: Ctrl + Z ➡️ Redo: Ctrl + Y ❤️ Like Draw Me! 🎨? Leave a 👍 and ⭐ to show your support! ⭐ FUN UPDATE AT 200,000 LIKES! We support all keyboard & touch devices 🎮"
7629331599,129827112113663,Prospecting! 💎,Prospecting!,Group,35888785,All,Simulation,,2025-05-02T00:57:31.01Z,2026-10-06T21:38:56.2726888Z,20,,2026-10-06T20:21:17Z,"Grab your pan and head to the river in Prospecting! — a relaxing gold-panning adventure! Search for gold, gems, and hidden treasures as you explore rivers, caves, and old mining sites. Upgrade your gear, discover secrets, and see if you can strike it rich! ⛏️ Pan for gold 💎 Discover rare gems 🤑 Use sluices to grind offline 🗺️ Explore new areas 🏆 Become the ultimate prospector! Enjoy the game? Remember to like (👍) and favourite (🌟)!"
7633926880,114234929420007,[UPDATE] BloxStrike,BloxStrike,Group,33751825,All,Shooter,Deathmatch Shooter,2025-05-02T20:39:54.717Z,2026-10-06T20:18:04.0768006Z,14,,2026-10-06T20:21:17Z,"BloxStrike is a fast-paced, competitive 5v5 shooter where strategy, aim, and teamwork decide the outcome. Battle across detailed maps in intense round-based combat. Eliminate opponents, plant or defuse the objective, and outplay the enemy team. Earn cash each round by performing well—then spend them on a wide arsenal of weapons, utility, and gear to gain the upper hand in future rounds. Featuring an evolving weapon skin economy, unique gameplay, and regular updates, BloxStrike delivers a next-generation FPS experience—built from the ground up for Roblox. 💥 Tactical shooter gameplay inspired by the classics 🧠 Every decision counts—buy wisely, aim true, and play smart 🎨 Deep cosmetic system with rare skins, patterns, and wear This is just the beginning. Join now and help shape the future of BloxStrike."
7646154613,137541498231955,Shrink Hide & Seek,shrinking studios,Group,35953202,All,Party & Casual,Childhood Game,2025-05-04T18:31:53.38Z,2026-09-28T12:12:40.998Z,12,,2026-10-06T23:48:08Z,"Shrink Hide & Seek is a combination of hide and seek and the ability to shrink! 🤏 AS HIDER: Shrink and hide inside objects. Use powers and trolls to distract the seekers. DON’T GET CAUGHT! 👀 AS SEEKER: Try to find the hiders and kill them. Once you kill them they’ll join your team. FIND ALL HIDERS! 💰 Collect coins to get better powers and weapons! Tags: Hide and Seek, Hide N Seek, Hide & Seek"
7665084235,111063824758310,🌊 Navy Tycoon [SKINS],Mega Studiosᅠ,Group,33384332,All,Simulation,Tycoon,2025-05-08T23:19:02.303Z,2026-10-05T00:10:49.877Z,30,,2026-10-06T20:21:17Z,"🎨 Vehicle skins have been added, adding a new level of customization Welcome to Navy Tycoon, Roblox's largest naval warfare tycoon ever made! Build your harbor, grow you fleet, and dominate the seas in teams of 5. Don't miss out the volcano 🌋 event every 30 minutes. The winner gets a free ELITE, LEGACY or IRONCLAD chest! 💥Massive multi-player battles 🏭 400+ tycoon purchases 🛠️ 300+ weapons and vehicles ⏳Earn cash offline 🎮 Full controller support Tags: Navy, Military, Battle, Ship, Plane, Tank, Aircraft Carrier, Submarine Devices: Mobile, PC, Console"
7671049560,76558904092080,The Forge [BETA],The Forge Community,Group,35489258,All,RPG,Action RPG,2025-05-10T03:17:29.41Z,2026-09-05T18:29:35.894Z,12,,2026-10-06T20:21:17Z,"⚔️ Welcome to The Forge! It’s an RPG and simulation game about Mining, Forging, and Fighting. Each ore combination you forge has a unique design and distinct traits. Create your own build and play in your own style. Have fun! ⚠️ [Beta Release] This game is still under development. If you find any bugs or have suggestions, let us know in our community server! ❓ [How to Play?] - Mine Rare Ores! - Forge Items from +1,000 Variations! - Defeat Enemies - Collect Runes and enhance your items. - Explore New Islands, and new content every update! 🖥️ [PC Controls] - Q to Dash - Shift to Sprint - CTRL to Shift-Lock - R or Right Click in Shift-Lock to Heavy Attack - F to Block - T to open Menu"
7673659635,72712036210947,Fix It Up!,.workspace,Group,12249805,All,Simulation,Vehicle Sim,2025-05-10T12:42:26.457Z,2026-10-05T14:02:07.2511617Z,22,,2026-10-06T20:21:17Z,"🔧 Welcome to Fix It Up! Step into the garage and turn rusty junk into profit! 🚗 Buy wrecked cars, repair every part, upgrade, paint, and sell for cash. 🧠 Got car knowledge? Great — you'll need it! This game gets technical. Featuring: 🔥 Realistic mechanic gameplay with detailed parts. 🎨 Customization, painting, and upgrades. 💰 Profit system — fix smart, sell high! 🛠️ Tools, machines, and workbenches to get the job done. 👨‍🔧 Built for car lovers and gearheads — but anyone can learn! Start fixing and flipping now! 🏁"
7685678300,124389216346675,Control Europe,Hidden Studio.,Group,6206301,All,Strategy,,2025-05-11T13:39:26.053Z,2026-09-29T09:47:38.79Z,14,,2026-10-06T20:21:17Z,"🌍 Control Europe Pick any modern European country and start your conquest! ⚔️ Capture cities, grow your army, and crush your enemies. 🏙️ Upgrade cities to boost your income and manpower. 🧪 Unlock technology to increaser your army speed and strength. 🤝 Form alliances with other nations… or backstab them when the time is right. 🗺️ Out-strategize your enemies and take control of all Europe! 🚨Private Servers have a Save/Load map feature! 🚨 👍 Like & Favorite for more updates!"
7687524641,72019577565540,Movie Maker 4🎬[UPDATE],Bonic,Group,3816533,All,Utility & Other,,2025-05-11T18:43:17.537Z,2026-10-04T22:35:42.94Z,1,,2026-10-06T23:48:08Z,"🎥 Create and animate your very own Roblox movies using a growing library of characters, props, sceneries, effects, and sounds! 🍿 Publish your creations to our built-in search engine, then watch, rate, and review films made by other talented animators! ❗ Use ""ShortsEntry"" to the description of your movie if you'd like to have a chance of being featured on our channel! ❗ 💬 This is a brand-new game, and we’re actively trying to improve it. If you find bugs or have suggestions, please let us know — your feedback really helps! ☺️ Finally, thank you for playing and supporting us! We truly appreciate our community and the continuous support. Can’t wait to see the movies you create! 🎬✨ Credits: @bonic10 — Developer @Huy97x2 — Developer @Brxle — Scenery Assets @Tambokii1 — Random Jobs lol"
7703614594,108533757090220,[🦠] Garden Tower Defense 🌻,Garden Defenders,Group,35989084,All,Strategy,Tower Defense,2025-05-14T20:49:41.727Z,2026-10-05T20:05:52.0448977Z,20,,2026-10-06T20:21:17Z,"🌻 Assemble a Garden Tower Defense army to defeat the swarms of Enemies and defend your Base. Will you have what it takes to survive? 🌻Over 350 Plants, Flowers and MORE to grow, each with SPECIAL ATTACKS and ABILITIES! 🔥Try Unique Game Modes, MORPH INTO YOUR UNITS, ENEMIES CHASE YOU and MORE! 🏅 Compete with your friends to top the Leaderboards! 🛠️ Weekly Updates – Every Saturday at 1:00 PM, 13:00, UTC. Please check Events for the latest incoming update! 💻 Available on ALL DEVICES, PC, Phone, Tablet, Console, VR! October 3rd - 🦠 Parasite Plant, Shockfrost Sprout, Freeze REWORK and MORE! 🥳 UPDATE AT 1.5M LIKES! 😊 Team up with FRIENDS to defend the Base! 🔗 Tags: Grow, Tower Defense, TD, Strategy, Survival, Defense, Grow a Garden, Protect, Plants."
7706951053,130496219537579,First Is Owner,dm_own,User,365211383,All,Party & Casual,Minigame,2025-05-15T13:21:51.347Z,2026-10-06T00:14:23.5954413Z,7,,2026-10-06T20:21:17Z,"👑 Become an Owner! Or play and feel at home in many different servers, built and ruled by people Even if you're not the first, you can still become Owner -> reach Position #1! ⚠ Chat is heavily recommended and crucial! 💔 If you dislike the current Owner, switch servers, or fight! -> When you leave, your reign is passed to the next person that joined and so on. ⭐ Utilize commands and btools to make a fun environment, host crazy admin abuses 🎩 Assign your players special roles ✨ Help players using your powers and hang out together! 😈 Earn and spend coins on epic troll stuff Remember to stay chill and use your abilities appropriately! Be respectful to others. It's just a game after all. ⚠ Exploiting / building inappropriate structures / crashing will result in a permanent ban. Please report rulebreakers through the server 🔒 Private servers are free for Roblox Plus, give X2 more Coins for playing, a powerful secret rank, and map saving! 👍 Send feedback to support updates!"
7709344486,109983668079237,[🌗] Steal a Brainrot,BRAZILIAN SPYDER,Group,35815907,All,Simulation,Tycoon,2025-05-16T00:49:12.563Z,2026-10-06T23:12:04.4553691Z,8,,2026-10-06T20:21:17Z,"🗣️ Welcome to Steal a Brainrot! 👍 Like the game and join the group How to Play: 👽 Buy a Brainrot 🥷 Steal Brainrots from other players 💸 Generate money 🐦‍🔥 Rebirth ✋ Buy slaps and troll gear to troll other players! 💻 Supports Desktop, Mobile and Tablet players 🙏 Credit to Chris for letting us use the Nyan Cat! 🙏 Credit to @WinnersTakesAll for the backpack system!"
7720654467,73189007576537,Blockies [2-3-4-5 Player Obby],ByBalsa,Group,4476087,All,Obby & Platformer,,2025-05-17T18:39:36.44Z,2026-10-06T15:13:01.8499163Z,12,,2026-10-06T20:21:17Z,"🎮 Blockies! A game FOR 2, 3, 4, 5 PLAYERS where you’ll need to work together to reach the end! 🤝 But be careful ⚠️ without using your freeze ability (key E), you won’t make it! ❄️ 🧱 Blockies features 96 levels: 🌿 Grass: 1–8 🏜️ Desert: 9–16 ❄️ Snow: 17–24 🍄 Mushroom: 25–32 🌃Neon: 33–40 🏯 Japan: 41–48 🚗 Cars: 49-56 🐓 Farm: 57-64 ⭕✖️ Playtime: 65-72 🌊 Ocean: 73-80 🌋 Lava: 81-88 🪽 Heaven 89-96 ⌛ Completing all levels takes around 3 hours on average. Good luck, and don’t forget teamwork with your friends! c: 2 player, 3 player, 4 player, 5 player, teamwork, coop jirka"
7721537973,93010292807756,[UPD] Color Art: Coloring Games,CrazyCorrs,User,104415244,All,Party & Casual,Coloring & Drawing,2025-05-17T22:10:33.9Z,2026-09-03T06:13:38.661Z,16,,2026-10-06T23:48:08Z,"🎨 Welcome to Color Art: Coloring Games! ✨ Unleash your creativity in the most relaxing and fun coloring experience on Roblox! 🖌️ Paint, Color, Fill & Draw! 🖼️ Explore tons of unique pictures and pages to bring to life! 🎨 Jump into Free Draw mode to create your own masterpieces! 🔔 Don’t Miss Out! 👍 Like the game for new Game Modes & Pictures! 👥 Invite your friends to play together! 🔁 Follow us to stay updated on new content! 🌈 Join the group for exclusive benefits! 👉 https://www.roblox.com/groups/34463918/CC-Super-Fun#!/about"
7738524573,98936097545088,Retro Tower Defense,Plaything Games,Group,25,All,Strategy,Tower Defense,2025-05-20T16:48:11.753Z,2026-10-02T17:04:26.664Z,30,,2026-10-06T20:21:17Z,"NEW UPDATE: MAP MASTERY ACHIEVEMENTS, NEW WEEKLY CHALLENGE! ⚔️ RETRO TOWER DEFENSE! Stop the Noob invasion! Summon iconic heroes and relive the golden era of Roblox in the ultimate strategy experience. 🛡️ 📈 You can now trade towers with other players! Grab your friends and team up to protect the base! Strategize across legendary maps like Crossroads and Doomspire to earn Tix and EXP. Game Modes: Battle through Casual, Normal, Hard, or test your skills in the infinite Endless mode! Missions: Complete quests with your squad to unlock powerful Towers. Skins: Customize your towers with rare skins for c00lkidd, 1x1x1x1, and many more iconic characters! Events: Collect special event currency to collect limited skins & towers 💻 Device Support: PC, Mac, iOS, Android, Playstation, and Xbox. 🎁 Codes: Use RETRO, FREETIX, or NEW ❓ FAQ: Win rounds to buy new towers. Join forces with friends to earn more rewards!"
7738927312,103874780798870,[☢️] Build a Bunker!,Piriyo,Group,33242376,All,Survival,,2025-05-20T18:42:40.6Z,2026-09-16T12:14:46.714Z,14,,2026-10-06T23:48:08Z,"☢️ Welcome to Build A Bunker! Nukes hit the world every 5 minutes. Get loot from the town and use it to upgrade your bunker. Can you survive until help arrives? [ How To Play ] 🍎 Grab food, 🔫 weapons, and 🪵 supplies ☢️ Get inside the bunker before the nuke ⚔️ Fight enemies and protect your bunker 🏗️ Build and upgrade your bunker 💀 Can you survive?"
7747782974,84256892855657,Harbor East,Century Operators,Group,34987999,All,Roleplay & Avatar Sim,Life,2025-05-22T09:36:21.483Z,2026-09-28T02:44:21.905Z,25,,2026-10-06T23:48:08Z,"Update 6 🎉 🎉 The Forgotten Island event starts now! 🔍 Find Raww near spawn! 🎬 Discover the story onscreen! 🔔Stay tuned for more updates!🔔 ========================================================== Welcome to Harbor East! 🗺️ Explore this beautiful seaside city 🎭 Choose your lifestyle — Will you be good or bad❓ 🎉 Hangout with your friends 💼 Experience different roles & jobs ... and be careful with the dark side of this city 😈 Tags: Roleplay, Metro, Hangout, RP, Town & City, Hood"
7750955984,103754275310547,[Parasol!] Hunty Zombie,HZ DEV,Group,36015593,All,RPG,Action RPG,2025-05-22T21:52:28.25Z,2026-10-04T21:16:48.098Z,40,,2026-10-06T20:21:17Z,"🧟 Hunty Zombie is an action-packed zombie hunting game on Roblox! Hunt or be hunted — the apocalypse won't wait. Master weapons, abilities, perks, and awakening 💥 NEW: Party Crasher Mode 🪏 NEW: Sandbox Mode 🎧 Boombox weapon - Lay down some beat and defeat the Zombies with Style ⏳ Scythe Returns + Evolution - another Limited Chance to unlock the OG scythe 👁️ Daggers Returns + Evolution - Fast movement and multiplication 🗡️ Hack‑and‑Slash Action 💥 Unique Weapon Abilities 🔮 Awakenings 🎯 Perks & Loadouts 🧟 Zombie‑Packed Dungeon 🎮 Controls Ability 1 — Z / L2 / LT Ability 2 — X / L1 / LB Ability 3 — C / R1 / RB Dash — Q / B / Circle Perk — E / Y / Triangle Awakening — G / D‑Pad Down Switch Left — 1 / D‑Pad Left Switch Right — 2 / D‑Pad Right M1 — LMB / X / Square ⚠️ ALPHA — Game still in development. Bugs expected. If codes don’t work, try a private server."
7760134732,113581963143008,Build To Survive DISASTERS! 🌊,Rainy Creations!,Group,35542880,All,Survival,,2025-05-24T05:21:30.6Z,2026-06-25T16:46:17.08Z,9,,2026-10-06T23:48:08Z,Welcome to Build To Survive Natural Disasters! 🔨 Build resilient structures to withstand natural disasters. 😊 Invite friends to collaborate on your base 💾 Everything autosaves
7761516673,131145970478334,Fight in a Streamer University🎓,ColdWorld Visuals,Group,33642345,All,Action,Battlegrounds & Fighting,2025-05-24T09:33:49.177Z,2026-10-06T23:52:24.8503645Z,35,,2026-10-06T20:21:17Z,"🎓 Welcome to Streamer University! 🎓 A chaotic, action-packed fighting game set in a wild school inspired by your favorite streamer vibes. Whether you’re here to squad up, chill, or throw hands, Streamer University brings non-stop hype and drama to the hallways. 🤝 Link up with friends, start rivalries, and rise through the social ranks in epic 1v1 showdowns, crew battles, or all-out cafeteria brawls! Who will be the Number 1 Streamer? 🎮 Basic Controls: PC: 🖱️ Left Mouse – Attack 🫳 G – Grab 👟 F – Stomp 🌟 R - Special Ability 🔀 W A S D – Move 🎯 W A S D + Space – Weave/Dodge Console: 🔨 RT/R2 – Attack 🤜 B/Circle – Grab 👞 X/Square – Stomp 🔄 Left Analog + LT/L2 – Weave/Dodge 🌟 Triangle/Y – Special Ability ⭐️ Like and favorite Fight in a Streamer University to support us and unlock more awesome updates! Your love keeps the fun alive! 🎮💖 Tags: Streamer, Streamer University, School, High School, Fighting, Hangout, Roleplay, Battlegrounds, Socialize, RP, Catch a Fade"
7780633647,135155039067698,MX WORLD,MX WORLD Community,Group,92293096,All,Simulation,Vehicle Sim,2025-05-26T22:51:09.933Z,2026-06-07T22:53:29.342Z,20,,2026-10-06T20:21:17Z,"Welcome to MX WORLD, the #1 motocross experience on Roblox! 🏁 Ride freely on dirt bikes, ATVs, and UTVs 🎨 Explore unlimited customization options 🏅 Race with your friends All in-game brands are fictional and not affiliated with any real company. ©2026 MX WORLD Community. All rights reserved."
7787359931,96796259580891,Kingdom World,Mj Studios Official,Group,13916370,All,Roleplay & Avatar Sim,Life,2025-05-28T01:45:24.883Z,2026-10-05T10:11:02.955Z,25,,2026-10-06T20:21:17Z,"drive your car in the best riyadh streets, hang out with your friends, and do everything you want houses and gas stations and plate shops and police stations. this game is made by Mj studios official."
7812848099,113604074601559,🐝 Build A Beehive,fantastic_games,Group,36051520,All,Simulation,Tycoon,2025-05-31T15:14:18.38Z,2026-09-30T09:32:46.302Z,6,,2026-10-06T23:48:08Z,"🌸 Shop: New Premium Flowers! • Brand-new Premium Flowers have arrived in the Shop! • Add these special blooms to your garden and make it stand out! ☀️ SUMMER EVENT IS HERE! ☀️ ✨ EVENT GUIDE: 🌻 Summer Collection • Complete special Collection Tasks to unlock and exchange for brand-new Flowers and summer-themed Decorations! • Collect exclusive event rewards and create your perfect summer garden! 🎁 New Season • A brand-new Season has begun! • Discover new seasonal Flowers, Decorations, and more exciting rewards! How to Play: 🦋 Buy a Flower 🪏 Plant the Flower 🐝 Catch a Bee 🍯 Make Honey 👍 New MYTHIC BEE at 100K LIKES, join the group for rewards"
7822444776,137925884276740,[VOID] ✈️ Build A Plane,Budget Gaming,Group,35558055,All,Simulation,Sandbox,2025-06-01T20:07:13.123Z,2026-10-06T05:31:06.3544104Z,5,,2026-10-06T20:21:17Z,"✈️ Welcome to Build A Plane! Design your very own plane, dodge a variety of crazy obstacles, and soar across procedurally generated biomes! 🌎 🛠️ Build your dream plane using blocks from the shop! 💥 Survive wild obstacles and explore amazing biomes! 🚀 Launch and earn cash to upgrade your build every flight! ⚡ Get rare and unique blocks, each with its very own mutations! ⏰ Remember, your plane literally flies offline! 🤑"
7823137182,81239378558719,Hide the body,Doge Cloud,Group,9275288,All,Strategy,,2025-06-01T23:02:32.94Z,2026-10-06T19:52:30.8095763Z,15,,2026-10-06T23:48:08Z,"Hide the body is a game where you hide uninvited friends, explore new maps and buy different items. Invite friends to make the game more exciting😉 Inspired by the game: Body Hiding Simulator 1995 If you find bugs, you can let us know in the group or in the DS."
7843413523,117868278782684,Supermarket Together,BambooST,Group,36067545,All,Simulation,,2025-06-05T02:28:17.447Z,2026-09-30T14:12:14.929Z,50,,2026-10-06T20:21:17Z,"The multiplayer supermarket Split the action with your friends: the more players in your supermarket, the more demanding customers will become. You can also choose to go solo and inflate the difficulty artificially if you are feeling hard-working. Tips: You can create a save with password and share it to your friends, so this private server will only your friends who have the password can join in 🔥 Use code ""Outstanding125k"" and LIKE the game for free reward!!! 👍 NEW CODE releases once the game gets 160K LIKES!!! [2026.9.30] 1、Fixed an issue where License images were misaligned. 2、Fixed an issue where purchasing License_24 had no effect. [2026.8.21] 1、Added three new licenses."
7848204961,77013253496192,[🌟] School RP #FR,ÉLITE FR.,Group,36072589,All,Roleplay & Avatar Sim,Life,2025-06-05T18:00:31.217Z,2026-10-06T11:36:40.5192626Z,1,,2026-10-06T20:21:17Z,"🏫 Découvre School RP et crée ton propre parcours dans une école immense et pleine de vie ! 👨‍🏫 Crée tes cours et amuse-toi à enseigner à tes camarades. 🍳 Cuisine dans un système ultra immersif, prépare chaque ingrédient et sers tes créations. 🛡️ Incarne un surveillant, fais respecter le règlement et coopère avec le staff grâce à ton talkie-walkie. 🎤 Prends la place du Directeur, organise les classes et fais des annonces à tout le monde. 🏀 Profite de terrains de basket, de tennis et de foot réalistes pour t'amuser entre amis ou montrer ton talent. 📏 Deviens un élève assidu ou révèle tes talents sportifs pour briller dans l'école. 🔎 Explore les salles, découvre des zones secrètes et vis une aventure pleine de surprises. ✨ Rejoins School RP et plonge dans une expérience fun, interactive et toujours pleine de nouveautés. Prépare-toi à vivre ta plus belle histoire scolaire ! #SchoolFR #SchoolRP"
7856039629,128119795963270,Murder Mystery DUELS,b1uu,Group,36075047,All,Action,Battlegrounds & Fighting,2025-06-06T20:23:05.867Z,2026-10-04T03:58:17.362Z,30,,2026-10-06T20:21:17Z,"Welcome to Murder Mystery DUELS! The home of intense 1v1 or team duels... 🏆 Step on a pad or queue up to begin a duel 🌀 Unlock abilities, master your skills, and collect epic knives & guns! 🚨 Cheaters will be permanently banned with no appeal 💫 Farming stats with alts and such will also result in a permanent ban 💖 Heavily inspired by MVSD & MM2 ✏️ Credits: Maps: @Zyleak, @Thexz"
7874651625,98303142742576,Makeup Store Simulator,MagicCoreStudio,Group,36067536,All,Simulation,,2025-06-09T03:12:15.563Z,2026-08-21T03:20:28.492Z,6,,2026-10-06T23:48:08Z,"Rush to your Glamazon Makeup Store! Stock shelves with trendy cosmetics, sell to customers, and earn coins for expansion. Build your ultimate makeup empire! Play now! 💸Code: BRUSH2025 👍NEW CODE releases once the game gets 80000 LIKES Shutdown means Update TAG: Makeup Store Simulator, Tycoon, Cosmetics"
7877723741,80607040330429,Dash World [PLATFORMER],Tarylem,Group,12553184,All,Obby & Platformer,Runner,2025-06-09T12:57:10.4Z,2026-10-06T08:34:24.718612Z,10,,2026-10-06T20:21:17Z,"Dash World This game is inspired by geometry dash; made by robtopgames, featuring everything, vibrant colors, colorful effects and more! Features: ➤ Colorful, Vibrant, Shiny and Fun environments. ➤ Make your own levels with the editor tools or play community made levels to test your skills! Supported Platforms: PC, Mobile & Console Credits to: Talented Musical Artists, RobTopGames, @Dubairusi for the Trailer & various image assets ➤Join our group to provide more feedback and engage with other players or ask questions about development, your feedback matters a lot to us. https://www.roblox.com/communities/12553184/Tarylem#!/about Support the game by joining our community and by following our developers: @Tactycl; and community manager: @RO0T5 Version: 1.601"
7882785167,78353262320982,Enfosi,Tumore,Group,9835935,All,Shooter,PvE Shooter,2025-06-10T07:16:25.273Z,2026-10-06T21:32:24.6081322Z,50,,2026-10-06T20:21:17Z,"[UPDATE - SMILE MORE]: A complete overhaul of the game, adding loads of new content and a new ""maniac"" difficulty! Defend a statue while innocents glaggles rushes to it. Spot out fakes in the crowd, but beware these enphosians won't go down without a fight! Each wave will have a new glaggle appearing and even bosses to challenge your abilities! You are provided weapons, tools, and even classes to completely change up how you'll play! Best experienced when playing on a PC, other devices works although not intended. [NOTE]: This game is in progress, contents may change. Inspired from Glagglepedia, although has its own spin and concepts."
7882829745,90462358603255,[Part 4] Anime Eternal,New ProjectR,Group,34873522,All,Simulation,Incremental Simulator,2025-06-10T07:25:47.243Z,2026-08-29T10:39:25.607Z,10,,2026-10-06T20:21:17Z,"Welcome to Anime Eternal! 💖 Use Code: ""Update60Part4"" 💖 Use Code: ""Update60Part3"" 💖 Use Code: ""Update60Part2"" 💖 Use Code: ""Update60"" 💖 Use Code: ""Update59"" 🌍 Explore Iconic Anime Worlds! ⚡ Tap to Gain Energy – every click brings you closer to power! ⭐ Open Stars to collect powerful Champions! 💥 Battle Enemies to earn Resources, unlock Avatars, and discover rare items! 🚀 Rank Up. Level Up. Upgrade Everything! 📱 Available on Desktop, Mobile, Tablet and Console!"
7883776681,90906407195271,[EVENT🎃] Racket Rivals,⨯ Small World Games,Group,17140361,All,Sports & Racing,Sports,2025-06-10T10:38:09.4Z,2026-10-06T06:25:33.9084081Z,18,,2026-10-06T20:21:17Z,"🎾RACKET RIVALS is a fast paced 3v3 Racket Game, with abilities, champions, a shuttle and chaos! This game is a combination of badminton, tennis, squash and volleyball, all rolled into one! CONTROLS: SWING – Left Click POWER SWING – (Hold) Left Click SET – E DASH - Q ABILITY - 1 AWAKENING - 2 EMOTES - V BUBBLES - B Unlock spirits with awesome abilities, summon powerful rackets, and get awakenings that give you crazy ultimates! Made with ❤️ by Small World Games"
7884563721,134558434771720,[🔥RALLIES] Arcade Basketball 🏀,Arcade Basketball,Group,36093071,All,Sports & Racing,Sports,2025-06-10T12:50:54.18Z,2026-10-06T17:32:42.4049941Z,28,,2026-10-06T20:21:17Z,"🏀 Welcome to Arcade Basketball! 🏀 Ready to become a hoops legend? 👑 Step onto the court and prove your skills in the most exciting sports game on Roblox! 🔥 ⭐ FEATURES ⭐ INTENSE 1v1, 2v2, and 3v3 MATCHES 🆚 Go solo or team up with friends! CUSTOMIZE YOUR LOOK 👕 Unlock fresh clothes, accessories 👟 & balls! 🏀 CLIMB THE LEADERBOARDS 🏆 Show 'em you're the GOAT! 🐐 SOCIAL HANGOUT 😎 Chill with your crew & show off your moves! ➕ NEW UPDATES drop regularly ➕ Lace up & join the action! ⚡Play now! ⭐"
7911332924,81703830622949,[VC] Podcasts 🔊 18+,NDO Studios,Group,4699129,All,Social,,2025-06-14T08:58:35.843Z,2026-09-14T01:03:47.346Z,50,,2026-10-06T23:48:08Z,"🎙️ Podcasts Grab a mic, gather your crew, and create stages! Use your voice to record hilarious debates, deep convos, or chaos in your own virtual podcast studio. Talk it out, vibe with friends, and go viral (maybe). Supports: - PC - Mobile - Console ⚠️ DISCLAIMER ⚠️ By creating servers within our game, you agree we reserve the right to close your server for violations against Roblox's TOS and take necessary actions to protect the platform and our community. Server boost or not you are not immune to moderation, no refund policy. Serious + repeat offenses will be dealt with unappealable permanent + strict temporary bans."
7917550094,71647256260480,Podiums VC 🔊,Podiums VC,Group,555161869,All,Social,,2025-06-15T02:29:00.083Z,2026-10-06T06:43:47.8762074Z,50,,2026-10-06T20:21:17Z,"Create your server, set the topic, and host live voice chat conversations that anyone can join. Whether you're starting a debate, running a talent show, or just chatting with friends, Podiums gives you the stage. 🎙️ Start a server on any topic 🌐 Join a variety of different servers 🎉 React in real-time with emotes 🤝 Meet new people 💸 Donate to your favorite speakers 𝐃𝐞𝐯𝐢𝐜𝐞𝐬 PC, Mobile, VR, Console 𝐋𝐚𝐧𝐠𝐮𝐚𝐠𝐞𝐬 English, Spanish, French, Portuguese, German, Arabic, Chinese, Russian, Indonesian, Vietnamese, Polish, Thai, Turkish, Japanese, Korean, Tagalog 18+ Version: https://www.roblox.com/games/124552047151574/ 🔊 (VC) Voice Chat is required."
7934320560,70400654680508,Five Nights TD 2 [EVOLUTIONS],Hyper TD,Group,33298472,All,Strategy,Tower Defense,2025-06-17T09:24:50.61Z,2026-10-04T21:04:24.563Z,20,,2026-10-06T20:21:17Z,"🎉 Welcome to Five Nights Tower Defense 2, a Five Nights at Freddy's tower defense game! ⚔️ Survive the waves and collect animatronics! ⏰ Stay tuned for weekly updates!"
7935634976,102871156420149,The Lost Front,Type Productions,Group,9255939,All,Shooter,,2025-06-17T13:34:27.603Z,2026-09-09T18:21:35.086Z,30,,2026-10-06T20:21:17Z,Welcome to The Lost Front! Step foot into the muddy trenches of a battle full of danger and uncertainty. Defeat enemies and capture objectives. Game is still in development so expect bugs and uncompleted features. Cheaters will be caught and permanently banned from the game without appeal. It's not worth it!
7938992417,123468479998097,GRAB,Grab Sandbox,Group,33023987,All,Action,,2025-06-18T02:16:14.407Z,2026-09-28T01:48:08.962Z,28,,2026-10-06T23:48:08Z,"🖐️ Welcome to GRAB! Dive into a chaotic, physics-based sandbox where you can grab players, toss them across the map, and create pure mayhem. Troll your friends, bowl through crowds, or just mess around, it's all up to you. How to Play: 👐 Grab anything (players, props, and more) 🌀 Throw players and objects across the map 🏃 Run, launch, and cause total chaos 🔁 Spam jump to escape if grabbed! 👍 LIKE & FAVORITE the game and join the group for the Infinity Gubby prop! 🌟"
7948426536,107894105055312,[🎃👻UPDATE] Wax ASMR Tower,solarstone314,User,8138805047,All,Obby & Platformer,Tower Obby,2025-06-19T11:26:00.283Z,2026-10-06T17:39:56.3803304Z,12,,2026-10-06T20:21:17Z,🎃👻New Halloween Tower added
7960300951,114501358617756,Bridge Battles!,STUDMASTER,Group,920347981,All,Action,Battlegrounds & Fighting,2025-06-21T00:24:57.043Z,2026-10-06T05:23:39.6174946Z,24,,2026-10-06T20:21:17Z,Work together to build your bridge before other teams ⚒️ Use RPG's to kill other players and destroy their bridges 💥 First team to reach the end wins! 🏆
7970033072,125503525638054,The Veil,BlackstarDW Studios,Group,36025827,All,RPG,Action RPG,2025-06-22T03:10:42.267Z,2026-10-04T10:29:35.596Z,16,,2026-10-06T20:21:17Z,"""We can't fly, we can't walk on walls, we're weak we're only good at being eaten. And weaks can only make weak decisions."" 🔱 A horde-based PvE & PvP MMORPG inspired by Mazerunner, Made in Abyss, and Terraria (Calamity Mod) 🔱 > Dive into an enormous labyrinth festering with an unknown evil > Collect a multitude of weapons and items with varying rarities > Engage in the slaying of massive hordes > Deal with the danger of outlaws who don't seek order, but chaos in PvP > Complete the story questline and end the evil that plagues this world A game developed by Blackstar Studios ⭐ Version: Beta v1.1.3 Available on all devices 🖥️📱🎮"
7983308985,129866685202296,Last Letter 💬,MmiiGames,Group,35222573,All,Puzzle,Word,2025-06-23T17:55:08.67Z,2026-09-27T22:50:10.318Z,30,,2026-10-06T20:21:17Z,"Welcome to Last Letter! Play word games against people where every last letter counts, stay 2 steps ahead or you'll get eliminated💥 - NO P2W, every styles are viable and depends on how you use it 🧠 - Spin styles and use its ability to spice up the gameplay 🔥 - Get spins with codes, by logging in daily or by completing tasks 💰 - Buy items in shop to flex on people lol The game is in beta, expect bugs and major changes Join the group to redeem codes 🎁 if you enjoy and wish to support the game, Like 👍️ and Favorite ⭐️ for more updates Searching answers mid game is against the rules but searching after is encouraged in order to learn new words Codes: 500KMEMBERS 450KLIKES 400KLIKES pls report bugs (or tell me if you have any feedbacks) UI Icons designed by Freepik Lobby theme by @SomeUnknownPlayer33"
7990186056,103556382323599,[🎢] Build a Tower,Pink Heart Games,Group,6276586,All,Simulation,Tycoon,2025-06-24T16:23:45.123Z,2026-10-04T11:21:38.518Z,6,,2026-10-06T23:48:08Z,"Welcome to Build a Tower 🧱 Buy Blocks and Build • Get the rarest blocks and build the tallest tower! 🚀 Upgrade Your Tower • Get more stages, higher item limit, and cash boost! 💰 Earn Offline Cash • Your tower keeps generating money, even while you're gone! 💾 All your progress saves!"
7996365376,113506071094099,[🌴] SHARP,MAD STUDIO,Group,858127,All,Shooter,Deathmatch Shooter,2025-06-25T13:22:25.633Z,2026-08-29T17:15:22.293Z,16,,2026-10-06T20:21:17Z,"🗡️ SHARP is Roblox’s ultimate high-speed PvP battle experience! Take down opponents, collect coins, and unlock game-changing abilities and perks! ⚔️ Battle other players in intense PvP combat 💰 Defeat enemies, earn coins, and expand your arsenal 🔥 Unlock a wide variety of unique powers and perks ⚡ Powers activate once fully charged — watch for the yellow marker! 🏆 Climb the ranks and prove you’re the sharpest fighter! 🖥️ Play on Desktop, Mobile, Tablet, Xbox & PlayStation 5!"
8005378926,112130209541489,Catalog Avatar Editor,Catalog X,Group,6266801,All,Shopping,Avatar Shopping,2025-06-26T18:09:37.803Z,2026-08-16T02:55:52.815Z,20,,2026-10-06T20:21:17Z,"Avatar Creator lets you design and customize your dream avatar completely for free. You can try on millions of catalog items including accessories, hats, limiteds, bundles, clothing, and animations to create a look that fits your style. Mix endless combinations to experiment with new outfits. Whether you’re exploring fresh styles or building your perfect Avatar, Catalog Avatar Editor gives you the freedom to express yourself. ✅ All purchases made in the game are available in your Roblox inventory & can be used in all games. ✅ Get a free private server to use all gears. If you enjoy the game, don’t forget to leave a 👍 Like and ⭐ Favorite to support the experience! Tags: Avatar Creator, Outfit Creator, Outfit Loader, Avatar Customization, Clothing Trends, Social, Friends, Creativity, Outfit Store, tt, Catalog, Headless, Korblox, Outfit Ideas, Catalog, Outfit Loader, Fits, Matching, Outfit Render, Valk, try on shopping, hangout, Christmas Outfits, Creativity, Y2K, Catalog X"
8006379851,113457460682474,🔨 Voxel Block Builder [🙂 VERITY],Goober Labs,Group,35461853,All,Simulation,Sandbox,2025-06-26T21:42:18.593Z,2026-09-27T02:26:46.669Z,18,,2026-10-06T23:48:08Z,"😁 Place down voxel building blocks and unleash your creativity! Build awesome creations, craft unique buildings, roleplay with friends, and let your imagination run wild! There’s no limit to what you can design in your own voxel world! ❓ How to Build: - Open your Inventory - Select a Block - Click or Tap to Place - Use the Pickaxe to Mine Blocks! ⭐ Like and favorite the game for new block updates every week! 💾 Want to save your creations? Use the Personal Worlds feature! NEW UPDATE - VERITY PETS: - Unlock your very own pet Verity, who will roll around and follow you when equipped! - New blocks are added! - QoL Fixes & Improvements"
8014099969,115286378269814,Protect The House From Monsters,Mango Jungle,Group,34761390,All,Shooter,PvE Shooter,2025-06-27T20:47:10.14Z,2026-10-06T03:12:17.1837523Z,12,,2026-10-06T23:48:08Z,"Do whatever it takes to stop monsters from going inside the house! Place traps around the house to stop the monsters from getting inside. Find and unlock cool guns hidden around the map to help you fight. But be careful, DON'T go into the forest! It’s dangerous! Can you survive and keep the house safe? Private servers have increased turret placement limits"
8058628992,114537828794341,Kpop Demon Hunters RP,Kpop Demon Hunterss,Group,46101418,All,Roleplay & Avatar Sim,Morph Roleplay,2025-07-03T08:03:15.25Z,2026-07-28T03:46:03.577Z,50,,2026-10-06T20:21:17Z,"**THIS IS A FANMADE GAME! Roleplay as your favorite HUNTR/X girls or SAJA boys! Explore magical worlds, perform on stage, and recreate iconic scenes!"
8066283370,105555311806207,[🎁]Build a Zoo🥚,Century Farmers,Group,36008925,All,Simulation,Tycoon,2025-07-04T06:23:05.963Z,2026-10-04T08:19:53.752Z,5,,2026-10-06T23:48:08Z,"UPD79 🥚 New Premium Egg! A brand-new Premium Egg has arrived in the Shop with 5 new pets to hatch! A new Pity System has also been added — after a certain number of purchases, you’re guaranteed to get a rare Mutation! 🎁 New Season! A brand-new Season has begun! Progress through the Season and unlock an exclusive new pet! 🌦️ New Event! A brand-new Event has arrived with new Weather and an exclusive Mutation! Explore the event and discover its special surprises!"
8080493298,112226578490421,A Grabpack Test [HUGGY WUGGY],PREW - X,Group,1070365105,All,Puzzle,,2025-07-05T18:07:02.217Z,2026-08-17T12:30:57.651Z,10,,2026-10-06T20:21:17Z,"Developers: - Elian3103 (Scripting, Building & Modeling) - Enryprew_br (Scripting) - Rixxles (Scripting, Building & Modeling) - Maki (Building) - JTMMachinima-JTM (Animator) Contributors: - ScaryTvMan1-funkyfriday412 (Helped make the yarnaby map) - Kitafuzzi (helped build new rooms for map 4) - Aithermoving (coded most of the cosmetics menu) ❗IMPORTANT 10% Of models from mob (like huggy) 10% Of models from sketchfab 80% Of models remade by us The troll hand and all cosmetics are models by us, not from Mob If a mob employee is seeing this, and considers something breaks their rules, please contact us. Credits to Mob Entretaiment Keybinds: PC: [Scroll / Number Keys] - Switch Hands [Q] - Hand Wheel [Left/Right Click] - Shoot left/right hand [Shift] - Sprint [T] - Unlock Mouse [F] - Flashlight [V] - Blacklight Controller: [Y Button] - Switch Hands [L1/R1] - Shoot left/right hand [L3/Joystick Press] - Sprint [R2] - Crouch [Back/Select Button] - Pause Menu [B Button] - Flashlight"
8156973419,118447215156914,Prism Runway Show💎,LILY & LIFFY,Group,13809262,All,Roleplay & Avatar Sim,Dress Up,2025-07-14T07:47:38.073Z,2026-10-06T07:39:24.9070153Z,10,,2026-10-06T23:48:08Z,"🎀 Become a PRISM STAR! 🎀 Welcome to the Prism Show, a stage where every color in the world comes together. You're a rookie model, fresh off your debut on this very stage. Are you ready to become the ultimate fashionista, a 'Prism Star,' by showcasing your unique color and personality? ✨ Dominate the runway with dazzling styles, perfectly matched to each show's ever-changing theme. ✨ Claim first place in style battles against other players with your sensational outfits. ✨ Share your finished looks on 'Prism Play' and connect with the community by admiring each other's fashion! 📣 Please report any bugs or provide feedback on the game through Group Forum or our Discord channel. (Shutdown = Update) 👍 Your likes and group follows mean a lot to us!"
8160348242,135193469413243,MM2 Aim Trainer 2,b1uu,Group,36075047,All,Action,Battlegrounds & Fighting,2025-07-14T16:23:03.787Z,2026-10-04T03:53:53.952Z,1,,2026-10-06T20:21:17Z,"🎯 Improve your Murder Mystery 2 aim by training! 🚨 Cheaters will be permanently banned with no appeal 🕹️ Play MM2: https://www.roblox.com/games/142823291/Murder-Mystery-2 💖 Credits: Original game: @Nikilis Maps: @Zyleak, @Thexz Weapons: @IDontHaveAUse, @Nikilis"
8178086002,117713779364528,Lethal Ape Experience [☠️BTM],Breet Studios,Group,5251408,All,Survival,,2025-07-16T21:10:22.727Z,2026-10-04T16:45:18.502Z,20,,2026-10-06T20:21:17Z,"☠️ BE THE MONSTER UPDATE OUT NOW! 🧪 Welcome to Lethal Ape Experience You've entered an abandoned facility where experiments went terribly wrong. Monstrous creatures now roam the halls. Stay silent, stay hidden, and survive for as long as you can. Beware, each monster behaves differently, and every room hides a new threat. Headphones recommended for full effect. Tags: Horror, Scary, Monster, Lab, Backrooms, Experiment, Survival, Dark, Escape, Gorilla Tag"
8181391950,85056532479796,[UPD] Neo Tennis,Century Athletes,Group,36097435,All,Sports & Racing,Sports,2025-07-17T08:08:06.74Z,2026-09-04T06:30:38.808Z,12,,2026-10-06T20:21:17Z,"🎾 Experience the thrill of tennis like never before! Can you become number one? 😎 Master unique styles and show off your skills on the court! 🌞 New content and updates coming soon — stay tuned! 👫 Party Mode [BETA] is now available for 2V2 rank! 🎮 Console, PC, and Mobile is supported! 👍 Like the game and join our group!"
8198412649,75541741887441,Dinosaur Life,NOYO Productions,Group,34481840,All,Roleplay & Avatar Sim,Animal Sim,2025-07-19T06:30:24.727Z,2026-09-26T09:38:15.559Z,65,,2026-10-06T23:48:08Z,"Experience life as Earth’s most legendary creatures in Dinosaur Life, the ultimate prehistoric survival adventure. Roam the ancient world as a mighty T. rex 🦖 and rule with raw power. Hunt in packs as a cunning velociraptor, or charge through the undergrowth as a horned triceratops 🦕, ready to defend your herd. With a vast selection of dinosaurs to choose from, the age of reptiles comes alive! ⚡ Every decision shapes your survival in this dynamic, living ecosystem. 🌟 Will you rise to the top of the food chain? Play now and leave your mark in prehistory! 🪨 👍 Like the game and join the group for 500 coins and a +10% coins multiplier! Roblox plus subscribers earn 15% more coins. Multipliers stack! 🚫 WARNING: Exploiters will be banned permanently with no appeal!"
8214054500,88728793053496,🚀 Build a Car,SUPER SUPER FAST,Group,707609107,All,Simulation,Sandbox,2025-07-20T20:50:25.893Z,2026-06-29T05:31:17.962Z,6,,2026-10-06T20:21:17Z,"Build a vehicle! How far can you go? BUY blocks, fuel, wheels, engines! ✨ Earn cash and UPGRADE! 💸 Build anything you want! 🔨 Your car drives OFFLINE, and makes you money! 💤"
8237105425,96775630583143,A Broken Dream,Snap Shot Studios,Group,17246086,All,Adventure,Story,2025-07-23T14:40:08.01Z,2026-07-30T21:17:50.96Z,40,,2026-10-06T20:21:17Z,"A story game with horror aspects inspired by liminal spaces, dreamcore, and weirdcore. This is NOT a backrooms game. The dream pills put the user in a guaranteed state of permanent sleep, bound to be wandering in their own lucid dreams forever. Escape reality and enter a surreal paradise, where anything your mind thinks of comes true. Supports both singleplayer and multiplayer. Supports PC, Mobile, and Console. Created mostly as a solo project; Inspired by dreamcore, weirdcore, liminal spaces, the backrooms, but mostly the first two. The game’s environment has very unique and amazing aesthetics. The game also has an original soundtrack (OST) completely made by Snoogle (the solo developer mentioned previously). Feel free to leave feedback or support the game. Fanart Thumbnail Creators: kenzie4076, enoskevich, Porkparrot"
8238863102,99122501338948,Tower of Zombies 🧟,Undead Dev.,Group,32426262,All,Obby & Platformer,Tower Obby,2025-07-23T19:22:02.807Z,2026-07-29T22:41:59.006Z,35,,2026-10-06T23:48:08Z,"Battle endless waves of zombies as you climb the tower to face 5 powerful bosses! ⚔️ Every tower is randomly generated so no two runs are the same! 🔫 Buy and upgrade weapons, unlock camos, and customize attachments! 🔥 Test your skills in Hard and Extreme modes for the ultimate challenge! Please report any issues or bugs on our group forums. Thanks 😁"
8246907060,129907317028750,Be Dino 🦖 - Jurassic Dinosaur Simulation,Nibblebyte,Group,72032651,All,Simulation,Incremental Simulator,2025-07-24T18:33:37.307Z,2026-10-01T00:18:25.658Z,10,,2026-10-06T20:21:17Z,"🦖 BE DINO 🦖 🦕 Become your favorite dinosaur 🍖 Eat prey and grow stronger 🌋 Unlock rare and powerful dinos 💎 Collect all the unique species 👑 Climb the ranks and be the Apex Predator! 👍 Like the game and join the group ⭐ 💻 New codes are posted in the group! 🗣️ In Be Dino, it's eat or be eaten. A thrilling PvP survival of the fittest - fight to become the apex dinosaur! Hunt for food, grow stronger, and collect new dinos in a fun prehistoric arena. Evolve from cool raptor to epic trex. Unlock rare species, steal food from other dinos, and rule the jurassic jungle."
8269273068,94101948530988,[OGURI CAP MASTERY] Uma Racing,uma racing Community,Group,376874468,All,Sports & Racing,Racing,2025-07-27T04:35:56.733Z,2026-10-02T12:37:43.111Z,14,,2026-10-06T20:21:17Z,"⚠️ JOIN OUR COMMUNITY SERVER FOR ANY GAME UPDATES NEWS ⚠️ it's uma musume but roblox this unofficial, fan-made game was crafted to celebrate the series and welcome more people into our community PC Controls - Sprint : – Tap Q/E or M1/M2 repeatedly (Option 1) – Hold Shift + W (Tap Shift repeatedly for more faster sprint gain) (Option 2) - R : Spurt - F : Ability - G : Zone Console Controls R1 – Ability L2 – Increase Speed RB – Skill LB – Spurt LT – Run Right D Pad – Zone Left D Pad – Shift Lock R1/R2/L1/L2 are used for the initial QTEs."
8296765616,134361906638337,Defend Bunker from Zombies 🧟,Bunker Corp!,Group,429718487,All,Survival,,2025-07-30T05:28:59.827Z,2026-10-05T15:54:14.9534009Z,30,,2026-10-06T23:48:08Z,"🧟 Defend your Bunker against Zombies 🧟 ⚒️Build, fortify, and upgrade your base 👥Rescue Survivors and train them to help you 🌲Explore the map for resources and rare loot How many days will YOU survive?"
8307114974,72920620366355,[SEASON 3] Operation One,Colorful Squares,Group,35474257,All,Shooter,Deathmatch Shooter,2025-07-31T11:31:45.647Z,2026-09-15T10:05:41.594Z,24,,2026-10-06T20:21:17Z,"⚠️ Game is still in early development, join our social groups to report any bugs, or share any feedback. 🪖 You are deployed in a military operation with the purpose of securing a building, details remain limited. You are sent to your death in this 4v4 dark themed FPS. 📷 Use intel tools to your advantage, 💥 explosives to make holes through walls and ceilings, use any means necessary. 🌆 Best experienced with a higher graphic setting (7 and above). 🎧 Best experienced with headphones. Creating any kind of hole will let sound pass through it. Pay close attention to sound all around you, as it can give you valuable intel on your opponents. ⚠️ This game contains flashing lights and sounds, discretion is advised for sensitive people. Any conflict depicted in this game is purely fictional and is not affiliated with any in-real-life organization or country. War is cruel, and not to be taken lightly."
8316902627,127742093697776,[🪙] Plants & Brainrots 🌻,Splitting Point - PVB,Group,34869880,All,Simulation,Tycoon,2025-08-01T13:53:14.6Z,2026-10-04T21:30:00.955Z,5,,2026-10-06T20:21:17Z,"🪴 Welcome to Plants & Brainrots! How to Play: 🌱 Buy a seed & plant it in your garden! 🌻 Your plants fight brainrots for you! 💸 The brainrots generate money! 🍄 Buy more EPIC plants & flex your brainrots! 👍 Like the game and join the group! 💻 Available on Desktop, Mobile, Tablet & Console!"
8322865535,71174733280934,Palmhaven City Life RP🏡,Palmhaven RP Community,Group,1091822831,All,Roleplay & Avatar Sim,Life,2025-08-02T03:53:48.607Z,2026-10-04T18:33:51.022Z,26,,2026-10-06T23:48:08Z,"Palmhaven City Life RP 🌴 Welcome to Roblox’s largest open-world roleplay & avatar sim, set in Miami, Florida with beaches, parks, houses, and dozens of landmarks with full interiors. 🚗 Drive cars, bikes, and skateboards 🛥️ Sail yachts or race jet skis ✈️ Fly planes, blimps, and hot-air balloons Choose your story: work a job, open a shop, treat patients at the hospital, keep the streets safe as a cop, or just relax in your own home. With so many POIs to explore, every roleplay feels different. Palmhaven is in BETA New content drops weekly to keep the city growing."
8342498724,98502499119821,Heavyweight Fishing,Unknown Journey,Group,32032540,All,Simulation,,2025-08-04T03:34:11.423Z,2026-09-23T11:51:10.729Z,10,,2026-10-06T20:21:17Z,"🎣 Heavyweight Fishing is inspired by ""Chu Xin Diao"", letting players experience the thrill of fishing massive fishes, even more massive bosses, and exploring mysterious islands Developer: @Tom_Iceren – Builder, UI Designer, VFX, Animator, Modeler, Artist, Programmer"
8356066619,71132543521245,[🔵UPD 4.75💧] Anime Squadron,Komplex Studio,Group,9190691,All,Strategy,Tower Defense,2025-08-05T17:45:32.933Z,2026-09-30T06:58:30.647Z,16,,2026-10-06T20:21:17Z,"Dive into a brand-new lane battler packed with unique features, strategic gameplay, and exciting challenges. 🔥 Summon & Upgrade Your Units! 🛡️ Deploy your favorite anime heroes into battle. ⚡ Level up, evolve, and unlock devastating abilities! 🎯 Plan your lineup and dominate every fight. ⚔️ Multiple Game Modes Await! 👥 Team up with friends and take on epic challenges. 🏆 Climb the ranks and prove you’re the ultimate Ranger. 💥 Defend against massive bosses and nonstop enemy waves! 💠 Are you ready to lead your squad and save the multiverse?"
8365871374,72845937010155,[✋] Gear Slap Tower,Brazilian Team,Group,390302571,All,Obby & Platformer,Tower Obby,2025-08-06T21:57:22.493Z,2026-08-18T17:10:43.228Z,32,,2026-10-06T23:48:08Z,"Welcome to Gear Slap Tower! 💥 The more you play, the more gears you’ll unlock to troll other players! Don’t forget to like and favorite the game! 🌟 🏷️ Tags: Gear Tower, Slap Tower, Troll is a pinning tower, Easy Tower, Tower, Obby, Obstacle, Rainbow, Fun, Admin, Coins, Free Gears, Tools, Hammers"
8366716517,114226238552788,Sky Fighters,IRONPULSE GAMES,Group,999896436,All,Action,Battlegrounds & Fighting,2025-08-07T00:41:43.183Z,2026-10-01T01:27:23.532Z,30,,2026-10-06T23:48:08Z,"🗡️ Survive deadly games inspired by Sky Squid Game 🛡️ Obtain powers to defeat your opponents with ease Unlock powers and survive through the three platforms to win the intense game. 💻📱🎮 Works on all devices: PC, Console, Mobile. PC Keybinds: Left Ctrl / Left Alt — Shift Lock Q — Dash SHUTDOWN = UPDATE"
8374113155,133719960214587,STEAL COOKIES🍪,SilIy Creations,Group,122787827,All,Survival,Escape,2025-08-07T22:34:10.157Z,2026-06-07T18:30:49.904Z,20,,2026-10-06T23:48:08Z,"WELCOME TO STEAL COOKIES🍪 Quickly! Grandma is coming, steal her cookies and HIDE BEFORE SHE CATCHES YOU! 😨 😋 Find all the COOKIES! 👀 Watch out for GRANDMA! 😂 Upgrade ABILITIES to PRANK grandma! 👍LIKE + GROUP NOW FOR UPDATES👍"
8401518398,122606989565107,[W40] Obby But You're on a Scooter,BINARY TECH,Group,34181511,All,Obby & Platformer,,2025-08-10T16:55:38.033Z,2026-10-03T22:55:42.971Z,10,,2026-10-06T20:21:17Z,"Obby But You're on a Scooter! 💛 🛴💨 Race, jump, drift, and speed your way through 100 challenging scooter stages! 🏁 Test your skills, master tight turns, hit boosts, and see how far you can go. 🏆 Can you beat all 100 stages? Tags: Obby, Obby But, Obby But you're, Scooter, Scooter Obby, Obby but you're on a Scooter"
8420907710,112966546347918,Drift Tag,Tandem Labs,Group,1039703573,All,Simulation,Vehicle Sim,2025-08-12T19:15:16.16Z,2026-10-06T01:20:30.6058149Z,10,,2026-10-06T23:48:08Z,"Welcome to Drift Tag 🚗💣 Pass the bomb, dodge your rivals, and be the last driver standing! ❗ JOIN A LOW PING SERVER FOR BETTER HITBOXES Grab a car and hit the streets in a high-speed game of hot-potato. 🎮 Gamemodes only occur with 4 or more players in a server, [🔥] streaks are uneffected. 🏴‍☠️ Private server owners get permission to edit round/map, announce, and kick players. 🚩 Report players via /report 💨 Features: 💣 Fast-paced bomb-tag rounds 🚗 Unlock 20+ cars as you progress 🎁 Open cases for rare vehicles & big rewards 🏆 Earn badges for clutch plays & win streaks TAGS: drift tag, bomb tag, cars, racing, driving, drift, car game, tag, hot potato, multiplayer, party, survival, unlocks, cases, abilities, progression, money, speed, cars game, skills, fun, competitive, chaos, vehicle, last one standing All rights reserved. Other trademarks referenced are the property of their respective owners. Use of these marks does not imply affiliation or endorsement."
8430503828,86754403332185,Steal a Clown,IzNioo,User,7241559232,All,Simulation,Tycoon,2025-08-13T21:17:45.153Z,2026-10-01T21:40:53.269Z,8,,2026-10-06T23:48:08Z,Steal a Clown
8488806742,73526576502092,Sonic.EXE: The Disaster Eclipsed v1.42,oaegates,User,74434652,All,Survival,1 vs All,2025-08-19T23:02:33.503Z,2026-10-06T23:49:51.1473711Z,8,,2026-10-06T23:48:08Z,"Sonic.EXE: The Disaster Eclipsed v1.42 Sonic.EXE: The Disaster Eclipsed is a recreation of its predecessor [Sonic.EXE: The Disaster by Outlaik], with new survivors, new executioners and new abilities. Defend yourself as a survivor against the executioner with up to 6 friends, working together to survive until those who remain can escape. Or slaughter the opposing survivors as the executioner to prevent them from escaping. Updated character info and a full changelog can be found to the left and back in the lobby. Clunky gameplay and bugs may still be present, I'm still fixing it all as I go. Bugfixes and additions to the game might be made, but more than one addition being made at a time is unlikely. [This game may contain loud sounds and music] A big thanks to the TD:Reborn team for the original game code, and to Outlaik for creating the original Sonic.EXE: The Disaster!"
8497987845,89100823864844,[💜 JOJO'S] Anime Girl RNG,The Rolling Society,Group,35119567,All,Simulation,Idle,2025-08-20T23:58:48.47Z,2026-10-05T23:29:17.4392719Z,8,,2026-10-06T20:21:17Z,"Anime Girl RNG is a game made and maintained by one single developer. don't expect perfection! What is Anime Girl RNG? 🔄 Click the ""Roll"" button to get 150+ Auras 🛠️ Craft unique relics with your auras! 🍀 You can also drink Potions to increase your luck 📢 Join the community for free codes! Disclaimer: This project might or might not contain inspired content created out of admiration and a desire to share awareness and appreciation for the original work. If you are the owner of any referenced content and have concerns, please contact us to get this resolved immediately. Thank you!"
8503596762,96925698409585,Hungry Wheels [⭐BETA],Daisy Prod.,Group,32819610,All,Adventure,Exploration,2025-08-21T15:41:40.757Z,2026-10-02T09:26:00.767Z,16,,2026-10-06T20:21:17Z,"🍔 HUNGRY WHEELS [BETA] 🍔 You just got fired. Now an E5 tornado is coming for your hometown. Good thing you’ve got an old burger truck and nowhere else to go! ❕Please note that the game is currently in BETA version. You may encounter bugs!❕ Join the community group to stay UPDATED Game made by Daisy Prod. Credits: SimplePath by GrayzcaIe, SmartBone by Celnak"
8504461817,140481779622210,Escape The Lava 🔥,STOP INC.,Group,60597428,All,Simulation,Incremental Simulator,2025-08-21T18:00:02.917Z,2026-03-14T20:21:00.07Z,26,,2026-10-06T23:48:08Z,🔥 Escape The Lava 🔥 ❤️ Survive lava to get to the end and earn wins! ⚡ Train your speed and get to the top of obstacles for protection! 🏆 Get pets for more speed and unlock new worlds with wins! 🌍 Beat other players and get on top of the leaderboards!
8520148363,119789365111500,💥 Tank Game! [2.4],7x3,Group,111185671,All,Simulation,Incremental Simulator,2025-08-23T10:55:18.7Z,2026-10-01T01:40:57.962Z,20,,2026-10-06T20:21:17Z,"🔨 Build your ultimate tank with diverse upgrade paths and stat boosts like damage, health, and speed to dominate the arena! [HOW TO PLAY] 💥 Shoot food for levels! 💫 Level up & upgrade your stats! ⛓️‍💥 Destroy tanks & earn gems! 🔭 Unlock over 150+ unique tanks! [CODES] ⭐ ""REBALANCEAGAIN"" +250,000 XP ⭐ ""HAVEFUN"" +200,000 XP 💎 ""NEWCURRENCY"" +50,000 GEMS 💎 ""HEADSTART"" +25,000 GEMS ⚠️ All exploiters are permanently banned with no appeals!"
8524572339,99449877692519,bridger: WESTERN (GREEN DAY & OASIS),BRIDGER INC.,Group,35966884,All,Action,Open World Action,2025-08-23T17:46:40.803Z,2026-10-06T19:45:55.8611367Z,25,,2026-10-06T20:21:17Z,"Mankind in their expansion west have settled within Ridge. B Valley, a grueling and untouched wilderness rumored to hold an ancient curse. Beasts hunt and forces beyond mortal reach skulk these grounds, their chaos trapped and anchored by those who came long before them. Your place within the valley is yet to be decided, whatever path you choose to walk down danger remains a constant. -Basic Controls- Q - Quick dash W+W - Sprint R - Reload (With Weapon) M1 - Fire (With weapon) M2 - Aim in (With weapon) G - Melee (With weapon) X - Ocular Prowess C - Fists F - Block (With fists out) M - Statistics Menu H - Summon/Unsummon horse N - Ride horse/Dismount MAKE SURE TO HAVE A CLIPPING SOFTWARE SUCH AS MEDAL, SHADOWPLAY ETC IF YOU WOULD LIKE TO BE UNBANNED FROM ANTICHEAT. (This game is in Early Alpha, meaning that everything is work in progress, and subject to change.) Some clothing in game is made by Blotnik"
8539298853,137826330724902,Scary Shawarma Kiosk: the ANOMALY [horror],kharbor_ykt,User,1321140345,All,Survival,,2025-08-25T00:39:08.193Z,2026-10-02T02:32:46.679Z,30,,2026-10-06T20:21:17Z,"✨ **Congratulations - you’ve been hired!** ✨ Welcome to your first night shift at 🌯 ""Shawarma 24"" 🔥 The job is simple: Keep the grill hot, serve every order Oh, and one more thing... Try to stick to the **rules** if you want to make it through the night. You’ll find them taped to the counter. Some of them might sound strange - but trust me, they’re there for your own safety. ✨Join our discord be aware of future updates✨ Credit: Developer - Gren Voice — Bigzell Icons by - Veytrah Moderators / Admins: Graizorko MrFfrie cybrcurse BiLLYGeGe2 Testers: rahrjr8rhjhrg AverageTallTvance lonelykenny1 panstuk_2 oceanbuzz Hoveryx Adrian_Kannonzaka Creator_TROME Bloorgool Special Thanks: nameisname111111 --- 💀💬 **WANT TO ADD YOUR CHARACTER?** 💬💀 👉 **MESSAGE US ON DISCORD!** 👈 (Yes - you can become part of the game…) Unfortunately, Roblox did not allow the insertion of real faces🥲"
8546873728,102917792916356,Apocalyptic Titans Roleplay,Apocalyptic RP Community,Group,35160489,All,Roleplay & Avatar Sim,Morph Roleplay,2025-08-25T20:31:47.007Z,2026-10-06T01:31:27.0978729Z,40,,2026-10-06T23:48:08Z,"A roleplay experience based on the ST series. We feature content from all eras of the show so you can roleplay however you want with your favourite characters. All canon characters from the show are free. Some custom characters are gamepass morphs so we can pay the developers, but they are free in private servers! Consider trying our game! -To use free fly, type ;fly in the chat Do not participate in ANY form of innapropriate activity/roleplay in this game, players have a right to report you directly to me and the offender will be permanently banned from this game. Developer Credits: Proteus, Billstics, boryaburtsev, Gecko, krolik22100, Billy, JC, NobleJohn, ScottRBLX. Credits to Nocapsfm for Scientist rip in half move. Contributor Credits: Mcnugget, LittleMan, Fede, Massivehit, RM, Peanut, Epicyes, HappyBacon, Akuto, Hooda, CDR, MrFancyDino, Leo, Mysterio, LorDoctor, Sentient."
8600977079,106187832607756,The Button Room,Pytox Studio,Group,384358950,All,Survival,Escape,2025-08-31T15:05:36.383Z,2026-09-27T19:23:51.511Z,30,,2026-10-06T23:48:08Z,"🔥 THE BUTTON ROOM: SURVIVAL ESCAPE 🔥 One room. many buttons. Total chaos. Will you find the exit or trigger a Ragdoll explosion? Every press is a risk. Survive, upgrade, and ESCAPE! 🃏 COLLECT & UPGRADE Card System: Collect Common to LEGENDARY cards for powerful buffs. Stat Leveling: Boost your strength, speed, and defense to endure the room. Quests & Achievements: Complete missions to unlock elite rewards. ⚔️ SURVIVAL MECHANICS Final boss: Mecha boss with unique attacks, defeat him! Enemy Waves: Fight off hordes with advanced, physics-based weapon combat. Devious Traps: Watch your step! One wrong button leads to a surprise. Luck Machines: Test your luck for top-tier gear and items. Admin Events: Legendary, chaotic sessions where the rules simply don't exist! 🏆 BECOME THE BEST Global Leaderboards: Prove you’re the #1 survivor in the world. 👇 Like & Favorite to support the development! Tags: Survival, Escape, Button, Zombie, Physics, Cards, Quest, Simulator, Ragdoll, Chaos."
8618660961,94539932414164,(🍂FALL + 🛠️ CAR MODS!) Mojave Valley (Alpha),Official Mojave Valley,Group,3519819,All,Simulation,Vehicle Sim,2025-09-02T18:40:36.3Z,2026-10-06T12:44:41.0842529Z,32,,2026-10-06T20:21:17Z,"✨Make sure to like the game! We release codes when we hit like goals! Current Likes: 50,000 Upcoming Goal: 60,000 The game is currently in pre-alpha. There may be bugs. Mojave Valley is an experimental realistic California roleplay game! Built off the real-life Mojave, CA location with many fictional elements intertwined. Earn money by driving realistic cars or just roleplay with your friends! There's plenty to discover. Inquiries/In-game rules/Data loss? All of it can be found inside the communications server! Controls (Console): DPad (Left/Right): Turn Signals DPad (Down): F (Press LT + DPad Down to start car) ButtonX: Shift Down ButtonY: Shift Up ButtonB: Hazards This game offers benefits for Roblox Plus/Premium Players! 10% Drive-to-Earn payouts +10% increased job earnings +5% bonus cash on all cash purchases +5% additional rewards from redeemed codes Weekly $4,999 in-game cash bonus Exclusive [Roblox Plus+] chat tag and player badge"
8646444640,113814738390716,[UPD 5] Untitled Upgrade Tree,"Very Serious Games, Trust omg omg omg ohio",Group,524039078,All,Simulation,Incremental Simulator,2025-09-06T09:41:02.69Z,2026-10-06T22:46:05.7697309Z,12,,2026-10-06T23:48:08Z,"Welcome to Untitled Upgrade Tree (UUT)! UUT is an upgrade tree incremental game featuring multiple reset layers, currently 6. Each reset grants powerful boosts, so you won’t need to grind for hours just to get back to where you were. Instead, resets help you progress faster. An upgrade tree incremental is a progression system where players earn resources and spend them on interconnected upgrades arranged in a tree. Each upgrade increases production, unlocks new mechanics, or enhances previous upgrades, leading to exponential growth over time. The game already offers over 12 hours of content, with the long-term goal of reaching over 20 hours of gameplay and upgrades ⚠️This game isn't very epilepsy-friendly (play at your own risk) ⚠️UUT is made for fans of incremental games and upgrade trees and is kinda beginner-friendly supports PC, Mobile, and Console 🙏The game is highly inspired by Everything Upgrade Tree (EUT) & Grass Cutting Incremental (GCI)"
8659262047,134619004688066,Dangerous ATV Driving,Quick Pix,Group,33007681,All,Obby & Platformer,,2025-09-07T14:10:34.067Z,2026-10-03T11:11:39.337Z,12,,2026-10-06T20:21:17Z,"🔥 Welcome to Dangerous ATV Driving! 🔥 🚗Drive through dangerous Western Cliffs, to shark-infested Sandy Beaches, giant Snowy Mountains, and much MORE! ✅Arrive at checkpoints, complete worlds, earn 💸 and BUY your first brand-new ATV! ⏳Race AND ride with your friends. Find rare hidden badges in EACH map! There are 8 UNIQUE maps, can you COMPLETE all of them❔ 🤔Do YOU have what it takes to conquer these dangerous roads❓ 👍 Join our community and like the game for a FREE Golf Cart!"
8662243497,74256669508761,🐙 Raft 101 Survival,The Experimental Games,Group,33201205,All,Survival,,2025-09-07T21:23:41.6Z,2026-07-06T11:05:16.958Z,25,,2026-10-06T23:48:08Z,Build a raft with friends and survive at least 101 days Beware of what lurks in the ocean... Inspired by 99 Nights in The Forest and Dead Rails Note: this game is new so please expect some bugs. We're regularly updating the game with daily bug fixes and weekly updates!
8669550197,98679602313466,[AURAS!] Muscle Transform Simulator 💪,Castaway Studios RBLX,Group,12952693,All,Simulation,Incremental Simulator,2025-09-08T22:48:07.303Z,2026-06-16T18:52:20.088Z,10,,2026-10-06T23:48:08Z,"💪 Train. Transform. Become Unstoppable. Find codes in the social links below! Start as a beginner and train your way to ultimate strength! Unlock powerful characters, grow your muscles, and dominate each world as you become stronger than ever before. 🔥 FEATURES 🏋️ Train at machines to increase your strength 💥 Watch your muscles grow in real time 👤 Unlock and max out powerful new characters 🐾 Collect pets to boost your training speed 🌎 Explore new worlds with stronger challenges ⭐ Rebirth by completing characters and progress further Each character is stronger than the last. Do you have what it takes to reach the top? 🚧 More worlds and characters coming soon! 👍 Like the game for more updates 🔔 Follow to stay notified when new content releases"
8719555347,79480724066456,[🛥️Boats🛥️] Southern Mudding 🚜 OffRoading,Southern Mudding,Group,33504096,All,Simulation,Vehicle Sim,2025-09-15T04:28:37.477Z,2026-10-02T16:44:52.011Z,10,,2026-10-06T20:21:17Z,"Welcome to Southern Mudding! Explore a map purpose built for the off-road, using your selection of pickup trucks, semi trucks, trailers, classic cars, American muscle cars, and more! Whether you're here to off-road, play with friends, roleplay, or customize your vehicles, there's something for everyone! 🚨 October 2nd Update - New LIMITED 6x6 Pickup Truck! - New Luxury Boat with Interior Living Quarters Cabin! - New Bass Boat! - + More! 🚜 SM is built around depth, realism, and steady improvement. We focus on delivering vehicles that feel right, customization that matters, and updates that add real gameplay — not just surface changes. From heavy towing and deep mud runs to hauling, boating, and dialing in your perfect truck setup, everything is designed to work together. We plan our updates entirely around your suggestions and value the community. 👍⭐ Thumbs up if you like the game and want new updates! ❗Updates every Friday!"
8724785394,71394819414417,[LIMITED 🏎️] Mega Mansion 2🌴,Wild Atelier,Group,7947655,All,Simulation,Tycoon,2025-09-15T21:42:40.683Z,2026-10-06T05:24:51.0195937Z,12,,2026-10-06T23:48:08Z,"🏎️ NEW LIMITED HYPERCAR - Available only 2 weeks! ☘️ NEW MANSION - Nature House! 🏡 🌴 Build the mansions of your dreams! Collect blueprints, drive luxury cars, roleplay with friends, collect art, visit other players houses, and more! Join the group for a special chat tag and a FREE $5,000 reward! FREE private servers! 👍 Like the game to support future updates!👍 💾All progress is autosaved so you can resume your tycoon at any time!💾"
8752324161,125488740127641,Build Anything! [🛠️],Build Anything Games,Group,1009762711,All,Simulation,Sandbox,2025-09-19T18:54:48.893Z,2026-09-17T14:30:22.284Z,22,,2026-10-06T20:21:17Z,Build Anything you can imagine! 🚧 Builds save in free private servers! 🚧 📩 Invite your friends and build togther 😄 Troll Others 😎 Have Fun 🎨 Be Creative
8759966530,82075856475941,Night Shift at Paulie's (Early Beta) [HORROR],LittleMan409,Group,34195013,All,Survival,Escape,2025-09-20T15:02:40.637Z,2026-10-03T21:44:37.913Z,24,,2026-10-06T23:48:08Z,"You’re unexpectedly called in to work the closing crew at Paulie Parmesan’s, but this time something is different. --------------------------------------------------------------------------------------------------- THIS IS EARLY BETA. Expect bugs and more content coming soon. ---------------------------------------------------------------------------------------------------- WARNING: Jumpscares, loud noises, and flashing lights may occur! It is a replacement for the old popular roblox game. The updates will only be here"
8791358380,120135584963579,Don’t Steal the Bobo 🐻,lol games..,Group,12208023,All,Simulation,Tycoon,2025-09-24T11:55:35.907Z,2026-09-27T13:16:09.324Z,5,,2026-10-06T20:21:17Z,"Welcome to Don’t Steal the Bobo! 🐻 How to Play: • Sneak up and steal Bobos while they sleep😴 • RUN when they wake up and chase you!🏃 • Take them home and collect tons of cash💸 • Upgrade your characters to earn even more🔥 • Expand your plot to unlock extra slots🏗️ • Trade & gift Bobos with friends to grow together!🎁 • Complete your Index to unlock cash boosts & base colors!📖 • But be careful... a sleeping Bobo can WAKE at any second!🤫 Remember, your Bobos earn cash even while you're offline!⏰"
8795154789,136801880565837,[FPS] Flick,Groundwork,Group,875557553,All,Shooter,Deathmatch Shooter,2025-09-25T01:06:21.377Z,2026-05-29T13:49:00.277Z,8,,2026-10-06T20:21:17Z,"Fast paced, free-for-all arena where every person has a sniper. Grab your rifle and hunt your enemies 🎯Snipe enemies 🔫Unlock new snipers 🔪Unlock new Knifes 🔥No teams, no mercy just pure skill This Game Is In Beta Give your Feedback in the group forums Controls: [PC] 💻 Mouse 1: Fire Mouse 2: Aim Q: Swap Weapons F: Inspects M: Menu [Controller] 🎮 R1: Fire L1: Aim Y: Swap Weapons B: Inspects X: Menu [Mobile] 📱 Follow the on-screen button diagrams for all actions."
8813969120,127089247654125,[DELIVERIES🍔NEW TRACKS] TR Legacy,exrgarage,Group,33138186,All,Simulation,Vehicle Sim,2025-09-27T13:58:48.607Z,2026-10-06T23:48:43.9483687Z,30,,2026-10-06T20:21:17Z,"Welcome to TR Legacy, an open-world motorcycle experience built around riding, racing, collecting, customizing and progressing with friends. Explore a large open world, collect and customize motorcycles, compete in races, take on delivery jobs, build your bike collection, and earn your way to the top. Race at hand made circuits, cruise the streets, chase leaderboard times, or just ride with friends. 🏁Race across multiple tracks and modes 🏍️Collect and customize motorcycles 🌎Explore a detailed open world 📦Complete delivery jobs for cash 🏆Earn badges & climb leaderboards 💰Build your collection and progress 👥Ride and race with friends 🌧️Dynamic weather, night riding & more Join the group to get 30% extra cash! Current code : GOODLORD90K 🎁 Next code at 95,000 Likes! Controls: • V — Toggle Camera • Shift — Handbrake • Q / E — Shift Down / Up • M — Toggle Transmission • Shift + P — Custom Freecam • T — Wheelie Released : July 11th, 2026"
8829204428,125906853713277,[EVENTS] Case Simulator RNG,games by cool people,Group,454991574,All,Simulation,Incremental Simulator,2025-09-29T04:42:35.12Z,2026-10-05T19:56:47.3404341Z,20,,2026-10-06T20:21:17Z,"📦 Welcome to Case Simulator RNG! The ultimate case opening simulator! 🔥 Open cases, unbox rare skins, and build the most valuable inventory. Experience the thrill of case openings, RNG drops, crate unboxing, and rare skin drops! 💎 Open cases and collect rare skins, legendary drops, and valuable items 🕒 AFK and auto open cases ♻️ Rebirth for boosts and power ups ⚔️ Compete against players in Case Battles 🏆 Climb the leaderboards and become the richest player 🔑 Use code: 120KLIKES for trait rolls (bottom of shop) 👍 New code at 140k Likes! 👍 Like + Join the group for the Group Case! https://www.roblox.com/communities/454991574/games ⭐ Credit to CS2 for the inspiration Tags: case simulator, unboxing simulator, case unboxing simulator, case opening simulator, case opening, case unboxing, unboxing, unbox, rng, mystery, mystery box, random, earn, cash, bank, earn offline, offline case, cs, csgo, cs2, cs:go, cs go, skins, knife, gold, battle, case battle, ohnepixel, ohne pixel"
8836568224,136404558442020,[SEASON 3] Kayak and Surf 🌊,Climb and Banana Studio,Group,1110011839,All,Simulation,Incremental Simulator,2025-09-30T06:18:30.95Z,2026-03-03T21:03:06.516Z,15,,2026-10-06T23:48:08Z,Welcome to 🛶 Kayak and Surf 🌊! 🚣 Paddle through famous locations around the world ⛰️ Climb to breathtaking scenic summits 🏄 Ride your kayak down from the top 💰 Collect coins along the way 🔒 Unlock new kayaks and gear 🐾 Obtain the rarest pets! 🎁 JOIN OUR GROUP FOR EXCLUSIVE REWARDS 🎁 CODES: WELCOME25 JOINGROUP 🎆 Limited time code: LUNARNEWYEAR HORSE
8841437826,104973076655377,[🍁] Capybaras VS Plants,Scarlett the Dog Group,Group,14685986,All,Simulation,Tycoon,2025-09-30T22:16:32.983Z,2026-10-06T16:19:24.0604841Z,5,,2026-10-06T20:21:17Z,"In Capybaras VS Plants, 🥚 Hatch CAPYBARAS to fight PLANTS for you! 💸 The PLANTS generate money online AND offline! 🌧️ WEATHERS will occur and mutate your plants and capybaras! Collect RARE plants and capybaras! 👍 Like and favorite the game! 💻 Available on Desktop, Laptop, Mobile, Tablet, and Console!"
8851542818,131572543049913,[🦆] Detective Duck,Protocol: Anomaly,Group,35639298,All,Puzzle,,2025-10-02T10:02:55.927Z,2026-10-06T07:27:59.9314292Z,30,,2026-10-06T20:21:17Z,"Will you solve the crime scene?! Detective Duck is a unique puzzle game similiar to an escape room, where you will find yourself in different maps. Your ultimate goal is to find the criminal! 🎮Play solo or with a group of up to 5 players! 📱This game is suitable for mobile players! Private servers support up to 10 player groups! ❗Join the group for updates and sneak peeks! Make sure to like 👍 and favorite ⭐ if you enjoyed, this greatly supports development! Thank you! turn on notifications so you will know when new rooms will be released :)"
8869088870,95319535505764,Sail Down A River,VGS Entertainment,Group,831807984,All,Simulation,Physics Sim,2025-10-04T14:28:22.363Z,2026-10-05T23:17:14.1957892Z,20,,2026-10-06T23:48:08Z,🌊 Sail down the river and try to reach the TREASURE CHEST! 🏴‍☠️ - Destruction Simulator - Ragdoll Physics - Climb The Leaderboards How To Play: ⛵ Select your boat! 🌊 Place it in the water! 🏁 Press GO and sail down the river! 👍 Like the game + join the group!
8881302585,111835260646713,🩸Generic Blood Ragdoll Fighting,BloodSplatter12,Group,841193265,All,Action,Battlegrounds & Fighting,2025-10-05T18:38:51.383Z,2026-10-01T02:25:07.187Z,8,,2026-10-06T23:48:08Z,"🩸/ Bloody sword fighting, with advanced blood and ragdoll physics! ⚔️ Features: -🩸 Blood NPCs -💥 Bloody Fighting -🔥 Many Melee Weapons Join The Group! https://www.roblox.com/communities/841193265/BloodSplatter12 blood, ragdoll, euphoria, fighting , pvp, pve, sword, gore, bleed, fight, bloody ragdoll, blood fight, euphoria physics"
8883775493,129768092435314,Build a Roller Coaster🎢,Bradenjoy,Group,1056858214,All,Simulation,Tycoon,2025-10-06T03:13:33.347Z,2026-10-04T19:47:12.993Z,6,,2026-10-06T23:48:08Z,Create and ride awesome roller coasters! 🎢 🛤️ Buy Tracks 🔨 - Get the rarest tracks and build the longest roller coaster! 🫂 Build with Friends - You can share build permissions with friends! 🛠️ Creative Mode - Use a Private Server to toggle creative mode! 🌟 Your roller coaster generates money while you're offline!
8925924444,73908022013371,Baboon Tag X,Scary baboon Fans!,Group,35057764,All,Party & Casual,Childhood Game,2025-10-11T21:09:44.72Z,2026-09-04T18:04:43.549Z,21,,2026-10-06T23:48:08Z,"🦍 Welcome to Baboon Tag! 🔥 Run, jump, and climb your way through 10 maps! — but watch out! If you get tagged, you turn into Lava Baboon! Chase down others before time runs out! 💰 Earn Coins by playing, tagging, and surviving! 🧢 Buy Cool Cosmetics to show off your style! 👍 Thumbs Up & Favorite for more updates, maps, and items! Can you become the fastest, sneakiest baboon in the game? 🌴🔥 [Game is still on Testing for fix most bugs. it will be released to Beta once the game is 50% completed]"
8937254139,120217704230083,Dungeon Hunters [UPD],The Evac Syndicate,Group,267597868,All,RPG,Action RPG,2025-10-13T05:44:34.117Z,2026-09-22T06:48:19.317Z,20,,2026-10-06T23:48:08Z,"😈 Monsters have invaded the whole world! 💥 Team up! Fight back! Defeat the monsters! 🎮 How to Play: 🚪 Random Rooms! What awaits behind the next door? Treasure or Terror? 💪 Fight & Survival! 76 Types of Monsters have invaded! Use Powerful Skills to lead your team to escape! ⚔️ Gacha & Collect! 19 Powerful Weapons to Unlock! Build your unbeatable equipment! 👑 Upgrade & Conquer! Grow stronger to Unlock New Worlds and take on greater challenges! 🔓 Code: NEW, 100liKES, 1K_LiKes, 5K_lIKes, 12K_LiKes, k25lIkES, 50liKeS_k, 120kLIKes, 200K_liKEs, k300_LIkEs Next Code at 500k likes! ❤️ Love the Game? Support Us! Like and favorite for updates! Join our group for exclusive CODES and new content! 🏷️ Tags: Action RPG, Roguelike, Competitive, PvE, Fight, Survival, Summon, Upgrade, Trait"
8946565814,129932912185311,[UPDATE 2.0 👑] Anime Origins,Origins Project,Group,111457579,All,Strategy,Tower Defense,2025-10-14T15:47:57.607Z,2026-10-06T13:30:28.4022572Z,22,,2026-10-06T20:21:17Z,"⚡ Welcome to Anime Origins ⚡ 🔥 Summon powerful units to defend against endless waves of enemies! ⭐ Upgrade, evolve, and unlock new units to dominate every battle! ⚔️ Take on Story Mode, Infinite Mode, Raids, and more challenges! 🤝 Team up with friends and build the ultimate team to protect every world! 🎮 Supports Mobile, Tablet, PC, and Console 🔒 Private servers are FREE! Disclaimer: All content is fan-made and inspired. Please contact us for any concerns."
8964956538,133197203959042,[⚔️ABILITIES] Steel Crossfire,Marmot's Oven,Group,33895110,All,Action,Battlegrounds & Fighting,2025-10-17T12:42:24.857Z,2026-10-06T21:45:40.7542476Z,20,,2026-10-06T20:21:17Z,"⚠️ Game may have unexpected bugs - Report bugs to us! Error code : 267 -> Rejoin! 🎮 Controls are customizable in the settings for each platform. The fate of the world depends on the battle between the Valorians and the Reavers. Choose your side and fight in a world of converting robots, powerful weapons, and nonstop action. 🧍 Bot Mode Move — WASD Transform — T Melee — E Parry — Q Run — Shift Dash — Ctrl Jump — Space Fire — Left Mouse Button Aim — Right Mouse Button Reload — R Switch Weapons — F 🚗 Vehicle Mode Drive — WASD Boost — Shift Drift — Hold Space Striker Mode (can fire) — Hold Right Mouse Button Fire — Hold Left Mouse Button ✈️ Jet Mode Move — WASD Boost — Shift Ascend — Space Descend — Ctrl Striker Mode (can fire) — Hold Right Mouse Button Fire — Hold Left Mouse Button 🚫 Exploiting will result in a PERMANENT ban. There are no second chances!"
8965717730,135535794227264,100 Players Lava Escape 🔥,Colorful Coconut,Group,35326012,All,Obby & Platformer,,2025-10-17T14:35:27.09Z,2026-10-06T15:18:39.4818803Z,100,,2026-10-06T23:48:08Z,"""Don't Get Crushed By a Giant Rock"" 🪨 MEETS ""Parkour"" 🏃‍➡️ AND ""The Floor Is Lava""! 😱 🔥 Survive the rising lava tsunami in this fun troll obby! 🏃‍♂️ Go Fast! Jump across platforms, and avoid falling into the disaster. 👋 Slap rivals into the waves and race to the end. 💰 Collect coins to unlock awesome items to help you outlast the heat. 🎉 Join the multiplayer party fun and conquer this dangerous challenge! KPop Demon Hunters 2 Full VR Support"
9031167776,138884751515999,[ABYSS!] Drone Defense 2!,Solver Games,Group,34856305,All,Strategy,Tower Defense,2025-10-25T20:38:18.14Z,2026-10-06T23:39:35.272526Z,20,,2026-10-06T20:21:17Z,"Welcome to Drone Defense 2, where cute little robots murder each other for reasons 💀🤠 ♾️ Obtain 18 Drones all with unique abilities! ⚡ Purchase Perks that aid you while in a match! 📜 Complete hard quests to earn special rewards! 💪 Conquer the hardest difficulties and maps! ❔ Discover Secrets... 🟣🔴🟡 ⚠️ The early game of this game is a little difficult, always remember to increase the tiers of your units if you're struggling! 📅 Join our community! https://www.roblox.com/communities/34856305/Solver-Games#!/about ❗MOST IN GAME CHARACTERS ARE OWNED BY LIAM VICKERS AND GLITCH PRODUCTIONS❗ tags: md, murder drones, n, tower defense, td, uzi, absolute solver, solver, j, v, serial designation, cyn, tesscyn, cynessa, tessa, alice, beau"
9051406594,94217045453265,Dueling Grounds ⚔️,Dueling Grounds,Group,35562865,All,Action,Battlegrounds & Fighting,2025-10-28T12:34:05.71Z,2026-10-06T18:31:33.5929554Z,14,,2026-10-06T20:21:17Z,"⚔️ Fast-paced PvP fighting game where you fight with various weapons to become the strongest. Claim your place at the top! The game is Available on PC, Mobile and Console PC CONTROLS (You can change them in settings) M1 / M2 - Light / Heavy Attack F - Parry / (Hold) Block Q or Shift - Dodge M3 or T - Lock to Enemy Ctrl - Mouse Lock / Unlock Space - Jump R - Ultimate"
9073513091,140409475718339,[HALLOWEEN!] Anime Apocalypse,Anime Apocalypse Dev,Group,534034976,All,RPG,Action RPG,2025-10-31T20:44:31.437Z,2026-10-04T19:35:54.15Z,30,,2026-10-06T20:21:17Z,"⚠️ [BETA RELEASE] — Expect frequent updates, new content & balance tweaks. Found a bug or got feedback? Join our community and help shape the game! Welcome to Anime Apocalypse! Anime Apocalypse is a fast-paced Anime dungeon hack-and-slash zombie game! Fight through zombie filled dungeons, obtain unique abilities, and play unique gamemodes! Will you survive the Apocalypse? ⚔️ Hack-and-Slash Action 💥 Unique Anime Abilities 🏃 Unique Parkour Movement 🎯 Pets, Loadouts & More! 🎮 Controls M1 — LMB / X / Square Skill 1 — Z / L2 / LT Skill 2 — X / L1 / LB Skill 3 — C / R1 / RB Skill 4 — V / R2 / RT Gadget — E / D-Pad Up Ultimate — G / D-Pad Down Dash — Q / B / Circle Slide — Ctrl / Y / Triangle"
9076692567,112114621008524,[CATALOG🛍️] UGC Creator 🎨,Build a UGC,Group,918368221,All,Shopping,Avatar Shopping,2025-11-01T07:33:29.84Z,2026-09-24T16:27:09.37Z,15,,2026-10-06T20:21:17Z,"👀 Create your own custom UGC! 👀 We help your UGC dreams come true. Join and create custom Faces, Hats, or More! Also browse our Catalog of community-made items! ✨ New UGC added every week! 👍 Like the game to support future updates! ⬇ ⬇ ⬇ Note: UGC made in this game CANNOT be published to the catalog. Only you will receive a copy in your inventory. 🚨 Roblox's Rules Apply! Uploading items in violation of the TOS will result in swift punishment. Beta-V1.1.2"
9091133975,96645548064314,[🌙] Catch And Tame!,Manta Games,Group,4127076,All,Simulation,Tycoon,2025-11-02T22:43:14.693Z,2026-10-06T18:35:51.2028425Z,5,,2026-10-06T23:48:08Z,"Grab your lasso and explore an island full of wild animals! Catch them, bring them back to your pen, and start building your ultimate collection! 🐾 💸 EARN MONEY EVEN WHILE YOU’RE OFFLINE! 💸 Feed your animals to gain more luck! You can combine them with your heart to discover brand-new pets! Experiment with different pairs to uncover rare and secret animals! 🐴 [How To Play] • Equip your lasso 🎯 • Catch roaming animals 🦓 • Bring them to your pen 💰 • Feed, combine, and grow your earnings! 🌾"
9098570654,90148635862803,🧟 Survive the Apocalypse,Rubicon South,Group,959433345,All,Survival,,2025-11-04T03:35:29.833Z,2026-10-06T00:24:09.5371022Z,25,,2026-10-06T20:21:17Z,"The Apocalypse has begun, and you've been left behind... How to Play: 🔍 Loot the City 🛡️ Build Defenses 🧟 Survive the Zombies 🏃‍♂️ Will you Escape? Enjoy the game? Remember to like (👍) and favourite (🌟)!"
9104763985,127458871780090,🌳Build To Climb!,Century Simulators,Group,36092208,All,Simulation,Tycoon,2025-11-05T03:23:12.3Z,2026-06-08T08:01:33.812Z,6,,2026-10-06T23:48:08Z,☁️ Welcome to Build To Climb! ☁️ 🌎Start from a little stack and build a Great Tall Building! Reaching the sky to unlock New Theme! [How to Play] 💰Buy stacks from the shop! 🧱Pile Up your stacks! 💸Climb and jump to earn coins! ☁️Keep building higher and higher!
9112256336,76427445314955,Scream City 2 🎃,Vice City Miami,Group,34216674,All,Action,,2025-11-06T10:13:12.607Z,2026-10-06T18:28:22.798957Z,35,,2026-10-06T20:21:17Z,Welcome to VICE CITY 2 Fly into the city and explore every neighborhood as you build your own criminal empire. - Rob houses for valuable loot. - Sell replica items and make huge profits. - Purchase your own house and grow your wealth. - Choose the life of crime and rise to the top of the underworld. Brought to you by: Creative Designer - 50Greedy Scripter - MillieOrMillionz YOU CANNOT MAKE MONEY IN PRIVATE SERVERS!! Fully compatible on all devices!!
9119782663,139988436996662,Stop the Timer,Ascora Studios,Group,424552416,All,Party & Casual,,2025-11-07T13:44:49.367Z,2026-09-29T14:53:04.556Z,20,,2026-10-06T23:48:08Z,"Welcome to Stop the Timer ⚡ Face off in a tense 1v1 and see who reacts sharper! 🎯 Stop the timer as close to the goal time as possible, precision is everything! 💥 One tiny delay or early tap can flip the whole match! 🏆 Win rounds, score higher, and rise through the ranks! 👍 Like & favorite for cool updates! Lots of Gamemodes!! USE CODE: GAMEMODESAREHERE! MOREGAMEMODES! ITSTHEWORLDCUPTIME! FREESPIN Found Bugs? or got a suggestion? post them on the group forum!"
9125259344,91746497060666,My Jail Cell! (🗓️Daily Rewards!),ATTANIAN INDUSTRIES,Group,240372709,All,Survival,,2025-11-08T06:34:27.107Z,2026-09-18T06:47:44.346Z,9,,2026-10-06T23:48:08Z,"🗓️Play for 30 days to claim 30 New Limited time REWARDS! 🗓️Play for 7 days to unlock a Garage! ☀️ Daytime: You’re safe… for now. 🔨 Drag furniture back to your base 🚪 Unlock new rooms 🍕 Scavenge for food ⚔️ Gear up with weapons 🎨 Paint and customize your walls 🌙 Nightfall: The Monsters are outside, hide! and don't let them catch you! ⚠️ DON’T GET CAUGHT. 👍 LIKE + ⭐ FAVORITE to survive the next update."
9141743926,98664161516921,[NOW] Catch a Monster,LDS II,Group,15753989,All,Adventure,,2025-11-10T07:20:57.997Z,2026-10-03T03:39:47.571Z,12,,2026-10-06T20:21:17Z,Welcome to Catch a Monster! How to Play: ⚔️ Defeat wild monsters in battle 🔮 Capture them and collect them! ⭐ Discover and collect higher-rank pets 🥚 Find rare eggs and hatch new companions 💰 Earn coins and grow your squad! 🔥 Show off your strongest monsters! 👍 Like the game and join our group!
9142917248,95094324354820,[🏜] Fly Hide & Seek,Six Stones Games,Group,815842245,All,Party & Casual,Childhood Game,2025-11-10T11:52:43.203Z,2026-09-14T05:32:37.867Z,20,,2026-10-06T23:48:08Z,"One player becomes the 🕸️Seeker🕸️ with a powerful web gun—track down and trap all 🪽Hiders🪽. 🎯 Hiders must hide, escape, and rescue teammates while the Seeker is distracted. Work together to survive. 🪽 • Multiple maps • Fast, chaotic gameplay • Rescue teammates • Unlock new wings Will you hunt… or hide? 🔥"
9145063979,92122513197996,⛏️Dig to Escape,Breakout Funs,Group,280949819,All,Survival,Escape,2025-11-10T19:24:54.03Z,2026-10-05T08:23:09.246Z,14,,2026-10-06T20:21:17Z,"😨 Oh no, you got arrested! Now you’re stuck in a prison with no way out... or is there? ⛏️Rumor says there's a secret tunnel under the prison. Dig down to find it and escape. 👮‍♂️ But be careful, the Guard patrols at night... ⏰ AVERAGE Playtime is 30-60m+ 🎵 CHASE MUSIC by PENACORE"
9150731899,81223687051453,PRISON RP,Nyxkay Studio,Group,304256484,All,Roleplay & Avatar Sim,Life,2025-11-11T19:53:34.67Z,2026-10-06T21:32:20.754444Z,50,,2026-10-06T20:21:17Z,"PRISON RP — Realistic Prison Roleplay Live a full life behind bars: play as an inmate, prison guard, doctor, or teacher in the most detailed prison roleplay on Roblox. Every player has a role, and every day writes a new story. 🌍 Fully playable in 12 languages — EN, FR, PT, DE, ES, AR, RU, ID, TR, TH, MS, FIL 💬 500,000+ community members — rewards, events & giveaways 🎭 Choose your life: inmate, guard, doctor, teacher, captain & more ⚔️ Realistic combat: fists, tasers, boxing ring 🏥 Full medical career: nurse, medic, surgeon & chief of service 🏆 XP progression & exclusive ranks 🏫 Living facilities: infirmary, classrooms, gym, cafeteria 📻 Voice chat & radio system 🎯 Custom emotes & outfits 🎁 Daily rewards & hidden secrets to uncover 🔄 New updates every week 🎮 CONTROLS PC: [H] Voice Range · [K] Radio · [X] Talk · [B] Emotes Mobile: Long press for menus Console: Full controller support ⛓️ The prison is alive. What role will you play?"
9155036056,102574559184919,Craft Food,Craft Food,Group,438424221,All,Simulation,Tycoon,2025-11-12T14:44:44.543Z,2026-09-30T10:00:52.767Z,5,,2026-10-06T23:48:08Z,Welcome to Craft Food! How to play: 🥕Buy ingredients 💭 Combine ingredients to unlock new recipes 🧇Place food 💰Profit 🍔 Over 800+ recipes to unlock 🔁 Trade cheap food for better ingredients 👍Like the game and join the group! 🏠[Update] 9/28 + Added 26 recipes + Furniture color change function + Added 3 furniture 🍱[Update] 9/12 + Added 30 recipes 🥭[Update] 8/24 + Added Mango + Added 30 recipes Enjoy cooking!
9156711629,106131416903029,[👭 CO-OP] 🍓 Cook & Sell! [ALPHA],Alpaca Games!,Group,5055349,All,Simulation,Tycoon,2025-11-12T22:05:11.357Z,2026-10-05T09:31:44.082Z,6,,2026-10-06T23:48:08Z,"NEW UPDATE - 23/09 🌟 CO-OP is being rolled out to 20% of players for now! Open the Hire Menu to see if you have this feature! 🥳 This will be available for everyone in a few days! 🚨 Game is in ALPHA - We're actively working on LOTS of new features & content, including: 🧑‍🍳 New cooking mechanics and appliances! 🪴 Buy decors for your shop! 🥧 Food pictures! 📇 Advertise food, get more sales! 💖 Favourite & upvote for upcoming updates: seating area for eat-in customers, buy new appliances - oven, grill, blender, freezer! ⏰ Limited time sale: 30% OFF ALL dev products -> 48 hours only! 🛍️ --- You quit school to help run a small Bakery Shop. Cook, stock shelves, sell to customers, and start a new life in 🍓 Cook & Sell! ❓How to Play: 👨‍🍳 Buy ingredients from your desk 🖥️ 🍓 Unbox in your Kitchen, drop ingredients into your Pot to cook! 🍰 Stock your shop with treats to attract customers! 🧑 Scan Customers' bags & take payment! 💵 🏆 Complete Goals to unlock better recipes! 💖"
9162763535,112838150455902,Encounters SMASH Battles 🎃.2,Alpha Engine 2,Group,13237081,All,Action,Battlegrounds & Fighting,2025-11-14T00:24:04.937Z,2026-10-06T23:18:41.5700514Z,24,,2026-10-06T20:21:17Z,"This game is NOT A COPY. It is a remake by the original creator for you to encounter countless abilities and champions (again) in this exciting fighting arena! ❤️ enjoy ;) - jack and don 🏆Climb the ranks in duels ⚔️ Dive into a chaotic free-for-all 👥 Custom matches with friends 💎 Use gems to summon the coolest champions and skins - 2x gem weekends! 🎁 Unlock flashy cosmetics from crates 💥 Smash your enemies off the map and be the strongest! special thanks to: @ImBadAt_Arts (anims), @lilo_creator (models), @VlprioN1 (vfx), @boin315 (sfx), @AulCBR (faces), @Evaekoo (faces) special thanks to these groups: Crazay Hair (hair models), Erase Your Social (hair models), angelvamp (hair models) Any form of cheating or glitch abuse is punishable and unappealable. DO NOT ATTEMPT. Issues can be submitted through our community server."
9167377564,70411440483149,100 Days At Sea,Stranded Devs,Group,425035678,All,Survival,,2025-11-14T18:03:21.5Z,2026-10-05T19:05:13.1092902Z,27,,2026-10-06T20:21:17Z,Inspired by 99 Nights in The Forest created by Grandma's Favorite Games 🏴‍☠️ You are sent on a mission to the middle of the ocean. 🏴‍☠️ You must uncover the mystery of the Bermuda Triangle... ✅ Survive 100 Days and get rich! Open-World Survival game where exploration and base building is the key to survival. HOW TO PLAY: 🔩 Grab resources or hook them with your Harpoon. 🔨 Build your raft base with structures and defenses. 🗺️ Explore the sea and visit mysterious islands. ⚔️ Find weapons and take on fearsome foes!
9169166771,100453351939863,Tiny Universe RP [ChainHead!],Giant Universe Studio,Group,35174087,All,Roleplay & Avatar Sim,Morph Roleplay,2025-11-15T00:36:54.287Z,2026-10-06T23:54:53.3568831Z,25,,2026-10-06T23:48:08Z,"Tiny Universe Roleplay is a Cartoony PvP game where players fight and Roleplay with Morphs. 💥Use Free Morphs and find badges/Doing quest to unlock more and stronger morphs! 🧠 With over 100 Morphs to pick from the Limit is your own imagination! Epilepsy Warning: Some Morphs may contain Flashing lights (All Music in game is custom made and copyright free) (CREDIT TO TREVOR HENDERSON AND ALL THE CREATIVE MINDS THAT MANY OF THESE MORPHS ARE BASED ON) Tags: Trevor, Trevor Henderson, Giants, Giant monsters, kaiju Roleplay, Monster roleplay, Scp, Scp Roleplay, Fighting, Pvp, Giant Pvp, Poppy Playtime, Poppy Playtime Roleplay, Trendy, Brainrot, Flinging, Sandbox"
9186719164,77747658251236,[2X LUCK 🍀 + MASTERY ⚔️] Sailor Piece,Shadowrise Devs,Group,1002185259,All,RPG,Action RPG,2025-11-17T00:39:15.91Z,2026-09-28T10:57:42.453Z,12,,2026-10-06T23:48:08Z,"⭐ Join our community server to stay up to date with news, updates, and exclusive reward codes! ⚓ Sailor Piece Max Level: 25000 NEW CODES: 2XLUCKMASTERYEVENT HUGEBUGFIX MAINTENANCE Dive into an action-packed bandit-beater adventure filled with progression, challenges, and fast-paced combat. Train your character, grow stronger, and take on tougher enemies as you climb toward the max level. 💻 PC Support 📱 Mobile Support 🎮 Console Support 🔧 Server shutdowns may occur for updates, improvements, or bug fixes to ensure the best experience."
9199655655,128736949265057,(学乱) Gakuran,(学乱) Gakuran,Group,416091513,All,Action,Battlegrounds & Fighting,2025-11-19T04:31:02.743Z,2026-10-06T16:01:18.7095668Z,50,,2026-10-06T20:21:17Z,"May, 2007 - Japan An INTENDED Slice of Life experience (though I guess our community just loves to fight LOL)"
9209811415,102071609564196,🎞️ Emote Catalog,"L,XOXO",Group,10783491,All,Shopping,Avatar Shopping,2025-11-20T20:25:22.26Z,2026-09-25T21:41:24.164Z,28,,2026-10-06T20:21:17Z,"A catalog dedicated to real creators, not reuploaders.🛍️ Browse through the whole Marketplace, Create Outfits and Spend Time with your Friends.🔍 No Limits, powering creativity✨ Support artists, shop authentic.🛒 consider reporting reuploaders in the Community Forum. #ProtectCreators🛡️"
9219116196,96153864779911,Scary Grocery: The Night Shift [HORROR],Moo Milk Studio,Group,886552521,All,Survival,,2025-11-22T04:27:26.607Z,2026-09-28T18:38:30.971Z,30,,2026-10-06T23:48:08Z,"Congratulations, you've been hired! 🔥 Welcome to your first night shift at The Store. 🏪🌙 The job seems simple: - Scan customers at the register. - Check their info on the screen (name, age, job, location). - Ask questions to verify. Real customer? Checkout. ✅ Doppelganger? Shoot! 🔫 Toss bodies out 💀, mop up messes, restock shelves, buy items. Oh, and one more thing... Don't let a doppelganger slip through, or face the entity. 😈 Good luck. Like & join the group! 👍⭐"
9221949930,92056615686999,I WANNA RUN AWAY!,Studios DX,Group,6886413,All,Entertainment,Music & Audio,2025-11-22T12:40:43.417Z,2026-10-06T17:00:52.6023799Z,30,,2026-10-06T20:21:17Z,"🚨 ""I WANNA RUN AWAY!"" 🚨 Run away as Chicken Adobo or your own character we are the first runaway meme 🎵 Featuring the iconic Run away theme 🎥 Record your run away 🛠️ New updates weekly This game is designed for dancing, syncing emotes, and having fun through rhythm-based gameplay. IT IS NOT a hangout experience. *Note: All music which may play during Emotes is sourced from publicly available Roblox audios; We have no control over the content. Misuse of animations, inappropriate behavior, or attempts to bypass moderation systems are strictly prohibited and may result in moderation actions. 🚨 Join the group and make suggestions! 👍 Like the game if you ran away! © Copyright Studios DX 2026. All rights reserved All in-game content, including animations and thumbnails are intellectual property of Studios DX. Tags; 写真 , I wanna Run Away, Runaway meme , emote , kpop , pocoyo , dance , Trend , catalog , avatar , events , event"
9229146348,130522875331172,JUST ONE MORE ASYM,FourSquare Creations,Group,12557906,All,Survival,,2025-11-23T07:33:23.817Z,2026-10-06T15:58:42.139313Z,16,,2026-10-06T20:21:17Z,"Welcome to JUST ONE MORE ASYM. JOMA is an asymmetrical game with a juggernaut-style spin on it. One AI controlled killer and their player controlled cohorts hunting down 13 survivors. You can either run and survive, or stand your ground and *eliminate what's hunting you in the first place in this 4v13 half-asym half-juggernaut. ABERRANT | The AI controlled killer. Usually the main threat and very lethal, although very predictable. ADVERSARY | The chosen sub-killers that protect the main killer. Ranging from supports to attackers, use the AI to your advantage, SURVIVORS | Run for your life, but if the situation calls for it, stand your ground instead. Game mostly inspired by random Roblox asymmetrical horror games, though otherwise sticks to mostly original content. [ GAME RULES : ] 1. No Exploiting 2. No Intentional Bug Abuse"
9257800423,94495283121683,STAY INSIDE! 🤫 [GOTHIC ITEMS🛋️],FalconRise Studio,Group,12809226,All,Survival,,2025-11-28T10:11:57.877Z,2026-10-06T21:40:49.8231359Z,8,,2026-10-06T23:48:08Z,"GOTHIC ITEMS🛋️ is OUT! A cozy horror game where you furnish your apartment, earn Coziness, upgrade your apartment, and survive the night. During the day, explore the supermarket, buy furniture, decorate your apartment, and make it feel like home. 🌙 When night falls, strange entities begin to roam. Stay inside and survive until morning. 👁️ 🏠 Furnish • Earn Coziness • Upgrade • Survive 🤝 Play with friends! 👍 LIKE + ⭐ FAVORITE for more updates! Inspired by DANGEROUS NIGHT and 3008. Tags: Cozy Game, Horror, Survival, Furnish, Apartment, Cozy, 3008, SCP, Survive Overnight, Cozy Game"
9272395657,129305872972839,[SPOOKY MONTH] Forsaken Combat Fighting,BLOODLUST Studio.,Group,36014624,All,Action,Battlegrounds & Fighting,2025-11-30T09:57:59.567Z,2026-10-06T11:47:26.9775747Z,14,,2026-10-06T23:48:08Z,"! REMAKING ASSETS ! Owner : kos601 Scripter : Tim000ee In this game you can fight with your friends and have fun! Note : A Lot Of Bugs! THERE IS NO CODE FROM FC AT ALL. ALL CODE WAS MADE BY @sanspro Credits: Forsaken Dev Team: Hytoko, Basil, KeyAfterKey, Dexune, Exedious, GameAreJust4Fun, TiredTunes... Extra credits : forsaken : sandbox (Doombringer) NOTE TO FORSAKEN DEVS AND EVERYONE ELSE : we hope you guys dont decide to DMCA this game , if you would want any of your assets removed please tell us(@sanspro, @bloodlustoffical or @paulbart_thefirst) Tags : Forsaken Combat , Bettersaken , Mistaken , Forgotten , Forsaken: Ashlands , Abyssion , Eternal Destination , Steal a mango and dont fall , Last:Memories , Forsaken Combat fighting , Battleground , TSB , JJS , brainrot"
9276049439,132678066262863,[🎁] My Daycare,Nemo Point,Group,311730526,All,Simulation,Tycoon,2025-11-30T22:33:22.067Z,2026-10-06T21:25:20.9526032Z,6,,2026-10-06T23:48:08Z,🛝Welcome to My Daycare! How To Play: 👶 invite kids to your daycare 🧸 buy toys and furniture 🏠 build new rooms ⬆️ upgrade your daycare 💰 earn money even while offline 🔥 YOUR DAYCARE WORKS OFFLINE! 🔥
9286558970,79966250354565,Project 12 [ATM ROBBERY],Cinnamon X,Group,1113539041,All,Action,Open World Action,2025-12-02T18:06:36.773Z,2026-10-04T10:44:11.581Z,40,,2026-10-06T23:48:08Z,"UPDATE: FIND ATMS -> BLOW THEM UP -> GET MONEY 👍 50,000 Likes = Update! 🚨 Choose your path. Protect the city or break the law. Patrol the streets as a police officer, respond to emergencies, chase down suspects, make arrests, and work your way up through the ranks. Or take a different path and earn your living through jobs around the city, build up your cash, and make a name for yourself. Whether you follow the law or take your chances breaking it, the choice is yours."
9294074907,90568084448279,[FPS] One Tap,Stringless Banjo,Group,1047647644,All,Shooter,Deathmatch Shooter,2025-12-04T00:44:19.27Z,2026-10-02T16:42:39.603Z,8,,2026-10-06T20:21:17Z,"Boom Headshot! One Tap is a fast-paced FPS sniper FFA arena, no teams, just pure chaos! 🎯 One-shot snipers 🔫 Two-Shot Secondaries (One to the head) 🔪 Melee Weapons 🏆 Streaks, trick shots, clean kills and more! 🔓 Progress & Customization -Unlock 70+ weapon skins (more coming soon) -Roll cases to earn rare & limited cosmetics -Equip kill effects, name tags, and skins -Earn rewards from levels, daily, and quests 🎮 Platform Support PC 💻 | Mobile 📱 | Tablet | Console 🎮 (Xbox & PlayStation supported) 👍 Enjoying the game? Leave a thumbs-up, it helps a lot! ⚠️ NOTICE: Cheating, exploiting, or farming with alts will result in a permanent ban. No appeals."
9294646427,72317248326994,Bobsled Ride Down a Mountainside,North Pole Drift Club,Group,529915049,All,Obby & Platformer,Runner,2025-12-04T04:02:36.28Z,2026-10-06T05:57:50.8150579Z,20,,2026-10-06T20:21:17Z,How far can you slide down the mountain?! 🛷 Ride your sled to earn Distance 🏁 Make it to the finish for a Win Boost 🔓 Unlock new sleds with better speed and control ❄️ Blast other players with your snowball launcher ❗They say a snow monster lurks inside the old mines... 👉 Join the Group and 👍 Like the game for updates!
9296042754,113745337705295,Riot City 🚨 Prison Escape,Riot City Studio,Group,256808581,All,Action,Open World Action,2025-12-04T11:41:22.743Z,2026-09-29T16:47:08.104Z,24,,2026-10-06T20:21:17Z,"Welcome to Riot City! Escape prison, become a criminal, rob the bank, collect cars and guns, or enforce the law as a cop and arrest criminals! 👮‍♂️ Riot City is the ultimate cops vs prisoners experience on Roblox. Jump into a massive open-world city where every session is a battle between chaos and justice. Start as a prisoner, break out, build your criminal empire, pull off robberies, escape high-speed police chases, and dominate the streets. Or join the police force, gear up, hunt down dangerous criminals, shut down heists, and restore order across the city. With 20+ vehicles and 15+ guns to collect, Riot City is packed with action, progression, and deep customization. Build your perfect ride with vehicle upgrades and customization options, expand your arsenal, and battle on either side of the law 🌟 Premium: +10% money! 🌟 🌟 Riot City Studio group members: +10% money! 🌟"
9296252245,101480963912212,[🔥AURA] Phonk Edit Tower 🎶,Rainy Creations!,Group,35542880,All,Obby & Platformer,Tower Obby,2025-12-04T12:23:32.817Z,2026-10-02T16:40:23.141Z,30,,2026-10-06T20:21:17Z,Welcome to [🔥AURA] Phonk Edit Tower — where every slap hits like a viral edit. 💥 Pure aura. Every hit feels like a Shorts montage. 🎬 You’re not fighting — you’re editing reality. 🧱 Climb the tower as the phonk drops and the screen shakes. 😎 Aura. Ego. Drip. Main-character energy only. 🔥 Become the edit. Become the moment. Can you handle the aura?
9298096434,130880054413998,Dreamworlds [Dreamcore Obby],InkyRuins,Group,8324046,All,Obby & Platformer,,2025-12-04T19:42:31.933Z,2026-10-04T23:58:18.977Z,8,,2026-10-06T23:48:08Z,"Can you make your way to the ''Heaven''? 👁️ Each world is more difficult than the previous one . 16 WORLDS Each world was inspired by Heavencore, Dreamcore, Weirdcore, and others themes images. [Update]: Reach ''Clouds'' level for a Savepoint Created by: Ciberneckt"
9303771057,118806061296143,[👿⚔️] KPop Demon Hunters,Netflix x Twin Atlas,Group,150841565,All,Action,,2025-12-05T20:16:13.353Z,2026-10-06T17:48:06.2835197Z,30,,2026-10-06T23:48:08Z,"The Official KPop Demon Hunters Roblox game, brought to you by Netflix and Twin Atlas! Join HUNTR/X in an action-packed experience where music and combat collide. Build your KPop Idol, protect the fans and save the Honmoon. Unlock fresh fits, new gear, apartment customizations and pets along your journey as you fight demons. Live out your dream life as a KPop star!"
9312646406,75547400568620,Land or Die! 🐙 [KRAKEN],Plenty of Planets,Group,621333942,All,Survival,,2025-12-07T01:11:53.527Z,2026-10-06T18:52:55.1697866Z,35,,2026-10-06T20:21:17Z,"🚨 CURRENTLY IN BETA — expect bugs, glitches, and ongoing updates ⚠️ WARNING: This game contains flashing lights and rapid camera effects that may trigger seizures in individuals with photosensitive epilepsy and may cause motion sickness. ✈️ Your pilot has mysteriously ""passed out"" mid-flight… You and your crew must take control of the airplane and guide it to safety! 🎮 Gameplay: • Switch camera views (V) • Calm passengers & manage panic • Fix broken systems & stabilize the plane • Handle fires, turbulence & in-flight emergencies • Buy tools from the Supply Shop • Work together to complete emergency landings 🔥 Expect: engine fires, system failures, chaos, and near-crash landings 💚 Like 👍 and ⭐ Favorite to support development Join our group for updates! 🛬 Land or Die! is a chaotic multiplayer plane survival game where you handle emergencies, repair systems, and work together to safely land the aircraft before disaster strikes. ⚠️ Land safely… or die. 💀"
9317784977,135757618941587,[🔥UPD] Knife Arena,One Hit Studio(9D GAMES),Group,230186646,All,Action,Battlegrounds & Fighting,2025-12-07T18:07:43.667Z,2026-10-06T23:48:07.092274Z,12,,2026-10-06T20:21:17Z,"Welcome to Knife Arena — A fast-respawn first-person FFA knife arena. Use your blade to take down your rivals! 🔪Defeat opponents with your knife! 🔑Unlock more knives! 📦Open crates to unlock more skins! 🏆Climb the leaderboard! 🎮 Available on Desktop, Phones, Tablets, XBOX, & PlayStation 5! ⭐ Premium players earn +20% in-match Credits! 👥 Play with friends to earn +20% in-match Credits! Controls: 💻PC LMB: Quick Light Attack RMB: Heavy One-Hit Attack V: Inspect Ctrl / C: Crouch & Slide 🎮Controller R2: Quick Light Attack L2: Heavy One-Hit Attack Y: Inspect 📱Mobile Supports auto-lock and auto-attack 🚫 Cheating will result in a permanent ban. There are no second chances!"
9320470390,108767400143329,[🌊] My WATERPARK,MY SWIMMING FRIEND,Group,954962674,All,Simulation,Tycoon,2025-12-08T05:44:48.697Z,2026-10-03T21:30:04.886Z,6,,2026-10-06T23:48:08Z,"🔥 YOUR WATERPARK WORKS OFFLINE! [How to Play] - buy slides, small shops, decorations! - attract hundreds of thousands of guests! - upgrade your waterpark! - get 5 stars and flex on other players! - build the best park and earn OFFLINE! ENJOY THE GAME, REMEMBER YOUR PARK WORKS OFFLINE!"
9344916045,74994442538508,Cirque School of Acrobatics,Cirque School of Acrobatics,Group,149599908,All,Sports & Racing,Sports,2025-12-12T23:05:03.79Z,2026-09-23T16:16:39.08Z,45,,2026-10-06T23:48:08Z,"🤸Cirque School of Acrobatics What we offer! Lyra/Aerial Hoop Duo Lyra/Aerial Hoop Static Trapeze Flying Trapeze Aerial Pole Aerial Spiral Contortion Hand Balance Tumbling Private Server Admin Commands (Prefix ; ) bring, countdown, fly, freecam, giveadmin, invisible, m, n, name, refresh, respawn, sit, speed, stand, to, unfly, unname, unsit, visible Join the Group today!!! https://www.roblox.com/communities/149599908/Cirque-School-of-Acrobatics#!/about Tags: Aerial hoop , lyra hoop , trapeze , acro , gymnastics , dance , acrobatics , contortion This is an Acrobatics game! Please no inappropriate behavior!!"
9348272796,114204398207377,[UPDATE] Survive Zombie Arena,Nectarforge Studios,Group,561990553,All,Survival,,2025-12-13T12:08:14.347Z,2026-10-04T14:20:44.191Z,25,,2026-10-06T20:21:17Z,🧟 500+ ZOMBIES. ONE ARENA. NO MERCY. ⚔️ Unlock powerful guns 👹 Fight massive waves 👥 Team up with friends 🏆 Climb the wave leaderboard How long can YOU last?
9362896961,76285745979410,[👹Boss] Anime Card Collection,Crew Simulators,Group,34208109,All,Simulation,Incremental Simulator,2025-12-15T16:57:59.35Z,2026-10-03T16:59:20.739Z,6,,2026-10-06T20:21:17Z,"Welcome To Anime Card Collection! 🃏 Collect. Earn. Flex. 🎁 Open card packs 📖 Store them in your binder 💸 Generate money from your cards ✨ Buy better packs and build your collection 👍 Like the game and join the group! 💻 Available on Desktop, Mobile, Tablet, & Console! Tags: Anime Card, Card Collections, Collector"
9363735110,131623223084840,[🌊] Escape Tsunami For Brainrots!,Wave of Brainrots,Group,411609583,All,Simulation,Tycoon,2025-12-15T20:50:16.743Z,2026-10-03T15:47:45.167Z,8,,2026-10-06T20:21:17Z,Welcome to Escape Tsunami For Brainrots! 🌊 🏃 Run fast and grab Brainrots! 🌊 Don't let Tsunami catch you! 💸 Upgrade your Brainrots and earn more money! 🏗️ Upgrade your base for more slots! 🎰 Use Spawn Machines to roll new Brainrots! 🎁 Open Lucky Blocks for surprise loot! ✨ Can you unlock the legendary Infinity Brainrots...?
9382839773,104761395312874,[🐲Goku & Castorice🟣] Lineage Piece,Prlz's Den,Group,4651630,All,RPG,Action RPG,2025-12-19T13:19:19.257Z,2026-10-04T07:32:16.953Z,12,,2026-10-06T20:21:17Z,"[ Lineage Piece ] 📢 Join the community for updates & codes! 🖥️ Playable on PC & Mobile & Console A bandit beater game you’ll actually enjoy. Max Level: 7000 🛠️ Developed by @Prueknoob001 , @Java0520 📌 Shutdown = Updates / Bug Fixes"
9384605736,136764190843219,[🎩] Knockout! 🐧,braxworks,Group,5268948,All,Party & Casual,Minigame,2025-12-19T19:25:28.177Z,2026-09-21T12:27:13.884Z,12,,2026-10-06T20:21:17Z,❌You can't see their aim ❌ You can't see their power ✅ Last one on the ice wins! 👊 Predict and out-maneuver to be the last penguin standing! 🐧 🏆 Unlock skins by winning ice! 🧊 Owning a private server gives you admin commands within them! ⚠️ New game – updates coming often! 👥 Join the group for updates & rewards: https://www.roblox.com/communities/5268948
9395278151,86374876468143,[💥]Troll Ragdoll Tower,Three Pillars Studio,Group,187391108,All,Obby & Platformer,Tower Obby,2025-12-21T08:07:59.583Z,2026-10-06T18:17:14.4432669Z,20,,2026-10-06T23:48:08Z,"🔥💥 TROLL RAGDOLL TOWER! 💀🤡 ✨ New Updates Coming Soon! ✨ 🌀 Climb the tower where ragdoll physics, crazy gears, and pure trolling rule everything! 😹 Get launched, pushed, exploded, and sabotaged by players and traps! 💥 Use gears to troll others… or watch yourself fly off the tower. 🎁 Like 👍 and Favorite ⭐ for in-game rewards! 🚪 Join the group to unlock secret teleports and hidden surprises! 🏆 Reach the top of the tower to earn FREE CUBITS! 🤸 Full ragdoll chaos, nonstop fails, and endless fun! ⚠️ Warning: Falling is part of the experience. Tags: Tower, Troll, Ragdoll, Gear, Free Admin, Obby, Fun, Chaos, Easy Tower, Parkour, Funny, Escape, Physics, Tower Game, Meme, Casual, Fast, Free, Crazy Tower"
9399884981,137287903930382,Dont Wake Grandma! 🤫,Sneaky Squad,Group,895253862,All,Survival,Escape,2025-12-21T23:38:49.277Z,2026-07-22T19:31:56.046Z,20,,2026-10-06T23:48:08Z,🤫 Shhh! Don't Wake Grandma! 🍕 How to Play: 👣 Tiptoe through the dark house without making a sound! 🥡 Sneak the snacks from the kitchen fridge to your bed! 😱 Run for your life if Grandma wakes up!
9404155369,102591055755796,Dig Out of School 🏫,Dynerix Studio,Group,35850402,All,Survival,Escape,2025-12-22T16:28:15.423Z,2026-10-06T14:56:35.3234237Z,14,,2026-10-06T23:48:08Z,"🏫 You’re stuck in school, and lessons are really boring! 📘 During lessons, complete minigames. ⛏️ Dig, explore, and find a way to escape. 🛒 Trade with students to upgrade your tools and get useful items. 🚪 Discover multiple endings — but don’t get caught! 👥 The game is even more fun with FRIENDS! 👍 Don’t forget to LIKE the game for future cool updates!"
9442472087,130929507719087,WARDEN 🐲 Sonaria Horror Escape,Sonar Studios,Group,2919215,All,Survival,Escape,2025-12-27T03:53:59.19Z,2026-10-05T22:08:17.7991829Z,32,,2026-10-06T20:21:17Z,"How many Trials can you survive while the Corrupted hunts you? Something bad happened to Sonaria, so you must go into the unknown and find out! Start as Mylo, team up and explore strange places full of monsters, puzzles, bosses, and hidden secrets. Based on the Creatures of Sonaria universe Up to 8 player co-op to maximize your chances of getting as far as you can! Leaderboards reset monthly. 🗺️ Explore new places & go deeper every run 🏃 Run, hide & finish tasks while monsters hunt you 👹 Escape scary bosses 🧩 Solve puzzles & find secrets 🧬 Discover and unlock new Delvers! 🃏 Collect cards & plushies to grow stronger 🤝 Win with friends and get rewards! 🌟 Favorite the game and join Sonar Studios for exclusive in-game rewards! Tags: Thriller, Monster, Kaiju, Animals, Fantasy Horror, PvE, Multiplayer, Mystery, Exploration, Puzzle"
9449993534,106683702021527,Guess the Slapper,sinhaleseunit,User,5334604846,All,Party & Casual,,2025-12-28T01:59:01.07Z,2026-09-12T07:26:30.845Z,30,,2026-10-06T20:21:17Z,"One person sits 🪑 while everyone else stands behind them... 👥 Everyone takes turns slapping 👋 the sitting person until they guess who slapped them... 🤔 If you react quick enough, you can dodge the incoming slap! 👋💨😱 Last One Standing Wins! 🏆🔥 i based this game off a video i saw LOL. it was like these kids playing the same game but one kid kept getting slapped cause he kept guessing the same person over and over again."
9472441390,96168869671905,💎 ROB IT,SHHH SNEAKY STUDIOS,Group,314465603,All,Survival,Escape,2025-12-31T08:14:40.68Z,2026-10-06T21:06:44.3953093Z,20,,2026-10-06T20:21:17Z,💎Are you ready to ROB IT?💎 HOW DO I ROB? - Select your mission 🗺️ - Break in and steal everything 💰 - Don't let the guard see you 🤫
9480281767,133585162751824,Monopoly,GroovyII,User,93191245,All,Strategy,Board & Card Games,2026-01-01T08:42:47.717Z,2026-10-06T20:53:35.0905322Z,24,,2026-10-06T20:21:17Z,"UPDATE NOTES (09/20/2026): Added new map: 🌸 Sakura Island! Available in custom lobbies and global queue. Added 5 new Crazy Chances cards (Utility Upgrade, Reverse Board, Economic Stimulus, Tax Mistake, Express Pass)! New Mythic-rarity piece: Zeus! First Mythic item in the game; many more to come soon. ...and more! View all the patch notes in the Lobby by tapping 'Notes' on the top-left. _______________________________ 1:1 recreation of Monopoly! Doesn't follow the traditional rulebook 100% _______________________________ Please leave a rating, then the feedback button will pop up. I'd appreciate your thoughts/bug reports! (you can also leave feedback in the Lobby now)"
9481391333,82983707799188,[🩸PART 2] WEAPON DUELS [Murderers vs Sheriffs],Twin Comets,Group,36021861,All,Action,Battlegrounds & Fighting,2026-01-01T12:26:09.887Z,2026-10-06T19:15:04.6280872Z,35,,2026-10-06T20:21:17Z,"🍡USE CODE ""DANGO"" 🦄USE CODE ""PONY"" 🔥Welcome to Weapon Duels, where players compete in 1v1 to 4v4 duels using knives, guns, and abilities! 1. Step on a duels pad to play! 2. Earn coins to purchase cosmetics & abilities! 3. Compete to reach the top of the leaderboards! 4. Collect weapon skins, effects, finishers, titles, abilities, and reach level 50! Join our server for codes! Ask one of the owners for a secret code😱 ⚠️Cheating, exploiting, alt farming, and abusing glitches will result in a permanent ban! Inspired by Murder Mystery 2 (MM2), Murderers vs Sheriff Duels (MVSD), and Rivals. Credits to those games."
9485131494,88933961678687,[⚡] Hyper Speed Runner,Hyper Speed Community,Group,201440209,All,Simulation,Incremental Simulator,2026-01-02T00:12:07.283Z,2026-04-11T23:24:57.987Z,20,,2026-10-06T20:21:17Z,"Run, gain EXP, level up and unlock super speed! Every step makes you stronger and faster. Train, upgrade your gear and compete in exciting race challenges to reach max speed. How to play: 🏃 Run to gain EXP and level up ⚡ Increase your speed every level 🏁 Compete in speed races 💤 Train on AFK treadmills and earn EXP while idle 👟 Buy boots, auras, trails, and other upgrades 💰 Upgrade your wallet to earn more rewards 🌍 Reach new areas and run farther than anyone else 💎 Features: Speed simulator progression Powerful gear upgrades AFK training and idle farming Awesome auras and trails Challenging race simulator gameplay Climb the leaderboard and become the fastest runner Roblox Premium subscribers grants 50% EXP Boost! 🏆 Train hard, get stronger and reach infinite speed! 👍 If you enjoy running games, speed parkour simulators, obby racing simulators, AFK training games, and progression simulators, this game is for you."
9490116046,101914772188620,Build with Voxels 🔨,Toro_king Studios,Group,5579977,All,Simulation,Sandbox,2026-01-02T17:45:59.02Z,2026-09-05T18:56:46.736Z,32,,2026-10-06T20:21:17Z,Welcome to Build with Voxels! Build on a flat plane and let your creativity go wild. 🔨Build with hundreds of different blocks! 🛋️Furnish your creations with over a hundred furniture items 💾Builds automatically save in private servers 😎Have fun
9491545867,119271610514030,[🌌NEW VAULT] Break a Brainrot Egg!,Brainrot Game by BadPirate,Group,71542650,All,Simulation,Incremental Simulator,2026-01-02T22:39:36.763Z,2026-10-06T02:48:18.8535983Z,5,,2026-10-06T20:21:17Z,"🥚Break Lucky Eggs and Blocks for Brainrots! 🧊 1. Break Eggs to hatch rare Brainrots! ⛏️ 2. Bring them back to your base to earn cash! 💰 3. Level up your Brainrots to make more money! 📈 4. Rebirth for new gear! 💣 😌 No Sammy chasing you - play stress-free! 😌 👀 Admin Abuse is HERE! 👀 💵 2x CASH EVENT - every SUNDAY -> Monday! 💵 ⚠️Cheaters and scripters will be detected and banned! ⚠️ If you're having fun, join the group and hit the thumbs up! 👍"
9496852407,96280251181127,⚔️Build to Defend Loot,TwoBrothers Games,Group,147709699,All,Simulation,Tycoon,2026-01-03T17:32:49.193Z,2026-10-06T22:35:54.2343056Z,6,,2026-10-06T23:48:08Z,"🛠️ Build to Defend Loot! ⚔️ 📌Please report any bugs! Build your base, defend your loot, and steal from other players to reach the top! 💰🛡️ 🔥 Features: 👍 Build and upgrade your base 🛒 Buy valuable loot 🏃 Steal other players’ loot 💸 Earn money even while offline 🛡️ Defend your base from attackers ⚔️ Buy gear to become stronger 📱 Supports Desktop, Mobile & Tablet 👥 Like the game and join the group for future updates! Click follow too for exclusive update notifications!"
9501701013,121268060261990,🚨Suspect,TheReal_TEG,User,970653686,All,Survival,1 vs All,2026-01-04T11:25:40.4Z,2026-10-06T12:26:51.5886091Z,8,,2026-10-06T23:48:08Z,"Welcome to a game where your only goal is to SURVIVE or KILL! 7 Survivors are completing tasks while avoiding 1 hidden Killer, trying to stay alive. If a body is found, vote to expose the Killer, get it wrong, and the Killer will win and claim the Reward! Inspired by a game where killer is among us 👀 - ⭐ Join the group for future perks! https://www.roblox.com/groups/16840372/TEG - 🤗 Follow me to make me happy - ✨ Inspired by Among Us - 🚨 Suspect 🔥EVERY WEEK NEW UPDATE🔥"
9506013695,72387437800091,DUELS [🌸SAKURA],YOU ARE MURDER,Group,459694704,All,Action,Battlegrounds & Fighting,2026-01-05T03:35:38.87Z,2026-10-05T16:37:39.7488503Z,50,,2026-10-06T20:21:17Z,"Play DUELS, a Murderers vs Sheriffs styled game for exciting solo (1v1) and team matches with 2 to 5 players per side! Step on a pad, pick a map and weapons, then fight other players in a fast paced duel! ⚠️ Farming Winstreak, exploiting, cross-trading & alt-farming is bannable"
9510573507,120329833999324,GUNS VS FNAF,SeboteGaems,User,5395339249,All,Shooter,PvE Shooter,2026-01-05T23:05:30.03Z,2026-10-02T00:19:33.961Z,6,,2026-10-06T23:48:08Z,"UPDATE!!!: Combat mode has been replaced with the ""CHAOS MODE""! 🌀 Kill animatronics in this new mode and unlock new and exciting skins for your guns! 30 skins are now available for your guns! 🔫🎨 Also, the guns system has been improved!!! 🧟 Survive the Chaos and defeat the animatronics! 🔪 Step into a world full of fnaf animatronics! Use your gear to defeat enemies, earn money, unlock powerful weapons, and explore exciting new areas. Every zone is tougher than the last. 💥 Fun battles 🔫 Tons of weapons to collect 🌍 New zones to explore 👥 Play solo or with friends Join the fight and start your adventure now!"
9511454418,123873483242204,[UPD 1] Anime Finals,MOVI Games,Group,1053686520,All,Shooter,Deathmatch Shooter,2026-01-06T03:40:09.707Z,2026-10-03T23:02:07.426Z,12,,2026-10-06T20:21:17Z,"Welcome to Anime Finals Choose your character kit, customize your loadout, and battle other players in intense, action-packed matches. Master unique abilities, sharpen your aim in the Training Grounds, progress your weapons, earn cases, and unlock cosmetics to make your loadout your own. ⚔️ Fast-paced anime FPS combat 🔥 Powerful weapons & unique character kits 🏆 Competitive live matchmaking 🎯 Training Grounds 🎁 Cases & progression rewards ✨ Skins, wraps, charms & finishers 🔫 Weapon progression 👍 Like + Favorite the game to support us and stay updated on future content! 🎮 Available on Desktop, Mobile, Tablet, Xbox & PlayStation"
9513686983,119579217517090,Escape Waves For Lucky Blocks,Crazay Minds,Group,35921526,All,Simulation,Tycoon,2026-01-06T14:08:33.093Z,2026-08-20T16:00:24.493Z,5,,2026-10-06T23:48:08Z,Welcome to Escape Waves For Lucky Blocks! Move fast and secure Lucky Blocks across the map! 🏃 Survive powerful waves as they roll in! 🌊 Build your Brainrot setup over time and stay alive as long as possible! ⚡ Upgrade your plot to unlock more plots and place additional Brainrots! 🏗️ Your Brainrots earn cash OFFLINE! 💤 Like the game and join the group for FREE cash and a Brainrot! 👍
9520692022,134360023649587,[330] Save Your Friend!,Maximise Games,Group,35144976,All,Puzzle,Escape Room,2026-01-07T19:32:03.817Z,2026-10-06T16:56:17.158871Z,15,,2026-10-06T20:21:17Z,"🚪 Welcome to Save Your Friend! 🚪 😨 For some reason your friend has been taken 🧠 You don't know why, but you will SAVE THEM at all costs 🔑 Beat the Evil Bacon's traps to find out what your friend did ⭐ 330 LEVELS - minigames, puzzles, secret codes and trick rooms 👑 3 BOSS FIGHTS - can you beat King Bacon? 🔥 HARD MODE - 220 levels again, for true pros 🎃 HALLOWEEN EVENT - 30 spooky levels and a boss, only here for a short time! 👫 DUOS MODE - save your friend WITH a friend (or find a partner worldwide!) 🥚 PETS! Earn gems from levels and hatch 75+ pets 🐾 Pets boost your gems & wins - collect them all in the Pet Index! 💎 GEM SHOPS - Bacon skins, trails and titles, new stock every day ❗ You can change your friend in settings ❗ 🎉 Join the group for Auto Hatch! 🛠️ Let us know in the group if you come across bugs 👍 Like and favourite the game to support future updates, including more levels and the TRUTH..."
9522015993,71457452830106,bote ried,Cleanrot,Group,11991824,All,Adventure,Exploration,2026-01-08T01:39:12.437Z,2026-08-23T22:55:17.657Z,40,,2026-10-06T23:48:08Z,"This was a game I made like idk 5 years ago, lost access to it. But it's back! just of course not the same as before but, IT'S MADE BY THE SAME PERSON IT HAS THE SAME ESSENCE THE CLEAN BEAN MACHINE EXPERIENCE. Boat ride by CleanMeanBean Exploiting if caught results in a permanent unappealable ban If ur my friend you get all the passes for free. Don't abuse it or you'll get clocked. (I'm watching)"
9534705677,122446657157717,[🔥NEW SNIPER] Sniper Arena,9D GAME CLUB,Group,241962998,All,Shooter,Deathmatch Shooter,2026-01-10T05:55:56.67Z,2026-10-06T16:16:17.7366944Z,20,,2026-10-06T20:21:17Z,"Welcome to Sniper Arena — Fast-paced sniper battles. Play fair. Win with skill. Skins are cosmetic only — no stat boosts, no pay-to-win. Join Ranked matches and defeat other players to earn awesome rewards! Cheating results in a permanent ban. No second chances. 🔫 Eliminate enemies with your sniper! 🔑 Unlock more snipers! 📦 Open crates to get more skins! 🤑 Sell your skins on the market to earn CASH! 💵 Use CASH to unlock premium skins! 📈 Experience a real player-driven market — get awesome skins even without spending! 🎮 Available on Desktop, Phones, Tablets, XBOX, & PlayStation 5! ⭐ Premium players earn +20% in-match Credits! 👥 Play with friends to earn +20% in-match Credits! Controls: 💻PC LMB: Shoot RMB: Aim V: Inspect Ctrl / C: Crouch & Slide 🎮Controller R2: Shoot L2: Aim Y: Inspect 📱Mobile Supports auto-lock 🚫 Cheating will result in a permanent ban. There are no second chances!"
9539483725,127415661078736,Become Hungry Worm,rbxassetid://,Group,692623270,All,Simulation,Incremental Simulator,2026-01-10T21:46:06.817Z,2026-09-28T16:29:49.815Z,18,,2026-10-06T23:48:08Z,"In this game, YOU get to be the Hungry Worm 🔥 🏃‍♂️❗ Chase and eat people to grow your size and speed 🪱 Your level and size saves for next time 🤑 Climb to the WORM GOD to rebirth! 🌟 PERMANETLY upgrade your stats with rebirths! 🛒 Hatch eggs to unlock cool worm skins with special effects! Enjoy!"
9549278601,79548014923991,KAZAKH TOWER 🌟 [💙💛ҚАЗАҚША💛💙] 🇰🇿,KazakhGames Studio,Group,8831260,All,Obby & Platformer,Tower Obby,2026-01-12T13:51:34.137Z,2026-10-06T21:37:04.9936493Z,50,,2026-10-06T20:21:17Z,"🏙️ Kazakh Tower — Қазақтың мұнарасы! 🇰🇿 Өз еліңді көтер, биікке шық, жеңіске жет! 💪 Бұл ойында сен шын казах альфа бола аласың ба? 🧗 Мұнараға өрмелеп, қатерлі кедергілерден өт! ❤️ Барлығы қазақ тілінде, өз тіліңде ойна! 🔥 Көтеріл, құлама, мықты бол! 🎮 Достарыңмен жарысып көр — кім бірінші шығады?! 😎 Арнайы эффекттер, стиль, және нағыз қазақ вайб осы жерде. tags: Kazakhstan, Kazakh, Kazakh Culture, Kazakh Tower, Astana, Almaty, Central Asia, Kazakh Game, Steppe, Kazakh Language, Kazakh Pride, Kazakh Challenge, Nomad, Kazakh Vibes, KazakhStyle, Kazakh Gamer, Kazakhstan Roblox, Qazaqstan, Qazaq Oyyny, Turkic, Kazakh Flag, Kazakh Music, Kazakh Roblox, Qazaq Game, Казакша, Казак, Қазақша, Казакстан, Қазақстан"
9551044479,99521272836282,Final Swarm [🌊Atlantis],Evolution Studio Games,Group,13511151,All,Survival,,2026-01-12T21:23:09.627Z,2026-10-06T15:34:28.488401Z,20,,2026-10-06T20:21:17Z,"Welcome to Final Swarm, the most intense RPG on Roblox! Fight against hundreds of enemies at once with only one goal... Survive waves and defeat the Final Swarm! 🔥 New LIMITED Set! 🧟 Fight against hundreds of enemies! 🗝️ Collect keys to upgrade and unlock new weapons! ⚔️ Make the best weapon loadout! 👑 Progress through worlds and become the best fighter! ❤️ Like and join the group for exclusive rewards!"
9561553764,120851538706364,Murder Duels,Breakfast,Group,43252617,All,Shooter,Deathmatch Shooter,2026-01-14T22:16:21.543Z,2026-10-03T12:17:53.451Z,50,,2026-10-06T20:21:17Z,"Welcome to Murder Duels! A fast paced first-person dueling game, supporting 1v1s up to 4v4s. 🏆 Step on a pad to begin a duel. First to 5 wins. 🔪 You get two weapons in every duel, a knife & revolver. 🔥 Both weapons have a set of unique abilities to make you stronger. 🎯 Unlock new knife & revolver skins as you progress. 💸 Trade skins with other players. ⚠️ This game is currently in beta. Expect changes! 🚨 Cheaters will be permanently banned. We do not appeal bans."
9564673841,108843562394237,Monkey Bomb Tag,Crazay Art,Group,1015860650,All,Party & Casual,Childhood Game,2026-01-15T14:16:17.207Z,2026-09-15T19:42:36.127Z,16,,2026-10-06T23:48:08Z,🐒💣 MONKEY BOMB TAG! Pass the Bomb! 🏃 Run 🙈 Hide 💣 Tag someone fast! Last monkey standing wins! 🏆 ⭐ Like the game if it's fun! 👥 Join the group for updates! Made by Syn (owner of Orangutag) Credits to Wiz for a bunch of assets and maps! Brought to you by Crazay Games! ❤️
9582986239,74729868188364,Fish an Anime RNG 🎲,-チート-,Group,35620138,All,Simulation,Tycoon,2026-01-18T11:40:08.907Z,2026-10-06T19:23:55.2715976Z,8,,2026-10-06T20:21:17Z,"Welcome to Fish an Anime RNG 🎲 💸Characters Earn OFFLINE!💸 How To Play? 🐟 Click on a Pond to start Fishing! 🍀 Catch Anime Characters and place them in your Base! 💵 Earn Cash and Unlock Upgrades, Potions and more! 🔁 Rebirth and Grow your collection! 👥 Play with friends for extra cash! 🌟Join our Roblox Group for free Rewards!"
9584852943,95082159892680,+1 Speed Keyboard Escape | Candy & Chocolate,SecretVerse Studio,Group,1074557114,All,Simulation,Incremental Simulator,2026-01-18T17:49:45.993Z,2026-10-06T16:43:14.5385269Z,22,,2026-10-06T20:21:17Z,"🎀 Join the SecretVerse Studio group to unlock FREE gift in-game! 🍫 Welcome to +1 Speed Keyboard Escape | Candy & Chocolate! 🍫 ⚡ Every step = +1 Speed 👟 Run, jump, and escape across a world made of candy & chocolate keyboard keys 💪 Train your speed and unlock powerful multipliers 👥 Race against friends and other players 🌍 Become the FASTEST on the server 🚀 Speed is everything… but one wrong move and you’re back at the start 😱 🎧 ASMR vibes included Smooth movement, satisfying keyboard clicks, creamy visuals, and relaxing candy sounds for a perfect mix of speed & chill ✨"
9584946743,75317862071711,[⛏️ WORLD 9 PT. 1] Immortality Incremental,Immortality Incremental,Group,765514166,All,Simulation,Incremental Simulator,2026-01-18T18:09:14.383Z,2026-10-04T02:58:01.34Z,10,,2026-10-06T20:21:17Z,"🔥 Welcome to Immortality Incremental! 🔥 Use Code ""RELEASE"" for free Potions 🍀 Breakthrough – Cultivate and scale the realms ⚡ Reset Layers – Sacrifice progress for strong boosts 🔮 Open Marks – Discover extra enhancements 🏆 Leaderboards – Leave your mark Exclusive Rewards Await: 📌 Join the Group – Unlock Follower Rewards 📌 Like & Favorite the game - Activate insane boosts 📌 Join Our Community Server – Redeem secret codes ✨ WILL YOU TRANSCEND THE HEAVENS? ✨"
9585346472,101610294550592,Night At The Infirmary (Anomaly),A.D. Games,Group,32752100,All,Survival,,2026-01-18T19:33:03.687Z,2026-08-31T10:23:44.414Z,25,,2026-10-06T23:48:08Z,"🌙 You’ve been hired for the night shift. Welcome to the Infirmary. Patients will arrive throughout the night. Examine them carefully, some may not be what they seem... ⚠️ Flashing lights and jumpscares 🎧 Headphones recommended ⬆️ High graphics recommended This game is in Beta, please report any bugs on the forums and community server! Visually inspired by DOORS and The Mortuary Assistant (Anomaly, Haunted, Hospital, Scary, Jumpscare)"
9588121608,87018676608089,Pistol Arena,Virtuals Games,Group,35572634,All,Shooter,Deathmatch Shooter,2026-01-19T09:33:57.377Z,2026-10-06T04:45:23.5758493Z,20,,2026-10-06T23:48:08Z,"Fast-paced free-for-all arena where everyone has a one-hit pistol. Grab your gun and hunt down your opponents! 🎯 Eliminate other players 🔫 Unlock new pistols 🔥 No teams, just pure skill This game is in beta, report bugs in the group forums! Controls: [PC] 💻 Mouse 1 - Shoot Mouse 2 - Aim Left Shift - Sprint Ctrl / C / F - Slide [Controller] 🎮 R2 - Shoot L2 - Aim B / Circle / Press Left Stick - Slide [Mobile] 📱 Tap the buttons on screen for all actions. (Hold Shoot to Aim)"
9592387369,123847390309161,[HELL] Spiral Difficulty Chart Obby,Jindijim,User,55041748,All,Obby & Platformer,Classic Obby,2026-01-20T03:25:23.483Z,2026-10-06T06:11:03.4771728Z,15,,2026-10-06T20:21:17Z,"This obby starts off easy but will get harder as you progress! 🚩 There are 260 stages. ✅ All stages are possible! Only 0.1% of players beat the game! 👍 Please leave a Like to support the game! Tags: Obby But, Hardest, Hardest Obby, Crashout, Hard, Nearly, Impossible, Platformer, Parkour, Impossible Obby, Difficulty Chart, Spiral"
9599808796,133379826754141,Would you rather but it happens,Pick a Door!,Group,1112558765,All,Party & Casual,,2026-01-21T15:23:28.173Z,2026-10-02T18:25:16.757Z,8,,2026-10-06T23:48:08Z,"Ever wondered what would really happen if you chose left or right? In this game, every Would You Rather choice becomes reality. 💥 Pick an option ⚡ Watch it instantly happen 😱 Survive the consequences From harmless fun to total chaos, your decisions shape the game. Choose wisely… or regret it. 👍 100,000 Likes for More Doors!"
9641502068,112731528776884,[UPD] KNIFE DUELS,KNIFE DUELS Team,Group,376551072,All,Shooter,Deathmatch Shooter,2026-01-29T12:11:21.933Z,2026-10-06T00:07:35.1179406Z,60,,2026-10-06T20:21:17Z,"Welcome to KNIFE DUELS, a unique fast-paced first person shooter centered around knife combat! Challenge other players in 1v1 to 4v4 duels where the first to 6 wins! 🆚 Challenge other players by stepping on a duel pad! 🔪 Earn coins to unlock new knife skins! 🤝 Trade your skins with others! 🏆 Grind wins and earn your spot on the leaderboard! ⚠️ WARNING: Cheaters and farmers will be permanently banned/reset with no second chances."
9655781693,121461214257813,Be an SCP or Guard [SCP-682],Be an SCP or Guard,Group,1017678148,All,RPG,,2026-01-31T21:56:05.54Z,2026-09-23T18:41:22.4Z,50,,2026-10-06T23:48:08Z,"WARNING: Game contains flashing lights when in vicinity of SCP-173 Currently playable SCPs: SCP - 173 SCP - 096 SCP - 106 SCP - 457 SCP - 049 SCP - 035 SCP - 966 SCP - 682 A sandbox/demonstration game inspired by ""Be a SCP or Guard"" which is no longer available on Roblox Game is currently in: Alpha"
9655921954,136990058242546,[FIX] Scooter Of Hell,GOLDENSTAR GAMES,Group,35253762,All,Obby & Platformer,,2026-01-31T22:30:12.157Z,2026-10-05T01:25:37.746Z,10,,2026-10-06T23:48:08Z,"Scooter Of Hell! 🔥 🛴💨 Race, jump, drift, and speed your way through 30 challenging randomly-generated scooter stages! 🏁 Test your skills, master tight turns, hit boosts, and see how far you can go. 🏆 Can you beat all stages before the others? Tags: Obby, Obby But, Obby But you're, Scooter, Scooter Obby, Obby but you're on a Scooter, Scooter Of Hell"
9656201728,106484206883664,[ 🐺 STARRK] Dungeon Lootr,ClickBytes,Group,110427303,All,RPG,,2026-01-31T23:35:17.687Z,2026-10-06T18:39:01.6788061Z,15,,2026-10-06T20:21:17Z,"⚔️ Hack & Slash Dungeon ARPG ⚔️ Plunge into randomly generated dungeons, master over 30+ unique classes, and fight your way to the boss and extract with your loot intact. - 🎲 Spin for devastatingly powerful classes - ⚔ Enter challenging dungeons for rare loot - 📝 Experiment with a variety of stat builds - 🔍 Optimize your builds for the fastest clear times - 🎁 Play Boss Rush or Challenge Dungeon modes for big challenges - 🕺💃 Emote & Hangout with friends! Max Player Level: 225 Premium Plus Players: Earn +5% Player EXP & +10% Class EXP *Important: Using Bugs / Exploits is strictly prohibited and may result in action(s) being taken.*"
9660713566,132046904416072,[UPD] +1 Speed Motorcycle Tsunami Escape,TwistPlay,Group,35350318,All,Simulation,Incremental Simulator,2026-02-01T15:50:37.283Z,2026-09-14T19:58:28.316Z,16,,2026-10-06T23:48:08Z,"Welcome to +1 Speed Motorcycle Tsunami Escape WORLD 4 OUT NOW! How to Play: 🚲 Ride around to become faster! 🏃 Avoid the Tsunami to get wins! ⚡ Get new motorcycles that give more speed! 🔥 Unlock trails to get speed boosts! If you enjoy the game, make sure to like it and join the group! 👍"
9662130710,100911362514791,[🙂UPD] Phonk Slap 🎵,Falling Towards Success,Group,7081325,All,Action,Battlegrounds & Fighting,2026-02-01T20:07:08.697Z,2026-10-05T22:10:05.0858251Z,24,,2026-10-06T20:21:17Z,"🎵 Welcome to Phonk Slap 🎵 Slap players off the map and trigger hype edits! 🎬 Slap & Edit: Every slap triggers a phonk edit! 💜 Aura: Slap players, earn Aura, and unlock rare gloves & cosmetics. 🌀 Abilities: Each glove has a unique game-changing power. 🚫 Cheating leads to a permanent ban. 🎮 Controls: Click or R2 to slap, E or R1 for ability. 🎁 Check our the discord for the latest codes! Inspired by Slap Battles"
9663968307,70390793715007,Hooked! [TRAIT],World Tier 1 Game,Group,505519930,All,Action,Battlegrounds & Fighting,2026-02-02T06:13:14.61Z,2026-09-02T08:09:28.008Z,10,,2026-10-06T23:48:08Z,"⚡ In this relentless game of precision, positioning, and teamwork, your survival depends on a single weapon: the Hook. Grapple enemies to pull them out of position, or strike them down in intense team-versus-team arena battles. Every throw can turn the tide of war! 🔥 Claim victory to earn coins and build your ultimate loadout. Test your luck to roll for legendary Hook skins, and unlock game-changing abilities. Strategy is key—you can only equip ONE ability per match, so choose wisely to complement your team's playstyle! 🏆 Coordinate with your allies or carry the match! Whether you are a tactical mastermind or a casual brawler, the arena awaits. Tags: minigame, team battle, pvp, multiplayer, abilities, grappling hook, action, combat, mobile, console, xbox, pc"
9671745030,77301670644441,[I MISS THE QUIET] Luuynix's Animations,Luuy Studios,Group,679627128,All,Entertainment,Showcase & Hub,2026-02-03T21:05:52.017Z,2026-10-03T20:49:24.912Z,1,,2026-10-06T20:21:17Z,"Put yourself, your friends, or ANY Roblox user into any animation! NEW ANIMATIONS: I Miss The Quiet (1 Player) When 12 AM Hits (4 Players) Baby You Bugging (1 Player) Chronoshift (1 Player) Let's Groove (2 Players) (As a solo developer, animations might take time to be released) RECOMMENDATIONS: For the best cinematic experience, I highly recommend playing on Maximum Graphics (If you record a TikTok or YouTube video using these animations, please credit the game!) Submit any bug reports to my community server linked under the game's description, or just join to hang out! :D Tags: Luuy Anims, Animations, Meme Animations, Luuynix Anims, Meme, Funny"
9694335093,79797693256658,BlackHole Rush! [👼&😈 UPD],dalUL Studio,Group,33714827,All,Action,Battlegrounds & Fighting,2026-02-08T09:39:38.537Z,2026-10-06T22:06:52.5597559Z,12,,2026-10-06T23:48:08Z,"⚫ The black hole is expanding! Keep running and survive until the end ! 💥 Push and block other players ! 🏆 Be the last survivor to win ! CONTROLS: THROW - F/Tap UI Button ABILITY - Q,E,R/Tap UI Buttons SHIFTLOCK - Shift/Tap UI Button ❤️New game – updates coming often!"
9697502306,88412811497379,Slap Chips 🖐️,simply games..,Group,1003211851,All,Party & Casual,,2026-02-08T20:35:49.787Z,2026-08-22T11:00:21.249Z,30,,2026-10-06T23:48:08Z,"Welcome to Slap Chips! You and your opponent hide SLAPS in chips! 🥔🖐️ 💔 Choose carefully — one wrong bite could be your last! 🎮 PC, Mobile and Console supported. 👍 Like the game and join the group for rewards!"
9702840627,100079017940927,🤔Hot or Cold: Guess the Word!,Context Works,Group,110442708,All,Puzzle,Word,2026-02-10T02:20:23.937Z,2026-07-16T04:08:16.014Z,12,,2026-10-06T20:21:17Z,"💡 Got ideas or suggestions? 👍 Like the game to unlock the feedback box — we read every single one! 🧠 A secret word is hidden. Can YOU find it first? Type any word — the game tells you how close you are! 🟢 Green = you're right there 🟡 Yellow = getting warmer 🔴 Red = way off Race against real players every round. First to crack it wins! 🏆 FEATURES ✅ New secret word every round ✅ Real-time multiplayer battles ✅ Easy to learn, hard to master ✅ Smarter than any other word game on Roblox"
9705384247,104856666707760,Killstreak Battle Royale,Killstreak Battle Royale,Group,937033907,All,Shooter,Battle Royale,2026-02-10T16:52:03.733Z,2026-10-05T14:41:05.7288325Z,26,,2026-10-06T20:21:17Z,"Welcome to Killstreak! Drop into a battle royale where every fight can change the match! Loot powerful weapons, build unstoppable killstreaks, survive the shrinking zone, and become the last team standing! 🔥 💥 BUILD YOUR KILLSTREAK AND UNLEASH POWERFUL ABILITIES! 💥 Earn consecutive eliminations to unlock turrets, drones, healing, speed boosts, nukes, and more! [How To Play] • Drop into the battlefield 🪂 • Loot weapons and gear from chests 🔫 • Eliminate enemies and build your killstreak 💥 • Revive your team and survive the final zone! 🏆 🎮 Available on Desktop, Phones, Tablets, XBOX, & PlayStation 5!"
9711289915,127078880769763,🙂[LORD VERITY] Emotes Testing ✨,Byteonix,Group,9642354,All,Social,,2026-02-12T01:05:40.117Z,2026-10-06T11:32:02.5831647Z,25,,2026-10-06T23:48:08Z,"✨ Welcome to Emotes Testing™ Sandbox! Try out hundreds of FREE dance emotes inside our sandbox! 👆 Tap on Players to Sync Emotes in real-time with them! ❓ Need help with a ban? See https://devforum.roblox.com/t/byteonix-information-board/3684955 🎶 Emotes come in many varieties, some even have effects! Try to discover every type of emote! 👗 Dress up with many morphs, or create your own with the built-in avatar editor! ❤️ Most emotes were made by the Byteonix team. Thanks for playing! 😍 Unlock exclusive emotes through Emote Packs or unlock them individually! 🎮 Emotes Testing Sandbox works on all devices, including Phone, Tablet and Console! *Note: All music which may play during Emotes is sourced from publicly available Roblox audios; Byteonix has no control over the content. © Copyright Build2Inspire 2026. All rights reserved All in-game content, including animations and thumbnails are intellectual property of Build2Inspire. Emotes Testing™ is a trademark of Byteonix."
9714537627,79454007962937,AI Judge,TÄ Games,Group,306054325,All,Party & Casual,,2026-02-12T17:59:06.187Z,2026-10-02T13:34:02.379Z,12,,2026-10-06T23:48:08Z,"Given a random scenario, what would you do to overcome it? Your answer is judged by a sentient drum with guns. -- Updates -- 2026-09-30 Chairs may be confusing new players, so testing not showing them to new players for a week. 2026-09-28 Everyone gamemode 🔥 2026-09-24 Hearts gamemode, added questions. 2026-09-10 Testing a new gamemode, added some questions. 2026-08-29 Chairs. 2026-08-23 Added more questions. 2026-08-03 Added 30 more questions and VIP gamepass. 2026-07-31 Yet more questions added 2026-07-27 50+ questions added 2026-07-16 Added 30 more questions. 2026-07-03 Added 50+ more questions. 2026-06-30 Speech. 2026-06-28 200+ new questions. Fixed music toggle. 2026-06-24 Added more questions, final run drumroll. 2026-06-15 Become the judge product added. 2026-03-25 Music toggle. Use custom prompt on private servers."
9732080947,140477643689375,Rusty Rafts,No Quarter Games,Group,129325464,All,Adventure,Exploration,2026-02-15T13:34:10.203Z,2026-09-09T08:09:08.29Z,20,,2026-10-06T23:48:08Z,"The world is in ruin - extreme weather changes cause sudden droughts and floods. The only way to survive in this wasteland is by building and defending your raft that keeps you afloat. A safe haven is rumored to be up north, set sail with your friends and do whatever you can to make it there... Available on ALL platforms: PC, Mac, XBOX, Playstation, Phone/Mobile and Tablet WE ARE STREAMER/CONTENT CREATOR FRIENDLY [License-free] Version: alpha"
9735583968,71599043035739,SCP MORPH,SCP MORPH,Group,247786565,All,Roleplay & Avatar Sim,Morph Roleplay,2026-02-15T20:44:42.98Z,2026-10-06T17:59:07.0162475Z,12,,2026-10-06T20:21:17Z,"Welcome to SCP MORPH! Secure. Contain. Protect. Updates every Saturday, new content and improvements every week. Find and unlock 30+ SCP morphs hidden around the facility. Explore different locations: - SCP-173 Chamber - SCP-682 Chamber - SCP-096 (Shy Guy) Chamber - Courtyard - Facility Roof - TOP SECRET Room - Guard Rooms - Personnel Cells - ??? New morphs every week. Have fun. Made by the biggest fans of SCP."
9741874508,119068914321553,Traitor VS Sheriff DUELS,Kentauros,Group,34929966,All,Action,Battlegrounds & Fighting,2026-02-16T20:24:39.853Z,2026-09-11T22:22:16.842Z,35,,2026-10-06T20:21:17Z,"Welcome to Traitor VS Sheriff DUELS 🎮 Jump into competitive rounds, unlock new weapons, and prove your skill ✨ Earn rewards, collect exclusive items, and climb your way to the top ⚠️ Fair play only cheating or exploiting will result in a permanent ban Tags: 1vs1, 2vs2, 3vs3, 4vs4"
9751615286,138306279876500,[🪨 TDM 🔥] Ultra Toilet Fight 2 (BETA),Rebranded Fried Productions,Group,172195401,All,Action,Battlegrounds & Fighting,2026-02-18T13:24:07.027Z,2026-10-06T07:21:20.236004Z,35,,2026-10-06T20:21:17Z,"🔥Welcome to Ultra Toilet Fight 2! 🚽 💥2x Data Chips EVERY WEEKEND! 💰Join the Group to get 10% more Points from beating waves! 📺Check out the game's Discord to never miss out on any Updates, Sneaks or other cool content! - This game is still in early development as it still has not reached its Release version. This game is still heavily in BETA and is expected a very big future. Stay tuned for the future updates! 💥Future updates log 💥 : - ??? 👀 All thanks to our development team! 🛠 Tags (ignore): utf2, utf 2, ultra toilet fight, toilet, brainrot, Ultra, Fight, Toilet, Skibi, Defense, Tower, Wave,"
9753458401,116502367082500,StyleMe,StyleMe Group,Group,682962450,All,Shopping,Avatar Shopping,2026-02-18T19:56:22.723Z,2026-10-06T22:31:10.4578766Z,17,,2026-10-06T20:21:17Z,"🎨 StyleMe, Where Dreams Come True! 💅✨ Welcome to StyleMe, fashion game where you can become a stylist with your own shop! 🏪 Or.. get styled! Ask other players to style you outfits! 👔 RUN YOUR OWN SHOP 🏪 Open your very own boutique! Design and sell your outfits and help people get a fashion taste! 🧚‍♀️ BE A STYLIST 👔 Become a professional stylist and help customers find their perfect look! Mix and match clothes, accessories, and create outfits that make everyone say ""WOW!"" 🎯 GET STYLED 🛍️ Find your own stylist. Ask other players to put together the perfect outfit for you 🎉 ENDLESS CREATIVITY 🌟 Express yourself through fashion, connect with other fashion lovers, and create looks that are totally YOU! 💎 Join and start your fashion journey today! 🚀"
9758027784,100178831086674,TimeBomb AnkleBreak!,Notrox Studios,Group,364514508,All,Party & Casual,Minigame,2026-02-19T14:47:44.673Z,2026-09-28T21:29:24.541Z,8,,2026-10-06T23:48:08Z,Welcome to TimeBomb AnkleBreak! You have 15 seconds to pass the bomb to someone else before it explodes. ⚠️ Cheating in the game will get your account banned ! How to Play: 💣 Hold the Bomb: the clock is ticking! Touch another player to pass the bomb. Features: 🎵 SFX: Lots of different sounds I will be adding way more sounds in the future!
9758688665,103050497819513,Steal The Brainrot Base🧠,Loot The Base!,Group,633944442,All,Simulation,Tycoon,2026-02-19T16:52:12.577Z,2026-09-27T19:54:39.036Z,4,,2026-10-06T23:48:08Z,"Welcome to Steal The Brainrot Base🧠 1. Sneak into the enemy base and snatch a Brainrot! 🤫 2. Outrun the raging Brainrot chasing you! 🏃‍♂️💨 3. Bring them back to your base to stack that cash! 💵 🧠 Your Brainrot earn cash OFFLINE! 💤 Having fun? 👍 Like the game and invite your friends to play! 😄 Tags: Brainrot, Brainrot Memes, Memes, Cute , Monsters, Friends, Fun, Speed, Fast, Collect, Pets, Rainbow, Colorful, Rebirth, Stars, Raiding , Friends, Simulator , Tycoon , Base"
9759082891,118973301158777,[UPDATE] +1 Aura Climb Tower,Alter Ego Masters,Group,250829854,All,Simulation,Incremental Simulator,2026-02-19T18:21:52.113Z,2026-10-03T05:43:22.055Z,15,,2026-10-06T23:48:08Z,🔥 Welcome to The +1 Aura Climb Tower! ⚡ Farm Aura 🪜 Climb Higher 🚀 Jump Farther 🧥 Collect Powerful Mantles 🎁 Open Lucky Blocks 🏆 Earn Wins 🔁 Rebirth for MASSIVE multipliers 💥 Every upgrade makes you stronger. 👑 Become the player with the greatest Aura! Can you reach the top?
9765324104,89490838554710,[AI COPS + MORE👮] Wheelie District 🏍️,Wheelie District Studios,Group,890189839,All,Simulation,Vehicle Sim,2026-02-20T20:05:37.543Z,2026-10-03T12:08:21.379Z,18,,2026-10-06T23:48:08Z,"🏍️ Welcome to Wheelie District — Where the streets reward skill and the bikelife never stops. 🏍️ 🔥 The NEW Update is out! Many new features have been added! Use code ""UPDATE6"" for FREE Rewards! Grab your ride, explore the map, and hold smooth wheelies 🤙, chain clean combos 💥, and flex your control. This isn’t a race — it’s a full rideout experience. 💸 Earn Cash While You Drive: Hold longer wheelies, build multipliers, and turn skill into money. 🛠️ Unlock better bikes and cars, improve performance, and create your perfect build. 👥 Ride solo or team up and take over the streets together. 🎯 Dial in your balance, throttle, and timing to maximize every run. 🌆 Ride dirtbikes, sportbikes, cars, scooters, mopeds, motard supermotos, e-bikes, minibikes, e-scooters and many different motorcycles! — each with unique handling and feel. 🔓 Unlock vehicles, upgrade your collection, and dominate the district."
9774284077,119455737640001,Logo Color Bridge,the best bridge,Group,314272251,All,Party & Casual,,2026-02-21T22:20:39.017Z,2026-08-19T02:11:52.111Z,35,,2026-10-06T23:48:08Z,Welcome to the Logo Color Bridge! How far can you make it?🏆
9776222468,82539019711975,Cluck or Hide!🐔,sausagerate,User,252353158,All,Party & Casual,Childhood Game,2026-02-22T03:25:27.51Z,2026-09-29T19:22:37.906Z,12,,2026-10-06T23:48:08Z,"🐔Cluck or Hide!... 🎁 NEW Code: UPD5 [ THE GAME IS IN BETA EXPECT SOME BUGS ] 🎮 How to Play Hiders: Hide, stay still, and survive until time runs out Killer: Hunt moving players and eliminate them all Move = revealed Stay still = hidden ✨New Update Every Week✨"
9780429221,98894876188248,Cheating During Testing [BETA],ebenxzy,User,10197139721,All,Survival,,2026-02-22T16:56:44.17Z,2026-10-06T23:48:33.8058834Z,24,,2026-10-06T20:21:17Z,"😰 You forgot to study. Now cheating is your only option. 🚨 Every answer is a risk. Every second counts. The clock is ticking… Finish your test before time runs out—but whatever you do… Don’t let the teacher see you cheating. 📄 Complete tests and earn Credits. ⭐ Higher grades earn even bigger rewards. 🛒 Buy cheating gadgets, and equipment to improve your chances. 👀 Beware of Snitches—they’ll sell you out for Credits. 🍎 Manage your Anxiety throughout the exam. 🤝 Team up with friends… if you can trust them. 🏆 Outsmart the classroom. 💰 Build the ultimate loadout. 📚 Become the ultimate cheater. How long can you keep fooling the teacher? ⚠️ Disclaimer: Cheating during tests, rule-breaking, and avoiding teachers are fictional gameplay mechanics and are NOT meant to encourage or promote these behaviors in real life."
9781580133,106287315699545,Realistic Tree Cutting V6.6,WLDALAL,User,10491634606,All,Simulation,,2026-02-22T21:22:28.467Z,2026-10-05T14:30:52.5328574Z,10,,2026-10-06T23:48:08Z,"Experience the most Advanced Tree Cutting System in Roblox. Includes Real Time CSG Subtraction so expect lag in public servers > Cut Trees and Sell for Money > Buy New Axes > Cut Bigger Trees > Buy Sleds to carry more Trees, Travel Faster around the Map! (Controls) M1 - Swing Axe Backspace - Drop Log F E Q - Abilities for Axes, Sleds Shift - Run - Group Link: https://www.roblox.com/communities/850595637/PULSEFIRE-PRODUCTIONS#!/about (⚠️RECOMMENDED TO PLAY ON PRIVATE SERVERS DUE TO GAME NOT BEING OPTIMIZED FOR PERFORMANCE YET⚠️)"
9788139379,119004860768199,[UPD]BreakDoor,GhostTribe,Group,786473200,All,Survival,1 vs All,2026-02-24T07:31:46.167Z,2026-10-03T06:20:13.066Z,80,,2026-10-06T20:21:17Z,"Code : WELCOMEDOOR 👻 GHOST — 8 Humans vs 2 Demons ⚔️ 🏠 The night has fallen... and 2 Demons are hunting. 8 Humans must barricade up, build their economy, and SURVIVE 20 minutes! 🕛 💰 Stack your cash machines and gear factories to print money! 💵⚙️ 🚪 Upgrade your doors from flimsy wood to ETERNAL DIVINE GATES! 🛡️ 🔫 Unlock 6 legendary weapons — ending with the HORN OF COUNTERATTACK, powerful enough to slay even the final-form Demon! 😈💥 🔥 Build turrets, defend your base, and turn the tide! 😱 But beware... the Demons EVOLVE. The longer the match drags on, the stronger they grow — until they become unstoppable nightmares! 🌑 ⏳ Can the Humans outlast the hunt? Or will the Demons feast tonight? 🩸 👉 Grab your friends, pick a side, and find out who survives! 🎮"
9792551117,122093998639862,The Morgue Shift,Demetra Studios,Group,33970134,All,Survival,,2026-02-25T02:02:31.15Z,2026-10-06T23:49:48.8207698Z,30,,2026-10-06T23:48:08Z,"⚠️ WARNING: SENSITIVE CONTENT This experience contains flashing lights, loud noises, and unpredictable jumpscares that may not be suitable for players with photosensitive epilepsy or heart conditions. Welcome to Harapan Kasih Hospital. The sun has set, and you’re the only one left in the morgue. As a night shift attendant, your job is to tend to those who no longer have a voice. But in this room, silence is the loudest sound of all. Experience the Horror: ● 60+ Unique Encounters: Everybody has a story—and a specific set of needs. (More arriving in future updates!) ● 14 Normal & 4 Secret Endings: Your choices determine how the night ends. (More endings in future updates!) ● Solo or Co-op: Designed solo for the most immersive psychological experience. but supports up to 6 players for those too afraid to face the dark alone. The clock is ticking. Can you survive the shift? 🔨 Developed by: UltraDemetra123 #Morgue #Psychologicalhorror #Horror #Hospital"
9792947201,92416421522960,Slime RNG,Stouts Studio,Group,15794692,All,Simulation,Incremental Simulator,2026-02-25T04:41:48.19Z,2026-08-22T22:04:07.702Z,10,,2026-10-06T20:21:17Z,🎲Roll for Slimes! 🍀Get lucky! 🔓 Unlock new worlds! ✨ Roll for rare slimes ⬆️ Upgrade your slimes! ⚔️ Fight enemy slimes! 🌍 Unlock new worlds! 👥 Play with Friends for more luck! 👍 Like the game and join the group for +1 Luck! 🔔 Follow for updates and special codes!
9793308933,86368783421928,Fall For Brainrots! 🪂,The Falling Brainrots,Group,472426770,All,Simulation,Tycoon,2026-02-25T07:03:56.007Z,2026-10-04T15:57:22.512Z,5,,2026-10-06T20:21:17Z,🌀 Buy Portals to train your Fall Power! 🧱 Crush Barriers to reach the RAREST Brainrots! 💂 Collect Brainrots and ESCAPE the Guard 💸 Upgrade Brainrots and Earn MONEY 😴 Earn Money Offline! Like the Game and Join the Group for FREE 41! 👍
9796643263,77187847593796,Avatar Maker,Avatar Maker Club,Group,585759509,All,Shopping,Avatar Shopping,2026-02-25T18:07:48.79Z,2026-10-05T16:58:41.5806714Z,25,,2026-10-06T20:21:17Z,"Avatar Maker provides a premium Catalog Avatar Editing experience. Browse and try on thousands of Items and Community Outfits for free! 🛍️ Try on accessories, hairs, bundles, animation packs & more for FREE. 🌍 Browse, create & share community-made outfits. ✅ Items you buy in-game are added to your Roblox inventory & work in every game! Use '/cmds' to see a list of our in-game commands. If you don't have chat, you can view the commands menu by pressing the dots button on the top right. Private servers are free and support Building Tools with command '/btools'. 🔄 Regularly updated with new features & improvements!"
9796898051,101906032112547,Drill to Earth’s Core 🌎,Game Name.,Group,14469199,All,Adventure,Exploration,2026-02-25T19:18:57.353Z,2026-10-03T03:45:58.447Z,20,,2026-10-06T20:21:17Z,"Can you Drill to Earth's Core? Fight monsters, loot dungeons, and upgrade your vehicle. But as you descend, you may discover there's more to the depths than just rock and monsters..."
9803970239,126815230666914,Forsaken Combat,partyintheelivator13,User,1761645570,All,Action,Battlegrounds & Fighting,2026-02-27T02:50:46.03Z,2026-07-14T18:29:17.479Z,14,,2026-10-06T20:21:17Z,"In this game you can fight with your friends, and really just have fun. NOTE: Their are alot of bugs in this game at the moment so be aware. ENJOY!!! Credits: Forsaken Dev Team: Hytoko, Basil, KeyAfterKey, Dexune, Exedious, GameAreJust4Fun, TiredTunes EXTRA: Credits to Forsaken :SANDBOX for Doombringer NOTE TO FORSAKEN DEVS AND EVERYONE ELSE: if you would want any of your assets removed please tell me!! (some assets are currently being remade for legal reasons so bear with us for a moment)"
9807649116,102837194624695,[👮] Tactical: Swat Simulator,We Have Motives,Group,35118176,All,Simulation,,2026-02-27T17:20:27.727Z,2026-10-05T13:47:43.7614871Z,12,,2026-10-06T20:21:17Z,"🚨 SWAT Simulator Play as an elite SWAT officer in a realistic police simulator focused on high-risk operations and tactical missions. Respond to dangerous situations like bank robberies, prison riots, house raids, and port takeovers. Breach buildings, clear rooms, and take down suspects in a well-paced SWAT experience. 👮 How To Play: - Join the game and select your gear and weapons from the locker. - Walk up to a mission pad to start an operation. - Complete objectives, clear the area, and stop hostile suspects. ⭐ Expect new updates every week! 🎉 Join our group and like the game to unlock $350 + 100XP."
9812090239,85070260180613,Defend Your Base From Scary Worm,Evil Worm Simulator,Group,283403228,All,Strategy,Tower Defense,2026-02-28T12:31:57.427Z,2026-10-05T12:51:32.7497517Z,50,,2026-10-06T23:48:08Z,Defend your base and try to survive the SCARY WORM! 👹 - Tower Defence - Survival & Strategy - Co-op How To Play: 🏰 Claim a base! ⚔️ Build and and upgrade your units! 🏆 Defeat the Scary Worm to win! 👍 Like the game + join the group!
9815834699,133203197541113,[HALLOWEEN] MorphUp!,Unoosi Studios,Group,920228111,All,Survival,,2026-02-28T23:47:00.357Z,2026-10-06T21:04:57.6995647Z,30,,2026-10-06T23:48:08Z,Welcome to MorphUp! 🦆 Start as a Duck and evolve into powerful creatures! ⚔️ Battle players and earn XP to level up! 🧬 Each animal has unique attacks and abilities! 📖 Collect every morph to complete your Morphdex!
9826885587,134381727982611,Evomon[S3 TRADE],Evomon Devs,Group,665060893,All,Adventure,,2026-03-03T02:13:13.86Z,2026-09-30T05:52:11.734Z,12,,2026-10-06T20:21:17Z,"✨Catch. Battle. Explore. The adventure never ends. Step into a world of wild Evomons and hidden treasures. 💫 Chase Shiny & Sparkle Evomons up to 200+ 🐾 Catch 'em, train 'em, and take on the world ⚔️ Master skills and strategy to dominate every battle 🦄 Ride legendary Evomons wherever you go 👥 Team up with friends and conquer dungeons 📢 Join our community for updates and exclusive codes! 🎁Previous Codes: 2K-LIKES, THXFOR5K, 12klikes, 20000LIKES, 30K-LIKES, EVO60SPARK, EVO120HYPE, 240evoRISE 👍Next code at 400K likes! 🏷Tags: Open World, Pet Collection, Egg Hatching, Multiplayer, Role-playing, Adventure, PVE, Strategy, Turn-based"
9830725726,109694820409483,[W27] Obby But You're on a Kart,BLUEFLOWER STUDIOS,Group,207107101,All,Obby & Platformer,,2026-03-03T23:45:02.987Z,2026-10-04T13:24:58.839Z,10,,2026-10-06T20:21:17Z,"Obby But You're on a Kart! ❤️ 🏎️💨 Race, jump, drift, and speed your way through 100 challenging kart stages! 🏁 Test your skills, master tight turns, hit boosts, and see how far you can go. 🏆 Can you beat all 100 stages? Tags: Obby, Obby But, Obby But you're, Kart, Kart Obby, Obby but you're on a Kart"
9837325548,136533956395153,Car Flipper [+5 CARS],A&B Group,Group,11553831,All,Simulation,Vehicle Sim,2026-03-05T11:19:13.503Z,2026-10-02T10:49:41.471Z,14,,2026-10-06T23:48:08Z,"Ever wondered if you have what it takes to turn rusty wrecks into legendary cars, build a car empire from scratch and drive your dream vehicle? Welcome to CAR FLIPPER! Start with a broken-down vehicle and turn it into something incredible. Buy damaged cars, repair them and customize them. Will you keep them in your collection or sell them for a profit? The choice is yours! With 100+ unique vehicles and hundreds of customization options, every car can become a bestseller. Upgrade them, install performance parts and create cars that match your style. What awaits you? 🔧 Restore and Repair 🚘 Collect and Customize ⚙️ Upgrade Performance 🎨 Personalize Your Cars 🏙 Explore a Massive World 🏢 Expand Your Workshop 🏁 Race Your Friends Will you become a master mechanic, a successful car dealer or the owner of the ultimate car collection? Start your journey today and discover what awaits beyond the garage doors!"
9837612476,131346454575416,[💥] Mini War,M&M Community,Group,522637919,All,Simulation,Tycoon,2026-03-05T12:37:02.853Z,2026-10-06T20:34:42.5525371Z,6,,2026-10-06T20:21:17Z,"🪖 MINI WAR - Build your COUNTRY, grow your POWER, and command your ARMY to DOMINATE! UPDATE LOG (04.07.2026): • New SPECIAL INVASION WEATHER! • 5 New BUILDINGS! (through research!) • ADVANCED army and builder CONTROLS! (through research!) • Auto Buy OPTION! • Much, much more - discover it YOURSELF! ⭐ HOW TO PLAY: • Build your city and grow your ECONOMY 🏠 • Upgrade into advanced factories and INDUSTRY🏭 • Train SOLDIERS and expand your ARMY 🪖 • Unlock stronger units like TANKS, PLANES, HELICOPTERS 🚜 • ATTACK and CAPTURE other players’ lands 🌍 💡 PLAY YOUR WAY: • Focus on building a RICH and POWERFUL city. • Create a massive MILITARY empire. • Or balance both and become unstoppable. Start small, grow big, and take over the world! 👍 If you enjoy the game, leave a thumbs up! 🐞 Found a bug? Please report it on the Roblox Community! Beta - expect bugs."
9843234816,97042065873644,[EARLY HALLOWEEN] Appleton's Grabpack System,Appleton's Community :D,Group,476428240,All,Puzzle,,2026-03-06T18:24:01.47Z,2026-10-06T14:54:09.6337299Z,9,,2026-10-06T23:48:08Z,Welcome to Appleton's Grabpack system PC Controls * Left Mouse Button — Shoot the left hand * Right Mouse Button — Shoot the right hand *Z unlock/relock mouse cursor * F — Toggle Flashlight (if equipped) * Q or 1–6 — Switch hands * G — Drop the item you’re holding * Left Shift (Hold) — Sprint Inspired by Poppy Playtime by MOB Entertainment! Some assets are sourced from Sketchfab. Inspired by “A Grabpack Test” on Roblox.
9851352969,70911358699250,🗽 RODOGRAU 2.0,O Recomeço RDG,Group,34993103,All,Simulation,Vehicle Sim,2026-03-08T02:06:24.873Z,2026-10-02T20:36:25.005Z,18,,2026-10-06T23:48:08Z,"🔥 Rodograu SP é um simulador de moto no Roblox inspirado na cultura brasileira de grau. No jogo você pode empinar motos, fazer manobras e explorar uma grande cidade de mundo aberto enquanto pilota diferentes motocicletas. Wheelie Se você gosta de grau de moto, empinar moto, simulador de moto e jogos de moto, aqui é o lugar perfeito para treinar suas habilidades e se divertir nas ruas da cidade. 🏍️ Pratique manobras de grau, explore o mapa e mostre seu estilo pilotando diversas motos. 🎭 Personalização de Personagem Customize seu personagem usando skins de outros jogadores. Comando: /char (nick do jogador) — usar a skin de outro jogador 🪖 Capacetes Escolha entre vários capacetes para deixar seu personagem com visual de piloto. Comandos: /cap1 até /cap23 /rh — remover capacete 🎮 CONTROLES Empinar (Grau) — T (a moto precisa estar em movimento) 🚀 Treine suas manobras, empine motos e domine as ruas no Rodograu!"
9855761734,136020512003847,[GANGS] San Diego Roleplay,San Diego Community,Group,177149320,All,Roleplay & Avatar Sim,Life,2026-03-08T18:59:20.013Z,2026-10-06T22:15:39.6696197Z,50,,2026-10-06T20:21:17Z,"🌴 Welcome to San Diego, California 🚔 🛠️ Live development - biweekly updates, your voice shapes the game Roleplay game - respect the rules & respect other players or face moderation How to Play: 🚙 Spawn your vehicle 🛂 Approach the city checkpoint 👮 Get approved or inspected by checkpoint authorities 💼 Sign up as an agent and run the line yourself 🚨 Or pack something you shouldn't and hope they don't look too close... 🎖️ Every team plays different - unique vehicles, uniforms, loadouts, and gear If you use exploits/cheats to auto farm or cheat in any other way we WILL find you and you WILL be banned. You have been warned!"
9865931248,124369430681784,Word Hunt🔍,Puzzle Empire.,Group,34241464,All,Puzzle,Word,2026-03-11T06:01:51.3Z,2026-09-29T10:04:22.333Z,12,,2026-10-06T20:21:17Z,"🧩🔍 Welcome to Word Hunt where you search for hidden words! Find words hidden in the grid by swiping across letters. Relax, focus, and challenge your brain as each level gets trickier. Can you spot them all? 🧠 🌿 Relaxing Word Search Adventure 👍 If you enjoy the game, please consider giving a thumbs up! Inspired by classic word search games"
9872734936,70435795041539,[UPD] Junk Mechanics,Oil Leak,Group,461748520,All,Simulation,Vehicle Sim,2026-03-12T22:13:41.453Z,2026-10-06T18:45:22.5436329Z,12,,2026-10-06T20:21:17Z,"WEEKLY UPDATES Buy junk cars. Fix them up. Flip them for profit. 🚗 Buy a car 🔧 Repair it 💰 Sell it 🏆 Collect them all Explore the junkyard for damaged vehicles, repair what’s broken, repaint them, and sell them for cash. Use your earnings to find rarer cars, unlock new vehicles in your collection, and work your way up to the best flips in the yard. 💻 Supports Desktop, Mobile and Console players"
9877481048,115618367729321,[SCYLLA + DUELS] TITAN BASH! (TESTING),chuds that makes games,Group,444986644,All,Action,Open World Action,2026-03-13T23:00:52.061Z,2026-10-05T02:53:21.444Z,15,,2026-10-06T20:21:17Z,"Bash your way into a new but reminiscent experience of the Kaiju fighting genre with our game, Titan Bash! -- 🔥 OPEN TESTING 🔥 This is not the final game, your feedback helps shape its future. 👍 Like the game to stay updated on new kaiju, abilities, and features. 💬 Join our community server (linked below) to share feedback, suggestions, and more! This is an unofficial fangame and is not affiliated with Toho or Legendary in any way."
9880286438,111097829542198,[Wild Hunt Upd!] Legacy Piece,Gwynn's Shrine,Group,35938653,All,RPG,Action RPG,2026-03-14T10:13:03.339Z,2026-10-06T19:25:33.87432Z,12,,2026-10-06T20:21:17Z,"⭐ Join our community server to stay up to date with news, updates, and exclusive reward codes! ⚓ Legacy Piece Max Level: 12000 Embark on an action-packed adventure filled with intense combat, rewarding progression, and endless challenges. Train your character, master powerful abilities, defeat fearsome bandits, and rise through the ranks on your journey to max level. 💻 PC Support 📱 Mobile Support 🎮 Console Support 🔔 Join our community server for new Codes and Updates 🔧 Server shutdowns may occur for updates, improvements, or bug fixes to ensure the best experience."
9885372266,82797688803922,Unseen Liminality,The Unseen Zone,Group,927599664,All,Adventure,Exploration,2026-03-15T03:45:50.283Z,2026-09-30T16:54:44.952Z,15,,2026-10-06T20:21:17Z,"This is an Exploration Game. Explore and venture what is remembered in the endless hallways of this liminal setting and discover what lies behind the walls and possibly what lurks in the shadows. ""The more times it remembers something, the less it does."" 🚧 New content biweekly. Play on max graphics for the best experience. Controls: Q - settings C - Crouch Left Shift - Sprint V - Zoom CTRL - Mouse lock Inspired by: Popular Liminal Images Beyond Liminal Backrooms by Kane Pixels Oldest View by Kane Pixels Special Thanks to @angiealic for mall assets tags(ignore): backrooms, liminal, horror, uncanny, poolrooms, hotel, entity, creature, kane pixels, level 0, exploration, adventure, and survival"
9891331827,93934100402512,Clover Time [BETA RELEASE],AnimeCore Studio,Group,175661976,All,RPG,Action RPG,2026-03-16T02:01:25.047Z,2026-10-06T19:39:35.1141177Z,18,,2026-10-06T20:21:17Z,"🍀 Clover Time | Black Clover Anime RPG 🍀 This game has been in development for just 3 months and is constantly changing and improving! We're a small team of developers working hard to bring you frequent updates, new content, and Enter the Clover Kingdom! Roll for legendary Grimoires, master spells, fly on Magic Brooms, and become the strongest mage in this Black Clover-inspired Anime RPG. Awaken Anti-Magic, command Battle Lightning, or burn foes with Flame. Fight bosses, team up in Magic Squads, and earn rewards even AFK! ⚔️ FEATURES: 📖 Roll & Master Grimoires (Anti-Magic, Lightning, Flame & more!) 💥 Action Combat, Spell Combos & Awakenings 🧹 Magic Broom Flight & World Exploration 👥 Magic Squads: Team up to defeat Bosses 💤 AFK World: Earn rewards while resting 🌐 JOIN THE COMMUNITY: ✨ Join our Roblox Group & Community Server for rewards, codes & update sneak peeks! 👍 Like & Favorite ⭐ to support the game! 📱 Mobile | 💻 PC | 🎮 Console"
9892207761,112857282410969,SEWER SCREAMS,Kumis Studios,Group,776278020,All,Survival,Escape,2026-03-16T07:17:31.875Z,2026-07-21T08:18:44.274Z,24,,2026-10-06T23:48:08Z,"Flee the entity through the endless liminal sewers. Retrieve the lost. EVERY 10 LEVELS, CHOOSE TO ASCEND OR GO DEEPER Gain RESPECT. 🛠️ GAME IN ACTIVE DEVELOPMENT 🎧 Headphone and sound on recommended 📷 Max graphics recommended ⚠️ The game contains flashing lights and loud noises DEVELOPMENT STATUS — JULY 2026 SewerScreams is an early public prototype. A major run update is currently in development. Follow the experience and join the Community for official announcements."
9898409899,124853293317687,[HELICOPTERS] 🏔️K2 CLIMBING SIMULATOR,14PEAKS STUDIOS,Group,157878925,All,Adventure,Exploration,2026-03-17T17:43:27.547Z,2026-10-04T10:18:38.027Z,25,,2026-10-06T20:21:17Z,"🏔️ Can you conquer the ""Savage Mountain"", the second highest mountain in the world after Everest, with your friends, or do you dare to do it solo? ❄️ The air is thin, the weather is unforgiving and the mountain does not care for your survival. Do you have the grit to reach the summit? ⛰️ Experience the true, terrifying immensity of K2. The terrain is meticulously modeled to true scale, every step, every camp, and every ridge will test your endurance. 👍 Give the game a like and join to the group if you want to see more and stay updated! 🕹️ CONTROLS: ""FOR OPTIMUM CLIMBING EXPERIENCE, USE CLIMBING CAMERA ( PRESS CTRL ) OR FIRST PERSON CAMERA."" F - Interaction G - Get Up Left CTRL - Shift Lock Camera (Third Person Camera) CapsLock - Shift Lock Shoulder Switch Shift - Run C - Wipe Screen Click on player for Player info and rope attach request 🎮 CONSOLE CONTROLS R2 - CLIMBING L3 - SPRINT X - JUMP Y - Wipe Screen Please keep in mind that the game is still in BETA."
9900286623,104812936457083,[☀️]Hold the Door: Zombie Defense,Zomvex,Group,290034135,All,Strategy,Tower Defense,2026-03-18T03:55:36.02Z,2026-09-15T08:42:42.001Z,25,,2026-10-06T23:48:08Z,"⚔️ Unlock powerful towers! 👹 Fight off endless zombie waves! 👑 Survive, upgrade, and defeat powerful bosses! 👥 Team up with your friends! 🏆 Explore new maps and challenges! 🛡️ It’s tough alone — team up with other players to survive!"
9903482381,78028206594931,🕺 Catalog Emote Tester,VA Company,Group,35137873,All,Social,,2026-03-18T21:16:40.993Z,2026-10-06T22:49:28.9115157Z,42,,2026-10-06T23:48:08Z,"✨ Catalog Emote Tester lets you try out a huge variety of emotes and animations for free! Discover different animation styles, test emotes in real time, and find the perfect ones for your avatar. 🕺 👆 Tap on players to sync with them! ✅ Any items or animations you purchase in-game will automatically be added to your Roblox inventory and can be used across all experiences. NOTE👇 All in-game music is sourced from the official Roblox music catalog; we have no control over its content. Game is inspired of: Catalog Avatar Creator"
9906154135,103285721487694,💥 Extreme Gear Troll Tower,Sleepy Towers Games,Group,825879459,All,Obby & Platformer,Tower Obby,2026-03-19T12:59:11.158Z,2026-09-24T12:08:14.661Z,25,,2026-10-06T23:48:08Z,👋 Welcome to Extreme Gear Troll Tower! 🔍 Find the gears inside the tower! 💰 Earn coins to buy awesome new gears! 💥 🏆 Can you reach the end without getting trolled? 😈 Or will you be the troll and stop other players from reaching the end? 👍 Don't forget to Like and Favorite the game! ⭐ Inspired by Gear Tower and Other Games.
9906378607,80158232099900,[🐟UPDATE] Hole Fishing,67K CCU,Group,612510500,All,Simulation,Incremental Simulator,2026-03-19T14:01:23.719Z,2026-10-04T16:11:09.445Z,6,,2026-10-06T23:48:08Z,"🕳️ HOLE FISHING 🎣 Drop your line in the hole and catch fish. Sell them, then upgrade. 🕳️ Bigger hole → bigger fish 🎣 Better rods → rarer catches 🧬 Mutations → can you find them all? How big can your hole get? 👍 Like + Favorite"
9908641400,82866880824588,Football Fusion 3,XSTNS GAMES,Group,5121874,All,Sports & Racing,Sports,2026-03-20T02:31:12.358Z,2026-10-01T19:47:04.249Z,14,,2026-10-06T20:21:17Z,"🏈 Jump right into realistic football with deep mechanics and teamwork! 🎮 Private server owners get admin with full permissions ✅ RULES: No cheating, stat boosting, or trolling LEGAL: This is a generic copyright-free experience that bares no intentional resemblance to any other league or trademark. If you want those then play the other game."
9910245722,117533937949084,Iron Soul: Dungeon,Iron Soul,Group,559846885,All,RPG,Action RPG,2026-03-20T11:01:02.856Z,2026-10-06T06:08:17.8987671Z,16,,2026-10-06T20:21:17Z,"Dragons and men fought side by side. Then the world broke - scattered into floating isles, swarmed by dark creatures born from an ancient seal. ⚔️ Dynamic combat - Face creatures crawling from the depths; each defeat drops rare materials. 🔥 Skill Tree - Unlock and upgrade your own path. Choose abilities that fit your playstyle - become a relentless attacker, a forge master, or a survivor built to last. ⚒️ Crafting loop - Gather, forge, upgrade. Every new weapon changes how you fight. The world is broken. Build your legend - one skill, one strike, one blade at a time. Cheating/Exploiting will result in PERMANENT BAN."
9912025777,102054284786904,Secure the Airport,Bro Brought WHAT??,Group,10460355,All,Simulation,,2026-03-20T18:36:38.966Z,2026-07-11T03:50:25.314Z,14,,2026-10-06T23:48:08Z,"Scan passengers. Stop threats. Defend the airport. 🚨 🔍 Scan passengers with advanced security equipment 🧳 Search luggage for prohibited items 📋 Verify passports and boarding passes 💰 Earn cash and upgrade your gear 🏢 Unlock new airport terminals [SOON] ⚠️ Stop criminals and dangerous travelers! 🔥 The more passengers you process, the more dangerous the airport becomes. 👹 Face powerful boss that attempt to breach airport security ⚔️ Defeat the final threat and save the airport 🏆 Unlock exclusive rewards and achievements 📱 Playable on Desktop, Mobile, Tablet & Console ✈️ Can you become the ultimate Airport Security Chief?"
9931749389,77649408247578,🎃HALLOWEEN 🎃 Dungeon Quest Reborn,Delta Quarters OG,Group,496909722,All,RPG,Action RPG,2026-03-24T01:02:12.282Z,2026-10-06T20:01:05.475259Z,40,,2026-10-06T20:21:17Z,"Dungeon Quest Reborn brings back the original experience with quality-of-life improvements and bug fixes, plus new updates and new content to jump into. Run the classic dungeons solo or with friends, take down bosses, and collect weapons, armor, and abilities as you work your way up. Whether you're back for the nostalgia or starting fresh, there's always another piece of gear to chase. Dungeon Quest Reborn is officially licensed by Voldex."
9933939850,120704669141193,[V13] Blox Loot,Be Diao Studio,Group,1012721926,All,RPG,Action RPG,2026-03-24T12:54:28.083Z,2026-08-15T10:01:49.393Z,12,,2026-10-06T23:48:08Z,"Update V13 - New area: Swamp - New equipment: Black Swamp set,Blood Erosion set,Magician set - New Monster: Frog,Crocodile,Swamp Skeleton,Witch,Illusionist How to play: 🧟 Beat monsters and get loot ⚔️ Equip powerful weapon and armor ⭐ Level up and assign stat points"
9940812243,104693964860826,[JJK+S2] Anime RNG Defense,Mera.,Group,33724194,All,Strategy,Tower Defense,2026-03-26T01:57:38.197Z,2026-10-06T00:31:59.7444358Z,4,,2026-10-06T20:21:17Z,"Welcome to Anime RNG Defense! 🎲⚔️ Luck opens the path… strategy wins the battle. 🎁 Use code : UPDATEKAISEN 🎲 Roll to unlock anime-style units 🌍 Enter different maps and clear enemy waves ⚔️ Place your units and protect your base ⏫ Upgrade your team to make them stronger in battle 🍀 Boost your luck for a chance at rarer units 🔥 Create your best lineup and defeat every map! Every roll can change your defense. Can you build the strongest anime team? Join the group for rewards, updates, and more codes. 🎮 Available on Desktop, Mobile, Tablet, and Console."
9942734820,108227239615000,[DATA FIX🛠] Baseplate Drifting,Burnout Labs,Group,35810886,All,Simulation,Vehicle Sim,2026-03-26T12:00:02.941Z,2026-10-03T12:47:49.115Z,7,,2026-10-06T23:48:08Z,"Welcome to Baseplate Drift 🚗 Drift, race, and build your ultimate car in an open drifting world! Master smooth drifting mechanics, earn cash, and unlock new maps as you improve your skills behind the wheel. Whether you're sliding around corners or competing in races, there's always something to do. 💨 Features: Realistic & satisfying drifting 🏁 Race against other players 🌍 Unlock new maps to explore 🔧 Customise your vehicles 💰 Earn cash by drifting and driving 🚘 Progress through better cars TAGS: drifting, cars, racing, driving, drift, car game, open world, free roam, multiplayer, customization, upgrades, unlocks, maps, progression, money, speed, simulator, skills, fun, chill, competitive, realistic, vehicle, driving simulator"
9943273705,86278918117445,Red Eyes Runner Server,Ulgrin_SGT,User,3318055588,All,Entertainment,,2026-03-26T14:15:00.177Z,2026-10-05T15:25:55.5441017Z,75,,2026-10-06T20:21:17Z,"This is different PVP. Don't use hacks. This is the fifth edition of the red-eyed runner server. It's just an attack animation against others, not against the emperor. Attack like a zombie We deleted all the elements of G&B and started creating our own animations, although they were quite stiff. If this game makes you uncomfortable, please exit immediately."
9948575164,120841752776030,[🎃] Merge Shop,mPhase,Group,10587104,All,Puzzle,Match & Merge,2026-03-27T17:34:21.368Z,2026-10-03T15:56:54.368Z,6,,2026-10-06T20:21:17Z,"Merge food, serve customers, and build your shop! Characters & music by ValkinLikesChez. This game is still in development. Remember to leave a like if you enjoyed!"
9950184599,139439863257440,"🍂 (FALL UPDATE + DRIFT XP) Young Street, Ontario","Young Street, Ontario",Group,17376821,All,Simulation,Vehicle Sim,2026-03-28T01:56:33.778Z,2026-10-06T20:03:15.0196819Z,30,,2026-10-06T20:21:17Z,"✨ Next code at 100000 Likes! (New codes will be added next update) ✨ Current Active Codes: ""70KLIKES"" & ""80KLIKES"" 🌍 Welcome to Young Street, Ontario, also known as YSO! Inspired by the real Yonge Street in Ontario, Canada, YSO is a detailed driving and role-playing game where you can explore the map, drive and customize vehicles, work different jobs, drift, race and much more! ⭐ Join our Community Group!: https://www.roblox.com/communities/17376821/Young-Street-Ontario ⚙️ If you're on PC, press F while in the vehicle to start it. Use E and Q to switch between Drive, Neutral, and Reverse. ⚠️ This game is still in early development and is not complete; some features are missing. Stay tuned for more updates soon! ⚠️ Having trouble? Join our community server and send us the details. We'll do our best to help."
9950410865,111442376436641,Fast Fredbear [DESTRUCTIVE],jamy prods,Group,206656676,All,Survival,,2026-03-28T02:50:16.149Z,2026-10-04T21:03:10.769Z,15,,2026-10-06T23:48:08Z,"Welcome to Survive Fast Fredbear [DESTRUCTIVE]!!! NOTHING will save you. Fredbear is EXTREMELY fast, and everything around you can break. Walls collapse, floors give out, and your hiding spots won’t last. Breaking system inspired by many games. Can you keep moving when the world is falling apart? Features: ⚡ Very fast Fredbear!!!! 💥 Destruction everywhere 🧠 Game of the century 👥 Play in private or public servers How to Play: Stay on the move Don’t rely on one spot. it might not last. Avoid Fredbear.... Credits: Solo project by me! Special thankss,,,, to YOU!! for playing :) it really means alot i hope you like my silly game. Tags: fredbear, destruction, physics, survival, fast ai, breaking, chaos, chase, multiplayer, evade, run, fnaf, freddy, jjs, destruction"
9952820791,93696617476691,[🧪] Clone Incremental,Hazel Studios.,Group,16615541,All,Simulation,Incremental Simulator,2026-03-28T13:30:10.018Z,2026-10-05T18:56:38.3546752Z,8,,2026-10-06T23:48:08Z,Clone. Grow. Ascend. 🧬 🧬 Build your Clone Army 💰 Grow your income 🏃 Take on Obbies ⚡ Unlock powerful Abilities 🎮 Win & upgrade Minigames 🔄 Rebirth and push your progress further 🌌 Keep Ascending and expand your bunker 💰 You keep earning while you're offline! 👥 Play with friends and get a 4% income boost for each friend! 🚩 Join the group for a 10% income boost ❓How far can you take your Clone Army? 👍 Like the game for more updates!
9957338123,76153324611685,[PRO] Kart Of Hell,TELEVISION TECH,Group,97875163,All,Obby & Platformer,,2026-03-29T07:48:14.111Z,2026-10-04T17:54:13.6Z,10,,2026-10-06T20:21:17Z,"Kart Of Hell! 🔥 🏎️💨 Race, jump, drift, and speed your way through 30 challenging randomly-generated kart stages! 🏁 Test your skills, master tight turns, hit boosts, and see how far you can go. 🏆 Can you beat all stages before the others? Tags: Obby, Obby But, Obby But you're, Kart, Kart Obby, Obby but you're on a Kart, Kart of hell"
9963622286,99255447043899,[WORLD 4] Become a Brainrot,10$ Bacon Egg and Cheese,Group,1085562800,All,Simulation,Tycoon,2026-03-30T12:22:54.532Z,2026-10-05T09:57:16.374Z,5,,2026-10-06T23:48:08Z,🍬🍫 CANDY & CHOCOLATE KEYBOARD EVENTS STARTS EVERY 1 HOUR AND LASTS FOR 15M Welcome to Become a Brainrot! In this game you get to Be your Favorite Brainrots! ✨ 🏰 Go further each time you run 💤 Wait for Guards to Fall Asleep 🏃 Steal Their Brainrot and Run Back! 💸 Place Brainrots to Earn Cash! ✨Upgrade your Rarity for Better Luck! 😴 YOUR BRAINROTS EARN CASH OFFLINE! 🔥JOIN THE GROUP FOR FREE EPIC BRAINROT!!!
9965411707,76911729991355,[UPD 4🌊] Noob Incremental,Ghoulax Games,Group,356937272,All,Simulation,Incremental Simulator,2026-03-30T20:41:02.42Z,2026-10-03T19:54:05.5Z,6,,2026-10-06T20:21:17Z,"Welcome to Noob Incremental! A massive Incremental game with hundreds of Upgrades, dozens of Stats, multiple Prestige layers, and many Features to explore! ✨ How to play: 🤓 Buy Noobs and make Oof! ⚡ Buy Upgrades and be Stronger! 🍀 Roll Runes and Level them up! 🔥 Prestige and unlock new content! 🏆 Reach the top and become the ultimate Noob! 💎 Roblox Plus players get +10% Oof and +10% Prism! 💖 Join the Group and Like the game for +10% Rune Speed! 🎉 Join the Community Server for +10% Rune Luck! 👥 Credits @GhoulaxDev - Owner & Programmer @Tehleat - Builder @0hxsn - UI Designer @Zyfley & @komconnor - Balancer @lucky_666 - Programmer @0wknh - Some VFX @PurpleDevMusic - Few Musics"
9970645639,77843161404023,Run a Restaurant!,Burnt Toast Labs!,Group,75550158,All,Simulation,Tycoon,2026-04-01T01:51:36.678Z,2026-10-03T16:55:26.951Z,6,,2026-10-06T20:21:17Z,Welcome to Run a Restaurant! 🍔 Cook recipes and serve customers! 🪑 Build and decorate your restaurant! 🐮 Raise animals and farm crops! 🧑‍🍳 Hire staff to do the work for you! 💵 Your restaurant makes money offline! 💵 Thanks for playing! 🩵
9978329815,74188431054457,Mukbang Game [Testing]🥞🧇!,sorynn22,User,10095844386,All,,,2026-04-02T17:40:56.404Z,2026-10-04T04:45:21.473Z,25,,2026-10-06T20:21:17Z,Have a yummers experience at Mukbang Corner! Where you are able to record your mukbangs and ASMR in Roblox! Features: - Gluttony - Camera controllers - ASMR - Chair adjustments - Collab mukbang - Cats 😺😺 - Apartments - Many seating areas to blog! - And many more upcoming ideas that'll come in my mind :) This game is the perfect place if you can't eat the food you dream of which is why Mukbang Corner is here to make your cravings 100x more worse! (or better...) Expect bugs in this game as this game is under Testing or Beta Thank you very munchers :) 💛💛
9996384072,86567369638509,Reel for Kpop Idols,tipex2053,User,7363710660,All,Simulation,Tycoon,2026-04-05T20:41:14.464Z,2026-10-06T23:54:35.3257027Z,8,,2026-10-06T20:21:17Z,"Cast your line and discover a whole new kind of fishing! Instead of fish, you’ll reel in exclusive K-Pop idol cards from your favorite groups. Build your collection, trade with other players, and showcase your rarest idols!"
9998576154,84332574190497,+1 Wings for Brainrots,Garage Inc.,Group,35932459,All,Simulation,Tycoon,2026-04-06T10:16:49.114Z,2026-09-30T14:18:38.326Z,5,,2026-10-06T23:48:08Z,"Welcome to +1 Wings for Brainrots 🦅 Fly higher, go farther, and collect as many Brainrots as you can! Use your growing flight speed to reach insane heights and discover new areas! 🌌 How to play: 🕊️ Fly your way across each area 🧠 Collect Brainrots to earn Cash ⚡ Gain +1 Flight speed every time you progress 💵 Upgrade your Brainrots to boost your income 🏗️ Expand your base to unlock more storage slots 💤 Your Brainrots generate Cash even while OFFLINE! Rebirth to multiply your cash! ♻️ 👍 Like the game and join the group for FREE Brainrot!"
10004244222,89469502395769,[🍂] Kick a Lucky Block,No More Flops,Group,1041977165,All,Simulation,Tycoon,2026-04-07T17:46:03.203Z,2026-10-06T11:26:39.5143676Z,5,,2026-10-06T20:21:17Z,"Kick a Lucky Block! 😎 🍀 Kick the lucky block & Roll a brainrot 🌊 Survive the tsunami that you've triggered! 👷 Place the collected brainrot on your plot to earn money! 💪 Buy weights and train your legs to kick further! 🤩 Thank you for playing! Like and favorite if you enjoy the game ! Do not use exploits, our anti-exploit system will detect you and ban you."
10004760418,110334393584385,Roller for Brainrots!,i think i like it,Group,615392525,All,Simulation,Tycoon,2026-04-07T21:05:27.288Z,2026-08-19T09:54:34.223Z,4,,2026-10-06T23:48:08Z,Welcome to Roller for Brainrots! 🎢 Roll through the map and collect powerful Brainrots! 🧠✨ Don’t fall off the track! 😱 Bring Brainrots back to your Base to earn Cash! 💵 Upgrade your speed and roller to go even further! ⚡ Can you find the rarest Brainrots? 👀🌈
10010371086,73684979946677,🌌Invincible Edit Test,Tuff Edits,Group,89229136,All,Entertainment,,2026-04-09T07:57:37.926Z,2026-10-06T20:49:52.4675007Z,20,,2026-10-06T20:21:17Z,"watch a tuff invincible edit of you or your friends fly around, destroy the map, maybe even go to space! Join the group for updates and future rewards: https://www.roblox.com/groups/89229136 if you found a bug, you can join our group or community server and report it. Inspired by Invincible Inspired by the game Trending Meme Animations We are not the creators of the music in this game. Every song and sound is made by its respective artist, original titles and all credits for each song are listed in the game."
10013279162,119168493101362,Draw It Better! 🎨,EX10,Group,416436258,All,Party & Casual,Coloring & Drawing,2026-04-10T01:21:50.935Z,2026-10-06T23:15:24.951813Z,24,,2026-10-06T20:21:17Z,Both players will be given a prompt and they have to 'Draw It Better! 🎨' Free Draw [16+]: https://www.roblox.com/games/106924967511964/Draw-It-Better 🤖 AI judges each drawing based on accuracy (%) 🏆 The higher score wins the round! Earn money from matches to unlock cosmetics and more! ⚠️ Inappropriate artwork is not tolerated and may result in a permanent ban. Controls 🕹️ 1–7 = Assigned drawing tools ⬅️ Undo: Ctrl + Z ➡️ Redo: Ctrl + Y Can you outdraw your opponent and create the better drawing before time runs out? ❤️ Enjoying Draw It Better!? Leave a 👍 and ⭐ to support future updates!
10030829154,139617346573330,Climb Waterslide and Slide,Waterslide and slide game,Group,522804844,All,Simulation,Incremental Simulator,2026-04-13T06:11:08.718Z,2026-10-01T16:56:29.359Z,15,,2026-10-06T23:48:08Z,Welcome to the Climb waterslide and slide🌊 WORLD 6 IS HERE Your friends will earn money when you are offline Weekly updates! Climbing famous landmarks around the world Climbing the world's tallest waterslide Experience the thrilling water slides Collect coins along the way ```🔒 Unlock new rafts and equipment``` 🐾 Obtain the rarest pet! 🎁 Join our group to receive exclusive rewards 🎁 Code: CCU MONEY
10031505426,93091759101123,FPS🔥AirDrop Arena [S5]🔥,Havoc Warfare,Group,903893089,All,Shooter,Deathmatch Shooter,2026-04-13T10:32:02.898Z,2026-10-04T10:13:10.33Z,8,,2026-10-06T20:21:17Z,"🔥 FPS Shooter |AirDrop Arena 👍 NEW CODE AT 200K LIKES! ✈Skydive into the map, land anywhere you want! 🔫You can get any weapon for free！ 🤺ash with rivals, wipe out every enemy in your way! 🎁Air Drops spawn INSANE legendary weapons & god-tier armor! 🎮Available on PC, phones, tablets, PS5 and XBOX! ⭐ FAVORITE & FOLLOW to get notified about new weapon drops! 🔍 Tags: FPS, Shooter, Gunsmith, Customization, Modding, 20v20, Realistic, Milsim, Weapon Builder, Combat, War. 🚫Cheating will result in a permanent ban. There are no second chances!"
10031562156,109423220190564,[UPDATE] Backrooms Company,Devs 4 U Productions,Group,33064017,All,Survival,,2026-04-13T10:51:56.792Z,2026-10-06T12:08:18.7160332Z,50,,2026-10-06T20:21:17Z,"[EARLY ALPHA] Enter the lower layers, recover samples, gather evidence, and make it back to HQ before things go wrong. Every run is different, and every item you bring back matters. The game is still very early, so expect bugs, missing features, and rough edges. The game will be updated a lot over time with new content, new entities, new levels, better systems, more items, balancing changes, and general improvements. If you enjoy extraction games, co-op horror, or the Backrooms, give it a try and help shape the game while it grows. Inspired by The Backrooms from Kane Pixels and Lethal Company Play the game, leave feedback, and report bugs. More updates soon. [Inspired by The Backrooms adaptation of Kane Pixels and Lethal Company]"
10035204815,124216119978534,[⚡] Ride A Pet,this game is gud,Group,434582823,All,Simulation,Tycoon,2026-04-14T08:54:49.767Z,2026-10-06T02:39:43.9113772Z,6,,2026-10-06T20:21:17Z,"🐶 Ride A Pet! How to Play: 🥚 Find Eggs Around The Map 🐎 Hatch Rarer & Faster Pets to Find Rarer Eggs ⚡ Mutate your Pets to go even faster 🎮 Supports Desktop, Console, Mobile, and Tablet players"
10039889230,99925503388128,[UPD] Fishing Master,Fishing Master Community,Group,67033518,All,Simulation,Incremental Simulator,2026-04-15T15:10:09.991Z,2026-10-06T20:02:07.6464413Z,20,,2026-10-06T20:21:17Z,"✨ NEW UPDATE: - UNITS, your fishing companions. - DAILY QUEST, a lot of quest rewards waiting for you. - SKILL STOCK, global exclusive skills that can be purchased by gem! 🎣 Welcome to Fishing Master ! Embark on an epic fishing adventure inspired by “Câu Cá Vạn Cân”, also known as “Fishing for Ten Thousand Pounds.” ⚔️ Learn powerful fishing techniques and legendary skills. 🐟 Challenge gigantic fish weighing “Thousands Of Kilograms”. 🔥 Upgrade your strength, master new abilities, and become the ultimate Fishing Master! 🎁 Join the group to instantly receive an exclusive Fishing Rod Skin! Are you ready to catch the biggest fish and become a true Fishing Master? 🌊🎣 FAQ: - Weather spawns in the map every 30 mins / despawn after 10 mins. - You need to unattach the skill book on old rod to attach it on new rod. - More info in Discord servers. ⚠️ DO NOT EXPLOIT ! Once we have evidence that you exploited, we will not appeal the ban."
10047813675,135678396831347,Build Playground!,Elevon Studios,Group,36007717,All,Simulation,Sandbox,2026-04-17T18:47:58.991Z,2026-09-11T20:04:02.933Z,20,,2026-10-06T23:48:08Z,"Welcome to Build Playground 🛠️ Build freely and bring your ideas to life. 💾 Your builds save in free private servers 🧱 Use tons of unique blocks to create anything 👥 Play with friends and build together 😎 Chill, experiment, and have fun Like the game and join the group for FREE LUCKY BLOCK! 👍"
10057343903,83569851223739,+1 Speed Evolve 🦊,Mauv +1,Group,860201727,All,Simulation,Incremental Simulator,2026-04-19T14:25:59.188Z,2026-10-02T16:18:29.013Z,22,,2026-10-06T20:21:17Z,🦊 Welcome to +1 Speed Evolve 🏃‍♂️‍➡️ Gain +1 speed every step 🐿️ Evolve into faster animals 🐔 Each evolution gives better and more powerful multipliers 🌍 Discover new areas as you progress 🌈 Unlock trails for even extra op multipliers 👍 Like the game and join the group for 10% speed boost 🔔Turn on notifications for future updates
10057403337,84556640895285,[🔥 BERSERKER] Deagle Arena,Deagle Arena,Group,892039974,All,Shooter,Deathmatch Shooter,2026-04-19T14:40:37.58Z,2026-10-06T17:39:48.2679824Z,8,,2026-10-06T20:21:17Z,"Hop into a fast-paced Deagle-only shooter, master movement, and climb the ranks. ⚔️ FFA Deathmatch 📈 Competitive Ranking ⭐ Level up and earn rewards 🔥 Unlock and collect rare skins 🏆 Climb the leaderboards 🖥️ PC Controls: Shoot — M1 Aim — M2 Slide — C / Ctrl 🎮 Controller: Shoot — R2 Aim — L2 Slide — B / ○ 📱 Mobile Controls: on-screen buttons Hold the Shoot button to aim, release to shoot 👍 Leave a like for more Updates! 🐛 Found a bug? Report it in the group or Community Server for rewards!"
10059548251,72248722616845,Samurai DUELS,Seriously Samurai,Group,179000945,All,Action,Battlegrounds & Fighting,2026-04-20T02:00:10.124Z,2026-10-06T23:16:07.1795112Z,50,,2026-10-06T23:48:08Z,"Samurai DUELS Face off against other players, charge up your swing, and outclass your opponent to win the round"
10060242820,129253568870286,Bonk & Block [5v5],AAAAAlpha333333,Group,337535345,All,Shooter,Deathmatch Shooter,2026-04-20T07:05:32.225Z,2026-09-30T11:14:01.096Z,38,,2026-10-06T23:48:08Z,"Welcome to Bonk & Block, the most innovative platform shooter on Roblox. Use explosives to destroy enemy cover and firearms to defeat your opponents. The game is currently in beta, so please feel free to report any bugs you encounter."
10061124506,140424985545402,Drive A Bus,Squished Shark Studios,Group,35409976,All,Obby & Platformer,,2026-04-20T12:43:06.482Z,2026-10-06T13:51:02.1738821Z,14,,2026-10-06T20:21:17Z,"[] Welcome to Drive A Bus! [] Drive your bus through dangerous roads across different worlds! Travel with your friends through the canyon, Jungle, and even Lava worlds while collecting rewards and unlocking new Cars! • Drive across the most dangerous tracks and become a true bus master • Explore unique worlds like Canyon, Jungle, and Lava • Collect items, unlock buses, and grow your collection • Compete to become the leaderboard champion 👍 Like the game for more updates!"
10065013948,110627433764494,Fake a Brainrot,Cats in Marshmallows,Group,939617374,All,Simulation,Tycoon,2026-04-21T12:46:47.321Z,2026-10-02T09:35:13.395Z,10,,2026-10-06T23:48:08Z,"Transform into a brainrot to trick players and steal their brainrots! 😈 But be careful when you pick a brainrot, it could be someone else... 🥶 💥 Sneak into bases and steal brainrots before they catch you! 🏆 Inspect brainrots to figure out if they're fake or real! ⚡ Collect every rarity and mutation, from Common to Rainbow!"
10066618669,96707166754980,Catalog Avatar Builder,K4 Games,Group,427824840,All,Shopping,Avatar Shopping,2026-04-21T20:08:42.59Z,2026-09-29T07:40:10.762Z,26,,2026-10-06T20:21:17Z,"👑 Design your dream avatar completely FREE! Catalog Avatar Builder lets you try on and mix millions of Roblox catalog items including limiteds, accessories, hats, hair, bundles, clothing, animations, faces and more! ✨ FEATURES: 🛍️ Browse millions of catalog items for free 👗 Try on limiteds, korblox, headless & rare items 💇 Mix and match hair combos, bundles & animations 💄 Customize faces, makeup, body & more 💾 Save and share your favorite outfits 🤝 Hangout & match fits with friends 💸 All purchases go straight to your Roblox inventory 🔥 All items purchased in game are usable across ALL Roblox games! 👍 If you enjoy the game leave a Like, Favorite and join the Group to support us — it means everything! Tags: Avatar Creator, Outfit Ideas, Catalog, Limiteds, Headless, Korblox, Hair Combos, Outfit Loader, Baddie, Try On, Shopping, Hangout, Matching Fits, Y2K, Streetwear, Fantasy, Friends, Creativity"
10067258922,109509029034984,+1 Aura Per Click,Aura Software,Group,988942002,All,Simulation,Incremental Simulator,2026-04-22T00:01:30.605Z,2026-10-04T16:26:49.862Z,12,,2026-10-06T23:48:08Z,👑 Welcome to +1 Aura Per Click ⚡ Every click gives you Aura 🔥 Train Aura on treadmills 💪 Become the STRONGEST in the server 🔄 Rebirth for MASSIVE multipliers 🚀 Watch your step... one mistake sends you back 👍 LIKE and FAVORITE for future updates!
10069043526,118608618152057,Keyboard Bridge Wars! 🧱,Keyboard Fans,Group,120993803,All,Action,,2026-04-22T11:51:48.024Z,2026-10-03T18:08:31.516Z,16,,2026-10-06T23:48:08Z,"Welcome to Keyboard Bridge Wars! 🅰️ Collect keyboard blocks and place them! 💥 Shoot your enemies' bridges to destroy them! 💰 Earn cash to buy better weapons and upgrades! 🏆 Reach the trophy first to win! 👥 Play with friends, unlock cool weapons, and level up! 🎧 ASMR vibes included ✨ Smooth movement, satisfying keyboard clicks, creamy visuals, and relaxing candy sounds for a perfect mix of speed & chill Tags: Speed, Keyboard, Candy, Chocolate, ASMR, Obby, Escape, Parkour, Multiplayer, Racing, Competitive, Satisfying, Relaxing, Physics, Bridge, Battles, Shooter, Nuke, Challenge, Speedrun Inspired by Bridge Builders, Doomspire Brickbattle"
10090256806,120189115846709,TTK Testing [CUSTOMIZATION],Sable Digital,Group,7358272,All,Shooter,Deathmatch Shooter,2026-04-27T03:09:10.77Z,2026-10-06T23:05:24.2562002Z,12,,2026-10-06T20:21:17Z,"Think someone’s cheating? Try the new ingame report system in testing. We can reconstruct and view, in 3D realtime, any game history to see if someone was exploiting. THE XP/IC ECONOMY IS SUBJECT TO WIPES! WEEKLY UPDATES, AND EVEN DAILY UPDATES SOMETIMES. The game is constantly growing, so these are usually pretty serious updates rather than maintenance. Winner of Innovation in Tech at the 2026 Innovation Awards! Press P to go into Helmetcam! Want better visibility through optics? Try ""Transparent Optics"" in Settings to simulate both eyes open! PC, mobile, Xbox, PS5, we're focusing on maximum compatibility right out of the gate. <<This game is intended for co-op PVE squad AI mechanics, storybased doorkicker scenarios/missions, and team-based PVP modes.> https://devforum.roblox.com/t/ttk-our-very-early-tactical-fps/4664539 Controls Fire: M1 Aim: M2 Crouch: C Lean left / right: Q / E Swap weapon: Number LEAD DEVS: PoptartNoahh, CanyonJack"
10091766471,107377364123237,Prison RP 🚨,Everglades Prison,Group,1023084442,All,Action,Open World Action,2026-04-27T12:42:15.405Z,2026-09-13T06:00:04.305Z,28,,2026-10-06T23:48:08Z,"Welcome to Prison RP! Serve your life sentence as a Prisoner and escape, or become a Police officer and guard the prison! 👍⭐ Thumbs up if you like the game! 🌟 Everglades Prison group members can obtain a free gun in the armory 🌟"
10092619788,130253630950453,[DUNGEON] Anime Card Battle: Rebirth,ACBX Team,Group,11085403,All,Simulation,Incremental Simulator,2026-04-27T18:06:52.681Z,2026-10-03T23:34:36.032Z,20,,2026-10-06T23:48:08Z,"🔥Roll your favorite anime characters! 💥Grind through towers! 🗺️Progress through worlds! 💎 Premium players gain bonus luck and 10% extra potion duration that stacks with VIP gamepass! 💎 💻 Available on Desktop, Mobile, Tablet, and Console. 👍 Like the game and join the group for +1 Luck! 🔔 Follow ACBX for updates and special codes!"
10094225577,76526090659517,[UPD] The Cat Shelter 🐱,Ikigai Cybercore Studios,Group,980379194,All,Roleplay & Avatar Sim,,2026-04-28T05:27:53.991Z,2026-09-23T18:07:36.403Z,26,,2026-10-06T23:48:08Z,🐾 Be a cat and tease the caretakers or become a caretaker and annoy the poor cats — choose whichever role you want! 🔓 Escape the shelter 🕳️ Dig tunnels and discover secrets 🔫 Steal weapons and keycards 🐾 Rescue other cats 🚔 Fight against caretakers and security 🏴 Become a feral stray cat outside the shelter 🏚️ Cause chaos across the city Will you protect the shelter… or destroy it from the inside? 👍 Like + Favorite for more updates!
10096155511,130404059693601,Strike: Warfare,Pickleton Productions,Group,564945408,All,Shooter,Deathmatch Shooter,2026-04-28T17:42:44.312Z,2026-09-30T16:30:01.53Z,30,,2026-10-06T20:21:17Z,"☢️ STRIKE: WARFARE Step into the ultimate theater of war. Strike: Warfare delivers a relentless 15v15 combined arms experience where tactical supremacy, squad coordination, and raw firepower dictate the victor. Deploy to the front lines, commandeer heavy armor, and engage in the most immersive, high-stakes military shooter on Roblox. The objective is clear. Secure the sector. Eliminate all threats. ⚠ STATUS REPORT: Strike: Warfare is in active development. Join our communities below to leave feedback and help shape development."
10103595714,100034344773758,[UPD🩸] Generic Blood Sandbox Shooter🩸,Katoria Studios,Group,475831569,All,Simulation,Physics Sim,2026-04-30T19:12:53.286Z,2026-10-06T23:44:47.4303058Z,10,,2026-10-06T23:48:08Z,"🩸/ Brutal gunplay & GORE, featuring extreme splatter and ragdoll physics! ⚔️ Features: -🩸 Blood NPCs - 🧪 Testing Areas -💥 Bloody Fighting -🔥 Many Weapons Join The Group! https://www.roblox.com/communities/475831569/Katoria-Studios This experience follows Roblox’s Terms of Use and is rated 16+ in alignment with platform safety and content guidelines. blood, ragdoll, euphoria, fighting , pvp, pve, sword, gore, bleed, fight, bloody ragdoll, blood fight, euphoria physics, dismemberment, simulation, realistic"
10108046010,134807373415131,🐮 My Moo Farm,MegaSpark,Group,248260079,All,Simulation,Tycoon,2026-05-01T15:13:33.277Z,2026-10-06T23:39:54.6244144Z,4,,2026-10-06T23:48:08Z,"🐮 Welcome to My Moo Farm! 🌾 Grow crops and build your farm 🐄 Raise cows and collect fresh milk ⚙️ Unlock machines 🍓 Make flavored milk 🍰 Craft delicious cake recipes 💰 Sell your products for Cash 🏡 Expand your farm as you grow 🛒 Upgrade your market Farm, craft, sell, upgrade, and grow your way to the ultimate moo farm! 🐮🥛 HAVE FUN! 🍒"
10110316965,96993839570687,[💥UPD12] Would You Rather: Anime Abilities Tower,Big Labs.,Group,35451825,All,Obby & Platformer,Tower Obby,2026-05-02T01:44:04.277Z,2026-10-03T23:08:21.502Z,28,,2026-10-06T23:48:08Z,"⚔️💥🖐️ Would You Rather: Anime Abilities Tower 🖐️💥⚔️ 🚪 CHOOSE A DOOR. GET A POWER. BECOME THE STRONGEST! ⚔️ Choose from 40+ unique anime abilities! 🔥 Every door gives you a different power! 💥 Use insane skills with epic VFX & animations! 🏟️ Enter the Arena and knock your opponents off! 🏆 Be the last one standing to earn a Win! 👑 Collect Wins and climb the ranks all the way to X! 👍 Like, ⭐ Favorite and share with your friends! 🎁 Join the group: https://www.roblox.com/communities/35451825/Big-Labs 📌 Tags: Anime Tower, Slap Tower, Gear Tower, Lucky Block Tower, Anime Slap Tower, Anime, Slap, Troll Tower, Troll Button, Obby, Pinning Tower, Slapped Tower, Tower Obby, Troll Is A Pinning Tower 4, Tower Of Hell, Troll, Troll Tower Button, Button Troll, Troll Pinning Tower, Troll Button Towers, Obstacle, Tower, Troll Is A Pinning Tower, Troll Towers, Trolling Tower, Tower Of Sky, Tower Of Sky, Tower Of Hell, Would you rather, sukuna, gojo, power"
10112019404,90184287580174,(SEASON 2) KILLSTREAK,Legionary Studio,Group,16591153,All,Shooter,Deathmatch Shooter,2026-05-02T09:39:09.282Z,2026-10-02T21:30:57.989Z,20,,2026-10-06T23:48:08Z,"KILLSTREAK is an arcade first person shooter with an emphasis on exciting, free-flowing movement & gunplay."
10116272705,117949143041402,[ 🎉RELEASE ] Anime Mysterious,Anime Mysterious,Group,388331120,All,Strategy,Tower Defense,2026-05-03T04:07:35.069Z,2026-10-06T13:42:19.503815Z,15,,2026-10-06T20:21:17Z,"📢 Welcome to Our Official Community! Welcome everyone to our Anime Mysterious community! ⚔️ We’re excited to have you here as part of our journey. In this game, you’ll be able to summon powerful anime units, build your strategy, and defend against waves of enemies. We’re continuously working to improve the game, add new features, and bring you the best experience possible. 💬 Feel free to share your feedback, suggestions, or report any issues — we’re always listening! 🎮 Stay tuned for upcoming updates, events, and new content. Thank you for your support and for being part of our community ❤️ Roblox Community Link : https://www.roblox.com/th/communities/388331120/Anime-Mysterious#!/about"
10117986107,106802314735486,Would You Rather: MIX Outfit Tower! 🎲,Funny Octo,Group,716681691,All,Obby & Platformer,,2026-05-03T11:47:42.298Z,2026-10-04T09:59:25.388Z,12,,2026-10-06T23:48:08Z,"👋 Welcome to Would You Rather: MIX Outfit Tower! 🎲 Choose between 2 avatar items every stage and build your outfit as you climb the tower! 👗✨ 🎲 Don't like your choices? Press MIX to instantly get a new random pair! 👀 Choose between different hairstyles, clothes, heads & accessories 💖 Build the cutest outfit... or end up completely CURSED 😭 🎲 Every run is different with thousands of avatar items and endless combinations 🏃 Climb to the top and see how your final outfit turns out 😆 Compare your look with friends and see who got the BEST or WORST outfit! 🛍️ Earn rewards and check out the SHOP for trails, tools, music & effects! 👍 15,000 LIKES = NEW BIG UPDATE! ⭐ Like & Favorite for more updates!"
10123059921,87468080405188,[UPDATE] Home Alone: Anomalies,3 AM Productions & Freeground,Group,715675394,All,Survival,,2026-05-04T14:30:40.324Z,2026-10-02T19:51:30.117Z,18,,2026-10-06T20:21:17Z,"You're home alone. Unexpected visitors keep arriving at your door, but not everyone is who they claim to be. Decide who to trust and survive the night. How to Play: 📷 Check the cameras 👂 Listen to what they say 🚪 Open the door if they need help 🔦 Turn off the porch light if something is off... 💰 Survive the night and earn enough cash 🎭 Troll your friends with jump scare items! UPDATE 11 (09.30.2026): - New Visitors (Bride and Tik Tok Influencer) - Bug Fixes & More!"
10124403207,120458890713784,[🔥CODES] Road to Glory: Football (Beta),Road to Glory: College Football,Group,597778494,All,Sports & Racing,Sports,2026-05-04T23:48:49.252Z,2026-10-06T20:07:24.5125228Z,1,,2026-10-06T20:21:17Z,"🏈 Road to Glory: College Football [Public Beta] Use Code '900CCU' and 'RTG' for Re-Rolls :) ⚠ This game is currently in development. Expect bugs, glitches, balance changes, and unfinished content. ⚠ Report issues and feedback in the official community server. Begin your journey from unknown prospect to college football legend. Create your player, earn offers, compete under the lights, and build your legacy in an immersive college football experience on Roblox. 🔥 Features • Career / Road to Glory Progression • Realistic College Football Gameplay • Player Progression & Rankings • Competitive Multiplayer Matchups • Custom Animations, Stadiums & UI • Frequent Updates During Development 🎮 Best Experienced On: PC • Console • Mobile Recommended: Fullscreen + High FPS 👍 Like & ⭐ Favorite to support development! Tags: College Football, Football, Sports, American Football, Multiplayer, Career,"
10124421343,118464614321108,Biker Duo 🏍️ [2 Player Obby],Turion Studios,Group,603614207,All,Obby & Platformer,,2026-05-04T23:57:03.05Z,2026-09-26T13:24:36.361Z,14,,2026-10-06T20:21:17Z,"[UPDATE] -World 2 available -fixed bike physics -bug fixes -big mobile gui rework -added: duo time leaderboard There might be many bugs in this game, give me some time to fix them as i am a new solo Developer, i still hope you enjoy my game! Join my group for more upcoming games ⚠️This game is meant for 2 players, make sure you have a friend to play with!⚠️ Both players must work together to reach your next destination! Try not to get sabotaged by other players!📦 2 player obby, 2 player bike obby, bike, motorcycle, obby, platformer, hard, buddy buddy, console, friend, car, drive, two player, 2 player, obstacle course, long, fun, easy, fun obby, parkour, world"
10127797448,84525826229916,Would You Rather: Boys & Girls Outfit Tower!,9X Studio,Group,1074094786,All,Obby & Platformer,Tower Obby,2026-05-05T20:45:51.702Z,2026-09-26T17:54:58.337Z,30,,2026-10-06T20:21:17Z,"Welcome to Would You Rather: Boys & Girls Outfit Tower! 👋 Climb the tower by choosing between two doors every stage Each choice changes your outfit… sometimes it helps, sometimes it ruins everything 🫢 Get different hairstyles, clothes, face accessories, neck accessories, and more to build your style 👗✨ Or get trolled with the worst combo possible 👕 Every run feels different with MILLIONS of outfit combinations to discover 🎲 Make it to the top and see how your final outfit turns out Then compare your look with your friends and see who got the best style 😆 Like the game 👍 and join the Group for extra perks"
10130749197,71099982892966,Would You Rather: Celebrity Tower,Loby Games,Group,15260039,All,Obby & Platformer,Tower Obby,2026-05-06T14:48:05.33Z,2026-10-05T21:19:21.4326066Z,32,,2026-10-06T23:48:08Z,"Welcome to Would You Rather: Celebrity Tower! 🌟 Choose a door and decide your future fame path 🎬 Will you become a global superstar… or make the WORST celebrity choices ever?.. 👀 Every decision changes your journey: 🎤 singers, influencers, athletes, actors 💎 luxury, fame, fans and viral moments 💀 or totally cursed celebrity careers Examples: 🏀 Basketball Player or Influencer? 🎬 Movie Star or Pop Singer? 🔥 Billionaire Celebrity or Famous Streamer? ⚠️ WARNING: some choices are complete traps ⚠️ Pick carefully… one bad decision can ruin your entire tower climb 😭 Reach the top and prove you have the BEST celebrity life ✨"
10131390815,115681808123944,[🌎W8] Throw a Coin,The BEST group yet!,Group,380415714,All,Simulation,Incremental Simulator,2026-05-06T19:09:27.949Z,2026-10-04T14:52:03.267Z,8,,2026-10-06T20:21:17Z,"Throw a Coin 🪙. Get Lucky. Get Rich. 🪙 Toss coins into the magic fountain 🍀 The luckier you are, the better the loot 💰 Sell your loot for cash ⬆️ Upgrade luck & coins to hit the impossible drops ❓ Did you know... the rarest item is 1 in 20 quadrillion? 👀 USE CODE: WORLD8 👍 LIKE & FAVORITE to support, it helps the game grow!"
10136067263,75568173037446,[W4] Get Fat to Break Tape 🍗,big rocket studio,Group,865578721,All,Simulation,Incremental Simulator,2026-05-08T02:31:11.944Z,2026-10-04T00:31:34.63Z,12,,2026-10-06T23:48:08Z,"🍔Welcome to Get Fat to Break Tape🍔 😋Eat food to get fat! 🤰Abigger belly, more weight! 💰Earn cash by breaking the tape! 🍬Buy better food to get bigger and richer 🎉Code:FAT,WORLD2,WORLD3"
10138624079,82457571485380,Zombie Rush Survival 🧟‍♂️,Undead Dev.,Group,32426262,All,Survival,,2026-05-08T17:02:59.501Z,2026-09-14T20:20:50.244Z,30,,2026-10-06T20:21:17Z,"Fight endless waves of zombies, get upgrades, defeat bosses, and build defenses to survive with your team! 🔫 Buy powerful weapons and upgrades 🧱 Place turrets, barricades, and traps! 👥 Team up with friends 🏆 Survive as many waves as you can Each wave gets tougher. How far can you get?"
10140010190,72763503064951,Would You Rather: Teamwork Outfit Tower!,Cold Obbys,Group,16683051,All,Obby & Platformer,Tower Obby,2026-05-08T23:52:48.975Z,2026-10-02T13:54:12.93Z,32,,2026-10-06T23:48:08Z,"👋 Welcome to Would You Rather: Teamwork Outfit Tower! Choose your team and help each other to the top! Build your outfit on the way, by choosing a door! 👕 Each choice changes your outfit! Will you glow up?, Or FLOP!✨ 🏆 Climb higher each stage and earn coins + exclusive rewards! 😈 Use your coins to buy TROLL gear and mess with other players on the way up! 🎲 Every run is different, Every time you get random + unique choises! 👍 Like the game and join the group for FREE rewards and updates!"
10141042381,86942234200714,[ADMIN ABUSE] Case Haven,Case Haven,Group,219134710,All,Simulation,Incremental Simulator,2026-05-09T05:19:25.267Z,2026-10-06T14:35:12.3748587Z,30,,2026-10-06T20:21:17Z,"🎁 Open cases, collect rare skins, upgrade your luck, unlock new zones, and build the ultimate inventory! Trade up, flex your pulls, and chase that golden drop. ✨ In Case Haven you level up by opening cases and upgrading your character! Level up to unlock cooler, more expensive items! Drop Chances: 🔵 4 in 5 for a blue (79.92%) 🟣 1 in 6 for a purple (15.98%) 🌸 1 in 31 for a pink (3.2%) 🔴 1 in 156 for a red (0.64%) 🟡 1 in 385 for a gold (0.26%) Thanks for playing! Tags: case simulator, unboxing simulator, case unboxing simulator, case opening simulator, case opening, case unboxing, unboxing, unbox, rng, mystery, mystery box, random, earn, cash, bank, earn offline, offline case, cs, csgo, cs2, cs:go, cs go, skins, knife, gold, battle, case battle, ohnepixel, ohne pixel"
10144280947,114697347887839,🐒 +1 Speed Monkey Escape,100% ALGO SHOT,Group,1008902725,All,Simulation,Incremental Simulator,2026-05-09T19:12:04.372Z,2026-09-26T10:30:38.36Z,22,,2026-10-06T20:21:17Z,"⚡ Welcome to +1 Speed Monkey Escape How to Play: 🐒 Jump on walls and run as a Monkey 👟 Every step makes you faster 🏆 Overcome obstacles to get wins 💪 Unlock new upgrades 🔥 Rebirth to push your limits If you’re having fun, don't forget to like the game! 👍"
10144587520,125039473548047,[UPD☄️] Anime Card Farm,Anime Card Factory,Group,973045631,All,Simulation,Tycoon,2026-05-09T20:45:04.606Z,2026-10-03T15:58:18.568Z,8,,2026-10-06T20:21:17Z,💤 PACKS OPEN AND MONEY GENERATES WHILE YOU ARE OFFLINE 🤑 👋 Welcome to Anime Card Farm! How to Play: 📦 Open card packs and reveal Anime Cards! ✨ Upgrade your cards to earn even more money! 💰 Buy more EPIC packs & flex your cards! 🧬 Find rare MUTATED cards with insane boosts 🔥 Have the BEST Cards and climb the leaderboard! 👍 Like the game and join the group for updates!
10148749921,78515283254292,Animal Hospital (Anomaly) 🧪,Animal Anomaly,Group,344908697,All,Survival,,2026-05-10T15:38:25.274Z,2026-10-06T05:47:17.9844754Z,30,,2026-10-06T20:21:17Z,"You got hired to work the night shift at Animal Hospital, its now your job to treat the patients. but some patients are acting weird... 🏥 🩺 🚑 🧪"
10149910491,139995416758538,BUILD AND HIDE TO SURVIVE,jacobis,Group,35320760,All,Survival,,2026-05-10T20:45:12.869Z,2026-10-03T22:13:46.255Z,16,,2026-10-06T23:48:08Z,You are trapped in this place. - Place blocks 🔨 - Survive the killer 🔪 - Get more cash 💰 - Buy new blocks 💲
10152905521,93829858358973,💪 +1 Muscle to Break Walls,Man Face Muscles,Group,588183356,All,Simulation,Incremental Simulator,2026-05-11T12:07:51.335Z,2026-10-05T19:55:38.0892985Z,12,,2026-10-06T20:21:17Z,🌟 Welcome to +1 Muscle to Break Walls 💪 Lift Weights to gain strength 🥊 Break Walls to get Wins 🏆 Buy Better Weights 🔥 Buy Auras for Multipliers 👍 Be sure to like and favorite this game if you enjoyed it! ⭐
10153098880,108307565942574,Heroes RNG 🏹,Heroplay Studios,Group,15904375,All,Simulation,Incremental Simulator,2026-05-11T13:01:04.511Z,2026-10-03T20:19:58.359Z,20,,2026-10-06T20:21:17Z,🏹 Welcome to Heroes RNG! 🏹 🎲 Roll & collect unique Heroes! 🌀 Fuse & Enchant them to make them more powerful! 🐺 Battle various monsters in all the different biomes! 🐉 Fight epic BOSSES and collect their artifacts! 🍀 Like & join group for +10% Gold & +1 Luck! 💚 Thanks for playing! Follow for updates 💚
10155360168,126987974021910,Illegal Soccer,Repotted,Group,4081626,All,Sports & Racing,Sports,2026-05-12T00:12:29.294Z,2026-10-05T22:22:49.2936739Z,8,,2026-10-06T20:21:17Z,"The world's most popular sport, finally with guns, grappling hooks, jetpacks, & more Pros: - Kick, tackle, beat up & blow up your opponents - No referees Cons: - Slip on other players' oil spills - Get shot by a gun as you are dribbling"
10158471028,90860390610142,Clover Legends,Flecks Labs: Legends,Group,427369918,All,RPG,Action RPG,2026-05-12T12:54:36.769Z,2026-10-06T15:48:20.3078491Z,8,,2026-10-06T20:21:17Z,"Your grimoire is waiting. Spin for your magic. Level it. Awaken it. Rise from no-name rookie to legend. GRIMOIRES - 15 books, four tiers. Fire, Wind and Water to start. Earth, Lightning, Plant, Poison, Chain and Mercury to grow into. World Tree and Dark for the lucky. Light, Star, Time and Anti-Magic for the few. BOOK LEVEL - Your book levels as you fight. Lv 10 and Lv 20 unlock new spells. No second spin needed. AWAKENING - Gather materials and hunt Spell Pages from bosses. Every awakening sharpens damage and crit. The fifth unlocks your ultimate. COMBAT - Real-time combos and dodges. PvP Arena from Lv 250: beat players to raise your bounty. WORLD - 11 islands. Bandits, monsters, island bosses, broom races and the Dungeon beneath. RANKS - Climb 17 ranks, Junior 5th to Grand 1st, for auras and stat buffs. MORE - Races, brooms, clans, trading, AFK rewards and a Forge for cosmetics. Will you take the crown, or watch someone else wear it? Join the Discord for codes!"
10162859180,105373497661352,👑 Kingdom Architect Tycoon,Finite Works,Group,287943657,All,Simulation,Tycoon,2026-05-13T09:56:22.44Z,2026-10-06T23:23:08.0774579Z,4,,2026-10-06T23:48:08Z,"🏰 Start small and build the kingdom of your dreams! 🏡 Build houses, markets, castles, walls, roads, gardens, and more! 💰 Earn money from your buildings and expand your kingdom! 🔓 Unlock new structures, decorations, land, and upgrades! 🎨 Build freely and design every part of your kingdom your way! ⏳ Your buildings continue growing while you are offline! 🌳 Shape the land with terrain, water, trees, paths, and details! 🌙 Watch your kingdom come alive during the day and night! 💾 All your progress saves! How large and beautiful will your kingdom become? 🔔 Follow the game to be notified about future updates! 👍 More buildings, decorations, and features are coming soon! Like and Favorite the game to support development!"
10165276442,72450672234943,Pets VS Police,CAT CAR CAT,Group,390324368,All,Action,Open World Action,2026-05-14T01:03:37.149Z,2026-09-30T07:54:53.242Z,30,,2026-10-06T23:48:08Z,"🐈 Pets vs Police, a prison escape game where pets break out of jail, outsmart the police, rob stores 💰, and cause total chaos! 💥"
10171934713,110806816173057,[Upd12.3] +1 DMG Per Revive[💀],Big Lemon Game Studio,Group,724439129,All,Simulation,Incremental Simulator,2026-05-15T15:45:52.389Z,2026-10-06T06:31:54.5195361Z,16,,2026-10-06T20:21:17Z,"Every time you revive, you get stronger! Fight monsters, lose HP, revive, and gain more DMG. Death is not the end. It is your power-up. ⚔️ Defeat monsters and push through death road 💀 Revive to gain more damage ❤️ HP is no longer required. It only keeps you away from power. 👑 Challenge for stronger revive boosts 🔁 Climb the Death Tower and rebirth to unlock even more power ⏰ Grow stronger while offline. Come back every day to claim your rewards! Can you become strong enough to conquer the Death Road?"
10173311467,137228775845999,Ghost Driver [ALPHA],Tilted Vehicles,Group,90273342,All,Simulation,Vehicle Sim,2026-05-16T00:04:12.168Z,2026-10-06T20:52:48.1908079Z,15,,2026-10-06T20:21:17Z,"Are you ready to risk it all? Welcome to the ultimate underground traffic cutting experience. Hop in, redline your engine, and swerve through heavy highway traffic at insane speeds. No hesitation. No rules. Just pure adrenaline. 🎮 CONTROLS: W, A, S, D or Arrow Keys to Drive V to Change Camera / First Person Shift to Handbrake / Drift L for Headlights 👍 Make sure to LIKE and FAVORITE the game for more updates and new cars! All rights reserved. All other trademarks are property of their respective owners."
10175155684,121297490325652,[YARARARA] Mrouse's Animations,Mrouse's Store,Group,997188612,All,Entertainment,,2026-05-16T09:06:07.278Z,2026-10-05T23:07:57.8100523Z,15,,2026-10-06T20:21:17Z,"Mrouse's Animations Place where you can take your avatar and use it in my meme/trending animations! 🎬 Put your avatar into viral meme and trending animations! 📸 Perfect for screenshots, videos and content creation! ‼ Recommendations: Play on max graphics! If you find a bug, please report it on our Ds server! If you publish content with my animations on any platform, please include a link to the original product! Credits: +---------------------------+ Animator - MrouseYT +---------------------------+ Developer - ThePetAndI +---------------------------+ Artist - Miroolub +---------------------------+ Assets - babuin_111 +---------------------------+ Game thumbnail - raneniya +---------------------------+ ❤ Special thanks also to all my testers! Inspired By: Zyltex's Animations, Trending Meme Animations"
10181310479,140199277601307,[FINAL STAND] Bathtub Universe,be a millions man,Group,34948132,All,Action,Battlegrounds & Fighting,2026-05-17T10:38:50.391Z,2026-10-06T04:20:38.5943238Z,24,,2026-10-06T20:21:17Z,"⚔ Bathtub Universe' Gameplay is FFA (Free For All) based off DFB's series 🐛 If you found bugs, please report it in the communications server! *Use ""NextUpdateWouldBeBetter For 5 Days Boost* ❕ G4 Quest Undergoing Rework [Credits] (Inspired GUI from DS and KU) F to engage flight on PC (Only available to characters that can fly)"
10184247393,119822977170203,Power Blast Lucky Blocks!,Virtuoso Games,Group,15170824,All,Simulation,Tycoon,2026-05-18T01:16:54.814Z,2026-10-03T14:48:57.238Z,5,,2026-10-06T23:48:08Z,"Welcome to Power Blast Lucky Blocks! 💥 🧱 Blast your lucky block through walls for Brainrots 🌟Use your aura to increase Power 💵 Your Brainrots earn cash offline ❤️ Like, favorite, and join the group for rewards!"
10187294555,125927821145949,[⛰️] Mine a Mountain,10K Steps,Group,596089868,All,Simulation,Incremental Simulator,2026-05-18T19:49:26.409Z,2026-10-06T12:21:40.0704579Z,8,,2026-10-06T20:21:17Z,"⛰️Climb the mountain⛏️Mine rare crystals! 🥶 Don't freeze, the top is COLD! 💰 Sell crystals for cash! 🎒 Upgrade your warmth, pickaxe & backpack! 🔄 A NEW mountain EVERY HOUR! Don't miss what's coming next👀 👍 Like & join the group for +1 Digging Luck! 🔔 Follow for updates ⚠️ WARNING: Exploiting, cheating, or using unauthorized software will result in a permanent ban."
10188144423,76812848652979,Just Tornadoes,PaperToPaper2,User,10632441587,All,Simulation,Physics Sim,2026-05-19T01:17:37.181Z,2026-09-20T22:42:36.478Z,22,,2026-10-06T23:48:08Z,"Warning! high end device users find this game very trash which i won't argue THIS GAME WAS MEANT FOR LOW END DEVICE USERS AND MADE LIKE THIS ON PURPOSE!! --If you want more realistic lighting, change it in settings - Contributors - Johnuel2: Titus + Raxpol Model - Robloxian_benson: Tornado Attack Model + Dominator 2 - Artemuapl: TIV 2 + Armadillo base (edited by me) + D1 + TP - Benji19mon: Main Titus + TEA 2 Remodel (edited by me) - Lytmo: Titus Gas Cans / Anemometer"
10189903609,91704854174760,Finish The Word! [ SUMMER ],Table Game X,Group,189805512,All,Puzzle,Word,2026-05-19T11:08:32.912Z,2026-10-03T12:52:02.366Z,25,,2026-10-06T20:21:17Z,"Poodle -> Elephant -> Turtle! Keep the chain alive in this fast-paced word game! Each round, say a word that starts with the last letter of the word before it. The longer the game goes, the harder it gets. 💬 One word at a time 🔁 No repeating words ⚡ Think fast or get knocked out 🐶 Use pets to gain special abilities 🧠 May the sharpest brain win 👍 Like the game and join the group for future updates!"
10195997258,112781315318195,[🦖] Pull a Lucky Fish,Openwater Games,Group,645675002,All,Simulation,Tycoon,2026-05-20T18:54:53.252Z,2026-10-05T12:16:56.4782242Z,5,,2026-10-06T20:21:17Z,"🐟 Cast your rod & reel in a rare fish! 🦈 Escape the shark trying to steal your fish! 🏝️ Place your caught fish on your island to earn money! 💪 Buy better rods and train your fishing skills to cast further! 🤩 Thank you for playing! Like and favorite if you enjoy the game! 🚧 The game is new, so please report any bugs on the group forum!"
10197758650,76427490154192,Mount LONELY🌅,KokoKrunch Studios,Group,625247444,All,Obby & Platformer,,2026-05-21T06:02:43.641Z,2026-10-06T14:30:11.1721916Z,40,,2026-10-06T23:48:08Z,Missing Someone Again? It's time to climb this mountain!!!
10199301628,128784467030899,[UPD🚀] Merge a Nuke!,Nuke The Game,Group,446405201,All,Simulation,Tycoon,2026-05-21T13:45:07.797Z,2026-10-06T00:53:40.5001795Z,8,,2026-10-06T20:21:17Z,"Merge nukes. Stack your arsenal. RAID everyone. 💥 🔧 Merge bombs into BIGGER nukes 💰 Your nukes earn CASH every second - even whilst you're OFFLINE! 🚀 Launch nukes at enemy bases and STEAL their cash 🛡️ LOCK your base before someone nukes YOU back! USE CODE: BOOM 🏆 Can you build the deadliest nuke collection? 🎮 Playable on Desktop, Mobile, Tablet & Console! 🔥 NEW UPDATES EVERY SATURDAY 🔔 Join the group for codes & updates!"
10200395747,97598239454123,Grow a Garden 2,Strawberreh Squad,Group,432538536,All,Simulation,Tycoon,2026-05-21T19:45:07.879Z,2026-10-06T01:07:27.5793911Z,8,,2026-10-06T20:21:17Z,"🌱Welcome to Grow a Garden 2🌱 How to Play: • Buy seeds from the shop when they restock🛒 • Plant them in your farm and watch them grow🌻 • Harvest your crops and sell for sheckles🪙 • Make a guild to compete for exclusive weekly rewards!🛡️ • But be careful... because at night STEALING STARTS!🌙 Remember, your garden literally grows while you're offline!⏰"
10202515720,112050560592995,[Corruption] Undertale Multiverse Simulator 1.5,SlayerRealNotFake,User,8026801929,All,Action,Battlegrounds & Fighting,2026-05-22T08:01:00.169Z,2026-10-06T16:24:00.6101052Z,15,,2026-10-06T20:21:17Z,"This game is continuation of Undertale Multiverse Simulator, game got hacked and after a year its back. Press R on PC to low health yourself Press Z on PC to use Emote Wheel Shiftlock for gamepads: X button"
10204542673,83325975879599,MM2: PVP,b1uu,Group,36075047,All,Action,Battlegrounds & Fighting,2026-05-22T16:04:12.952Z,2026-08-31T01:15:21.245Z,10,,2026-10-06T23:48:08Z,"🎯 Practice and train your aim for Murder Mystery 2 in FFA or Team modes! 🕹️ Play MM2: https://www.roblox.com/games/142823291/Murder-Mystery-2 💖 Credits: Original game: @Nikilis Maps: @Zyleak, @Thexz Weapons: @IDontHaveAUse, @Nikilis"
10209534490,137233438285284,Chicken Farm 🐣,Skandi Studios,Group,34492682,All,Simulation,Tycoon,2026-05-23T14:00:01.875Z,2026-10-05T14:00:45.4094823Z,6,,2026-10-06T20:21:17Z,"🐔 Welcome to Chicken Farm! 🥚 🐣 Buy Chickens and start farming! 💵 Convert Eggs into Cash 🔀 Merge Chickens to unlock rarer ones! 🥚 Build the ultimate Chicken Nest! 🌙 Your Chickens keep laying Eggs even while you're away! 💰 UPDATE 10: 🚀 Events 💎New Gem Upgrades 🍀New Lucky Block 🐓 Gold Chickens 🦵 Obby 🔄New Rebirth 📈2 new Buy Tiers 📊Balance changes ✨ Have fun, and Thanks for Playing! If you enjoy the game, don't forget to 👍 Like, ⭐ Favorite and 🔔 Follow!"
10211159992,102457672839885,Keyboard Color Bridge,the best bridge,Group,314272251,All,Obby & Platformer,,2026-05-23T19:59:20.599Z,2026-08-10T00:04:30.638Z,35,,2026-10-06T23:48:08Z,Welcome to the Keyboard Color Bridge! Reach the end for a big prize! 🏆
10212081143,94189087459079,Build A Casino ♠️,HappyCat Games,Group,526108378,All,Simulation,Tycoon,2026-05-24T00:21:52.199Z,2026-10-06T19:07:47.414231Z,7,,2026-10-06T20:21:17Z,"✨ NEW: Kits arrive - Talk to the man under the tree. - Buy Kits to boost your Casino's earnings! 🎰 Run your very own Casino, but don't get caught by the cops! How to Play: 🎰 Place Casino Machines on your plot. 🔴 Collect Chips from your Machines. 🚗 Escape in your car to cash out on your Chips. ⬆️ Upgrade your car to dodge the Police. ✨ Craft better Machines to earn even more Chips! Remember, your Casino runs offline. 🎮 Supports PC, Console, Mobile, and Tablet players. ❤️ Like and favorite the game for more updates!"
10219827882,101670277171204,Automate a Restaurant 🍲,m_experiment,Group,949197661,All,Simulation,Incremental Simulator,2026-05-25T09:05:47.507Z,2026-10-06T18:56:43.7074667Z,10,,2026-10-06T20:21:17Z,"Grow rare ingredients, discover hundreds of recipes, and automate your restaurant! 🍽️ 🌱 Plant crops and hunt for incredibly rare ingredients 🥘 Experiment with ingredients to discover new recipes 🍜 Create hundreds of unique dishes and serve customers 🤖 Unlock drones that harvest, cook, and serve automatically 🏗️ Expand from a small restaurant into a massive production line 👥 Build and automate one shared restaurant with your friends"
10222476236,97577741629233,⭐Catalog Avatar Runway,Context Works,Group,110442708,All,Roleplay & Avatar Sim,Dress Up,2026-05-25T21:46:54.235Z,2026-10-06T21:00:51.9648022Z,15,,2026-10-06T20:21:17Z,"👑 EVERY OUTFIT YOU MAKE IS SENT TO AVATAR OUTFIT CATALOG! No requirements, no grinding. Any outfit you put real effort into is automatically ported over to AVATAR OUTFIT CATALOG, where you can look at it whenever you want: https://www.roblox.com/games/86145498709536/Avatar-Outfit-Catalog ⏳ Heads up: imports can take a while. Runway runs far higher CCU than Shopping, so there's a large backlog 💃 Avatar Runway is a social fashion runway game where players vote on themes, design avatar looks, walk the runway, rate outfits, and compete for the top podium spots. ✨ Create your own style, build the best look for each theme, use catalog items and emotes, and show off your outfit in front of other players. 🗳️ Vote for the next theme and watch every round become a new fashion challenge. 🏆 Compete with friends and other players to earn wins, climb the leaderboards, and become the top runway model. ✅ Purchased items are added to your Roblox inventory and can be used across Roblox"
10226261982,127709083459464,[TYBW⚔️] +1 Aura for Anime!,SonionLLC,Group,403074105,All,Simulation,Tycoon,2026-05-26T16:57:46.573Z,2026-10-06T23:31:37.3676929Z,5,,2026-10-06T20:21:17Z,"Welcome to +1 Aura for Anime! ❓ Power up to increase your Power Level and then go to the charge zone and charge up your aura… 🏃 When it overcharges, FLY. Fly as far as you can for better characters. 💸 Collect rewards to earn cash and upgrade your aura for better chances of survival. 🎵 Walk over the ASMR blocks placed around your base to soothe your ears. 💤 Your Anime Characters earns Cash offline! Anime Lucky Block, Brainrot, Brainrot Anime, RNG Game, Roll Simulator, Hide and Run, ASMR, Anime Waifus, Gacha Luck, Lucky Spin, Meme Game, Viral, Addicting, Fast Progress, OP Loot, Secret Characters, Rare Drops, AFK Farm, Idle Cash, Rebirth Simulator, Colorful, Rainbow Effects, Speed Run, Collect Them All, Aura Farm, +1 , +1 for Anime, +1 Aura for Anime"
10226701629,109881277752094,Clean The Library 📖,Retro Library,Group,36090990,All,Adventure,Scavenger Hunt,2026-05-26T19:23:58.97Z,2026-10-06T22:40:45.2784267Z,12,,2026-10-06T20:21:17Z,"👍THUMBS UP for more UPDATES at 150,000 LIKES 👍 🖥️ PC Controls: E or Click: Pickup / Place book Q: Drop book Scroll: Switch top book Right Click: Zoom In 🎮 Controller Controls: RT - Pickup / Place book B/O - Drop book LT - Cycle books D-Pad - Abilities 📖 Your local library has been turned upside down and the books are everywhere! Unlock your inner librarian and help clean up the mess by sorting thousands of books hidden around the entire library! 👥 Cleanup alone or with friends! 🏁 Race for the fastest times on the leaderboard! 🔓 Earn upgrade and abilities to help make the job easier! ✨ Inspired by ""Librarian: Tidy Up the Arcane Library"" ✨ Project Lead: StarMarine Programmer: No4hhhh Modeler: Synpletic Music: ZHRØ"
10230942274,110175021189594,Ability Arena 💥,Banjomeni,Group,179853653,All,Action,Battlegrounds & Fighting,2026-05-27T15:24:51.668Z,2026-10-06T23:54:18.4625257Z,20,,2026-10-06T20:21:17Z,"Choose your ability and head straight into the arena. Unlock powerful abilities to dominate the arena! Abilities can be unlocked by fighting other players and gaining hits. There are currently 28 useable ability movesets in the game, more are on the way! 🎮 Platform Support PC 💻 | Mobile/Tablet 📱| Console 🎮 (Xbox & PlayStation supported) 👍 Enjoying the game? Leave a thumbs-up, it helps a lot! ⚠️ NOTICE: Cheating, exploiting, or farming with alts will result in a permanent ban."
10231502419,99714898369873,SNACK Defense! 🍉 [TD],Games by Bug,Group,875637145,All,Strategy,Tower Defense,2026-05-27T18:16:35.831Z,2026-10-05T23:54:38.5598365Z,25,,2026-10-06T20:21:17Z,"🍔 Make your own CUTE SNACK ARMY! 🍦 🍟 DOZENS of ADORABLE Snacks to Collect! Can you give them all a home? 🥳 Update 2 RELEASED! Come collect 9 new Snacks, ALL NEW MAP, Titles, Index Rewards, and much more! 📅 FOLLOW THE EVENTS SO YOU DON'T MISS THEM! 👍 Like and ⭐ Favorite for new Snacks and Maps! ❤️ Thanks for playing, wouldn’t be here without you! ~ Bug 🔗 Tags: Snack, Tower Defense, TD, Strategy, Survival, Protect, Dumplings, Squishy, Gummy Bears"
10232686472,124338404742585,Keep the Door Locked🔒,Hotel Room Services,Group,35735318,All,Survival,,2026-05-28T01:43:24.549Z,2026-09-09T09:19:06.298Z,20,,2026-10-06T20:21:17Z,"You’re alone in a hotel room after midnight. Strangers knock at your door. Some need help. Some are lying. Watch the cameras, follow the rules, and decide who gets inside. One wrong decision may be your last. Keep the door locked 🔒 **WE'LL KEEP MORE CONTENT SOON**"
10236023188,111363135577981,[☀️🌴UPDATE] ASMR Tower,3 Studio,Group,1086681946,All,Obby & Platformer,Tower Obby,2026-05-28T16:40:10.078Z,2026-09-18T15:05:45.024Z,15,,2026-10-06T20:21:17Z,"ASMR Tower is a relaxing tower obby filled with satisfying slime, squishy, and keyboard click sounds. 🎧 Climb through ASMR Tower and enjoy satisfying sounds with every step! 🎧 Experience waxed butter slime, squishy effects, keyboard clicks, and more as you make your way through a relaxing tower obby. Play, climb, and enjoy a soothing ASMR atmosphere. squishy, needoh, squishies, obby, obstacle course, parkour, platform, jumping, tower obby, squishy obby, rainbow tower, stages, checkpoint, collect, trade, trading, satisfying, slime, jelly, bouncy, gooey, soft, blob, cute, kawaii, preppy, casual, chill, fun, easy obby, hard obby, asmr"
10236805062,89638842072277,Frontline Commander ⚔️ RTS,FRONTLINE COMMANDER,Group,1024605568,All,Strategy,,2026-05-28T20:05:02.815Z,2026-10-05T17:20:53.090771Z,150,,2026-10-06T20:21:17Z,"⚠️ ALPHA — early build, improving every week. DATA RESET IS POSSIBLE FRONTLINE COMMANDER ⚔️ — the real-time strategy (RTS) war game Roblox never had. Command an entire ARMY, not one soldier. Outsmart rival commanders in massive PvP battles where real strategy and positioning beat spam. 🎖️ REAL-TIME STRATEGY — Flank enemy tanks for side & rear armor hits, hide in forests, and scout ahead: fog of war is real, and what you can't see can kill you. Tactics and map control win — not who clicks fastest. 🪖 COMBINED-ARMS WARFARE — Battle tanks, Bradley IFVs, Javelin anti-tank teams, M109 artillery, recon Humvees, and infantry squads that fight man by man. Every unit counters something — real military tactics. 🏗️ BASE BUILDING & WAR ECONOMY — Build your base, secure supply lines, and tech up toward heavier firepower and higher-tier units. 🏆 CONQUEST — Capture and hold zones in 1v1, 2v2 and 3v3 team battles. Earn XP, climb the ranks, and top the global leaderboard. 🎮 Controller supported."
10241783978,75625530412726,[Update 4.0] Larp Your Character!,Zinkstrike Studios,Group,872834872,All,Simulation,Incremental Simulator,2026-05-29T20:36:07.432Z,2026-10-06T21:44:21.4987911Z,12,,2026-10-06T20:21:17Z,"Welcome to Larp Your Character! How to play: 🎮 Play minigames related to characters for money! 💰 Buy upgrades for more money! 📦 Buy crates for other characters with unique minigames! 🔄 Rebirth to reset your progress for permanent boosts! 🏷️ Trade in duplicate characters for titles! ⚔️ Clash with other players to show your skills! 🏆 Compete for the top spot on different leaderboards! Currently active codes: 200KGROUPMEMBERS, 35KLIKES, 1MVISITS, UPDATE4.0, SORRYFORDATALEAKS, SORRYFORBUGS More animes are getting added in the future! Credits & Info Credits: Ryu Ishigori Game, Excuse Me Sir! Tags: Simulator, Excuse me sir, Larp, Anime LET'S LARP!"
10244001346,108645230905176,Mrbeast Island Escape,ATYS 1,Group,831498077,All,Survival,,2026-05-30T07:33:13.275Z,2026-09-30T02:01:45.098Z,25,,2026-10-06T20:21:17Z,"🏝️ Your plane has crashed. There's no way out. 👥 Team up with friends 🪓 Gather resources to survive 💲 Deliver items to MrBeast in exchange for rewards 👾 When night falls, monsters emerge 🌊 Build a raft and escape Can you make it off the island?"
10246108265,113987393426315,[⚓] Navy War,Parabola MMOVEMENT,Group,206413768,All,Strategy,,2026-05-30T14:30:00.118Z,2026-10-06T16:17:38.8732522Z,6,,2026-10-06T20:21:17Z,"⚓ NAVY WAR - Build your FLEET, expand your NAVY, and command powerful BATTLESHIPS to RULE THE SEAS! UPDATE LOG (26.09.2026): • 4 New Buildings! • New VOLCANIC Weather! • Research Available for Crystals! • Easy Visual Access to your Stats in Settings! • Leviathan Statue Buff! • Inventory Preview for TRADABLE items! • And much more! Discover it yourself! ⭐ HOW TO PLAY: • Build your base and grow your ECONOMY 🏝️ • Upgrade your docks, shipyards, and FACTORIES ⚙️ • Build powerful WARSHIPS and expand your FLEET 🚢 • Unlock DESTROYERS, CRUISERS, BATTLESHIPS, SUBMARINES, and AIRCRAFT CARRIERS ⚓ • BATTLE other players and DOMINATE the OCEANS 🌊 💡 PLAY YOUR WAY: • Build a wealthy and advanced NAVAL BASE. • Create the strongest FLEET on the seas. • Or balance your economy and military to become unstoppable. Start small, build a mighty fleet, and rule the oceans! 👍 If you enjoy the game, leave a thumbs up! It really helps us! 🐞 Found a bug? Please report it on the Roblox Community!"
10247797619,138432670504218,Survive 7 Days In Arctic [Alpha],10K Steps,Group,596089868,All,Survival,,2026-05-30T21:19:49.604Z,2026-09-22T21:57:26.14Z,25,,2026-10-06T23:48:08Z,"❄️ Stranded in the Arctic. Build a shelter. Keep your fire burning. Fish for food. Survive the cold. 🚁 Rescue arrives on Day 7. How many days can you survive? ⚠️ Game is new, so expect a few bugs!"
10249209189,112641748896693,Missiles vs Cities,veedio gaems,Group,33896179,All,Simulation,Tycoon,2026-05-31T03:48:44.09Z,2026-09-29T22:10:10.292Z,8,,2026-10-06T20:21:17Z,Build up and Upgrade your city Arm yourself with the best missiles Blow up others buildings for cash & rewards
10253235584,99108783264633,Build a base RNG 🎲,Slungpy Games,Group,33723433,All,Strategy,Tower Defense,2026-05-31T19:47:08.537Z,2026-10-05T23:04:40.0938741Z,6,,2026-10-06T20:21:17Z,🏹Dungeons! Team up with your friends to defeat new enemies in the dungeons for good rewards! Your base fights offline! Roll 🎲 Build🏗️ Defend🧟‍♂️ Create the BEST base possible and become RICH! ❤️Thanks for playing!
10253446435,79267089300389,[🪓] My Wood Farm,Did I Axe,Group,308844184,All,Simulation,Tycoon,2026-05-31T20:50:00.412Z,2026-10-01T13:38:09.853Z,6,,2026-10-06T23:48:08Z,"Welcome to My Wood Farm! 🪓 - 🪓Axe Trees For Wood - 🤖Upgrade and Expand your plot - 💰Sell wood for cash Remember, your axes farm wood offline!🤑 Like the game if you enjoy it !👍"
10254680421,124761153798409,[🎃] Soccer Stars 26,picon studio,Group,79000346,All,Sports & Racing,Sports,2026-06-01T03:25:23.653Z,2026-10-02T13:14:27.948Z,8,,2026-10-06T20:21:17Z,"If you read this, you should join immediately. Welcome to Soccer Stars 26! 💬 Join our Discord to keep up with every update, claim free Cash codes, and play with the community! CONTROLS (PC): Hold F - Power Shot & Pass R - Pass E - Tackle / Slide Q - Dribble Spin Shift - Sprint 📱 The game has been made very simple for mobile users — on-screen buttons for Shoot, Pass, Tackle, Dash & Spin! INFO: 🧍 Realistic characters & animations. 🧤 Balanced AI Goalkeepers on both goals. 🕐 Fast-paced 5-minute matches on a Futsal size field. 🏆 Score & assist leaderboards — climb to the top! 🎁 Daily rewards & match milestones. ⭐ Progress is saved! ⚠️ Exploiting on alt accounts will result in an automatic ban on all your accounts. Keyword: Street Soccer 2026, SS26, Football"
10255788071,131103239963274,Cowboy DUELS,Scorpion's Creations,Group,997943525,All,Action,Battlegrounds & Fighting,2026-06-01T09:00:59.28Z,2026-10-05T13:55:54.5473692Z,40,,2026-10-06T20:21:17Z,"🤠 Welcome to Cowboy DUELS! 🌵 ⚔️ Duel other cowboys, improve your aim, and become the most feared dueller in the wild west! 🤠💥 CODES: - ""CASH"" WARNING: 🚫 Exploits or cheating of any kind will result in a permanent ban Tags: Cowboy, Duels, Sheriff, Outlaw, 1vs1, 2vs2, 3vs3, 4vs4"
10258991999,101770480176177,[MONGOLS] Command An Army,"Fight, Fight, Fight!",Group,1014980424,All,Action,Battlegrounds & Fighting,2026-06-02T01:46:28.824Z,2026-10-06T18:11:23.0167093Z,12,,2026-10-06T20:21:17Z,Command your ARMY into massive team-vs-team warfare. CHOOSE to either ATTACK or DEFEND against enemies. ⚔️ Recruit troops 🏰 Capture points 🛡️ Order formations ⭐ Collect & upgrade troops
10261267004,98800969324557,[🚂 UPD] Storage Hunters: Open World,Absolute Zero!,Group,9640154,All,Simulation,Tycoon,2026-06-02T13:23:51.178Z,2026-10-04T15:57:02.057Z,8,,2026-10-06T20:21:17Z,"💰 Welcome to Storage Hunters Open World 💰 Storage Hunters is an open-world auction adventure where every locker could treasure! Bid on auctions, grab your loot, load up your vehicle, and bring everything back to your shop to sell for profit. Discover rare items, mutations, safes, trophies, quests, vehicles, wearables, and new areas as you grow from noob into the ultimate storage tycoon! 🏆✨ [How To Play] • Join an auction and bid on storage lockers • Win items and load them into your vehicle • Drive back to your shop and sell your finds • Upgrade your shop, unlock new areas, and complete quests • Hunt for rare mutations like Gold, Diamond, Void, and Rainbow 🌈 Can you turn mystery containers into a fortune? 💸"
10263732883,139063887391814,[UPD 2.0] TBOD^2 [Tycoon But One Dropper: SQUARED],BOG [But One Games],Group,34689430,All,Simulation,Tycoon,2026-06-03T03:31:24.828Z,2026-10-06T23:52:34.5678889Z,8,,2026-10-06T20:21:17Z,"The official sequel to the original Tycoon But One Dropper, owned and created by But One Games. 1 squared is still 1. it is essentially just a tycoon game but with a twist... you only have one dropper? (as the name of the game suggests) but how will this work? well, you have some cool upgraders you unlock new ways to generate money as you progress through the game. will you reach the top of the leaderboards?"
10267363348,138381251771774,🪣Drain The Lake,IWTM10GTMPLS,Group,617312490,All,Simulation,Incremental Simulator,2026-06-03T21:01:44.521Z,2026-10-06T15:45:44.139526Z,12,,2026-10-06T23:48:08Z,😱 OH NO! Your phone fell into the lake! Drain the lake to get it back! 😈 🪣 Fill your bucket ⚙️ Drain it for tokens ⬆️ Upgrade your skills 🌊 Go deeper 📱 Find your phone!
10267638347,94292962063277,🛍️ Avatar Catalog,RETAIL THERAPY.,Group,320872961,All,Shopping,Avatar Shopping,2026-06-03T22:55:31.108Z,2026-10-04T21:38:27.62Z,22,,2026-10-06T20:21:17Z,"Avatar Catalog lets you try on thousands of catalog items and player-made outfits to build your perfect avatar! 🛍️ Try on accessories, hair, limiteds, bundles, animation packs, emotes & more 🌍 Browse our collection of trending community outfits, or create and share your own ✨ Mix & match items to create your perfect look ✅ All purchases made in-game are added directly to your Roblox inventory and can be used across all of Roblox! Avatar Catalog, Avatar Creator, Catalog Avatar Editor, Outfit Loader, Outfit Creator, Outfit Ideas, Avatar Customization, Try On, Shopping, Community Outfits, Matching, Clothing, Limiteds, Headless, Korblox, Hair Combos, Emotes, Hangout, Friends"
10268960646,93844268955707,Untitled Wheelie Game (🚔),Untitled Wheelie Group,Group,84540135,All,Simulation,Vehicle Sim,2026-06-04T06:53:02.486Z,2026-10-06T20:43:41.5399694Z,10,,2026-10-06T20:21:17Z,"🏍️ Welcome to Untitled Wheelie Game! Wheelie around the map, ride with your friends, and experience realistic wheelie physics with interactive traffic. 🔥 WHAT YOU CAN DO 🚔 RUN FROM COPS 🏍️ Wheelie around the map 🚦 Swerve through oncoming traffic 💰 Deliver pizzas to earn money 🛠️ Buy bikes, upgrades, and parts 🎨 Paint and customize your bike 🏁 Race your friends 🤝 Host rideouts with other players 🎯 Practice tricks and improve your wheelies ⚙️ REALISTIC WHEELIE PHYSICS Our wheelie physics are designed to feel as realistic as possible, with a realistic balance point and responsive throttle and brake physics. Whether you want to cruise around with friends, weave through traffic, build your dream bike, or see how long you can hold a wheelie, there is always something to do."
10269820836,133943904733338,THE BUNKER,Eastcosrtra Studio,Group,526713577,All,Social,,2026-06-04T11:37:39.45Z,2026-10-06T23:53:53.7617028Z,100,,2026-10-06T20:21:17Z,"Welcome to Bunker! Hang out with friends, dance to the music, explore and chill. ✨ Dance 🎧 Listen to music 👥 Meet new friends 🎉 Relax and have fun Join the party and enjoy the vibes! 🔥"
10271723279,87229519582692,[REVAMP] Ultimate Gym Game,UGG - Gym Simulator,Group,449589337,All,Sports & Racing,Sports,2026-06-04T20:53:20.969Z,2026-10-03T18:00:24.268Z,15,,2026-10-06T20:21:17Z,"💪 ULTIMATE GYM GAME 💪 Lift, grow, bulk or cut, and become the strongest player in the gym! Train with 31+ exercises including Bench Press, Squat, Deadlift, Cable Machines, Dumbbells, Pull-Ups, Dips, and a full Calisthenics progression ending with the legendary Maltese. ⚠️ Sorry for Server restarts! I update the game alot with fixes. ⚠️ 🔥 Features Real muscle growth & strength progression Strength / Hypertrophy / Endurance training zones Global leaderboards & personal records Overhead rank titles (Beginner → MR. UNIVERSE) Earn cash, buy food & supplements, and mix buffs in your shaker Mobile + Console support KG/LBS toggle, inventory system, music player & more 🏆 Grind Smart. Eat Big. Get Huge."
10272975313,119031147890918,Dino Hunters[UPD],Fishgig Game,Group,999381953,All,Simulation,Incremental Simulator,2026-06-05T03:53:06.079Z,2026-09-28T08:14:51.598Z,8,,2026-10-06T23:48:08Z,"🦖 Welcome to Dino Hunters! Grab your weapon and enter a prehistoric world! Shoot, capture, and train powerful dinosaurs. Upgrade and evolve your dino team, battle in exciting dino fights, explore new worlds, and discover rare dinosaurs! 🔫 Shoot dinosaurs 🦕 Catch and collect dinos to build your strongest team ⬆️ Evolve, upgrade, and rank up 🌍 Explore new worlds & discover new dinos Become the ultimate Dino Hunter!"
10274447949,73768006371986,+1 Wings Obby Escape,Wings = Fly,Group,185246179,All,Simulation,Incremental Simulator,2026-06-05T11:30:39.739Z,2026-08-17T13:12:54.155Z,22,,2026-10-06T23:48:08Z,Welcome to +1 Wings Obby Escape 1. Fly your way through challenging obstacles. 2. Beat Stages and earn Wins as you go higher and farther. 3. Unlock powerful Wings for more Speed. 👍 LIKE the game and join the GROUP for Reward
10278774552,85245205758607,[UPD] Paint Or Seek [Chameleon],10 CCU,Group,189692141,All,Party & Casual,,2026-06-06T05:10:33.074Z,2026-10-05T17:13:47.8519468Z,16,,2026-10-06T20:21:17Z,"🎨🔍 Paint Or Seek 🔍🎨 Can you hide in plain sight? 👀 🖌️ Paint yourself to match the environment and become almost invisible! 🌈 Blend into walls, floors, and objects to avoid being found. 🏃 Survive as a Hider while the Seekers search every corner of the map! 💀 Got caught? Don't worry! You'll join the Seekers and help hunt down the remaining players! ✨ Features: 🎨 Fun painting and camouflage mechanics 🗺️ Unique maps to hide in 👥 Play with friends and family 🏆 Earn wins and climb the leaderboard 🔄 Fast-paced rounds with lots of surprises ⚠️ Painting Rules Painting is meant to help you ""blend in with the environment"". Please don't use it to create inappropriate or offensive drawings. Misusing this feature may result in warnings or bans. 🏷️ Tags: Paint and Seek, Hide and Seek, Paint and Hide, Camouflage, Camo, Color Hide, Mecha, Prop Hunt, Blend In, Multiplayer, Hider, Seeker, Stealth, Round Based, Survival, Casual, Hide N Seek, Chameleon, Creative, Fun, Party Game"
10281666052,85659091508300,[FIXED] Meow Madness,Battle Bacon Development,Group,36034025,All,Party & Casual,Minigame,2026-06-06T16:00:36.819Z,2026-10-06T22:36:55.8813056Z,16,,2026-10-06T23:48:08Z,"Welcome to the most intense tag game on Roblox! 😼 Cats playing tag with abilities! ✨ Upgrade your cat to become OP 🧢 Wear cosmetics to style your cat 🔵 RUNNER: Outrun the taggers until the game ends 🔴 TAGGER: Tag every runner until none remain 🔔 UPDATES EVERY SATURDAY! ⚠️ This game is in early development, expect some bugs!"
10282097014,118845698633260,Pet Store Tycoon [UPDATE],already arrived studios,Group,35884771,All,Simulation,Tycoon,2026-06-06T17:37:57.281Z,2026-10-05T21:49:28.7010838Z,8,,2026-10-06T20:21:17Z,"🐾 Welcome to Pet Store Tycoon! Small shop. Big dreams. Lots of adorable pets! Build your dream pet store and keep your pets happy! Team up with friends to run a store together! How to Play: 🐹 Feed, clean, and play with your pets 📦 Stock your shelves and serve customers 🔓 Unlock new animals and expand your store 🎨 Decorate your shop and make it your own 👍 Like the game and join the group! 💻 Available on Desktop, Mobile, Console, and Tablet"
10286150288,92700582787930,MEGA RAMP FOR SLIME,roblox_user_9775402215,User,9775402215,All,Simulation,Tycoon,2026-06-07T10:04:37.353Z,2026-10-06T17:05:32.5628967Z,5,,2026-10-06T20:21:17Z,"Drive down the mega ramp with your car and try to jump as far as possible. When you land in the Landing Zone, open the mystery box to discover new slimes. Place your slimes in your base to earn money every second. Upgrade your slimes, buy better cars, jump farther, and find rarer slimes. Complete your Slime Index and become the richest player!"
10289201563,84449017742177,[NEW RIGS] Chameleon! 🎨,Palette Games | PGS,Group,264167235,All,Party & Casual,Childhood Game,2026-06-07T22:15:02.172Z,2026-08-21T06:25:38.435Z,15,,2026-10-06T20:21:17Z,"🎨 Paint & Seek! Blend in, hide smart, and survive the seekers! In this hide-and-seek game, painters can paint over their characters to match walls, floors, furniture, and the environment around them. Use your colors wisely, disguise yourself, and become almost invisible before the seekers find you! 👀 🏃 Hiders: Paint yourself, blend into the map, and stay hidden until time runs out. 🔎 Seekers: Search carefully, spot suspicious shapes, and catch every hidden player. 🎨 Paint System: Change your look by painting your character to match the room. 🧠 Strategy: The better you blend, the harder you are to find! Can you become the ultimate camouflage master? 🌈 Tags: Hide and Seek, Paint, Painter, Chameleon, Camouflage, Blend In, Color, Colors, Roblox Hide and Seek, Meccha Chameleon, Hiders, Seekers, Survival, Disguise, Painting Game, Prop Hunt, Stealth, Mini Game, Multiplayer, Color Match"
10297836599,81549698024226,Power Your City,Restore Power,Group,99675598,All,Simulation,Tycoon,2026-06-09T22:34:37.417Z,2026-10-06T22:19:10.8533704Z,6,,2026-10-06T23:48:08Z,Welcome to Power Your City! ⚡ Place Generators to produce Power! 🔋 Place Batteries to store your Power! 💰 Sell Power around the city for Cash! 🥷 Steal Power From Other Players! 👍 Like the game for future updates! 🚀
10298144467,107653945083776,Roll Anime to Fight!,Another Slop,Group,657759819,All,Simulation,Tycoon,2026-06-10T00:33:10.805Z,2026-10-04T16:34:39.462Z,6,,2026-10-06T20:21:17Z,"🔥 Roll an anime to fight! ⚡ Roll for powerful anime fighters! 💥 Build the strongest team possible! 📈 Merge animes to level them up! 👹 Survive endless enemy waves! 🏆 Reach higher checkpoints and earn huge rewards! ✨ Collect rare animes and mutations! Can you reach the final wave? Tags: Anime, Simulator, Defense, Gacha, Merge, Idle, Battle"
10299762956,93400241783915,[UPD 1.6.0] WW3 Commander,WW3 Command HQ,Group,845527422,All,Simulation,Tycoon,2026-06-10T08:52:01.512Z,2026-09-22T04:18:27.147Z,6,,2026-10-06T20:21:17Z,"Welcome to WW3 Commander! ⭐ Gameplay: • Buy engineers to build and develop your nation 🏗️ • Upgrade engineers to increase construction speed and boost your economy 💰 • Buy missiles, lock on, and attack other players 🚀 • Build air defense systems to intercept enemy missile attacks 🛡️ • Attack pirate islands to earn extra rewards and resources 🏴‍☠️ 🎖️ Can you become the strongest WW3 Commander? • Build a powerful economy and rapidly develop your nation. • Balance offense and defense to become an unstoppable commander. 👍 If you enjoy the game, please give us a like and add it to your favorites!"
10302179427,117996728392182,[🔺 NEW SHAPES] Stack the Shapes,Square Lab,Group,895800031,All,Puzzle,,2026-06-10T18:21:38.584Z,2026-10-06T02:43:04.5208487Z,8,,2026-10-06T20:21:17Z,⚖️ Stack the Shapes Drop the shapes and keep the balance. 🧩 Solve tricky puzzle levels 🔺 Discover fascinating shapes 🏆 Master the perfect balance Inspired by Super Stacker 2
10308844888,85624479560888,Board Of Hell,YELLOWBALLOON PROJECTS,Group,1063919834,All,Obby & Platformer,,2026-06-11T20:03:26.774Z,2026-10-06T11:17:33.4468044Z,10,,2026-10-06T20:21:17Z,"Board Of Hell! 🔥 🏂 🛹 Choose YOUR board that you like the most to cruise through the stages with! 🛹💨 Race, jump, drift, and speed your way through 30 challenging randomly-generated board stages! 🏁 Test your skills, master tight turns, hit boosts, and see how far you can go. 🏆 Can you beat all stages before the others? Tags: Obby, Obby But, Obby But you're, Board, Board Obby, Obby but you're on a Board, Board of hell, Skateboard, Snowboard, Oneboard"
10309128556,84568117169118,HELLHOLE [🧟‍♂️],Game Chefs,Group,9165165,All,Shooter,PvE Shooter,2026-06-11T21:36:46.275Z,2026-10-06T06:27:15.0145443Z,50,,2026-10-06T20:21:17Z,ALPHA - bugs will be expected. THE SURFACE IS GONE. THE ONLY WAY OUT IS DOWN. HOW DEEP CAN YOU GO? Games now save under the host only Controls: PC: Click - Shoot Shift - Sprint R - Reload Ctrl - Unlock Mouse Controller: R2 - Shoot L3 - Sprint X - Reload 🛗 DROP INTO THE SHAFT 🔫 GUN DOWN THE HORDE 🎁 CRACK OPEN EPIC LOOT 🧬 STACK ALL UPGRADES 💥 GO DEEPER. DIE. RUN IT BACK. Like the game & join the group for updates! 👍
10310563053,119355263204054,Keyboard Wars,Slime Time Studios,Group,34242037,All,Party & Casual,,2026-06-12T04:40:32.293Z,2026-09-11T21:07:25.555Z,12,,2026-10-06T20:21:17Z,"Cut players off to claim their keys! 😈 Enclose areas to grow your territory! 🚩 Collect letters to complete words! ✏️ Unlock new keys and sounds! 🎁 If you're having fun, don't forget to like the game :D 👍"
10310999762,86259628805375,💪 +1 Strength to Grow Your Arm！,Core X Games,Group,227788519,All,Simulation,Incremental Simulator,2026-06-12T06:23:00.879Z,2026-10-02T14:40:53.818Z,6,,2026-10-06T20:21:17Z,💪 Welcome to +1 Strength to Grow Your Arm! 🏋️ Lift weights to gain Strength! 💪 Watch your RIGHT ARM grow BIGGER and STRONGER! 💥 Smash through walls and unlock new areas! 🧠 Find Brainrots hidden behind the walls! 🏃 Bring them back to your base! 💰 Earn Coins and buy even stronger weights! 🔥 Keep training and grow the BIGGEST ARM! 💪 LIFT → GROW → SMASH → COLLECT → EARN → REPEAT! 🏆 How BIG can your arm get? 👍 LIKE the game! Obtain the Mythic-quality Brainrots！ ⭐ FAVORITE for more updates!
10313654312,96998187286943,🎵 Guess the Thai Song,HqazaedctK_2004,User,2297559019,All,Entertainment,Music & Audio,2026-06-12T15:24:28.971Z,2026-10-06T23:38:49.7249415Z,12,,2026-10-06T20:21:17Z,เกมทายเพลงไทย [เวอร์ชันทดลอง] ยังไม่สมบูรณ์ เกมนี้พัฒนาโดยคนเดียว การอัปเดตและการแก้ไขบัคอาจใช้เวลาสักหน่อย แต่จะค่อย ๆ ปรับปรุงให้ดีขึ้น ขอบคุณที่เล่นเกมนี้! เกมนี้จะมีอยู่ 3 โหมด 1.Elimination ผู้เล่นจะต้องตอบเพลงให้เร็วที่สุดและต้องถูกจะได้รับเงิน 2.Team จะมีเพลงสุ่มมา 2 เพลงแล้วให้ผู้เล่นเลือกเพลงที่ตัวเองชอบ 3.Chaos ผู้เล่นจะต้องฟังเสียงเพลงและเดินไปยืนที่ช่องที่ถูกต้อง โหมดนี้ผู้เล่นจะต้องเล่นให้จบถึงจะได้รับรางวัล [Fix ปรับให้ง่ายขึ้น]
10321202755,100429474155186,[✨] Anime Fighting Simulator,Anime Fighting Simulator | BZ,Group,942260693,All,Simulation,Incremental Simulator,2026-06-13T17:13:16.808Z,2026-10-04T17:10:37.12Z,24,,2026-10-06T20:21:17Z,"⭐ Use Code ""WIZARDKING"" for FREE rewards! ⚔️ Welcome to Anime Fighting Simulator! Train your stats, unlock powerful anime abilities, and become the strongest fighter! 💪 Train your power! 🔥 Unlock powerful anime powers, transformations, fruits, stands, and specials! 👑 Show off your strength 😈 Battle bosses for rare drops and rewards! 🛡️ Summon and level up champions to train and fight alongside you! 🎁 Collect mounts, auras, weapons, titles, and exclusive cosmetics 🌍 Become the strongest and dominate the leaderboards ⚔️ Fight other players and prove you're the ultimate fighter! 🎉 Join our community for exclusive rewards, codes, sneak peeks, and update announcements!"
10324001605,93028168925975,🌷 My Flower Shop,Magic Box Games,Group,15211300,All,Simulation,Tycoon,2026-06-14T03:47:01.93Z,2026-10-05T09:01:39.69Z,4,,2026-10-06T20:21:17Z,"Start with a small flower shop and grow it into a flourishing florist. Plant, grow, and harvest beautiful flowers, craft bouquets and floral arrangements, and welcome customers as you expand your garden and shop. 🌸 Plant, grow, and harvest a wide variety of beautiful flowers! 💐 Craft bouquets and other floral arrangements! 🛍️ Sell flowers and handcrafted creations to customers! 🌱 Your flowers will grow offline! 💼 Hire staffs and upgrade your shop as you level up! 🏡 Decorate your flower shop and garden to create the coziest atmosphere! 🔥 Daily streaks! Come back every day for rewards! 🔔 Don't forget to hit the FOLLOW button to be notified when new updates are available! Or follow us on the social media platforms listed below! ✨ Join our group for 2X DAILY REWARDS! 👍💬 More content is coming soon! Like the game to support our development!"
10329489265,138205182571367,[UPD🖌️] Paint to Hide and Seek!,Blend In!,Group,739746893,All,Party & Casual,Childhood Game,2026-06-14T21:06:15.705Z,2026-10-06T19:07:15.2301184Z,20,,2026-10-06T20:21:17Z,"🎨 PAINT AND SEEK! Pick your color, blend into the world, and hide before the Seekers find you! 🎨 Hiders: Paint yourself and disappear into the map! 🔍 Seekers: Search carefully and catch every hidden player! ⏳🏆 Survive until the timer ends to win the round! ✨ Change into any color you want! 🧱 Camouflage with walls, floors, props, and objects! 😈 Trick the Seekers with smart hiding spots! 💥 Quick rounds, funny moments, and chaotic hide-and-seek action! Can you blend in perfectly… or will the Seekers catch you first? ☠️🎨 🏷️ Tags: Paint and Seek, Hide and Seek, Paint and Hide, Camouflage, Camo, Color Hide, Mecha, Prop Hunt, Blend In, Multiplayer, Hider, Seeker, Stealth, Round Based, Survival, Casual, Hide N Seek, Chameleon, Creative, Fun, Party Game"
10335507006,132823656935976,[🥚] Shoot for Brainrot 🎯,Shoot for Brainrot,Group,303429508,All,Simulation,Tycoon,2026-06-15T23:54:56.414Z,2026-10-06T21:06:48.8830285Z,6,,2026-10-06T23:48:08Z,"Shoot for Brainrot! 🎯 💥 Shoot, catch & collect Brainrots! 🌊 Survive the tsunami you just triggered! 💸 Place your Brainrots on your plot and make money! 💪 Farm Damage to catch stronger Brainrots! 🔥 Upgrade your Brainrots and build the ultimate collection! 🏆 Can you collect the strongest Brainrots? 🙏 Thanks for playing! 👍 Like and favorite if you enjoy the game! Do not use exploits or cheats. Our anti-hack system will detect and ban exploiters."
10336278580,122572082932179,[💎] Sell Ores ⛏️,The Ore Drillers,Group,918026845,All,Simulation,Incremental Simulator,2026-06-16T03:52:35.427Z,2026-10-05T00:31:29.71Z,6,,2026-10-06T20:21:17Z,"Welcome to Sell Ores! - 🎁Use Code: RELEASE, EXPANSION - 💎Place and Mine ores - 🤖Upgrade your drones and expand your base - 💰Sell your ores for money You won't get kicked for being AFK! Remember, your base earns offline! Join Discord Group for Codes!"
10338952197,94640181989498,Grow a Chicken Fighter,Grow a Chicken Fighter,Group,180466034,All,Simulation,Tycoon,2026-06-16T14:59:20.172Z,2026-09-26T15:23:39.098Z,8,,2026-10-06T20:21:17Z,🐔 Welcome to Grow a Chicken Fighter! 🥚 Hatch · ⚔️ Battle · 🧬 Fuse CODE: WELCOME 🥚 Hatch eggs and collect rare chickens 💰 Send them to the PIT to fight for money 🏰 Climb the TOWER and beat every boss 🧬 FUSE two chickens into a mutated monster 🌟 Rebirth to earn way faster ⚡ Unleash insane anime SPECIAL ABILITIES Your chickens keep laying eggs while you're offline ⭐ 👍 Like + ⭐ Favorite! 👥 Join the group! 🔔 Follow for codes and updates!
10350558449,119609933650338,[⏰ Event] Dog Race 🐕💨,Zoo Race Club,Group,525269288,All,Simulation,Incremental Simulator,2026-06-18T13:04:08.603Z,2026-08-14T09:36:54.643Z,20,,2026-10-06T23:48:08Z,"🔥 HOURLY EVENT IS COMING 🔥 🎁 New Code: NEW, DOG, WEEKEND Welcome to Dog Race ⭐️ Run fast and reach the finish before time is up! 🏁 💪 Train to Get Stronger 🏆 Race and Win Prizes 🌍 Climb the Top 50 Leaderboard 🐾 Hatch Cute Pets ❤️ Like the game to get free codes! ❤️ Join the group for special rewards! Tags: Race, Puppy, Pet, Speed, Power, Training, Fast, Run, Strong, Cute, Animal, Fun"
10351850295,90740816183375,[🏆X3👟X111] 🥷 +1 Speed Ninja Keyboard Escape,Great Developers and Friends,Group,900737444,All,Simulation,Incremental Simulator,2026-06-18T17:35:28.926Z,2026-10-05T19:17:31.8414959Z,22,,2026-10-06T23:48:08Z,"🥷 Escape the Keyboard and Build Incredible Speed! ✨ Gain movement speed every time you take a step. 🏆 Unlock powerful multipliers to accelerate even faster. 🤸 Master jumps, shortcuts, and parkour challenges. 🌍 Compete to become the #1 speed runner. 🎉 Group members receive exclusive bonuses! ⭐ Leave a favorite if you enjoyed playing!"
10370802481,105452889569708,[UPDATE] Beatball,Lucentum Games,Group,1102575454,All,Sports & Racing,Sports,2026-06-21T16:53:57.412Z,2026-10-06T16:22:49.7829043Z,8,,2026-10-06T20:21:17Z,"⚽ BEAT THE BALL, BE THE BEST ⚽ Fast physics-based soccer inspired by Haxball & Rocket League. One kick button, pure skill, easy to learn, impossible to master! ⭐ NEW SEASON #4 🏆 RANKED 1v1, 2v2, 3v3, 4v4: climb the divisions every season 🎪 Official TOURNAMENTS every weekend ⚔️ CLANS: fight for the wins, ranked and tournament leaderboards 👥 Play with friends: parties up to 4 + custom rooms up to 16v16 🎨 Unlock skins, trails, goal effects & quick chats 📱 Play anywhere: PC, Mobile, Tablet & Console 🎁 CODES: - LIKETHEGAME - FUNNYBUBBLE Created by: chus_robloxx soccer football futbol bonk blue lock rivals rocket league sideswipe super league soccer street soccer futsal 2d soccer arcade soccer physics soccer sports ball goal ranked competitive tournament clans training 1v1 2v2 3v3 4v4 mamoball"
10371406677,122278212262864,Race for Eggs,xFrozen x Dudes,Group,719390069,All,Simulation,Tycoon,2026-06-21T18:51:59.367Z,2026-10-06T20:08:14.7806948Z,5,,2026-10-06T20:21:17Z,"Race for Eggs! UPDATES EVERY SATURDAY! 🏃 Train to Gain Speed! 🥚 Win Races to Earn Eggs! 💸 Use Pets to Earn Cash! ROBLOX PLUS PLAYERS GET +10% Cash Tags: Animals, Cute, Pets, Friends, Fun, Speed, Fast, Collect, Rainbow, Colorful, Rebirth, Stars, Friends, Simulator."
10376944238,134363641369914,Build Your Backrooms,Wind Sun Moon [WSM],Group,480951000,All,Simulation,Tycoon,2026-06-22T16:29:40.706Z,2026-10-04T17:42:18.049Z,6,,2026-10-06T20:21:17Z,🛠️ Build your incredible backrooms maze. 👥 People will enter the maze. 😈 Put monsters in the maze to catch people. ⭐️ Collect cool buildings and strong monsters for more cash. 🔍 Enter your maze or someone else's maze to explore. ✅ Monsters catch people even offline. ✅
10378885079,132768098780837,[⚔️UPD] Block Wars,Splitting Point | Block Games,Group,126178198,All,Action,Battlegrounds & Fighting,2026-06-23T01:58:40.95Z,2026-09-28T23:04:34.973Z,30,,2026-10-06T23:48:08Z,"Welcome to Block Wars 🔨 Inspired by Jandel's first Bed Wars game! - Defend your core, destroy enemy cores, and fight to be the last team standing! 1. Mine your blocks with your pickaxe ⛏️ 2. Protect your core with blocks 🛡️ 3. Spend blocks on gear upgrades ⚔️ 4. Build to other teams, and FIGHT 🥊 5. BE CAREFUL! The Storm is coming in 😧 Complete quests to unlock rewards, and buy kits to unlock special perks!"
10380743712,98981291156378,BASTA / STOP [TUTTI FRUTTI] 💡,Veltrane Games,Group,468804612,All,Puzzle,Word,2026-06-23T10:54:46.553Z,2026-10-05T17:46:05.9848484Z,30,,2026-10-06T20:21:17Z,"Welcome to STOP! Think Fast!! Test your speed, memory, and creativity in this fun word game. Choose answers before the others, complete the categories, and shout ""ENOUGH!"" when you're done. Can you think fast and beat everyone? 📝 Complete words according to the indicated letter ⚡ Be fast before someone says ""ENOUGH!"" 🏆 Compete against other players and prove who knows the most 😂 Answer funny categories with your friends 💰 Earn rewards while playing 🎁 Collect daily prizes and unlock surprises 🛒 Visit the store to get items and upgrades 👍 Don't forget to like and add the game to favorites if you're having fun! Enough, Stop, Wordplay, Letters, Categories, Friends, Fast, Roblox, Fun"
10383037602,100722736774753,Guess My Football Country 🏆,Happy burger face,Group,748857047,All,Party & Casual,,2026-06-23T17:04:57.451Z,2026-09-03T18:33:01.548Z,24,,2026-10-06T23:48:08Z,Welcome to Guess My Football Country ⚽ 🌍 Guess your opponent’s country before they guess yours! 🧩 Uncover the hidden flag piece by piece. 🏆 Be the first to guess correctly and win!
10387635049,79475945127283,[GARDEN🌱] Race Horses,Gorilla Grafters,Group,1006560817,All,Simulation,Tycoon,2026-06-24T14:37:22.212Z,2026-10-06T10:56:26.5471512Z,8,,2026-10-06T20:21:17Z,"🐴 Welcome to Race Horses! 🏁 Build your stable, hatch your own horses, and race them for cash! An idle RNG racing game where your stable keeps earning even offline! How to Play: 🥚 Buy eggs and hatch your own horses 🏇 A new race every minute 🏆 All horses have a random chance of winning but better horses earn more! 🎨 Coats, eye size and traits are all random — no two horses match ✨ Hunt ultra-rare 1-in-[X] traits and shiny variants 🥰 Care for your horses for extra XP bonus 🏠 Upgrade your stable to earn faster Remember, your horses keep earning while you're offline ⭐ 🎮 Supports Desktop, Console, Mobile, and Tablet players"
10389762549,88723502997575,Sword RNG X,Vermillion Inc.,Group,948557217,All,Simulation,Incremental Simulator,2026-06-25T00:47:01.724Z,2026-10-06T23:09:58.2662139Z,10,,2026-10-06T20:21:17Z,⚔️ Welcome to Sword RNG X!⚔️ 🎲 Roll & collect unique Swords 🛠️ Upgrade/Evolve/Ascend your Swords! ✨ Summon AURAS to dominate enemies! 👹 Fight EPIC bosses in different worlds! 👑 Become a LEGENDARY Swordmaster! 🍀 Like & join group for +1 Luck and +15% Gold! 🍀 🤍🖤 Thanks for Playing! Follow for updates and special codes! 🖤🤍
10390151142,129244982349741,Run a Dance Studio,Dance Interactive,Group,610725860,All,Simulation,,2026-06-25T02:48:30.862Z,2026-10-03T14:23:36.304Z,10,,2026-10-06T20:21:17Z,
10391036163,126096010539917,Anomaly Detected,BanuTheCat,User,8212131806,All,Survival,,2026-06-25T07:20:26.738Z,2026-10-06T06:53:36.2275476Z,8,,2026-10-06T20:21:17Z,"Your shift has begun. Memorize every room, spot anomalies, and report them before whatever lurks in the shadows notices you. 👁️ DON'T LOOK AWAY Every detail matters. A misplaced object, a turned off light, or a shadow that moves on its own, report it immediately. Miss too many anomalies, and your shift ends permanently. 🤝 SOLO OR CO-OP Take on contracts alone, or monitor the feeds together with friends. 🚨 NEW LOCATIONS & ANOMALIES COMING SOON New cases and surveillance sites are currently in development. Like the game and join the X Core Studios group to stay updated on future content drops and submit your own terrifying ideas! Solo-developed passion project. Thank you for playing and supporting the game! Controls & Tips: [Shift / L2 / Double Tap] Zoom | Headphones Recommended Tags: horror, psychological horror, anomaly, spot the difference, surveillance, found footage, security camera, paranormal, liminal, mystery, thriller, creepy, suspense, co-op horror"
10393438342,99703116573266,[🎂 X2 🎫 + X2 💰 ] Alliance Tower Defense! ⚔️,MrUpTime’s Games,Group,201343620,All,Strategy,Tower Defense,2026-06-25T16:40:20.039Z,2026-10-06T21:10:33.3478751Z,35,,2026-10-06T20:21:17Z,🪠 Welcome To Alliance Tower Defense ✨ ⭐ Earn Coins in Matches! 💰 Spend Coins on Summon to Get a Strong Unit! ⚔️ Equip Your Team With Units! ✨ Become Top 1 On The Leaderboard! ⏳ Weekly Updates Are Waiting for You! 💙 MrUpTime's Games 💙
10393620082,125306084071551,Build an ASMR Tower,+100,Group,1074639767,All,Simulation,Tycoon,2026-06-25T17:25:03.135Z,2026-10-01T01:29:58.301Z,8,,2026-10-06T23:48:08Z,"⭐ Welcome to ""Build an ASMR Tower"" where you can build your own SATISFYING OBBY! How to play: 💰 Buy Satisfying ASMR Tools 🔨 Place them down at your base and Build Your OBBY! 🧐 Earn money with placed blocks 😎 Build the coolest tower and more ------- Can you build the best OBBY? Your Own ASMR World!"
10394064134,112333343527957,Highschool Experience RP,Master Works,Group,35281831,All,Roleplay & Avatar Sim,,2026-06-25T19:27:58.624Z,2026-10-03T00:07:21.425Z,50,,2026-10-06T20:21:17Z,"👋 Welcome to Highschool Experience RP where you can become a principal, teacher, security, nurse, meet new friends, use fun gears, dance, ragdoll, and much more! 👫 Make new friends and socialize 🔊 Use voice chat to talk to players 👗 Customize your avatar with your imagination 🕺 Dance and explore the school! 💬 Commands: /korblox, /headless Updates come weekly! Like (👍) + Favorite (⭐) the game for more updates! 🥚 Make sure to join our group ""Master Works"" for FREE gears!"
10397566868,74511210941284,[🧬MUTATIONS] PAINT OR DIE!,100 CCU PLEASE,Group,127465947,All,Party & Casual,Childhood Game,2026-06-26T11:57:30.71Z,2026-10-05T18:39:11.0284435Z,16,,2026-10-06T23:48:08Z,"Paint your Dummy, Camouflage into the map, and hide from the Seekers! 🖌️ PAINT YOURSELF: Navigate all color pools and coat your avatar! 🦎 BLEND: Blend into walls, floors, and objects! 🏆 SURVIVE: Fool the seeker with clever hiding spots! Will you blend into the map... or DIE trying? ☠️👀 ✨ Like and Favorite the game if you enjoyed playing! Inspired by Meccha Chameleon 🏷️Tags: Paint or Oof, Hide and Seek, Camouflage, Camo, Painting, Prop Hunt, Blend In, Multiplayer, Hiding, Seeker, Stealth, Round Based, Survival, Casual, Hide N Seek, Color, Creative, Meccha, Chameleon, Paint And Seek, Seeker, Seek, Paint to, Hide"
10398947938,129554597954928,Venture : AOT,AOT: Venture,Group,887321732,All,Action,Open World Action,2026-06-26T16:49:51.928Z,2026-10-06T23:45:58.3129613Z,40,,2026-10-06T20:21:17Z,"CODES ON THE GAME'S X SHUTDOWN = UPDATE Group Members get 5% more money and xp! Hover over the money label to drop money It is recommended that you join the communications server. Change your customisation in the CUSTOMISATION building. Mobile hook button can be changed in SETTINGS Change MOBILE button sizes, transparency, in TOPBAR -> LAYOUT Controls: In [Tab Menu] -> Settings -> Keybinds Controls are interchangeable ingame. Attack on Titan Venture | AOT SNK Shingeki no Kyojin | ODM gear 3D maneuver gear grappling hook | titan shifter colossal titan armored"
10399125962,73621314943835,Guess the character color,CineStars,Group,209948163,All,Party & Casual,,2026-06-26T17:30:08.796Z,2026-10-05T13:49:20.6710035Z,26,,2026-10-06T20:21:17Z,"Guess the characters color in a 1vs1 duel, fart on your opponent if you win A lot of characters as Gumball, Peppa pig, your mom, i dont care im not even paid to do this Tags: guess the color, colour game, lava, obby, survival, tower, climb, race, party game, minigame, tycoon, simulator, fun, friends, multiplayer, guessing game, color picker, trolling"
10399136326,108567435288296,Anime Ability Arena,no dj khaled we the best,Group,1049827595,All,Action,Battlegrounds & Fighting,2026-06-26T17:32:45.237Z,2026-10-04T03:34:21.824Z,18,,2026-10-06T20:21:17Z,"Welcome to Anime Ability Arena. Jump into fast-paced battles, use anime-inspired powers, and defeat players to earn Yen. Use your Yen to unlock new characters, test different movesets, and find the ability that matches your fighting style. 🔥 Game Features 20 playable characters Unique ability movesets Fast arena combat Earn Yen by fighting More characters and updates coming soon 🎮 Supported Devices PC, Mobile, Tablet, Xbox, and PlayStation ⭐ Like and favorite the game for more updates! ⚠️ Rules No exploiting, cheating, alt farming, or bug abusing. Breaking the rules can lead to a permanent ban."
10399413858,73578698401320,Bid For Soccer Cards!,SOCCER SILLY GAMES studio,Group,419937938,All,Party & Casual,,2026-06-26T18:42:31.785Z,2026-10-02T12:49:18.84Z,24,,2026-10-06T23:48:08Z,"⚽ Welcome to Bid For Soccer Cards! Join exciting auction duels, bid your cash, and collect the rarest Soccer Cards! ✅ How to Play: 🏦 Join an auction table 💰 Bid against another player 🃏 Win Soccer Cards and grow your collection 📈 Earn money from your cards 🍀 Upgrade your luck to obtain rarer cards ✨ Discover Gold, Diamond, Rainbow and Secret Cards 🔄 Rebirth to become even stronger 🎁 Gift passes to your friends Can you outbid everyone and build the greatest Soccer Card collection? Leave a like and join our group to support the game and claim a free reward! ❤️"
10399524075,78091651370612,[NEW] Build A Golem! ⛏️,mesmerizing (really),Group,621477904,All,Simulation,Incremental Simulator,2026-06-26T19:11:42.069Z,2026-09-29T07:10:10.83Z,6,,2026-10-06T20:21:17Z,⛏️Welcome to Build A Golem⛏️ How to Play: • Roll and buy various golem parts 🎲 • Build them together in crafter 🎶 • Let them mine and earn you cash 💸 • Claim various rewards and expand your mine⭐ Your golems work offline !⏰
10403820097,72001091182267,Hot Potato 🥔💥,Potato Experience,Group,93320823,All,Party & Casual,,2026-06-27T12:57:15.493Z,2026-09-06T07:56:16.234Z,12,,2026-10-06T20:21:17Z,"💥 Welcome to Hot Potato 🥔 💣 Pass the potato before it blows 💀 don’t get caught holding it! 🏃‍♂️ Tag friends, dodge chaos, and survive every round. ⚔️ Make it to the final 2 and duel for the win! 🏆 Last alive wins 💰 Earn Cash + unlock skins, trails & titles ⚡ Fast rounds, constant chaos 💥 Countdown finish = BOOM! ⭐ Like 👍 and Favorite ⭐ for more updates!"
10404519332,82712304391069,🪓 Carve Wood! [Fall Update],$1b,Group,1092080264,All,Simulation,Tycoon,2026-06-27T15:09:16.992Z,2026-10-05T05:46:15.811Z,6,,2026-10-06T20:21:17Z,Welcome to Carve Wood! 🌲 Grow rare trees and cut them down for their wood 🪓 Carve logs and sell them to customers! 👷‍♂️ Hire workers that work for you! Your lumber yard grows trees offline! 💵
10405785379,115035699922620,[🐝] Build a Garden Tower,Evil Penguinz,Group,10142514,All,Simulation,Tycoon,2026-06-27T19:15:55.391Z,2026-10-03T15:00:03.202Z,6,,2026-10-06T23:48:08Z,"Welcome to Build a Garden Tower! See how high your garden tower can go! 🌱 Buy Plants and Grow them • Get the rarest plants and build the tallest tower! 💰Sell your harvest for cash • Max out your crates and make money! 🚀 Upgrade Your Tower Farm • Get more floors and more building space! 💾 All your progress saves! Available for PC, Mobile, and Console"
10410945205,90086669327265,+1 Cut Grass Adventure,Grassini,Group,113072261,All,Simulation,Incremental Simulator,2026-06-28T13:55:53.933Z,2026-10-05T09:17:39.728Z,15,,2026-10-06T20:21:17Z,🌿 Welcome to the +1 Cut Grass Adventure! 1. Build up your Strength 💪 2. Cut the grass 🌱 3. Collect loot and sell it! 💵 4. Buy new cutters and upgrades ⬆️ 5. Rebirth and clear the entire field! 🔄 💤 You earn Strength and Money even while you’re offline!
10415694629,81734857983173,Carry the Glass Together! [2 Player Obby],Ritronics Studios,Group,774362029,All,Obby & Platformer,,2026-06-29T09:42:54.776Z,2026-10-06T19:52:24.8802397Z,26,,2026-10-06T20:21:17Z,"CARRY THE GLASS WITH A FRIEND 2 PLAYER CO-OP OBBY Carry the glass through a dangerous obstacle course in Bring the Glass, a 2 player co-op obby where you and a friend must protect a fragile pane all the way to the top. Coordinate your movements, tilt the glass through tight gaps, dodge swinging hammers and reach each checkpoint without letting it shatter. One wrong move can break everything! 🤝 2-PLAYER CO-OP you can’t do it alone 🪟 FRAGILE GLASS one wrong move and it shatters 🏗️ REACH THE TOP of the tower together 💾 CHECKPOINTS no need to restart from the beginning 🎮 NOW ON CONSOLE! Play on console, PC, phone or tablet controller supported. 👥 JOIN THE GROUP & FOLLOW THE COMMUNITY! Join our Roblox group and follow the community to stay updated with new content, improvements, announcements, and more! This is an early beta made by a passionate solo developer. It’s my first Roblox game, and I’m still actively improving it, fixing bugs and adding new content. Honest feedback"
10415845204,134719268825886,[🖥️ NEW] Clicker Simulator! 🖱️,Cooked Click,Group,773411069,All,Simulation,Incremental Simulator,2026-06-29T10:21:44.568Z,2026-10-06T19:24:52.1970588Z,10,,2026-10-06T20:21:17Z,🖱️ Welcome to Clicker Simulator! ⚡ ⚡ Tap anywhere to earn Clicks! ♻️ Rebirth to boost your multiplier! 🐾 Hatch eggs and build a powerful pet team! ✨ Discover hundreds of unique pets! 📅 Weekly updates! 💙 Thanks for playing!
10418117926,80000420704526,🏪[8K+ MEGASTORE] Clean The Superstore!,CleanTogether,Group,283768575,All,Simulation,,2026-06-29T19:34:45.2Z,2026-09-18T21:55:03.351Z,12,,2026-10-06T20:21:17Z,"👍 THUMBS UP FOR MORE UPDATES! 👍 Welcome to Clean the Store! 🏪 The store is a complete mess! Pick up, sort, and restock thousands of items to bring everything back to normal. 🎮 How to Play 🧹 Clean & Sort – Follow the signs to organise and restock over 3,000 misplaced items. 📈 Upgrade – Earn points by filling up shelves to unlock upgrades! 👥 Play Together – Clean solo or team up with friends to finish faster. 🏆 Compete – Beat the timer and climb the global leaderboards. 💻 PC Controls Q – Drop Click – Place Scroll Wheel – Cycle Items 🛒 Can you clean the entire store and restore it to perfection? #Satisfying,Asmr,Cleaning"
10418224975,101304595834078,+1 TNT Mining,Slap Core Games,Group,980199281,All,Simulation,Incremental Simulator,2026-06-29T19:59:57.711Z,2026-09-20T20:53:24.253Z,16,,2026-10-06T23:48:08Z,"Why mine with a pickaxe when you can mine with TNT? 💥 🧨 Place TNTs and blow up the mine 💎 Discover rare and valuable blocks 💰 Sell your blocks for cash 🚀 Buy stronger TNTs and unlock new areas ⭐ The deeper you go in the mine, the rarer the blocks get. 🎮 Full support for PC, Mobile, Console 👍 Like and Favorite the Game for More Updates!"
10421901778,140576663170542,[CINEMA] Clean Everything,BTM's Group,Group,9685715,All,Puzzle,,2026-06-30T14:34:57.407Z,2026-10-04T21:44:54.467Z,15,,2026-10-06T20:21:17Z,"👍 Like to support the game & get more updates 👍 Progress automatically saves 💾 Current in-game maps : Toy Store, Pet Store, Bakery, Restaurant, School, Miniature, Cinema The stores are in total chaos — hundreds of items are everywhere! Pick them up and sort them back onto the correct shelves. 🧹 Grab & sort hundreds of scattered objects 📦 Match each one to its correct shelf ✨ Buy upgrades & unlock abilities to sort faster ⭐ Clean the whole store 🔼 Rebirth — keep permanent point bonuses 👥 Play solo or team up in a party! 🎮 CONTROLS 🖥️ PC - E or Left Click — Interact - Q — Drop - 1 / 2 / 3 / 4 — Abilities - T — Upgrades 📱 Mobile - Tap anywhere — Interact - On-screen buttons for abilities & menus 🎮 Console - RT — Interact - B — Drop - LT — Swap item - D-Pad — Abilities - Y — Upgrades X — Shop 💎 BONUSES - Roblox Plus — start every game with +5 points - +10% walkspeed for every friends"
10422038064,119507125348356,Launch a Lucky Block,Lucky Bear Studio,Group,711953536,All,Simulation,Tycoon,2026-06-30T15:10:02.188Z,2026-10-06T04:23:47.584547Z,5,,2026-10-06T20:21:17Z,"🏏 Launch a Lucky Blocks! 💥 🎯 Swing your bat and send Lucky Blocks flying with a huge home run! 🧠 The farther you hit them, the better your chances of getting rarer Brainrots! 💰 Place the Brainrots you collect on your plot to earn cash! 💪 Train your strength with dumbbells and hit them even farther! ⚡ Upgrade your power and keep breaking your personal record! 🌈 Collect Rare, Secret, and Limited Brainrots! 🏆 How far can you hit them? 👍 If you enjoy the game, please leave a Like, add it to your Favorites, and join the group! 🚫 The use of exploits or unauthorized tools is prohibited. If detected, you will be automatically banned."
10424107160,114125816375987,[🌙] Survive The Night,Duni&Minion,Group,60101259,All,Strategy,Tower Defense,2026-07-01T01:08:43.004Z,2026-10-06T23:23:29.8658098Z,50,,2026-10-06T20:21:17Z,Welcome to Survive The Night! 👀 THEY'RE COMING FOR YOUR DOOR - DON'T LET THEM IN! 👀 🏠 Claim a house and build towers to defend it 🎁 Unlock rare towers and hatch mysterious pets 🤝 Team up with friends for bonus coins ⚔️ Join a clan and survive ENDLESS battles 🏆 Climb the leaderboards and win EXCLUSIVE REWARDS 🎁REDEEM CODES: - FREECOINS - FREEGEMS How long can you survive?
10426768719,102524792142207,Traffic Flow 🚗 [RELEASE],The FoxStudios,Group,1092743556,All,Puzzle,,2026-07-01T11:48:12.473Z,2026-10-03T07:18:56.854Z,1,,2026-10-06T20:21:17Z,"Welcome to TRAFFIC FLOW! Build smart road networks and keep the whole city moving. Don’t let traffic win! 🗺️ Play across a variety of unique maps 🏠 Connect homes to destinations of the same color 🛣️ Draw, reshape and remove roads as your city grows 🚗 Watch cars navigate your network in real time 🌉 Cross obstacles using bridges and tunnels 🚦 Control busy junctions with traffic lights and roundabouts 🛤️ Build highways to connect distant parts of the city 🎁 Choose new upgrades at the end of each week 🏆 Set high scores and climb the global and friends leaderboards 🔓 Unlock new maps as you improve How long can you keep the traffic flowing? 💖 Like the game for future updates!"
10428543942,121903154323395,PURSUITCORE,TamaCorp,Group,5902296,All,Survival,1 vs All,2026-07-01T16:45:20.334Z,2026-10-03T21:52:26.897Z,8,,2026-10-06T20:21:17Z,"This game is work in progress, expect bugs and unfinished stuff. WARNING: This game has some flashing colors and fast-paced imagery, which may not be suitable for people with photosensitive epilepsy. Survive & escape in a team of up to 7 Users, or kill them all as the Terminator. OC Asymmetrical game heavily inspired by Sonic.EXE: The Disaster by OutLaik with some unconventional elements to it."
10430019389,126546868403353,[🎃] Spot the Fake For Anime!,20XX Studio,Group,777538855,All,Simulation,Incremental Simulator,2026-07-01T23:38:47.375Z,2026-10-06T17:19:09.4029142Z,6,,2026-10-06T20:21:17Z,🌸 Welcome to Spot the Fake For Anime! 🌸 🔍 Spot the Fake Anime Character! 🏃 Grab Characters and Haul Them to Your Base! 💰 Collect Rare Variants for HUGE Rewards! ⚔️ Fight Other Players to Steal! ⚡ Unlock Speed Upgrades and Climb the Stages!
10431718987,105724836892064,[🧬] Merge a Mini Army,My HQ!,Group,659716909,All,Simulation,Tycoon,2026-07-02T07:15:21.412Z,2026-10-05T12:42:39.1069379Z,6,,2026-10-06T20:21:17Z,"🪖 MERGE A MINI ARMY – Merge troops, build your army, and CONQUER the world! ⚔️ MERGE soldiers into STRONGER troops 💰 Your army earns CASH every second – even while you're OFFLINE! 🏕️ Capture enemy CAMPS to expand your empire ⚡ Build the strongest army and DOMINATE other players! Can you create the ULTIMATE mini army? 👍 Leave a LIKE if you enjoy the game! 🔔 Join the group for codes & updates! 🔥 NEW UPDATES EVERY WEEK"
10436530264,78490532994307,Build An Ant Empire,Insect Kingdom studio,Group,479094425,All,Simulation,Tycoon,2026-07-03T02:47:07.049Z,2026-10-06T09:18:42.1727518Z,6,,2026-10-06T20:21:17Z,"Welcome to Build an Ant Empire! 🐜👑 Start with a small colony and grow it into a massive ant empire! Roll new ants, collect food, earn money, upgrade your colony, and unlock powerful new ants. The bigger your empire gets, the more you can discover!"
10438013523,89035794510548,🕹️ Endless GAMES [NO ADS],Studio Heat,Group,358991183,All,Party & Casual,Minigame,2026-07-03T09:27:32.229Z,2026-10-02T14:57:55.355Z,35,,2026-10-06T23:48:08Z,"🕹️ Welcome to Endless Games! A whole arcade in one place — quick runs, big highscores. Hop between classics, beat your friends, and master every game! ⭐ Check the socials for codes 🎮 Games within a game"
10439568447,121781732399469,[UPD] Anomaly Cafe,Anomaly Cafe,Group,526425480,All,Survival,,2026-07-03T14:55:33.732Z,2026-10-06T07:31:14.7280262Z,24,,2026-10-06T20:21:17Z,"A Mascot Horror Survival Multiplayer game where you work at Emma's Cafe. Team up with your friends, serve hungry customers, maintain the café but beware! survive the terrifying anomalies that appear when you least expect them. ⭐ Join our group for exclusive in-game rewards! 👁️ Experience original characters, terrifying anomalies, custom music, and more... 👍 Like and follow to support the continued development of Anomaly Cafe! ⚠️This game is in alpha stage. Expect bugs or issues and help us by reporting it in our community server!⚠️ 🔔 Join the group for updates! https://www.roblox.com/communities/526425480/Anomaly-Cafe ☕ Inspired by Papa Louie game series and Animal Hospital"
10440833423,74102906764176,[✨] Greedy Growers 🌱,Banjo Lady Games,Group,830072163,All,Simulation,Tycoon,2026-07-03T19:34:07.285Z,2026-10-04T09:48:50.752Z,4,,2026-10-06T20:21:17Z,"Plant seeds and watch your trees grow to the moon! But be careful, lightning can strike at any moment! Don’t get too greedy… 🌊 Buy a seed from the river 🌱 Plant it in your plot 🌳 Watch your tree grow ⚡ Harvest before lightning strikes! 🎮 Available on PC, Mobile, Tablet, and Console 👍 Enjoying the game? Leave a thumbs up and favorite to support future updates!"
10441199872,104485012391716,Find and Mark!,Blue Capybara Studios,Group,683720931,All,Party & Casual,,2026-07-03T21:20:58.755Z,2026-09-26T06:30:09.824Z,30,,2026-10-06T23:48:08Z,"You or your Opponent chooses a number! 🤔 ⚠️ While one finds a number, the other Marks their page with X's ⚠️ Switch turns once the number has been found! 💀 Fill up your page before your Opponent or LOSE! Be quick in finding the number as well as marking the page!! ✨Like and favorite the game to show support!"
10445832507,91860758705132,Collect Planets,RockyStar Studios,Group,46815829,All,Simulation,Incremental Simulator,2026-07-04T14:16:41.131Z,2026-10-06T11:49:20.7419954Z,6,,2026-10-06T20:21:17Z,Collect planets to grow your very own solar systems Dig up asteroids to get orbs Hatch the orbs to discover new planets 🪐 Earn money from your planets to afford better orbs Planets generate money offline Collect all the planets and become rich! 💰
10446291786,71774876641249,Chat [💬🔊] rp ragdoll,RVC GROUP,Group,942494026,All,Social,,2026-07-04T15:42:26.436Z,2026-10-06T18:25:28.015355Z,50,,2026-10-06T23:48:08Z,"🎭 Chat RP is a role-playing game where players can immerse themselves in a virtual world, create their own stories, and interact with other characters. 🌎 Explore locations, participate in various role-playing scenarios, use in-game tools, and create unique situations together with other players. 🎮 The game offers various role-playing features: interaction with the environment, mini-games, emotions, items, and other functions to create exciting gameplay moments. 💻 Supported on: PC, phone, tablet, and VR. ⭐ Add the game to your favorites and give it a like so you don’t miss future updates! This experience was created exclusively as a role-playing game (RP Experience) and is designed to facilitate safe gameplay interactions within Roblox. This experience is not a social hangout. Do not break the rules in this experience. Follow the rules."
10452740285,134162299584012,Build a Gun Army,Weapon Williamson,Group,308858726,All,Simulation,Incremental Simulator,2026-07-05T15:25:48.632Z,2026-09-06T07:27:29.227Z,6,,2026-10-06T20:21:17Z,"Zombies are attacking your base, prepare your defenses! Buy guns to build your weapon arsenal Defend against waves of enemies Pick up coins to buy better guns Your guns fire automatically and defend offline! Collect all the weapons, build the ultimate defense, and become the richest!"
10454554751,112233638491976,[🎃] Unbox ASMR!,ASMR Labs,Group,1110056661,All,Simulation,Tycoon,2026-07-05T22:19:27.638Z,2026-10-06T17:13:32.8768901Z,6,,2026-10-06T23:48:08Z,📦Unbox ASMR Toys! 🎧Relax & collect! 🔓 Unlock new crates! ✨ Unbox rare ASMR toys! ⬆️ Upgrade your collection! 🎧 Enjoy relaxing sounds! 📦 Unlock better crates! 👥 Play with Friends for more cash! 👍 Like the game and join the group for ⚡ 2 FREE workers! 🔔 Follow for updates and special codes!
10455462279,74716719697996,[🎃SOON]🚪Survive Verity in Area 51🔦,Mochi Productions!,Group,478119907,All,Survival,,2026-07-06T02:30:15.017Z,2026-10-06T22:25:43.8299423Z,12,,2026-10-06T20:21:17Z,🚪 Can YOU survive VERITY in Area 51? 🔦 🗺️ Explore Area 51 and the BACKROOMS! 🗺️ 🔫 FIGHT VERITY with your WEAPONS! 🔫 🔎 Find ITEMS to help you SURVIVE! 🔍 🌟 Team up with FRIENDS and CLOSE ONES! 🌟 👍 LIKE and FAVORITE if you enjoyed! 🌟 ❤️ Join our GROUP to stay updated! ❤️ Credits to ThatMob for Verity character 💞 Credits to DM DOKURO for Boss Music 💞 Credits to Wrath of the Gods (Eclipsity Unbound SFX) 💞
10455741150,129692563688057,[HAUNTED] My Dino Life! 🦖,Primal Park!,Group,568232541,All,Survival,,2026-07-06T03:52:15.069Z,2026-10-06T00:21:26.2370224Z,30,,2026-10-06T20:21:17Z,"🦖 Welcome to My Dino Life! M1 - Bite R - Special 🍖 Devour food orbs to gain XP and evolve into bigger, deadlier dinosaurs 🌵 Explore 5 unique biomes: Forest, Desert, Snow, Wetlands & Aquatic ⚔️ Battle other players with unique attacks for every species 🦕 Evolve from a Microraptor all the way to the mighty Titanosaurus 🌊 Swim the depths as a Mosasaurus or rule the lands as a TRex USE CODE: RELEASE Early Alpha - please expect bugs and limited inventory. Inspired by MorphUp!"
10456511458,105355546387524,[🎃] Build to the moon!,We're Going to the Moon!,Group,574861210,All,Simulation,Incremental Simulator,2026-07-06T07:47:31.629Z,2026-10-06T15:27:31.7663586Z,12,,2026-10-06T23:48:08Z,"🌙 BUILD TO THE MOON! 🧱 Aliens stole your phone and escaped to the Moon! 👽📱 Build a giant spiral tower made of bricks, earn money, and unlock powerful upgrades to build faster and higher. Can you reach the Moon, defeat the aliens, and retrieve your phone? 🧱 Build your tower ⚡ Upgrade your building speed 💰 Earn money as you climb 🌙 Reach the Moon 👽 Take your phone back from the aliens! 👍 Like and favorite the game for more updates!"
10456881513,71376979720403,Think Twice,Bloxonic Gang,Group,602905706,All,Obby & Platformer,,2026-07-06T09:32:58.605Z,2026-10-04T16:13:22.185Z,16,,2026-10-06T23:48:08Z,"Welcome to Think Twice 🤔 Every step could be a trap... don't trust anything! 😈 💀 Troll obstacles 🎭 Unexpected surprises 🏆 Beat every stage if you can! 👍 Like & ⭐ Favorite for more updates! Ignore tags: Troll Obby, Obby, Troll, Funny, Rage Game, Parkour, Challenge, Adventure, Trap, Puzzle, Skill, Escape"
10458789587,90038414385014,[🏰] Build a House,Place a Brick,Group,1004134319,All,Simulation,,2026-07-06T16:33:29.616Z,2026-10-05T00:09:14.434Z,15,,2026-10-06T20:21:17Z,"👍 THUMBS UP FOR MORE UPDATES! 👍 Welcome to Build a House! 🏠 Start with an empty plot and build your dream house brick by brick! Collect materials, place every brick, and watch your small construction grow into an incredible home. 🎮 How to Play 🧱 Collect & Build – Grab bricks and place thousands of pieces to complete your house. 📈 Upgrade – Earn cash while building to unlock better tools, faster carrying, and new upgrades! 👥 Play Together – Build solo or team up with friends to finish the house faster. 🏆 Compete – Complete your house quickly and climb the global leaderboards! 💻 PC Controls U - Upgrades Q - Shop T - Settings Click – Place 🔨 Can you place every brick and build the perfect house? #Satisfying #ASMR #Building"
10460801145,103037106396302,TROLL Hug Tower,Trash Container,Group,762453382,All,Obby & Platformer,Tower Obby,2026-07-07T01:58:01.342Z,2026-09-22T05:40:45.925Z,20,,2026-10-06T20:21:17Z,"Climb the tower, catch other players, carry them around, and throw them into the lava! Will you reach the top… or get trolled first? 😈😈 ⭐ Favorite the game for updates! icons by @M1ROR1AN animations by @us_2v thumbnails by @MicrosoftConsole"
10463578886,131367064230486,💀 House Tower Defense 2,DeadB Studios,Group,721754948,All,Strategy,Tower Defense,2026-07-07T14:51:28.101Z,2026-10-03T18:41:15.461Z,12,,2026-10-06T20:21:17Z,"Welcome To The House 2! 🏚️ The darkness has returned… and this time, The House is stronger than ever. ⚔️ Summon powerful units to defend against enemies! 🥋Equip items to your units to power them up 👻 Battle zombies, ghosts, shadows, demons, and bosses! 🌍 Explore cursed floors, rooms and game modes! 🤝 Team up with friends and survive the darkness together! Can you defeat the evil inside The House 2? The game is in early beta."
10466601694,105072660911040,Oil Tycoon! ⛽,jitmoney inc,Group,491083736,All,Simulation,Tycoon,2026-07-08T05:17:27.772Z,2026-10-02T00:22:45.773Z,25,,2026-10-06T20:21:17Z,"Harvest oil, convert it into products, and sell it for profit! Meet shopkeep Miguel and destroy the oil monopoly in RoTexas!!!! 🛢️ Collect oil ! ⚙️ Upgrade your factory !! 🗣️ Find NPCs & secrets !!! 📋 Hire workers !!!! 💰 Get rich !!!!! inspired by Ice Tycoon 2 [ Produces offline 🏭 ] [ Like & join group for +10% cash 👍 ] [ Play with friends for +10% cash 💰 ]"
10469426282,84156601481934,[🍃Upd 9] 🔩 Resource Incremental,PGS Squad,Group,381196760,All,Simulation,Incremental Simulator,2026-07-08T17:14:21.166Z,2026-10-03T17:18:03.272Z,6,,2026-10-06T23:48:08Z,"❗If you have lost your data, join the community server and create a ticket❗ 👋 Welcome to Resource Incremental! 🔩 👍 Like and favorite the game for more content! Use code: Release 💵 Roblox Plus benefits: - 25% Cash 🔩 Collect Scrap & Convert to Cash ⚡ Upgrade to improve your stats! 🧩 Discover many features 🏆 Climb the Leaderboards 🔔 Join our community server for updates! ✨ Some things are inspired by other games 🤝 CREDITS: >> OskiNew1 – Everything"
10471583973,125496078313264,2 PLAYER Evolution Tycoon 🛸,Blackbox Tycoons,Group,33933873,All,Simulation,Tycoon,2026-07-09T04:13:51.785Z,2026-09-25T05:23:25.101Z,12,,2026-10-06T20:21:17Z,"tired of playing tycoons alone? grab a friend and build together in 2 Player Evolution Tycoon! 💵 start in the Caveman Era 🦴 , upgrade your base, unlock powerful gear, and evolve all the way into a futuristic space world!!!! 🚀 🤝 team up with a friend 🏗️ build and evolve your base ⚔️ unlock new weapons and upgrades 🌎 discover new eras like the game too for more bases! 😁👍 AND THE GAME SAVES PROGRESS! 💾😊"
10475794799,83038462357724,[UPD] Dig & Clean 🧼,Squeaky Clean!,Group,679586291,All,Simulation,Tycoon,2026-07-09T23:01:31.839Z,2026-10-05T02:21:39.565Z,6,,2026-10-06T20:21:17Z,"Welcome to Dig & Clean! How to Play: ⛏️ Dig up dirty junk and buried treasure! 💦 Spray it clean and find out what it is! 💎 Hunt for the rarest items in the game! 🏛️ Show off your best finds in your own museum! 🚀 Buy better shovels and spray bottles! 📱 Play on Mobile, Tablet, PC and Console! Grab a shovel. Let's see what you get!"
10481791182,126424052816775,NBA: Heroes 🏀,NBA: Heroes Fans,Group,35992602,All,Sports & Racing,Sports,2026-07-11T01:59:21.468Z,2026-10-06T18:54:10.4161582Z,24,,2026-10-06T20:21:17Z,"⚠️THIS GAME IS A NEW RELEASE, ALL IMPROVEMENT FEEDBACK APPRECIATED! LIKE AND EARN FREE REWARDS! 🎮 The Official NBA and NBA Players Experience on Roblox! Play as your favorite NBA Players! 🏀 Fast-paced 3v3 basketball games built for speed, skill, and nonstop action. Quick matches, tight courts, and constant pressure — every possession matters, and every move can break ankles. 🔥 Play as and level up your own official NBA PLAYER styles! Unlock unique abilities and discover different playstyles to dominate the court with confidence and flair. 🏆 Play your way. Team up with friends or go head-to-head against tough opponents — no luck, no shortcuts. Only skill decides who runs the court."
10482775464,70670854739587,Bad Guy Mystery,dyingblu,User,8374530594,All,Survival,1 vs All,2026-07-11T05:37:44.213Z,2026-10-05T16:18:04.5234282Z,15,,2026-10-06T23:48:08Z,💪 GOOD GUYS: Run and hide from the Bad Guy 🔫 PROTECTOR: Take down the Bad Guy and secure the victory 🔪 BAD GUY: Eliminate EVERYONE!
10485201326,74889851913797,[X2] +1 Power Per Click,67 POWER,Group,671178856,All,Simulation,Incremental Simulator,2026-07-11T13:59:06.188Z,2026-10-06T21:04:03.0418857Z,12,,2026-10-06T20:21:17Z,⚔️ Welcome to +1 POWER Per Click! 🚨2X POWER ACTIVE FOR EVERYONE!!!🚨 🏆 BE THE #1 POWER KING! 💥 Every click gives you MORE POWER! 🧱 Use your POWER to break through Walls! 🗡️ Discover STRONGER & CRAZIER Swords! 👑 Earn Wins and become the STRONGEST! 🐾 Hatch PETS for huge boosts! 🚀 Unlock powerful BOOSTS and get #1! 📱 Supports ALL Devices! 🎁CODES: - 2XALL - RIFT - JUNGLE - TITLELUCK - WORLD6 - TEMPLE 👍 Like & Favorite if you enjoy the game!
10495391267,110527353762049,Roblox Stock Exchange 2,Summit Productions Development,Group,33446529,All,Simulation,,2026-07-13T06:42:35.832Z,2026-10-06T21:59:00.6481212Z,35,,2026-10-06T23:48:08Z,"📈 BUILD YOUR TRADING EMPIRE! Start with a small account and work your way toward becoming a market legend. Study price action, discover leading stocks, manage risk, and grow your portfolio, even while you’re offline! 💰 Trade stocks, ETFs, futures, and IPOs 📊 Use advanced indicators and live order flow ⚡ Place limit orders, stop losses, and take profits 🤖 Unlock and upgrade algorithmic trading bots 🏆 Level up, rebirth, and expand your financial empire 📅 Track your performance with a P&L calendar 🔥 Use leverage, short the market, and master every market cycle Can you read the market, manage risk, and build the ultimate trading empire? THANKS FOR 10K LIKES CODE: TOOLS NEXT CODE RELEASES AT 15,000 LIKES ⭐ Like and favorite the game for future updates! All markets and currencies are simulated. This game does not involve real-money trading or provide financial advice."
10501640692,122702016864571,Murder Infinite,lucky little boxes,Group,603512723,All,Survival,1 vs All,2026-07-14T10:32:04.772Z,2026-10-03T17:53:55.082Z,12,,2026-10-06T23:48:08Z,"Play Murder Infinite with 15+ unique roles, special powers, rare items, unique skins, and tons to collect! 🎃 Halloween Event on October 8th!"
10501944811,129216769649527,[GUILDS 🛡️] Beat the Anime Boss!,Fun and Giggles Games,Group,914557479,All,Simulation,Tycoon,2026-07-14T11:49:23.701Z,2026-10-06T21:10:51.2602624Z,8,,2026-10-06T20:21:17Z,💤 UNITS EARN MONEY WHILE YOU ARE OFFLINE 🤑 👋 Welcome to Beat the Anime Boss! How to Play: ⚔️ Defeat Anime Bosses and collect their units! ✨ Upgrade your units to earn even more money! 🎲 Level up your Summoner for better rolls! 🧬 Find rare MUTATED units with insane boosts 🔥 Have the BEST units and climb the leaderboard! 👍 Like the game and join the group for updates!
10502841145,102072869879193,[OVERCLOCK] Anime Astral Simulator,StarX Inc,Group,33910482,All,Simulation,Incremental Simulator,2026-07-14T15:26:28.559Z,2026-10-06T21:37:23.5721303Z,10,,2026-10-06T20:21:17Z,"🎉 Welcome to Anime Astral, become the best fighter trainer! 🎁 Use Code ""Release"" for some FREE Boosts! 🚀 Explore and be the first to discover a secret fighter! 💪 Collect and train the strongest fighters! 🗺️ Explore the Worlds 🏆 Reach top of leaderboard with your friends! 🌀 Complete gamemodes to receive some rewards! 📱Supports Desktop, Mobile and and all other platforms ⭐ Made with ❤️ by Astral Team"
10503838245,72390882197205,Pop Bubbles!,Bubble Planet,Group,345496772,All,Simulation,Incremental Simulator,2026-07-14T19:46:07.261Z,2026-10-06T21:52:20.361757Z,7,,2026-10-06T20:21:17Z,"🫧 Welcome to Pop Bubbles! How to Play: 🫧 Pop Bubbles to earn cash 🌈 Catch Bubble Pets ⚔️ Equip Bubble Pets to deal more damage 🗺️ Unlock 10+ zones 🎲 Open Lucky Blocks to get OP weapons 🐣 Hatch eggs to collect pets 🔮 Rebirth to unlock mutations 👹 Fight giant boss bubbles with friends 🛡️ Join or create a guild ✨ Discover rarer bubble pets, mutations, weapons, and pets! 🎮 Supports Desktop, Console, Mobile, and Tablet players"
10504918958,109329896664198,[NEW STYLES] Shigaku,(私学 ) Shigaku,Group,1009579253,All,Action,Battlegrounds & Fighting,2026-07-15T01:32:52.664Z,2026-10-06T23:54:08.5650568Z,30,,2026-10-06T20:21:17Z,"""yo bro hop on shigaku"" Classroom of the elite slice of life experience MOBILE + CONSOLE + PC SUPPORTED Controls: T - Equip Fighting Style Ctrl - Phone C - Carry G - Grip K - Emote Wheel"
10507075860,129972079094718,TNT to Earth's Core! [Rebirths!],Exploding fun!,Group,556965441,All,Simulation,Incremental Simulator,2026-07-15T12:48:09.721Z,2026-10-06T17:00:42.046012Z,16,,2026-10-06T23:48:08Z,"Dig deeper and deeper to find rare ores! Will you be the first to reach earth's core? 👀 Ever wanted to explode the world? Good thing this game exists.. 💥 Unlock powerful TNT, nukes and massive explosions! ⚡ Dig deeper and deeper to find rare ores! 💪 Get the strongest TNT of them all! New ideas? Make sure to tell us! 🔥 Like and favourite the game for more updates!"
10508386614,79597426745602,Arasaka Academy [RELEASE] | Cyberpunk,Ordinance Games,Group,33322776,All,RPG,Action RPG,2026-07-15T16:53:38.01Z,2026-10-06T23:38:40.473195Z,60,,2026-10-06T20:21:17Z,"this truly was an arasaka academy. NEXT CODE AT 9K LIKES Controls: P- Phone T- Fighting Stance G- Emotes Q- Dash Shift- Sprint M- Menu Tab- Scanner B- Grip Z/X/C- Cyberware Usage Alt - Shiftlock Developers: KarmaDX3, 4unkin, All_ForSause Contributors;"
10512942223,114574503491412,Anime Zero [FLAME DIRECTOR] 🔥👻,LY*,Group,861404864,All,RPG,Action RPG,2026-07-16T12:58:55.536Z,2026-10-06T22:48:07.8805005Z,20,,2026-10-06T20:21:17Z,"Anime Zero is an immersive anime dungeon crawler RPG that combines deep exploration with fast-paced combat and a diverse lineup of high-intensity game modes. ⚠️ Anime Zero is currently in active development. As a result, you may encounter bugs, performance issues, or incomplete features. We appreciate your feedback and patience as we continue to refine the experience. Another Lyt Project"
10514223296,98498619006328,Flip a House! 🏠,Increates House,Group,605637856,All,Simulation,Incremental Simulator,2026-07-16T18:14:07.985Z,2026-10-06T23:22:39.7987103Z,25,,2026-10-06T20:21:17Z,"The owner ran off and left you the dirtiest house on the block. Scrub it, fix it, fill it with furniture, and sell it for BIG MONEY. Then do it again on a bigger house with better gear and your friends along for the ride. ❤️ LIKE GAME AND JOIN GROUP FOR FREE MONEY! How to play: 🗑️ Clean out the trash 🧽 Vacuum and scrub every room 🛋️ Fill it with furniture to raise the price 💰 Sell it for BIG MONEY 🔧 Unlock better gear 🏠 Flip bigger houses to bigger buyers Play with up to 4 friends :) Tags: house, flip, fix, build a house, cleaning, clean, renovate, tycoon, rich, money, coop, simulator. Created & operated exclusively by Increates"
10514280922,117539213094671,Roll A Gnome,Roll A Gnome,Group,613112271,All,Simulation,Tycoon,2026-07-16T18:29:16.155Z,2026-10-05T11:25:03.282Z,8,,2026-10-06T20:21:17Z,☘️ Build the ULTIMATE Garden! IT GROWS OFFLINE! 🎲 Roll for RARE Gnomes! 🌱 Gnomes Plant Crops for YOU! 🥕 Harvest Crops & Sell for $$$! ⭐ Roll EVEN Better Gnomes! 🏡 Expand Your Garden! 👍 Like the Game & Join the Group for +100% LUCK!
10516888336,100293509865504,[Boss🔥] Catch 1 Billion Ducks,Billion Duck Hunters,Group,1010818854,All,Simulation,Incremental Simulator,2026-07-17T07:46:11.094Z,2026-09-30T01:28:42.914Z,18,,2026-10-06T23:48:08Z,"🦆 Hunt ducks with your dog and become the richest! 🤑 ⚔️ Equip your weapon 🐶 Prepare your dog 🦆 Shoot ducks 💰 Sell your ducks and upgrade 🤑 Become the richest! Shoutout to: 1 Billion Ducks on steam! This game is inspired by them. Go check it out! Controls 🖥️ PC: Left Click / R / E / Esc 🎮 Console: RT / X / A / B 📱 Mobile: Use the on-screen buttons for shooting, reloading, interacting, and navigating menus. 🚧 The game is still in beta, and we’re improving it every day! Enjoy the game! Feel free to leave a like and join the group to support us! 👍"
10520829450,114122724051462,Spot and Mark!,Brightblade Studios,Group,432948988,All,Party & Casual,,2026-07-18T00:26:19.425Z,2026-10-06T10:04:53.0280835Z,30,,2026-10-06T20:21:17Z,"Welcome to Spot and Mark 🔍 👉 You or your opponent picks a object! ❌ While one finds the object, the other marks their page with X's 🔄 Switch turns once the object has been found! 👑 Fill up your page before your Opponent to WIN! Be quick in finding the object as well as marking the page!! NEW UPDATE: Fixed streaks ✨Like and favorite the game to show support!"
10521797740,131479356121251,[🍁] 50 Player BINGO!,Turret Sims,Group,204295404,All,Party & Casual,Minigame,2026-07-18T04:30:05.704Z,2026-09-28T13:08:51.324Z,40,,2026-10-06T20:21:17Z,"⭐ Welcome to 50 Player BINGO! -Compete against 50 players in fast-paced Bingo! -Be the first to complete your card and win! -Earn cash, unlock cards, and climb the leaderboard! 👍 Like The Game and Join The Group!"
10524813259,113099333239841,"[ 🎃3.0 ] RE:Heads, Please! [RNG]","RE:Heads, Please",Group,390180214,All,Simulation,Incremental Simulator,2026-07-18T15:54:30.456Z,2026-10-05T09:41:09.126Z,30,,2026-10-06T20:21:17Z,"Welcome to RE:Heads, Please! -------------------------------------------------------------------------------------------- 🪙 Flip coins to earn money! 💲 Roll better coins! 👚 Roll cute & cool accessories! 🛹 Hop on a skateboard and explore the map! 🚇 Travel Another Station and Enjoy Sub Content! -------------------------------------------------------------------------------------------- Coin Flip: Click / Touch / RT Skateboard Ride: Q / LT Skateboard Boost: R / LB Emote: G / D-Pad Down ❗ This game is still in beta, please report any bugs in-game! ❗"
10526463655,116921506811323,[NEW] 8 Ball Duels,Pool Duels,Group,918657773,All,Sports & Racing,Sports,2026-07-18T21:02:45.747Z,2026-10-02T03:53:11.408Z,50,,2026-10-06T20:21:17Z,"Welcome to 8 Ball Duels! Compete against other players and defeat them to earn coins and upgrade your equipment! Create trickshots and challenge your friends to complete them 🌌 SEASON 1 - Unlock many new cue sticks and pool tables! 🌌 If you find any problems in the game please tell us! The game is rated very low and we don't know why. Please tell us so that we can fix it 🎱 Pick a country and queue up for a match! 💰 Earn coins and upgrade your equipment! ⭐ Level up and become better! 🏆 Become #1 in the Leagues! 🎮 Supports Desktop, Mobile, XBOX, & PlayStation 5! 💙 Like and join the group for exclusive rewards! ⚠️ Cheaters will be permanently banned"
10526853622,132239307080610,[🌋] Deep Fishing🎣,LazyGames.,Group,34744238,All,Simulation,Incremental Simulator,2026-07-18T22:34:37.651Z,2026-10-04T17:35:46.152Z,12,,2026-10-06T20:21:17Z,"🎣 Cast your fishing rod as far as possible and reel in tons of fish! 💪 Upgrade your Strength to throw farther 🌊 Reach new waters with rarer fish 🐟 Catch multiple fish in a single cast 💰 Sell your fish and become the ultimate angler 🛟 HOW TO PLAY * Hold and release to cast your rod * Reach the water to start fishing * Catch multiple fish at once * Upgrade and cast even farther! ⭐ Like the game, favorite it, and join the group for rewards and updates!"
10528250136,94860588848140,[X5] +1 Kitten Keyboard Escape,Kitten Obby Fan Club,Group,1097982922,All,Simulation,Incremental Simulator,2026-07-19T04:03:52.885Z,2026-10-03T21:32:45.336Z,22,,2026-10-06T23:48:08Z,"Join the Kitten Obby Fan Club group to unlock a FREE in-game gift! Join during the weekend for a 3X MULTIPLIER! 🐱 Welcome to +1 Kitten Keyboard Escape! 🐱 🐾 Every move makes your kitten stronger 🧶 Jump across a fun obstacle course as an adorable kitten 🚀 Increase your jump power and reach new heights 🏆 Complete stages and unlock powerful multipliers 👥 Race against your friends and other players 🌍 Become the BEST kitten on the server 😱 Be careful; one wrong jump could send you back! 🎧 ASMR vibes included Smooth movement, satisfying keyboard clicks, creamy visuals, and relaxing candy sounds for the perfect mix of speed, flips, and chill ✨"
10529067596,138363592957250,⛳ Hit a Golf Ball,Tiny Loop,Group,374427578,All,Simulation,Incremental Simulator,2026-07-19T07:07:46.093Z,2026-10-04T13:52:07.325Z,10,,2026-10-06T20:21:17Z,"Hit the golf ball and send it as far as possible! ⛳ Upgrade your power, unlock new clubs, and beat your distance record!"
10529769390,134459712190924,[📊PATCH📊] Slop Tower Defense! 💔,Slop TD!,Group,539789089,All,Strategy,Tower Defense,2026-07-19T09:49:58.806Z,2026-10-06T22:42:55.1795147Z,20,,2026-10-06T20:21:17Z,"WE LOVE SLOP Use Code ""SLOP"" For Some Cash 🚽 Summon + Craft a BUNCH of slop ⚔️ Defend a BUNCH of slop 👀 Find codes, leaks and news in the community server 🔗 Tags: Slop, Tower Defense, TD, Strategy, Survival, Defense"
10530261598,86247128610772,[BOILED ONE] House of The Locust,NULLWORKS STUDIOS,Group,879212158,All,Survival,Escape,2026-07-19T11:38:47.928Z,2026-10-04T10:52:26.014Z,50,,2026-10-06T23:48:08Z,The Locust character is originally created by DoctorNowhere. PRE-ALPHA VERSION (expect bugs) You have somehow ended up in The Locust's nest. Will you get out?
10532995815,138686218420016,[🎃] Mine Antarctica,PolarMine Games,Group,612621894,All,Simulation,Incremental Simulator,2026-07-19T22:15:40.793Z,2026-10-06T23:04:50.3044483Z,8,,2026-10-06T20:21:17Z,"❄️ Explore Antarctica! ⛏️ Mine rare crystals! 🥶 Don't freeze, the higher you climb, the COLDER it gets! 💎 Mine crystals & uncover hidden treasures! 🌱 Place crystals in your garden for MORE digging luck! 💰 Sell crystals for cash! 🎒 Upgrade your warmth, pickaxe & backpack! 🔄 A NEW Antarctic mining zone EVERY HOUR! 👀 👍 Like & join the group for +1 Mining Luck! 🔔 Follow for updates! ⚠️ Exploiting, cheating, or using unauthorized software will result in a permanent ban."
10533638982,83733952151811,🍰 Cake Mountain 🥄,FUNgry,Group,144793524,All,Simulation,Incremental Simulator,2026-07-20T01:37:52.704Z,2026-10-06T23:50:59.8110991Z,8,,2026-10-06T20:21:17Z,"🥄 Dig into a giant mountain of cake with your spoon! 🍰 Cake Mountain is a digging & collecting simulator! Dig, find cakes, and sell them! Get stronger spoons and bigger bags. Go deeper to find rarer cakes! 🍰 Hundreds of cakes to collect ⭐ Rare, Legendary & Mythical cakes 🥄 Stronger spoons & bigger bags 🍽️ Save your favorites and decorate your own plate 🍀 Join our group for a FREE Special Plate + Luck Bonus! Dig deeper. Climb higher. Find rarer cakes. ✨ 💡 Inspired by an idea from our young son ❤️ 👍 Enjoying the game? Leave a Like! 🍰 New cakes, new areas, and more content coming soon!"
10534873486,124731807130219,[W5] +1 Bite Per Click,No Stop Games,Group,998753178,All,Simulation,Incremental Simulator,2026-07-20T07:18:04.174Z,2026-10-06T21:44:49.8829054Z,12,,2026-10-06T20:21:17Z,"+1 Bite Per Click - CHOMP CHOMP 💤 You earn Bite Strength & Money while you're OFFLINE! 1. Train your Bite Strength 💪 2. BITE EVERYTHING 🍔 3. Collect Loot & Sell it! 💎 4. Unlock powerful teeth 📈 AUTO PLAY AND AFK FARMING ALL ENABLED Private server are free!! CODES 🧾: - ""15KPLAYERS"" - ""WORLD5"" - ""ADMINABUSE"" 👍 LIKE the game and join the GROUP for Reward"
10537172776,99513630394609,[✨] Character Color Race,Character Color Race,Group,1053954246,All,Party & Casual,Quiz,2026-07-20T16:37:08.975Z,2026-09-12T13:12:32.223Z,8,,2026-10-06T23:48:08Z,"🏁 Race to the top by guessing famous character colors! 🎨 Guess the main color of popular characters. 🗼 The closer your guess, the more layers you earn! 🌋 Don't let the lava catch you! 🏆 Beat your friends and reach the top first! ✨ FEATURES 🎨 30+ Famous Characters 💎 Earn Gems every game 🛒 Unlock Tower Skins & Emotes 🔥 Climb the Leaderboards 🤖 Play with friends 👍 Leave a Like if you enjoy the game! ⭐ Favorite to support future updates! CODE ""RELEASE"" FOR REWARDS Tags: guess the color, colour game, lava, obby, survival, tower, climb, race, party game, minigame, tycoon, simulator, fun, friends, multiplayer, guessing game, color picker, trolling"
10537346933,112345685575988,My Hungry Giant! [ASMR],GIANT EATERS,Group,76490554,All,Simulation,Tycoon,2026-07-20T17:16:31.405Z,2026-10-06T23:40:24.4840368Z,6,,2026-10-06T23:48:08Z,"Your personal giant is hungry, FEED IT... USE CODE: ""CHEESE"" and ""SEAFOOD"" 🎰 Pull the lever to roll for ingredients 🔪 Cook and cut food in pans and cuttingboards 🥪 Stack everything into one big meal 😋 Then watch your giant eat it with perfect ASMR sounds 💸 Your food earns cash every second, even while you're offline! 🔔 Finish a meal to get a permanent cash multiplier, and complete it to unlock the next food. 🎲 Roll the Feast Dice for boosts by making food 👥 Invite friends onto your plot to help you build ⭐ Join the group for exclusive in-game rewards! https://www.roblox.com/communities/76490554/GIANT-EATERS Thanks for playing! 🧡"
10539411000,92637789841354,[TEAMS]🍃 Clean all the Leaves,Muffin Interactive,Group,459291258,All,Adventure,Story,2026-07-21T01:21:41.529Z,2026-10-06T19:07:50.0498269Z,12,,2026-10-06T20:21:17Z,"Welcome back to 🍁 Clean all the Leaves! Get dropped off at your friends house, and clean all the leaves with your friends! Nothing shading going on here!"
10541331578,124032631078772,[🦉DARK FOREST] Poly Loot⚔️,Poly Loot,Group,525520885,All,RPG,Action RPG,2026-07-21T10:48:49.922Z,2026-10-04T23:02:11.737Z,10,,2026-10-06T20:21:17Z,"🌟 Welcome to Poly Loot! 🌟 Fight monsters, collect powerful loot, and become stronger as you explore new areas! How to play? ⚔️ Defeat monsters 💎 Collect loot 🛡️ Equip better gear ⭐ Level up and upgrade your stats 🔔 New worlds, enemies, equipment, and more added in every update! 📱 Available on Desktop, Mobile, and Console."
10544327471,104809044319701,+1 Phonk Evolution,Paint n Relax,Group,715720649,All,Simulation,Incremental Simulator,2026-07-21T23:29:48.879Z,2026-10-06T21:29:00.3216844Z,14,,2026-10-06T23:48:08Z,Welcome to +1 Phonk Evolution 💀 ❤️‍🔥 Click to gain Aura! 🥊 Train using Treadmills! 😈 Fight enemies and clear stages 💎 Collect Wins to unlock new Evolutions 🌍 Unlock new areas and become the strongest! 👍 Like & Favorite the game!
10546705891,87046419551816,[BIG UPDATE!] Bumpy Flight 🛫,Bumpy Flight,Group,218747834,All,Simulation,Vehicle Sim,2026-07-22T12:09:29.86Z,2026-10-06T16:01:23.578133Z,20,,2026-10-06T23:48:08Z,"🧪 BUMPY FLIGHT IS CURRENTLY IN BETA! ⚠️ Expect bugs, unfinished features, and plenty of updates as we keep improving the game! ⭐ CTRL TO UNLOCK YOUR MOUSE ✈️ PLANE CONTROLS W / S — Pitch Up / Down A / D — Turn Left / Right SHIFT — Increase Throttle CTRL — Decrease Throttle ✈️ Welcome to Bumpy Flight! 🌎 Grab your friends and become the crew of your very own flight! 👨‍✈️👩‍✈️ Prepare the aircraft, load luggage 🧳, refuel ⛽, take care of your passengers 🥤🍔, and get everything ready for takeoff! Once you're in the air… things might not go exactly as planned. 👀 ⚡ Deal with unexpected emergencies 🔧 Fix problems before they get worse 👥 Work together with your crew ✈️ Unlock and fly different aircraft 🎨 Collect new skins & cosmetics 📈 Complete flights and level up Every flight can turn into complete chaos, and it's up to you and your crew to make sure everyone reaches the destination safely. 🛬 ⭐ Favorite the game & 👍 leave a like if you enjoy Bumpy Flight!"
10547918402,83264774625004,[UPDATE] +1 Jump Crunchy ASMR Escape!,Sky High Sims,Group,750112327,All,Simulation,Incremental Simulator,2026-07-22T16:42:46.932Z,2026-10-03T19:55:47.568Z,16,,2026-10-06T23:48:08Z,"Welcome to +1 Jump Crunchy ASMR Escape! 🚀 🦶 Every step gives you +1 Jump 🕯️ Squish and crunch satisfying Asmr's for extra rewards 🏃 Train to jump even higher and unlock powerful upgrades 🏆 Reach the finish to earn Wins 🌈 Unlock New Satisfying ASMRs! ⭐ Like 👍 & Favorite ❤️ to support the game! 🔔 New updates with more zones, trampolines, and satisfying ASMR!"
10550257968,107164765081465,Steal A Verity!,Steal A Verity!,Group,580684246,All,Simulation,Tycoon,2026-07-23T04:57:19.016Z,2026-10-06T20:41:08.9098488Z,7,,2026-10-06T20:21:17Z,Welcome to Steal A Verity! How to Play: 😈Steal boxes from Monster Verity! 📦Open boxes to get Verity Pets! 💰 Earn money from your Verity Pets! ⬆️ Upgrade your treadmill and base 🏃 Train on the treadmill to gain Speed 😈Steal boxes from other players ✨ Become the RICHEST on the server! ⭐ Like + Favorite for updates!
10552240401,92606991708989,[UPD 7] Defeat Anime RNG,Defeat Anime Bosses,Group,584191075,All,Simulation,Incremental Simulator,2026-07-23T14:19:09.73Z,2026-10-04T20:22:39.039Z,6,,2026-10-06T20:21:17Z,"🌌 Defeat Anime RNG ⚡ Roll for anime units! 💥Fight anime bosses with your units! 📈 Merge animes to level them up! 👹 Survive endless enemy waves! 🏆 Unlock new zones! ✨ Collect rare animes and mutations! 👍 Like and join the group for EXTRA LUCK! Tags: Anime, Simulator, Bosses, Gacha, Merge, Idle, Battle, Defense, RNG, roll"
10552540426,96425088123775,[UPD] My Toll Farm!,JOFO Games,Group,15340279,All,Simulation,Incremental Simulator,2026-07-23T15:28:29.155Z,2026-10-06T22:42:06.8948248Z,6,,2026-10-06T20:21:17Z,My Toll Farm! 📋 JOIN Group For Rewards 🌟RELEASED 🌟 💾 Progress saves automatically ✅ 🚀 LIKE AND FAVOURITE THE GAME AND JOIN THE GROUP FOR INSANE REWARDS 🚀 ⭐ If you enjoyed the game please Like + Favorite the game! Huge thanks! DO YOU LAG? USE A PRIVATE SERVER ❤️? © JOFO Games 2026 – Copyright Notice Do not copy. Any unauthorized use or reuploading will be reported to Roblox.
10553704684,117985153726741,Own a Grocery Store 🛒,Ctrl-Z Game Studios,Group,778761196,All,Simulation,Tycoon,2026-07-23T20:13:24.706Z,2026-10-06T22:56:05.2956651Z,8,,2026-10-06T20:21:17Z,"🛒 BUILD YOUR DREAM GROCERY STORE! Start with one tiny checkout. Stock the shelves, serve customers, earn cash, and grow your store into a huge supermarket! HOW TO PLAY: 🥬 Grow fresh ingredients and unlock new groceries 📦 Stock your shelves and keep customers happy 💵 Serve shoppers, earn cash, and expand your store 👥 Hire cashiers, stockers, farmers & cooks to automate the work 🏗️ Unlock new aisles, farms, animals & machines ⬆️ Upgrade your character, workers & production 🚚 Complete timed delivery orders for big rewards 🎁 Finish quests, claim daily rewards & spin for prizes 🎨 Unlock new outfits and pets as you grow Can you build the ultimate grocery store? 👍 Like + ⭐ Favorite + 🔔 Follow for new updates!"
10561166339,91034536684382,[BOSSES] Destroy a Vault 💰,LoopForge Studios,Group,1043475079,All,Simulation,Incremental Simulator,2026-07-25T00:37:47.754Z,2026-10-06T23:39:36.3948047Z,6,,2026-10-06T20:21:17Z,"Welcome to Destroy the Vault! 💥 - Use Code: RELEASE, UPDATE - 🎈 Thanks for 100k! Use code 100K for a suprise - 🎲 Roll for rare robots! - 🤖 Build an army to attack your vault! - 💰 Smelt Gold and turn it into Cash! - ⬆️ Upgrade your robots and expand your base! - 🏦 Unlock stronger vaults for bigger rewards! Remember, your robots earn Gold while you’re offline! 🤑 Can you collect the rarest robots? 👀"
10561309674,74794684871990,[Spit It Out] Tendaz Animashons,Animashons,Group,939429550,All,Entertainment,Showcase & Hub,2026-07-25T01:12:22.66Z,2026-10-06T16:17:23.9510187Z,2,,2026-10-06T20:21:17Z,"[PLAY WITH GRAPHICS 6+ FOR A BETTER EXPERIENCE] Yeah, another animation game. This started as a small solo project for testing animations, but I'll probably keep adding more over time whenever I have new ideas. The goal isn't to be completely different from every other animation game. I just want to add animations that you probably won't find in most of them, like the Lucid Paradise or the Tuff Irida. - If you find any bugs, missing assets, or broken animations, please let me know in the game server. - If you have a problem with something that im using in my game, please contact me in my server"
10563114921,107778070777162,Steal An Egg,and Collect Rare Pets,Group,825735094,All,Simulation,Tycoon,2026-07-25T07:50:51.492Z,2026-10-05T20:04:27.3654488Z,7,,2026-10-06T20:21:17Z,"🥚 Welcome to Steal An Egg! How to Play: 🥚 Steal eggs from pets 🐣 Hatch eggs to collect rare pets 💰 Earn money from your pets ⬆️ Upgrade your treadmill and base 🏃 Train on the treadmill to gain Speed 🥷 Steal eggs from other players ✨ Discover rarer eggs, pets, sizes, and mutations! 🎮 Supports Desktop, Console, Mobile, and Tablet players"
10565445771,74542317333958,Verity Companion [AI],buzzword games,Group,405191853,All,Adventure,Story,2026-07-25T15:46:13.387Z,2026-10-06T03:29:14.5422133Z,8,,2026-10-06T20:21:17Z,"❗ UPDATE 1: • Increased messages cap to 40 • New ending! 📦 A package is waiting for you... 🟡 Inside is Verity, your personal helper friend. 💬 Ask it anything. It knows everything. 🧠 It remembers everything you tell it. Forever... 😊 Verity only wants to help you. 🎧 Headphones recommended ⚠️ Flashing lights and loud sounds 💛 Inspired by ThatMob’s original Verity series. 💿 Join our communication server in the group details! 💙 Keeping Verity awake isn't free... AI costs money to run, so unlimited free messages may not always be possible. Thank you for your support. 🤖 AI DISCLAIMER Verity uses AI to generate responses. Replies may be inaccurate or unpredictable."
10566677406,106568491289620,[将] Shogun's Reign,Shogun's Reign,Group,860520432,All,Roleplay & Avatar Sim,Life,2026-07-25T18:24:28.907Z,2026-10-06T16:50:51.4235873Z,1,,2026-10-06T20:21:17Z,"⚔️ [将] SHOGUN'S REIGN 🏯 From the fields to the throne, your destiny is yours to claim. Welcome to [将] Shogun's Reign, a roleplaying and progression experience set in the world of Edo-period Japan, where every player begins with little more than the clothes on their back. 🌾 Work the fields. Earn your first Ryō through farming, labor, and humble trades. 🏮 Find your place. Explore bustling towns, mountain villages, shrines, estates, and the dangerous roads that connect them. ⚔️ Rise through society. Build your wealth and reputation, master a profession, serve those above you, or take a more dangerous path toward power. 🏯 Climb the ranks. Become a respected warrior, influential noble, or powerful feudal lord as you compete with others for status and authority. 👑 Claim the Shogunate. At the very top stands one position above all others: Shogun. Gain enough influence, wealth, and power, and the realm itself may one day fall under your rule."
10569930060,124142675784254,[UPD 🎃] maybe tomorrow ill open the door,up2lt,User,4828972952,All,Entertainment,Showcase & Hub,2026-07-26T05:09:04.297Z,2026-10-05T09:59:32.002Z,1,,2026-10-06T20:21:17Z,slice of life
10572887321,128589112094372,Car DUELS [CUSTOMS🎨],%100 CARS,Group,629505522,All,Action,Battlegrounds & Fighting,2026-07-26T14:26:42.645Z,2026-10-06T21:45:05.150599Z,26,,2026-10-06T20:21:17Z,"Welcome to Car DUELS! Hop in, hit the gas, and use your front bumper to push the other team off the edge! 💥 🎮 HOW TO PLAY: 🔴Pick Red or Blue🔵 🚗 Hit the Gas: Drive onto the arena! 💥 Ram enemy cars and push them off the edge! 🌊 Don't fall into the water or you get eliminated! 🏆 The last team standing wins the round! Codes: welcome, update4, color ⭐ Leave a LIKE 👍 and FAVORITE ⭐ to support future updates! The game is in early stage and active development so report bugs in the community forums. Tags: Cars, Red vs Blue, Sumo, Arena, Battlegrounds, Action, PvP, Vehicle Combat."
10575619152,124729731716967,🧈 Crazy Mukbang! 🧈,Crazy Mukbang!,Group,197426717,All,Simulation,,2026-07-26T23:03:11.729Z,2026-10-03T10:04:48.976Z,24,,2026-10-06T23:48:08Z,"🤝 Eat various crazy foods and record yourself in a Mukbang environment 📸 ⚠️WARNING!⚠️ This game WILL make your cravings worse 🤤 🍜 Order food & eat! Crunchy, slurpy ASMR 🎧 🍗 100+ foods - Fried Chicken, Sushi, Cakes 🐝 Bees, honey & honeycomb 🍯 🍡 Tanghulu, Corndogs, Ramen 🍵 Boba 😻 🍓 Cute foods :3 🍨🧁 🍔 GIANT foods 😱 📸 Camera controls for Mukbang recording 📸 👍 Like + ⭐ Favorite the game & join the group!"
10576739951,113385977463481,MM2 of The Locust [ORIGINAL],THE STALKERS OG,Group,567549719,All,Survival,1 vs All,2026-07-27T03:27:12.751Z,2026-10-02T22:29:30.169Z,30,,2026-10-06T20:21:17Z,"Welcome to MM2 of the Locust ⭐ You've found yourself and others in one of the Locust's many nests, will you survive? Locust inspiration from DoctorNowhere"
10577588270,97824450589417,🦸 +1 Superhero Evolution,Giggity Goo Games,Group,680513873,All,Simulation,Incremental Simulator,2026-07-27T07:54:28.451Z,2026-10-04T20:52:21.276Z,12,,2026-10-06T20:21:17Z,"🦸 Become the greatest Superhero! Train your power, defeat powerful enemies, and unlock legendary heroes as you grow stronger! 🖱️ Click to gain +1 Power! 💥 More Power = Stronger Attacks! 🦸 Unlock new Superheroes as you progress! ⚔️ Defeat enemies to unlock new worlds! 🏆 Earn Wins and climb the leaderboards! 🥚 Hatch pets for powerful boosts! 🔄 Rebirth to become even stronger! 👍 Like and ⭐ Favorite the game to support future updates!"
10577682617,122507029092776,Build a +1 Obby,Aeolian Harp,Group,794616894,All,Simulation,Tycoon,2026-07-27T08:22:34.879Z,2026-10-03T09:59:56.235Z,8,,2026-10-06T20:21:17Z,"⭐ Welcome to ""Build an +1 Obby, where you can build your own SATISFYING OBBY! How to play: 💰 Buy ASMR from the shop 🔨 Place them down at your base and Build Your +1 OBBY! 🧐 Your obby earns you money! 😎 Build the most popular obby that thousands can play Can you build the best OBBY? How far does your imagination go"
10579389074,139506321380888,[UPD] ZOO or OOF 2💥,Dropping a Banger,Group,35916263,All,Party & Casual,Minigame,2026-07-27T14:50:47.115Z,2026-10-06T15:57:44.5397736Z,18,,2026-10-06T20:21:17Z,"[beta] ZOO or OOF 2! 🦓💥 The animals are on the loose again! 🐾 Play as an Animal and escape the zoo. 🔍 Play as a Zookeeper and catch them before they get away. 🎮 Explore different gamemodes, maps, and challenges. 🌳 Unlock new animals, skins, and rewards as you play. Will it be a clean escape… or a massive OOF? ⭐ Like and favorite the game! 🔔 Enable notifications for updates and events! 👥 Join our group to stay connected! 🧸 All weapons are fictional, and the animals are harmless dummies. It’s all just fun!"
10583634958,127103413498148,[🇬🇷] Collect The Alphabet,Cosmic Collection,Group,659075385,All,Simulation,Tycoon,2026-07-28T04:44:38.957Z,2026-10-06T12:54:53.0798184Z,6,,2026-10-06T23:48:08Z,"Can you collect all 26 letters and complete the alphabet? 🅰️➡️🆉 📦 Open letter packs — Common all the way to MYTHIC ✨ 💰 Mount letters on your board to earn money every second ⬆️ Upgrade your money, luck, and pack speed 💎 Sell spare letters for diamonds & unlock secret SYMBOL packs 🗓️ WORD OF THE DAY — spell it for a PRIZE 👥 JOIN THE GROUP for a FREE REWARD 🎁 New updates & events every week! 🔥 New codes: VOLCANO, TIME"
10586746293,113460023824827,[❤️] My ASMR House 🏠,Crazay Houses,Group,869083473,All,Survival,,2026-07-28T17:41:23.639Z,2026-10-06T23:45:24.0901447Z,7,,2026-10-06T23:48:08Z,My ASMR House 🏠🎧 ☀️ Daytime You’re safe… for now. 🛋️ Drag ASMR furniture back to your house 🚪 Unlock new rooms 💰 Earn cash from your ASMR collection 🌙 But at night... The Monsters are outside… 🔒 Stay inside your ASMR House 👹 Don’t let the Monsters find you! 👍 LIKE + ⭐ FAVORITE to survive the next update!
10587328652,118576822282213,Guess Flags For Soccer Players,UnemployedCollectors,Group,171604745,All,Simulation,Tycoon,2026-07-28T19:13:21.369Z,2026-10-04T17:10:37.114Z,5,,2026-10-06T23:48:08Z,🌍 Welcome to Guess Flags For Soccer Players! ⚽ 🚪 Walk through the gate with the correct flag to get the player! 🃏 Collect and upgrade powerful Soccer Players! 📊 Improve your Geography skills and unlock new areas! ⚡ Rebirth for permanent boosts and faster progression! 👑 Can you collect them all and become the ultimate soccer master?
10589388621,112152708656470,[DRIVING UPD] 🏁Mini Race,Mini Race Official,Group,330064258,All,Simulation,Tycoon,2026-07-28T23:51:20.409Z,2026-10-04T05:02:38.481Z,6,,2026-10-06T20:21:17Z,"🏁 MINI RACE - Collect CARS, build your EMPIRE, and conquer every CIRCUIT! UPDATE LOG (10/1/2026) - NEW FREEROAM MAP! - DRIVE cars from your collection! - Cruise with friends & boost your tycoon income - Mobile & controller driving controls - Manual shifting, backfires & working lights - Trading, garage & controller fixes USE CODE ""2MVISITS"" FOR FREE CASH AND GEMS! 👇 HOW TO PLAY: - Open crates to unlock rare CARS 🚗 - Build garages to grow your collection 🏠 - Train your cars to earn more money 💸 - Send your lineup to WIN races 🏁 - Capture circuits to boost your earnings! - Spawn your favorite car and hit the road! 💡 GROW YOUR EMPIRE: - Trade with players for your dream cars! - Expand your plot & build better garages - Conquer tougher circuits and the GRAND PRIX! - Your circuits generate Cash offline! 👍 Enjoy the game? Leave a thumbs up! 🐛 Found a bug? Report it in our Roblox Community!"
10589881655,124239460312806,SELL YOUR OUTFIT,The Avatar Game,Group,300251395,All,Shopping,Avatar Shopping,2026-07-29T02:12:29.708Z,2026-10-03T20:19:34.715Z,28,,2026-10-06T20:21:17Z,Earn Coins when someone buys your avatar OR when you buy someone else's avatar! Use your Coins to unlock avatar items you can wear in every Roblox game How to Play: • Claim a booth and display your outfits. ✨ • Browse and try on outfits before buying. 🛍️ • Earn Coins from outfit sales and purchases. 🎁 • Redeem your Coins for avatar accessories that stay in your Roblox inventory. 🎩 Publish Community Outfits to show your outfits globally and earn Coins from every sale! VIP Servers are FREE! ✅ All purchases made in-game will be available in your Roblox inventory & can be used in all games.
10597001332,102764584124249,I Can Read Your Mind,1GZ Developments,Group,880029466,All,Puzzle,,2026-07-30T10:26:43.793Z,2026-10-06T20:30:06.6333546Z,12,,2026-10-06T20:21:17Z,"🔮 I CAN READ YOUR MIND 🔮 Think of ANYTHING. A YouTuber, an anime character, a Roblox game. Answer my questions and I'll tell you exactly what you're thinking of. 🧠 100,000+ things in my head, from Skibidi Toilet to Socrates ⚡ PLAY AGAIN has 0 wait: I tell you instantly 🤖 I get smarter every time someone plays. Stumped me? Tell me the answer and I'll learn it 🔁 Come back tomorrow: I'll know even more than today Think you can beat me? Pick something weird. 👀 👍 LIKE the game if I read your mind!"
10598688389,105904727825849,Rat Lab 🧪 [TIERS],Evil Science,Group,176619995,All,Action,Open World Action,2026-07-30T16:23:26.324Z,2026-10-03T00:56:39.503Z,40,,2026-10-06T20:21:17Z,"Rat Lab 🧪 - Lab Rats 🐁 - Attempt to escape and take revenge, or be tested on - Scientists 🔬 - Create your OWN mutations and test them on lab rats - Security 👮 - Stop rats from escaping, or capture escaped rats Unlock different tools the longer you play - ( ⚠︎ Your time resets every session ⚠︎ ) LIKE THE GAME FOR UPDATES"
10601155553,118298168947099,That Freekick Challenge (TFC),NelStud,Group,557771875,All,Sports & Racing,Sports,2026-07-31T01:28:46.92Z,2026-10-03T00:35:21.918Z,20,,2026-10-06T20:21:17Z,"Welcome to TFC! A freekick sandbox game where you can customize your freekick setup and challenge other players! Bugs may still occur, so any feedback really helps! Thanks for your support!"
10603011269,124641526243488,[🔥 W2] Sword Hunter,Blade Evolution Tycoon,Group,796255447,All,Simulation,Incremental Simulator,2026-07-31T10:43:11.446Z,2026-10-02T13:08:19.202Z,12,,2026-10-06T20:21:17Z,"⚔️ Update 4.1 is HERE! Discover new Swords, improved rewards, new shop items, and more! 🔥 🎁 Codes: CLAIMIT, NEW, UPDATE2, NEWUPDATE, SECRETGIFT, RAIDTIME, WORLD2 ⚔️ Explore the Open World 🐾 Hatch and collect powerful Pets 👹 Defeat Monsters and turn Loot into Cash 🔀 Merge Swords to unlock stronger ones 💎Your Swords collect Loot offline 🎮 Controls: E - Attack R - Toggle Auto Attack F - Select Sword 🤝 Team up with Friends to battle Monsters and explore the world together! 🏠 Return to your Base to upgrade and merge your Swords! 🌎 Explore new areas, defeat stronger Monsters, collect rare Pets, and become more powerful! 💗 Like the game and join our Group for exclusive rewards Tags: Sword, Simulator, Merge, Monster, Pet, Fighting, Battle, Loot, Cash, Idle, Tycoon, Upgrade, Adventure, Explore"
10604772590,116070952245255,[UPD] Build Base to Survive VERITY,Danvd's Larpductions,Group,1040399903,All,Survival,Escape,2026-07-31T16:39:25.135Z,2026-10-04T18:42:03.913Z,6,,2026-10-06T23:48:08Z,Welcome to Build Base to Survive VERITY.. 🛠 🔨 Build anything you want to survive VERITY 💥 Use Turrets and Guns to defend yourself! 😊 Invite friends to build together on your base! 💾 Buildings autosaves 😈 VERITY COMES OUT AT NIGHT... WILL YOU SURVIVE HIM? 👍 Like the game for more updates! Credits to ThatMob 💞
10608856704,103429966174263,+1 Paint Keyboard Adventure,NoYep Games,Group,119976972,All,Simulation,Incremental Simulator,2026-08-01T06:11:54.442Z,2026-10-05T09:27:46.289Z,22,,2026-10-06T20:21:17Z,"⚡ Welcome to +1 Paint Keyboard Adventure! How to Play: 🎨 Run across keyboards and paint the keys 👟 Every key you paint makes you faster 🏆 Complete keyboards to get wins 💪 Upgrade your Range to paint more keys 🔥 Rebirth to push your limits If you’re having fun, don't forget to like the game! 👍"
10612017628,113897119818920,Mega Ramp for Lucky Blocks!,There's Rot in my Game,Group,168955208,All,Simulation,Tycoon,2026-08-01T16:40:39.433Z,2026-10-06T16:35:12.6471151Z,5,,2026-10-06T20:21:17Z,🚗 Welcome to Mega Ramp for Lucky Blocks! 🌟 🏁 Drive down the Mega Ramp and go as FAR as possible! 🎁 Reach better Lucky Blocks the farther you travel! ⚡ Unlock better Vehicles and Increase your Power! 🧠 Open Lucky Blocks and collect rare Brainrots! 💵 Your Brainrots earn cash OFFLINE! 👍 Like the game & join the group!
10616474341,111262527555232,Huss Rooms | [Locust],Survive Clark Community,Group,170664730,All,Survival,,2026-08-02T07:19:52.347Z,2026-10-03T11:05:41.414Z,50,,2026-10-06T23:48:08Z,"😱 Can you survive the Backrooms? Captain Clark, Verity & The Locust are hunting you down! Run, hide, fight back, and survive! 👀 🔥 FEATURES 👹 Clark, Verity & The Locust — Escape before they catch you! 💥 Fight Back — Throw props & use Tools to ragdoll the monsters! 📦 Props — Spawn, grab, throw & rotate! 🎉 Events — New chaos every few minutes! 🎁 Playtime Gifts — Unlock rewards & Tools! 👣 Walk & Earn — Earn HussPoints & buy Tools! 👥 Up to 50 Players! 😈 Morph — Become Clark or Verity! 📜 CREDITS & ATTRIBUTION Base map by @A_CertifiedDingus (Creator Store), rebuilt & modified by @VexorCreator. Captain Clark model by FnafStuff (Sketchfab, CC BY 4.0). 💡 INSPIRATION Inspired in part by “[BIG UPDATE] Clark (EARLY ACCESS) - Huss rooms” by Moist Carpet. Our game is independently developed and includes its own gameplay, systems, features, and modifications. 🏷️ Captain Clark, Verity, Locust, Bolied One, Huss Rooms, Backrooms, Horror, Survival, Nextbot, Evade"
10624691669,134208374070897,{ Pt. 2 } MONOCHROME👁️,paramodal,User,11134900104,All,Puzzle,Escape Room,2026-08-03T14:39:12.2Z,2026-10-02T23:15:47.347Z,20,,2026-10-06T20:21:17Z,"!! This game is inspired by _ Boisvert, go follow his series !! early development, expect bugs / there is now a server, join for devlogs and bug reports / suggestions You wake up in a room with the exit sealed tight, in order to escape you'll have to navigate an abandoned network of corridors to retrieve four keys and one code .. but something's watching"
10626746750,110434609045277,[Beta] The Creator-God Sim,Stateborn Studios,Group,1094730732,All,Simulation,Sandbox,2026-08-03T23:39:19.713Z,2026-10-06T23:53:20.2532465Z,5,,2026-10-06T20:21:17Z,"THE CREATOR — BETA 2.6 You are the god of a small round world. Your people spread across it on their own: they farm, build towns, discover writing, gunpowder and flight, take up religions, trade, betray each other and go to war. Every building and ship is designed for them, by their age, land and culture. You can help build or help run a nation. You can send rain or lightning. Raise mountains, flood valleys, call down meteors. Answer prayers or refuse them. Shape each nation with your creed. Step down and live as one of them. NEW IN 2.6 • Play together: share a world with friends • Explore other stars and galaxies, and meet new peoples • New kinds of worlds to start on • Huge wars you can fight in yourself, on foot or in tanks and mechs • Build a home and start your own village - Bug fixes and so much more Beta: The game is still beta so bugs are expected. Feedback recommended."
10628006421,139705352041000,[🧠] Chiidoku,Chiidoku,Group,290187465,All,Puzzle,,2026-08-04T05:43:07.131Z,2026-10-06T21:38:25.7512821Z,50,,2026-10-06T20:21:17Z,"Chiidoku is a puzzle that combines elements of Sudoku and Minesweeper. Every puzzle has one solution and it can be solved through logic without guessing. How-to-Play: There is one Chiikawa in each color. There is one Chiikawa in each row and column. Two Chiikawas cannot touch, including diagonally. 🧩 Standard: Complete 400 levels, 💰 earn coins, 🔥 set your best win streak! 🧠 Ranked: Play against other players to see who can complete the same puzzle first. ♾️ Endless: See how long you can solve randomly generated puzzles that become more challenging. 📅 Daily Puzzles: Solve a daily puzzle that refresh every day and earn rewards."
10628223804,119031818630096,TANPANAMA,ASABOY STUDIO,Group,268879608,All,Social,,2026-08-04T06:36:55.594Z,2026-10-06T19:52:42.2418965Z,80,,2026-10-06T20:21:17Z,BUKA 24 JAM! 🎵 Amapiano - Original Track - Breakbeat 📈 Sistem Level yang Tersedia 🏷️ Sistem Judul Kustom (dapat membuat judul kustom sendiri) Like Map untuk unlimited title custom! FREE VIP AFK 24/7 Friendly - Anti-kick diaktifkan!
10628526114,137737622318848,Ping Pong Training 🏓,Training University,Group,632335719,All,Simulation,Incremental Simulator,2026-08-04T07:52:56.429Z,2026-10-04T20:46:19.856Z,10,,2026-10-06T20:21:17Z,"🎁 Use Codes: ""rally"", ""potions"", ""lotsofspins"" for free rewards! (Redeem In Settings!) Welcome to Ping Pong Training! 🏓 🎮 How to Play ⚪ Shoot as far as possible to earn Money! ⚡ Build your Strength by Training to shoot farther! 🏓 Collect more powerful paddles! 🥚 Hatch Rare OP Pets to gain more Strength! 🌍 Gain power and collect items to dominate the leaderboards! 😎 Roblox Plus Benefits: +15% Luck! 💖 If you enjoy the game, don't forget to 👍 Like, ⭐ Favorite and 🔔 Follow! Tags: Pet, Paddle, Ping Pong, Table Tennis, Throwing, Training, Shooting, Simulator, Eggs, Fun, Cool"
10628907188,124293095895786,Stream A Cheese Pull!,Cheesy Situation,Group,1013100488,All,Simulation,Tycoon,2026-08-04T09:27:25.773Z,2026-10-06T08:01:21.9219994Z,6,,2026-10-06T23:48:08Z,"📸 Stream 🧀 Cheese Pull! ⚒️ Expand 📸 Stream cheese pulls 📈 Expand your business 🎨 Decorate your setup ⭐️ Become famous! 🤫 Use code ""FirstCodeEver"" in the Store for a free Blue Cheese Crate 📦 👍 Like the game & join our group for in-game rewards 🔔 Turn on notifications for future updates!"
10630800860,132173349090360,Color My Flag,Country Colors,Group,284797861,All,Party & Casual,,2026-08-04T15:59:35.493Z,2026-10-04T13:27:35.26Z,25,,2026-10-06T20:21:17Z,🎨 Color My Flag 🌍 🏳️ Color each country's flag with the correct colors! 🧠 Beat your opponent with higher accuracy! 👍 Like ❤️ and ⭐ Favorite for more updates! ✨ Thanks for playing! 🔒 Private Servers let you create custom matches!
10631775021,97874266291114,+1 Tongue Evolution,Lick Labs,Group,449223784,All,Simulation,Incremental Simulator,2026-08-04T19:37:21.351Z,2026-10-06T23:05:42.4053228Z,10,,2026-10-06T20:21:17Z,🌟 Welcome to +1 Tongue Evolution 💪 Train to get a stronger tongue 🥊 Break Walls to get Wins 🏆 Buy Better Tongues and Pets! 🔥 Upgrade your Aura for better multipliers! 👍 Like and favorite this game if you enjoyed it! ⭐
10634461028,71704434889758,(BETA) Drive A Kukirin!,Gogos Games Studios,Group,131765466,All,Simulation,Vehicle Sim,2026-08-05T07:47:02.18Z,2026-09-24T17:29:54.113Z,10,,2026-10-06T20:21:17Z,"🛴 DRIVE A KUKIRIN! | Realistic Electric Scooter Simulator Experience one of the most realistic electric scooter games on Roblox! Ride powerful e-scooters, master wheelies, explore the open world, and experience realistic scooter physics. 🔥 FEATURES 🛴 Realistic Electric Scooters ⚡ Smooth & Realistic Driving Physics 🏍️ Skill-Based Wheelies 👀 First-Person Riding 🪖 Wearable Helmets 🌎 Open-World Exploration Inspired by real electric scooter culture and popular scooters such as KuKirin, Ausom, Dualtron, Joyor, VSETT, Kaabo, Segway, Xiaomi, and more. ⚠️ EARLY BETA: The game is still in active development. Expect bugs, unfinished features, and frequent updates! ⭐ Favorite + Like the game for more scooters and updates! Credits: G4 Model Made By: 5asx ------------ Tags: scooter, electric scooter, e scooter, escooter, KuKirin, Kukirin G2, Kukirin G4, Ausom, Dualtron, Joyor, VSETT, Kaabo, Segway, Xiaomi, wheelie, bike, motorcycle, driving, realistic driving, scooter simulator"
10635348596,127775478639865,[UPD2] Machine Party 💥,Aura devs studio,Group,35175010,All,Action,,2026-08-05T11:21:17.748Z,2026-10-06T17:12:36.8782401Z,32,,2026-10-06T20:21:17Z,A collection of uniquely party games Support for 2 - 4 players Customize your test subject Multiple devious ways of screwing your friends over
10636331438,90920025162454,[ISLANDS] Roll a Fisherman 🎣,FISH X SPEEDI,Group,574558180,All,Simulation,Tycoon,2026-08-05T14:47:20.106Z,2026-10-06T23:19:09.2301914Z,6,,2026-10-06T20:21:17Z,🎣 Welcome to Roll a Fisher! How to play: 🎲 Roll a fisherman! ⚓ Place your fisherman on the dock! 🐟 Collect the fish and place it on the stand! 💵 Collect cash from the fish and UPGRADE! 💸 YOUR FISH EARNS EVEN WHILE YOU ARE OFFLINE! 💸 CODES: RELEASE UPDATE1 UPDATE2 GOLD UPGRADES FISHING SEAL DEVS_SUCK ❤️ Thanks for playing!
10637759898,88989028816809,[2 Player] Guess The Person,Fun Little Gamess,Group,330909837,All,Party & Casual,Minigame,2026-08-05T20:24:55.802Z,2026-10-04T00:30:47.586Z,16,,2026-10-06T20:21:17Z,"❗How to play Guess the Person Take turns asking questions. ""Is it a man?"" ""Do they have brown hair?"" You only press buttons. No typing. Your opponent answers Yes or No. Then you look at THEIR board and flip down every face that cannot be it. When one face is left on their board, guess it. The match does not end there. Your opponent gets time to make their guess too. Then both guesses are shown at the same time. You can BOTH be right. 👑 You get crowns when you win. Use crowns to buy win emotes - a dance your character does on the win screen, so the other player sees it. 🤖 Nobody to play with? Press Play Alone. A bot sits in the other seat and plays a real match. ⭐ How to play 1. Sit on a chair in the lobby 2. Pick your secret face 3. Ask, answer, flip 4. Guess their face before they guess yours"
10641300771,93173930300028,[🌈] Color Stack,Cool Table Games,Group,472758473,All,Puzzle,,2026-08-06T12:02:17.433Z,2026-10-02T01:47:31.355Z,24,,2026-10-06T20:21:17Z,🌈 Welcome to Color Stack! Sort the colorful blocks and complete each stack before your opponent! 🧱🎨 🧠 Plan your moves carefully ⚡ Race against other players 🧩 Take on tricky color puzzles 🏆 Become the fastest stacker ❤️ Colorblind-friendly options available Easy to learn. Hard to master. 👍 Like + Favorite the game for updates and rewards! Join the group and use forums to connect with me directly!
10642548584,130163005224846,Doki Doki Obby Club!,7ikut,User,5514109511,All,Obby & Platformer,Classic Obby,2026-08-06T16:06:16.616Z,2026-10-06T03:59:04.6125185Z,20,,2026-10-06T20:21:17Z,"Doki Doki Obby Club! is an interactive experience that is fun for all ages, where you live the perfectly normal life of a high school student and the interactions with their classmates, all while traversing an engaging, but not overly challenging obstacle course. Buy stuff from the shop with your Dokins that you gain from completing stages such as items, trails, and morphs. Unlock badges by playing the game or finding secrets! Credits to Team Salvato and Random Encounters for any assets used in this game that belong to them. a 7ikut production. DDLC Fangame. Not associated with Team Salvato."
10642702105,139488437793833,[🚢 SHIP REWORK + QOL ✨] Re:AOPG,Boss Studio [ V.1 ],Group,13494271,All,RPG,Action RPG,2026-08-06T16:43:10.964Z,2026-10-04T00:22:05.137Z,12,,2026-10-06T20:21:17Z,"👍 LIKE (THUMBS UP) for FREE CODES! Next code at 25k LIKES Enjoy, a ""rebirthed"" version of the popular ""AOPG"" 4-5 YEARS worth of content ready for you to play + weekly updates incoming... ! One Piece, Luffy, Bandit, Quest, RPG, Nami"
10643795368,73897506680154,Idle Mafia Game,Stacks of Cash,Group,674050067,All,Simulation,Incremental Simulator,2026-08-06T20:33:24.54Z,2026-10-06T23:43:59.844309Z,15,,2026-10-06T20:21:17Z,"Start from nothing and become the most powerful mafia boss in this 2D mafia game inspired by the game Mafia Wars from 2009. There is one persistent map and the game moves 24/7. Your properties keep earning while you sleep, your crew keeps defending your turf, and rival Families keep plotting. 💰 Do jobs to earn cash and level up 🏢 Invest in properties that pay you money passively 🔫 Attack other players and steal their cash 🤝 Hire henchmen and equip them with weapons, armor, and vehicles 👥 Join a Family, go to war, and take over the map 🏆 Earn trophies and climb the leaderboards"
10643877552,126878515897518,Build A Soccer Club!,just a fun game i guess,Group,423611721,All,Sports & Racing,Sports,2026-08-06T20:49:59.176Z,2026-10-06T18:21:26.6583177Z,50,,2026-10-06T20:21:17Z,"Draft your dream soccer club, roll legendary Club-Years, and win the CHAMPIONS CUP! 🏆 Play tournament simulations 🎴 Collect Captain Cards 📦 Open packs and unlock stronger cards 📈 Chase your highest Overall"
10647949490,86943068337855,Drill Blocks for Dumpling Squishy,CRAZY SQUISHY DUMPLING,Group,226594465,All,Simulation,Tycoon,2026-08-07T11:40:49.473Z,2026-09-12T22:22:12.779Z,5,,2026-10-06T23:48:08Z,⛏️ Drill Blocks for Squishy Dumplings! ⛏️ Drill insane blocks to unlock new Squishies 🔧 Upgrade your Squishies to earn more Cash 💎 Drill further to find higher rarity Squishies 🚀 Increase your Drill Power to unlock new zones and multiply your progress 👍 Like + Join our Group https://www.roblox.com/communities/226594465/CRAZY-SQUISHY-DUMPLING
10648640958,77463332823746,[UPD 2 🏆] Hood Rivals,A-Grade Productions,Group,512081418,All,Shooter,Deathmatch Shooter,2026-08-07T13:48:37.427Z,2026-10-05T09:24:33.264Z,30,,2026-10-06T20:21:17Z,"🎮 All platforms supported ⚔️ Queue into a match instantly — solo or with a party 🎯 1v1 , 2v2 , 3v3, Team Deathmatch & Free For All & Gun Game 🏆 Compete In RANKED ! 🔓 Level up to unlock new guns 🎁 Open cases for gun skins, shoes, watches & tattoos 🤝 Trade cool skins or items that you own 🔥 Build your win streak and be the best 📊 Compete for TOP10 & TOP100 logo on a Global Leaderboard 💜 Like the game & join the group ⚠️ Exploiters, glitch abusers, and stat farmers get permanently banned. No warnings, no appeals. ❓Will you be #1 ?"
10648820673,116497287371701,[🍲] Karinderya!,SILOG,Group,985559810,All,Simulation,Tycoon,2026-08-07T14:19:13.051Z,2026-10-05T15:46:56.3039792Z,6,,2026-10-06T20:21:17Z,"🍽️You own a "" Karinderya! "" a Filipino Restaurant. ⭐Be the first 5 star owner! ❤️Co-op Restaurant Simulator 🤣Goofy Restaurant Game Code: ""BUHAY"" ""THANKYOU"" Expect Bugs*"
10649255304,70640255604878,Pull An Egg,Crazay Future,Group,487434901,All,Simulation,Tycoon,2026-08-07T15:33:15.042Z,2026-10-05T23:13:55.5781465Z,5,,2026-10-06T20:21:17Z,Pull An Egg! 💪 Lift heavy dumbells to get Stronger and to grow Bigger 💪 💡 How to Play: - Lift heavy weights to get Strong! 💪 - Pull EGGs back to your Base! 🥚 - Don't get caught by the Animal Guards! 👮 - Hatch your Eggs to start earning Money! 🏠 - Upgrade your Dumbells to pull Heavier Eggs! ⚡ Your Animals earn cash OFFLINE! 💤 Like the game and join the group for FREE cash and a Animal! 👍
10665420648,78453398695059,[UPD 2] THRESHOLD,Reskioat,User,326251362,All,Survival,Escape,2026-08-09T16:04:44.36Z,2026-10-06T23:51:49.2679025Z,45,,2026-10-06T20:21:17Z,"[BETA] bugs will be expected. Episode 2 [STORY] AND Chase Mode is NOW OUT! (It can hear YOU) Enjoy an action-filled story, and dying in chase mode because you said the wrong words out loud. Like the game and join the group for rewards!"
10667006841,97506470800237,Guess the Anime Color,Epic Party Games!,Group,797650200,All,Party & Casual,,2026-08-09T20:01:10.192Z,2026-10-06T22:23:34.0483101Z,30,,2026-10-06T20:21:17Z,"🏆 Guess the Anime Character's Color in a 1v1 Duel! 🎨 🎨 100+ Anime Characters 🛒 Unlock New Cosmetics 🔥 Climb the Leaderboards 👥 Play & compete with friends 🔄 New characters & content coming soon! 👍 Leave a Like if you enjoy the game! ⭐ Favorite to support future updates! Tags: guess the color, colour game, lava, obby, survival, tower, climb, race, party game, minigame, tycoon, simulator, fun, friends, multiplayer, guessing game, color picker, trolling"
10667357873,76841016201110,💭Dream Car Collection [SOON],F Students = Inventors,Group,415288814,All,Simulation,Incremental Simulator,2026-08-09T20:58:41.401Z,2026-10-05T16:18:50.8769029Z,6,,2026-10-06T20:21:17Z,"👋 Welcome to Dream Car Collection! 💵 MONEY GENERATES WHILE YOU ARE OFFLINE 🤑 🏁Race for all-or-nothing with friends! 🪞50+ Shiny, Realistic Cars 🧼ASMR Car Cleaning 🎬5+ Car Edits 🌴Car Shows (soon) 🏁━━━🏎️💨━━━━🏎️💨━━━🏁 HOW TO PLAY: 🍀Spawn lucky crates and buy one 🏎️Place & Open for a car 💎Add to collection to start earning $$$ 🧗Keep going to get your dream cars! [BETA] -> expect big updates and bugs as the game is new! 🤫ps. use code ""LARP"" for a luck boost!"
10667860714,96179204081384,[🔴UPDATE!] Cultivation: Evermortal,Miki and Miffy Games,Group,429377976,All,Simulation,Incremental Simulator,2026-08-09T22:21:57.634Z,2026-10-03T20:54:23.813Z,20,,2026-10-06T20:21:17Z,"🐉 CULTIVATE FROM MORTAL TO GOD 🐉 Begin as a mere mortal and cultivate your way toward immortality. Gather Qi, break through countless realms, discover extremely rare Spirit Roots & Talents, master powerful Techniques, join legendary Sects, defeat their Elders, and ASCEND to begin an even stronger life. ⚡ YOUR CULTIVATION NEVER STOPS Continue gaining Qi even while you're offline. ✨ BECOME STRONGER • 🌀 Cultivate Qi & break through realms • 🎲 Roll rare Talents & Spirit Roots • 📜 Learn powerful Techniques • ⛰️ Join Sects & challenge their Elders • ♻️ Ascend and make every new life stronger • 💤 Progress even while you're away How far can you cultivate?"
10673920146,99409088950210,Survive a Million Monkeys,gorilla warfare.,Group,882350685,All,Survival,,2026-08-10T16:15:48.016Z,2026-10-06T23:53:02.6083244Z,25,,2026-10-06T20:21:17Z,🐒 HOW LONG CAN YOU SURVIVE THE MONKEY HORDE? 🐵 Endless rabid monkeys with a taste for human flesh. Bring friends. Bring guns. ⚔️ Choose your class 🔫 Unlock powerful guns 👥 Fight massive hordes together 🏆 Climb the survivor leaderboard Good luck getting out alive. Use code MONKEYS for 1000 gems 💎
10675117523,109928390521457,Anime Breaker [🏰TOWER],HF x Anime Breaker,Group,606480807,All,Simulation,Incremental Simulator,2026-08-10T19:33:25.43Z,2026-10-06T18:50:21.1047631Z,12,,2026-10-06T20:21:17Z,"💥 Welcome to Anime Breaker! 💥 🌍 Explore incredible anime worlds! 👊 Tap to gain energy — every click brings you closer to power! 🃏 Open cards to collect companions who will help you! ⚔️ Fight enemies to earn resources, unlock avatars, weapons, and discover rare items ! 📈 Rank up. Upgrade everything! 🏰 Epic battles and challenging raids. ✨Discover why Anime Breaker is a favorite among adventure and strategy simulator enthusiasts. Enter the world of Anime Breaker now and begin your journey to become the best! 💻📱🎮 Available on computers, phones, tablets, and consoles!"
10677698797,102053304052438,DELTARUNE Fight [UPDATE],ItsIsaacIO,User,735479550,All,Action,Battlegrounds & Fighting,2026-08-11T03:51:02.406Z,2026-10-06T23:46:03.8851649Z,16,,2026-10-06T20:21:17Z,"A DELTARUNE fight sim fan game! MOBILE and CONSOLES supported! CONTROLS: Z: Confirm X: Go Back C: Depends, check in game 😭 Credits: TheJGuy07: Some playable character DOKI sprites Credits for the original game all go to Toby Fox and the DELTARUNE team!"
10681914462,122245938604556,[🔮UPDATE!] +1 Tongue Escape 😛,dot x ast,Group,602332660,All,Simulation,Incremental Simulator,2026-08-11T15:59:37.308Z,2026-10-06T14:52:16.9036268Z,16,,2026-10-06T20:21:17Z,"👅 Welcome to +1 Tongue Escape! 👅 HOW TO PLAY: ⚡ Extend your tongue and use it to reach new platforms! 🛝 Slide across your tongue to move through the obstacle course. 💪 Upgrade your tongue and unlock new abilities as you progress. 🏃 Race through challenging stages and avoid falling behind! 🌍 Climb the leaderboards and become the BEST tongue master on the server. 🚀 Keep moving forward, but one wrong move could send you all the way back! 😱 Think you have what it takes to escape? LIKE the game and join the GROUP for Rewards! 👍"
10682099418,99487541293863,[X10]❄️ +1 Speed Snow Keyboard Escape,+1 Speed Snow Keyboard Escape,Group,316320587,All,Simulation,Incremental Simulator,2026-08-11T16:29:13.148Z,2026-10-02T14:33:13.183Z,20,,2026-10-06T23:48:08Z,"❄️ Welcome to +1 Speed Snow Keyboard Escape!❄️ ⚡ Every step = +1 Speed 🧤 Run and jump on snowy keyboard keys 💪 Get faster and unlock big multipliers 👥 Play with friends 🌍 Be the FASTEST on the server 🚀 Speed is everything… but one wrong step and you start over 😱 🎧 ASMR sounds inside Soft moves, cozy key clicks, snow and winter vibes — fast and chill at the same time ✨"
10684750879,118805555015549,[BOSS]+1 Loot To Forge,Good Bro Studio,Group,828376264,All,Simulation,Incremental Simulator,2026-08-12T01:10:29.354Z,2026-10-06T11:47:29.8798648Z,8,,2026-10-06T20:21:17Z,"Welcome to +1 Loot To Forge ⚔️ Click to gain greater power 💀 Defeat hordes of enemies 🪨 Gather precious ores 🔥 Forge powerful gear 🛡️ Become the mightiest warrior !!! 🎉NEW CODE:100000CCU,SORRYBUG"
10685282333,96510596525082,Ball VS Ball,ATYS 3,Group,1034205759,All,Party & Casual,,2026-08-12T02:57:56.96Z,2026-10-05T05:00:37.244Z,25,,2026-10-06T20:21:17Z,"Pick a ball. Watch it fight! ⚔️ Auto-battle PvP in 1v1 and 2v2 🎲 Choose 1 of 3 random balls each round 🎯 Or pick any ball from your collection, free once per match 🎁 Collect 40+ balls, each with its own skill 🔄 Trade balls with other players 👥 Join the group for a free reward!"
10690360998,126870639873289,Jump for Animals!,AnimalByte,Group,256494703,All,Simulation,Tycoon,2026-08-12T18:52:38.25Z,2026-10-06T15:10:29.5345642Z,5,,2026-10-06T20:21:17Z,"🥚 Welcome to Jump for Animals! 🐾 How to Play: 💪 Train your legs to increase your Jump Power ⬆️ Jump higher to reach new areas 🥚 Steal eggs guarded by giant animals 🏃 Escape and bring the eggs back to your plot 🐣 Hatch eggs to discover rare animals 💰 Earn money from your animals—even while offline 🏋️ Upgrade your barbells, trails, and speed coils ✨ Discover rare sizes, Mythic eggs, and secret animals 📖 Complete your Animal Index and claim rewards How high can you jump, and can you collect them all? 👍 Like the game and join the group for rewards and future updates! 🎮 Supports Desktop, Console, Mobile, and Tablet players."
10690942083,120951586797306,🙈 Killer or Innocent,GamesCans Productions,Group,97331962,All,Survival,1 vs All,2026-08-12T20:42:34.467Z,2026-10-05T15:59:21.4447605Z,12,,2026-10-06T20:21:17Z,"Welcome to the game! 🔪 A killer is among you... Can you survive until the end? Run from the killer, protect your friends, and uncover the truth before it's too late! 👍 Like the game for more updates! 🎯 5,000 LIKES = NEW CONTENT!"
10694549945,76503495566299,Steal a Chicken,Kibrix Runner,Group,34304529,All,Simulation,Tycoon,2026-08-13T09:45:46.192Z,2026-10-06T09:11:56.3246193Z,5,,2026-10-06T23:48:08Z,"🐔 Steal a Chicken! New Codes : Relax / Candy / ufo / CantWait Coming soon: candy treadmill, more fusion features, bat shop, mutations. 🥷 Steal chickens from their nests 🏃 Run! The Guard is chasing you 🏏 Bat other thieves — they drop theirs 🥚 Your chickens lay eggs 🧺 Carry the eggs to the Merchant 💰 Sell them. Get rich ⚡ Treadmill = more speed 🏠 Bigger pen = more chickens 🌙 New chickens every night 🎮 Supports Desktop, Console, Mobile, and Tablet players Like the game & Join the Group for +10K Speed!"
10696894951,139020444733179,[🐾] Survive Deep in the Woods,Simple and Fiya Games,Group,45949552,All,Survival,1 vs All,2026-08-13T16:15:44.689Z,2026-10-06T00:14:51.0273337Z,60,,2026-10-06T20:21:17Z,"Something in the cage is waking up… 🌲 FARMERS: Chop trees, build and defend your base, collect resources, and survive until morning. 👹 BEAST: Hunt down every Farmer before sunrise. Don’t let anyone escape. ⚔️ Build. Survive. Hunt. Repeat."
10698216738,95409544559668,Military Army Tycoon,Battle Action,Group,683115741,All,Simulation,Tycoon,2026-08-13T20:28:03.197Z,2026-10-03T16:05:30.696Z,6,,2026-10-06T20:21:17Z,"Welcome to Military Army Tycoon! Build your military base from the ground up and command your own growing army. Unlock different soldier squads, equip powerful weapons, expand and upgrade your base, and build the perfect army composition. Send your troops into battle, capture strategic locations, fight enemy armies, and become the strongest commander on the battlefield. 💾 Progress is saved automatically - come back anytime and continue where you left off. 👍 Like the game to support future updates and improvements. 🎁 Join the group for a free in-game boost to get started faster. Released: 15/08/2026"
10699057921,109584643077945,[🍁] WikiRace!,WikiRace! Club,Group,980682990,All,Puzzle,Word,2026-08-13T22:56:22.551Z,2026-09-27T17:32:20.818Z,80,,2026-10-06T20:21:17Z,"🍁Fall Event happening now!🍁 🌐 Welcome to WikiRace! 🌐 The Roblox wiki racing game where you jump from article to article to reach the target—right from your own virtual laptop! 🎲 Start at a random article. 🎯 Be the first to reach the target article! 🔗 You can only travel by clicking links inside each page 🧠 Use knowledge, strategy, and unexpected connections 🏆 Set wiki speedrunning records! ✨ FEATURES: 💻 Browse real encyclopedia articles inside Roblox! 🏁 Race friends across multiple game modes! 🎨 Customize your laptop, theme, cursor, and more! ⚔️ Race 1v1 against other players in Ranked games! 🏆 Earn XP, coins, and leaderboard spots! 📚 WikiRace! is an independent project, not endorsed by or affiliated with the Wikimedia Foundation. Our article collection uses automated filtering to remove unsuitable topics and problematic words for a more child-friendly experience. Article content is used under CC BY-SA 4.0, with sources and modifications identified in-game."
10700505394,74341114342499,[🌟 Update] +1 Long Arm Toy Escape!,Long Armers,Group,457402993,All,Simulation,Incremental Simulator,2026-08-14T03:00:01.121Z,2026-10-03T07:39:05.659Z,22,,2026-10-06T23:48:08Z,"Grow your arms to escape the toy factory :D. Desktop: HOLD M1, and Move Mouse to angle your arms."
10700618962,132767904294856,[⚽] Blue Lock Farm,Finding Illusions,Group,425964032,All,Simulation,Tycoon,2026-08-14T03:23:16.584Z,2026-10-06T07:37:32.7085015Z,8,,2026-10-06T20:21:17Z,"💤 LOCKERS OPEN AND MONEY GENERATES WHILE YOU ARE OFFLINE 🤑 ⚽ Welcome to Blue Lock Farm! Enter Code ""WEATHER"" for free loot! Join the community for more exclusive codes! How to Play: 🔵 Open Blue Lockers and unlock powerful characters! 💰 Place your characters to generate even MORE money! ⬆️ Upgrade your characters and boost your earnings! 🔓 Buy better LOCKERS for a chance at insane characters! ✨ Discover RARE characters with crazy boosts! 🔥 Build the BEST Blue Lock team and climb the leaderboard! 👍 Like the game and join the group for updates!"
10701628624,124061247871628,Animal Daycare (Anomaly),Day Dreams Games,Group,235484791,All,Survival,,2026-08-14T07:11:33.292Z,2026-10-05T13:27:03.4810397Z,25,,2026-10-06T20:21:17Z,"🐾 Welcome to Animal Daycare! Inspect every new arrival, search for suspicious clues, and decide who can enter. Feed the children, play with them, keep them calm, and prepare the daycare for nighttime. But be careful — some visitors may not be real children. 🍔 Prepare meals 🏀 Play mini-games 🧠 Keep the children calm 📷 Inspect visitors using cameras 👁️ Find hidden impostors 🌙 Survive mysterious nighttime events 👥 Play solo or with friends Can you complete your shift and keep every child safe?"
10708913337,113290951185459,[🎉 UPD 7] Anime Dice,More & More Games,Group,33017480,All,Simulation,Incremental Simulator,2026-08-15T03:09:50.168Z,2026-10-06T19:26:07.1299972Z,9,,2026-10-06T20:21:17Z,👋 Welcome to Anime Dice! 💵 MONEY GENERATES WHILE YOU ARE OFFLINE 🤑 How to Play: 🎲 Roll dice and reveal insane Anime characters! 🍀 Upgrade your dice to gain even more luck! 💥 Build the strongest team possible! 🧬 Collect rare Anime Characters and mutations! 🔥 Have the BEST Anime Characters and climb the leaderboards! 👍 Like the game and join the group for updates!
10714746778,138860257448193,Build Your Voxel Coaster,Kami x Hanox,Group,919947279,All,Simulation,Sandbox,2026-08-15T16:52:36.605Z,2026-10-05T16:18:54.8458472Z,12,,2026-10-06T20:21:17Z,Welcome to Build Your Voxel Coaster 👋 🧱 Build with blocks 🎢 Create and rIde your own Roller Coaster 👥 Have fun with friends 💾 Save your creations 👍 Like the game to support us!
10717002748,100753254401525,[W2] +1 DMG FPS,Mappy Tappy,Group,220484596,All,Simulation,Incremental Simulator,2026-08-15T22:24:52.952Z,2026-10-05T17:18:10.1766137Z,16,,2026-10-06T20:21:17Z,"🤖 AI ARE ATTACKING EARTH! 🌎 🔫 Shoot enemies to gain +1 DMG 💪 Get stronger with every hit 🏆 Earn Medals & unlock better guns 🔥 Rebirth for HUGE power boosts 🚀 Fight through new areas and SAVE EARTH! How strong can you become? ⚡ use code ""10KCCU"" for some GIFT! 👍 Like & Favorite to support, it help the game grow! ❤️"
10717199977,121780816998126,100 Days on Chunk,Freshly Cooked Games,Group,682457129,All,Survival,,2026-08-15T22:55:16.743Z,2026-10-06T23:13:45.7240788Z,25,,2026-10-06T20:21:17Z,"The world was torn apart, leaving you stranded on a single chunk above the void... Gather resources. 🪓 Craft new chunks and items. 🌍 Build your base. 🏰 Survive the nights, raids, and bosses. 🧟‍♂️ Day 100 is waiting... but will you live long enough to see it? Like & favorite the game for future updates :D👍"
10718240577,99183404085821,[🌌] Steal Fish Eggs,fishy fish fish!,Group,329536544,All,Simulation,Tycoon,2026-08-16T01:27:54.563Z,2026-10-03T20:24:11.61Z,6,,2026-10-06T23:48:08Z,"🐟 Welcome to Steal Fish Eggs! How to Play: 🟠 Steal fish eggs from fish 🐣 Hatch fish eggs to collect rare fish 💰 Earn money from your fish 🌊 Upgrade your endless pool and base 🫧 Train on the endless pool to gain swim Speed 🥷 Steal fish from other players ✨ Discover rarer fish eggs, fish, sizes, and mutations! 🎮 Supports Console and Mobile!"
10724269636,83376581471284,Grow a Pet Fighter! 🐶⚔️,God Bless Zak 7,Group,693379190,All,Simulation,Tycoon,2026-08-16T16:26:15.456Z,2026-10-05T13:15:40.0757816Z,8,,2026-10-06T20:21:17Z,"🐶 Welcome to Build a Pet Fighter! ⚔️ How to Play: • Find and hatch eggs to collect powerful pets🥚 • Send your pets to the ARENA to battle!⚔️ • Send them to the TOWER to climb as high as you can!🏰 • Fuse your pets together to create POWERFUL new pets!✨ Remember, your pets generate cash while you're offline!⏰"
10730414817,97377008543826,[NOW] Anime Levels,Senpai Union,Group,452957338,All,Simulation,Incremental Simulator,2026-08-17T10:05:19.28Z,2026-10-06T19:58:59.8167602Z,8,,2026-10-06T20:21:17Z,"🥳 Welcome to Anime Levels! 🎁 Use Code ""Release"" for FREE Boosts! 💪 Train and defeat the strongest enemies! 🗺️ Explore Multiple Worlds! 🎮 Enter and complete gamemodes to gain special rewards! ⭐ Discover Secret Pets, Enemies and more! Supports, Mobile, Desktop and all other platforms!"
10732236937,127403135954624,[ Halloween ] Kaiju Alpha,SULU OPPA,Group,706620526,All,Action,Battlegrounds & Fighting,2026-08-17T16:05:06.335Z,2026-10-06T16:53:01.4247624Z,25,,2026-10-06T20:21:17Z,# 🔥Update 52🔥 - Added Halloween Theme - Added Shin Eva Godzilla - Added Skeleton Gojira 1954 - Added Godzilla In Hell - Added Daily Quest - Added new island - Added 15 skins ### Godzilla Ultima infomation > Attack 1 after bar over 100 will heal you for that amount of damage dealt > Attack3 after bar over 100 will increase hitbox > Attack 5 will reduce damage by 10% while charging > Utility after full of bar will turn into mist storm 🕹CONTROL: 1 - Skill 1 2 - Skill 2 3 - Skill 3 4 - Skill 4 5 - Skill 5 R - Roar 1 T - Roar 2 ⭐ Favorite the game to never miss new updates! 👥 Join the group to get news and exclusive events!8
10733110573,130490210702949,Blood Debt Gun System,rubblsh,Group,370261412,All,Shooter,,2026-08-17T20:11:08.743Z,2026-10-06T16:56:08.6030111Z,17,,2026-10-06T20:21:17Z,"⚠ Everything is being overhauled for the REMAKE. You probably wont be able to play this version later, but all players will be moved over to the new game. This game is no longer receiving updates. R - Reload T - Chamber U - ragdoll P - surrender Available gamemodes: TDM FFA JUGGERNAUT (EVASION) INFECTION (ZOMBIES) STANISLAV WILD WEST BATTLE ROYALE SINGLE SHOT BRITTLE PROP HUNT PISTOL ONLY fast paced, chaotic the original blood debt pvp bd but everyone has guns (we dont false DMCA competition, especially after being paid over 600K robux by them, unlike Blood Debt / I Tried Atleast) this is the last recoverable version of the revamp version of BDGS developed by FLSH (gn_fq)"
10737231383,106383201135975,[🎃] Jump To Steal An Egg,Together for Animals,Group,783008896,All,Simulation,Tycoon,2026-08-18T16:27:54.282Z,2026-10-06T23:16:35.8619262Z,5,,2026-10-06T23:48:08Z,🥚 Welcome to Jump To Steal An Egg! 🥚 💡 How to Play: 🦘 Jump high and steal Eggs! 🏃 Escape from the Pets before they catch you! 🏠 Bring the Eggs back to your Pen! 🐣 Hatch Eggs to unlock new Pets! 💵 Earn Cash and upgrade your Jump! ⏰ Your Pets make money OFFLINE! 👍 Like the game and join the group for more updates!
10737656087,128899661081075,(👑UPDATE👑) THA BRONX 3,223Z STUDIOS,Group,688726519,All,Action,Open World Action,2026-08-18T18:44:54.92Z,2026-10-05T22:25:42.0192732Z,30,,2026-10-06T20:21:17Z,"Tha Bronx 3🐍 have fun wit friends type game n action IFYKYK Tags: Tha bronx 3, TB3, Switches, Hood Game, Fun, Action, Shooting, Open World, Money, Grind, 2 Players, 5 Players, RolePlay, TB3, Buttons, Drums, City, Cars, Fighting"
10737986845,139536504610209,🛠️Build and Kill Verity,100M CCU,Group,603084636,All,Strategy,Tower Defense,2026-08-18T20:48:00.3Z,2026-10-06T05:20:06.3200466Z,6,,2026-10-06T20:21:17Z,🛠️ Build anything to try and survive the wave of MONSTERS that spawn every wave. 💥Build bases to defend yourself! 😊 Invite friends to build together on your base! 💾 Buildings autosaves 💤 YOUR BASE FIGHTS OFFLINE 😈 CAN YOU SURVIVE THE BOSSES? 👍 Like the game for more updates! 👍
10739044772,128715403389835,Hamster Village🐹,Dojo Empire,Group,140648141,All,Simulation,Tycoon,2026-08-19T02:31:53.203Z,2026-10-06T10:24:57.6147143Z,6,,2026-10-06T20:21:17Z,🛠 Shutdown = Update! 🛠 🐹 Welcome to Hamster Village!🐹 ⭐ HOW TO PLAY Buy Hamsters 🐹 Hamsters drop Seeds over time 🌻 Collect and deposit Seeds to earn Money 💰 Use Money to buy more Hamsters 💵 Merge Hamsters to get higher-tier Hamsters 🔧 Higher-tier Hamsters drop even more Seeds 🌻 Unlock new Hamsters and expand your collection! ⭐ 👍 Like & Favorite for more updates!
10739112966,119242658671952,Street Soccer Pro,Unnamed Football Prod,Group,723016792,All,Sports & Racing,Sports,2026-08-19T02:56:04.511Z,2026-10-06T23:47:16.0207008Z,8,,2026-10-06T20:21:17Z,"[NEW GAME] 💬 Join the community server through Social Links to see new updates! ⚽ Rep your country. Run the pitch. Link up with teammates, curve shots into the top corner and pull off clutch saves. Score a screamer, hit your celebration and go again! 📱MOBILE+CONSOLE FRIENDLY 😎PRIVATE SERVERS HAVE ADMIN PANEL/CUSTOM FEATURES 🧍‍♂️BALANCED AI GOALKEEPERS 🎮 PC Controls Hold left click - Charge+Shoot Q - Dribble E - Tackle / Dive as goalkeeper R - Call for a pass F - Power shot B - Emote A/D while charging - Curve your shot Shoot before the ball lands - Volley/Jump for bicycle kick Right Click - Pass/Cancel Shot Space - Jump/Header"
10740316645,79389059854988,⛏️ My Anime Mine,Curseddd Games,Group,543135249,All,Simulation,Tycoon,2026-08-19T10:13:50.878Z,2026-10-06T09:08:48.6092898Z,12,,2026-10-06T20:21:17Z,"Welcome to My Anime Mine! Your anime characters break rocks for rare ores. Sell your ores for cash and upgrade damage by leveling them up, buying new pickaxes, and enchanting them! Spend your money on the research tree to multiply your income! How to Play: ⛏️ Break rocks for anime characters 💪 Upgrade your crew's damage with levels, mutations, new pickaxes and more 🔬 Finish your zone's research tree to unlock the next mining zone! Updates every week!"
10741302505,133363783004873,Collect 1 Million Items [✨],Rsix Studio,Group,32680696,All,Simulation,Incremental Simulator,2026-08-19T15:40:31.744Z,2026-10-06T19:28:00.7528109Z,12,,2026-10-06T20:21:17Z,💎Collect Items! 💵 Earn Cash! 🔮 Find secrets! 🏆 Flex your rarest finds ✨ Get rare items! 🛒 Unlock better pusher! 🧬 Rebirth for fast progress! 👍 Like the game and join the group for +1 Luck!
10741514942,74865107636750,Renovate A House,Renovation Entertainment,Group,1029335262,All,Simulation,Incremental Simulator,2026-08-19T16:55:31.833Z,2026-10-06T15:48:30.4212445Z,12,,2026-10-06T20:21:17Z,"You and your friends scored the deal of a lifetime on a ridiculously cheap house! But when you finally arrived to move in... it was a complete disaster. The yard is buried, the floors are filthy, and the walls are completely ruined. Now, it's up to you to roll up your sleeves and turn this broken-down dump into your dream home! 🏚️✨ 🎮 How to Play 🍂 Clear the Yard – Pick up, rake, and use powerful leafblowers to clear out massive piles of leaves. 💦 Powerwash – Blast away years of grime and dirt to reveal sparkling clean floors. 🎨 Paint – Grab your brush and give the destroyed walls a fresh coat of paint. 💰 Upgrade Tools – Earn money as you clean to buy better tools so you can work faster! 🏆 Compete – Race against the clock and climb the leaderboards for the fastest map completion time. Play solo or team up with your friends! 🤝 👍 THUMBS UP FOR MORE UPDATES! 👍 Tags : renovate, cleaning, house, simulator, powerwash, leaf blower, coop, speedrun, adventure, satisfying, teamwork."
10741654282,105011592530400,Build and Kill Zombies,Zombie Car Crusher,Group,171280950,All,Simulation,Sandbox,2026-08-19T17:39:39.912Z,2026-10-06T18:42:25.7273144Z,5,,2026-10-06T20:21:17Z,Welcome to Build and Kill Zombies! 🔨 Build your car! ⚙️ Add crazy weapons & defenses! 🧟 Crush waves of zombies! 💰 Earn cash and upgrade your build! 🚗 How far can YOUR car survive?
10741792653,100227226022278,Survive The Swarm,FAKT,Group,36091156,All,Survival,,2026-08-19T18:31:37.037Z,2026-10-06T23:08:35.9827764Z,30,,2026-10-06T20:21:17Z,"⚔️ Welcome To Survive The Swarm, a one of a kind RPG on Roblox, Fight hundreds of enemies at once with only one goal... Survive The Swarm and Defeat The Final Boss. Choose from 6 Different Classes! ⚔️ Warrior: Charge into battle and crush enemies with raw power. 🗡️ Rogue: Strike from the shadows with lightning-fast critical hits. 🔮 Mage: Unleash devastating spells that wipe out entire hordes. 🏹 Ranger: Rain arrows from afar and never let enemies get close. 🔧 Engineer: Deploy turrets and gadgets to control the battlefield. 💚 Healer: Keep your team alive and turn the tide of every fight. 💰 Collect Gold to upgrade and unlock weapons and Gear. 🔮 Synergize them to unlock their evolution and obliterate your enemies. 🤝 CO-OP: Team up with friends, every map you clear, you clear together. 🔄 Updated EVERY WEEK! Expect some bugs 🎁 Codes: Join our Discord server for exclusive codes! 🎮 Console Support! Made with love by a solo dev"
10742937135,109166720609444,(🎮Update!) Survive The Hulk,Survive The Hulk,Group,980493501,All,Survival,1 vs All,2026-08-20T02:09:19.711Z,2026-10-04T06:01:10.17Z,12,,2026-10-06T20:21:17Z,"SURVIVE THE HULK One player is chosen to become the Hulk. Everyone else must run, hide and survive until the round ends. As the Hulk, hunt down every survivor using powerful punch combos, sprint attacks, a destructive thunder clap and the ability to locate hiding players. Smash through walls, doors, windows and furniture as the entire facility falls apart around you. As a survivor, explore the facility, crawl through vents, break through glass and work together to escape. Unlock the Hulkbuster to fight back with heavy punches and repulsor blasts. Can you survive the Hulk, or will you destroy everyone in your path? 🎮 PC, Mobile, Xbox and PlayStation ⭐ Like and favourite the game for more updates! #Hulk #Scary #Survive #Killer #Destruction #Destroy #Escape #Horror #Survival #Multiplayer #Hulkbuster"
10743048214,116192088324578,[GLITCH WORLD + SCOTT] FNAF World Multiplayer,Sunny_Verified,User,1048500292,All,RPG,Turn-based RPG,2026-08-20T03:03:10.121Z,2026-10-06T23:24:03.4173367Z,20,,2026-10-06T20:21:17Z,"👍 LIKE = UPDATE 🎩 Welcome to FNAF World Multiplayer! A fan-made recreation of the original FNaF World, aiming to recreate the original experience while adding multiplayer! The game is currently in EARLY ACCESS and is not yet complete. Once the main game is finished, I plan to expand it with new areas, content, events, skins, and more! 🌲 Explore the world of FNaF World! ⚔️ Fight enemies and bosses! 🌟 Unlock characters and build your party! 🗺️ Find new areas and secrets! Thumbnail by ThatOneFatParrot Icon by VioletSchmidt FNaF World is a FREE game originally created by Scott Cawthon and is available on Game Jolt. All original FNAF World characters, music, and assets belong to Scott Cawthon and their respective owners. This is an unofficial fan game and is not affiliated with or endorsed by Scott Cawthon. If requested by Scott Cawthon or the relevant rights holders, this game will be taken down."
10744310825,104320321984431,Paint to Get Rich [MUSEUM] 🎨,Toasty Works,Group,853323518,All,Simulation,Tycoon,2026-08-20T09:51:31.529Z,2026-10-06T05:40:11.3284532Z,6,,2026-10-06T20:21:17Z,🏛️ UPDATE: W2 / THE MUSEUM! 🎨 Welcome to Paint to Get Rich! 🖌️ Paint anything! 🎨 Fill your gallery with your favorite artwork 🏠 Build and upgrade your art studio 👨‍🎨 Unlock new artists and studio features 🏛️ Discover new worlds and places to paint ⭐ Become the ultimate artist Start with nothing and build your way up to a huge art empire!
10748543623,131526356112663,[SECRETS!⭐] Pack A Rare Card,and Grade Cards,Group,124876448,All,Simulation,Incremental Simulator,2026-08-21T09:59:01.944Z,2026-10-06T12:20:50.0827727Z,15,,2026-10-06T20:21:17Z,"🎴 OPEN PACKS. GRADE CARDS. BATTLE PLAYERS. BUILD YOUR COLLECTION! ✨ Welcome to the ultimate card collecting experience! Rip open packs, discover insanely rare cards, grade your best pulls, battle other players, and build a collection worth millions! 🔥 OPEN PACKS and chase ultra-rare cards 💎 GRADE YOUR CARDS and hunt for perfect grades ⚔️ BATTLE OTHER PLAYERS in Pack Battles and compete for huge rewards 🏆 COLLECT different sets, rarities, and special cards 💰 EARN CASH and upgrade your collection 📈 HUNT FOR GCC 10s and massive-value pulls 🔄 REBIRTH to unlock new upgrades and progress even further ✨ Discover secrets, limited cards, upgrades, and new content as you play! Think you're lucky enough to pull the rarest card? Can you land the perfect GCC 10 and dominate your next Pack Battle? ⭐ LIKE + FAVORITE the game for more updates! 🎴 Start ripping packs and build the ULTIMATE CARD COLLECTION! Tags: Trading Battles RNG Dice Spin Pack Collection Cards Grading Luck Simulator"
10752833252,103331563595376,Gnomes! [Steal & Escape],Sneaky Gnomes,Group,4975981,All,Adventure,Scavenger Hunt,2026-08-22T14:37:40.267Z,2026-09-29T14:02:31.396Z,20,,2026-10-06T20:21:17Z,"🍄 Welcome to GNOMES! [Steal & Escape] Sneak into the house, grab as much loot as you can, and escape before the Homeowner catches you! 🏃💨 🏠 Break into the house 💰 Steal valuable items 🤝 Team up with other Gnomes 🛠️ Unlock useful tools & upgrades 🎯 Complete quests and earn rewards 😱 Don’t get caught! 🎁 FREE CODE: RELEASE! → 125 Coins Can you become the ultimate Gnome Thief? ⭐ Favorite the game and 👍 Like for future updates! 💬 Join our Discord for update news, new codes, sneak peeks & more! ⚠️ The game is currently in development — expect new items, areas, tools, codes and more!"
10753487407,93467044568807,🙈🙊🙉 BOMBANANA!,TARK Games,Group,95720385,All,Puzzle,Escape Room,2026-08-22T18:07:56.037Z,2026-10-03T23:57:32.302Z,12,,2026-10-06T20:21:17Z,"💣 BOMBANANA! is a chaotic 3-player bomb-defusal game built around communication, teamwork, panic, and explosions! 👥 **2-Player Mode is now available!** 🙈 Blind Monkey: Can't see the bomb, but is the only one who can interact with it. 🙊 Mute Monkey: Can read the defusal manual, but can't speak. 🙉 Deaf Monkey: Can see the bomb, but can't hear anything. 🍌 Communicate, throw bananas, work together and defuse the bomb before everyone goes BOOM! 💥 🎮 Official Roblox adaptation of BOMBANANA! Original game by Lefto Studio & TARK Games. Roblox version developed by FXFX Studio in partnership with the original team. © BOMBANANA! All rights reserved by their respective owners. tags: BOMBANANA, bombanana, monkey bomb, bomb defuse, communication, incommunication, defuse bomb, 2 player, 3 player, bananas, banana, bomb monkey, 3 monkeys, monkeys, monkey, defusing bomb, bomba"
10753751277,120475074479690,Steal From The Rich!,Lucky Finders,Group,900458044,All,Simulation,Tycoon,2026-08-22T19:31:14.695Z,2026-10-06T19:08:37.8113763Z,7,,2026-10-06T20:21:17Z,"💎 Welcome to Steal From The Rich! How to Play: 📦 Steal crates from the rich 💰 Collect valuable items like treasures 🏡 Build and decorate your dream base with your stolen treasures! ⬆️ Upgrade your treadmill and base ⚡ Train on the treadmill to gain Speed ✨ Reach richer areas and discover greater treasures! ⭐ Like & Favorite the game so you don’t miss future updates, new areas, pets, treasures and events! ❤️ Every Like helps support the game and lets us know you want more updates! 🎮 Supports Desktop, Mobile, Console and Tablet players"
10756011174,77108422251420,[🔱] Search For The Needle,Garage Games,Group,279288859,All,Simulation,Incremental Simulator,2026-08-23T09:25:26.774Z,2026-10-06T18:48:51.3313244Z,20,,2026-10-06T20:21:17Z,"a chill cozy game about finding a Needle in a giant pile of Hay... 🌾 🌟 Find the Needle in a Haystack! 🌾 Search through the Hay 🗡 Find the hidden Needle 🏆 Beat your best time Can you find it? Tags: Find The Needle, Hay, Farm, Story, Adventure, Needle, Clean , Search, Needle in a Haystack, Clean all the Leaves"
10756780270,126325864277234,STOP! Word Duel,Guri Games,Group,720281690,All,Puzzle,Word,2026-08-23T14:47:18.802Z,2026-10-06T22:44:42.0522218Z,26,,2026-10-06T20:21:17Z,🛑 One letter. Five categories. Three rounds. Play STOP in a word showdown for 2 to 4 players! Write your answers and hit STOP before the others. Correct answers that nobody else used score double. 🪑 Lose the match and get launched out of your chair. 💰 Earn in-game cash and unlock chairs and STOP sounds. 🤖 Practice against a bot when no opponent is available. 🎁 Claim daily gifts and one-time playtime rewards. 🏆 Compete on the global leaderboards. Think fast. Find an answer nobody else thought of. Hit STOP!
10757247806,103767961452227,Build and Conquer,The Slop Company,Group,52990522,All,Strategy,,2026-08-23T18:17:51.867Z,2026-10-06T22:16:58.3185954Z,8,,2026-10-06T23:48:08Z,"The game is still in its BETA version. Expect bugs and constant updates. Start with an empty plot and build a country that can stand on its own. Create neighbourhoods, roads, farms, shops, factories, power plants, water networks, and large cities. Manage money, workers, population, resources, happiness, power, research, production, and city expansion as your country grows. Research new technology, manufacture vehicles and missiles, deploy troops through tunnels to the mainland, form alliances, defend your cities, and fight other nations for control of strategic areas. Build carefully. A strong economy wins wars, but a strong military protects everything you built."
10757498504,78933302895115,Steal An Anime Egg,Steal An,Group,279611000,All,Simulation,Incremental Simulator,2026-08-23T20:29:03.499Z,2026-10-06T16:22:08.1985504Z,6,,2026-10-06T20:21:17Z,"🥚 Welcome to Steal An Anime Egg! How to Play: 🥚 Steal eggs from anime characters 🐣 Hatch eggs to collect rare anime units 💰 Earn money from your anime units ⬆️ Upgrade your treadmill and base 🏃 Train on the treadmill to gain Speed 🥷 Steal eggs from other players ✨ Discover rarer eggs, anime units, sizes, and mutations!"
10757504146,126016859830524,Steal A Brainrot Egg,brainrot is still HUGE,Group,993102780,All,Simulation,Tycoon,2026-08-23T20:31:41.954Z,2026-10-04T20:42:54.504Z,6,,2026-10-06T23:48:08Z,"Welcome to Steal A Brainrot Egg 🥚 How to play: Steal eggs from brainrots 🥚 Hatch eggs to collect rare brainrots 🐣 Earn money from your brainrots 💰 Upgrade your treadmill and base ⬆️ Train on the treadmill to gain speed 🏃 Steal eggs from other players 🥚 Discover rarer eggs, brainrots, sizes, and mutations!"
10757704931,96124247562170,[W2] +1 Soldier Evolution,Malroh x Spil,Group,405200953,All,Simulation,Incremental Simulator,2026-08-23T22:18:37.783Z,2026-10-05T04:53:10.668Z,12,,2026-10-06T20:21:17Z,"🪖 Become the strongest Soldier! Train your Power, wipe out the zombie horde, and evolve your soldier as you grow stronger! 🖱️ Click to gain +1 Power! 💥 More Power = More Damage! 🔫 Unlock and upgrade powerful Guns! 🧟 Clear enemies to unlock new stages! 🪖 Evolve your soldier and climb the ranks! 👑 Beat Minibosses and World Bosses for loot! 🥚 Hatch pets and 🔄 Rebirth to get even stronger! 👍 Like and ⭐ Favorite the game to support future updates! 🎮 Supports Desktop, Console, Mobile, and Tablet players"
10758397570,134679507313109,Steal an Egg for Squishy Dumplings!,Cr4nky Studios,Group,1111024134,All,Simulation,Tycoon,2026-08-24T06:58:41.213Z,2026-10-03T14:59:18.09Z,6,,2026-10-06T20:21:17Z,"🥚 Welcome to Steal an Egg for Squishy Dumplings! How to Play: 🥚 Steal eggs from Squishy Dumplings 🐣 Hatch eggs to collect rare Dumplings 💰 Earn money from your Squishy ⬆️ Upgrade your treadmill and base 🏃 Train on the treadmill to gain Speed ✨ Discover rarer eggs, squishy dumplings, sizes 🎮 Supports Desktop, Console, Mobile, and Tablet players"
10759337137,85967844112283,Last Stop [Beta],The Hidden Route,Group,1040745973,All,Survival,,2026-08-24T15:58:02.976Z,2026-10-05T16:26:47.0850517Z,25,,2026-10-06T20:21:17Z,"Like and favorite the game, it motivates us to push better updates! Build up your bus, scavenge abandoned buildings for loot, sell what you find, gear up with powerful weapons and fight through waves of zombies, dangerous bosses and whatever else is waiting down the road. How far can you make it... and will you reach the Last Stop? [Controls] Click - grab action/shoot Z - place Build/attach E - Equip (or use item) Q - Drop item R - Reload gun TAB - Inventory Y - Inspect"
10759415852,74968636725538,[HALLOWEEN 🎃] Kick an Uma,30 dollar games,Group,143238687,All,Simulation,Tycoon,2026-08-24T16:43:54.703Z,2026-10-06T23:02:36.9819628Z,7,,2026-10-06T23:48:08Z,"🐎 Welcome to Kick an Uma! How to Play: 💥 Build up your Kick Power and send Umas FLYING! 🌎 Kick farther to reach new zones and discover rarer Umas! 💰 Collect Umas and place them in your base to earn Cash! 🏋️ Upgrade your Power, unlock better Weights, and kick even farther! ✨ Discover rare Umas and complete your collection! 🎮 Supports Desktop, Console, Mobile, and Tablet players"
10759430423,110730550789828,[W6] +1 Chop Trees for Treasure,ArcHaven,Group,874625030,All,Simulation,Incremental Simulator,2026-08-24T16:52:57.076Z,2026-10-06T21:39:00.3573768Z,15,,2026-10-06T20:21:17Z,"🌲 Welcome to +1 Chop Trees for Treasure! Train your Strength 💪 Chop the Trees 🪓 Discover rare Treasures to sell! 💎 Buy and Craft powerful Choppers, Pets, Auras, and Artifacts ⬆️ Rebirth and CHOP THE ENTIRE FOREST! 🔄 💤 Earn Strength and Cash while you're OFFLINE! 🎃 Explore World 5 Hallow with NEW Auras, Choppers, Pets, Artifacts, Treasures, and Upgrades! 🎁 Use code HALLOW for 5 Master Potions!"
10759478428,96727061242653,Steal Anime Eggs,And Collect Insane Animes,Group,424082979,All,Simulation,Tycoon,2026-08-24T17:22:18.799Z,2026-10-06T23:36:45.2356215Z,6,,2026-10-06T20:21:17Z,"🥚 Welcome to Steal Anime Eggs ! How to Play: 🥚 Steal eggs from Anime 🐣 Hatch eggs to collect rare anime 💰 Earn money from your anime ⬆️ Upgrade your treadmill and base 🏃 Train on the treadmill to gain Speed 🥷 Steal eggs from other players ✨ Discover rarer eggs, anime, sizes, and mutations! 🎮 Supports Desktop, Console, Mobile, and Tablet players"
10759518799,121165298854655,[CLASSES] DON'T LET HIM IN,dilly dally games,Group,281380235,All,Survival,,2026-08-24T17:44:17.633Z,2026-10-06T22:15:45.2158764Z,30,,2026-10-06T20:21:17Z,"Work together to survive the night while it circles the house, studies your mistakes, and searches for a way in. Keep the floodlights powered. Watch the doors and windows. Restore the breaker when the power fails. Light keeps it away, but one vulnerable entrance is all it needs. If it gets inside, the house goes dark. Hide. Stay quiet. Survive until morning. 📱🥽🎮 ALL DEVICES SUPPORTED 🎧 Headphones strongly recommended 🎙️ Best experienced with voice chat 🖼️ Highest quality graphics recommended The Locust, Boiled One, and Boy and the Bath characters are all originally created by DoctorNowhere."
10759594563,111801263516291,Choose the Stronger Anime!,Epic Party Games!,Group,797650200,All,Party & Casual,Minigame,2026-08-24T18:30:38.289Z,2026-10-06T21:48:45.4545536Z,30,,2026-10-06T20:21:17Z,"💥 CHOOSE THE STRONGER ANIME! ⚔️ You have $20 to build the STRONGEST anime team possible! 💸🔥 Choose your fighters wisely — powerful characters cost more, but a balanced team might be the key to winning! 👀 ⚔️ Draft your anime team 💰 Spend your $20 budget 🔥 Pick from popular anime characters 🏆 Compare teams with other players 👥 Play with friends and see who drafts better Will you spend everything on one OVERPOWERED character… or build the ultimate squad? 🤔 ⭐ Favorite the game for updates! 👍 Like the game if you enjoyed!"
10759638075,74629631798007,[🎣 UPD] Pets Universe! 🐾,Lip Builds,Group,35939768,All,Simulation,Incremental Simulator,2026-08-24T18:59:13.917Z,2026-10-06T19:41:29.3268968Z,6,,2026-10-06T20:21:17Z,🐾 Discover hundreds of Unique Pets! 🥚 Collect Coins and Buy Eggs! 📅 New updates every week! 💫 Join Group & Follow the Game for Bonus Rewards! 💎 Premium Players get +10% More Coins & Rubies! ❤️ Made by Lip Builds!
10761143648,94846670791126,Steal all Cars,Steal all Cars,Group,306568926,All,Simulation,Tycoon,2026-08-25T14:54:50.574Z,2026-10-06T09:40:13.2029279Z,8,,2026-10-06T20:21:17Z,"🏎️ Willkommen bei Steal All Cars! 👍 Gib dem Spiel einen Like und tritt der Gruppe bei! So spielst du: 🚗 Kaufe Autos und erweitere deine Sammlung 💸 Verdiene Geld mit deinen Autos ⬆️ Verbessere deine Autos, um noch mehr zu verdienen 🏆 Sammle immer wertvollere Autos und erklimme die globale Rangliste! 🎮 Unterstützt Desktop, Konsole, Mobilgeräte und Tablets"
10761200080,110954432401277,Needle In A Haystack,DomBlox Games,Group,711013993,All,Simulation,Incremental Simulator,2026-08-25T15:33:57.526Z,2026-09-27T09:05:18.963Z,20,,2026-10-06T20:21:17Z,"Find The Needle In The Haystack Search for the Needle and solve the mystery. 🌾 Search through 5 million hay straws 🗡 Find the hidden Needle 🏆 Beat the hardest game on Roblox Tags: Search For The Needle, Find The Needle, Hay, Farm, Story, Adventure, Needle, Clean, Search, Needle in a Haystack, Clean all the Leaves"
10761375767,120252007682677,Surf And Rescue 🌊🛟,Ruster Games,Group,846226343,All,Simulation,Tycoon,2026-08-25T17:49:35.075Z,2026-10-05T02:23:27.278Z,6,,2026-10-06T23:48:08Z,Rescue Sea Pets 🐢 Clean Dirty Pets ✨ Avoid the sharks 🦈 Explore new Islands 🏝️ Build your Base 🛠️
10761375938,100641654440407,Defend Your Treehouse!,Sapling House Games,Group,42321785,All,Simulation,Tycoon,2026-08-25T17:49:48.413Z,2026-10-06T08:34:45.2363487Z,6,,2026-10-06T20:21:17Z,🎲 Roll Turrets 🛡️ Fight Enemies ⚔️ Upgrade Your Treehouse 🌳 🌟 Roll for powerful Turrets! 🛡️ Defend your Treehouse from waves of Enemies! 🏡 Upgrade your Treehouse and become stronger! ⚔️ Build the ultimate defense and survive! 👥 Play with Friends for EXTRA LUCK! 👍 Like the game and join the group for A POWERFUL TURRET! ❗You earn income offline! 💰
10761687472,113481077323469,Scream And Run [VERITY],Scream And Run Studios,Group,889075472,All,Survival,Escape,2026-08-25T23:45:53.468Z,2026-10-06T01:08:09.9028462Z,50,,2026-10-06T20:21:17Z,"You’re trapped inside a school after dark, and you’re not alone. The Cat in the Hat is hunting you. Search through abandoned classrooms and backpacks to find the hidden keys you need to unlock the exit. Launch Game Modes! Hide And Seek Free Roam Escape Controls Run - Shift Crouch - C Crawl - C Slide - Shift + C Flashlight - F"
10762388019,117448312570314,[1 & 2 PLAYER] Grapple Cart Obby,rng dev,Group,34421046,All,Obby & Platformer,,2026-08-26T12:38:50.428Z,2026-10-02T07:23:57.466Z,25,,2026-10-06T20:21:17Z,
10762636904,132929771812494,Cameraman Tower Defense,Aligators Games,Group,1111394813,All,Strategy,Tower Defense,2026-08-26T16:15:32.9924517Z,2026-10-06T17:45:37.0970818Z,30,,2026-10-06T20:21:17Z,📸 Cameraman Tower Defense ⚔️ 👀 Legends came back.. 🌟 Step on a platform to start a match! ⚔️ Place cameraman and powerful units to fight back against invading toilets! 🏆 Beat waves to win ❗ All assets was made by us Made by aibat303e and iop_dev!
10762757054,115668616082195,WHO FARTED?,Badass Experiences,Group,9825692,All,Survival,1 vs All,2026-08-26T18:18:35.08Z,2026-10-05T21:58:50.8826591Z,10,,2026-10-06T20:21:17Z,💨 ONE PLAYER IS SECRETLY THE FARTER. 🔍 FIND THEM… BEFORE THEY FART ON YOU! - ⭐ LIKE THE GAME AND JOIN THE GROUP FOR A FREE FART SKIN GAME TRAILER BY @SCAREMOUCH & @VACTPACT update log: - removed kanye
10762798338,100614359881926,Hide the Cat,Oops! All Cats,Group,321281846,All,Strategy,,2026-08-26T19:20:35.188Z,2026-10-02T19:05:10.087Z,20,,2026-10-06T20:21:17Z,"🐱 A stray cat just showed up at your door... and you decided to keep it. There’s only one problem. Your landlord is coming to inspect the house! 😨 🏠 Find the perfect hiding spot 😼 Grab the cat and hide it somewhere sneaky 🚪 Get ready before the landlord arrives 🤫 Keep quiet and don’t let them find your cat! Explore new rooms, discover better hiding spots, and see if you can keep your secret pet hidden! 🐾"
10763714513,122498324859761,2 Player Ice Cream Tycoon 🍦,MSL Games,Group,5702877,All,Simulation,Tycoon,2026-08-27T19:13:56.53Z,2026-10-04T14:03:19.644Z,8,,2026-10-06T23:48:08Z,🍨 Team up and build your own ice cream parlor! 🍨 ⛳ Capture the flag for cash boosts! ⛳ ⚔ Unlock cool swords and weapons to fight the other teams! ⚔ 💾 Your progress SAVES! 💾 Thank you for playing 2 Player Ice Cream Tycoon 😋
10763764817,109203247742910,Swing For Eggs,faderanat's spiders,Group,964523081,All,Simulation,Tycoon,2026-08-27T21:37:54.774Z,2026-10-04T00:17:10.294Z,6,,2026-10-06T20:21:17Z,"🕷️ SWING FOR EGGS 🕷️ Web-swing over the guardians, snatch the egg mid-air, and hatch it back at base! 🥚 🕸️ Swing between rings to cross every zone 🏃 Upgrade your Speed and web range 🌙 All nests reset every night 🏏 Knock eggs out of other players' hands 👑 Common → Secret → Eternal → DIVINE 🎁 Join the group for a free gift! 👍 Like & ⭐ Favorite for updates!"
10764297006,138110382920220,Pixel Conquest,8Yoonie,User,8129406063,All,Strategy,,2026-08-29T05:28:43.767Z,2026-10-06T21:38:14.8586401Z,175,,2026-10-06T20:21:17Z,"⚔️ Battle Players Around the World 🪖 Capture Cities, Expand Your Territory, and Conquer New Lands 👑 Rise to Power and Dominate the Battlefield 🔗 Tags: Strategy, RTS, Countries, Battle Simulator ❤️ Like the game to stay updated! Credits: © OpenFront and Contributors Modified by BunniGames with ❤️"
10764300350,109658217029877,[BETA] Football WORLD Manager '27 [FIX!],Cino Studios,Group,410424379,All,Sports & Racing,Sports,2026-08-29T06:16:47.441Z,2026-10-06T19:59:42.7787501Z,1,,2026-10-06T20:21:17Z,"👔 Become a football manager in the most comprehensive football management game on ROBLOX - with over 4,000 clubs to choose from across 282 different leagues worldwide, and 210 different national teams! ❤️💰JOIN THE GROUP AND LIKE THE GAME TO RECEIVE +10% EXTRA IN YOUR CAREER STARTING BUDGETS! Join the group: https://www.roblox.com/communities/410424379/Cino-Studios 🌍 4,105 different playable clubs across 6 continents and 282 leagues ⚽ Customize team tactics and starting lineups, sign new players from a global transfer network of over 116,000 players, develop your academy system, and create a football powerhouse 🏆 Compete in domestic league competition, domestic cups, intercontinental cups, as well as continental national team competitions, and the prestigious WORLD Cup! *🛠️ The game is still in beta development, you may experience some bugs*"
10764328008,122216176958450,Steal A Seed!,Rainbow Isle Tycoon,Group,296197995,All,Simulation,Tycoon,2026-08-29T11:42:12.591Z,2026-10-06T13:09:16.8396426Z,6,,2026-10-06T23:48:08Z,"🌱 Welcome to Steal A Seed! How to Play: 🌱 Steal seeds from gardens 🌿 Plant your seeds to grow rare plant varieties 💰 Earn cash from your plants ⬆️ Upgrade your treadmill and unlock more planters 🏃 Train on the treadmill to boost your Speed 🤝 Team‑up with other players to steal high‑tier seeds ✨ Uncover rare plants, unique sizes and incredible mutations!"
10764385875,135964797750692,Doodle Balls! ❤️,UnquaIified Studios,Group,951726468,All,Puzzle,,2026-08-29T20:10:53.554Z,2026-10-05T02:15:15.341Z,20,,2026-10-06T20:21:17Z,"DOODLE BALLS ❤️ Draw a line. Let go. Get the two of them together. (romance! physics! mostly physics!) The less ink you use, the more stars you earn. 🎁 USE CODE: 'RELEASE' ✏️ 130 hand-drawn physics levels (MORE SOON!) 🔥 30 HARD levels — collect 30 stars to unlock them ⭐ 390 stars to collect 🍯 No-draw zones, falling gold, see-saws and one very large boulder 🎨 10 pencils and 10 matching outfits to unlock 🏆 Daily AND all-time global leaderboards 🎡 Daily wheel spins, free group rewards, and a 7-day daily rewards! Some levels are one line. Others will have you staring at a notebook for ten minutes (I have watched this happen) Can you get them all together? 👍 Like the game and ⭐ Favorite it if you want more levels! Inspired by ""Love Balls"" and the many line-drawing puzzle games like it!"
10764404786,102255204927572,[SCI-FI] Pull A Sword 🗡️,Minecrawler,Group,35530209,All,Simulation,Tycoon,2026-08-29T23:09:25.713Z,2026-10-06T21:01:48.9866728Z,5,,2026-10-06T20:21:17Z,"⚔️ PULL A SWORD ⚔️ Train, get stronger, and pull the legendary sword! 💪 🏋️ Train on your dummy to build STRENGTH. 💪 The stronger you are, the better swords you can pull. ❓ Every sword is a mystery until you reveal it. Common or LEGENDARY? 🌈 👹 Fight Slimes, Goblins, Zombies, and more across new zones. 💰 Sell swords, upgrade your plot, and keep growing. 🍀 Server Luck, offline rewards, and friend boosts. ⭐ Like and Favorite for updates!"
10764412489,70797316145408,Waddle Obby,Aquatic Arcade,Group,1049313203,All,Obby & Platformer,,2026-08-30T00:41:42.967Z,2026-10-04T00:22:50.182Z,15,,2026-10-06T20:21:17Z,"Can you beat an obby walking like THIS? 👣 Move one foot at a time and try not to fall! 🐧 Learn left-and-right foot controls. No jumping. ⚙️ Dodge moving platforms, lava, spinners, and more. 📊 Track your time, steps, deaths, and skips. How far can you waddle? Controls: - Press W key or Space bar to waddle on PC. - Use D-pad Down on console. - For mobile, use the on-screen button. 👍 Please LIKE to support the game! 🚧 BETA - I’m actively adding more content and fixing bugs! Any feedback is welcome in the group forum. The walking mechanic is based on Walkable Cities by Miziziziz. Check out his game on Itch! Tags: Obby But, Hardest, Hardest Obby, Crashout, Hard, Nearly, Impossible, Platformer, Parkour, Impossible Obby, Difficulty Chart, Spiral."
10764415267,140067658687251,Rope an Animal,Rope an Animal APXS,Group,640592386,All,Simulation,Tycoon,2026-08-30T01:17:14.529Z,2026-10-04T21:52:51.251Z,6,,2026-10-06T20:21:17Z,"🤠 Welcome to Rope an Animal! How to Play: 🪢 Rope wild animals 🐎 Ride them to safety before the Guardian catches you 💰 Earn money from your animals 🏃 Train on the treadmill to gain Speed 🥷 Steal animals from other players 🥚 Rope rare animals as soon as they hatch 🎮 Supports Desktop, Console, Mobile, and Tablet players"
10764479526,92648272637932,[RANKED] +1 Mog Evolution,Navoj Mog,Group,426881025,All,Simulation,Incremental Simulator,2026-08-30T13:57:39.961Z,2026-10-05T22:31:55.3896343Z,12,,2026-10-06T20:21:17Z,Welcome to +1 Mog Evolution 👆 Every Click gives you MORE Appeal 🔨 Upgrade your hammer to Bonesmash and get even more Appeal 🏆 Earn Wins to ascend and mog more people 🌍 Climb the leaderboard to become a True Adam 👍 Like & ⭐ Favorite the game to support future updates! 🔥 Thanks for playing and have fun!
10764533320,117883700024872,[UPD] Aura Dance Battles 🔥,Is It This Easy?,Group,339036233,All,Party & Casual,Minigame,2026-08-30T21:16:22.545Z,2026-10-03T16:07:23.244Z,14,,2026-10-06T20:21:17Z,"👑 Aura Dance Battles Build up your AURA, flex your best moves, and prove you’ve got the most aura in the entire server. 🔥 ⚡ Face off in 1v1 Aura Battles 🕺 Unlock and equip brand-new aura moves 🗳️ Vote and let players decide who has the best aura 🏆 Win tournaments and rise as the Aura King ✨ Collect rare auras, emotes, and cosmetics 💎 Earn rewards and climb your way up the leaderboards 👑 Make it through the bracket and take the crown! Think you have enough aura to reach #1? 😈 ⭐ Favorite the game to stay tuned for future updates!"
10764613327,131683977882464,[🎧] GUESS THE SONG! 0.5s,First Note,Group,194804267,All,Entertainment,Music & Audio,2026-08-31T14:26:20.959Z,2026-10-05T23:59:57.696Z,16,,2026-10-06T20:21:17Z,"🎧 CAN YOU GUESS THE SONG IN JUST 0.5 SECONDS? Listen to a tiny clip, guess the song, and prove you know it from the FIRST NOTE. ⚡ 🎵 0.5s → 2s → 4s → 8s → 15s 🏆 Win matches & build your streak 💸 Earn Notes and unlock new tables & chairs 🔥 Challenge friends or other players 🎶 250+ songs you already know 🎁 Rewards, quests & more The faster you guess, the bigger the flex. 😈 Think 0.5 seconds is enough? Sit down and prove it. 🎧 👍 LIKE + ⭐ FAVORITE for new songs, updates & rewards! Any feedback is appreciated."
10764627709,107535308163741,Huss Valley,Huss Valley Official,Group,281831224,All,Action,Battlegrounds & Fighting,2026-08-31T16:39:36.989Z,2026-10-06T23:33:08.7772686Z,30,,2026-10-06T20:21:17Z,RUN!!
10764640833,92722005168254,SKI,SKΙ,Group,1106646316,All,Sports & Racing,Racing,2026-08-31T18:43:40.283Z,2026-10-06T23:54:54.5204079Z,25,,2026-10-06T20:21:17Z,"*BETA* SKI is a hardcore, fast-paced skiing game. Reaching the bottom isn’t easy,learn the controls, keep your speed, and avoid crashing. Race friends, find the fastest lines, send huge jumps, land tricks, and chase world records. Every mistake costs time. 🎿 CONTROLS WASD / Arrow Keys / Left Stick — Ski Space / A — Jump Scroll / Pinch / Right Stick — Change Camera 🔥 TRICKS Keyboard — Double Tap WASD / Q or E Mobile — Swipe right side / Hold or Double Tap Jump Controller — D-Pad / X Private server owners can change course length and difficulty from the top bar. 👍 Like and favorite for new skis, features, and updates"
10764706572,92149920399123,Make My Flag!,Brightblade Studios,Group,432948988,All,Party & Casual,,2026-09-01T10:08:29.871Z,2026-10-06T05:28:11.6790653Z,35,,2026-10-06T20:21:17Z,🌍 Welcome to Make My Flag! 🌍 🏳️ Drag and drop the parts to make the flag 🧠 Beat your opponent with higher accuracy! 👍 Like ❤️ and ⭐ Favorite for more updates! Update: Added more flags! ✨ Thanks for playing!
10764794065,98242614091515,📸 Hide from Camera or Die! 💀,Avid Experiences,Group,36079100,All,Party & Casual,,2026-09-02T02:02:49.032Z,2026-10-06T11:19:13.5123723Z,12,,2026-10-06T20:21:17Z,"📸 Welcome to Hide from Camera or Die! 💀 How to Play: 🏃 Run and find a hiding spot before the camera takes a photo 👀 Stay out of the camera's view to survive 📸 Watch when the camera snaps a picture 💥 Don't get caught 🔥 Survive as the map gets harder every round 🏆 Be the last player standing or survive all 5 rounds 💰 Earn $50 for every round you survive 👑 Get $1,000 per win (divided by survivors) 👊 Slap other players to knock them away 🔥 Unlock stronger hands with better effects 👻 Get eliminated? Spectate and troll the remaining players 💸 Earn more cash: ➕ Invite friends for +25% Cash (max +100%) 🏃 Complete the obby for $250 👥 Join the group for $2,000 every 15 minutes ✨ Buy the 2x Cash Gamepass to double income Can you hide from the camera and survive all 5 rounds? 👍 Like the game and join the group for rewards and future updates! 🎮 Supports Desktop, Console, Mobile, and Tablet players. 👥 Inspired by Hide or Die, Hide or Oof, Spin or Die"
10764839604,88611017452341,Backflip for Animals!,Backflip for Animals,Group,1012176127,All,Simulation,Tycoon,2026-09-02T12:21:37.777Z,2026-10-05T09:06:33.003Z,6,,2026-10-06T20:21:17Z,"🥚 Welcome to Backflip for Animals! How to Play: 🤸 Backflip to reach new biomes 🥚 Steal eggs from guardians 🐣 Hatch eggs to collect rare pets, some are mutated 💵 Earn money from your OP pets 🏃 Train on the treadmill to gain Speed ⬆️ Upgrade your treadmill and base 🎮 Playable on Desktop, Console, Mobile, and Tablet!"
10764887435,122345940779204,[🤑WORKS] Forest Donations,SushiHyper Games,Group,35401545,All,Social,,2026-09-02T19:32:13.4345125Z,2026-10-05T22:35:25.5657412Z,27,,2026-10-06T20:21:17Z,"🌲 Welcome to Forest Donations! 💸THIS GAME STILL WORKS EVEN AFTER THE ROBLOX UPDATE! ✅ ⏰Robux may take 3-7 days to appear in your account after claiming it from pending 😄! Claim a booth, make it your own, and spread a little kindness in a cozy forest! 💚 Support other players with donations 🎁 Send gifts, even when friends are offline ✨ Earn ForestBux and unlock booth styles and trails 🤝 Meet new friends 🛑TO ROBLOX MODERATORS (PLEASE IGNORE): This game is themed around rewards and is designed for enjoyment. This game does not misuse Roblox systems to any extent. Purchases are completed through Roblox’s official Developer Product sale system. Donations are voluntary, and receiving donations is never guaranteed."
10764888929,84376037812256,[UPD] Climb for Eggs!,5ccu games,Group,405281628,All,Simulation,Tycoon,2026-09-02T19:47:58.568Z,2026-10-06T15:20:30.5984919Z,7,,2026-10-06T23:48:08Z,"Welcome to Climb For Egg How To Play: 🧗 Climb the ladders as far as you can 🥚 Collect Eggs from the sky islands you climb to 🐾 Place Them into your Pen to hatch an Animal 🍀 The further you climb, the better animals you can find! 💸 Your Animals generate money for you! ⚡ Upgrade your SPEED to Climb Faster 💤 Your Animals earn cash OFFLINE!"
10764897725,80242821185181,+1 Wings For Eggs,Crazay Art,Group,1015860650,All,Simulation,Tycoon,2026-09-02T21:28:07.041Z,2026-10-04T13:59:32.396Z,5,,2026-10-06T20:21:17Z,"Welcome to +1 Wings for Eggs 🪽🥚 Fly higher, go farther, and hatch as many Animals as you can! Use your growing flight speed to reach new areas, discover better Eggs, and hatch rare Animals! 🐾✨ How to play: 🕊️ Fly your way across each area 🥚 Find & Hatch Eggs for Animals ⚡ Gain +1 Flight Speed as you progress 🐶 Collect rare Animals to earn more Cash 💵 Upgrade your Animals to boost your income 🏗️ Expand your base to hold even more Animals 💤 Your Animals generate Cash even while OFFLINE! ♻️ Rebirth to multiply your Cash and fly even farther! 👍 Like the game and join the group for a FREE Animal!"
10764967952,88793580588296,[FREE] ChinaSide Tycoon,Goyboy Games,Group,325011659,All,Simulation,Tycoon,2026-09-03T13:26:29.892Z,2026-10-05T21:05:56.1724711Z,6,,2026-10-06T20:21:17Z,"Run your OWN SHIPPING AGENT! 📦 📸 Shoot QC photos at your photo tables 🏗️ Process orders and ship HAULS 👷 Hire packers, photographers, forklift drivers and security 🏭 Open a FACTORY and produce your own stock 🚔 Survive police RAIDS, or pay your way out ⭐ Build your star rating, grow your following 🎁 Open Crates and try your LUCK 😴 EARNS OFFLINE 💬 Join the group for updates and rewards!"
10764980068,102571509172583,+1 Roll Ice Cream,Qui Juice,Group,714483785,All,Simulation,Incremental Simulator,2026-09-03T15:17:39.801Z,2026-10-03T14:03:30.845Z,8,,2026-10-06T20:21:17Z,"🍦 Roll huge Ice Creams 🍦 🤑 Sell your Ice Cream to billionaires 🍦 Upgrade your Ice Cream - Sell for more 👟 Upgrade your Speed - Reach better customers and higher levels 💼 Roll Workers - Unlock workers to scoop more ice cream 💪 Roll more ice cream than your friends! 🔥 See how far you can go! 🎮 Playable on Desktop, Mobile, Tablet & Console! 🔔 Join the group for news and future updates!"
10765012427,123720558354386,Build the Pyramid!,Janitors Studios,Group,907940218,All,Simulation,Incremental Simulator,2026-09-03T20:26:45.061Z,2026-10-01T08:58:36.529Z,100,,2026-10-06T20:21:17Z,"🏜️ Welcome to Build The Pyramid! How to Play: 🧱 Pick up blocks and carry them to the pyramid. 🤝 Work together with everyone in the server. ⚡ Train to increase your speed and strength. 🏆 Complete pyramids to become even stronger! 🎮 Supports Desktop, Console, Mobile, and Tablet players"
10765013362,121831322352666,Dig For Eggs,RoDark Studios,Group,5545660,All,Simulation,Tycoon,2026-09-03T20:36:04.291233Z,2026-10-05T22:32:02.6262157Z,8,,2026-10-06T20:21:17Z,🥚 Find buried eggs and hatch rare pets 🕳️ Dig deep and uncover hidden treasure 💰 Sell your loot and let your pets earn cash 💪 Train your strength and unlock powerful shovels 🏡 Expand your plot to make room for more pets 🌙 Keep earning cash while you're offline
10765032875,84403204002907,Motorcycle for Animals,Best Animal Productions!,Group,473571603,All,Simulation,Tycoon,2026-09-04T00:20:10.365Z,2026-10-06T15:13:39.663577Z,5,,2026-10-06T20:21:17Z,"🏍️ Welcome to Motorcycle for Animals! 🐾 Ride, explore, and collect awesome animals! ⚡ Upgrade your motorcycle to go faster 🗺️ Travel through new areas and discover rare animals 🐾 Rescue and collect animals along the way 🥚 Find special eggs and hatch powerful pets 💰 Earn cash from your animals, even while offline 🔧 Upgrade your bike, speed, and other gear ✨ Discover rare sizes, Mythics, and Secret animals 📖 Complete your Animal Index and earn special rewards 🏁 Upgrade your ride, unlock every area, and build the ultimate animal collection! 👍 Like the game and join the group for rewards and future updates! 🎮 Supports Desktop, Console, Mobile, and Tablet"
10765061113,75250668697932,Be an Egg,ima spammer,Group,474803233,All,Simulation,Tycoon,2026-09-04T07:31:17.692Z,2026-10-06T13:09:24.4746692Z,7,,2026-10-06T23:48:08Z,Welcome to Be an Egg! 🤫 Become an Egg and sneak into animal nests 💤 Wait for the animal to go to sleep! 🏃 Steal an Egg and run back to base! 💸 Collect Animals To Earn Cash! 😴 Your Animals earns Cash offline! 🎊 Updates Every Saturday!
10765067592,75766778174856,[UPD5] Tower Incremental,Lucky CStudios,Group,596234797,All,Simulation,Incremental Simulator,2026-09-04T09:01:04.066Z,2026-10-06T07:43:27.6018955Z,8,,2026-10-06T20:21:17Z,Buy a stair. Buy another. Every step you climb gets you closer to the next income source! How high can you get? Roll Glyphs Mine for Metals Smelt Iron Mine Crystals Chop Wood Forge Metals Train Dragons Upgrade! REACH THE TOP! 👍 Like and ⭐ Favorite for more updates!
10765078176,104526416639079,Verity's Game,Slime Time Studios,Group,34242037,All,Simulation,Tycoon,2026-09-04T11:09:16.139Z,2026-10-03T20:10:27.825Z,5,,2026-10-06T23:48:08Z,Welcome to my game where nothing bad will happen and there's a big field full of boxes that are all mine so leave them alone even though they make you cash and even though some of them are incredibly extremely rare just leave them alone. 🙂
10765091041,88047783411976,Open Sea For Animals!,xFrozen x Dudes,Group,719390069,All,Simulation,Tycoon,2026-09-04T13:17:58.743Z,2026-10-06T15:45:47.1022951Z,5,,2026-10-06T20:21:17Z,"Welcome to Open Sea For Animals! UPDATES EVERY SATURDAY! 🌊 Split open the sea for Eggs! 🏃 Run back to your base before the sea waves close on you! 💸 Use Animals to Earn Cash! 💤 Your Animals earns Cash offline! ROBLOX PLUS PLAYERS GET +15% Cash Tags: Animals, Cute, Pets, Friends, Fun, Speed, Fast, Collect, Rainbow, Colorful, Rebirth, Stars, Friends, Simulator."
10765153945,87740422849523,Steal A Car,By Car Stealers,Group,465590932,All,Simulation,Tycoon,2026-09-04T23:02:47.682Z,2026-10-06T23:54:22.9459394Z,5,,2026-10-06T20:21:17Z,"🚗 Welcome to Steal a Car! How to Play: 🚗 Steal cars to build your collection 🚓 Outrun the police and escape with your car 💰 Earn money from your cars ⬆️ Upgrade your treadmill and base 🏃 Train on the treadmill to gain Speed 🥷 Steal cars from other players ✨ Discover rarer and cooler cars! 🎮 Supports Desktop, Console, Mobile, and Tablet"
10765167636,126710589265077,[UPD] 2 Player Raid Tycoon,STRAY FRAME,Group,35867678,All,Simulation,Tycoon,2026-09-05T01:40:15.35Z,2026-10-05T10:11:07.814Z,12,,2026-10-06T20:21:17Z,"🏭 Welcome to 2 Player Raid Tycoon! USE CODE 'TY7500' IN THE SHOP!!! OP CODE AT 10,000 LIKES!!! NEW BUNKER UPDATE! Team up with a friend, build a factory, and raid everyone else's. How to Play: 🏭 Claim a side of a factory and start production 💰 Earn cash, unlock droppers, conveyors and upgraders 🏗️ Build your factory up floor by floor 🔫 Unlock 9 weapons, from the pistol to the flamethrower and rocket launcher 🥷 Raid rival factories: shoot out their power, crack the vault, run the cash home 🛡️ Defend with walls, laser doors, turrets and guards 🎟️ Recruit guards and roll for Rare, Epic and Legendary defenders ✈️ Call airstrikes on your enemies, or take revenge on whoever got you 🏆 Events every few minutes: Air Drops, King of the Hill, Oddball and Double Cash 🎁 Daily rewards, play-time gifts and codes 🎮 Supports Desktop, Mobile, Console and Tablet players USE CODE 'LAUNCH' TO GET EARLY PERKS!"
10765279487,79226825467411,Shuffle an Egg,xFrozen x Cube,Group,473699786,All,Simulation,Tycoon,2026-09-05T17:24:53.953Z,2026-10-04T17:34:27.429Z,5,,2026-10-06T20:21:17Z,"Welcome To Shuffle an Egg! UPDATES EVERY SATURDAY! 🎩 Choose an Egg to play for! ✅ Pick the Right Egg from the shuffled cups! 💸 Use Animals to Earn Cash! 💤 Your Animals earns Cash offline! ROBLOX PLUS PLAYERS GET +15% Cash Tags: Animals, Cute, Pets, Friends, Fun, Speed, Fast, Collect, Rainbow, Colorful, Rebirth, Stars, Friends, Simulator."
10765288803,114326934417838,Break and Steal an Egg,ILGames x Eggs,Group,187288153,All,Simulation,Tycoon,2026-09-05T18:30:02.346Z,2026-10-05T13:27:57.6664422Z,7,,2026-10-06T20:21:17Z,Welcome to Break and Steal an Egg🥚 🎮 How to Play: ⛏️ Break eggs to hatch rare animals 🐾 Steal them and escape the guards 💰 Place them in your base to earn cash ⚡ Upgrade your speed and pickaxe 🏆 Collect them all in the Index! ❤️ Like the game and join the group for free rewards! ❤️ Game inspired by steal an egg
10765298801,111543903102439,+1 Stone Skipping,Meow Labs,Group,207366578,All,Simulation,Incremental Simulator,2026-09-05T19:40:44.021Z,2026-10-06T19:37:36.3265052Z,10,,2026-10-06T20:21:17Z,"🌊 Skip stones across the water, level up, and throw farther in +1 Skipping Stones! ⚡ Every bounce gives you +1 Skill! 💪 Train and level up to throw farther! 🏆 Reach farther zones to earn more Wins! 🍩 Unlock better stones and unusual objects to throw... even a DONUT! 🐾 Collect pets for powerful boosts! 🔄 Rebirth to grow stronger and beat your longest throw! 👍 Like & Favorite if you enjoy the game!"
10765332568,88910662712492,Roller for Animals!,Need Money for M3,Group,882466945,All,Simulation,Tycoon,2026-09-06T00:29:10.773Z,2026-09-28T08:58:57.271Z,5,,2026-10-06T23:48:08Z,Welcome to Roller for Animals! 🦄 Roll through the map and collect rare Animals! ✨ Don’t fall off the track! 🚨 Bring Animals back to your Pen to earn Cash! 💵 Upgrade your speed and roller to go even further! ⚡ Can you find the rarest Animals? 👀
10765481558,127082754898219,Survive Lava for Animals,Collect ALL Animals,Group,656960909,All,Simulation,Tycoon,2026-09-06T21:37:36.423Z,2026-10-02T03:15:00.085Z,7,,2026-10-06T23:48:08Z,"Survive LAVA for Animals! 🔥 Train speed to get faster and jump higher, but watch out for the LAVA!| 💡How to play: - Train speed on the treadmill to go faster and jump higher!🏃 - Grab eggs and bring them back to your base! - Watch out for the lava, don't let it touch you! 💀 - Hatch eggs to unlock RARE animals and make money!💵 Your animals earn money OFFLINE!💤 Like the game and join the group for updates! 👍"
10765563835,87757473222892,[🎃] Sniper VS 99 Players,Sniper Vs 99 Players,Group,139444080,All,Survival,1 vs All,2026-09-07T15:15:55.602Z,2026-10-05T15:38:54.9679011Z,40,,2026-10-06T20:21:17Z,"🎯The Sniper: Positioned on a raised platform, your objective is to eliminate all runners until the timer runs out. 🏃The Runners: Run toward the Tower, Dodge the fire and eliminate the Sniper. PC, Phones, Tablets, and Consoles (XBOX / PS5) are supported. ❗To see the entire map, Set your Roblox Graphics Quality at 7 or higher! 👍 Enjoying the game? Leave a thumbs-up, it helps a lot!"
10765579304,128776499486135,[ALPHA] Fleet Empire,Concrete Rose Studios,Group,17280108,All,Simulation,,2026-09-07T17:16:27.855Z,2026-10-06T21:37:33.076926Z,15,,2026-10-06T20:21:17Z,"Game was released less than 2 weeks ago, please contact me and give me feedback on your gameplay whether it is good or bad. Start with a cargo van and grow your transportation company from the ground up. Buy trucks, hire drivers, find freight, complete deliveries, and expand across the United States. 🚚 Build & manage your fleet 📦 Find freight & complete deliveries 👷 Hire & manage drivers 🤝 Build business relationships & unlock contracts 🏢 Team up with other companies 🔑 Rent trucks & grow your fleet 🏆 Compete on the leaderboards Code: RELEASE & ALPHA [ALPHA TESTING | BUGS EXPECTED]"
10765582175,94009908234110,dogs,AZOT,Group,34555957,All,Survival,Escape,2026-09-07T17:39:26.0244088Z,2026-10-06T05:55:36.3293936Z,12,,2026-10-06T20:21:17Z,"🪙 join the group for 1.2x coins 💬 join the community server to report bugs and give suggestions! ""dogs"" is a round based game where you survive hordes of dogs on different maps and under different conditions. Survive, earn coins and buy tools to fight back. game heavily inspired by ""worm cave"" by (@M0DDEV) go check it out v0.5.1 tags: survival, rounds, dogs, dog, horror, chase, monster, scary, escape, co-op"
10765629147,93689328551068,Skate for Animals!,Teddy x Pixel,Group,455914232,All,Simulation,Tycoon,2026-09-08T01:05:11.322Z,2026-10-04T23:06:26.954Z,5,,2026-10-06T20:21:17Z,Welcome to Skate for Animals! 🧠 1. Use your roller blades to reach higher stages! 2. Make sure not to fall into the lava!🤾‍♂️ 3. Bring Animals back to your Base to earn Cash! 💵 4. Upgrade your speed and jump to get further! 😴 Your Animals earns Cash offline! Having fun? 👍 Like the game and invite your friends to play! 😄
10765686447,82081400078378,Steal ASMR!,ASMR Creations,Group,918617946,All,Simulation,Tycoon,2026-09-08T15:03:22.191Z,2026-10-05T03:27:28.557Z,7,,2026-10-06T20:21:17Z,"🥚 Welcome to Steal ASMR! Steal eggs, hatch rare ASMR squishies, and build a collection that squishes, crunches, and pays! 🤑 How to Play: 🥚 STEAL eggs and bring them back to your base 🐣 HATCH eggs to discover rare ASMR squishies 💰 EARN money from your ASMR collection ⬆️ UPGRADE your treadmill and base 🏃 TRAIN on the treadmill to gain Speed 🥷 Steal other player's ASMRs! 🍀 Play with a friend for income! 👍 Like + join the group for 10,000 speed! 📱 Supports Desktop, Mobile, and Tablet"
10765708310,97838337412007,[UPD] Jewelry Empire,Funwise,Group,11338347,All,Simulation,Tycoon,2026-09-08T18:32:28.148Z,2026-10-06T04:01:25.8679862Z,8,,2026-10-06T20:21:17Z,"💎 Welcome to Jewelry Empire! 💎 Jewelry Empire is an open world mining adventure where your goal is to become the richest Jeweler in the World! Mine special ores, haul back to your store, forge them into Jewelry, and sell your creations for profit! 💸 Discover rare jewels, mutations, artifacts, quests, pickaxes, and new caves as you grow from noob into the ultimate Jeweler! 🏆✨ [How To Play] • Bid on Ore Auctions! 🏷️ • Mine the Ores with your Pickaxe ⛏️ • Forge jewelry with Ingots 💎 • Sell jewelry to customers 💸 • Upgrade your shop, unlock new caves, and complete quests ✨ • Hunt for rare mutations like Glitched, Tempered, Magnetic, and More! 🧲"
10765718108,108709045756259,Find the Holy Land 👁️‍🗨️Part.2 (UPDATE),tekel studio,Group,193679370,All,Puzzle,Escape Room,2026-09-08T20:14:15.842Z,2026-10-04T23:51:30.279Z,20,,2026-10-06T20:21:17Z,"Find the Holy Land is a game currently in development, inspired by Angel Engine, the series by **Nicolai Leimer**. Part 3 is coming soon, with more content planned for the future."
10765748731,133421482112382,Scroll a Game,COOLER BIRD GAMES,Group,961436376,All,Party & Casual,Minigame,2026-09-09T03:12:14.498Z,2026-10-05T09:08:57.012Z,10,,2026-10-06T20:21:17Z,"Your feed, but every post is a game you can play 🎮 Swipe up and you're straight into the next arcade game! ❤️ Like, comment and save the games you love 🎬 Clip your best runs, trim them and post them to your profile 👥 Follow players and chase your friends' high scores 🏆 Climb the weekly, monthly and all-time leaderboards 💖 Revive to keep a great run going Play on phone, tablet, PC or controller"
10765751583,118315378611589,Voltline: Electric Scooters [Early Testing],DILLYDASHER,User,2640096576,All,Simulation,Vehicle Sim,2026-09-09T04:05:56.443Z,2026-10-04T08:55:37.864Z,6,,2026-10-06T20:21:17Z,"Ride electric scooters, make food deliveries, and build your own setup in Voltline. 📦 Unpack and assemble your first AOVOPRO ES80. 🛴 Earn your way toward a VSETT 9+ or KuKirin G4, each with its own unboxing and assembly. 🔧 Fit compatible batteries, motors, controllers, brakes, tires, and suspension. 📱 Use your in-game phone for deliveries, navigation, shopping, and your garage. 🔋 Charge your scooter, watch your battery, and track the miles you ride. EARLY TESTING · DESKTOP Expect bugs, balance changes, and unfinished areas while we develop the game. Follow Voltline for testing updates. When reporting a bug, include your scooter and what happened."
10765763629,140322231839637,ONE TAP PISTOLS [UPDATE],One Tap Pistols,Group,207907333,All,Shooter,Deathmatch Shooter,2026-09-09T08:03:24.875Z,2026-10-06T21:44:55.1729036Z,8,,2026-10-06T23:48:08Z,"✨ Welcome to ONE TAP PISTOLS! ✨ Jump into the ultimate fast-paced, high-stakes pistol arena where it only takes one clean shot to dominate. Grab your weapon, trust your aim, and prove you have the best reaction time on Roblox! 🔥 FEATURES: 🔫 Unlock & Equip: Earn coins to unlock new pistols, rare skins, and clean kill effects! 🏆 Climb the Ranks: Show off your killstreaks and claim your spot on the leaderboards. ⚡ Fast-Paced Action: Instant respawns and non-stop gunfights. 🎮 PLATFORM SUPPORT: PC 💻 | Mobile 📱 | Tablet | Console 🎮 (Xbox & PlayStation) 👍 Enjoying the game? Leave a thumbs-up and join our group for exclusive rewards!"
10765764482,97248134864084,[CHAPTER 2] Cut it Out!,party fun games.,Group,760397981,All,Puzzle,,2026-09-09T08:19:58.325Z,2026-10-01T00:42:29.802Z,70,,2026-10-06T20:21:17Z,"Use teamwork to solve these puzzles together, and cut your way to victory! 🧩 Cut eachother into shapes to solve levels and have fun! ✂️ PC CONTROLS: Q/E to Rotate, R to Reshape, M1 to Snip, Shift to Slow down!"
10765834825,139710760637043,Rule The World 🌍,kind of fun games,Group,138339552,All,Strategy,,2026-09-09T21:42:08.485Z,2026-10-06T20:59:46.7513958Z,50,,2026-10-06T20:21:17Z,"🌎 Build your empire, conquer land, and battle other players to take over the world! [HOW TO PLAY] 🏳️ Click nearby empty land, then click Attack to expand! ⚔️ Click another player's land, then click Attack to invade! 🏰 Build structures and grow your army! 🤝 Form alliances and fight together! 👑 Conquer the map with friends and become the strongest empire! [UPDATE] ALLY + GIFTING ✅ You can now send troops and gold to your allies to help them! Gift friends various gamepasses and developer products!"
10765902945,106198175232796,[UPDATE 0.5] Anime Legacy Simulator,StarX Inc,Group,33910482,All,Simulation,Incremental Simulator,2026-09-10T14:49:24.241Z,2026-10-05T18:35:58.551989Z,10,,2026-10-06T20:21:17Z,"🎉 Welcome to Anime Legacy, Come fight with your strongest champions! 🚀 Explore and be the first to discover a secret fighter! 💪 Collect and train the strongest fighters! 🗺️ Explore the Worlds 🏆 Reach top of leaderboard with your friends! 🌀 Form a guild and have fun with your friends! 📱Supports Desktop, Mobile and and all other platforms ⭐ Made with ❤️ by StarX Inc"
10765906597,118723800148573,⛳ Clean all the Balls [2X Luck],Little Green Studios,Group,645052820,All,Simulation,Incremental Simulator,2026-09-10T15:26:39.0101971Z,2026-10-06T20:48:17.8465621Z,12,,2026-10-06T20:21:17Z,"The golf course is covered in thousands of golf balls, and you’ve got one job: clean up every last one before time runs out! Sounds easy… until you see how much is waiting in the next yard. Team up with your friends, upgrade your tools, and clear all 6 yards to unlock the exit! How to play: ⛳ Collect golf balls before time runs out 💰 Sell them at baskets to earn cash 🧹 Buy and upgrade tools to clean faster 🚪 Clear each yard to unlock the next area 🤝 Work together with friends to finish the job 🏆 Reach 100% and make your escape!"
10765927544,125350055595066,🍂 Zarechensk RP [ОСЕНЬ],Zarechensk RP,Group,980891440,All,Roleplay & Avatar Sim,Life,2026-09-10T18:55:10.401Z,2026-10-06T11:42:11.0055934Z,50,,2026-10-06T20:21:17Z,лайк пж
10765950109,89678439944901,Steal A Baddie Egg!,Dropout Interactive,Group,545008080,All,Simulation,Tycoon,2026-09-10T23:31:02.888Z,2026-10-06T21:38:49.7679136Z,7,,2026-10-06T20:21:17Z,"🥚 Welcome to Steal A Baddie Egg! How to Play: 🥚 Steal eggs from Baddies 🏃 Escape and bring the eggs back to your base 🐣 Hatch eggs to collect rare Baddies 💰 Earn money every second from your Baddies 🏃 Train on the treadmill to gain Speed 🌎 Unlock new areas with faster Baddies ✨ Discover rarer eggs and Baddies! 🎮 Supports Desktop, Console, Mobile, and Tablet players"
10765951887,111702513024754,DUCTWORKS / Multiplayer upd,Scaryneff73,User,214228550,All,Simulation,Sandbox,2026-09-10T23:54:30.247Z,2026-10-06T22:22:22.8873257Z,20,,2026-10-06T20:21:17Z,"House music, coffee, and all the airducts you need to live your larp life. Controls on the bottom of the screen. More updates soon to come. Tags: Airducts, Air simulator, Air condition, Air physics, Piping, HVAC"
10766008884,76943966208523,Clone to Steal Eggs,xFrozen x Dudes,Group,719390069,All,Simulation,Tycoon,2026-09-11T14:24:12.1414262Z,2026-10-06T15:50:06.3876843Z,4,,2026-10-06T20:21:17Z,"Clone to Steal Eggs! UPDATES EVERY SATURDAY! 🏃 Train to Gain Speed! 🥚 Use Clones to Steal Eggs! 💸 Use Pets to Earn Cash! ROBLOX PLUS PLAYERS GET +10% Cash Tags: Animals, Cute, Pets, Friends, Fun, Speed, Steal, Fast, Collect, Rainbow, Colorful, Rebirth, Stars, Friends, Simulator."
10766009412,86779099589017,ANMU 🪔 [HORROR],Jothem Studio,Group,225192202,All,Survival,Escape,2026-09-11T14:29:05.3084267Z,2026-10-06T18:57:16.8077466Z,50,,2026-10-06T20:21:17Z,"!! This game is inspired by studiokoren, go follow his series early development, part two in the works, expect bugs? there is feedback section inside the gameplay, join for devlogs and bug reports / suggestions The elevator plummeted, forcing you to stop at a floor that was... strange? It's very sensitive... be careful."
10766056678,99679692310083,Steal Animal Egg,Sillytung Studios,Group,403647942,All,Simulation,Tycoon,2026-09-11T21:46:25.1862001Z,2026-10-06T22:44:10.6944045Z,6,,2026-10-06T20:21:17Z,"😉We all love animals, you should too! How to play: 🥚 Take eggs from animals 🐣 Hatch eggs to collect pets 💸 Earn from your cute pets 😋 Eat food! 😆 Steal from other players 💖 Discover cute eggs, sizes and mutations!"
10766057873,78258380634037,[BETA] drive home,we the goats!,Group,232908287,All,Adventure,,2026-09-11T21:58:54.566Z,2026-10-05T23:35:02.4403085Z,12,,2026-10-06T20:21:17Z,"🌵You wake up in a deserted desert town, 100 miles from home. Build your car, pile your friends in and hit the road. 🏜️Drive through the desert, the zombie-overrun city of Las Dunas and beyond. ⚔️Scavenge fuel, weapons and classic Roblox gear, strip wrecks for parts to customize your car, and find upgrades that get you past whatever's blocking the way. 🧟When night falls, the hordes come out. 🏎️Play normal or hardcore (no checkpoints) and race for the fastest time home. (beta, expect bugs)"
10766105412,108517691661499,Smash A Bacon,Games for Bacons,Group,870909946,All,Simulation,Tycoon,2026-09-12T07:31:45.836Z,2026-10-03T14:17:59.274Z,6,,2026-10-06T23:48:08Z,"Description 🥓 Welcome to Smash A Bacon! How to Play: 🥓 Smash the bacon and steal dishes from chefs 🍚 Open dishes to collect rare bacons 💰 Earn money from your bacons ⬆️ Upgrade your pan and base 👊 Train on the dummy to gain Power 🥷 Steal dishes from other players 🎮 Supports Desktop, Mobile, Tablet and Console players."
10766135603,102555956950143,+1 Lift Rock for Treasure,ErEr Games,Group,511300774,All,Simulation,Incremental Simulator,2026-09-12T12:00:57.006Z,2026-10-06T18:30:24.4208105Z,6,,2026-10-06T20:21:17Z,🪨 Welcome to +1 Lift Rock for Treasure! 💎 💪 Train your Strength 🪨 Lift giant Rocks! 💎 Find hidden Treasure underneath! 💵 Collect Cash & upgrade your Strength! 🔄 Rebirth and become even STRONGER! 💤 You earn Strength & Cash while you're OFFLINE! 👍 Like the game & join the group!
10766138478,98610101874791,+1 Strength for Eggs,Crazay ASMR,Group,805910705,All,Simulation,Tycoon,2026-09-12T12:24:26.709Z,2026-10-06T12:15:47.5123873Z,5,,2026-10-06T20:21:17Z,"Welcome to +1 Strength for Eggs 💪🥚 Get stronger, break through new areas, and hatch as many Animals as you can! Use your growing Strength to progress farther, discover better Eggs, and hatch rare Animals! 🐾✨ How to play: 💪 Train to gain +1 Strength 🥚 Find & Hatch Eggs for Animals 💥 Use your Strength to unlock new areas 🐶 Collect rare Animals to earn more Cash 💵 Upgrade your Animals to boost your income 🏗️ Expand your base to hold even more Animals 💤 Your Animals generate Cash even while OFFLINE! ♻️ Rebirth to multiply your Cash and become even stronger! 👍 Like the game and join the group for a FREE Animal!"
10766142497,91122750358192,Drive A Tuk Tuk,Lumora Inc.,Group,7553768,All,Simulation,Vehicle Sim,2026-09-12T12:55:41.297Z,2026-10-06T21:11:40.9734375Z,10,,2026-10-06T20:21:17Z,"🛺 DRIVE A TUK TUK! Hop in, hit the road, and turn your tiny Tuk Tuk into the ultimate ride. 💸 Earn cash just by driving ⚡ Upgrade speed, acceleration, handling & brakes 🎨 Customize your Tuk Tuk with colors, wheels, lights & more 🏆 Beat your top speed and distance records 📋 Complete daily & weekly quests 🌅 Drive through different environments, weather and day/night 🛺 Unlock faster and crazier Tuk Tuks The farther and faster you drive, the more you earn. Can you build the fastest Tuk Tuk on Roblox? DRIVE • EARN • UPGRADE • CUSTOMIZE 👍 LIKE + ⭐ FAVORITE for more Tuk Tuks, updates & new content!"
10766222230,93773799627660,Portal Arena [UPDATE],[R&M] Portal Studios,Group,234274995,All,Shooter,Deathmatch Shooter,2026-09-12T23:03:34.516221Z,2026-10-06T23:47:35.0792938Z,50,,2026-10-06T20:21:17Z,"Welcome to PORTAL ARENA, a fast-paced arena shooter where every fight can change in an instant! Jump through portals, outplay your opponents, and battle across chaotic arenas in intense PvP matches! 🌀 NEW UPDATE — New content has entered the multiverse! Check out the in-game patch notes to see everything that changed! 🎉 🔫 Battle other players in action-packed arena fights! 🌀 Use portals to reposition, escape, and surprise your enemies! 🔓 Unlock new weapons, skins, and other rewards! 📜 Complete challenges to earn exclusive items! 🏆 Build your win streak and climb the leaderboards! 💚 Like the game and join the group for exclusive rewards! ⚠️ WARNING: Cheating, exploiting, glitch abuse, and illegitimate farming methods are not allowed. Our anti-cheat systems and moderation team actively monitor the game, and cheaters may be permanently banned. 🌌 Enter the arena. Master the portals. Dominate the multiverse."
10766240516,135911818477576,Shoot For Eggs,Eggs are the coolest thing ever!,Group,361099344,All,,,2026-09-13T02:29:55.2222336Z,2026-10-06T23:49:15.0908577Z,5,,2026-10-06T20:21:17Z,"🥚 Welcome to Shoot For Eggs! How to Play: 🔫 Shoot eggs across the map to crack them open 🐣 Hatch them into animals and place them on your plot 💰 Collect cash from every animal you own 🎯 Train on your DamageAuto pad to grow your damage ⬆️ Upgrade your target and unlock bigger pads 🏆 Buy better guns from the pistol all the way to the RPG ✨ Discover rarer eggs, animals, sizes, and mutations! 🔄 Rebirth to multiply everything and reach the locked guns 🎮 Supports Desktop, Mobile, and Tablet players"
10766257839,83867173651969,Where Did I Park? 🚗,Caboose Studios,Group,556826398,All,Simulation,Incremental Simulator,2026-09-13T06:06:26.092Z,2026-10-06T16:28:10.1646903Z,20,,2026-10-06T20:21:17Z,"🚗 Where Did I Park? You lost your car in a parking lot with 100,000 CARS... good luck finding it. 😭 🔑 Find Your Car! 🚗 Search through a MASSIVE parking lot 🔍 Check cars to eliminate the wrong ones 👥 Team up with 1–4 players 🤖 Unlock Drones to help you search ⚡ Upgrade your Search Speed & Radius 💨 Upgrade your Walk Speed 💵 Find Cash & valuables around the parking lot 🏆 Find the ONE unlocked car and win together! Every car your team checks gets eliminated for everyone, so split up, upgrade, and search as fast as possible! Can you find where you parked?🔑🚗 Tags: Where Did I Park, Find The Car, Car, Parking Lot, Search, Teamwork, Multiplayer, Simulator, Adventure, Cars, Lost Car, Find It, Drones, Upgrades, 100000 Cars"
10766309747,98940528508770,Melt All The Ice!🧊,The Frozen Studio,Group,959022445,All,Simulation,Incremental Simulator,2026-09-13T13:48:54.352Z,2026-10-06T20:48:03.1665039Z,20,,2026-10-06T20:21:17Z,"🧊 The entire world is freezing and all you have is a hairdryer! 🔥 Melt the ice and carve your way inside! 🛠️ Buy better tools and upgrade their power! 🚪 Uncover frozen rooms and discover what caused the freeze! 🏆Can you melt every last piece and save the world? 🏷️ Tags: Ice, Melt, Frozen House, Cleaning, Cozy, Adventure, Co-op, Simulator, Classes, Upgrades"
10766349481,109170952597926,🌱 Cut all the Grass!,Lawn Lovers,Group,528503819,All,Adventure,Story,2026-09-13T18:18:20.857Z,2026-10-05T20:36:58.8989166Z,12,,2026-10-06T20:21:17Z,"you woke up from a LONG nap… 😴 Then you realize your mom comes home in 80 minutes… and the entire front yard still needs to be cut. 🌱 🌟 Cut All the Grass! 🌿 Clear the entire front yard ✂️ Cut every last patch of grass ⏰ Finish before your mom gets home 🏆 Beat your best time Can you finish the yard in time? Tags: Cut Grass, Grass Cutting, Lawn, Mowing, Cleaning, Clean, Cozy, Relaxing, Satisfying, Story, Adventure, Front Yard, Simulator"
10766364164,135439033252889,[UPD] Is It Verity?,Prince Creations,Group,410634114,All,Party & Casual,,2026-09-13T20:08:16.803Z,2026-10-04T22:32:32.079Z,22,,2026-10-06T20:21:17Z,"🙂 Is It Verity? Go head-to-head in a race to crack the hidden pattern! Place your Verity, check the result, and guess the entire pattern before your opponent can! 🧩 Find the right Veritys in the right order ⚔️ Outsmart your opponent in 1v1 matches 🎁 Open packs and discover new Veritys ✨ Build you ideal Verity loadout One guess could change everything. What’s your next move?"
10766390665,103168011197605,[UPD 3🎉] Guess The Real Size!,Guess that?,Group,561735569,All,Party & Casual,,2026-09-14T00:51:23.926Z,2026-10-05T23:24:40.4960629Z,20,,2026-10-06T20:21:17Z,"📏 HOW BIG IS IT REALLY? GUESS THE SIZE, WIN THE DUEL! 👍 LIKE, ⭐ FAVORITE & 👥 JOIN THE GROUP for 200 FREE COINS + an exclusive RGB chair! A giraffe next to a bus. A ladybug next to Mount Everest... how big is it? - ⚔️ Sit at a table for a 1v1 duel: stretch the object to the size you think is right. - 🎯 Closest guess blasts the other player. 4 lives, last one standing wins! - 🌍 ALOT OF real objects: animals, dinosaurs, monuments, vehicles, planets, galaxies... - 🤖 No opponent? Solo Play against the training bot. - 💀 HARD MODE: 10 wins to enter, 6 seconds, any size, double coins. - 🧠 Sharp guesses raise your IQ. Climb the leaderboards! - 💰 Win coins, open crates, unlock guns and chairs... can you afford the Shadow Monarch? - 👀 Watch other duels live on their table. Sizes are approximate. Real names are used for size comparison only; this game is not affiliated with or endorsed by their owners."
10766395909,137095720966003,Film Animals [1-5 Player],ChrisBacker1993,Group,440749963,All,Survival,,2026-09-14T02:06:01.56Z,2026-10-06T22:23:53.5881605Z,25,,2026-10-06T20:21:17Z,"🚙 Собери своих друзей и отправляйся на дикое сафари! 📹 Снимайте диких животных, опасные трюки и забавные моменты! 💰 Просматривайте свои кадры в лагере, зарабатывайте деньги и выполняйте свою квоту! 🔧 Улучшите свой автомобиль, подготовьте снаряжение и обеспечьте безопасность пассажиров! 🦁 Возвращайтесь до наступления темноты - иначе вас будут преследовать!"
10766399546,82531308645115,Plunder,Big Bad Bark,Group,453813160,All,Survival,Escape,2026-09-14T03:06:41.501Z,2026-10-05T04:42:11.262Z,25,,2026-10-06T20:21:17Z,"🐕 GO IN — sneak into the home of the good boys. 💰 TAKE — grab everything valuable. Yes, even the bones. 🔫 FIGHT — the good boys bite. 🚪 GET OUT — you can run. They run faster."
10766420770,81403703556465,[🌱] Bahay Kubo Garden,nambawan,Group,210955220,All,Simulation,Tycoon,2026-09-14T09:59:04.253Z,2026-10-06T19:21:24.4430448Z,6,,2026-10-06T20:21:17Z,"🌱 Welcome to Bahay Kubo Garden! Plants grow offline! Use code ""BAHAYKUBO"" and ""RELEASE""! Ready na ba kayong magtanim at magpalago ng sarili ninyong bakuran? Buy seeds from the shop, plant them, take care of your crops, and harvest them for profit! Discover rare fruits, collect pets, customize your farm, and build the garden of your dreams! 🌾 [How To Plant] • Equip the seed you want to plant! • Plant it on any available plot in your farm! • Water your crops and wait for them to grow! • Once they're fully grown, harvest them and sell your crops! TIPS: Filipino? You can change your language in Settings! Lagging? Turn off Graphics in Settings! Your garden keeps growing even while you're offline! ⭐ 🌱 Happy farming, mga magsasaka!"
10766440903,129902688314105,[W2] Lift a Karen,Team Lychee!,Group,431258109,All,Simulation,Incremental Simulator,2026-09-14T14:17:36.888Z,2026-10-06T14:46:19.532735Z,24,,2026-10-06T20:21:17Z,"These Karens are WAY too HEAVY... Can you lift them, and throw them into the pit? Lift weights to gain Muscle and lift Karens faster Buy powerful Auras to lift weights faster Open chests and roll rare weights to gain even more Muscle Buy Speed upgrades to travel faster Can you defeat all the Karens?"
10766494202,98456203230140,[🛠️] CLONE BUILDERS!,Synoptic Interactive,Group,2713252,All,Simulation,Sandbox,2026-09-14T23:04:59.502Z,2026-10-06T23:19:43.6622358Z,15,,2026-10-06T20:21:17Z,"🛠️ Welcome to Clone Builders! 🛠️ Give your clones an idea and watch them get to work! Clone Builders is an experimental building sandbox where NPC clones use a structured building system to place, resize, move, and assemble parts into creations inside the world. 🧪 This game is also a testing ground for some of our bigger clone-related projects. Systems, behaviors, building techniques, and other experiments tested here may eventually find their way into future games. 🧪 🏗️ Give your clones a challenge. 🏗️ 👷 Watch them figure it out. 👷 🧪 Break our experiments. 🧪 🌎 See what they can build! 🌎 Clone Builders is constantly evolving, so expect experiments, strange clone behavior, new features, and probably a few disasters along the way. 🚨 Clone Builders does NOT use AI for builds!! 🚨 *A private server is highly recommended for building large-scale builds/minigames* Inspired by @Resurrected_Dove's NPC Builders."
10766502612,93539470484676,[❓] Scam With Your Friends,DO NOT REDEEM IT,Group,659441429,All,Survival,,2026-09-15T00:54:22.017Z,2026-10-06T03:22:03.3929809Z,25,,2026-10-06T20:21:17Z,"Scam your friends. Make money. Don’t get caught. 💸 🤑 Pull off ridiculous scams with your friends 🎭 Trick NPCs and convince them to hand over their cash 💼 Complete quests and DON'T GET CAUGHT!. 💰 Earn money and upgrade your scamming gear 🏠 Unlock new locations, tools, and opportunities [SOON] 🚨 Avoid getting raided, caught, or FIRED! 🔥 The more money you make, the crazier and riskier the scams become. Will you make it the whole week? 👹 Take on huge high-risk scams with your crew ⚔️ Work together… or completely betray your friends 💎 Hit the jackpot and escape with the quota 🏆 Unlock exclusive classes and become the boss 📱 Playable on Desktop, Mobile, Tablet & Console 💸 Do you have what it takes to become the ultimate scammer? ⚠️ This game is fictional and made for entertainment. Don’t scam people in real life please."
10766506199,116802325837172,7 Days Cat-Sitting,HELP ME PLEASE studios,Group,931781524,All,Survival,,2026-09-15T01:44:35.349Z,2026-10-06T17:08:07.4008268Z,16,,2026-10-06T20:21:17Z,🐈 Just a normal cute cat game SIKE cat-sitting goes horribly wrong and disturbing things start happening
10766687030,131234943387594,Rocket Rush,VOXELIFIED,Group,882190276,All,Simulation,Vehicle Sim,2026-09-16T15:01:41.2966624Z,2026-10-06T20:11:21.0466656Z,6,,2026-10-06T20:21:17Z,"!! This game is heavily inspired from Dumbfire !! Lock in and become a rocket.. Blast through packed with enemy tanks, helicopters, planes.. Fuel is limited.. how far can you fly before you crash? ⚠️Warning⚠️This game is difficult and it might take time for you to get used to it. [IMPORTANT]: Make sure you check the settings tab from the top left topbar. You can customize your keybinds, mobile HUD customization and more. THE GAME IS ON BETA. Keep in mind this game is still on active development and new updates will come out often. Make sure using feedback button. CONTROLS: Space / Click — FIRE Mouse — Steer toward the crosshair W / S — Nose down / up < (YOU CAN INVERT CONTROLS FROM SETTINGS TAB) A / D — Turn left / right B — Change camera perspective Hold Space — Burn engine Game supports; 📱Mobile, 🎮Console, 🖥️PC"
10766721625,120656419209274,(🌀) Drill for Eggs,Crazay Future,Group,487434901,All,Simulation,Tycoon,2026-09-16T20:16:13.149Z,2026-10-05T02:31:24.869Z,5,,2026-10-06T20:21:17Z,"Drill for Eggs💥 ⛏Dig down to find RARER and INSANE eggs! 👷How to play: -Drill to increase POWER💥 -Dig down and bring Eggs to your Farm!🏡 -Avoid Animal Guards!👮‍♂️ -Hatch Eggs for RARE animals!🥚 -Make money, upgrade your drill, and build the biggest farm!🐶 Your Animals earn cash OFFLINE!💤 Like the game and join the group for EXCLUSIVE animal!👍"
10766725034,72105128013629,Kidnap And Jail,RoDark Studios,Group,5545660,All,Action,Battlegrounds & Fighting,2026-09-16T20:53:43.849Z,2026-10-06T20:42:50.4980638Z,40,,2026-10-06T20:21:17Z,🔒 Kidnap opponents and lock them in jail! 🏃 Dodge the enemy team and avoid getting captured! 🤝 Work together to win the round!
10766773917,80889484476977,Builders Sandbox 🧱,murzbeast23,User,4036396593,All,Simulation,Sandbox,2026-09-17T10:56:51.054Z,2026-10-06T23:09:37.5417245Z,10,,2026-10-06T20:21:17Z,"Claim your own construction site and build anything you can imagine. Pour cement, stack textured bricks and tiles, cut pieces to size, and create without a grid or strict rules. 🔨 Crack and smash builds with satisfying physics ✂️ Cut bricks and tiles for custom designs 🏗️ Build freely on your private construction plot 👷 Visit other players’ sites and cause some chaos 🎵 Relax with background music while you create Build it, break it, and rebuild it your way!"
10766812776,109959833715820,"WideOpen [MOTORCYCLE, NOHESI, CUSTOMIZATION]",Elevator4022,User,3030951716,All,Simulation,Vehicle Sim,2026-09-17T17:44:59.0351828Z,2026-10-06T23:51:52.4468362Z,16,,2026-10-06T20:21:17Z,"GAME IS BRAND NEW THIS IS BETA THERE WILL BE BUGS! FIXING LAG WITH OTHER PLAYERS AND MOBILE GAMEPLAY Run from police, swerve traffic, do wheelies, and don't get arrested to build your status in the moto scene!"
10767012496,101880234193261,[UPDATE] Turbo Soccer : Beta 1.0,Turbo Soccer,Group,1096489084,All,Sports & Racing,Sports,2026-09-19T05:05:58.49Z,2026-10-06T06:16:39.8617525Z,50,,2026-10-06T20:21:17Z,"🏎️ Welcome to Turbo Soccer! Beta version! ⚽ Hit the field and compete in car soccer against players from around the world! 🎮 Play competitive matches! 🏆 Climb the leaderboards and show your skills! 🚗 Unlock exclusive cars and items! ✨ Customize your car with skins, wheels, decals, boosts, and more! 🔥 Master the mechanics and improve your skills! 🌎 Play across different arenas and maps! 👥 Play with your friends and build your team! 🏅 Compete, rank up, and become a legend! 🎁 NEWS COMING SOON! 🎮 Controls: 🖥️ PC: WASD + Mouse 📱 Mobile: On-screen controls 🎮 Console: Compatible controller Car - Soccer - Ball - Boost carro foguete league futebol de futebol futbol bonk rivais azuis de liga lateral super liga futebol de rua futsal futebol arcade 3d futebol físico futebol esportes bola de gol classificada torneio competitivo clãs treinamento 1v1 2v2 3v3 volei basquete kart corrida minigames blox league roblox"
10767183467,98297803179998,[QUEEN BEE] Bees 1:1,BSS 1:1:1,Group,866570390,All,Simulation,Incremental Simulator,2026-09-20T02:08:21.896Z,2026-10-06T20:04:02.0481981Z,6,,2026-10-06T20:21:17Z,Huge credits to @Onett for BSS and @hkgkhjifkol for the original 1:1 game. This is a FAN-MADE copy. 70% of all gamepasses are completely FREE. The 50 bee area is also in the game.
10767240772,137477934962022,Crack the Egg 🥚,egg shell games,Group,425557435,All,Simulation,Incremental Simulator,2026-09-20T11:28:24.319Z,2026-10-05T21:07:37.8962309Z,20,,2026-10-06T20:21:17Z,You have 24 hours to break open the egg before it hatches 😈 Work together with friends to mine open the egg and discover what secrets lie within... 🤫 CRACK THE EGG. 💢
10767408330,116701845804918,Peel THE Potato,soviet potato republic,Group,699343747,All,Simulation,Incremental Simulator,2026-09-21T15:41:16.91Z,2026-10-05T04:20:23.565Z,16,,2026-10-06T20:21:17Z,"a cozy game about peeling a giant mountain of potatoes to find one hidden key... 🥔 🔑 Find the Key in a Mountain of Potatoes! 🥔 Dig through the Potato Mountain 🔪 Peel potatoes to find the hidden Key 🚪 Unlock the Vault and escape 🏆 Beat your fastest escape time Can you escape? Tags: Find The Key, Peel a Potato, Peel THE Potato, Potato, Peel, Prison, Escape, Story, Adventure, Key, Search, Needle in a Haystack, Clean all the Leaves"
10767545737,79625784751575,Peel a Potato,Apartment Horrors,Group,765417341,All,Simulation,Incremental Simulator,2026-09-22T00:15:35.076Z,2026-10-06T22:54:21.6962158Z,24,,2026-10-06T20:21:17Z,"🥔 PEEL A POTATO🥔 Welcome to Depot No.7, comrade. There's a MOUNTAIN of potatoes outside the vault door, and it's your job to peel every last one. [SOLO GAMES SAVE PROGRESS - GAMES WITH THE SAME PEOPLE SAVE ASWELL] 🔪 Peel by hand: grab potatoes, peel them at the bench and drop them in the water channel to get paid. Cleaner peels earn more! 📦 Order upgrades: better peelers, gloves, buckets and big peeling machines, delivered right to your door. 💨 Suck it up: get the vacuum and hoover potatoes straight off the pile. ✨ Find rare spuds: purple, red, golden and giant potatoes are worth way more. ⛏️ Dig through the pile: every potato you take carves into the heap. Clear all 2,400 to finish the shipment! 🎖️ Impress the General: clear the pile, earn Caps and spend them on permanent upgrades for every future shipment. 👥 Better with friends: peel together and clear the pile faster! 📱 Play on PC, mobile and console. 👍 Like and ⭐ Favorite to support the game!"
10767582899,101914705206759,[💻UPD] 📱 Build a Phone Empire,DEVTEC STUDIOS,Group,981473112,All,Simulation,Tycoon,2026-09-22T10:04:15.92Z,2026-10-06T19:39:29.3007759Z,8,,2026-10-06T20:21:17Z,"📱 Start in a garage in 2007 and build the biggest phone company in the world. 🎨 DESIGN every device yourself: screen size, cameras, corners, buttons, colour, finish and logo. Pick the parts, set the price and hand it to your team. 🏗️ BUILD your office your way: walls, doors, floors, paint, desks and decorations, from a garage to a Headquarters. 👥 HIRE a team. Your Roblox friends show up as candidates and work in your office as their real avatars. 🔬 RESEARCH new tech year by year and unlock tablets, smartwatches, earbuds, foldables and laptops. 🚀 LAUNCH with a marketing campaign, read the critics' reviews and watch sales come in live. Beat rival companies and expand into new regions. 🏆 COMPETE on the global leaderboards, then sell your company and start again with a permanent Legacy bonus. ✅ 28 goals with cash rewards ✅ Plays on phone, tablet and PC ✅ Your company saves automatically 👍 Like and favourite to follow updates!"
10767628417,92796716336864,Create Pottery!,Team Lychee!,Group,431258109,All,Simulation,Tycoon,2026-09-22T17:35:40.093Z,2026-10-04T11:47:46.628Z,6,,2026-10-06T20:21:17Z,Welcome to Create Pottery! 🏺 Roll rare clay and shape it on the pottery wheel 🎨 Glaze your pieces and fire them in the kiln 💰 Sell your pottery to customers in your shop! 📱 Take jobs from your phone to earn gems 👩‍🎨 Hire employees to work for you! Grow your little studio into a pottery empire! 🔥
10767634248,102476635575386,Firefighting Sim 🚒,Blackbox Express,Group,481869461,All,Simulation,,2026-09-22T18:30:46.3041137Z,2026-10-06T23:53:05.7796397Z,8,,2026-10-06T20:21:17Z,"🚒 Be a firefighter! Answer 911 calls, race your fire truck through Oak Ridge with sirens blaring, and battle fires that spread for real, in first person with your crew. Someone's still inside. Go get them. 🔥 🚨 20+ fire trucks: engines, ladder towers, tankers, brush trucks, rescue ambulances & chief cars. Wail, yelp, and pull the air horn cord! 🪓 Force doors with axes & chainsaws, throw ladders, stretch hose lines, mask up in the smoke 🐕 Search burning buildings with your K9 partner 🏠 House, apartment & office fires, brush fires, car fires... and plane crashes at the airport ✈️ ⛈️ Lightning storms, rain, day & night 🎖️ Rank up from Recruit to Fire Chief: grade your calls, earn badges, daily challenges & leaderboards 🎮 Play on PC, mobile & console with full controller support The fire rescue simulator where every call is different. FREE PRIVATE SERVERS! Fight fires, have fun, be safe! 👍 Like & ⭐ Favorite for updates!"
10767657583,92207370848154,[NIGHTMARE] Bon,Blue Rabbit Run Studios,Group,636082455,All,Puzzle,Escape Room,2026-09-22T21:47:46.326Z,2026-10-03T17:06:04.916Z,20,,2026-10-06T20:21:17Z,"!! Inspired by The Walten Files by Martin Walls, please go support his series !! still in early development, please join our server to for bug reports and suggestions The lights flicker on and you're alone in a restaurant that closed down years ago. The door is locked and six keys are hidden somewhere in the building. Find them all before Bon finds you .. he's been waiting a long time for someone to play with"
10767824942,120731410233153,+1 Assassin Leveling,+1 on top,Group,517830125,All,Simulation,Incremental Simulator,2026-09-24T04:53:01.697Z,2026-10-04T23:45:17.576Z,12,,2026-10-06T20:21:17Z,"🗡️ Become the deadliest Assassin! Train your Strength, slash through powerful enemies, and unlock legendary daggers as you level up! 🖱️ Click to gain +1 Strength! ⚔️ Unlock epic daggers, each stronger than the last! 🏆 Earn Wins and climb the leaderboards! 🥚 Hatch pets for powerful boosts! 🔄 Rebirth to become even stronger! 📈 Level up and grow stronger with every hit! 👥 Play with friends for +10% Strength each! 👍 Like and ⭐ Favorite the game to support future updates!"
10767825538,86537831042007,Sarab,Patience Zone,Group,6590216,All,Survival,,2026-09-24T05:05:34.877Z,2026-10-06T15:11:01.4607367Z,25,,2026-10-06T20:21:17Z,Mirage Horror Game
10767858548,113371877732022,Hole🕳️,Kurkupa,User,2805651611,All,Simulation,Tycoon,2026-09-24T12:55:51.4074923Z,2026-10-06T20:40:58.1786496Z,8,,2026-10-06T20:21:17Z,
10767922762,138929956115729,Dress Designer,Wisterium,Group,4236194,All,Roleplay & Avatar Sim,Dress Up,2026-09-24T23:14:43.779Z,2026-10-06T23:43:26.7364434Z,8,,2026-10-06T20:21:17Z,"👗 MAKE YOUR OWN DRESSES! ⭐ Bags and Shoes update out now! Start your own fashion business and create beautiful dresses for your clients! 📏Measure, ✏️Sketch, ✂️Cut and 🧵Sew! Build your own elegant shop and become the top fashion designer in Willowby! In Dress Designer, you are free to make any beautiful, elegant, and glamorous dress you can discover! Your dresses make or break the biggest events in the town of Willowby! Whether it's a garden luncheon, a marriage, or a simple dinner, the outcome is up to your tailoring. Inspired by Dressmaker"
10767957681,109949693269081,"Tycoon, but one dropper",•Simple Games,Group,934104263,All,Simulation,Tycoon,2026-09-25T07:29:38.111Z,2026-10-06T20:46:51.4564567Z,8,,2026-10-06T20:21:17Z,"Update 2 📢 More expansions! More upgrades and perks Bug fixes! You only have one dropper, can you become the absolute richest? Join the group for rewards..."
10768176407,129425166667725,Smash the City,Kabooom Crew,Group,577338227,All,Simulation,Physics Sim,2026-09-26T18:00:31.922Z,2026-10-06T21:34:34.2502528Z,6,,2026-10-06T20:21:17Z,"💥 Smash the City 💥 Pick a weapon, aim at the skyline and watch the whole city come crashing down, floor by floor! USE CODE ""SMASH"" for 5,000 COINS! 🚀 50+ WEAPONS in 7 categories: missiles, nukes, tornadoes, tsunamis, meteors, black holes, orbital lasers, a giant ape, a sand worm, UFOs, a wrecking ball, Tetris blocks and more 🎚️ Crank the sliders: bigger blasts, more missiles, longer storms 🗺️ 11 MAPS: Downtown, Night City, a suspension bridge, a power plant, a football stadium, Tokyo, the pyramids of Giza, a base on the Moon and more ☢️ Crack the reactor and watch the radiation eat the city 🪙 Earn coins for every block you break, plus bonuses at 25%, 50%, 75% and 95% destroyed 🔓 Unlock bigger weapons and new maps as you go 👥 Team up with friends and wreck the same city together How much of the skyline can you smash? 🏙️ 👍 Like and ⭐ favorite for new weapons and maps!"
10768373808,97701554102147,Follows games,-The Moon Lanterns-,Group,32591135,All,,,2026-09-27T20:32:46.737Z,2026-10-06T17:21:48.5631926Z,50,,2026-10-06T20:21:17Z,Simulator
10768462078,74608256292004,[Pokemon Brick Bronze] [Bronze Forever],Hyper Ball Games,Group,179222023,All,RPG,Turn-based RPG,2026-09-28T15:20:15.092Z,2026-10-04T21:44:59.507Z,20,,2026-10-06T20:21:17Z,"👥 Join the Looao Games Community Group to stay up to date with the newest uploads and updates. Enable group notifications to be notified the moment a new game goes live. 🔗 Group link: https://www.roblox.com/communities/250839373/Looao-Inc#!/about 🎁 Group rewards: • Free Monsters • Extra PC Boxes 🕹️ Capture, battle, and explore in a thrilling adventure. Travel through the world of Roria, hunt rare monsters, build powerful teams, and work your way toward becoming a Master. 🔗 Community Server link: *available in the social links below the game page* 🌟 Join our Community Server and verify to unlock: • Exp. Share • Increased Shiny & Legendary chances 🌍 Play on any device. Desktop, Phone, Tablet and Console. 🛡️ Your progress is saved securely and forever. You'll never lose your adventure. 👍 Like and Favorite the game to support future updates."
10768565603,104416416393862,Get Your Driver's License!,Time Will Pass,Group,356677783,All,Simulation,Idle,2026-09-29T08:24:37.079Z,2026-10-06T16:56:29.1755061Z,25,,2026-10-06T20:21:17Z,"Wait in line and get your Driver's License! 🎟️ Take a number and wait your turn 📝 Pass the written test 🚦 Drive the test course: cows, ducks, ramps and more 🎁 Win 1 of 18 cars, from rusty hatchbacks to secret supercars 🏅 Unlock every ending, from Honor Roll to Towed 📋 Be the Examiner and judge other players' driving Can you get your license?"
10768944292,139780970631001,[RELEASE] Prehistoric Farm,Project Mirvy,Group,327851283,All,Simulation,Tycoon,2026-10-02T04:14:47.2483395Z,2026-10-06T23:52:33.390856Z,6,,2026-10-06T20:21:17Z,"🦖 Welcome to Prehistoric Farm 🦖 Dig up the past and bring it back to life! Sail across wild islands, unearth ancient fossils, and turn them into eggs at Dr. Ivy's DNA Lab. Hatch your very own dinosaurs, raise them from tiny Newborns into huge Elders, and ride them across your ranch! [How To Play] ▪ Grab your shovel and hold down on a dig site. Let go when the meter is in the green for a better find! ▪ Collect a full set of fossils and bring them to Dr. Ivy to grow an egg ▪ Warm your egg in the incubator and watch it hatch ▪ Keep your dino's belly over half full so it keeps growing ▪ Once it's grown, hop on and ride your partner dino around the islands! [Explore] ▪ Buy bigger boats and sail to new fossil islands ▪ Fish the open sea and dive for rare catches ▪ Sneak into the Sunken Grotto to steal sea reptile eggs ▪ Team up with other players to take down the giant Mosasaurus with spears! Works on PC, mobile and console."
10769066324,110443603443743,Bloxx League,blox league gaming,Group,648209483,All,Sports & Racing,,2026-10-03T00:24:06.147Z,2026-10-04T22:16:43.101Z,12,,2026-10-06T20:21:17Z,"Bloxx League: Car Soccer Features: Many ranked and casual game modes (1v1, 2v2, 3v3), Trading, Car customization COMING SOON: SEASONAL PASS, LEVEL UP DROPS AND EVEN MORE COSMETICS Roblox Plus/Premium subscribers earn 1.5x XP from every match"
