universe_id,pass_count,pass_price_median,pass_price_min,pass_price_max,pass_types,badge_count,badge_funnel_2nd,badge_daily_awarded,mechanics,themes,formulas
47545,25,200,50,3200,vip,9,0.959,3180,cook_serve|job_shift|roleplay_life,food,emoji
65241,3,80,60,95,,25,0.309,57796,escape_run|survive_nights,disaster,
2471084,3,390,220,720,,2,0.083,1,tycoon_build,,emoji|tycoon
8726258,,,,,,,,,,,
16680835,14,319,49,599,multiplier,160,0.87,26364,break_mine|fight_battle|job_shift|party_minigames|shooter|steal_raid|survive_nights,,
16876831,,,,,,,,,fight_battle,,
21164849,22,95,15,295,,46,0.784,719,,,simulator
21449357,,,,,,,,,tycoon_build,military,tycoon
31874888,,,,,,,,,break_mine,giant|stone_rocks,emoji
31970568,7,90,74,374,,,,,tycoon_build,,tycoon
32095083,,,,,,,,,,,
32211175,,,,,,,,,survive_nights,,simulator
52494682,,,,,,,,,,,simulator
63951305,,,,,,,,,job_shift|roleplay_life,,emoji|one_word
66654135,72,499,475,3399,,12,0.527,128391,shooter|survive_nights,,
73754455,,,,,,,,,survive_nights,,survive_x
73885730,7,300,250,300,,,,,roleplay_life|shooter,prison,
78084559,,,,,,,,,job_shift|race_drive,,
79301772,15,399,30,999,speed,12,0.093,19199,fight_battle|hatch_gacha,vehicles,emoji
79609758,,,,,,,,,tycoon_build,,emoji
83148140,,,,,,,,,,space|vehicles,emoji|x_vs_y
83858907,,,,,,,,,obby_climb|race_drive,,emoji
88070565,9,275,100,600,,,,,job_shift|race_drive|roleplay_life|tycoon_build,,emoji
93740418,5,50,10,300,multiplier,,,,survive_nights,,
97314177,31,206,6,976,vip,27,0.846,1661,fight_battle|obby_climb|tycoon_build,anime,emoji|tycoon|update_tag
98929893,35,424,49,1249,multiplier,13,0.087,8748,,fantasy|sports,emoji
102815652,,,,,,,,,,,
104598338,,,,,,,,,,,emoji
107172930,,,,,,,,,,,
110181652,32,274,99,899,multiplier|vip,52,0.233,35207,party_minigames,,emoji
111958650,16,395,245,725,vip,72,0.824,14929,roleplay_life,,one_word
113491250,,,,,,,,,fight_battle|shooter,,
114070244,,,,,,,,,roleplay_life,disaster,
114967577,,,,,,,,,fight_battle|job_shift,fantasy|space|sports,
115797356,,,,,,,,,,,
123956318,,,,,,,,,roleplay_life,school,
124283622,,,,,,,,,,sports,emoji
140733710,6,,,,multiplier|skip,5,0.716,48,roleplay_life|survive_nights,,emoji
147332621,,,,,,,,,,ice_fire,
169302362,,,,,,,,,,zombies,emoji
170247232,,,,,,,,,obby_climb,,
184199275,70,499,19,999,multiplier|storage,53,1.0,29592,clicker|trade,sports,emoji
210851291,7,250,250,500,storage,5,0.596,12519,tycoon_build,money|ocean,build_a
212154879,,,,,,,,,,,emoji
228573408,,,,,,,,,tycoon_build,superheroes,tycoon
245662005,9,400,200,750,storage|vip,10,0.771,3930,,,one_word
274816972,19,250,20,750,multiplier|vip,28,0.773,1094,break_mine|race_drive,vehicles,emoji|update_tag
279565647,,,,,,,,,fight_battle,,emoji
300039023,,,,,,,,,,,emoji
301252049,,,,,,,,,,music,emoji
321778215,12,175,100,300,multiplier|speed,384,0.398,10142,dress_style|hatch_gacha|paint_create,fashion,emoji
323675642,,,,,,,,,escape_run,disaster,emoji
341654025,34,149,25,2999,multiplier|speed|vip,1,,82495,escape_run|obby_climb|survive_nights,ice_fire,emoji
358276974,6,450,75,500,multiplier,4,0.119,,race_drive|shooter,,
371112664,,,,,,,,,fight_battle|tycoon_build,military|money,build_a
371263894,10,125,75,500,storage,3,0.001,12434,race_drive|roleplay_life,vehicles,
372226183,1,420,420,420,vip,8,0.647,464,escape_run,,
380704901,,,,,,,,,clicker,,emoji|update_tag
383310974,24,387,50,795,storage|vip,9,0.586,890,pet_care|tycoon_build,,emoji
433670627,,,,,,,,,survive_nights,seasonal,
465016798,,,,,,,,,collect_index|grow_farm|tycoon_build,animals,emoji|tycoon
484789923,,,,,,,,,grow_farm,school,emoji
485929611,,,,,,,,,,animals,
504035427,,,,,,,,,fight_battle,zombies,
533435040,,,,,,,,,party_minigames|roleplay_life,,emoji|one_word
537476076,,,,,,,,,dress_style,,emoji
540382210,57,60,10,250,cosmetic,56,0.931,9956,roleplay_life,music,update_tag
547524060,5,500,300,600,,,,,hatch_gacha|roleplay_life|survive_nights,,emoji
568307879,,,,,,,,,escape_run|obby_climb,,escape_x
571251690,42,200,50,5000,cosmetic|multiplier|vip,14,0.012,2936,hatch_gacha,,emoji|one_word
578392296,18,350,100,5000000,multiplier,,,,,,one_word
601130232,4,,,,multiplier|speed,130,0.952,2391,fight_battle|hatch_gacha,,simulator
605887098,13,299,80,500,multiplier|vip,38,0.994,12478,hit_swing|race_drive|roleplay_life|tycoon_build,vehicles,emoji|tycoon
616165168,5,599,249,2499,multiplier|vip,2,0.001,7544,race_drive,giant,emoji|simulator
625764726,,,,,,,,,fight_battle|pet_care|roleplay_life|survive_nights,,
648454481,30,125,57,6999,auto|multiplier|speed|storage,4,0.089,14657,fight_battle|hatch_gacha,anime|food|seasonal,emoji
703124385,4,272,195,349,multiplier,9,0.71,37430,obby_climb,,
708100196,,,,,,,,,,,emoji|one_word
725056461,,,,,,,,,escape_run,disaster,
757291724,,,,,,,,,roleplay_life,ice_fire|superheroes,emoji|one_word
767752328,,,,,,,,,,superheroes|vehicles,emoji
770538576,,,,,,,,,,,
807930589,,,,,,,,,hit_swing,,
833209132,,,,,,,,,fight_battle,,update_tag
847722000,,,,,,,,,survive_nights|tycoon_build,,
850110028,16,249,79,399,storage|vip,1,,27526,race_drive|roleplay_life,vehicles,
873703865,,,,,,,,,sell_shop,,one_word
892043755,19,324,79,999,auto|luck|multiplier|speed|storage|vip,35,0.941,601,hatch_gacha,animals|eggs,emoji|simulator|update_tag
903807016,14,250,75,750,skip,7,0.613,1061,job_shift,prison,emoji
905198065,,,,,,,,,obby_climb,,
905954377,,,,,,,,,roleplay_life,fantasy,emoji
911750776,8,449,199,6999,multiplier,4,0.011,753,,,
918677693,,,,,,,,,clicker,,
943733974,,,,,,,,,break_mine|tycoon_build,,emoji
952510115,,,,,,,,,sell_shop|tycoon_build,vehicles,emoji|simulator|tycoon
972475338,14,195,40,695,storage|vip,46,0.367,72036,,,emoji
985731078,9,399,299,1299,storage|vip,14,0.599,391,fight_battle|obby_climb,anime|fantasy,emoji
994732206,6,450,350,2700,multiplier|speed,2,0.622,17451,fight_battle,food|ocean,
1000233041,3,8,8,12,,5,0.75,300,tycoon_build,,
1001911915,,,,,,,,,grow_farm|pet_care,animals,
1003981402,,,,,,,,,survive_nights,zombies,
1008451066,19,100,15,199,,,,,,money|prison,
1016936714,14,299,99,1000,multiplier|storage,3,0.861,2618,dress_style|fight_battle,,
1024564064,,,,,,,,,,animals,emoji
1037979853,,,,,,,,,clicker|collect_index|fishing,ocean,emoji|simulator
1053132402,,,,,,,,,obby_climb,,
1054526971,4,350,200,600,,4,0.821,602,fight_battle|shooter|tycoon_build,,
1072353049,5,180,180,240,,6,0.624,1937,,seasonal,
1073273083,,,,,,,,,cook_serve,,
1087859240,,,,,,,,,,,emoji
1091907805,,,,,,,,,break_mine|forge_craft|hatch_gacha,animals,simulator
1119466531,,,,,,,,,,,emoji
1125307892,,,,,,,,,fight_battle|survive_nights,horror,
1147304238,,,,,,,,,,fantasy,emoji|update_tag
1160789089,,,,,,,,,,,emoji
1165835263,,,,,,,,,roleplay_life,,
1171251167,1,28,28,28,,1,,77133,roleplay_life,,
1175471394,,,,,,,,,,,update_tag
1176784616,48,375,55,7999,cosmetic|vip,32,0.9,10741,obby_climb|shooter|tower_defense,,simulator
1177208440,,,,,,,,,,,simulator
1180269832,,,,,,,,,fight_battle,fantasy|military,emoji
1187091887,,,,,,,,,fight_battle,,emoji
1198533421,,,,,,,,,race_drive,vehicles,
1200145783,,,,,,,,,race_drive|tycoon_build,money|nature,emoji
1202096104,22,299,15,500,multiplier|vip,45,0.187,167685,job_shift|race_drive|roleplay_life|tycoon_build,vehicles,
1214576306,,,,,,,,,cook_serve|tycoon_build,food,tycoon
1229590289,,,,,,,,,,ice_fire,emoji
1230230722,31,299,75,949,multiplier|vip,10,0.293,39610,party_minigames|roleplay_life|tycoon_build,,emoji
1235188606,10,350,175,500,luck|storage|vip,50,0.984,133,hatch_gacha,animals|fantasy,emoji
1247231049,,,,,,,,,roleplay_life,,emoji
1247975681,,,,,,,,,,,emoji
1265527561,,,,,,,,,,,emoji
1267991351,,,,,,,,,roleplay_life,fantasy|ice_fire,
1268927906,10,324,99,799,auto|multiplier|storage,18,0.311,24133,plus_one_stat,animals,emoji
1271059807,41,386,55,2865,,145,0.317,3478,break_mine|grow_farm|merge|obby_climb|party_minigames|race_drive|roleplay_life,stone_rocks,emoji
1275875292,,,,,,,,,,,emoji|simulator
1278035280,96,299,99,750,storage|vip,24,0.069,34400,dress_style,animals,
1281592938,16,273,199,999,cosmetic,3,0.639,46949,fight_battle|shooter,military,emoji
1284180886,,,,,,,,,,horror,emoji
1312971993,20,374,49,999,auto|luck|multiplier|speed|vip,209,0.6,1905,fight_battle|hatch_gacha|hit_swing|sell_shop,,emoji|simulator
1315450727,,,,,,,,,survive_nights,horror,emoji
1315966725,,,,,,,,,,,emoji|simulator
1316421563,,,,,,,,,,sports,
1318971886,5,299,99,1299,multiplier,18,0.495,13084,break_mine|hatch_gacha|roleplay_life,,
1325411718,,,,,,,,,fight_battle,,emoji
1335695570,,,,,,,,,obby_climb|plus_one_stat,animals|anime|fantasy|ice_fire|ocean|stone_rocks,emoji
1358133289,27,29,9,399,luck|vip,1,,15,,,
1359546589,,,,,,,,,break_mine|fight_battle|survive_nights,giant|horror,emoji
1359573625,2,150,150,150,,9,0.94,80,fight_battle,,one_word
1374118848,,,,,,,,,fight_battle,fantasy,
1390601379,22,299,99,999,luck,35,0.956,4077,fight_battle|hatch_gacha,,
1393178180,,,,,,,,,race_drive,vehicles,emoji
1404342734,,,,,,,,,cook_serve|job_shift,vehicles,emoji|update_tag
1415710834,,,,,,,,,cook_serve|survive_nights,,emoji
1424449565,,,,,,,,,clicker|hit_swing|shooter,sports,
1430007363,,,,,,,,,job_shift|roleplay_life,,
1434220026,,,,,,,,,cook_serve,,emoji
1451439645,11,,,,multiplier,2,0.45,1287,,food|ice_fire,
1451869528,,,,,,,,,obby_climb,,
1452258989,,,,,,,,,,,
1480782352,,,,,,,,,race_drive,money|vehicles,emoji
1489026993,15,799,49,899,multiplier|vip,21,0.377,14051,escape_run|survive_nights|trade,,emoji|survive_x
1494262959,16,262,99,4799,storage,8,0.962,,fight_battle,,emoji|one_word
1499870257,,,,,,,,,race_drive|roleplay_life,,
1511883870,16,375,150,1275,multiplier|storage,28,0.039,4951,fight_battle|roleplay_life,,
1516533665,8,100,100,300,multiplier|storage,39,0.596,13036,clicker|grow_farm|roleplay_life|survive_nights|tycoon_build,,
1525626450,11,175,40,400,multiplier,41,0.034,15854,hatch_gacha|race_drive,,emoji
1526814825,25,249,9,1999,auto|multiplier,18,0.643,10038,shooter|tycoon_build,military|seasonal,tycoon
1527252839,,,,,,,,,,space|superheroes,
1531130248,15,349,75,1000,cosmetic|storage,384,0.155,5867,collect_index|fight_battle|hatch_gacha|obby_climb|steal_raid,seasonal|superheroes,emoji
1536694921,,,,,,,,,,memes|vehicles,
1586272220,,,,,,,,,clicker|shooter,ice_fire|military,
1617287243,,,,,,,,,,,emoji
1638323641,,,,,,,,,,,emoji
1640395061,,,,,,,,,,zombies,
1648467492,,,,,,,,,,,
1648496580,5,150,30,180,,,,,,,
1650291138,,,,,,,,,fight_battle|survive_nights,,update_tag
1654971928,,,,,,,,,,robots,
1659645941,,,,,,,,,job_shift,,emoji|one_word
1668992109,10,699,350,699,vip,,,,,,
1673554668,,,,,,,,,race_drive,money|school|stone_rocks,
1686885941,24,299,35,749,speed|vip,,,,roleplay_life,military,emoji
1699553764,,,,,,,,,,zombies,emoji|simulator
1701332290,11,399,70,1600,,49,0.82,53324,,,
1701518532,,,,,,,,,,brainrot,emoji|one_word
1701623492,,,,,,,,,obby_climb,,
1707552920,,,,,,,,,clicker,,
1709832923,,,,,,,,,fight_battle|plus_one_stat|survive_nights,money|zombies,
1709917610,21,80,25,800,multiplier|storage|vip,102,0.824,5478,obby_climb|party_minigames,,simulator
1718755273,,,,,,,,,roleplay_life|tycoon_build,,one_word
1719305066,,,,,,,,,race_drive,,
1720936166,5,200,175,799,multiplier|speed|vip,1,,241,fight_battle|hatch_gacha|obby_climb|tower_defense,,
1733898268,,,,,,,,,job_shift|roleplay_life,,
1742264997,10,500,100,1875,vip,18,0.618,373,roleplay_life|steal_raid|survive_nights,,
1743990973,,,,,,,,,job_shift|obby_climb|shooter,,
1751760283,,,,,,,,,,military,simulator
1769712451,,,,,,,,,job_shift|race_drive,vehicles,
1775919872,,,,,,,,,collect_index|fight_battle,,update_tag
1776914212,1,200,200,200,multiplier,,,,,,one_word
1782832995,,,,,,,,,fight_battle,,
1784051919,,,,,,,,,,,simulator|update_tag
1787711941,,,,,,,,,,,
1794056685,8,275,35,1200,speed|vip,64,0.627,62359,hatch_gacha|tycoon_build,,emoji
1795206523,,,,,,,,,,,x_vs_y
1802622907,,,,,,,,,hatch_gacha,eggs|seasonal,emoji
1802741133,12,275,100,650,multiplier|vip,86,0.335,12017,,,emoji|simulator
1831550657,2,,,,,44,0.77,45941,fight_battle|grow_farm|survive_nights,animals|horror,emoji
1836146838,8,310,30,1800,,54,0.862,13493,dice_cards|roleplay_life,sports,
1851087906,4,309,149,399,,6,0.878,28847,tycoon_build,animals,emoji
1852226622,6,200,10,350,multiplier,,,,dress_style|hatch_gacha|roleplay_life,animals,emoji
1859597048,,,,,,,,,fight_battle|tycoon_build,money,tycoon
1871172282,,,,,,,,,fight_battle|race_drive,vehicles,emoji
1871908106,,,,,,,,,,,emoji|update_tag
1888174103,,,,,,,,,survive_nights,,one_word
1892760830,,,,,,,,,pet_care|race_drive|roleplay_life,,emoji
1921509404,,,,,,,,,obby_climb|sell_shop,,
1946714362,13,300,150,600,,2,0.109,715,,,emoji|one_word
1952819680,,,,,,,,,obby_climb,,
1953956112,,,,,,,,,collect_index,music,emoji
1954152886,13,125,50,400,vip,8,0.102,31749,roleplay_life,,emoji
1998835206,5,75,25,100,multiplier,103,0.915,3936,fight_battle|race_drive|rng_roll|shooter|steal_raid,,emoji
2007050448,,,,,,,,,,,emoji
2017809925,8,400,80,800,multiplier,15,0.543,104596,obby_climb,,
2020908522,,,,,,,,,survive_nights,giant,emoji
2023680558,47,500,200,1000,multiplier,,,,,animals|fantasy,simulator
2026574412,,,,,,,,,collect_index,animals,emoji|x_vs_y
2027832238,,,,,,,,,,,emoji
2049551477,2,163,28,299,,7,0.652,10578,escape_run|survive_nights,horror,
2065706268,,,,,,,,,clicker|dress_style,,
2073329983,,,,,,,,,race_drive,money|vehicles,
2082205150,,,,,,,,,,,emoji|one_word
2087494287,,,,,,,,,clicker,ocean,emoji
2092410051,,,,,,,,,sell_shop|tycoon_build,,tycoon
2113323331,,,,,,,,,,,one_word
2114144926,,,,,,,,,fight_battle|fishing|obby_climb|tower_defense|trade,money,
2126386806,,,,,,,,,,,
2137105308,,,,,,,,,quiz_guess,,
2139712082,,,,,,,,,,seasonal,emoji
2149444938,,,,,,,,,roleplay_life,,emoji
2152417643,,,,,,,,,roleplay_life,,emoji|simulator
2153167977,,,,,,,,,race_drive,vehicles,
2157233282,,,,,,,,,obby_climb,music,
2157872230,9,300,225,525,storage|vip,4,0.015,2164,roleplay_life,,
2160907981,,,,,,,,,paint_create,,
2165551367,,,,,,,,,,,one_word
2171758161,,,,,,,,,obby_climb,food,emoji
2176187244,,,,,,,,,,,emoji
2195939586,,,,,,,,,,,
2198666251,,,,,,,,,survive_nights,giant,emoji
2200020629,,,,,,,,,,,emoji|one_word
2220495353,10,425,250,500,cosmetic|vip,7,0.327,30893,,money|ocean,
2233937689,7,199,49,349,,,,,tycoon_build,ocean,emoji
2236455574,,,,,,,,,,superheroes,
2239430935,,,,,,,,,,horror,update_tag
2247578975,17,2000,2000,2000,speed|vip,,,,escape_run|obby_climb|shooter,,escape_x
2250844717,,,,,,,,,clicker|obby_climb,,update_tag
2251388500,10,200,50,650,multiplier,24,0.054,32814,race_drive,disaster,
2274830359,21,299,79,499,cosmetic|multiplier,14,0.771,130853,escape_run|fight_battle|shooter,,escape_x
2278167893,,,,,,,,,survive_nights,,
2281570018,,,,,,,,,,,
2283649692,,,,,,,,,,,one_word
2294168059,13,289,30,699,multiplier|vip,31,0.529,3678,,,
2297891297,,,,,,,,,,,
2305929206,5,499,499,499,,35,1.0,63094,survive_nights,space,emoji
2309918273,3,259,99,420,,13,0.693,160,fight_battle,,emoji
2316994223,,,,,,,,,collect_index,animals,emoji|simulator
2324018757,,,,,,,,,,,
2324662457,33,399,26,1800,auto|cosmetic|luck|multiplier|skip|speed|storage|vip,180,0.36,1364,clicker|plus_one_stat|rng_roll,anime,emoji|x_vs_y
2327461601,,,,,,,,,,,
2350840700,,,,,,,,,,,
2360092394,8,,,,multiplier,12,0.501,46988,grow_farm|race_drive|roleplay_life,ice_fire|vehicles,
2366560560,,,,,,,,,fight_battle|roleplay_life,animals|seasonal,
2369077151,15,299,10,1999,multiplier|speed|vip,,,,survive_nights|tycoon_build,,emoji
2380077519,17,141,2,450,multiplier,168,0.306,10684,collect_index|escape_run|fight_battle|obby_climb|survive_nights,,emoji|update_tag
2401478287,,,,,,,,,tycoon_build,money,emoji|tycoon
2404080894,2,374,349,399,multiplier,4,0.95,32012,,,
2408700413,,,,,,,,,fight_battle,,update_tag
2435789930,46,129,29,599,vip,5,0.027,105466,collect_index|obby_climb|roleplay_life,,emoji
2440500124,2,399,299,499,,144,0.679,133776,job_shift|survive_nights,,emoji|one_word
2443177453,,,,,,15,0.74,570,,,update_tag
2491559356,,,,,,,,,,military,simulator
2492481398,,,,,,,,,tycoon_build,memes|military,emoji|tycoon
2516044547,,,,,,,,,collect_index|fight_battle,fantasy,
2520686564,,,,,,,,,roleplay_life|survive_nights,dinosaurs|seasonal,
2527789729,34,349,99,1999,luck|speed,,,,survive_nights,dinosaurs,emoji
2528641125,,,,,,,,,break_mine|roleplay_life,,
2538086639,,,,,,,,,roleplay_life,,emoji
2544016903,,,,,,,,,race_drive,vehicles,
2544520106,,,,,,,,,fight_battle,,
2548183080,,,,,,,,,,,
2549475383,30,798,198,2021,vip,48,0.403,57315,dress_style|job_shift|roleplay_life,,emoji
2564505263,,,,,,,,,,,simulator
2577700536,,,,,,,,,shooter,,
2583564222,2,125,125,125,vip,5,0.264,15748,hit_swing,,emoji
2588044974,,,,,,,,,,music,
2589957623,11,80,30,800,,17,0.554,71810,obby_climb|race_drive,vehicles,emoji
2605831977,,,,,,,,,sell_shop,,
2619619496,81,399,399,799,vip,,,,fight_battle,,emoji
2621511041,2,,,,vip,,,,,,one_word
2626227051,8,799,799,799,vip,1,,25765,,,emoji
2628404708,,,,,,,,,,,
2640407187,14,219,79,399,multiplier|speed,29,0.955,21,race_drive,vehicles,update_tag
2643072291,,,,,,,,,,,
2644656496,,,,,,,,,,food|ice_fire,
2652888345,6,49,49,350,multiplier,,,,dress_style|tycoon_build,,simulator
2655311011,,,,,,,,,sell_shop,anime,simulator
2655478023,16,2000,2000,2000,speed|vip,2,0.01,5967,escape_run|obby_climb|shooter,food|horror,escape_x
2668101271,7,240,95,460,speed,,,,hit_swing|roleplay_life,,
2682938349,11,344,209,599,multiplier|storage|vip,79,0.702,7885,paint_create|race_drive,animals,
2711375305,,,,,,2,0.158,209493,dress_style,fashion,
2719766208,,,,,,,,,,,
2727447177,,,,,,,,,,animals,emoji
2729513759,18,210,10,1020,multiplier|vip,3,0.341,25589,paint_create,,
2754593977,7,369,90,910,vip,2,0.0,71279,roleplay_life|tycoon_build,,emoji
2765784373,6,,,,,26,0.205,4018,,,
2783797267,14,290,195,490,storage,8,0.032,66354,,nature,emoji
2788648141,65,499,99,1499,auto|multiplier|vip,15,0.99,17441,tycoon_build,military,tycoon
2799421838,,,,,,,,,roleplay_life,,emoji
2802559498,,,,,,,,,,,
2805713501,,,,,,,,,obby_climb,,emoji
2820580801,,,,,,,,,,,one_word
2821905072,14,349,10,1999,multiplier|speed|vip,,,,survive_nights|tycoon_build,,emoji
2822776643,5,324,149,1199,multiplier|skip,18,0.303,81807,escape_run|fight_battle,disaster|fantasy|ice_fire|money|nature|superheroes,emoji
2826640183,,,,,,,,,survive_nights|tycoon_build,,
2827951974,,,,,,,,,fight_battle|survive_nights,horror,
2839156349,,,,,,,,,,military,
2851381018,2,299,99,499,vip,1,,,fight_battle|race_drive|roleplay_life,vehicles,emoji
2862098693,16,899,249,1799,cosmetic,26,0.049,7317,survive_nights,,
2865006607,,,,,,,,,dress_style|hatch_gacha|roleplay_life,,
2872881913,46,13,1,9999,auto|multiplier|speed|vip,,,,break_mine,animals|music,
2916593387,,,,,,,,,fight_battle,,
2936053166,10,524,75,2499,speed|vip,16,0.783,170467,hatch_gacha|survive_nights,,emoji
2943850166,16,524,75,2499,speed|vip,,,,,,
2954818192,5,350,129,950,multiplier|vip,11,0.636,157058,,,
2955322961,,,,,,,,,survive_nights,,
2970472544,,,,,,,,,,,
2979369058,11,125,49,499,speed,1,,2981,race_drive,vehicles,
2992873140,10,349,199,799,,8,0.035,21340,race_drive|roleplay_life,money|prison|vehicles,
3012965062,11,299,99,399,multiplier|vip,21,0.471,131088,,school|stone_rocks,
3013715655,,,,,,,,,roleplay_life,fantasy|music|sports,emoji|one_word
3032132418,,,,,,,,,clicker|hit_swing,,
3047037061,,,,,,,,,,,
3056160040,,,,,,,,,,,
3060525991,,,,,,,,,,,emoji
3064619271,,,,,,,,,,,
3079618996,12,249,99,1499,auto|multiplier|vip,14,0.626,23873,tycoon_build,,emoji|tycoon
3085257211,,,,,,,,,,,
3088609243,,,,,,,,,obby_climb,giant,emoji
3097803944,,,,,,3,0.802,93191,,,
3108473052,,,,,,,,,fight_battle,anime,simulator
3110388936,30,550,100,4500,luck|multiplier|speed|storage,1,,8400,,anime,emoji
3114128441,,,,,,,,,,vehicles,emoji
3116863918,,,,,,,,,obby_climb,,
3124818385,3,150,100,250,,41,0.121,4245,,,x_vs_y
3132040251,,,,,,,,,tycoon_build,superheroes,tycoon
3149100453,,,,,,,,,collect_index,,simulator
3164075108,19,274,2,9999,luck|skip|speed,16,0.847,481,,anime|fantasy,emoji|update_tag
3168615253,7,250,150,400,multiplier,55,0.524,1180,fight_battle|hatch_gacha,,update_tag
3170483284,,,,,,,,,race_drive|roleplay_life,,simulator
3171190217,,,,,,,,,,horror,emoji|one_word
3177453609,,,,,,,,,tycoon_build,,emoji|one_word
3178326002,,,,,,,,,roleplay_life,,emoji
3183403065,14,299,99,1299,storage|vip,1,,,,,emoji
3183742847,,,,,,,,,,,
3187874989,5,80,80,800,luck|multiplier,12,0.21,29976,,,
3191268194,,,,,,,,,race_drive|tycoon_build,giant,emoji|tycoon
3195917432,,,,,,,,,dice_cards|roleplay_life,,
3198546127,,,,,,,,,fishing|rng_roll,music,emoji
3204175584,39,349,84,810,storage|vip,7,0.675,45494,dress_style|job_shift|pet_care|race_drive|roleplay_life,vehicles,emoji
3210778402,,,,,,,,,,seasonal,
3218272328,,,,,,,,,,giant,
3219620210,,,,,,,,,tycoon_build,,
3227754471,,,,,,,,,roleplay_life,,
3232838484,,,,,,,,,,music,emoji
3240075297,11,299,149,799,,,,,race_drive|roleplay_life,school,emoji
3256689155,,,,,,,,,,,
3258251641,,,,,,,,,,giant,update_tag
3258873704,,,,,,,,,fight_battle,,emoji
3261058889,,,,,,,,,break_mine,,
3262314006,,,,,,,,,fight_battle,,simulator
3264293423,,,,,,,,,survive_nights,,
3264581003,,,,,,,,,,,
3267012194,,,,,,,,,dice_cards,,one_word
3274669156,,,,,,,,,,horror,
3289847355,,,,,,,,,obby_climb,music,
3293514480,,,,,,,,,,,
3293525400,,,,,,,,,dress_style,memes,x_vs_y
3308103880,11,299,40,799,speed|vip,13,0.023,100469,roleplay_life,,emoji
3310460039,36,100,50,2000,speed|vip,16,0.109,73046,obby_climb|shooter|tycoon_build,prison,emoji
3311164447,,,,,,,,,,,emoji
3317064564,,,,,,,,,,military,one_word
3317679266,8,399,49,100000,,10,0.659,65797,,,emoji
3317771874,14,625,175,3250,auto|luck|multiplier|storage|vip,4,0.043,17890,hatch_gacha,animals,emoji|simulator
3322582746,,,,,,,,,collect_index|hit_swing|shooter,sports,emoji
3344795851,,,,,,,,,escape_run,,
3346892457,,,,,,,,,survive_nights,horror,
3347455347,,,,,,,,,fight_battle,,
3354479870,,,,,,,,,race_drive,vehicles,
3359505957,6,399,399,599,storage,123,0.847,275,collect_index|hatch_gacha|merge,animals|eggs,
3365661357,,,,,,,,,,ocean,emoji
3371147486,,,,,,,,,,school,
3384187191,,,,,,,,,roleplay_life,,emoji
3405618667,15,299,49,1500,multiplier|speed|storage|vip,120,0.55,18632,collect_index|escape_run|hatch_gacha|race_drive|roleplay_life|steal_raid,food|money|robots|seasonal,simulator
3408154779,,,,,,,,,,,
3417194043,,,,,,,,,clicker,music,update_tag
3419284255,5,100,100,1000,,29,0.02,2032,fight_battle|hatch_gacha,,
3420059569,,,,,,,,,obby_climb,school,
3421408084,,,,,,,,,,,
3426175130,,,,,,,,,,,
3441153192,,,,,,,,,escape_run,,emoji|escape_x
3448264866,4,229,229,479,,89,0.709,6809,,,one_word
3457700596,4,544,199,749,multiplier|storage,1,,,fight_battle,food,
3472652814,,,,,,,,,job_shift,,
3472976893,28,849,59,7999,multiplier|speed|vip,67,0.423,59871,escape_run|fight_battle|roleplay_life|survive_nights,horror,one_word
3475191052,,,,,,,,,hit_swing,sports,emoji|simulator
3476371299,,,,,,,,,clicker|obby_climb|race_drive,seasonal,emoji
3494556606,,,,,,,,,cook_serve|tycoon_build,food,update_tag
3502524667,,,,,,,,,obby_climb|steal_raid,horror,
3507461489,,,,,,,,,break_mine,,
3508322461,6,125,115,345,storage,4,0.076,41216,fight_battle,anime,
3512256796,13,249,10,1899,multiplier|speed|storage|vip,43,0.872,5365,break_mine,stone_rocks,
3515267380,11,199,1,8000,multiplier,14,0.77,21818,race_drive,vehicles,
3536173216,,,,,,,,,,,
3541611379,2,482,365,600,speed|vip,33,0.793,2702,fight_battle|obby_climb|tower_defense,,
3551414857,,,,,,,,,,horror,
3560583071,,,,,,,,,,,
3608594708,14,67,10,150,speed,13,0.667,79407,collect_index|escape_run|paint_create|shooter|survive_nights,,emoji
3620011279,,,,,,,,,pet_care,money,emoji
3623695803,,,,,,,,,break_mine|fishing|roleplay_life,,
3624423521,1,350,350,350,cosmetic,4,0.107,17082,,military,emoji
3626363135,,,,,,,,,fight_battle|merge,,
3634139746,,,,,,,,,shooter,,
3647333358,42,500,100,1200,cosmetic|storage|vip,27,0.438,12673,rng_roll,,one_word
3661343497,,,,,,,,,roleplay_life,animals,emoji
3666294218,,,,,,,,,break_mine|tycoon_build,stone_rocks,emoji
3704826615,,,,,,,,,,,
3706757136,,,,,,,,,,school|vehicles,
3717250353,,,,,,,,,tycoon_build,prison,emoji|update_tag
3717264063,,,,,,,,,,,emoji
3725528263,,,,,,,,,fight_battle|job_shift|shooter|survive_nights,zombies,
3730079862,6,50,50,149,,52,0.391,11965,tower_defense,,one_word
3734304510,56,475,75,1099,multiplier|storage,2,0.0,3448,,,emoji
3741075732,,,,,,,,,survive_nights,horror,one_word
3746418487,7,599,175,999,multiplier,,,,race_drive|roleplay_life|tycoon_build,,tycoon
3747388906,,,,,,,,,fight_battle|forge_craft|survive_nights|tycoon_build,,emoji
3749444437,,,,,,,,,,,
3754482795,11,349,10,2595,auto|multiplier|vip,11,0.971,60288,hatch_gacha|tycoon_build,ice_fire|superheroes,tycoon
3756501373,9,35,20,123456789,auto|luck|multiplier,3,0.337,14978,,ice_fire|memes|money|ocean|stone_rocks|superheroes,update_tag
3759884822,,,,,,,,,obby_climb|tycoon_build,money,tycoon
3761186887,,,,,,,,,,horror,one_word
3764631130,,,,,,,,,,,
3808081382,8,199,99,499,storage|vip,19,0.54,55748,clicker|fight_battle,,
3808223175,,,,,,,,,,anime,emoji
3826087550,,,,,,,,,,military,
3835375262,,,,,,,,,obby_climb,,
3837114739,,,,,,,,,,,emoji
3841172115,,,,,,,,,,horror,emoji
3846592040,,,,,,,,,,,emoji
3864279452,,,,,,,,,,,
3869462497,,,,,,,,,fight_battle|sell_shop,money,
3873871110,6,399,299,799,vip,2,0.01,18469,survive_nights,dinosaurs,
3876150506,20,499,99,1699,speed|vip,16,0.033,60561,job_shift|race_drive,vehicles,update_tag
3882062045,,,,,,,,,,,
3887521769,,,,,,,,,escape_run|obby_climb|survive_nights,ice_fire,emoji|survive_x
3891658292,,,,,,,,,obby_climb,,emoji
3913007563,,,,,,12,0.289,2058,fight_battle,,
3916548970,,,,,,,,,,,
3918560032,,,,,,,,,clicker|grow_farm|tycoon_build,fantasy,emoji
3936365689,11,600,50,1500,speed|storage|vip,2,0.086,233,,fantasy,
3945578236,2,,,,multiplier,,,,obby_climb,,
3951147015,,,,,,,,,tycoon_build,,
3962631979,,,,,,,,,escape_run|fight_battle|obby_climb|sell_shop,food|giant,emoji
3983828495,,,,,,,,,,,
3989768869,,,,,,,,,survive_nights,,
3989869156,,,,,,,,,fight_battle,military,emoji
3990106548,12,199,199,899,multiplier,,,,,money,emoji|one_word
4007686136,,,,,,,,,,sports,
4018794732,,,,,,,,,,giant|space,
4019583467,,,,,,,,,roleplay_life|sell_shop|trade,money,emoji
4028801234,,,,,,,,,,horror,
4044579438,9,199,39,1499,cosmetic|speed,11,0.872,99780,,,emoji
4048852641,,,,,,,,,collect_index,,
4049246711,,,,,,2,0.0,52208,fight_battle,,
4053293514,3,214,129,299,,36,0.523,51464,survive_nights,,emoji
4071487712,,,,,,,,,roleplay_life,,
4075802159,,,,,,,,,obby_climb,giant,emoji
4079077350,,,,,,,,,tycoon_build,,tycoon
4082023366,,,,,,,,,obby_climb,,
4107809076,,,,,,,,,escape_run|obby_climb,,escape_x
4130569984,6,249,249,249,,,,,fight_battle,dinosaurs,
4139766490,,,,,,,,,fight_battle|obby_climb,,
4142544848,,,,,,,,,,,
4147392742,,,,,,,,,collect_index,animals,emoji
4150150482,,,,,,,,,fight_battle,,
4153755477,11,68,18,1800,storage,15,0.032,16984,,,emoji
4154513353,,,,,,,,,survive_nights,,emoji
4161745937,,,,,,,,,tycoon_build,,
4165164803,19,399,399,399,,14,0.011,128,,memes,emoji
4170977322,7,26,24,199,cosmetic|vip,8,0.846,172702,pet_care,,emoji
4181957649,6,399,99,599,storage|vip,,,,fight_battle,,
4187559009,,,,,,,,,,,simulator
4193032947,,,,,,,,,cook_serve|roleplay_life,animals|food,emoji
4197966812,,,,,,,,,job_shift|race_drive|roleplay_life,school,emoji
4201418016,,,,,,,,,,,emoji|update_tag
4221956550,,,,,,,,,,,
4228233498,,,,,,,,,dice_cards,,emoji
4234745929,,,,,,,,,,,
4252393983,,,,,,,,,,sports,
4260784961,,,,,,,,,fight_battle,,
4263371487,,,,,,,,,escape_run|fight_battle,dinosaurs|ocean,emoji|update_tag|x_vs_y
4263576532,45,329,99,779,storage,5,0.102,25449,steal_raid,money,emoji
4267277633,11,399,199,1399,speed,7,0.278,7423,escape_run|fight_battle|obby_climb,,escape_x
4275891591,,,,,,,,,,,
4282689669,,,,,,,,,fight_battle,,emoji
4283416256,,,,,,,,,shooter,,
4293374620,16,149,79,999,multiplier|vip,8,0.103,3255,,sports,
4330936850,,,,,,,,,clicker|job_shift,,x_vs_y
4342047058,34,50,25,150,,32,0.636,1897,survive_nights,zombies,
4343544885,,,,,,,,,race_drive|tycoon_build,money,emoji|tycoon
4346424098,,,,,,,,,,giant,
4348829796,2,399,399,399,vip,,,,fight_battle,,x_vs_y
4356309501,,,,,,,,,fight_battle,,
4362587875,5,142,99,680,vip,25,0.284,13844,,,
4362771421,,,,,,,,,,,
4365819446,5,99,99,199,speed|vip,14,0.747,49573,,,emoji|one_word
4367208330,,,,,,,,,,,one_word
4391829435,19,199,49,399,multiplier|vip,106,0.31,26446,survive_nights,,
4403361086,,,,,,,,,job_shift|race_drive,vehicles,emoji
4408288935,,,,,,,,,survive_nights,animals|ice_fire,
4419888429,,,,,,,,,roleplay_life,zombies,
4420562665,16,149,49,999,multiplier|vip,1,,97729,race_drive,disaster|vehicles,emoji|update_tag
4429851038,,,,,,,,,party_minigames,,
4430449940,,,,,,,,,fight_battle|obby_climb,,
4434528807,27,449,199,999,speed|vip,11,0.096,16607,,school,emoji
4444526080,,,,,,,,,fight_battle|shooter,,
4452297356,12,449,100,4000,cosmetic|storage,11,0.283,31830,,,emoji|one_word
4457060041,,,,,,,,,fight_battle|race_drive|roleplay_life,money|prison|vehicles,
4462613685,2,399,300,499,multiplier,10,0.111,16941,,horror|school,
4491246195,,,,,,,,,fight_battle,military,
4497460596,,,,,,,,,fight_battle|roleplay_life,,emoji
4507116437,,,,,,,,,,,emoji
4511892440,,,,,,,,,dress_style,,emoji
4512331818,,,,,,,,,,vehicles,
4518152312,,,,,,,,,escape_run|obby_climb,,escape_x
4518160318,13,400,10,650,auto|multiplier|speed|vip,20,0.186,46218,race_drive|tycoon_build,vehicles,emoji|tycoon
4523856444,4,99,99,159,cosmetic,13,0.054,95242,,,emoji
4524605690,,,,,,,,,obby_climb,,
4535642329,,,,,,,,,escape_run|survive_nights,horror,update_tag
4538598064,,,,,,,,,clicker|collect_index,sports,
4540138978,9,349,189,699,vip,14,0.85,1,roleplay_life,,emoji
4540494160,,,,,,,,,fight_battle|hatch_gacha,fantasy|superheroes,emoji
4543855070,,,,,,,,,tycoon_build,fantasy|military,emoji|tycoon
4552793904,,,,,,,,,obby_climb,,
4557322431,6,,,,,6,0.005,5715,survive_nights,,
4563062026,,,,,,,,,fight_battle,zombies,
4568630521,8,199,95,799,vip,21,0.47,7902,clicker|fight_battle,superheroes,emoji
4571439504,,,,,,,,,roleplay_life|survive_nights,prison,emoji
4576226059,,,,,,,,,,animals,
4579085368,,,,,,,,,cook_serve|tycoon_build,,emoji
4582358979,39,12,3,399,auto|luck|multiplier|skip|speed|storage|vip,18,0.497,8533,fishing|hatch_gacha,animals,simulator
4586990985,,,,,,,,,,,
4590309504,,,,,,,,,fight_battle,,
4592676978,4,149,39,199,multiplier,5,0.506,92778,merge,,
4595016786,10,599,399,11999,auto|multiplier|speed|storage|vip,1,,,cook_serve|dress_style|tycoon_build,fashion,tycoon
4599924264,,,,,,,,,obby_climb,,
4601145322,,,,,,,,,obby_climb,,
4642134795,,,,,,,,,obby_climb,,
4652005960,,,,,,,,,trade,,one_word
4654951132,,,,,,,,,,,
4658598196,12,424,79,4149,auto|skip|vip,14,0.749,1772,,giant,
4659996100,,,,,,,,,escape_run|tycoon_build,disaster,
4666164093,,,,,,,,,,,simulator|update_tag
4666414595,,,,,,,,,race_drive,vehicles,emoji
4669328522,,,,,,1,,12268,,animals,one_word
4669435504,,,,,,,,,fight_battle,,
4673599750,5,295,195,295,luck|speed|vip,22,0.135,28871,collect_index|fight_battle|shooter|tycoon_build,,emoji|x_vs_y
4674987887,,,,,,,,,obby_climb,giant,
4676287985,,,,,,,,,survive_nights,seasonal,
4679222104,,,,,,,,,fight_battle,,
4686994428,12,387,45,999,vip,2,0.002,42010,pet_care|race_drive|roleplay_life,vehicles,emoji
4689722433,13,399,70,2000,,24,0.855,37263,hatch_gacha,animals|seasonal|zombies,emoji
4712109542,,,,,,,,,survive_nights,ocean,
4712126054,,,,,,,,,fight_battle,,
4720386144,,,,,,,,,,horror,
4723764956,6,349,129,399,,,,,clicker,,emoji
4730278139,10,124,24,399,skip|speed|storage,1,,,dress_style|fight_battle|hit_swing,,emoji
4734880740,,,,,,,,,race_drive|roleplay_life,vehicles,emoji
4743794878,13,25,25,125,cosmetic|multiplier,1,,3368,,sports,
4750561026,7,400,400,1000,,3,0.069,,fight_battle,military,
4753878751,,,,,,,,,shooter,,
4772345874,2,148,98,199,,1,,10596,roleplay_life,school,emoji
4777817887,5,180,112,240,multiplier|skip|vip,3,0.135,5,clicker|fight_battle,sports,
4778845442,11,249,79,699,luck|multiplier|storage|vip,41,0.67,1642,break_mine|obby_climb|tower_defense,,
4785126950,,,,,,,,,,,emoji
4785982047,,,,,,,,,roleplay_life,,emoji|one_word
4793836769,8,150,75,200,vip,4,0.059,12630,race_drive,money|vehicles,emoji|update_tag
4795326392,,,,,,,,,collect_index|race_drive,animals|fantasy,update_tag
4807308814,4,249,199,1299,,27,0.882,13292,break_mine|tycoon_build,nature,
4835576249,,,,,,,,,obby_climb,,
4836254499,24,79,2,399,cosmetic,69,0.32,9114,shooter,,emoji
4839802560,1,,,,speed,2,0.427,1,pet_care|roleplay_life,,emoji
4850044287,4,80,50,189,multiplier|speed,5,0.006,78229,party_minigames,,
4851783408,,,,,,,,,,sports,emoji
4858558391,,,,,,,,,escape_run,vehicles,
4862269388,,,,,,,,,,space,one_word
4864117649,6,274,75,500,multiplier,32,0.439,21291,obby_climb,,
4871329703,,,,,,,,,survive_nights,horror|ice_fire,
4883092215,,,,,,,,,clicker,,emoji
4885171702,,,,,,,,,obby_climb,school,
4901806610,,,,,,,,,,,
4908792642,,,,,,,,,obby_climb,vehicles,emoji
4924789901,10,449,100,4000,storage,1,,15244,,,emoji
4925010421,,,,,,,,,,horror|space,
4925331346,12,199,49,1995,auto|multiplier|vip,10,0.213,51323,hatch_gacha|race_drive|roleplay_life|tycoon_build,giant|vehicles,emoji|tycoon
4931927012,103,449,99,3399,cosmetic|multiplier,8,0.261,21627,,sports,emoji
4931991343,,,,,,,,,escape_run|survive_nights,,emoji|escape_x
4938220315,,,,,,,,,,,
4943874686,,,,,,,,,dress_style,,update_tag
4944984948,12,34,3,99,speed|vip,3,0.154,181924,obby_climb,school,
4948814458,,,,,,,,,fight_battle|shooter,,one_word
4949420752,13,95,15,499,cosmetic|vip,1,,97332,,sports,
4956911744,,,,,,,,,obby_climb,,
4960950398,,,,,,,,,collect_index|fishing|sell_shop,ice_fire|space,emoji|simulator
4983034985,60,299,79,1500,cosmetic|multiplier|speed|storage,5,0.163,3780,tycoon_build,military,emoji
4987467534,,,,,,,,,job_shift,,
4987856151,,,,,,,,,roleplay_life,money,emoji
4990998060,,,,,,,,,hit_swing|obby_climb,,
4991126644,36,825,600,1000,,,,,,,one_word
4991821731,22,274,149,1499,storage,95,0.87,38819,dice_cards|fight_battle,school,
4996628751,,,,,,,,,,food|seasonal,
4998493959,14,299,49,999,multiplier|speed,3,0.169,172695,escape_run|obby_climb|roleplay_life,,emoji
4998613478,,,,,,,,,race_drive|tycoon_build,money|vehicles,emoji|tycoon
5012222382,,,,,,,,,shooter,,
5026122481,5,179,79,199,multiplier|vip,8,0.483,80878,,money,
5026970880,60,399,99,2000,cosmetic|multiplier|vip,30,0.604,15414,obby_climb,,emoji
5027504417,,,,,,,,,,,
5031482529,,,,,,,,,obby_climb,,
5039839070,1,,,,,5,0.194,5371,,,
5049569843,,,,,,,,,obby_climb|tower_defense,giant,
5056259915,,,,,,,,,,,emoji
5074882778,,,,,,,,,grow_farm|job_shift,,
5080118977,,,,,,,,,fight_battle,ocean,
5091490171,20,599,67,2499,cosmetic|multiplier,8,0.894,682,fight_battle,,emoji
5092535555,,,,,,,,,,,
5096440156,,,,,,,,,sell_shop,horror,emoji
5108158764,,,,,,,,,survive_nights,horror,
5111507958,,,,,,,,,escape_run|survive_nights,disaster|ice_fire|ocean,emoji
5112244393,11,199,99,999,skip|storage|vip,26,0.416,22961,clicker|fight_battle,,
5114328099,,,,,,,,,escape_run|obby_climb|race_drive|survive_nights,disaster|ice_fire,emoji
5117983607,9,140,10,450,multiplier,28,0.764,1846,,,update_tag
5148099079,,,,,,,,,obby_climb|race_drive,seasonal|vehicles,update_tag
5153268250,,,,,,,,,,toys,emoji
5157735000,,,,,,,,,job_shift|roleplay_life,,emoji|simulator
5166944221,15,199,99,1299,auto|cosmetic|skip|speed|vip,1,,,fight_battle|rng_roll,sports,
5170731021,,,,,,,,,fight_battle|race_drive,anime|ice_fire|money,
5174979552,,,,,,,,,roleplay_life,space,emoji|simulator
5195168716,,,,,,,,,,horror,
5195680485,,,,,,,,,,,one_word
5200655965,,,,,,,,,break_mine|clicker,,
5203828273,15,299,129,799,multiplier|speed|vip,4,0.438,254966,dress_style,,
5206433511,,,,,,,,,,,
5207621753,,,,,,,,,fight_battle|hatch_gacha|obby_climb|steal_raid|tower_defense|tycoon_build,brainrot|giant,
5208051158,,,,,,,,,,robots,
5216419122,,,,,,,,,survive_nights,,one_word
5233689103,,,,,,,,,dress_style|grow_farm|job_shift|race_drive|roleplay_life,,emoji
5239362765,6,136,117,156,multiplier|speed,1,,10894,party_minigames,,
5244979723,5,324,149,749,multiplier|storage,20,0.354,6703,,sports,emoji
5247232141,,,,,,,,,,horror,emoji
5252919404,,,,,,,,,obby_climb|tower_defense,,emoji
5254920366,,,,,,30,0.08,68715,roleplay_life|survive_nights,,
5259044414,,,,,,,,,,,emoji|update_tag
5265857965,10,149,99,399,storage|vip,,,,fight_battle,,
5265950669,15,250,25,499,vip,16,0.384,25143,roleplay_life,,update_tag
5269058522,,,,,,,,,,,
5270259419,,,,,,,,,,,
5272606478,11,274,99,399,multiplier|vip,9,0.274,46699,race_drive,vehicles,emoji|update_tag
5283219861,14,10,3,50,vip,29,0.823,154211,survive_nights,horror,
5295169598,,,,,,,,,race_drive|tycoon_build,money,emoji|tycoon
5295289103,,,,,,,,,,sports,simulator
5315312115,,,,,,,,,roleplay_life,,
5326310507,,,,,,,,,dress_style,fashion,emoji
5329077236,,,,,,,,,obby_climb|tower_defense,brainrot,update_tag
5329644515,,,,,,,,,race_drive|roleplay_life|tycoon_build,,emoji|tycoon
5345619122,,,,,,,,,party_minigames,school,emoji
5351168809,6,60,50,75,,8,0.248,75102,roleplay_life,,emoji
5351931175,,,,,,,,,,,
5359468080,,,,,,,,,dress_style,fashion,emoji
5361032378,17,100,40,499,vip,86,0.491,5251,break_mine|fight_battle|forge_craft|hatch_gacha|job_shift|rng_roll,,
5365966699,1,,,,,1,,7621,,,emoji
5367389312,3,499,199,699,multiplier,20,0.609,34385,fight_battle,music,emoji
5369242581,,,,,,,,,fight_battle|shooter,animals|military,
5371127625,,,,,,,,,obby_climb|tower_defense,,
5371687033,,,,,,,,,job_shift|shooter,ice_fire,
5379950946,,,,,,,,,,sports,emoji
5385674359,1,100,100,100,,9,0.001,1,clicker,music,emoji
5386253062,,,,,,,,,,music,
5407131262,,,,,,,,,,,
5421899973,,,,,,,,,fight_battle,,
5422546686,,,,,,9,0.999,,roleplay_life|tycoon_build,animals|space,emoji
5432177771,,,,,,,,,,,
5451143054,10,225,100,599,speed|vip,11,0.13,39140,dress_style,money,emoji
5455619189,,,,,,,,,tycoon_build,zombies,x_vs_y
5456952508,7,101,80,400,vip,13,0.413,7544,roleplay_life,prison,
5479285260,,,,,,,,,roleplay_life|survive_nights,,emoji|survive_x
5484165112,,,,,,,,,dress_style|roleplay_life,,emoji
5488708927,,,,,,,,,,,
5492723512,,,,,,,,,dice_cards,memes,emoji
5493012775,,,,,,,,,grow_farm,giant,
5508238359,8,200,15,1000,auto|multiplier|speed|vip,23,0.601,35975,,,
5518683179,,,,,,,,,fight_battle,money,
5544551093,,,,,,,,,survive_nights,horror,
5549835355,,,,,,,,,race_drive|tycoon_build,giant,emoji|tycoon
5550530788,,,,,,,,,,,
5568657754,,,,,,,,,clicker|shooter|survive_nights,,
5569032992,14,199,100,200,cosmetic,55,1.0,132069,collect_index,seasonal,emoji
5576890130,,,,,,,,,obby_climb|race_drive,,update_tag
5576955991,,,,,,,,,paint_create,ocean,emoji|simulator
5578556129,10,599,149,1299,storage|vip,9,0.449,1282,fight_battle|hatch_gacha,anime,
5580972377,6,299,129,399,multiplier|storage|vip,2,0.0,85487,fight_battle|shooter|trade,money,emoji
5595353122,6,500,120,900,storage,,,,fight_battle,,
5596056495,,,,,,,,,,,
5599532653,,,,,,,,,,military,
5620182793,,,,,,,,,obby_climb|race_drive,seasonal,emoji
5620725145,,,,,,,,,,,
5625220213,,,,,,,,,fight_battle,sports,emoji
5633615594,,,,,,,,,,,emoji
5650396773,37,499,99,699,cosmetic|multiplier|speed|storage,104,0.245,148425,fight_battle|job_shift|race_drive|shooter|survive_nights,,emoji
5655148138,,,,,,,,,roleplay_life,,
5665943560,11,349,79,799,multiplier|speed,1,,85452,escape_run|survive_nights,ice_fire,emoji
5665954430,,,,,,,,,dice_cards,,emoji
5666473198,,,,,,,,,,space|sports,emoji
5668114043,,,,,,,,,cook_serve|survive_nights,horror,
5668874170,,,,,,,,,,anime,x_vs_y
5677613211,3,349,199,499,,2,0.098,49902,,,
5678284602,,,,,,,,,,,emoji
5678463488,,,,,,,,,break_mine|escape_run|grow_farm|obby_climb|shooter|survive_nights|tower_defense|tycoon_build,animals|ice_fire,emoji
5678594929,,,,,,,,,race_drive|roleplay_life,,
5679753654,,,,,,,,,fight_battle|survive_nights,,emoji
5683563195,,,,,,,,,race_drive,vehicles,emoji
5688684783,14,224,49,899,cosmetic|multiplier|speed,17,0.827,83046,obby_climb|rng_roll|survive_nights,anime|fantasy|giant|memes,
5693963765,,,,,,,,,,,
5698013839,,,,,,,,,,ocean,
5720553711,13,299,29,1099,speed|vip,3,0.842,,race_drive|roleplay_life,vehicles,emoji
5728147388,,,,,,,,,hatch_gacha|hit_swing|obby_climb,,
5731967654,,,,,,,,,,,
5747152246,,,,,,,,,party_minigames|roleplay_life,fantasy,
5750914919,11,239,99,499,luck|multiplier,62,0.513,36459,collect_index|fishing,,emoji
5753515186,,,,,,,,,fight_battle|shooter,military,
5782268341,,,,,,,,,job_shift,,
5795519964,12,275,180,480,skip|speed,16,0.565,22792,escape_run|fight_battle,,escape_x
5803199989,,,,,,,,,,horror,
5805053299,,,,,,,,,clicker|hit_swing,money,
5806843156,,,,,,,,,,,
5807622548,17,250,250,1000,,7,0.238,71452,,,
5812546130,,,,,,,,,job_shift|race_drive|roleplay_life,ocean|vehicles,update_tag
5822068820,7,299,80,499,,2,0.001,775,,music,
5827120940,,,,,,,,,collect_index|fight_battle|obby_climb|rng_roll,animals|fantasy,
5829613337,6,399,99,450,multiplier|vip,58,0.801,5777,survive_nights,disaster,
5830262966,,,,,,,,,obby_climb,money,
5835368537,,,,,,,,,,,be_a
5844427042,19,245,5,1459,,17,0.598,21031,shooter,,emoji
5845755850,,,,,,,,,escape_run|survive_nights|tycoon_build,disaster,emoji
5851294352,,,,,,,,,,,
5866227438,,,,,,,,,tycoon_build,,
5866486371,,,,,,,,,,,
5867087288,,,,,,,,,tycoon_build,brainrot,tycoon
5877971206,,,,,,,,,survive_nights,,
5887211857,20,45,4,500,vip,,,,pet_care|race_drive|roleplay_life,,emoji
5902539844,,,,,,,,,shooter,space,
5903289376,,,,,,,,,,,emoji
5905501282,,,,,,,,,quiz_guess,,emoji|one_word
5910910774,,,,,,,,,fight_battle|shooter|tycoon_build,military|money,tycoon
5927446137,,,,,,,,,,horror,
5939817752,,,,,,,,,,fantasy,
5944821008,14,399,125,599,,9,0.074,105957,race_drive|roleplay_life,,emoji|simulator
5972059550,25,487,30,1499,auto|luck|multiplier|skip|storage|vip,54,0.264,21488,,,emoji|update_tag
5974510967,,,,,,,,,,,
5974860429,,,,,,,,,fight_battle,memes,
5995470825,24,219,49,975,cosmetic|luck|vip,2,0.065,743112,obby_climb|shooter,,emoji|one_word
6010232141,16,340,124,750,multiplier|speed|storage|vip,3,0.211,11355,hit_swing|obby_climb,,
6011188518,,,,,,,,,survive_nights,horror|seasonal,emoji
6015491985,,,,,,7,0.929,114823,obby_climb|race_drive,,
6017624138,26,120,25,825,multiplier|speed,5,0.128,6553,fishing,,
6019027471,12,299,80,299,,4,0.443,111206,race_drive,vehicles,
6026405541,,,,,,,,,escape_run|tycoon_build,music,emoji
6030909708,,,,,,,,,obby_climb,food,emoji
6035872082,9,749,59,1425,,2,0.0,402275,fight_battle|shooter,,one_word
6048923315,,,,,,,,,,,emoji
6049736902,1,,,,,,,,race_drive,,
6061766680,13,174,99,899,luck|multiplier|vip,,,,fight_battle,school,
6069634717,3,199,99,299,luck|multiplier,,,,fight_battle|obby_climb|tower_defense,anime,
6071712615,,,,,,,,,job_shift|survive_nights,horror,
6072944764,,,,,,,,,roleplay_life,,emoji
6083162964,,,,,,,,,,disaster,one_word
6097519616,,,,,,,,,,anime,
6100103590,,,,,,,,,,zombies,
6113928308,,,,,,,,,escape_run,,emoji
6118645803,,,,,,,,,fight_battle|roleplay_life|survive_nights,horror,emoji
6119928106,,,,,,,,,,,
6128091457,12,224,79,1150,multiplier|speed,1,,163622,,money,
6136243726,6,324,199,449,,1,,101108,,food,emoji
6149186864,,,,,,,,,,,emoji|verb_for_noun
6153964325,,,,,,,,,obby_climb|rng_roll,,
6154386310,8,200,150,250,,12,0.33,4087,fight_battle,,
6155282395,,,,,,,,,party_minigames,,emoji
6161049307,3,399,99,799,speed|vip,30,0.49,13565,clicker|collect_index,,
6163740913,,,,,,,,,roleplay_life,giant,be_a|emoji
6163884815,12,59,29,119,speed,7,0.748,137032,escape_run|obby_climb,,
6164853651,19,200,50,500,cosmetic|multiplier|vip,1,,19,roleplay_life,,
6170013953,,,,,,,,,,,simulator
6170143659,3,499,399,599,multiplier|vip,14,0.508,29667,,,emoji|update_tag
6174407103,,,,,,,,,fight_battle|hatch_gacha,giant,emoji|simulator
6174994284,24,399,89,999,speed,17,0.219,14396,roleplay_life,animals,
6176333237,,,,,,1,,,fight_battle,,
6190071862,,,,,,6,0.245,195,,military,
6190248755,,,,,,,,,,,
6190384723,,,,,,,,,fight_battle,,emoji
6193765296,,,,,,,,,tycoon_build,memes,tycoon
6215464786,,,,,,,,,obby_climb,,
6215986499,,,,,,,,,fight_battle|forge_craft|grow_farm,food,
6216142007,,,,,,,,,survive_nights,ice_fire,x_vs_y
6217832823,,,,,,,,,fight_battle|hatch_gacha,,simulator
6231868526,,,,,,,,,,,
6238541028,,,,,,,,,obby_climb,,
6268803418,,,,,,,,,obby_climb,stone_rocks,emoji
6272727021,7,300,200,1000,multiplier|vip,,,,tower_defense,,emoji|update_tag
6275120808,9,125,99,499,storage|vip,2,0.048,,obby_climb,,update_tag
6280758286,,,,,,,,,roleplay_life,,
6283720248,,,,,,,,,dress_style,,
6289989379,,,,,,,,,obby_climb,,
6317476162,,,,,,,,,,animals,emoji
6318887244,,,,,,,,,,space,
6324644175,36,299,25,6000,cosmetic|multiplier|vip,20,0.313,100953,,,
6325068386,14,149,99,499,skip|storage|vip,,,,,anime,emoji
6329693946,,,,,,,,,break_mine|forge_craft|tycoon_build,stone_rocks,tycoon
6331902150,11,299,175,599,cosmetic|multiplier,1,,34743,survive_nights,,one_word
6332376065,12,264,39,999,cosmetic|skip|vip,1,,49956,roleplay_life,school,emoji
6332490386,,,,,,,,,,,
6336741296,6,400,80,800,multiplier|vip,5,0.013,53396,fight_battle,ice_fire,
6353751159,7,400,200,1000,vip,1,,47970,roleplay_life,animals,emoji
6355251723,,,,,,,,,,,emoji|one_word
6369934270,7,174,49,299,multiplier|vip,13,1.0,116970,hatch_gacha|survive_nights,superheroes,emoji
6371309794,5,89,29,299,multiplier,21,0.41,55405,,anime,emoji|update_tag
6375110339,4,449,349,699,luck|multiplier,32,0.816,388,tower_defense,,
6385532960,17,275,150,1000,auto|speed|storage,,,,,,
6389489439,,,,,,,,,obby_climb,fantasy|giant,
6395392848,2,90,60,120,,,,,fight_battle,sports,
6413074235,,,,,,,,,race_drive,,
6417564879,20,149,149,499,multiplier|storage,17,0.213,122742,,,
6418247233,,,,,,,,,cook_serve|race_drive|roleplay_life,,emoji
6420180292,,,,,,,,,,ocean,emoji|update_tag
6421358579,,,,,,,,,paint_create,giant,emoji
6421821251,,,,,,,,,fight_battle,food,emoji
6431828693,,,,,,,,,roleplay_life,money,emoji
6443367640,56,399,19,6999,cosmetic|luck|multiplier|speed|storage|vip,20,0.155,186566,collect_index|hatch_gacha|plus_one_stat|rng_roll,vehicles,emoji|simulator
6451948378,,,,,,,,,,,emoji
6453200442,,,,,,,,,obby_climb,,
6466404775,5,240,120,360,luck|multiplier|speed,7,0.238,12286,rng_roll,,emoji
6466802953,9,174,99,199,multiplier|vip,3,0.323,6132,,,emoji
6467516221,,,,,,,,,job_shift|race_drive,vehicles,
6487579144,,,,,,,,,,,
6491900489,,,,,,,,,hatch_gacha|obby_climb,eggs,
6495484417,,,,,,,,,,,emoji
6500439907,,,,,,,,,clicker|fight_battle,,
6500938341,,,,,,,,,,,emoji
6504986360,15,289,99,799,auto|luck|multiplier|speed|storage|vip,19,0.565,8086,fishing|hatch_gacha,animals,emoji|simulator|update_tag
6505338302,57,449,99,3399,cosmetic|multiplier,2,0.02,28533,,sports,emoji
6508759464,,,,,,188,0.765,8758,rng_roll,food,
6521100398,16,300,25,1249,vip,1,,271884,race_drive|roleplay_life,prison|vehicles,emoji
6530766336,12,275,180,450,skip|speed,15,0.633,17547,escape_run|fight_battle,,escape_x
6535370051,,,,,,,,,,money,
6568417585,11,137,25,250,,131,0.721,51476,dress_style|grow_farm|job_shift|sell_shop,horror,update_tag
6579282112,6,799,400,1499,storage|vip,,,,fight_battle,,emoji
6583326485,7,399,99,499,multiplier|vip,1,,,fight_battle|shooter,military|money,
6593476325,41,116,15,299,vip,19,0.517,19562,clicker,,
6594435384,,,,,,,,,fight_battle|obby_climb|tower_defense,superheroes,emoji
6596627293,,,,,,,,,race_drive|roleplay_life|tycoon_build,vehicles,
6599600818,,,,,,,,,,,emoji
6601115643,2,199,199,199,,69,0.516,60592,fight_battle,prison,
6619936488,8,374,119,799,,33,0.431,1976,hit_swing|race_drive|roleplay_life|steal_raid,vehicles,
6621384161,,,,,,,,,tycoon_build,,
6628327758,,,,,,,,,obby_climb,memes,emoji
6635513269,5,199,79,499,,18,0.611,148679,,horror,
6638489184,,,,,,,,,survive_nights|tycoon_build,money,
6646518350,,,,,,,,,fight_battle|survive_nights,school,
6649845578,,,,,,,,,,,
6651302260,8,199,70,399,multiplier|vip,13,0.72,62496,break_mine|clicker|hit_swing,,
6651491108,,,,,,,,,,,emoji
6657933195,,,,,,,,,,,simulator
6676099788,,,,,,,,,fight_battle,superheroes,update_tag
6676452674,,,,,,,,,obby_climb|roleplay_life,,
6682487255,9,524,399,799,speed|vip,1,,3,dice_cards|fight_battle|rng_roll,anime,emoji
6683166603,,,,,,,,,clicker|plus_one_stat,,emoji|plus_one
6688157118,14,39,9,199,auto|multiplier|speed|vip,8,0.252,89780,,,emoji
6690355795,,,,,,,,,,,emoji
6701277882,24,357,50,999,luck|multiplier|vip,20,0.627,23415,clicker|fight_battle|fishing|hatch_gacha|obby_climb,,emoji|update_tag
6707924214,,,,,,,,,race_drive,animals,emoji|update_tag
6710993025,,,,,,,,,forge_craft,brainrot,x_vs_y
6714256816,,,,,,,,,,,
6725604380,,,,,,,,,paint_create,,
6726637224,57,650,100,4199,multiplier|storage,13,0.033,17355,race_drive|roleplay_life,vehicles,emoji
6736482454,,,,,,,,,fight_battle,,emoji|update_tag
6738135827,,,,,,,,,clicker|fight_battle,superheroes,
6739698191,2,499,199,799,multiplier,1,,1976,escape_run,,
6745933496,,,,,,,,,,,
6749060816,17,177,49,1080,vip,24,0.71,22337,roleplay_life,,emoji
6751400610,,,,,,,,,paint_create,,emoji
6751447237,6,399,199,999,multiplier|vip,6,0.974,67467,race_drive,vehicles,emoji
6755261897,,,,,,,,,break_mine|obby_climb,,
6759889410,,,,,,,,,roleplay_life,,emoji
6760085372,15,399,149,1999,auto|luck|speed,8,0.851,20798,fight_battle,anime,emoji
6760897304,,,,,,,,,collect_index|hatch_gacha|steal_raid,eggs,emoji|steal_a
6764180126,,,,,,,,,collect_index|fishing,,emoji|update_tag
6765805766,,,,,,,,,roleplay_life,,emoji
6770632849,,,,,,,,,clicker|fight_battle,,emoji
6772885092,,,,,,,,,obby_climb,,
6774320049,6,199,49,549,speed|vip,7,0.999,13042,roleplay_life|tycoon_build,,emoji
6777528662,,,,,,,,,race_drive,,emoji
6786784563,,,,,,,,,race_drive,vehicles,emoji|update_tag
6787216875,,,,,,,,,,,
6787644864,,,,,,,,,grow_farm,ice_fire,
6795084137,,,,,,,,,hit_swing|obby_climb,memes,
6797677834,,,,,,,,,obby_climb,,
6805295218,,,,,,,,,escape_run|survive_nights,,
6818915584,11,49,19,149,multiplier|speed,4,0.242,91566,survive_nights,,emoji
6845400164,,,,,,,,,dress_style,,emoji
6858584271,114,875,75,1299,multiplier|storage,3,0.216,1707,job_shift|race_drive|roleplay_life,vehicles,emoji
6859793761,,,,,,,,,job_shift,,emoji|simulator
6860207008,,,,,,,,,obby_climb,,
6925303818,21,149,79,499,auto|skip|storage|vip,,,,dice_cards|dress_style,anime|space|sports,one_word
6925369391,,,,,,,,,collect_index,animals,
6931042565,23,150,49,399,multiplier|storage|vip,1,,211930,clicker|cook_serve|dress_style,sports,update_tag
6935083490,,,,,,,,,collect_index|fishing|grow_farm,,
6937137675,8,449,99,1099,speed,,,,race_drive|roleplay_life,vehicles,emoji
6940206974,,,,,,,,,race_drive|roleplay_life|tycoon_build,vehicles,emoji
6945584306,12,150,49,550,storage|vip,,,,,sports,emoji
6949043989,,,,,,,,,,,one_word
6961334611,,,,,,,,,race_drive|roleplay_life|tycoon_build,giant|vehicles,emoji|tycoon
6964415405,,,,,,,,,shooter,,
6983536246,,,,,,,,,,,emoji
6996253752,,,,,,,,,roleplay_life,,emoji
7000924848,,,,,,,,,,,
7005891584,10,199,99,399,luck|multiplier|speed|storage|vip,23,0.846,57803,clicker|hatch_gacha|plus_one_stat,,emoji
7008097940,8,499,199,799,cosmetic|multiplier|vip,14,0.731,54509,,,emoji
7009714292,,,,,,,,,tycoon_build,zombies,
7015341259,5,299,299,299,,1,,,,sports,emoji|one_word
7018190066,4,148,95,175,storage,21,0.642,24328,,zombies,
7023305701,,,,,,,,,obby_climb,,emoji
7028566528,15,149,49,399,skip|storage|vip,8,0.461,25882,clicker,sports,emoji
7030416430,,,,,,,,,,,update_tag
7037673488,,,,,,,,,collect_index|rng_roll,,
7037902226,,,,,,,,,paint_create,,
7058980030,7,420,95,595,storage,22,0.509,122399,escape_run|sell_shop|survive_nights,giant,survive_x
7069852763,,,,,,,,,race_drive,vehicles,simulator
7071645746,,,,,,,,,,fantasy,emoji
7072674902,,,,,,,,,grow_farm,,
7073604286,,,,,,,,,obby_climb,animals,emoji
7074860883,,,,,,,,,fight_battle,,emoji
7076793942,,,,,,,,,shooter|steal_raid,anime|sports,
7079152534,,,,,,,,,,seasonal,emoji
7081611770,20,149,79,499,cosmetic,4,0.826,48428,obby_climb|rng_roll,sports,emoji
7082244450,,,,,,,,,break_mine,horror|school,update_tag
7082423811,23,149,1,749,auto|multiplier|vip,,,,tycoon_build,ocean,emoji|tycoon
7089588429,11,79,29,499,multiplier|storage,38,0.816,18026,dress_style|job_shift|race_drive|roleplay_life,,simulator|update_tag
7091388561,,,,,,,,,,,
7094518649,9,349,249,1499,auto|luck|multiplier,37,0.12,35655,cook_serve|tycoon_build,,tycoon
7101140819,,,,,,,,,break_mine|grow_farm,,
7108384194,12,187,79,379,luck|multiplier|vip,,,,fight_battle|shooter,,x_vs_y
7113705633,,,,,,,,,dress_style|roleplay_life|survive_nights,fashion,emoji
7114667385,,,,,,,,,roleplay_life,animals,emoji
7115773109,14,350,149,999,auto|multiplier|vip,12,0.823,36227,shooter,,
7120911607,,,,,,,,,,,
7126976930,,,,,,,,,obby_climb,food,update_tag
7127084123,11,124,49,999,multiplier|speed|vip,11,0.229,44497,paint_create|race_drive|roleplay_life|tycoon_build,vehicles,emoji|tycoon
7128163167,,,,,,,,,,,
7128251171,,,,,,,,,collect_index|trade,sports,
7139435866,,,,,,,,,,ice_fire,emoji
7139547730,,,,,,,,,roleplay_life,,emoji|update_tag
7143545906,12,239,79,749,speed,10,0.299,56288,shooter,brainrot,
7144947546,,,,,,,,,,,
7155018773,5,,,,multiplier|vip,1,,,fight_battle,,
7178032757,20,399,79,799,auto|luck|multiplier|speed|vip,5,1.0,2826,clicker|hatch_gacha,,emoji
7194739190,5,149,79,349,multiplier,,,,obby_climb,,
7208219743,4,349,99,499,,1,,24190,survive_nights,,
7212930772,,,,,,,,,fight_battle,vehicles,
7219654364,8,169,99,225,multiplier|vip,1,,153792,fight_battle,,emoji|x_vs_y
7221312013,,,,,,,,,survive_nights,,update_tag
7229780065,,,,,,,,,,horror,one_word
7232697205,,,,,,,,,survive_nights,,
7243236309,,,,,,,,,,,
7247232515,,,,,,,,,roleplay_life,,update_tag
7258574494,,,,,,,,,race_drive|roleplay_life,,emoji
7261493599,,,,,,,,,break_mine,,
7264587281,2,,,,,24,0.376,23490,fight_battle|shooter,,
7265339759,,,,,,,,,shooter,music,emoji
7265977477,10,199,99,399,luck|multiplier|storage|vip,23,0.878,128490,clicker|obby_climb|plus_one_stat,,emoji
7266261686,,,,,,,,,,,emoji
7267853694,,,,,,,,,tycoon_build,money|ocean,emoji
7274244096,24,199,99,699,skip,14,0.482,22608,roleplay_life|tycoon_build,,
7283491781,7,149,99,249,multiplier|vip,2,0.003,27674,survive_nights,,emoji
7284582661,,,,,,,,,,,
7289427971,,,,,,,,,,,emoji
7290225649,,,,,,,,,roleplay_life,,emoji
7294208165,,,,,,,,,survive_nights,,
7307246329,,,,,,,,,,,
7317454210,,,,,,,,,fight_battle|obby_climb|race_drive,,emoji
7325821778,,,,,,,,,clicker,,one_word
7326934954,4,199,199,199,,57,0.768,431575,survive_nights,nature,emoji|survive_x
7332711118,9,244,105,799,auto|multiplier|storage|vip,17,0.531,13017,collect_index|hatch_gacha,animals|brainrot|memes,
7339682753,,,,,,,,,roleplay_life,horror,emoji|update_tag
7344582593,2,399,199,599,multiplier,7,0.36,7327,,,
7346697338,,,,,,,,,,,
7350402084,,,,,,,,,paint_create|tycoon_build,,emoji
7356195012,,,,,,,,,,,emoji
7359962123,,,,,,,,,,,
7364297396,,,,,,6,0.137,67060,obby_climb,,emoji
7372152033,,,,,,,,,hit_swing,sports,emoji
7373459570,,,,,,,,,fight_battle,,emoji
7373989866,,,,,,,,,fight_battle|tower_defense,military|vehicles|zombies,emoji
7374930268,,,,,,,,,dress_style,,emoji
7378605382,,,,,,,,,fight_battle,,
7381952833,,,,,,,,,cook_serve,,
7383133134,,,,,,,,,steal_raid,,emoji
7391615616,,,,,,,,,tycoon_build,space|stone_rocks,emoji|tycoon
7395930870,3,,,,multiplier|storage|vip,37,0.892,105540,sell_shop,,emoji
7396511690,,,,,,,,,,prison,x_vs_y
7398552394,5,50,15,150,,5,0.148,60700,paint_create|race_drive|survive_nights,vehicles,
7407722254,,,,,,,,,,,
7411615879,,,,,,,,,dress_style|roleplay_life,,emoji
7414497778,,,,,,,,,fight_battle,military,
7428819247,,,,,,,,,fight_battle|job_shift|race_drive|shooter,vehicles,update_tag
7429689898,,,,,,,,,obby_climb,,
7434179990,10,249,59,789,vip,1,,83984,survive_nights|tycoon_build,,emoji
7436755782,1,,,,,22,1.0,71760,grow_farm,,emoji|grow_a
7447878628,,,,,,,,,,,emoji
7448595637,,,,,,,,,,,one_word
7450124099,,,,,,,,,job_shift|roleplay_life,anime,
7450497506,6,324,199,449,multiplier|speed|storage|vip,21,0.586,72033,hatch_gacha,fantasy|vehicles,
7453941040,8,99,15,300,storage,5,0.596,29558,survive_nights|tycoon_build,horror,
7458874788,,,,,,,,,fight_battle|forge_craft|survive_nights,,emoji
7462622504,,,,,,,,,race_drive,vehicles,
7468338447,,,,,,,,,break_mine|hatch_gacha,,emoji
7474367816,25,199,49,1499,auto|luck|multiplier|speed|vip,9,0.825,225,hatch_gacha|obby_climb,,
7483856345,,,,,,,,,,,
7488668004,2,169,40,299,,6,0.872,14286,,,emoji
7497471789,5,539,199,1199,,53,0.665,5478,,,emoji
7497802350,,,,,,,,,quiz_guess,memes,emoji
7498824809,,,,,,,,,,,
7498898979,,,,,,44,0.95,30937,cook_serve|job_shift|tycoon_build,,emoji|one_word
7510907928,,,,,,,,,survive_nights|tycoon_build,,
7518216173,,,,,,,,,,anime,
7521520342,,,,,,,,,survive_nights,,emoji
7528417535,4,199,159,299,,,,,,money,emoji|one_word
7534782259,,,,,,,,,,,emoji|one_word
7541395924,,,,,,,,,grow_farm|tycoon_build,ocean,build_a|emoji
7546135071,,,,,,,,,obby_climb,,
7546582051,,,,,,,,,fight_battle|forge_craft|rng_roll,fantasy|superheroes,emoji
7554119808,4,,,,,8,0.007,127566,sell_shop,,emoji
7557272025,,,,,,,,,,,one_word
7561154969,,,,,,,,,,,
7569509385,,,,,,,,,sell_shop|survive_nights,horror,
7577791613,,,,,,,,,survive_nights,horror,
7585140258,26,375,99,1875,,13,0.283,218797,,prison,
7592844193,,,,,,,,,quiz_guess,music,emoji
7599404611,,,,,,,,,fight_battle,,
7613921865,10,399,399,999,vip,3,0.563,11,,anime,emoji
7613970129,,,,,,,,,tycoon_build,money,tycoon
7623259179,5,275,100,450,vip,12,0.063,2787,,,
7628118889,12,150,20,429,multiplier|storage|vip,16,0.662,24008,paint_create,,emoji
7629331599,4,575,299,599,luck|multiplier|storage,8,0.499,65475,,money|stone_rocks,emoji|one_word
7633926880,12,274,79,799,multiplier|vip,2,0.009,,fight_battle|shooter,,update_tag
7637748042,,,,,,,,,grow_farm,,emoji
7641240255,,,,,,,,,survive_nights,brainrot|horror,
7646154613,5,74,39,149,vip,2,0.747,63937,survive_nights,superheroes,
7651243549,,,,,,,,,clicker|plus_one_stat,brainrot,emoji
7658304545,,,,,,,,,fight_battle,money,
7658676858,,,,,,,,,obby_climb,,
7661378108,,,,,,,,,,,emoji|update_tag
7661385356,,,,,,,,,tycoon_build,food|money,build_a
7662333120,,,,,,,,,race_drive,seasonal,emoji
7663926977,,,,,,,,,,,
7665084235,,,,,,,,,fight_battle|tycoon_build,military,emoji|tycoon
7671049560,15,337,175,549,multiplier|speed|storage,31,0.927,6502,break_mine|fight_battle|forge_craft|job_shift|sell_shop,stone_rocks,
7673659635,7,219,149,399,speed|storage|vip,,,,paint_create|race_drive|sell_shop,vehicles,
7677035096,,,,,,,,,,,emoji
7685678300,7,399,100,400,cosmetic|multiplier|speed|storage,14,0.466,13347,tycoon_build,military,
7687524641,,,,,,,,,,,emoji
7703544118,,,,,,,,,rng_roll,,emoji
7703614594,19,369,45,999,auto|luck|multiplier|speed|storage|vip,45,0.999,10269,collect_index|grow_farm|hatch_gacha|obby_climb|rng_roll|survive_nights|tower_defense|tycoon_build,,emoji
7706951053,,,,,,,,,,,
7707504980,,,,,,,,,,animals,
7709344486,3,375,299,7999,multiplier|vip,,,,steal_raid,brainrot,emoji|steal_a
7720654467,6,82,26,95,cosmetic,14,0.658,76150,obby_climb,ice_fire,
7721537973,,,,,,,,,paint_create,,update_tag
7735580090,,,,,,,,,obby_climb,,
7738524573,18,399,149,999,cosmetic|skip|vip,41,0.39,4311,collect_index|obby_climb|tower_defense,,
7738927312,,,,,,,,,survive_nights|tycoon_build,,build_a|emoji
7742376157,,,,,,,,,clicker|fight_battle,brainrot|military,x_vs_y
7744877355,,,,,,,,,obby_climb,,
7747782974,3,400,200,400,speed|vip,,,,roleplay_life,,
7750955984,,,,,,,,,,zombies,
7760134732,,,,,,,,,survive_nights|tycoon_build,,emoji
7761516673,,,,,,,,,fight_battle|roleplay_life,school,emoji
7778848023,,,,,,,,,break_mine|obby_climb|tycoon_build,,
7779759515,,,,,,,,,collect_index,animals|brainrot|memes,
7780208150,,,,,,,,,hit_swing|obby_climb,ice_fire,
7780633647,3,49,49,399,vip,2,0.55,73551,,,
7785400752,,,,,,,,,,animals,emoji
7787359931,,,,,,,,,race_drive,fantasy,
7794218964,,,,,,,,,job_shift,memes,emoji
7798947148,,,,,,,,,fight_battle,anime,
7800961209,,,,,,,,,,,emoji
7812848099,,,,,,,,,collect_index|grow_farm|sell_shop|tycoon_build,seasonal,build_a|emoji
7822444776,3,299,79,375,multiplier|vip,5,0.997,89832,tycoon_build,vehicles,emoji
7823137182,3,129,99,299,multiplier,6,0.268,74254,survive_nights,,
7843413523,,,,,,,,,,,
7848204961,,,,,,,,,roleplay_life,school,emoji
7848646653,,,,,,,,,break_mine,,emoji
7856039629,4,249,99,329,luck|vip,4,0.025,86574,fight_battle,,
7856508689,,,,,,,,,dress_style|fight_battle,,emoji
7857274278,,,,,,,,,obby_climb|plus_one_stat,,
7860226425,,,,,,,,,collect_index|steal_raid,anime,emoji
7866302411,,,,,,,,,,ocean,emoji|update_tag
7872343282,,,,,,,,,,,one_word
7874651625,,,,,,,,,sell_shop|tycoon_build,fashion,simulator
7877723741,,,,,,,,,,,
7882785167,1,399,399,399,,11,0.066,31109,fight_battle,,one_word
7882829745,,,,,,,,,clicker,anime,
7883776681,3,199,99,299,,3,0.761,,clicker|hit_swing,,emoji|update_tag
7884563721,,,,,,,,,,sports,emoji
7891669427,,,,,,,,,fight_battle,,emoji|x_vs_y
7893073096,,,,,,,,,obby_climb,,
7907828295,,,,,,,,,collect_index|fishing|steal_raid,money,steal_a
7911332924,2,239,129,349,,1,,8865,,,emoji
7917550094,8,275,50,1500,,,,,,,emoji
7921879545,,,,,,,,,,,
7934320560,1,799,799,799,vip,121,0.177,8694,fight_battle|hatch_gacha|obby_climb|steal_raid|survive_nights|tower_defense|trade,,
7935634976,3,399,199,599,vip,,,,,,
7938305201,15,99,30,300,vip,1,,18781,,,
7938992417,,,,,,,,,hit_swing,,one_word
7939389895,,,,,,,,,survive_nights,,update_tag
7940293048,,,,,,,,,,,
7943133183,,,,,,,,,tycoon_build,,
7948426536,9,124,29,399,multiplier|speed|vip,9,0.112,166607,obby_climb,,emoji|update_tag
7959448908,,,,,,,,,paint_create,,
7960300951,2,499,499,499,speed,20,0.816,55799,fight_battle,,
7964539330,,,,,,,,,obby_climb,,emoji
7968055762,,,,,,,,,fight_battle|paint_create|tower_defense,memes,emoji
7970033072,,,,,,,,,fight_battle,,
7972256224,,,,,,,,,tycoon_build,space,tycoon
7983308985,,,,,,,,,,,emoji
7990186056,3,1099,199,1999,vip,1,,18986,obby_climb|tycoon_build,money,build_a|emoji
7996365376,2,237,80,395,luck|vip,1,,49497,fight_battle,superheroes,emoji|one_word
8000413855,,,,,,,,,obby_climb,,
8005378926,5,,,,,1,,9273,dress_style,,
8006379851,7,99,29,299,multiplier|speed,1,,62018,clicker|tycoon_build,animals,emoji
8014099969,,,,,,,,,roleplay_life|survive_nights,horror,
8017401632,,,,,,,,,party_minigames,stone_rocks,
8051653879,,,,,,,,,hit_swing|job_shift|roleplay_life,prison,
8058628992,,,,,,,,,roleplay_life,,
8066283370,,,,,,,,,hatch_gacha|tycoon_build,animals|eggs,build_a|emoji
8072075666,,,,,,,,,fight_battle|shooter|survive_nights,,emoji
8080493298,1,119,119,119,,7,0.377,10084,job_shift|shooter|tycoon_build,,
8080863905,,,,,,,,,fight_battle,,emoji
8081472583,,,,,,,,,obby_climb,,
8087030587,,,,,,,,,clicker|plus_one_stat,,emoji
8093473699,,,,,,,,,race_drive,vehicles,
8095834523,,,,,,,,,obby_climb|tycoon_build,,emoji
8104504677,,,,,,,,,,prison,emoji|simulator
8123308765,,,,,,,,,survive_nights|tycoon_build,,emoji
8140627455,,,,,,,,,steal_raid,,steal_a
8156973419,,,,,,20,0.145,44261,dress_style,,emoji
8160348242,8,148,54,259,luck|multiplier|vip,13,0.836,76322,,,
8178086002,6,149,49,249,cosmetic|speed|vip,1,,283425,survive_nights,horror,emoji
8181391950,3,210,120,210,multiplier|vip,,,,,,update_tag
8198412649,,,,,,,,,roleplay_life|survive_nights,dinosaurs,
8203127178,,,,,,,,,clicker|fight_battle|survive_nights,horror|seasonal,emoji
8204806107,,,,,,,,,survive_nights,horror,
8212026736,,,,,,,,,survive_nights,ice_fire,emoji|survive_x
8212965377,,,,,,,,,obby_climb,,emoji
8214054500,,,,,,,,,race_drive|tycoon_build,money|vehicles,build_a|emoji
8223345519,,,,,,,,,,music,emoji
8228371304,,,,,,,,,survive_nights,,
8232540509,,,,,,,,,steal_raid,,emoji
8237105425,,,,,,8,0.298,23582,,horror,
8238863102,10,299,199,699,multiplier|speed,6,1.0,47813,fight_battle|obby_climb,zombies,emoji
8239435378,,,,,,,,,hit_swing|tycoon_build,ocean,
8243724761,,,,,,,,,collect_index|fishing|grow_farm|hatch_gacha,,emoji
8246907060,,,,,,,,,collect_index|fight_battle|grow_farm,dinosaurs|food,emoji
8269273068,,,,,,,,,clicker|job_shift|race_drive,,
8279887603,,,,,,,,,roleplay_life,school,emoji
8294794009,,,,,,,,,grow_farm|survive_nights,horror,emoji|survive_x
8296765616,5,499,55,699,vip,1,,73325,tower_defense|tycoon_build,zombies,emoji
8299444324,,,,,,,,,obby_climb,,emoji
8300580369,,,,,,,,,plus_one_stat,,emoji|plus_one
8307114974,,,,,,1,,17774,,military,
8309394444,,,,,,,,,survive_nights,,
8313824597,,,,,,,,,rng_roll,brainrot|money,emoji
8316902627,2,199,149,249,storage|vip,6,1.0,28731,grow_farm,brainrot,emoji
8321616508,,,,,,,,,,anime,
8322865535,24,299,29,699,multiplier|storage,1,,71354,job_shift|race_drive|roleplay_life,vehicles,emoji
8330409552,,,,,,,,,obby_climb|paint_create,,emoji
8333899831,,,,,,,,,,,
8342498724,12,349,99,999,multiplier|storage|vip,3,0.006,8107,fishing,,
8343243056,,,,,,,,,obby_climb|tower_defense,brainrot,emoji
8353962342,,,,,,,,,tycoon_build,,emoji
8356066619,3,499,399,1199,multiplier|speed,,,,fight_battle|tower_defense,anime,emoji|update_tag
8360491918,,,,,,,,,,military,emoji
8365871374,9,199,49,499,speed,2,0.147,86998,obby_climb,,emoji
8366716517,,,,,,,,,survive_nights,superheroes,
8374113155,1,799,799,799,,,,,steal_raid,,emoji
8375166760,,,,,,,,,fight_battle,,
8401518398,6,79,59,599,multiplier|vip,43,0.477,302809,obby_climb|race_drive,,
8420907710,,,,,,,,,hit_swing|party_minigames|race_drive,vehicles,
8430503828,,,,,,,,,steal_raid,,steal_a
8438027136,,,,,,,,,,military,
8438735581,,,,,,,,,obby_climb|tower_defense,military,emoji
8446266018,,,,,,,,,race_drive,vehicles,x_vs_y
8450202664,,,,,,,,,survive_nights,,
8450472355,,,,,,,,,break_mine|obby_climb,,
8472682462,,,,,,,,,fight_battle|survive_nights,brainrot|ice_fire,emoji|update_tag
8475779172,,,,,,,,,break_mine|escape_run,prison,emoji
8485482226,,,,,,,,,job_shift,,emoji
8488806742,,,,,,,,,tower_defense,disaster,
8494484575,,,,,,,,,,,emoji
8497987845,,,,,,,,,rng_roll,anime,emoji
8503596762,,,,,,,,,,,
8504461817,1,200,200,200,,11,1.0,115246,escape_run,ice_fire,emoji|escape_x
8520148363,1,,,,,6,0.756,23178,,military|stone_rocks,emoji
8524572339,3,299,65,499,multiplier|storage,,,,,animals,
8539298853,15,499,299,699,vip,32,0.728,21017,job_shift|survive_nights,horror,
8546873728,14,174,60,779,skip,2,0.0,11246,roleplay_life,,
8561270645,,,,,,,,,,,emoji
8562618273,,,,,,,,,escape_run,disaster,emoji|escape_x
8570876289,,,,,,,,,,,
8572854650,,,,,,,,,tycoon_build,money,be_a|emoji
8600977079,,,,,,,,,collect_index|dice_cards|escape_run|fight_battle|survive_nights,,
8601956127,,,,,,,,,obby_climb,,emoji
8615117785,,,,,,,,,roleplay_life|tycoon_build,,
8618660961,,,,,,,,,job_shift|race_drive|roleplay_life,money|vehicles,emoji
8640389608,,,,,,,,,,seasonal,emoji|update_tag
8641602265,,,,,,,,,race_drive,,update_tag
8646185650,,,,,,,,,,money|ocean,
8646444640,,,,,,,,,,nature,update_tag
8659262047,,,,,,,,,race_drive,,
8662243497,3,99,89,149,speed,34,0.454,51804,survive_nights,,emoji
8669550197,11,299,49,799,auto|luck|multiplier|vip,1,,51561,grow_farm|rng_roll,vehicles,emoji|simulator
8698022820,,,,,,,,,obby_climb,brainrot,
8705454731,,,,,,,,,escape_run,,emoji|escape_x
8719555347,14,300,80,490,storage,4,0.821,132871,race_drive,ocean|vehicles,emoji
8722889197,,,,,,,,,steal_raid,brainrot|money,emoji
8723526551,,,,,,,,,grow_farm|tycoon_build,,
8724785394,,,,,,,,,collect_index|race_drive|roleplay_life|tycoon_build,giant,emoji
8728034884,,,,,,,,,,,update_tag
8744978097,,,,,,,,,,,
8751492147,,,,,,,,,,space,
8752324161,14,29,9,79,,,,,tycoon_build,,emoji
8759966530,,,,,,,,,job_shift|survive_nights,horror,
8776018564,,,,,,,,,sell_shop|shooter|survive_nights|trade|tycoon_build,horror,
8786713187,,,,,,,,,tycoon_build,,emoji
8791358380,,,,,,1,,90589,collect_index|steal_raid,money,emoji
8794536584,,,,,,,,,tycoon_build,vehicles,one_word
8795154789,,,,,,1,,60,shooter,ice_fire,
8799094487,,,,,,,,,,,
8807109250,,,,,,,,,obby_climb,brainrot,emoji
8813969120,3,199,199,699,vip,64,0.948,49355,collect_index|job_shift|race_drive|tycoon_build,money,emoji|update_tag
8824087733,,,,,,,,,,,
8828612659,,,,,,,,,,money,
8829204428,11,399,149,999,luck|multiplier|vip,,,,fight_battle|hatch_gacha|rng_roll,money,simulator|update_tag
8832884753,,,,,,,,,,animals,emoji|simulator|update_tag
8834587397,,,,,,,,,,brainrot,
8836568224,12,124,49,699,luck|multiplier|speed|vip,,,,,animals,emoji
8836631593,,,,,,,,,,,
8841437826,5,99,9,299,storage|vip,,,,grow_farm,,emoji|x_vs_y
8846911260,,,,,,,,,,,
8847904177,,,,,,,,,obby_climb|paint_create,,emoji
8851542818,,,,,,,,,,,emoji
8869088870,6,199,99,399,multiplier,,,,,,
8881105040,,,,,,,,,tycoon_build,animals,build_a|emoji
8881302585,10,219,75,1279,,1,,22000,fight_battle|shooter,fantasy,emoji
8883775493,,,,,,,,,tycoon_build,,build_a|emoji
8890288888,,,,,,,,,,,emoji
8902327228,,,,,,,,,obby_climb|plus_one_stat|rng_roll,,emoji|plus_one
8913675853,,,,,,,,,fight_battle,,
8916086418,,,,,,,,,,seasonal,
8925924444,2,140,130,150,cosmetic,,,,obby_climb,,
8935993972,,,,,,,,,cook_serve,,emoji
8937254139,8,499,99,499,multiplier|vip,,,,fight_battle|hatch_gacha|obby_climb|survive_nights,horror,
8946565814,6,350,140,1100,speed|storage|vip,,,,tower_defense,anime,emoji|update_tag
8950496606,,,,,,,,,job_shift,,
8957522683,,,,,,,,,escape_run|survive_nights|tycoon_build,brainrot|nature,
8959257868,,,,,,,,,fight_battle|forge_craft|rng_roll,,
8964956538,1,399,399,399,,,,,fight_battle|job_shift|race_drive,ice_fire|robots|space,emoji
8965717730,2,379,379,379,vip,10,0.303,128019,escape_run|obby_climb,disaster|ice_fire,emoji
8995269203,,,,,,,,,survive_nights,horror|nature,emoji
8997131346,,,,,,,,,fight_battle|hit_swing|tycoon_build,,
8997725599,,,,,,,,,,superheroes,
9001634416,,,,,,,,,roleplay_life,,update_tag
9029936173,,,,,,,,,obby_climb,,emoji
9031167776,,,,,,,,,tower_defense,,
9050667716,,,,,,,,,fight_battle,,
9051406594,1,395,395,395,,,,,fight_battle,,emoji
9058303084,,,,,,,,,obby_climb|survive_nights,,emoji
9065022692,,,,,,,,,,,emoji
9067401541,,,,,,,,,fight_battle,,
9073513091,4,99,99,399,auto|vip,,,,,anime|seasonal|zombies,
9076692567,,,,,,,,,,,emoji
9077534770,,,,,,,,,job_shift|sell_shop|survive_nights,horror|ice_fire,
9081083593,,,,,,,,,obby_climb,,update_tag
9084112733,,,,,,,,,race_drive|survive_nights,,emoji|update_tag
9086253192,,,,,,,,,,brainrot|money,emoji
9091133975,11,199,9,899,auto|luck|multiplier|speed|vip,15,0.934,7488,collect_index|merge,animals,emoji
9098253051,,,,,,,,,,,emoji
9098570654,,,,,,24,0.834,32204,fight_battle|survive_nights,,emoji|survive_x
9102566780,,,,,,,,,,military,one_word
9104763985,,,,,,,,,obby_climb|tycoon_build,,emoji
9105075853,,,,,,,,,fight_battle|job_shift|tycoon_build,military,
9112256336,,,,,,,,,roleplay_life|tycoon_build,,emoji
9119782663,4,62,25,99,multiplier|vip,6,0.7,72587,,,
9125259344,42,55,5,499,multiplier|skip|speed|storage|vip,,,,survive_nights,prison,emoji
9130827443,,,,,,,,,fight_battle|party_minigames,,
9140218204,,,,,,,,,,food,emoji
9141743926,7,299,59,999,luck|storage|vip,,,,collect_index|hatch_gacha|survive_nights,horror,
9142917248,2,299,299,299,multiplier,,,,survive_nights,,emoji
9145063979,3,545,395,695,,28,0.734,56167,break_mine|escape_run,prison,emoji
9150731899,,,,,,,,,roleplay_life,prison|school,
9155036056,,,,,,,,,forge_craft,food,
9156711629,,,,,,,,,cook_serve|sell_shop,,emoji
9162763535,,,,,,29,0.5,14691,break_mine|fight_battle|hatch_gacha,fashion|stone_rocks,emoji
9167377564,,,,,,62,0.848,192523,cook_serve|survive_nights|tycoon_build,ocean,
9169166771,,,,,,,,,fight_battle|roleplay_life|survive_nights,giant|horror,emoji
9175015027,,,,,,,,,escape_run|hit_swing|plus_one_stat,,plus_one
9177208241,,,,,,,,,,horror,
9178347165,,,,,,,,,cook_serve|survive_nights,zombies,emoji
9186719164,,,,,,,,,,anime,emoji
9198323655,,,,,,,,,obby_climb,,emoji
9199655655,3,100,80,800,,,,,,,
9209811415,,,,,,,,,,,emoji
9210599831,,,,,,,,,,,emoji|update_tag
9219116196,,,,,,,,,job_shift|survive_nights,horror,
9219838330,,,,,,,,,,,
9221949930,,,,,,,,,,memes|music,
9226697658,,,,,,,,,,ice_fire,emoji|update_tag
9228045253,,,,,,,,,,nature,emoji
9229146348,,,,,,,,,,,
9232634201,,,,,,,,,roleplay_life,,
9237297311,,,,,,,,,clicker,,emoji|update_tag
9237322219,,,,,,,,,roleplay_life|survive_nights,nature,
9250508067,,,,,,,,,tycoon_build,music,tycoon
9255588637,,,,,,,,,hit_swing|obby_climb,,
9257800423,,,,,,,,,survive_nights,horror,emoji
9260939847,,,,,,,,,escape_run|hit_swing,,emoji
9261495998,,,,,,,,,grow_farm|obby_climb,,emoji
9272395657,1,700,700,700,,3,0.213,96,fight_battle,seasonal,
9272693470,,,,,,,,,dice_cards,sports,emoji
9273584416,,,,,,,,,obby_climb|race_drive,vehicles,emoji
9276049439,3,50,20,399,auto|luck|vip,,,,,,emoji
9282371706,,,,,,,,,,,
9286558970,,,,,,,,,break_mine|job_shift|roleplay_life,money,
9292113306,,,,,,,,,tycoon_build,,build_a|emoji
9293574407,,,,,,,,,obby_climb,ice_fire,emoji
9294074907,4,224,79,499,luck|multiplier,,,,clicker|shooter,,
9294646427,,,,,,,,,,,
9296042754,7,325,80,400,vip,5,0.767,152539,collect_index|escape_run|fight_battle|roleplay_life|shooter|tycoon_build,money|prison,emoji
9296252245,9,239,78,1299,cosmetic,1,,240606,obby_climb|rng_roll,,emoji
9297902951,,,,,,,,,,,
9298096434,3,25,3,100,,6,0.215,23290,obby_climb,,
9303771057,,,,,,,,,fight_battle,,emoji
9312646406,14,349,79,679,auto|multiplier|skip|storage|vip,64,0.915,24177,job_shift|obby_climb|shooter,vehicles,emoji
9312746495,,,,,,,,,roleplay_life,,emoji
9315472782,,,,,,,,,job_shift|sell_shop|survive_nights,horror,
9315739469,,,,,,,,,survive_nights,horror,
9316885643,,,,,,,,,job_shift,food|horror,emoji|update_tag
9317784977,,,,,,,,,hit_swing,,emoji|update_tag
9320470390,,,,,,,,,,,emoji
9324506782,,,,,,,,,survive_nights,,emoji|update_tag
9328305853,,,,,,,,,fight_battle|roleplay_life,school,emoji
9330730057,,,,,,,,,,,emoji
9338511689,,,,,,,,,fight_battle,,emoji
9344307274,,,,,,,,,break_mine,,emoji
9344916045,1,,,,,1,,42047,,school,
9348272796,4,624,359,899,luck|multiplier|vip,19,1.0,63509,survive_nights|tower_defense,zombies,update_tag
9352840896,,,,,,,,,,,emoji|update_tag
9354709602,,,,,,,,,,,emoji|update_tag
9357218675,,,,,,,,,,,emoji
9362896961,13,299,199,599,auto|multiplier|speed,,,,collect_index|dice_cards|fight_battle,anime,emoji|update_tag
9363735110,10,312,129,888,multiplier|speed|vip,5,0.049,,escape_run,brainrot|disaster,emoji|escape_x
9364041968,,,,,,,,,race_drive|sell_shop,vehicles,emoji
9382839773,,,,,,,,,,anime,emoji
9384605736,12,399,79,499,multiplier|vip,33,0.772,51979,,ice_fire,emoji|one_word
9395278151,9,25,2,199,multiplier|speed,76,0.89,50932,obby_climb,memes,emoji
9395554342,,,,,,,,,paint_create|sell_shop|tycoon_build,,emoji
9399884981,,,,,,,,,roleplay_life,,emoji
9403708294,,,,,,,,,,,emoji
9404155369,,,,,,,,,break_mine,school,emoji
9442472087,,,,,,,,,escape_run|fight_battle|survive_nights,horror,emoji
9449993534,27,10,3,99,multiplier,,,,hit_swing|quiz_guess,,
9452898647,,,,,,,,,,brainrot|money,
9456449045,,,,,,,,,fight_battle,military,
9463334671,,,,,,,,,fight_battle,,
9464360885,,,,,,,,,fight_battle|survive_nights,,
9472441390,,,,,,60,0.863,146402,break_mine|collect_index|roleplay_life|sell_shop|steal_raid,,emoji
9480281767,3,199,99,199,multiplier,2,0.001,41445,,,one_word
9481391333,3,264,129,399,multiplier|vip,10,1.0,25313,fight_battle,,x_vs_y
9484893818,,,,,,,,,,,emoji
9485131494,,,,,,,,,obby_climb|race_drive|rng_roll,vehicles,emoji
9490116046,12,39,9,249,speed|vip,12,0.875,136741,tycoon_build,,emoji
9491545867,5,99,9,299,auto|multiplier|vip,,,,break_mine|hatch_gacha,brainrot|eggs|money,
9496852407,8,294,39,1699,multiplier|storage,6,,,forge_craft|steal_raid|tower_defense|tycoon_build,,emoji
9497278040,,,,,,,,,hatch_gacha,brainrot|eggs,
9499439936,,,,,,,,,obby_climb|plus_one_stat,,plus_one
9501409571,,,,,,,,,rng_roll,,
9501701013,2,162,79,245,multiplier,,,,,,emoji|one_word
9503696692,,,,,,,,,,,
9506013695,1,,,,,12,0.999,50336,fight_battle|grow_farm,,emoji
9507134447,,,,,,,,,break_mine,money,emoji|update_tag
9508201896,,,,,,,,,roleplay_life,school,emoji
9510573507,,,,,,,,,fight_battle|shooter,,x_vs_y
9511365396,,,,,,,,,fight_battle|hit_swing|rng_roll,,emoji
9511454418,,,,,,,,,fight_battle,anime,emoji
9513407177,,,,,,,,,obby_climb,,
9513686983,4,149,99,199,auto,1,,80066,escape_run|tower_defense,brainrot|money,escape_x
9514625031,4,100,80,220,,,,,hit_swing,,
9517627739,,,,,,,,,,sports,emoji|update_tag
9520692022,21,99,5,998,cosmetic|luck|multiplier|skip|speed|vip,16,0.47,194336,collect_index|fight_battle|hatch_gacha,animals|seasonal|stone_rocks,
9522015993,2,174,149,199,skip,2,0.035,56082,,,
9526307912,,,,,,,,,escape_run,animals,emoji|escape_x
9529449775,,,,,,,,,fight_battle,anime|school,emoji
9534705677,1,399,399,399,vip,,,,shooter|trade,money,emoji|update_tag
9539483725,3,49,9,199,speed,,,,hatch_gacha,,
9540040997,,,,,,,,,break_mine,brainrot,
9546331833,,,,,,,,,,,emoji
9549133757,,,,,,,,,,,
9549278601,4,30,15,300,vip,,,,obby_climb,,emoji
9550141430,,,,,,,,,tycoon_build,,
9551044479,3,149,99,799,luck|vip,2,0.0,31827,fight_battle,,emoji
9557528747,,,,,,,,,fight_battle|obby_climb|shooter,,emoji
9560516761,,,,,,,,,obby_climb,,
9560810097,,,,,,,,,,,one_word
9561553764,,,,,,4,0.742,159680,fight_battle,,
9564490170,,,,,,,,,rng_roll,,
9564659718,,,,,,,,,,,
9564673841,3,199,149,299,multiplier,1,,57712,,,
9569441921,,,,,,,,,obby_climb,,
9580564449,,,,,,,,,,,
9582986239,16,299,6,1749,auto|luck|multiplier|storage|vip,5,0.61,9986,collect_index|fishing|rng_roll|sell_shop,anime|money,emoji
9583356773,,,,,,,,,tycoon_build,,emoji|one_word
9584852943,62,694,19,2645,cosmetic|multiplier|speed|storage,25,0.423,526440,escape_run|hatch_gacha|plus_one_stat|rng_roll,food,plus_one|update_tag
9584946743,13,299,79,619,auto|luck|speed|vip,,,,,,emoji
9585346472,,,,,,,,,survive_nights,,
9588121608,,,,,,,,,shooter,,
9592387369,5,99,99,299,speed,16,0.854,142968,obby_climb,,
9599808796,,,,,,,,,,,
9620363363,,,,,,,,,,,update_tag
9627655329,,,,,,,,,clicker|fight_battle,,
9630276723,,,,,,,,,escape_run|obby_climb|plus_one_stat,dinosaurs,plus_one
9639553972,,,,,,,,,survive_nights,,emoji
9641502068,,,,,,,,,fight_battle,,
9645309602,,,,,,,,,collect_index|fight_battle,,
9649298941,,,,,,,,,escape_run|survive_nights,brainrot|ice_fire,survive_x
9655781693,,,,,,,,,,,be_a
9655921954,,,,,,,,,obby_climb|race_drive,,
9656201728,10,274,99,449,auto|luck|multiplier|vip,,,,fight_battle|forge_craft,,emoji
9660713566,,,,,,,,,escape_run|plus_one_stat,disaster,plus_one|update_tag
9661927199,,,,,,,,,,,emoji
9662130710,23,299,29,999,cosmetic|multiplier|skip|vip,9,0.021,73477,rng_roll,,emoji|update_tag
9663968307,4,219,120,399,luck|multiplier|skip|vip,,,,fight_battle,,
9668574764,,,,,,,,,escape_run|plus_one_stat|race_drive,,plus_one
9669297195,,,,,,,,,dress_style|obby_climb,brainrot,emoji
9671745030,,,,,,,,,,memes,
9671940985,,,,,,,,,,brainrot|money,verb_for_noun
9677121265,,,,,,,,,,,emoji
9679514364,,,,,,,,,survive_nights,horror,
9681943457,,,,,,,,,clicker|collect_index|fishing,brainrot,
9690128730,,,,,,,,,survive_nights,,
9694335093,,,,,,,,,clicker,,emoji
9697502306,,,,,,,,,,,emoji
9701569269,,,,,,,,,roleplay_life,brainrot,update_tag
9701909402,,,,,,,,,escape_run,horror,emoji
9702840627,,,,,,,,,quiz_guess,,emoji
9705384247,,,,,,,,,fight_battle|forge_craft|survive_nights|tycoon_build,,
9707841805,,,,,,,,,survive_nights,,one_word
9710205604,,,,,,,,,,,emoji
9711289915,6,32,15,79,,2,0.003,37624,paint_create,music,emoji
9711972386,,,,,,,,,merge|tower_defense,,emoji|x_vs_y
9713717379,,,,,,,,,paint_create,,
9714537627,,,,,,,,,,music,
9715999586,,,,,,,,,break_mine|tower_defense|tycoon_build,,emoji
9722598100,,,,,,,,,fight_battle|survive_nights|tower_defense,horror,emoji
9723617424,,,,,,,,,escape_run|plus_one_stat|race_drive,fantasy,plus_one
9732080947,,,,,,,,,,,
9735583968,10,299,9,999,multiplier|speed,11,0.781,2450,,,
9736593239,4,70,10,100,cosmetic|speed|vip,,,,,,
9741874508,9,129,9,199,auto|luck|multiplier|vip,19,0.94,42826,fight_battle|obby_climb,,emoji|x_vs_y
9747555206,,,,,,,,,,,
9750146698,,,,,,,,,obby_climb,,
9750361560,,,,,,,,,clicker|obby_climb|shooter,,emoji
9751615286,,,,,,,,,fight_battle,,emoji
9753458401,,,,,,,,,dress_style|sell_shop,fashion,one_word
9753814298,,,,,,,,,hit_swing|obby_climb,brainrot,
9754968779,,,,,,,,,clicker|plus_one_stat,,emoji|plus_one
9758027784,17,49,19,799,cosmetic|vip,4,0.0,54004,,,
9758688665,,,,,,1,,53072,steal_raid|tycoon_build,brainrot|memes|money,emoji|steal_a
9759082891,,,,,,7,0.548,134116,obby_climb|plus_one_stat|rng_roll,,plus_one|update_tag
9759989445,,,,,,,,,race_drive,money|vehicles,
9765324104,16,499,79,1599,multiplier|storage|vip,1,,30472,job_shift|race_drive|tycoon_build,money|vehicles,emoji
9774284077,18,99,39,599,multiplier|skip|speed,,,,shooter,,
9774451882,,,,,,,,,,,emoji
9776222468,12,69,39,199,multiplier|vip,2,0.639,112044,survive_nights,,emoji
9780429221,6,300,250,500,storage,,,,,school,
9781580133,,,,,,,,,,nature,
9784759642,,,,,,,,,,brainrot,
9785048253,,,,,,,,,roleplay_life|tycoon_build,,emoji|update_tag
9787206684,,,,,,,,,collect_index|tycoon_build,brainrot|memes|money,be_a
9788139379,9,499,299,1299,auto|luck|multiplier|vip,23,0.527,18912,survive_nights|tycoon_build,money,update_tag
9792551117,4,274,249,549,multiplier|speed,31,0.468,62739,job_shift|survive_nights,horror,
9792947201,,,,,,,,,rng_roll,,
9793308933,,,,,,,,,,brainrot|money,emoji|verb_for_noun
9796643263,,,,,,,,,dress_style,,
9796898051,3,199,99,299,skip|storage,126,0.757,118337,break_mine|dice_cards|forge_craft|survive_nights,horror,emoji
9800424118,,,,,,,,,fight_battle|forge_craft|shooter,zombies,
9800909176,,,,,,,,,plus_one_stat,brainrot|money,plus_one
9801436549,,,,,,,,,,,emoji
9802644580,,,,,,,,,fight_battle|hatch_gacha,anime|superheroes,emoji
9803970239,1,,,,,2,0.618,13025,fight_battle,,
9804429271,,,,,,,,,obby_climb,animals,
9807649116,10,149,49,249,multiplier,,,,,prison,emoji|simulator
9807783902,,,,,,,,,steal_raid,music,emoji|steal_a
9811924734,,,,,,,,,,,
9812090239,2,199,99,299,storage,,,,survive_nights|tower_defense|tycoon_build,horror,
9813375035,,,,,,,,,,brainrot,verb_for_noun
9813946433,1,,,,,,,,paint_create,,
9815834699,,,,,,,,,,seasonal,
9825259729,4,249,79,349,storage|vip,8,0.651,117846,,,emoji
9826885587,5,399,199,499,multiplier|speed|vip,,,,collect_index|fight_battle|hatch_gacha|trade,,
9829910038,,,,,,,,,rng_roll,,emoji
9830725726,5,89,69,239,multiplier|vip,29,0.604,102138,obby_climb|race_drive,,
9833852980,,,,,,,,,job_shift|roleplay_life,fantasy,emoji|update_tag
9836330876,,,,,,,,,race_drive|tycoon_build,vehicles,emoji|tycoon
9837325548,4,199,99,399,multiplier|vip,11,0.489,28531,collect_index|race_drive|tycoon_build,vehicles,
9837612476,10,99,49,799,auto|multiplier|speed,,,,grow_farm|roleplay_life|tycoon_build,military|vehicles,emoji
9843234816,12,77,23,1350,multiplier|vip,9,0.484,9108,shooter,seasonal,
9845995128,,,,,,,,,,,emoji
9851352969,10,155,59,220,,1,,36570,,,emoji
9852933243,,,,,,,,,,,
9855761734,13,499,69,999,,22,0.745,60114,race_drive|roleplay_life,,
9857818180,,,,,,,,,escape_run,disaster,
9859948536,,,,,,,,,,superheroes,
9860746424,,,,,,,,,fight_battle|tycoon_build,money,tycoon
9865931248,,,,,,,,,,,emoji
9866884975,,,,,,,,,,ocean,
9868545229,,,,,,,,,paint_create,space,
9872734936,4,299,179,399,storage|vip,,,,collect_index|race_drive|sell_shop,vehicles,update_tag
9872977974,,,,,,,,,obby_climb,,
9874419878,,,,,,,,,obby_climb|trade,,
9875383684,,,,,,,,,tycoon_build,brainrot|money,be_a
9877481048,3,299,199,350,vip,,,,fight_battle,giant,
9880286438,5,399,249,849,luck|multiplier|vip,,,,,anime,update_tag
9882110948,,,,,,,,,obby_climb,,
9882296644,,,,,,,,,obby_climb|paint_create,,emoji
9885372266,10,149,89,699,storage,17,0.332,57689,,horror,
9889811676,,,,,,,,,,,
9891331827,2,,,,,,,,fight_battle|rng_roll,anime|fantasy,
9892207761,,,,,,,,,,,
9893515490,,,,,,,,,grow_farm|roleplay_life,,emoji
9896643509,,,,,,,,,escape_run|race_drive,ice_fire,
9898409899,,,,,,,,,job_shift|obby_climb,,emoji|simulator
9898970160,,,,,,,,,collect_index|plus_one_stat|tycoon_build,brainrot|memes,plus_one
9900286623,,,,,,,,,fight_battle|survive_nights,zombies,emoji
9903325235,,,,,,,,,obby_climb,,
9903482381,,,,,,,,,,music,emoji
9903685259,,,,,,,,,clicker|obby_climb|shooter|survive_nights,giant|space,emoji
9906154135,5,37,10,70,,2,0.301,110930,obby_climb,,emoji
9906378607,1,2500,2500,2500,,,,,fishing,,emoji|update_tag
9908641400,6,295,200,600,auto,4,0.731,2843,merge,sports,
9910245722,11,399,199,2399,luck|multiplier|skip|storage|vip,,,,fight_battle|forge_craft,,
9911988958,,,,,,,,,,money,emoji
9912025777,6,167,59,280,,6,0.741,116840,shooter,,
9914581074,,,,,,,,,,,emoji|update_tag
9918481645,,,,,,,,,obby_climb|tower_defense,,emoji
9929086116,,,,,,,,,escape_run|plus_one_stat,,emoji|plus_one
9929436407,,,,,,,,,fight_battle,military,
9929870476,,,,,,,,,cook_serve,,emoji|update_tag
9930466428,,,,,,,,,,brainrot,verb_for_noun
9931749389,7,,,,,14,0.376,10289,,seasonal,emoji
9933939850,,,,,,,,,forge_craft|survive_nights,horror,
9934614409,,,,,,,,,obby_climb,brainrot|money|vehicles,
9938429322,,,,,,,,,collect_index|fishing|rng_roll,money|nature|ocean|seasonal,emoji
9940076108,,,,,,,,,obby_climb,,emoji
9940725596,,,,,,,,,race_drive|survive_nights,horror|vehicles,
9940812243,8,399,49,850,luck|multiplier|speed|vip,10,0.468,2905,fight_battle|rng_roll|tycoon_build,anime,
9942734820,,,,,,,,,race_drive,money|vehicles,emoji
9943273705,,,,,,,,,,,
9948575164,,,,,,1,,5755,merge|sell_shop,,emoji
9948825950,,,,,,,,,escape_run,disaster,escape_x
9949148856,4,224,39,499,luck|multiplier,,,,clicker|hit_swing|shooter,,
9949288829,,,,,,,,,collect_index|dice_cards|steal_raid|tycoon_build,money,update_tag
9950184599,,,,,,,,,job_shift|race_drive,,emoji
9950410865,7,99,50,149,multiplier|storage,1,,19164,break_mine|survive_nights,,
9952351777,,,,,,,,,collect_index|dice_cards|fight_battle|trade|tycoon_build,anime|money,emoji|update_tag
9952820791,,,,,,,,,grow_farm,military,emoji
9953328866,,,,,,,,,steal_raid,brainrot,
9954447663,,,,,,,,,collect_index|steal_raid|tycoon_build,money,emoji
9957338123,4,79,59,119,multiplier|vip,,,,obby_climb|race_drive,,
9958694666,,,,,,,,,collect_index|race_drive,brainrot|memes|money,
9960184903,,,,,,,,,tycoon_build,,emoji
9961389755,,,,,,,,,,,emoji
9963622286,9,349,59,2999,auto|luck|multiplier|vip,1,,87731,,brainrot|money,
9965411707,8,649,499,699,luck,,,,,memes,emoji|update_tag
9968527241,,,,,,,,,shooter,space,emoji
9969095451,,,,,,,,,,,verb_for_noun
9970645639,7,514,199,999,auto|storage|vip,8,0.258,40294,cook_serve|grow_farm,,
9971722694,,,,,,,,,collect_index,memes,emoji
9971895648,,,,,,,,,obby_climb|race_drive,,
9975893742,,,,,,,,,roleplay_life|shooter,brainrot,
9978329815,15,199,50,1000,multiplier,,,,,,emoji
9980643140,,,,,,,,,,,update_tag
9994252654,,,,,,,,,,,one_word
9994252977,,,,,,,,,obby_climb|party_minigames,space,
9996384072,,,,,,,,,fishing,,verb_for_noun
9998576154,,,,,,,,,collect_index|plus_one_stat,brainrot|money,plus_one
10004244222,6,307,99,729,auto|luck|multiplier|vip,,,,hit_swing,brainrot,emoji
10004760418,,,,,,,,,,brainrot,verb_for_noun
10007524016,,,,,,,,,obby_climb,prison,emoji
10008450782,,,,,,,,,tower_defense,,emoji
10008606756,,,,,,,,,fishing,,emoji
10008717728,,,,,,,,,collect_index|hatch_gacha|race_drive|tycoon_build,vehicles,emoji
10010371086,,,,,,,,,,music,emoji
10011808151,,,,,,,,,plus_one_stat,animals,plus_one
10013279162,6,62,3,99,multiplier|vip,,,,paint_create,,emoji
10014496141,,,,,,,,,obby_climb,,
10015834582,,,,,,,,,,brainrot,emoji|verb_for_noun
10020287053,32,125,125,1000,multiplier|vip,2,0.002,25475,roleplay_life|sell_shop,food,
10020612607,,,,,,,,,plus_one_stat,,emoji|plus_one
10024034551,,,,,,,,,escape_run|tycoon_build,brainrot|memes|money|ocean,
10029297024,,,,,,,,,survive_nights,,
10030829154,8,59,19,129,auto|multiplier|speed|storage|vip,8,0.335,56537,obby_climb,money,
10031505426,1,488,488,488,,,,,shooter,,emoji
10031562156,10,164,99,4499,multiplier|speed|storage,10,0.659,69290,,horror,update_tag
10035204815,4,399,399,399,auto|skip|storage,,,,hatch_gacha,animals|eggs,emoji
10036955953,,,,,,,,,roleplay_life,,
10039889230,17,199,59,999,auto|multiplier|speed|storage|vip,,,,fishing,,update_tag
10040497010,,,,,,,,,quiz_guess,,emoji
10045085816,,,,,,,,,tycoon_build,brainrot,
10047813675,12,99,29,1499,skip,,,,tycoon_build,,
10051853469,,,,,,,,,,brainrot|space,emoji
10052184484,,,,,,,,,,brainrot|money,
10057343903,37,299,19,2999,cosmetic|multiplier,5,0.02,94313,plus_one_stat|rng_roll,,emoji|plus_one
10057403337,5,149,29,399,luck|multiplier|speed|vip,14,0.694,207192,obby_climb|shooter,,emoji
10059548251,30,229,39,2400,luck|multiplier|skip|vip,1,,108744,fight_battle,,
10059591740,,,,,,,,,hatch_gacha,dinosaurs,
10060242820,4,499,149,899,multiplier|vip,,,,,,
10061100187,,,,,,,,,tycoon_build,military,
10061124506,,,,,,,,,collect_index|escape_run|race_drive,ice_fire|nature,
10061909806,,,,,,,,,,,emoji
10064401653,,,,,,,,,,,emoji
10065013948,6,249,99,590,multiplier|speed,,,,collect_index|steal_raid,brainrot,
10065930742,,,,,,,,,,,emoji|simulator
10066618669,8,49,19,299,,,,,dress_style,fashion,
10066929248,,,,,,,,,steal_raid,,
10067173115,,,,,,,,,,,
10067258922,30,149,19,1999,cosmetic|multiplier|speed|storage,,,,clicker|hatch_gacha|plus_one_stat|rng_roll,,plus_one
10067540823,,,,,,,,,,,emoji
10067868611,,,,,,,,,collect_index|shooter,brainrot|money,
10069043526,7,199,9,299,vip,1,,69599,obby_climb|shooter,food,emoji
10074335448,,,,,,,,,forge_craft|survive_nights,,update_tag
10075660664,,,,,,,,,collect_index,,emoji
10080411105,,,,,,,,,,,
10081194651,,,,,,,,,break_mine|tycoon_build,,emoji|tycoon
10083552936,,,,,,,,,survive_nights|tycoon_build,horror,
10090256806,7,400,100,10000,,,,,,,
10090384240,,,,,,,,,roleplay_life,ice_fire|money|prison,emoji|simulator
10090818841,,,,,,,,,,,update_tag
10091482757,,,,,,,,,hit_swing,sports,
10091766471,7,225,25,300,,1,,103534,roleplay_life,prison,emoji
10092619788,,,,,,,,,dice_cards|fight_battle,anime,
10094225577,12,279,25,549,,,,,break_mine|shooter,animals,emoji|update_tag
10096155511,8,1099,199,1999,multiplier,,,,,military,
10098095975,,,,,,,,,clicker|plus_one_stat,,emoji|plus_one
10101367087,,,,,,,,,collect_index|cook_serve|fishing|job_shift,ocean,emoji|one_word
10103595714,,,,,,,,,fight_battle|paint_create|shooter,,emoji|update_tag
10107805924,,,,,,,,,,brainrot,
10108046010,5,32,25,40,multiplier|speed|storage,,,,forge_craft|grow_farm|sell_shop,,emoji
10110316965,17,59,19,699,speed|vip,14,0.773,37235,obby_climb,anime,
10112019404,1,,,,,20,0.718,64250,,,one_word
10112435932,,,,,,,,,obby_climb|tower_defense,,emoji
10113294071,,,,,,,,,,vehicles,
10113997049,,,,,,,,,party_minigames,,update_tag
10116272705,8,499,99,749,speed|storage|vip,,,,tower_defense,anime,emoji|update_tag
10117986107,9,29,19,99,speed|vip,1,,52376,dress_style|obby_climb|tycoon_build,,emoji
10121169692,,,,,,,,,,money,emoji
10122742965,,,,,,,,,,brainrot,emoji|verb_for_noun
10123059921,14,121,30,373,multiplier|skip|speed,10,0.642,149447,survive_nights,,update_tag
10124403207,,,,,,,,,,sports,emoji
10124421343,5,30,19,199,cosmetic|vip,3,0.096,173001,obby_climb|race_drive,vehicles,emoji
10126644530,4,99,49,249,vip,39,0.497,40965,sell_shop,,emoji
10127764368,,,,,,,,,,,
10127797448,7,99,29,399,storage,4,0.208,169325,dress_style|obby_climb,,
10130637063,,,,,,1,,58363,plus_one_stat,brainrot|money,emoji|plus_one
10130749197,,,,,,,,,obby_climb,,
10131390815,,,,,,,,,forge_craft|hit_swing,money,emoji
10136067263,12,9,5,79,luck|multiplier|storage|vip,,,,break_mine,food,emoji
10138624079,6,189,149,875,multiplier|speed,,,,fight_battle|survive_nights|tower_defense,zombies,emoji
10138977250,,,,,,,,,,money,emoji
10138988383,,,,,,,,,,brainrot|stone_rocks,
10139325104,,,,,,,,,,,
10140010190,9,99,9,499,speed|vip,2,0.099,67518,dress_style|obby_climb,,
10141042381,,,,,,,,,fight_battle,money,
10144280947,40,499,9,4999,cosmetic|luck|multiplier|vip,,,,escape_run|plus_one_stat|rng_roll,,emoji|plus_one
10144587520,9,199,79,899,auto|luck|multiplier|speed,,,,dice_cards|grow_farm,anime|money,emoji|update_tag
10147259486,,,,,,,,,,,
10148419081,,,,,,,,,,fantasy|music,
10148749921,,,,,,,,,job_shift,animals,emoji
10149910491,4,224,199,249,multiplier|speed,,,,survive_nights|tycoon_build,,
10152905521,9,52,19,1499,auto|multiplier|speed,5,0.87,121628,break_mine|plus_one_stat,,emoji|plus_one
10153098880,9,299,69,799,auto|luck|multiplier|speed|storage|vip,,,,collect_index|fight_battle|rng_roll,superheroes,emoji
10155360168,2,374,249,499,vip,69,0.944,427867,hit_swing|shooter,sports,
10156435104,,,,,,,,,break_mine,brainrot,
10158471028,4,289,79,499,vip,17,0.753,94885,fight_battle|grow_farm,fantasy,
10160578219,,,,,,,,,,fantasy,verb_for_noun
10162859180,10,399,19,2999,auto|multiplier|speed,5,0.649,7646,tycoon_build,fantasy,emoji|tycoon
10165276442,,,,,,,,,roleplay_life,animals|prison,emoji|x_vs_y
10168229420,,,,,,,,,cook_serve,,emoji
10171934713,,,,,,,,,obby_climb|plus_one_stat|survive_nights,horror,emoji|plus_one|update_tag
10172066108,,,,,,,,,race_drive|roleplay_life,vehicles,update_tag
10173311467,18,149,79,399,multiplier|vip,7,0.042,141669,race_drive,horror,
10175155684,,,,,,,,,,memes,
10176502031,,,,,,,,,,animals|giant|money,x_vs_y
10178802449,,,,,,,,,break_mine|clicker|plus_one_stat,,emoji|plus_one
10179193118,,,,,,,,,dress_style|obby_climb,,emoji
10180990272,,,,,,,,,dress_style|obby_climb,fashion,emoji
10181310479,,,,,,,,,,,
10181483914,,,,,,,,,clicker,,
10182049622,,,,,,,,,obby_climb,,
10183029417,,,,,,,,,collect_index|plus_one_stat,brainrot|money,plus_one
10184247393,12,299,199,799,auto|luck|multiplier|vip,,,,dress_style,brainrot,
10187294555,13,179,9,499,luck|multiplier|skip|speed|vip,,,,break_mine,,emoji
10187487133,,,,,,,,,escape_run|roleplay_life,animals|prison,x_vs_y
10188144423,,,,,,1,,,,,
10189601764,,,,,,,,,obby_climb,,
10189903609,9,34,9,399,multiplier|speed|vip,,,,,seasonal,
10191144118,,,,,,,,,obby_climb,,emoji
10192659240,,,,,,,,,paint_create,,update_tag
10195997258,8,229,49,360,auto|luck|multiplier|speed,,,,fishing,ocean,emoji
10196660716,,,,,,,,,escape_run|plus_one_stat,superheroes,plus_one
10196985448,,,,,,,,,,,emoji
10197758650,24,22,1,999,cosmetic|speed|vip,,,,fishing,,emoji
10198825880,,,,,,,,,collect_index|dice_cards,money,emoji
10199301628,9,129,79,199,auto|multiplier|skip|speed,,,,hit_swing|merge|steal_raid|tycoon_build,money,emoji|update_tag
10200395747,5,499,299,799,,33,0.818,6957,grow_farm|sell_shop,,grow_a
10202515720,,,,,,,,,,,simulator
10203815049,,,,,,,,,fight_battle,brainrot|money,
10204542673,,,,,,,,,fight_battle,,
10205419329,,,,,,,,,,,
10205485380,,,,,,,,,,,
10209534490,4,289,29,799,auto|multiplier,,,,collect_index|grow_farm|hatch_gacha,eggs|money,emoji
10211159992,,,,,,,,,,,
10212081143,,,,,,,,,race_drive|tycoon_build,prison|vehicles,build_a|emoji
10213583516,,,,,,,,,,,emoji
10217234318,,,,,,,,,trade,,
10219827882,,,,,,,,,cook_serve|grow_farm,,emoji
10222476236,1,,,,vip,1,,91636,dress_style,fashion,
10223976219,5,99,67,489,,,,,obby_climb,horror,
10226261982,,,,,,,,,collect_index|grow_farm|plus_one_stat|rng_roll|survive_nights,anime|brainrot|money,emoji|plus_one
10226701629,,,,,,,,,clicker,,emoji
10230942274,7,649,249,1499,multiplier,,,,,,emoji
10231502419,3,599,399,799,luck|multiplier|speed,7,1.0,29750,collect_index|tower_defense,,emoji
10231871497,,,,,,,,,break_mine|grow_farm|tycoon_build,,
10232632495,,,,,,,,,,,emoji
10232686472,1,,,,,17,0.827,35458,,,emoji
10232922349,,,,,,,,,fishing|hatch_gacha|tycoon_build,eggs|money,emoji|tycoon
10236023188,,,,,,,,,obby_climb|trade,,emoji|update_tag
10236805062,,,,,,,,,fight_battle|tycoon_build,military,emoji
10241000620,,,,,,,,,tycoon_build,giant|money,emoji|tycoon
10241783978,,,,,,,,,party_minigames,money,update_tag
10242984742,,,,,,,,,paint_create|roleplay_life,vehicles,emoji
10244001346,,,,,,,,,escape_run|survive_nights,ocean,
10245012052,,,,,,,,,,,
10246108265,7,199,49,799,auto|multiplier|speed|storage,,,,tycoon_build,military,emoji
10246872585,,,,,,,,,tycoon_build,military,
10247712813,,,,,,,,,hit_swing,brainrot|vehicles,emoji
10247797619,2,99,99,99,multiplier|speed,5,0.827,34457,survive_nights,,survive_x
10249209189,,,,,,,,,,,x_vs_y
10253235584,7,405,199,699,multiplier|speed|vip,,,,rng_roll|tycoon_build,,build_a|emoji
10253446435,,,,,,,,,grow_farm,,emoji
10253570298,,,,,,,,,break_mine|tycoon_build,money,emoji
10254680421,35,270,5,450,storage|vip,,,,dress_style,sports,emoji
10255492538,,,,,,,,,rng_roll,,emoji
10255788071,4,,,,multiplier|vip,,,,fight_battle,,
10256263771,,,,,,,,,plus_one_stat,,emoji|plus_one
10258084287,,,,,,,,,trade,money,
10258991999,4,149,79,1499,skip|storage,3,0.374,138539,,military,
10259258713,,,,,,,,,collect_index,,emoji
10261267004,10,399,149,699,luck|storage,21,0.323,71519,sell_shop,money,emoji|update_tag
10263732883,9,385,50,1299,multiplier|speed,24,0.569,23155,tycoon_build,,tycoon|update_tag
10267363348,,,,,,,,,,,emoji
10267571771,9,24,16,81,,,,,quiz_guess,,
10267638347,,,,,,1,,45584,dress_style,fashion,emoji
10268960646,12,199,99,499,multiplier|speed,,,,job_shift,vehicles,emoji
10269820836,5,50,5,200,vip,,,,,music,
10270331873,,,,,,,,,hit_swing,,
10270349664,,,,,,,,,,,
10271723279,,,,,,,,,,,
10272020404,,,,,,,,,obby_climb|shooter,,emoji
10272236945,,,,,,,,,survive_nights,,emoji
10272975313,,,,,,,,,collect_index|shooter,dinosaurs,
10274447949,,,,,,,,,escape_run|obby_climb|plus_one_stat,,plus_one
10275970697,,,,,,,,,shooter,,emoji
10276281921,,,,,,,,,paint_create|survive_nights,,emoji
10278774552,22,39,9,1999,speed|vip,1,,239608,paint_create|party_minigames|survive_nights,,update_tag
10281666052,,,,,,,,,,animals,
10282097014,25,249,29,749,auto|multiplier|storage,15,0.898,236680,sell_shop|tycoon_build,animals,tycoon
10284380969,,,,,,,,,sell_shop,ice_fire|money,emoji
10286150288,,,,,,,,,obby_climb|race_drive,giant|vehicles,
10289201563,2,300,250,350,luck|multiplier,,,,paint_create|survive_nights,,emoji|update_tag
10290366643,,,,,,,,,,animals,emoji
10292947079,,,,,,,,,fight_battle,,
10297836599,,,,,,,,,roleplay_life|sell_shop,,
10298144467,14,199,29,549,luck|multiplier|speed|vip,,,,fight_battle|hatch_gacha|merge|rng_roll,anime,
10299262219,,,,,,,,,,,verb_for_noun
10299762956,,,,,,,,,tycoon_build,,update_tag
10302179427,1,29,29,29,,1,,133681,,,emoji|update_tag
10308844888,3,64,48,79,multiplier|vip,,,,obby_climb|race_drive,,
10309128556,,,,,,,,,shooter,,emoji|one_word
10310095331,,,,,,,,,job_shift|roleplay_life,,
10310563053,,,,,,,,,,,
10310999762,8,349,99,599,vip,,,,break_mine|grow_farm|plus_one_stat,brainrot,emoji|plus_one
10313654312,,,,,,,,,quiz_guess,music,emoji|update_tag
10320417842,3,299,99,349,multiplier|speed,13,0.693,15691,job_shift|roleplay_life,,emoji|simulator
10321202755,21,399,49,1499,luck|multiplier|skip|speed|vip,12,0.168,14977,fight_battle,anime|vehicles,emoji|simulator
10324001605,6,174,79,499,multiplier|speed|storage|vip,,,,forge_craft|grow_farm|sell_shop,,emoji
10326559245,,,,,,,,,fight_battle|hatch_gacha,anime|fantasy,emoji
10329213173,,,,,,,,,clicker|plus_one_stat,giant,plus_one
10329489265,3,149,129,219,multiplier|vip,,,,collect_index|paint_create|party_minigames|survive_nights,,emoji|update_tag
10329995185,,,,,,,,,fight_battle,,emoji
10334731049,,,,,,,,,,,
10335443723,,,,,,,,,,horror,
10335507006,,,,,,,,,collect_index|shooter,brainrot,emoji|verb_for_noun
10336278580,,,,,,,,,sell_shop|tycoon_build,stone_rocks,emoji
10337157761,,,,,,,,,collect_index|steal_raid,money,emoji
10338952197,33,299,99,1499,auto|luck|multiplier|vip,,,,fight_battle|grow_farm|hatch_gacha|merge|obby_climb,eggs,grow_a
10340721921,,,,,,,,,roleplay_life,,emoji
10343795685,,,,,,,,,collect_index|sell_shop,,emoji
10346503194,,,,,,,,,clicker|collect_index|trade,,
10350558449,,,,,,,,,race_drive,animals,emoji|update_tag
10351246089,,,,,,,,,tycoon_build,,tycoon
10351850295,29,249,3,1599,auto|cosmetic|multiplier|speed|vip,4,0.592,58260,escape_run|plus_one_stat|rng_roll,anime,emoji|plus_one|update_tag
10352185757,,,,,,,,,,,
10356701370,,,,,,,,,steal_raid|tycoon_build,animals,build_a|emoji
10364552556,,,,,,,,,rng_roll,seasonal,emoji
10364947962,,,,,,,,,escape_run,ice_fire,
10368005384,,,,,,,,,,food|giant,
10370802481,5,249,99,399,cosmetic|vip,9,0.399,32847,,space|sports,update_tag
10371406677,4,90,75,185,multiplier|storage|vip,4,0.309,191142,hatch_gacha|race_drive,animals|eggs|money,verb_for_noun
10372351735,,,,,,,,,race_drive,vehicles,x_vs_y
10372466625,,,,,,,,,fight_battle,,
10376944238,5,199,25,399,multiplier|storage,,,,collect_index|survive_nights|tycoon_build,horror,build_a
10378885079,1,149,149,149,vip,44,0.998,44739,break_mine|fight_battle,,emoji|update_tag
10380743712,10,76,49,199,vip,,,,,,emoji
10381830868,,,,,,,,,,horror,emoji
10383037602,,,,,,,,,quiz_guess,anime|sports,emoji
10383973024,,,,,,,,,hit_swing,space|sports,emoji
10384841418,,,,,,,,,clicker|sell_shop,,
10384890234,,,,,,,,,hit_swing|obby_climb,,emoji
10387635049,6,289,99,459,auto|multiplier|skip|storage,24,0.553,37662,grow_farm|hatch_gacha|race_drive,animals,emoji
10389353525,,,,,,,,,,animals,
10389762549,,,,,,,,,fight_battle|rng_roll,fantasy,update_tag
10390151142,,,,,,,,,,music,
10391036163,5,89,19,199,speed,20,0.488,13753,job_shift,horror,
10391461348,,,,,,,,,obby_climb|plus_one_stat|rng_roll,,plus_one
10392686454,,,,,,,,,,,emoji|one_word
10393438342,6,174,99,299,luck|multiplier|speed|vip,6,0.457,8027,obby_climb|tower_defense,,emoji|update_tag
10393620082,,,,,,,,,obby_climb|tycoon_build,,build_a
10394064134,28,199,29,1999,vip,,,,dress_style|roleplay_life,music|school,
10397566868,9,99,9,239,cosmetic|luck|multiplier,,,,paint_create|survive_nights,,emoji
10398947938,,,,,,,,,,giant|money,
10399125962,3,,,,vip,1,,604,obby_climb|party_minigames|quiz_guess,,
10399136326,5,399,159,1199,multiplier,,,,fight_battle,anime,
10399413858,,,,,,,,,collect_index|dice_cards,money|sports,verb_for_noun
10399524075,,,,,,,,,break_mine|tycoon_build,,emoji|update_tag
10403820097,5,29,19,149,cosmetic|multiplier|vip,14,0.728,176748,,,emoji
10404519332,7,264,79,1000,auto|luck|multiplier|vip,4,0.743,44611,,nature,emoji
10405010493,7,59,39,399,multiplier|speed|vip,,,,roleplay_life,,emoji
10405785379,,,,,,,,,grow_farm|obby_climb|tycoon_build,money,build_a|emoji
10406744768,,,,,,,,,steal_raid,,
10406853972,,,,,,,,,break_mine|tycoon_build,brainrot|money,
10409732219,,,,,,,,,escape_run|plus_one_stat,food,plus_one|update_tag
10410945205,31,399,3,3999,auto|multiplier|skip|speed|storage,,,,plus_one_stat,,plus_one
10411998017,35,299,79,999,multiplier,,,,,vehicles,emoji
10415694629,1,599,599,599,,,,,break_mine|obby_climb,,
10415845204,15,299,149,1299,auto|luck|multiplier|speed|storage,5,1.0,24923,clicker|hatch_gacha|plus_one_stat,animals,emoji|simulator|update_tag
10417857486,,,,,,,,,,money,emoji
10417987249,,,,,,,,,dice_cards|fight_battle|forge_craft,,one_word
10418117926,7,129,49,1199,speed,8,0.472,19223,sell_shop,,emoji
10418224975,,,,,,,,,break_mine|plus_one_stat,,plus_one
10418381226,,,,,,,,,rng_roll|tycoon_build,sports,emoji
10419655626,,,,,,,,,roleplay_life,,
10420582875,,,,,,,,,,,emoji
10421154706,,,,,,,,,fight_battle|tower_defense,anime|fantasy|superheroes,
10421901778,19,99,9,720,multiplier|speed|vip,43,0.589,96848,clicker|cook_serve|sell_shop,,
10422038064,4,374,349,729,multiplier|vip,,,,collect_index|hit_swing,brainrot,
10424107160,2,249,99,399,storage|vip,19,0.603,85760,survive_nights,,emoji|survive_x
10425789398,,,,,,,,,,,update_tag
10426768719,,,,,,,,,roleplay_life|tycoon_build,,emoji
10428543942,,,,,,,,,,,one_word
10430019389,8,349,49,599,auto|multiplier|speed|vip,,,,,anime,emoji
10430413968,,,,,,,,,obby_climb,sports,
10431718987,3,199,99,249,auto|multiplier|speed,,,,merge|tycoon_build,military,emoji
10435170241,,,,,,,,,collect_index|tycoon_build,,update_tag
10435851846,,,,,,,,,hit_swing,sports,update_tag
10436530264,,,,,,,,,tycoon_build,,build_a
10437809977,,,,,,,,,escape_run|obby_climb|plus_one_stat,vehicles,emoji|plus_one
10438013523,3,299,299,399,multiplier|vip,9,0.744,28769,,,emoji
10439568447,,,,,,1,,32597,cook_serve|survive_nights,,update_tag
10440833423,,,,,,,,,grow_farm,nature,emoji
10441199872,5,79,29,299,multiplier|speed|vip,15,0.624,114666,,,
10445832507,,,,,,,,,collect_index,money|space,
10446291786,,,,,,,,,roleplay_life,,emoji
10448889633,,,,,,,,,,,emoji
10452740285,3,99,29,399,auto|multiplier|speed,,,,shooter|tower_defense|tycoon_build,military,build_a
10454554751,,,,,,,,,collect_index|hatch_gacha,toys,emoji
10454932245,,,,,,,,,obby_climb,,emoji
10455462279,11,349,79,999,multiplier|vip,,,,fight_battle|shooter|survive_nights,,emoji
10455741150,2,109,79,139,vip,,,,roleplay_life,dinosaurs,emoji
10456511458,,,,,,,,,obby_climb|tycoon_build,money|space,emoji
10456881513,,,,,,,,,obby_climb,,
10458789587,9,135,3,699,auto|multiplier|vip,,,,collect_index|roleplay_life|tycoon_build,,build_a|emoji
10460801145,14,99,8,1499,multiplier|speed,,,,obby_climb,,
10461810987,,,,,,,,,escape_run|obby_climb|plus_one_stat,,emoji|plus_one
10463578886,,,,,,,,,fight_battle|obby_climb|roleplay_life|tower_defense,,emoji
10466601694,,,,,,,,,tycoon_build,money,emoji|tycoon
10469426282,,,,,,,,,,money,emoji|update_tag
10471583973,9,299,99,1499,speed,6,0.967,22054,tycoon_build,,emoji|tycoon
10475794799,10,274,99,1499,auto|luck|multiplier|skip|storage|vip,,,,break_mine,,emoji
10480998942,,,,,,,,,,,update_tag
10481791182,3,249,199,399,vip,,,,,superheroes,emoji
10482775464,3,174,44,214,multiplier,,,,,,
10482905194,,,,,,,,,paint_create,,
10485201326,29,299,9,2000,auto|luck|multiplier|skip|speed|storage|vip,1,,40474,clicker|plus_one_stat,,plus_one|update_tag
10493730706,,,,,,,,,survive_nights,,update_tag
10495391267,,,,,,,,,trade|tycoon_build,,
10496189928,12,236,108,699,multiplier|speed,,,,party_minigames|survive_nights,,
10496981141,,,,,,,,,hatch_gacha|steal_raid,brainrot|eggs,steal_a
10500388554,,,,,,,,,roleplay_life,,emoji
10501640692,7,59,9,249,luck|multiplier|skip|vip,3,0.224,37,hatch_gacha,,
10501944811,10,99,59,279,luck|multiplier|speed|storage|vip,,,,fight_battle,anime|money,
10502841145,19,399,99,799,luck|multiplier|speed|storage|vip,44,0.998,5229,clicker|hatch_gacha|plus_one_stat|rng_roll,anime,simulator
10503838245,,,,,,,,,collect_index|fight_battle|hatch_gacha,animals,
10504837200,,,,,,,,,rng_roll,military,emoji
10504918958,3,450,75,499,storage,,,,,,update_tag
10506207587,,,,,,,,,forge_craft,fantasy,
10506291803,,,,,,,,,,money,emoji
10507075860,,,,,,,,,break_mine,stone_rocks,
10507650215,,,,,,,,,,,one_word
10508386614,,,,,,,,,,,
10512942223,4,599,149,899,multiplier|skip|vip,4,0.027,259968,,anime,emoji
10514223296,66,54,9,399,luck|multiplier|speed,,,,roleplay_life|sell_shop|tycoon_build,money,emoji
10514280922,,,,,,,,,grow_farm|rng_roll,,
10514488908,,,,,,,,,,horror,
10515406328,,,,,,,,,sell_shop,animals,
10516888336,,,,,,,,,collect_index|fight_battle|shooter,animals,emoji|update_tag
10517428659,,,,,,,,,party_minigames|tycoon_build,money,emoji
10520829450,9,49,14,280,cosmetic|vip,1,,193447,,,
10521797740,25,299,179,999,auto|cosmetic|multiplier,18,0.145,138130,dice_cards,,emoji
10522766429,,,,,,,,,grow_farm|roleplay_life|tycoon_build,,build_a|emoji
10522965485,,,,,,,,,rng_roll,brainrot,emoji|verb_for_noun
10524813259,7,124,19,499,auto|speed|storage|vip,3,0.019,6816,hatch_gacha|rng_roll,,emoji
10526166728,,,,,,,,,merge,,
10526434002,,,,,,,,,escape_run|obby_climb|plus_one_stat,,plus_one
10526463655,2,249,249,249,vip,1,,243000,fight_battle,sports,update_tag
10526853622,9,249,99,599,auto|luck|multiplier|vip,13,0.851,56950,collect_index|fishing,,emoji
10528250136,,,,,,,,,escape_run|obby_climb|plus_one_stat,,plus_one|update_tag
10529067596,16,154,3,995,multiplier,,,,hit_swing,sports,emoji
10529769390,3,,,,luck|multiplier|vip,,,,obby_climb|tower_defense,,emoji
10530261598,2,399,299,499,vip,2,0.004,2329,roleplay_life,,
10531477636,,,,,,,,,grow_farm|merge|rng_roll|tower_defense|tycoon_build,brainrot,emoji
10532995815,16,249,15,899,luck|multiplier|skip|speed|vip,,,,break_mine,,emoji
10533638982,13,149,49,299,multiplier|skip|speed,,,,break_mine|collect_index|sell_shop,food,emoji
10534873486,32,699,79,9999,auto|cosmetic|luck|multiplier|skip|speed,1,,,clicker|plus_one_stat,,plus_one
10535292470,,,,,,,,,,animals,update_tag
10536000210,,,,,,,,,escape_run|plus_one_stat,,plus_one
10536853610,,,,,,,,,race_drive,,one_word
10537172776,3,79,79,79,multiplier|vip,,,,escape_run|obby_climb|party_minigames|quiz_guess|race_drive,ice_fire,emoji
10537346933,,,,,,,,,rng_roll,food|giant|money,
10539411000,5,50,25,599,multiplier|vip,2,0.0,38572,,,emoji
10541331578,,,,,,,,,collect_index|forge_craft|survive_nights,horror|nature,emoji
10544327471,16,234,39,2999,auto|luck|multiplier|speed|vip,,,,hatch_gacha|plus_one_stat,,plus_one
10544339689,,,,,,,,,escape_run|plus_one_stat,,emoji|plus_one|update_tag
10546705891,3,199,149,239,multiplier|speed,,,,job_shift,,emoji|update_tag
10547918402,,,,,,,,,escape_run|obby_climb|plus_one_stat,,plus_one|update_tag
10549129889,,,,,,,,,,,emoji
10550257968,3,129,129,299,multiplier|speed,,,,steal_raid,animals,steal_a
10550305160,,,,,,,,,break_mine,,
10551923502,,,,,,,,,escape_run|obby_climb|plus_one_stat,,plus_one
10552240401,12,399,29,699,auto|luck|multiplier|speed|vip,,,,fight_battle|merge|rng_roll,anime,update_tag
10552540426,,,,,,1,,17267,grow_farm,,update_tag
10553704684,10,224,9,999,auto|multiplier|speed|vip,56,0.865,343083,cook_serve|grow_farm|hatch_gacha|job_shift|sell_shop|tycoon_build,animals|money,emoji
10554316588,,,,,,,,,escape_run|plus_one_stat,,emoji|plus_one
10556383571,14,124,9,399,auto|luck|multiplier|vip,9,0.861,35499,clicker,money,emoji
10561166339,2,124,99,149,auto|speed,,,,break_mine|rng_roll,military|money|robots,emoji
10561309674,,,,,,,,,,,
10561352230,,,,,,,,,clicker|collect_index|fishing|plus_one_stat,,plus_one|update_tag
10563114921,2,433,399,467,multiplier|speed,6,0.349,1861876,hatch_gacha|steal_raid,animals|eggs,steal_a
10565445771,,,,,,,,,,,
10566677406,15,250,50,450,storage,8,0.047,11142,,,
10569930060,,,,,,,,,,,emoji|update_tag
10571722689,,,,,,,,,collect_index|fight_battle|tycoon_build,,update_tag
10572887321,4,324,299,349,multiplier|vip,1,,80154,fight_battle|hit_swing|race_drive,vehicles,emoji
10575295323,,,,,,,,,,,
10575619152,2,237,199,275,,,,,,,emoji
10576739951,2,106,63,149,skip|vip,,,,,,
10577377368,,,,,,,,,roleplay_life,money,
10577588270,6,194,99,649,multiplier|vip,,,,plus_one_stat,superheroes,emoji|plus_one
10577682617,5,149,49,399,storage,,,,obby_climb|plus_one_stat|tycoon_build,,build_a|plus_one
10579389074,2,499,399,599,multiplier,,,,escape_run,animals,emoji|update_tag
10583634958,,,,,,,,,collect_index,money,
10586746293,29,99,9,499,multiplier|skip|speed|vip,2,0.5,74363,roleplay_life|survive_nights,horror,emoji
10587328652,,,,,,,,,collect_index|quiz_guess,sports,
10588977897,,,,,,,,,forge_craft|steal_raid|tower_defense|tycoon_build,,
10589388621,,,,,,,,,collect_index|grow_farm|race_drive|trade|tycoon_build,money|vehicles,emoji|update_tag
10589881655,10,39,3,199,cosmetic|multiplier|speed|storage,,,,dress_style|sell_shop,,
10590149941,,,,,,,,,merge,brainrot|money,
10590260635,,,,,,,,,break_mine|plus_one_stat,anime,plus_one
10593319486,,,,,,,,,escape_run|plus_one_stat,,plus_one
10597001332,2,,,,multiplier|vip,5,0.276,715278,,,
10598641427,,,,,,,,,,,
10598688389,31,189,29,2499,,6,0.485,113643,shooter,,emoji
10599927450,,,,,,,,,,,emoji
10601155553,9,,,,,,,,dice_cards,,
10601447895,,,,,,,,,escape_run|hit_swing|plus_one_stat,,plus_one
10603011269,,,,,,,,,collect_index|fight_battle|forge_craft|merge|survive_nights|tycoon_build,animals|fantasy|horror|money,emoji
10603675889,,,,,,31,0.621,190894,break_mine|fishing|survive_nights,,emoji
10604542637,,,,,,,,,obby_climb,,
10604772590,14,224,49,1499,storage,,,,survive_nights|tycoon_build,,update_tag
10608856704,30,129,9,1399,auto|multiplier|speed|storage,2,0.0,462484,paint_create|plus_one_stat,,plus_one
10608908197,,,,,,,,,paint_create,,
10612017628,3,99,29,249,multiplier|vip,,,,,brainrot|giant,
10614082913,,,,,,,,,collect_index|plus_one_stat,money|sports,emoji|plus_one
10616474341,22,74,10,399,vip,49,0.872,44925,fight_battle|hit_swing|survive_nights,horror,
10619854384,,,,,,,,,collect_index|hatch_gacha,stone_rocks,emoji|simulator|update_tag
10624691669,4,87,50,175,,2,0.37,37053,,,emoji
10626746750,,,,,,,,,tycoon_build,military,
10628006421,,,,,,,,,,,emoji|one_word
10628223804,1,100,100,100,vip,,,,,,one_word
10628526114,12,164,9,799,auto|luck|multiplier|storage|vip,16,0.444,97501,collect_index|forge_craft|hatch_gacha|shooter,animals,emoji
10628907188,1,,,,multiplier,1,,47816,,,
10630620554,,,,,,,,,shooter,,
10630800860,4,19,14,39,multiplier,,,,,,
10631775021,48,149,29,9999,auto|luck|multiplier|speed|storage,4,0.686,53927,clicker|escape_run|hatch_gacha|plus_one_stat,,plus_one
10634461028,11,49,39,199,multiplier,1,,,race_drive,,
10635348596,4,174,99,349,multiplier|vip,,,,party_minigames,,emoji|update_tag
10636331438,7,149,19,399,auto|multiplier|speed|storage,,,,collect_index|fishing|rng_roll,money,emoji
10637513477,,,,,,,,,escape_run|plus_one_stat,,emoji|plus_one|update_tag
10637759898,18,94,29,179,auto|multiplier|vip,2,0.542,139385,quiz_guess,,
10638048650,,,,,,,,,,,update_tag
10640957718,,,,,,,,,,,
10641300771,15,69,19,149,multiplier|vip,,,,,,emoji
10642022844,,,,,,,,,roleplay_life|survive_nights,horror,
10642548584,,,,,,,,,obby_climb,school,
10642702105,,,,,,,,,,,emoji
10643795368,14,400,200,1200,auto|luck|multiplier|speed|storage|vip,,,,,money,
10643877552,4,274,199,349,luck|multiplier,,,,dice_cards|tycoon_build,sports,build_a
10647949490,,,,,,,,,break_mine,,
10648555380,,,,,,,,,,money,emoji
10648640958,5,1499,129,1699,,8,0.329,76775,shooter,,emoji|update_tag
10648820673,,,,,,1,,78648,cook_serve,,emoji|one_word
10649255304,4,154,120,160,multiplier|speed,1,,110963,hatch_gacha,animals|eggs|money,
10649457157,,,,,,,,,,,emoji
10654199482,,,,,,,,,survive_nights,food|zombies,emoji
10662463285,,,,,,,,,job_shift|paint_create|roleplay_life,money,emoji|update_tag
10664667515,,,,,,,,,fight_battle|plus_one_stat,dinosaurs,plus_one
10665420648,13,299,79,399,luck|multiplier|skip|storage|vip,6,0.752,486540,rng_roll,,update_tag
10667006841,3,49,49,99,multiplier|vip,3,0.124,3783,obby_climb|party_minigames|quiz_guess,anime,
10667357873,7,699,79,799,luck|multiplier|skip|speed,11,0.763,217056,collect_index|hatch_gacha|race_drive,vehicles,emoji
10667860714,,,,,,,,,break_mine|roleplay_life,,emoji|update_tag
10669713140,,,,,,,,,hatch_gacha|tower_defense|tycoon_build,dinosaurs|eggs,build_a|emoji
10673920146,5,629,49,1299,multiplier|vip,,,,shooter|survive_nights,,survive_x
10675117523,15,199,29,499,luck|multiplier|speed|storage|vip,8,1.0,21941,clicker|fight_battle|obby_climb,anime,emoji
10677698797,,,,,,3,0.253,156,fight_battle,,
10681914462,13,99,3,1499,multiplier|speed,,,,escape_run|plus_one_stat,,emoji|plus_one
10682099418,,,,,,,,,escape_run|plus_one_stat,ice_fire,emoji|plus_one|update_tag
10683945170,,,,,,,,,obby_climb|steal_raid|survive_nights|tycoon_build,horror|money,emoji
10684750879,7,299,29,999,auto|luck|skip|vip,,,,fight_battle|forge_craft|plus_one_stat,,plus_one|update_tag
10685282333,,,,,,,,,collect_index|fight_battle,sports,x_vs_y
10690360998,4,374,299,499,multiplier|speed,15,0.907,42932,collect_index|hatch_gacha|obby_climb,animals|eggs,verb_for_noun
10690942083,7,39,19,799,luck|multiplier|skip,,,,hatch_gacha,,emoji
10694549945,,,,,,,,,hatch_gacha|hit_swing|sell_shop|steal_raid,eggs|food,steal_a
10696894951,4,299,199,399,vip,1,,123897,survive_nights|tycoon_build,,survive_x
10698216738,,,,,,,,,fight_battle|tycoon_build,military,tycoon
10699057921,,,,,,,,,race_drive,,emoji|one_word
10700505394,8,279,59,1099,multiplier,,,,escape_run|plus_one_stat,toys,emoji|plus_one|update_tag
10700618962,10,249,69,799,auto|luck|multiplier|speed|vip,,,,grow_farm,money,emoji
10701628624,,,,,,5,0.622,290498,job_shift,animals,
10704015784,12,274,24,1999,luck,2,0.177,66595,obby_climb,,
10705618167,,,,,,,,,fight_battle,,one_word
10708913337,6,299,199,799,luck|multiplier|speed|vip,,,,dice_cards|rng_roll,anime,emoji|update_tag
10714746778,19,39,9,799,multiplier|speed,5,0.455,136526,tycoon_build,,build_a
10717002748,8,479,69,4999,multiplier|vip,1,,113160,plus_one_stat|shooter,,plus_one
10717199977,2,174,99,249,multiplier|storage,,,,survive_nights|tycoon_build,,
10718240577,2,,,,multiplier|speed,1,,64599,fishing|hatch_gacha|steal_raid,eggs,emoji
10723087263,,,,,,,,,clicker|obby_climb,,emoji
10724269636,1,199,199,199,multiplier,,,,grow_farm|hatch_gacha|obby_climb,animals,emoji|grow_a
10727829780,,,,,,,,,hatch_gacha|pet_care,eggs,update_tag
10730414817,,,,,,,,,,anime,
10732236937,,,,,,11,,,,seasonal,
10733110573,,,,,,,,,fight_battle|shooter,,
10737127681,,,,,,,,,steal_raid|survive_nights|tycoon_build,animals,emoji
10737231383,3,279,249,299,multiplier|vip,1,,25082,hatch_gacha|obby_climb|steal_raid,animals|eggs|money,emoji
10737256446,,,,,,,,,obby_climb,,
10737656087,41,500,350,1000,multiplier|storage,,,,roleplay_life,,emoji|update_tag
10737986845,7,299,49,999,multiplier|vip,,,,survive_nights|tycoon_build,,emoji
10739044772,3,79,29,499,auto|multiplier,,,,collect_index|grow_farm,money,emoji
10739112966,2,207,15,399,,,,,clicker|hit_swing|obby_climb|shooter,sports,
10739681803,,,,,,,,,,,emoji|one_word
10740316645,7,299,99,1199,auto|luck|vip,,,,break_mine,anime|money|nature|stone_rocks,emoji
10741302505,,,,,,,,,collect_index,,emoji
10741514942,15,124,19,469,multiplier,,,,paint_create|roleplay_life,,
10741654282,5,149,99,229,luck|multiplier|speed,3,0.613,182300,race_drive|tycoon_build,vehicles|zombies,
10741792653,,,,,,,,,fight_battle|survive_nights,,survive_x
10742019356,,,,,,,,,roleplay_life,money,emoji|update_tag
10742937135,,,,,,,,,break_mine|escape_run|survive_nights,horror,emoji|update_tag
10743048214,2,599,299,899,,33,0.332,79526,fight_battle,seasonal,emoji
10744310825,13,99,3,199,multiplier|vip,7,0.955,723959,paint_create|tycoon_build,money,emoji|get_rich|verb_for_noun
10747748563,,,,,,,,,hatch_gacha|steal_raid,anime|eggs,steal_a
10748543623,8,199,79,399,multiplier|storage,,,,collect_index|dice_cards|fight_battle|tycoon_build,,
10748586525,,,,,,,,,roleplay_life|tycoon_build,,
10749831764,,,,,,,,,collect_index|tycoon_build,sports,
10750406988,,,,,,,,,hatch_gacha,,emoji
10751572992,,,,,,,,,,ice_fire,emoji
10751939592,8,149,49,499,speed,,,,obby_climb,,
10752743876,,,,,,,,,,music,emoji
10752833252,5,174,99,199,cosmetic|multiplier|storage,5,0.047,65372,escape_run|roleplay_life|steal_raid,,
10753487407,6,79,29,499,storage|vip,2,0.035,88507,,,emoji|one_word
10753751277,3,129,99,299,multiplier|speed|vip,6,0.126,195004,hatch_gacha|steal_raid|tycoon_build,money,
10755094976,,,,,,,,,,school,
10756011174,9,149,99,499,luck|multiplier|speed,5,0.248,472411,,,emoji|verb_for_noun
10756631918,,,,,,,,,forge_craft|steal_raid,brainrot|money,emoji
10756780270,9,149,19,299,multiplier|vip,,,,fight_battle|hit_swing,,
10757247806,,,,,,,,,tycoon_build,,
10757498504,2,184,169,199,multiplier|speed,,,,hatch_gacha|steal_raid,anime|eggs,steal_a
10757504146,,,,,,,,,hatch_gacha|steal_raid,brainrot|eggs,steal_a
10757704931,15,99,39,699,auto|luck|multiplier|speed|storage|vip,1,,103948,hatch_gacha|plus_one_stat,military,plus_one
10758397570,2,360,320,400,multiplier|speed,,,,hatch_gacha|steal_raid,eggs,steal_a
10759337137,1,,,,,34,0.281,15181,fight_battle|shooter|tycoon_build,,
10759415852,6,224,150,399,luck|multiplier|storage|vip,,,,collect_index|hit_swing|tycoon_build,seasonal,emoji
10759430423,24,99,5,2499,auto|cosmetic|luck|multiplier|skip|storage,,,,plus_one_stat|rng_roll,animals|nature,plus_one
10759478428,20,349,8,1999,auto|multiplier|speed,,,,hatch_gacha|steal_raid,anime|eggs,
10759485670,,,,,,,,,obby_climb,,
10759518799,6,49,25,99,,34,0.535,192400,roleplay_life|survive_nights,,
10759594563,3,149,149,199,multiplier|vip,7,0.659,58641,tycoon_build,anime,
10759638075,7,495,60,1995,luck|vip,7,0.001,13311,hatch_gacha,animals,emoji
10759661128,,,,,,,,,fight_battle|fishing,ocean,emoji|update_tag
10759860151,,,,,,,,,,,
10761115872,,,,,,,,,obby_climb,,update_tag
10761143648,,,,,,,,,race_drive|steal_raid,vehicles,
10761200080,,,,,,,,,,,
10761375767,1,374,374,374,multiplier,,,,tycoon_build,animals|ocean,emoji
10761375938,4,249,99,299,luck|speed,,,,rng_roll|tower_defense,,
10761687472,13,249,75,549,multiplier|vip,12,0.577,9657,escape_run|job_shift,,
10762175328,,,,,,,,,,,emoji
10762388019,5,99,49,399,speed,,,,obby_climb,,
10762636904,,,,,,,,,obby_climb|tower_defense,,
10762757054,3,299,149,599,multiplier,1,,75537,,,
10762798338,5,224,49,999,multiplier,6,0.383,72716,survive_nights,animals,
10763714513,15,84,29,1299,auto|multiplier|speed,5,0.249,90753,tycoon_build,ice_fire,emoji|tycoon
10763764817,15,89,19,499,multiplier|speed,,,,hatch_gacha|hit_swing,eggs,verb_for_noun
10763860058,,,,,,,,,,,emoji|one_word
10764221401,8,139,79,799,multiplier,,,,obby_climb,,
10764297006,10,139,39,999,multiplier|speed|vip,,,,fight_battle,,
10764300350,,,,,,,,,,sports,
10764328008,,,,,,,,,grow_farm|steal_raid,,steal_a
10764332301,,,,,,,,,,fantasy,update_tag
10764385875,,,,,,,,,collect_index|paint_create,,emoji
10764404786,,,,,,,,,,fantasy|vehicles,emoji
10764412489,3,149,99,199,speed,8,0.582,108151,obby_climb,,
10764415267,2,299,299,299,multiplier|speed,1,,93986,,animals,
10764479526,,,,,,,,,plus_one_stat,,plus_one
10764533320,19,49,14,99,cosmetic|multiplier|vip,,,,fight_battle|rng_roll,music,emoji|update_tag
10764613327,2,80,80,80,,,,,quiz_guess,music,emoji
10764627709,6,799,99,1799,multiplier|vip,,,,,,
10764640833,17,59,19,699,multiplier|vip,14,0.154,73323,clicker|obby_climb,,one_word
10764706572,8,74,14,289,vip,,,,,,
10764794065,2,114,29,199,multiplier,2,0.001,232268,party_minigames|survive_nights,money,emoji
10764839604,15,133,3,1279,multiplier|speed,1,,196599,hatch_gacha,animals|eggs,verb_for_noun
10764883692,,,,,,,,,,,
10764887435,,,,,,,,,,nature,emoji
10764888929,,,,,,,,,hatch_gacha|obby_climb,animals|eggs|money,verb_for_noun
10764891927,16,149,3,1035,multiplier|vip,1,,153103,fight_battle,,emoji
10764897725,3,199,149,349,multiplier|speed,1,,369385,hatch_gacha|plus_one_stat,animals|eggs|money,plus_one
10764967952,,,,,,,,,tycoon_build,,tycoon
10764980068,4,84,15,199,multiplier|speed,,,,plus_one_stat|rng_roll|sell_shop,ice_fire,plus_one
10764989090,,,,,,,,,fight_battle,anime|sports,emoji
10765012427,10,549,29,1499,multiplier,,,,tycoon_build,ancient,build_a
10765013362,3,324,249,399,multiplier,5,0.896,100808,break_mine|hatch_gacha,animals|eggs|money,verb_for_noun
10765032875,3,149,99,199,multiplier|speed|vip,,,,collect_index|hatch_gacha,animals,verb_for_noun
10765035506,,,,,,,,,dress_style|obby_climb,seasonal,emoji
10765061113,,,,,,,,,hatch_gacha,animals|eggs|money,be_a
10765067592,,,,,,,,,break_mine|obby_climb,,update_tag
10765078176,,,,,,,,,,,
10765091041,4,90,75,185,multiplier|storage|vip,1,,70210,,animals|money|ocean,
10765153945,10,399,399,399,multiplier|speed,,,,race_drive|steal_raid|tycoon_build,vehicles,steal_a
10765158636,,,,,,,,,collect_index|hatch_gacha|steal_raid|tycoon_build,animals|brainrot|eggs,
10765167636,12,199,29,799,multiplier|vip,1,,67930,shooter|steal_raid|tycoon_build,money,emoji|tycoon
10765190004,7,374,199,499,multiplier|vip,,,,roleplay_life,anime|school,
10765279487,4,90,75,185,multiplier|storage|vip,2,0.152,89970,hatch_gacha,animals|eggs|money,
10765288803,,,,,,1,,655403,break_mine|collect_index|hatch_gacha|steal_raid,eggs,
10765298801,11,149,25,599,auto,,,,hatch_gacha|hit_swing|plus_one_stat,stone_rocks,plus_one
10765312940,2,433,399,467,multiplier|speed,1,,136694,collect_index|hatch_gacha|steal_raid|tycoon_build,disaster|eggs,emoji|verb_for_noun
10765332568,,,,,,,,,,animals,verb_for_noun
10765361336,,,,,,,,,,zombies,
10765481558,7,350,299,450,multiplier,9,0.941,74080,escape_run|hatch_gacha|obby_climb|survive_nights,animals|eggs|ice_fire|money|vehicles,survive_x
10765490774,4,229,29,259,auto|multiplier|vip,1,,316482,hatch_gacha|obby_climb|tycoon_build,animals|eggs|money,emoji|verb_for_noun
10765563835,3,199,149,449,luck|multiplier,2,0.15,280901,shooter,,emoji|x_vs_y
10765574547,,,,,,,,,clicker|dress_style|roleplay_life,,emoji
10765579304,,,,,,,,,grow_farm|tycoon_build,,
10765582175,1,299,299,299,,13,0.42,285824,survive_nights,animals|horror,one_word
10765629147,6,49,9,99,auto|multiplier|vip,,,,,animals|money,verb_for_noun
10765629453,,,,,,,,,hatch_gacha|steal_raid|tycoon_build,animals|eggs,verb_for_noun
10765637643,7,199,99,799,multiplier|vip,3,0.843,699372,escape_run|hatch_gacha|steal_raid|survive_nights,eggs|horror,emoji|steal_a
10765686447,2,433,399,467,multiplier,,,,collect_index|hatch_gacha|steal_raid|tycoon_build,eggs,
10765708310,,,,,,,,,break_mine|forge_craft|sell_shop|tycoon_build,stone_rocks,update_tag
10765718108,,,,,,,,,,,emoji
10765748731,2,149,99,199,vip,,,,,,
10765751583,4,224,99,499,multiplier|vip,,,,,,emoji|update_tag
10765763629,3,179,59,299,speed|vip,,,,clicker|obby_climb,,
10765764482,,,,,,,,,,,
10765785152,,,,,,,,,quiz_guess,anime,
10765799968,,,,,,,,,forge_craft,fantasy,emoji|update_tag
10765834825,,,,,,,,,clicker|fight_battle|tycoon_build,,emoji
10765855425,,,,,,,,,roleplay_life,animals,
10765902945,13,399,99,799,luck|multiplier|speed|storage,9,1.0,7328,hatch_gacha,anime,simulator|update_tag
10765906597,17,199,29,999,cosmetic|luck|multiplier|speed|storage|vip,5,0.54,221006,hit_swing|job_shift,sports,emoji
10765927544,,,,,,,,,roleplay_life,,emoji
10765950109,21,199,19,1299,cosmetic|luck|multiplier|speed,6,0.001,188065,hatch_gacha|steal_raid,eggs,steal_a
10765951887,4,100,50,120,,,,,roleplay_life,,one_word
10766004084,,,,,,,,,break_mine|escape_run,money|stone_rocks,
10766008884,6,85,40,150,auto|multiplier|storage|vip,10,0.781,226620,hatch_gacha|steal_raid,animals|eggs|money,
10766009412,,,,,,,,,,horror,emoji
10766056678,10,199,3,799,cosmetic|multiplier|vip,1,,,hatch_gacha|steal_raid,animals|eggs,
10766057873,,,,,,,,,race_drive|roleplay_life,vehicles,update_tag
10766105412,,,,,,,,,break_mine|steal_raid,,
10766135603,12,199,3,1249,multiplier,,,,plus_one_stat,money|stone_rocks,plus_one
10766138478,4,179,149,280,multiplier|speed,1,,351460,hatch_gacha|plus_one_stat,animals|eggs|money,plus_one
10766142497,29,49,15,299,multiplier|storage|vip,10,0.899,179737,race_drive,,
10766222230,2,99,99,99,,,,,fight_battle|obby_climb,,
10766240516,2,89,79,99,multiplier|vip,5,1.0,218501,hatch_gacha|shooter,animals|eggs,verb_for_noun
10766257839,,,,,,,,,race_drive,vehicles,emoji
10766309747,11,199,69,799,luck|multiplier|skip|storage|vip,,,,,ice_fire,emoji
10766349481,12,98,20,229,multiplier|speed|storage|vip,2,0.1,93670,,,emoji
10766364164,2,94,59,129,multiplier,,,,quiz_guess,,update_tag
10766390665,4,59,59,99,multiplier,,,,fight_battle|quiz_guess,,emoji|update_tag
10766395909,1,49,49,49,,,,,,animals,
10766399546,,,,,,,,,,,one_word
10766420770,,,,,,,,,grow_farm|sell_shop,,emoji
10766426236,,,,,,,,,race_drive,vehicles,
10766440903,1,,,,vip,2,0.114,94390,rng_roll,,
10766494202,,,,,,,,,tycoon_build,,emoji
10766502612,9,199,49,799,multiplier|vip,3,0.04,148733,,money,update_tag
10766506199,,,,,,24,0.666,246180,,animals,
10766578375,10,100,59,499,multiplier,,,,job_shift,,update_tag
10766687030,5,199,69,499,multiplier|vip,26,0.941,300261,,space,
10766721625,7,160,120,4500,multiplier|speed|vip,,,,break_mine|grow_farm|hatch_gacha,animals|eggs|money,emoji|verb_for_noun
10766725034,,,,,,,,,,prison,
10766735253,,,,,,,,,plus_one_stat,ice_fire,plus_one
10766773917,9,149,99,299,vip,1,,137945,break_mine|paint_create|tycoon_build,,emoji
10766812776,11,249,99,2000,multiplier|skip|vip,,,,,,
10767012496,,,,,,,,,race_drive,sports|vehicles,update_tag
10767138232,,,,,,,,,roleplay_life,,
10767183467,,,,,,,,,,,
10767240772,,,,,,,,,break_mine|hatch_gacha,eggs,emoji
10767357183,,,,,,,,,collect_index|escape_run|hatch_gacha|tycoon_build,animals|disaster|eggs,escape_x
10767408330,5,119,99,199,luck|multiplier|speed|storage,,,,escape_run,,
10767545737,,,,,,,,,,,
10767566226,5,85,40,185,auto|multiplier|storage|vip,4,0.371,361524,collect_index|hatch_gacha|steal_raid,animals|eggs|money,
10767582899,10,64,25,449,auto|multiplier|speed|storage,1,,,tycoon_build,,emoji|update_tag
10767628417,7,149,49,499,luck|vip,,,,job_shift|sell_shop,,
10767634248,5,124,19,1999,vip,7,0.29,365174,fight_battle|job_shift|race_drive,ice_fire|vehicles,emoji
10767657583,4,80,40,140,,4,0.22,84942,,,
10767698786,2,1,1,1,vip,,,,party_minigames,,update_tag
10767824942,28,99,3,1999,luck|multiplier|speed|storage,3,0.515,144332,plus_one_stat,,plus_one
10767825538,1,19,19,19,,3,0.492,348690,,,one_word
10767826343,6,274,199,499,,1,,64534,,zombies,emoji
10767858548,2,200,200,200,multiplier,,,,,,emoji|one_word
10767912502,,,,,,,,,trade|tycoon_build,money,tycoon
10767922762,18,150,9,349,multiplier|speed|storage|vip,,,,dress_style,fashion,
10767957681,5,199,12,249,auto|luck|multiplier|vip,,,,tycoon_build,,tycoon|update_tag
10768023539,4,174,99,399,storage|vip,,,,,fashion,
10768176407,10,299,99,999,multiplier,,,,break_mine|roleplay_life,sports,
10768202113,7,324,9,499,multiplier|speed|vip,,,,dress_style,fashion,emoji
10768316438,,,,,,,,,collect_index|hatch_gacha,animals|eggs|stone_rocks,
10768373808,,,,,,,,,,,
10768399922,,,,,,,,,,,emoji
10768462078,,,,,,,,,survive_nights,horror,
10768468695,,,,,,,,,tycoon_build,,emoji
10768565603,5,24,9,1200,,,,,race_drive,,
10768793039,,,,,,,,,,,
10768944292,5,399,49,499,multiplier|skip|speed,,,,break_mine|grow_farm|hatch_gacha,dinosaurs|eggs|giant|ocean,emoji
10769066324,,,,,,,,,race_drive,vehicles,
