universe_id,tag,tag_type,source,confidence
47545,Roleplay & Avatar Sim,genre,roblox,1.0
47545,Town and City,genre,roblox,1.0
47545,Life,subgenre,roblox,1.0
65241,Survival,genre,roblox,1.0
65241,disaster,niche,keyword:name,0.9
65241,survival,niche,keyword:name,0.9
2471084,base_building,feature,keyword:description,0.6
2471084,Adventure,genre,roblox,1.0
2471084,Simulation,genre,roblox,1.0
2471084,tycoon,niche,keyword:name,0.9
2471084,Tycoon,subgenre,roblox,1.0
16680835,limited_events,feature,keyword:description,0.6
16680835,FPS,genre,roblox,1.0
16680835,Shooter,genre,roblox,1.0
16680835,shooter,niche,keyword:description,0.6
16680835,PvE Shooter,subgenre,roblox,1.0
21164849,Adventure,genre,roblox,1.0
21164849,Simulation,genre,roblox,1.0
21164849,simulator,niche,keyword:name,0.9
21164849,Vehicle Sim,subgenre,roblox,1.0
31970568,base_building,feature,keyword:description,0.6
31970568,Building,genre,roblox,1.0
31970568,Simulation,genre,roblox,1.0
31970568,tycoon,niche,keyword:name,0.9
31970568,Tycoon,subgenre,roblox,1.0
66654135,codes,feature,keyword:description,0.6
66654135,trading,feature,keyword:description,0.6
66654135,Horror,genre,roblox,1.0
66654135,Survival,genre,roblox,1.0
66654135,survival,niche,keyword:description,0.4
66654135,1 vs All,subgenre,roblox,1.0
73885730,Action,genre,roblox,1.0
73885730,Town and City,genre,roblox,1.0
73885730,escape,niche,keyword:description,0.4
73885730,shooter,niche,keyword:description,0.6
73885730,Open World Action,subgenre,roblox,1.0
79301772,base_building,feature,keyword:description,0.6
79301772,pvp,feature,keyword:description,0.6
79301772,Building,genre,roblox,1.0
79301772,Simulation,genre,roblox,1.0
79301772,racing_driving,niche,keyword:description,0.4
79301772,Sandbox,subgenre,roblox,1.0
83858907,luck_boost,feature,keyword:description,0.6
83858907,Adventure,genre,roblox,1.0
83858907,Obby & Platformer,genre,roblox,1.0
83858907,incremental,niche,keyword:description,0.4
83858907,obby,niche,keyword:description,0.6
83858907,racing_driving,niche,keyword:description,0.6
88070565,base_building,feature,keyword:description,0.6
88070565,Roleplay & Avatar Sim,genre,roblox,1.0
88070565,Town and City,genre,roblox,1.0
88070565,hangout,niche,keyword:description,0.4
88070565,racing_driving,niche,keyword:description,0.6
88070565,roleplay_city,niche,keyword:description,0.6
88070565,Life,subgenre,roblox,1.0
98929893,codes,feature,keyword:description,0.6
98929893,Fighting,genre,roblox,1.0
98929893,RPG,genre,roblox,1.0
98929893,anime_fighting,niche,keyword:description,0.4
98929893,shooter,niche,keyword:description,0.4
98929893,Action RPG,subgenre,roblox,1.0
110181652,pets,feature,keyword:description,0.6
110181652,Party & Casual,genre,roblox,1.0
110181652,pet_collecting,niche,keyword:description,0.4
110181652,Minigame,subgenre,roblox,1.0
111958650,Fighting,genre,roblox,1.0
111958650,Shooter,genre,roblox,1.0
111958650,racing_driving,niche,keyword:description,0.4
111958650,Deathmatch Shooter,subgenre,roblox,1.0
113491250,pvp,feature,keyword:description,0.6
113491250,FPS,genre,roblox,1.0
113491250,Shooter,genre,roblox,1.0
113491250,shooter,niche,keyword:description,0.6
113491250,Deathmatch Shooter,subgenre,roblox,1.0
114070244,Adventure,genre,roblox,1.0
114070244,Survival,genre,roblox,1.0
114070244,disaster,niche,keyword:description,0.6
114070244,roleplay_city,niche,keyword:description,0.6
114070244,simulator,niche,keyword:description,0.4
114967577,Fighting,genre,roblox,1.0
114967577,RPG,genre,roblox,1.0
114967577,anime_fighting,niche,keyword:description,0.6
114967577,incremental,niche,keyword:description,0.4
114967577,rng,niche,keyword:description,0.4
114967577,Action RPG,subgenre,roblox,1.0
115797356,FPS,genre,roblox,1.0
115797356,Shooter,genre,roblox,1.0
115797356,Deathmatch Shooter,subgenre,roblox,1.0
123956318,RPG,genre,roblox,1.0
123956318,Roleplay & Avatar Sim,genre,roblox,1.0
123956318,anime_fighting,niche,keyword:description,0.4
123956318,roleplay_city,niche,keyword:name,0.9
123956318,Life,subgenre,roblox,1.0
124283622,leaderboards,feature,keyword:description,0.6
124283622,Sports,genre,roblox,1.0
124283622,Sports & Racing,genre,roblox,1.0
124283622,sports,niche,keyword:name,0.9
124283622,Sports,subgenre,roblox,1.0
184199275,Sports,genre,roblox,1.0
184199275,Sports & Racing,genre,roblox,1.0
184199275,incremental,niche,keyword:description,0.4
184199275,sports,niche,keyword:name,0.9
184199275,story,niche,keyword:description,0.4
184199275,Sports,subgenre,roblox,1.0
210851291,base_building,feature,keyword:name,0.9
210851291,Adventure,genre,roblox,1.0
210851291,Simulation,genre,roblox,1.0
210851291,Sandbox,subgenre,roblox,1.0
245662005,limited_events,feature,keyword:description,0.6
245662005,Action,genre,roblox,1.0
245662005,Town and City,genre,roblox,1.0
245662005,racing_driving,niche,keyword:description,0.4
245662005,Open World Action,subgenre,roblox,1.0
274816972,base_building,feature,keyword:description,0.6
274816972,codes,feature,keyword:description,0.6
274816972,daily_rewards,feature,keyword:description,0.6
274816972,limited_events,feature,keyword:description,0.6
274816972,Simulation,genre,roblox,1.0
274816972,racing_driving,niche,keyword:name,0.9
274816972,survival,niche,keyword:description,0.4
274816972,Vehicle Sim,subgenre,roblox,1.0
321778215,Roleplay & Avatar Sim,genre,roblox,1.0
321778215,Dress Up,subgenre,roblox,1.0
358276974,Action,genre,roblox,1.0
358276974,Adventure,genre,roblox,1.0
358276974,racing_driving,niche,keyword:description,0.6
358276974,shooter,niche,keyword:description,0.6
358276974,survival,niche,keyword:description,0.4
358276974,Open World Action,subgenre,roblox,1.0
371263894,Roleplay & Avatar Sim,genre,roblox,1.0
371263894,Town and City,genre,roblox,1.0
371263894,racing_driving,niche,keyword:description,0.6
371263894,roleplay_city,niche,keyword:name,0.9
371263894,Life,subgenre,roblox,1.0
372226183,limited_events,feature,keyword:description,0.6
372226183,trading,feature,keyword:description,0.6
372226183,Horror,genre,roblox,1.0
372226183,Survival,genre,roblox,1.0
372226183,escape,niche,keyword:description,0.4
372226183,1 vs All,subgenre,roblox,1.0
383310974,base_building,feature,keyword:description,0.6
383310974,limited_events,feature,keyword:description,0.6
383310974,pets,feature,keyword:description,0.6
383310974,trading,feature,keyword:description,0.6
383310974,RPG,genre,roblox,1.0
383310974,Roleplay & Avatar Sim,genre,roblox,1.0
383310974,pet_collecting,niche,keyword:description,0.4
383310974,roleplay_city,niche,keyword:description,0.4
383310974,Pet Care,subgenre,roblox,1.0
547524060,base_building,feature,keyword:description,0.6
547524060,limited_events,feature,keyword:description,0.6
547524060,Roleplay & Avatar Sim,genre,roblox,1.0
547524060,pet_collecting,niche,keyword:description,0.4
547524060,roleplay_city,niche,keyword:description,0.6
547524060,Animal Sim,subgenre,roblox,1.0
578392296,pvp,feature,keyword:description,0.6
578392296,Action,genre,roblox,1.0
578392296,Fighting,genre,roblox,1.0
578392296,anime_fighting,niche,keyword:description,0.4
578392296,Battlegrounds & Fighting,subgenre,roblox,1.0
601130232,Adventure,genre,roblox,1.0
601130232,Simulation,genre,roblox,1.0
601130232,simulator,niche,keyword:name,0.9
601130232,Incremental Simulator,subgenre,roblox,1.0
605887098,base_building,feature,keyword:description,0.6
605887098,codes,feature,keyword:description,0.6
605887098,limited_events,feature,keyword:description,0.6
605887098,Adventure,genre,roblox,1.0
605887098,Simulation,genre,roblox,1.0
605887098,racing_driving,niche,keyword:name,0.9
605887098,tycoon,niche,keyword:name,0.9
605887098,Tycoon,subgenre,roblox,1.0
648454481,daily_rewards,feature,keyword:description,0.6
648454481,limited_events,feature,keyword:name,0.9
648454481,offline_earnings,feature,keyword:description,0.6
648454481,pvp,feature,keyword:description,0.6
648454481,Adventure,genre,roblox,1.0
648454481,RPG,genre,roblox,1.0
648454481,anime_fighting,niche,keyword:description,0.4
648454481,fishing,niche,keyword:description,0.4
648454481,Action RPG,subgenre,roblox,1.0
703124385,Adventure,genre,roblox,1.0
703124385,Obby & Platformer,genre,roblox,1.0
703124385,obby,niche,keyword:name,0.9
703124385,Tower Obby,subgenre,roblox,1.0
833209132,trading,feature,keyword:description,0.6
833209132,RPG,genre,roblox,1.0
833209132,Action RPG,subgenre,roblox,1.0
850110028,codes,feature,keyword:description,0.6
850110028,leaderboards,feature,keyword:description,0.6
850110028,stealing,feature,keyword:description,0.6
850110028,Simulation,genre,roblox,1.0
850110028,Town and City,genre,roblox,1.0
850110028,racing_driving,niche,keyword:name,0.9
850110028,roleplay_city,niche,keyword:name,0.9
850110028,Vehicle Sim,subgenre,roblox,1.0
892043755,codes,feature,keyword:description,0.6
892043755,limited_events,feature,keyword:description,0.6
892043755,luck_boost,feature,keyword:description,0.6
892043755,pets,feature,keyword:description,0.6
892043755,Simulation,genre,roblox,1.0
892043755,pet_collecting,niche,keyword:description,0.6
892043755,simulator,niche,keyword:name,0.9
892043755,Incremental Simulator,subgenre,roblox,1.0
903807016,Roleplay & Avatar Sim,genre,roblox,1.0
903807016,Town and City,genre,roblox,1.0
903807016,racing_driving,niche,keyword:description,0.4
903807016,roleplay_city,niche,keyword:description,0.4
903807016,simulator,niche,keyword:description,0.4
903807016,Life,subgenre,roblox,1.0
911750776,Comedy,genre,roblox,1.0
911750776,Simulation,genre,roblox,1.0
911750776,simulator,niche,keyword:description,0.4
911750776,Physics Sim,subgenre,roblox,1.0
918677693,Military,genre,roblox,1.0
918677693,Strategy,genre,roblox,1.0
972475338,Adventure,genre,roblox,1.0
972475338,roleplay_city,niche,keyword:description,0.4
985731078,codes,feature,keyword:description,0.6
985731078,pets,feature,keyword:description,0.6
985731078,pvp,feature,keyword:description,0.6
985731078,RPG,genre,roblox,1.0
985731078,anime_fighting,niche,keyword:name,0.9
985731078,pet_collecting,niche,keyword:description,0.4
985731078,Action RPG,subgenre,roblox,1.0
994732206,auto_farm,feature,keyword:description,0.6
994732206,daily_rewards,feature,keyword:description,0.6
994732206,Adventure,genre,roblox,1.0
994732206,RPG,genre,roblox,1.0
994732206,Action RPG,subgenre,roblox,1.0
1000233041,base_building,feature,keyword:description,0.6
1000233041,Horror,genre,roblox,1.0
1000233041,Survival,genre,roblox,1.0
1000233041,horror,niche,keyword:description,0.4
1000233041,survival,niche,keyword:description,0.4
1000233041,1 vs All,subgenre,roblox,1.0
1001911915,Simulation,genre,roblox,1.0
1001911915,gardening_farming,niche,keyword:name,0.9
1001911915,roleplay_city,niche,keyword:description,0.4
1001911915,simulator,niche,keyword:description,0.6
1001911915,Tycoon,subgenre,roblox,1.0
1008451066,Action,genre,roblox,1.0
1008451066,Town and City,genre,roblox,1.0
1008451066,shooter,niche,keyword:description,0.4
1008451066,Open World Action,subgenre,roblox,1.0
1016936714,codes,feature,keyword:description,0.6
1016936714,pvp,feature,keyword:description,0.6
1016936714,RPG,genre,roblox,1.0
1016936714,anime_fighting,niche,keyword:description,0.4
1016936714,Action RPG,subgenre,roblox,1.0
1054526971,base_building,feature,keyword:description,0.6
1054526971,offline_earnings,feature,keyword:description,0.6
1054526971,pvp,feature,keyword:description,0.6
1054526971,Action,genre,roblox,1.0
1054526971,Military,genre,roblox,1.0
1054526971,dress_up,niche,keyword:description,0.4
1054526971,roleplay_city,niche,keyword:description,0.4
1054526971,shooter,niche,keyword:description,0.6
1054526971,Open World Action,subgenre,roblox,1.0
1087859240,Fighting,genre,roblox,1.0
1087859240,RPG,genre,roblox,1.0
1087859240,survival,niche,keyword:description,0.4
1087859240,Action RPG,subgenre,roblox,1.0
1147304238,limited_events,feature,keyword:name,0.9
1147304238,luck_boost,feature,keyword:description,0.6
1147304238,RPG,genre,roblox,1.0
1147304238,Action RPG,subgenre,roblox,1.0
1165835263,RPG,genre,roblox,1.0
1165835263,Roleplay & Avatar Sim,genre,roblox,1.0
1165835263,escape,niche,keyword:description,0.4
1165835263,racing_driving,niche,keyword:description,0.4
1165835263,roleplay_city,niche,keyword:name,0.9
1165835263,Morph Roleplay,subgenre,roblox,1.0
1176784616,codes,feature,keyword:description,0.6
1176784616,limited_events,feature,keyword:description,0.6
1176784616,Strategy,genre,roblox,1.0
1176784616,simulator,niche,keyword:name,0.9
1176784616,tower_defense,niche,keyword:name,0.9
1176784616,Tower Defense,subgenre,roblox,1.0
1180269832,base_building,feature,keyword:description,0.6
1180269832,Adventure,genre,roblox,1.0
1180269832,RPG,genre,roblox,1.0
1180269832,anime_fighting,niche,keyword:description,0.4
1180269832,survival,niche,keyword:description,0.4
1180269832,Action RPG,subgenre,roblox,1.0
1198533421,Sports & Racing,genre,roblox,1.0
1198533421,Town and City,genre,roblox,1.0
1198533421,racing_driving,niche,keyword:name,0.9
1198533421,simulator,niche,keyword:description,0.4
1198533421,Racing,subgenre,roblox,1.0
1202096104,Adventure,genre,roblox,1.0
1202096104,Simulation,genre,roblox,1.0
1202096104,racing_driving,niche,keyword:name,0.9
1202096104,roleplay_city,niche,keyword:description,0.6
1202096104,sports,niche,keyword:description,0.4
1202096104,Vehicle Sim,subgenre,roblox,1.0
1230230722,base_building,feature,keyword:description,0.6
1230230722,codes,feature,keyword:description,0.6
1230230722,pets,feature,keyword:description,0.6
1230230722,RPG,genre,roblox,1.0
1230230722,Roleplay & Avatar Sim,genre,roblox,1.0
1230230722,pet_collecting,niche,keyword:description,0.4
1230230722,roleplay_city,niche,keyword:name,0.9
1230230722,story,niche,keyword:description,0.4
1230230722,Life,subgenre,roblox,1.0
1235188606,pets,feature,keyword:description,0.6
1235188606,Adventure,genre,roblox,1.0
1235188606,RPG,genre,roblox,1.0
1235188606,pet_collecting,niche,keyword:description,0.6
1268927906,codes,feature,keyword:description,0.6
1268927906,daily_rewards,feature,keyword:description,0.6
1268927906,pets,feature,keyword:description,0.6
1268927906,Fighting,genre,roblox,1.0
1268927906,Simulation,genre,roblox,1.0
1268927906,pet_collecting,niche,keyword:description,0.6
1268927906,Incremental Simulator,subgenre,roblox,1.0
1271059807,limited_events,feature,keyword:description,0.6
1271059807,RPG,genre,roblox,1.0
1271059807,Roleplay & Avatar Sim,genre,roblox,1.0
1271059807,roleplay_city,niche,keyword:name,0.9
1271059807,Morph Roleplay,subgenre,roblox,1.0
1278035280,RPG,genre,roblox,1.0
1278035280,Roleplay & Avatar Sim,genre,roblox,1.0
1278035280,roleplay_city,niche,keyword:description,0.4
1278035280,story,niche,keyword:description,0.6
1278035280,Animal Sim,subgenre,roblox,1.0
1281592938,Military,genre,roblox,1.0
1281592938,Shooter,genre,roblox,1.0
1281592938,anime_fighting,niche,keyword:description,0.4
1281592938,shooter,niche,keyword:description,0.6
1281592938,Deathmatch Shooter,subgenre,roblox,1.0
1312971993,codes,feature,keyword:description,0.6
1312971993,leaderboards,feature,keyword:description,0.6
1312971993,pets,feature,keyword:description,0.6
1312971993,Fighting,genre,roblox,1.0
1312971993,Simulation,genre,roblox,1.0
1312971993,pet_collecting,niche,keyword:description,0.4
1312971993,simulator,niche,keyword:name,0.9
1312971993,Incremental Simulator,subgenre,roblox,1.0
1318971886,base_building,feature,keyword:description,0.6
1318971886,Adventure,genre,roblox,1.0
1318971886,story,niche,keyword:name,0.9
1318971886,Story,subgenre,roblox,1.0
1359573625,pvp,feature,keyword:description,0.6
1359573625,RPG,genre,roblox,1.0
1359573625,story,niche,keyword:description,0.4
1359573625,Action RPG,subgenre,roblox,1.0
1390601379,daily_rewards,feature,keyword:description,0.6
1390601379,offline_earnings,feature,keyword:description,0.6
1390601379,private_servers,feature,keyword:description,0.6
1390601379,Action,genre,roblox,1.0
1390601379,Fighting,genre,roblox,1.0
1390601379,anime_fighting,niche,keyword:description,0.4
1390601379,Battlegrounds & Fighting,subgenre,roblox,1.0
1393178180,luck_boost,feature,keyword:description,0.6
1393178180,Simulation,genre,roblox,1.0
1393178180,Town and City,genre,roblox,1.0
1393178180,racing_driving,niche,keyword:name,0.9
1393178180,Vehicle Sim,subgenre,roblox,1.0
1451439645,codes,feature,keyword:description,0.6
1451439645,daily_rewards,feature,keyword:description,0.6
1451439645,Adventure,genre,roblox,1.0
1451439645,RPG,genre,roblox,1.0
1451439645,Action RPG,subgenre,roblox,1.0
1489026993,trading,feature,keyword:description,0.6
1489026993,Horror,genre,roblox,1.0
1489026993,Survival,genre,roblox,1.0
1489026993,escape,niche,keyword:description,0.6
1489026993,survival,niche,keyword:name,0.9
1489026993,1 vs All,subgenre,roblox,1.0
1494262959,codes,feature,keyword:description,0.6
1494262959,private_servers,feature,keyword:description,0.6
1494262959,Action,genre,roblox,1.0
1494262959,Fighting,genre,roblox,1.0
1494262959,anime_fighting,niche,keyword:description,0.4
1494262959,Open World Action,subgenre,roblox,1.0
1511883870,pvp,feature,keyword:description,0.6
1511883870,RPG,genre,roblox,1.0
1511883870,Action RPG,subgenre,roblox,1.0
1516533665,base_building,feature,keyword:description,0.6
1516533665,Horror,genre,roblox,1.0
1516533665,Survival,genre,roblox,1.0
1516533665,escape,niche,keyword:description,0.4
1516533665,incremental,niche,keyword:description,0.6
1525626450,Simulation,genre,roblox,1.0
1525626450,Town and City,genre,roblox,1.0
1525626450,racing_driving,niche,keyword:name,0.9
1525626450,Vehicle Sim,subgenre,roblox,1.0
1526814825,base_building,feature,keyword:description,0.6
1526814825,codes,feature,keyword:description,0.6
1526814825,limited_events,feature,keyword:description,0.6
1526814825,rebirth,feature,keyword:description,0.6
1526814825,Fighting,genre,roblox,1.0
1526814825,Simulation,genre,roblox,1.0
1526814825,tycoon,niche,keyword:name,0.9
1526814825,Tycoon,subgenre,roblox,1.0
1527252839,codes,feature,keyword:description,0.6
1527252839,pvp,feature,keyword:description,0.6
1527252839,Action,genre,roblox,1.0
1527252839,RPG,genre,roblox,1.0
1527252839,Battlegrounds & Fighting,subgenre,roblox,1.0
1531130248,codes,feature,keyword:description,0.6
1531130248,daily_rewards,feature,keyword:description,0.6
1531130248,limited_events,feature,keyword:description,0.6
1531130248,pvp,feature,keyword:description,0.6
1531130248,Strategy,genre,roblox,1.0
1531130248,tower_defense,niche,keyword:description,0.4
1531130248,Tower Defense,subgenre,roblox,1.0
1648496580,Action,genre,roblox,1.0
1648496580,Fighting,genre,roblox,1.0
1648496580,survival,niche,keyword:description,0.4
1648496580,Battlegrounds & Fighting,subgenre,roblox,1.0
1668992109,Adventure,genre,roblox,1.0
1668992109,Party & Casual,genre,roblox,1.0
1668992109,survival,niche,keyword:description,0.4
1668992109,Minigame,subgenre,roblox,1.0
1686885941,base_building,feature,keyword:description,0.6
1686885941,private_servers,feature,keyword:description,0.6
1686885941,Roleplay & Avatar Sim,genre,roblox,1.0
1686885941,Town and City,genre,roblox,1.0
1686885941,racing_driving,niche,keyword:description,0.4
1686885941,roleplay_city,niche,keyword:name,0.9
1686885941,Life,subgenre,roblox,1.0
1709917610,Adventure,genre,roblox,1.0
1709917610,Party & Casual,genre,roblox,1.0
1709917610,simulator,niche,keyword:name,0.9
1709917610,Minigame,subgenre,roblox,1.0
1718755273,base_building,feature,keyword:description,0.6
1718755273,FPS,genre,roblox,1.0
1718755273,Shooter,genre,roblox,1.0
1718755273,shooter,niche,keyword:description,0.4
1718755273,Deathmatch Shooter,subgenre,roblox,1.0
1719305066,Sports & Racing,genre,roblox,1.0
1719305066,racing_driving,niche,keyword:name,0.9
1719305066,Racing,subgenre,roblox,1.0
1720936166,codes,feature,keyword:description,0.6
1720936166,pvp,feature,keyword:description,0.6
1720936166,Strategy,genre,roblox,1.0
1720936166,story,niche,keyword:description,0.4
1720936166,tower_defense,niche,keyword:name,0.9
1720936166,Tower Defense,subgenre,roblox,1.0
1742264997,RPG,genre,roblox,1.0
1742264997,Roleplay & Avatar Sim,genre,roblox,1.0
1742264997,escape,niche,keyword:description,0.4
1742264997,roleplay_city,niche,keyword:name,0.9
1775919872,codes,feature,keyword:description,0.6
1775919872,limited_events,feature,keyword:name,0.9
1775919872,pets,feature,keyword:description,0.6
1775919872,pvp,feature,keyword:description,0.6
1775919872,trading,feature,keyword:description,0.6
1775919872,Adventure,genre,roblox,1.0
1775919872,RPG,genre,roblox,1.0
1775919872,pet_collecting,niche,keyword:description,0.4
1775919872,story,niche,keyword:description,0.4
1775919872,Turn-based RPG,subgenre,roblox,1.0
1776914212,Horror,genre,roblox,1.0
1776914212,Survival,genre,roblox,1.0
1776914212,escape,niche,keyword:description,0.4
1776914212,1 vs All,subgenre,roblox,1.0
1782832995,daily_rewards,feature,keyword:description,0.6
1782832995,pvp,feature,keyword:description,0.6
1782832995,Fighting,genre,roblox,1.0
1782832995,RPG,genre,roblox,1.0
1782832995,Action RPG,subgenre,roblox,1.0
1784051919,Comedy,genre,roblox,1.0
1784051919,Entertainment,genre,roblox,1.0
1784051919,simulator,niche,keyword:name,0.9
1802741133,Simulation,genre,roblox,1.0
1802741133,simulator,niche,keyword:name,0.9
1831550657,limited_events,feature,keyword:description,0.6
1831550657,pvp,feature,keyword:description,0.6
1831550657,trading,feature,keyword:description,0.6
1831550657,Roleplay & Avatar Sim,genre,roblox,1.0
1831550657,anime_fighting,niche,keyword:description,0.4
1831550657,survival,niche,keyword:name,0.9
1831550657,Animal Sim,subgenre,roblox,1.0
1836146838,Party & Casual,genre,roblox,1.0
1836146838,Town and City,genre,roblox,1.0
1851087906,base_building,feature,keyword:description,0.6
1851087906,Adventure,genre,roblox,1.0
1851087906,Shooter,genre,roblox,1.0
1851087906,simulator,niche,keyword:description,0.4
1852226622,base_building,feature,keyword:description,0.6
1852226622,pets,feature,keyword:description,0.6
1852226622,Roleplay & Avatar Sim,genre,roblox,1.0
1852226622,Town and City,genre,roblox,1.0
1852226622,anime_fighting,niche,keyword:description,0.4
1852226622,dress_up,niche,keyword:description,0.6
1852226622,hangout,niche,keyword:description,0.6
1852226622,pet_collecting,niche,keyword:description,0.4
1852226622,racing_driving,niche,keyword:description,0.4
1852226622,roleplay_city,niche,keyword:name,0.9
1852226622,Morph Roleplay,subgenre,roblox,1.0
1921509404,private_servers,feature,keyword:description,0.6
1921509404,Adventure,genre,roblox,1.0
1921509404,Obby & Platformer,genre,roblox,1.0
1921509404,obby,niche,keyword:description,0.4
1921509404,racing_driving,niche,keyword:description,0.4
1921509404,Tower Obby,subgenre,roblox,1.0
1946714362,RPG,genre,roblox,1.0
1946714362,Action RPG,subgenre,roblox,1.0
1953956112,auto_farm,feature,keyword:description,0.6
1953956112,pets,feature,keyword:description,0.6
1953956112,Entertainment,genre,roblox,1.0
1953956112,pet_collecting,niche,keyword:description,0.4
1953956112,Music & Audio,subgenre,roblox,1.0
1954152886,Roleplay & Avatar Sim,genre,roblox,1.0
1954152886,Town and City,genre,roblox,1.0
1954152886,roleplay_city,niche,keyword:description,0.6
1954152886,Morph Roleplay,subgenre,roblox,1.0
2023680558,Roleplay & Avatar Sim,genre,roblox,1.0
2023680558,roleplay_city,niche,keyword:description,0.4
2023680558,simulator,niche,keyword:name,0.9
2023680558,Animal Sim,subgenre,roblox,1.0
2065706268,Comedy,genre,roblox,1.0
2065706268,Shopping,genre,roblox,1.0
2065706268,dress_up,niche,keyword:name,0.9
2065706268,Avatar Shopping,subgenre,roblox,1.0
2092410051,Building,genre,roblox,1.0
2092410051,Simulation,genre,roblox,1.0
2092410051,tycoon,niche,keyword:name,0.9
2092410051,Tycoon,subgenre,roblox,1.0
2137105308,leaderboards,feature,keyword:description,0.6
2137105308,Party & Casual,genre,roblox,1.0
2137105308,RPG,genre,roblox,1.0
2137105308,Quiz,subgenre,roblox,1.0
2153167977,Sports,genre,roblox,1.0
2153167977,Sports & Racing,genre,roblox,1.0
2153167977,racing_driving,niche,keyword:name,0.9
2153167977,shooter,niche,keyword:description,0.4
2153167977,simulator,niche,keyword:description,0.4
2153167977,Racing,subgenre,roblox,1.0
2157872230,mutations,feature,keyword:description,0.6
2157872230,Horror,genre,roblox,1.0
2157872230,Survival,genre,roblox,1.0
2157872230,disaster,niche,keyword:description,0.4
2239430935,Horror,genre,roblox,1.0
2239430935,Survival,genre,roblox,1.0
2239430935,horror,niche,keyword:description,0.6
2251388500,Simulation,genre,roblox,1.0
2274830359,Horror,genre,roblox,1.0
2274830359,Survival,genre,roblox,1.0
2274830359,escape,niche,keyword:name,0.9
2274830359,obby,niche,keyword:description,0.4
2274830359,survival,niche,keyword:description,0.4
2274830359,Escape,subgenre,roblox,1.0
2283649692,Strategy,genre,roblox,1.0
2283649692,Board & Card Games,subgenre,roblox,1.0
2294168059,limited_events,feature,keyword:description,0.6
2294168059,Horror,genre,roblox,1.0
2294168059,Survival,genre,roblox,1.0
2294168059,horror,niche,keyword:description,0.4
2294168059,Escape,subgenre,roblox,1.0
2309918273,codes,feature,keyword:description,0.6
2309918273,RPG,genre,roblox,1.0
2309918273,anime_fighting,niche,keyword:description,0.4
2309918273,Action RPG,subgenre,roblox,1.0
2324662457,Adventure,genre,roblox,1.0
2324662457,Simulation,genre,roblox,1.0
2324662457,anime_fighting,niche,keyword:name,0.9
2324662457,Incremental Simulator,subgenre,roblox,1.0
2350840700,Simulation,genre,roblox,1.0
2350840700,roleplay_city,niche,keyword:description,0.4
2350840700,simulator,niche,keyword:description,0.4
2350840700,Vehicle Sim,subgenre,roblox,1.0
2360092394,Adventure,genre,roblox,1.0
2360092394,Simulation,genre,roblox,1.0
2360092394,racing_driving,niche,keyword:description,0.6
2360092394,roleplay_city,niche,keyword:description,0.4
2360092394,Vehicle Sim,subgenre,roblox,1.0
2366560560,limited_events,feature,keyword:description,0.6
2366560560,pvp,feature,keyword:description,0.6
2366560560,Roleplay & Avatar Sim,genre,roblox,1.0
2366560560,Town and City,genre,roblox,1.0
2366560560,roleplay_city,niche,keyword:name,0.9
2366560560,Morph Roleplay,subgenre,roblox,1.0
2369077151,base_building,feature,keyword:name,0.9
2369077151,Fighting,genre,roblox,1.0
2369077151,Survival,genre,roblox,1.0
2369077151,survival,niche,keyword:name,0.9
2369077151,Escape,subgenre,roblox,1.0
2380077519,Action,genre,roblox,1.0
2380077519,Fighting,genre,roblox,1.0
2380077519,Battlegrounds & Fighting,subgenre,roblox,1.0
2404080894,pvp,feature,keyword:description,0.6
2404080894,Action,genre,roblox,1.0
2404080894,Music & Rhythm,subgenre,roblox,1.0
2435789930,pets,feature,keyword:description,0.6
2435789930,RPG,genre,roblox,1.0
2435789930,Roleplay & Avatar Sim,genre,roblox,1.0
2435789930,dress_up,niche,keyword:description,0.4
2435789930,hangout,niche,keyword:description,0.4
2435789930,obby,niche,keyword:description,0.4
2435789930,pet_collecting,niche,keyword:description,0.4
2435789930,roleplay_city,niche,keyword:name,0.9
2435789930,Life,subgenre,roblox,1.0
2440500124,Adventure,genre,roblox,1.0
2440500124,Survival,genre,roblox,1.0
2440500124,horror,niche,keyword:description,0.4
2440500124,Escape,subgenre,roblox,1.0
2491559356,Action,genre,roblox,1.0
2491559356,Military,genre,roblox,1.0
2491559356,incremental,niche,keyword:description,0.4
2491559356,simulator,niche,keyword:name,0.9
2527789729,Adventure,genre,roblox,1.0
2527789729,Roleplay & Avatar Sim,genre,roblox,1.0
2527789729,anime_fighting,niche,keyword:description,0.4
2527789729,roleplay_city,niche,keyword:description,0.4
2527789729,survival,niche,keyword:name,0.9
2527789729,Animal Sim,subgenre,roblox,1.0
2583564222,base_building,feature,keyword:description,0.6
2583564222,private_servers,feature,keyword:description,0.6
2583564222,Action,genre,roblox,1.0
2583564222,Fighting,genre,roblox,1.0
2583564222,anime_fighting,niche,keyword:description,0.4
2583564222,Battlegrounds & Fighting,subgenre,roblox,1.0
2589957623,private_servers,feature,keyword:description,0.6
2589957623,Simulation,genre,roblox,1.0
2589957623,racing_driving,niche,keyword:name,0.9
2589957623,Vehicle Sim,subgenre,roblox,1.0
2619619496,luck_boost,feature,keyword:description,0.6
2619619496,Action,genre,roblox,1.0
2619619496,Fighting,genre,roblox,1.0
2619619496,lucky_block,niche,keyword:description,0.4
2619619496,Battlegrounds & Fighting,subgenre,roblox,1.0
2621511041,Strategy,genre,roblox,1.0
2621511041,Board & Card Games,subgenre,roblox,1.0
2626227051,Social,genre,roblox,1.0
2626227051,hangout,niche,keyword:description,0.4
2640407187,Simulation,genre,roblox,1.0
2640407187,Town and City,genre,roblox,1.0
2640407187,racing_driving,niche,keyword:name,0.9
2640407187,Vehicle Sim,subgenre,roblox,1.0
2643072291,Adventure,genre,roblox,1.0
2643072291,Horror,genre,roblox,1.0
2643072291,horror,niche,keyword:description,0.4
2643072291,story,niche,keyword:description,0.6
2643072291,Story,subgenre,roblox,1.0
2644656496,codes,feature,keyword:description,0.6
2644656496,daily_rewards,feature,keyword:description,0.6
2644656496,Adventure,genre,roblox,1.0
2644656496,RPG,genre,roblox,1.0
2644656496,Action RPG,subgenre,roblox,1.0
2652888345,Shopping,genre,roblox,1.0
2652888345,dress_up,niche,keyword:description,0.4
2652888345,simulator,niche,keyword:name,0.9
2652888345,Avatar Shopping,subgenre,roblox,1.0
2668101271,Comedy,genre,roblox,1.0
2668101271,Simulation,genre,roblox,1.0
2668101271,Physics Sim,subgenre,roblox,1.0
2682938349,base_building,feature,keyword:description,0.6
2682938349,trading,feature,keyword:description,0.6
2682938349,Adventure,genre,roblox,1.0
2682938349,Roleplay & Avatar Sim,genre,roblox,1.0
2682938349,gardening_farming,niche,keyword:description,0.4
2682938349,racing_driving,niche,keyword:description,0.4
2682938349,roleplay_city,niche,keyword:description,0.4
2682938349,Pet Care,subgenre,roblox,1.0
2711375305,Shopping,genre,roblox,1.0
2711375305,dress_up,niche,keyword:description,0.4
2711375305,Avatar Shopping,subgenre,roblox,1.0
2729513759,Party & Casual,genre,roblox,1.0
2729513759,Coloring & Drawing,subgenre,roblox,1.0
2754593977,base_building,feature,keyword:description,0.6
2754593977,Simulation,genre,roblox,1.0
2754593977,Town and City,genre,roblox,1.0
2754593977,roleplay_city,niche,keyword:name,0.9
2765784373,Action,genre,roblox,1.0
2765784373,Fighting,genre,roblox,1.0
2765784373,shooter,niche,keyword:description,0.4
2765784373,Battlegrounds & Fighting,subgenre,roblox,1.0
2783797267,Simulation,genre,roblox,1.0
2783797267,gardening_farming,niche,keyword:description,0.4
2783797267,roleplay_city,niche,keyword:description,0.4
2783797267,Vehicle Sim,subgenre,roblox,1.0
2788648141,base_building,feature,keyword:description,0.6
2788648141,Fighting,genre,roblox,1.0
2788648141,Simulation,genre,roblox,1.0
2788648141,tycoon,niche,keyword:name,0.9
2788648141,Tycoon,subgenre,roblox,1.0
2821905072,base_building,feature,keyword:name,0.9
2821905072,Fighting,genre,roblox,1.0
2821905072,Survival,genre,roblox,1.0
2821905072,survival,niche,keyword:name,0.9
2821905072,Escape,subgenre,roblox,1.0
2822776643,pvp,feature,keyword:description,0.6
2822776643,Action,genre,roblox,1.0
2822776643,anime_fighting,niche,keyword:description,0.6
2822776643,Battlegrounds & Fighting,subgenre,roblox,1.0
2851381018,codes,feature,keyword:description,0.6
2851381018,Simulation,genre,roblox,1.0
2851381018,Town and City,genre,roblox,1.0
2851381018,racing_driving,niche,keyword:description,0.6
2851381018,simulator,niche,keyword:description,0.4
2851381018,tycoon,niche,keyword:description,0.4
2851381018,Vehicle Sim,subgenre,roblox,1.0
2862098693,pvp,feature,keyword:description,0.6
2862098693,Adventure,genre,roblox,1.0
2862098693,Survival,genre,roblox,1.0
2862098693,disaster,niche,keyword:description,0.4
2862098693,survival,niche,keyword:description,0.6
2936053166,codes,feature,keyword:description,0.6
2936053166,daily_rewards,feature,keyword:description,0.6
2936053166,Adventure,genre,roblox,1.0
2936053166,Party & Casual,genre,roblox,1.0
2936053166,survival,niche,keyword:description,0.6
2936053166,Minigame,subgenre,roblox,1.0
2979369058,private_servers,feature,keyword:description,0.6
2979369058,Simulation,genre,roblox,1.0
2979369058,racing_driving,niche,keyword:description,0.6
2979369058,Vehicle Sim,subgenre,roblox,1.0
2992873140,stealing,feature,keyword:description,0.6
2992873140,Roleplay & Avatar Sim,genre,roblox,1.0
2992873140,Town and City,genre,roblox,1.0
2992873140,escape,niche,keyword:description,0.4
2992873140,racing_driving,niche,keyword:description,0.6
2992873140,roleplay_city,niche,keyword:description,0.6
2992873140,story,niche,keyword:description,0.4
2992873140,Life,subgenre,roblox,1.0
3012965062,private_servers,feature,keyword:description,0.6
3012965062,Comedy,genre,roblox,1.0
3012965062,Simulation,genre,roblox,1.0
3012965062,roleplay_city,niche,keyword:description,0.4
3047037061,private_servers,feature,keyword:description,0.6
3047037061,Puzzle,genre,roblox,1.0
3079618996,Simulation,genre,roblox,1.0
3079618996,racing_driving,niche,keyword:description,0.4
3079618996,tycoon,niche,keyword:name,0.9
3079618996,Tycoon,subgenre,roblox,1.0
3085257211,Adventure,genre,roblox,1.0
3085257211,Horror,genre,roblox,1.0
3085257211,Story,subgenre,roblox,1.0
3110388936,RPG,genre,roblox,1.0
3110388936,Action RPG,subgenre,roblox,1.0
3164075108,codes,feature,keyword:description,0.6
3164075108,daily_rewards,feature,keyword:description,0.6
3164075108,Fighting,genre,roblox,1.0
3164075108,RPG,genre,roblox,1.0
3164075108,anime_fighting,niche,keyword:name,0.9
3164075108,rng,niche,keyword:description,0.4
3164075108,Action RPG,subgenre,roblox,1.0
3168615253,Action,genre,roblox,1.0
3168615253,Fighting,genre,roblox,1.0
3168615253,anime_fighting,niche,keyword:description,0.4
3168615253,Battlegrounds & Fighting,subgenre,roblox,1.0
3170483284,leaderboards,feature,keyword:description,0.6
3170483284,Simulation,genre,roblox,1.0
3170483284,racing_driving,niche,keyword:description,0.6
3170483284,simulator,niche,keyword:name,0.9
3170483284,Vehicle Sim,subgenre,roblox,1.0
3183403065,Strategy,genre,roblox,1.0
3183403065,Tower Defense,subgenre,roblox,1.0
3187874989,Survival,genre,roblox,1.0
3187874989,1 vs All,subgenre,roblox,1.0
3204175584,private_servers,feature,keyword:description,0.6
3204175584,Roleplay & Avatar Sim,genre,roblox,1.0
3204175584,Town and City,genre,roblox,1.0
3204175584,racing_driving,niche,keyword:description,0.6
3204175584,roleplay_city,niche,keyword:name,0.9
3204175584,Life,subgenre,roblox,1.0
3232838484,auto_farm,feature,keyword:description,0.6
3232838484,base_building,feature,keyword:description,0.6
3232838484,Roleplay & Avatar Sim,genre,roblox,1.0
3240075297,stealing,feature,keyword:description,0.6
3240075297,Roleplay & Avatar Sim,genre,roblox,1.0
3240075297,Town and City,genre,roblox,1.0
3240075297,racing_driving,niche,keyword:description,0.4
3240075297,roleplay_city,niche,keyword:name,0.9
3240075297,Life,subgenre,roblox,1.0
3262314006,codes,feature,keyword:description,0.6
3262314006,daily_rewards,feature,keyword:description,0.6
3262314006,Adventure,genre,roblox,1.0
3262314006,Simulation,genre,roblox,1.0
3262314006,anime_fighting,niche,keyword:name,0.9
3262314006,simulator,niche,keyword:name,0.9
3262314006,Incremental Simulator,subgenre,roblox,1.0
3264581003,Adventure,genre,roblox,1.0
3264581003,Obby & Platformer,genre,roblox,1.0
3264581003,Tower Obby,subgenre,roblox,1.0
3267012194,Strategy,genre,roblox,1.0
3267012194,Board & Card Games,subgenre,roblox,1.0
3289847355,Building,genre,roblox,1.0
3289847355,Simulation,genre,roblox,1.0
3289847355,obby,niche,keyword:description,0.4
3289847355,Sandbox,subgenre,roblox,1.0
3308103880,pets,feature,keyword:description,0.6
3308103880,RPG,genre,roblox,1.0
3308103880,Roleplay & Avatar Sim,genre,roblox,1.0
3308103880,pet_collecting,niche,keyword:description,0.4
3308103880,roleplay_city,niche,keyword:description,0.6
3308103880,simulator,niche,keyword:description,0.4
3308103880,Life,subgenre,roblox,1.0
3310460039,Adventure,genre,roblox,1.0
3310460039,Obby & Platformer,genre,roblox,1.0
3310460039,escape,niche,keyword:description,0.4
3310460039,obby,niche,keyword:name,0.9
3317679266,limited_events,feature,keyword:description,0.6
3317679266,Social,genre,roblox,1.0
3317771874,pets,feature,keyword:name,0.9
3317771874,Simulation,genre,roblox,1.0
3317771874,pet_collecting,niche,keyword:name,0.9
3317771874,simulator,niche,keyword:name,0.9
3317771874,Incremental Simulator,subgenre,roblox,1.0
3359505957,codes,feature,keyword:description,0.6
3359505957,pets,feature,keyword:name,0.9
3359505957,Simulation,genre,roblox,1.0
3359505957,pet_collecting,niche,keyword:name,0.9
3359505957,simulator,niche,keyword:description,0.4
3359505957,Incremental Simulator,subgenre,roblox,1.0
3405618667,limited_events,feature,keyword:description,0.6
3405618667,offline_earnings,feature,keyword:description,0.6
3405618667,Adventure,genre,roblox,1.0
3405618667,Simulation,genre,roblox,1.0
3405618667,simulator,niche,keyword:name,0.9
3405618667,Incremental Simulator,subgenre,roblox,1.0
3419284255,offline_earnings,feature,keyword:description,0.6
3419284255,Fighting,genre,roblox,1.0
3419284255,RPG,genre,roblox,1.0
3419284255,anime_fighting,niche,keyword:description,0.6
3419284255,Action RPG,subgenre,roblox,1.0
3448264866,Building,genre,roblox,1.0
3448264866,Simulation,genre,roblox,1.0
3448264866,Tycoon,subgenre,roblox,1.0
3457700596,codes,feature,keyword:description,0.6
3457700596,daily_rewards,feature,keyword:description,0.6
3457700596,luck_boost,feature,keyword:description,0.6
3457700596,Action,genre,roblox,1.0
3457700596,Fighting,genre,roblox,1.0
3457700596,anime_fighting,niche,keyword:name,0.9
3457700596,Battlegrounds & Fighting,subgenre,roblox,1.0
3476371299,codes,feature,keyword:description,0.6
3476371299,leaderboards,feature,keyword:description,0.6
3476371299,limited_events,feature,keyword:description,0.6
3476371299,Adventure,genre,roblox,1.0
3476371299,Sports & Racing,genre,roblox,1.0
3476371299,incremental,niche,keyword:name,0.9
3476371299,obby,niche,keyword:description,0.6
3476371299,racing_driving,niche,keyword:name,0.9
3476371299,simulator,niche,keyword:description,0.4
3476371299,Racing,subgenre,roblox,1.0
3508322461,Action,genre,roblox,1.0
3508322461,Fighting,genre,roblox,1.0
3508322461,escape,niche,keyword:description,0.4
3508322461,Battlegrounds & Fighting,subgenre,roblox,1.0
3541611379,Fighting,genre,roblox,1.0
3541611379,Strategy,genre,roblox,1.0
3541611379,tower_defense,niche,keyword:name,0.9
3541611379,Tower Defense,subgenre,roblox,1.0
3608594708,Adventure,genre,roblox,1.0
3608594708,Scavenger Hunt,subgenre,roblox,1.0
3634139746,Action,genre,roblox,1.0
3634139746,Fighting,genre,roblox,1.0
3634139746,shooter,niche,keyword:description,0.6
3634139746,Battlegrounds & Fighting,subgenre,roblox,1.0
3647333358,Horror,genre,roblox,1.0
3647333358,Survival,genre,roblox,1.0
3647333358,obby,niche,keyword:description,0.4
3666294218,Building,genre,roblox,1.0
3666294218,Simulation,genre,roblox,1.0
3666294218,tycoon,niche,keyword:description,0.4
3666294218,Tycoon,subgenre,roblox,1.0
3730079862,private_servers,feature,keyword:description,0.6
3730079862,Horror,genre,roblox,1.0
3730079862,Shooter,genre,roblox,1.0
3730079862,horror,niche,keyword:description,0.4
3730079862,shooter,niche,keyword:description,0.4
3730079862,PvE Shooter,subgenre,roblox,1.0
3734304510,trading,feature,keyword:description,0.6
3734304510,Action,genre,roblox,1.0
3734304510,roleplay_city,niche,keyword:description,0.4
3747388906,base_building,feature,keyword:description,0.6
3747388906,Action,genre,roblox,1.0
3747388906,FPS,genre,roblox,1.0
3747388906,survival,niche,keyword:name,0.9
3747388906,Open World Action,subgenre,roblox,1.0
3754482795,base_building,feature,keyword:description,0.6
3754482795,rebirth,feature,keyword:description,0.6
3754482795,Fighting,genre,roblox,1.0
3754482795,Simulation,genre,roblox,1.0
3754482795,tycoon,niche,keyword:name,0.9
3754482795,Tycoon,subgenre,roblox,1.0
3761186887,Adventure,genre,roblox,1.0
3761186887,Horror,genre,roblox,1.0
3761186887,escape,niche,keyword:description,0.4
3761186887,horror,niche,keyword:description,0.6
3761186887,Exploration,subgenre,roblox,1.0
3808081382,Action,genre,roblox,1.0
3808081382,Fighting,genre,roblox,1.0
3808081382,anime_fighting,niche,keyword:name,0.9
3808081382,incremental,niche,keyword:description,0.4
3808081382,Battlegrounds & Fighting,subgenre,roblox,1.0
3808223175,RPG,genre,roblox,1.0
3808223175,Action RPG,subgenre,roblox,1.0
3837114739,codes,feature,keyword:description,0.6
3837114739,Action,genre,roblox,1.0
3837114739,Fighting,genre,roblox,1.0
3837114739,Battlegrounds & Fighting,subgenre,roblox,1.0
3913007563,daily_rewards,feature,keyword:description,0.6
3913007563,pvp,feature,keyword:name,0.9
3913007563,Strategy,genre,roblox,1.0
3913007563,story,niche,keyword:description,0.6
3913007563,tower_defense,niche,keyword:description,0.4
3913007563,Tower Defense,subgenre,roblox,1.0
3936365689,codes,feature,keyword:description,0.6
3936365689,RPG,genre,roblox,1.0
3936365689,anime_fighting,niche,keyword:description,0.4
3936365689,Action RPG,subgenre,roblox,1.0
3945578236,Adventure,genre,roblox,1.0
3945578236,Survival,genre,roblox,1.0
3945578236,escape,niche,keyword:description,0.4
3945578236,survival,niche,keyword:description,0.4
3945578236,1 vs All,subgenre,roblox,1.0
3951147015,base_building,feature,keyword:description,0.6
3951147015,Simulation,genre,roblox,1.0
3951147015,Sandbox,subgenre,roblox,1.0
3990106548,Action,genre,roblox,1.0
3990106548,Battlegrounds & Fighting,subgenre,roblox,1.0
4049246711,pvp,feature,keyword:name,0.9
4049246711,Party & Casual,genre,roblox,1.0
4053293514,Horror,genre,roblox,1.0
4053293514,Survival,genre,roblox,1.0
4150150482,limited_events,feature,keyword:description,0.6
4150150482,Action,genre,roblox,1.0
4150150482,Battlegrounds & Fighting,subgenre,roblox,1.0
4154513353,base_building,feature,keyword:description,0.6
4154513353,daily_rewards,feature,keyword:name,0.9
4154513353,Adventure,genre,roblox,1.0
4154513353,RPG,genre,roblox,1.0
4154513353,survival,niche,keyword:description,0.6
4154513353,Open World & Survival RPG,subgenre,roblox,1.0
4165164803,Entertainment,genre,roblox,1.0
4165164803,Video,subgenre,roblox,1.0
4170977322,codes,feature,keyword:description,0.6
4170977322,Puzzle,genre,roblox,1.0
4181957649,Action,genre,roblox,1.0
4181957649,Fighting,genre,roblox,1.0
4181957649,anime_fighting,niche,keyword:name,0.9
4181957649,Battlegrounds & Fighting,subgenre,roblox,1.0
4201418016,codes,feature,keyword:description,0.6
4201418016,RPG,genre,roblox,1.0
4201418016,Action RPG,subgenre,roblox,1.0
4221956550,Adventure,genre,roblox,1.0
4221956550,Horror,genre,roblox,1.0
4221956550,horror,niche,keyword:description,0.4
4221956550,racing_driving,niche,keyword:description,0.4
4221956550,Story,subgenre,roblox,1.0
4260784961,Action,genre,roblox,1.0
4260784961,Military,genre,roblox,1.0
4263576532,base_building,feature,keyword:description,0.6
4263576532,stealing,feature,keyword:description,0.6
4263576532,Action,genre,roblox,1.0
4263576532,Town and City,genre,roblox,1.0
4263576532,racing_driving,niche,keyword:description,0.4
4263576532,Open World Action,subgenre,roblox,1.0
4293374620,leaderboards,feature,keyword:description,0.6
4293374620,Sports,genre,roblox,1.0
4293374620,Sports & Racing,genre,roblox,1.0
4293374620,sports,niche,keyword:name,0.9
4293374620,Sports,subgenre,roblox,1.0
4342047058,Military,genre,roblox,1.0
4342047058,Shooter,genre,roblox,1.0
4342047058,PvE Shooter,subgenre,roblox,1.0
4348829796,pvp,feature,keyword:name,0.9
4348829796,trading,feature,keyword:description,0.6
4348829796,Action,genre,roblox,1.0
4348829796,Fighting,genre,roblox,1.0
4348829796,gardening_farming,niche,keyword:description,0.4
4348829796,Battlegrounds & Fighting,subgenre,roblox,1.0
4408288935,Adventure,genre,roblox,1.0
4408288935,Roleplay & Avatar Sim,genre,roblox,1.0
4408288935,roleplay_city,niche,keyword:description,0.4
4408288935,survival,niche,keyword:description,0.6
4408288935,Animal Sim,subgenre,roblox,1.0
4420562665,codes,feature,keyword:description,0.6
4420562665,limited_events,feature,keyword:name,0.9
4420562665,Simulation,genre,roblox,1.0
4420562665,racing_driving,niche,keyword:description,0.6
4420562665,Vehicle Sim,subgenre,roblox,1.0
4452297356,Social,genre,roblox,1.0
4452297356,Town and City,genre,roblox,1.0
4452297356,hangout,niche,keyword:description,0.4
4457060041,private_servers,feature,keyword:description,0.6
4457060041,pvp,feature,keyword:description,0.6
4457060041,stealing,feature,keyword:description,0.6
4457060041,Roleplay & Avatar Sim,genre,roblox,1.0
4457060041,Town and City,genre,roblox,1.0
4457060041,racing_driving,niche,keyword:description,0.6
4457060041,roleplay_city,niche,keyword:description,0.4
4457060041,simulator,niche,keyword:description,0.4
4457060041,Life,subgenre,roblox,1.0
4462613685,Adventure,genre,roblox,1.0
4462613685,Horror,genre,roblox,1.0
4462613685,horror,niche,keyword:description,0.6
4462613685,story,niche,keyword:name,0.9
4462613685,survival,niche,keyword:description,0.4
4462613685,Story,subgenre,roblox,1.0
4497460596,daily_rewards,feature,keyword:description,0.6
4497460596,limited_events,feature,keyword:description,0.6
4497460596,pvp,feature,keyword:description,0.6
4497460596,Adventure,genre,roblox,1.0
4497460596,escape,niche,keyword:description,0.4
4497460596,obby,niche,keyword:description,0.4
4497460596,survival,niche,keyword:description,0.4
4497460596,Scavenger Hunt,subgenre,roblox,1.0
4518160318,base_building,feature,keyword:description,0.6
4518160318,Simulation,genre,roblox,1.0
4518160318,racing_driving,niche,keyword:description,0.6
4518160318,roleplay_city,niche,keyword:description,0.4
4518160318,tycoon,niche,keyword:name,0.9
4518160318,Tycoon,subgenre,roblox,1.0
4523856444,Adventure,genre,roblox,1.0
4523856444,Survival,genre,roblox,1.0
4523856444,escape,niche,keyword:description,0.4
4523856444,Escape,subgenre,roblox,1.0
4540138978,Roleplay & Avatar Sim,genre,roblox,1.0
4540138978,Town and City,genre,roblox,1.0
4540138978,hangout,niche,keyword:description,0.4
4540138978,racing_driving,niche,keyword:description,0.4
4540138978,roleplay_city,niche,keyword:name,0.9
4540138978,Life,subgenre,roblox,1.0
4557322431,pvp,feature,keyword:description,0.6
4557322431,Action,genre,roblox,1.0
4557322431,Music & Rhythm,subgenre,roblox,1.0
4568630521,Action,genre,roblox,1.0
4568630521,Fighting,genre,roblox,1.0
4568630521,anime_fighting,niche,keyword:name,0.9
4568630521,Battlegrounds & Fighting,subgenre,roblox,1.0
4582358979,codes,feature,keyword:description,0.6
4582358979,luck_boost,feature,keyword:description,0.6
4582358979,pets,feature,keyword:description,0.6
4582358979,private_servers,feature,keyword:description,0.6
4582358979,rebirth,feature,keyword:description,0.6
4582358979,Simulation,genre,roblox,1.0
4582358979,pet_collecting,niche,keyword:description,0.6
4582358979,simulator,niche,keyword:name,0.9
4582358979,Incremental Simulator,subgenre,roblox,1.0
4595016786,base_building,feature,keyword:description,0.6
4595016786,trading,feature,keyword:description,0.6
4595016786,Simulation,genre,roblox,1.0
4595016786,dress_up,niche,keyword:description,0.6
4595016786,tycoon,niche,keyword:name,0.9
4595016786,Tycoon,subgenre,roblox,1.0
4658598196,codes,feature,keyword:description,0.6
4658598196,pvp,feature,keyword:description,0.6
4658598196,stealing,feature,keyword:description,0.6
4658598196,Adventure,genre,roblox,1.0
4658598196,RPG,genre,roblox,1.0
4658598196,steal_a,niche,keyword:description,0.4
4658598196,Action RPG,subgenre,roblox,1.0
4673599750,base_building,feature,keyword:description,0.6
4673599750,pvp,feature,keyword:description,0.6
4673599750,stealing,feature,keyword:description,0.6
4673599750,trading,feature,keyword:description,0.6
4673599750,Fighting,genre,roblox,1.0
4673599750,Shooter,genre,roblox,1.0
4673599750,anime_fighting,niche,keyword:description,0.4
4673599750,obby,niche,keyword:description,0.4
4673599750,racing_driving,niche,keyword:description,0.4
4673599750,shooter,niche,keyword:description,0.6
4673599750,steal_a,niche,keyword:description,0.4
4673599750,tycoon,niche,keyword:description,0.4
4673599750,Deathmatch Shooter,subgenre,roblox,1.0
4676287985,FPS,genre,roblox,1.0
4676287985,Shooter,genre,roblox,1.0
4676287985,escape,niche,keyword:description,0.4
4676287985,survival,niche,keyword:description,0.6
4676287985,PvE Shooter,subgenre,roblox,1.0
4686994428,Roleplay & Avatar Sim,genre,roblox,1.0
4686994428,Town and City,genre,roblox,1.0
4686994428,hangout,niche,keyword:description,0.4
4686994428,racing_driving,niche,keyword:description,0.6
4686994428,roleplay_city,niche,keyword:name,0.9
4686994428,Life,subgenre,roblox,1.0
4689722433,Roleplay & Avatar Sim,genre,roblox,1.0
4689722433,Animal Sim,subgenre,roblox,1.0
4723764956,Entertainment,genre,roblox,1.0
4723764956,Video,subgenre,roblox,1.0
4730278139,codes,feature,keyword:description,0.6
4730278139,limited_events,feature,keyword:description,0.6
4730278139,luck_boost,feature,keyword:description,0.6
4730278139,pvp,feature,keyword:description,0.6
4730278139,Action,genre,roblox,1.0
4730278139,Fighting,genre,roblox,1.0
4730278139,anime_fighting,niche,keyword:description,0.6
4730278139,Battlegrounds & Fighting,subgenre,roblox,1.0
4743794878,Sports,genre,roblox,1.0
4743794878,Sports & Racing,genre,roblox,1.0
4743794878,sports,niche,keyword:name,0.9
4743794878,Sports,subgenre,roblox,1.0
4750561026,Military,genre,roblox,1.0
4750561026,Shooter,genre,roblox,1.0
4750561026,shooter,niche,keyword:description,0.4
4750561026,Deathmatch Shooter,subgenre,roblox,1.0
4777817887,leaderboards,feature,keyword:description,0.6
4777817887,pvp,feature,keyword:description,0.6
4777817887,Action,genre,roblox,1.0
4777817887,Fighting,genre,roblox,1.0
4777817887,incremental,niche,keyword:description,0.6
4777817887,Battlegrounds & Fighting,subgenre,roblox,1.0
4778845442,Strategy,genre,roblox,1.0
4778845442,survival,niche,keyword:description,0.4
4778845442,tower_defense,niche,keyword:name,0.9
4778845442,Tower Defense,subgenre,roblox,1.0
4785982047,Action,genre,roblox,1.0
4785982047,racing_driving,niche,keyword:description,0.4
4785982047,Open World Action,subgenre,roblox,1.0
4793836769,codes,feature,keyword:description,0.6
4793836769,Simulation,genre,roblox,1.0
4793836769,Town and City,genre,roblox,1.0
4793836769,racing_driving,niche,keyword:name,0.9
4793836769,simulator,niche,keyword:description,0.4
4793836769,Vehicle Sim,subgenre,roblox,1.0
4807308814,base_building,feature,keyword:description,0.6
4807308814,Adventure,genre,roblox,1.0
4807308814,story,niche,keyword:name,0.9
4807308814,Story,subgenre,roblox,1.0
4836254499,codes,feature,keyword:description,0.6
4836254499,limited_events,feature,keyword:description,0.6
4836254499,pvp,feature,keyword:description,0.6
4836254499,Fighting,genre,roblox,1.0
4836254499,Shooter,genre,roblox,1.0
4836254499,dress_up,niche,keyword:description,0.4
4836254499,gardening_farming,niche,keyword:description,0.4
4836254499,shooter,niche,keyword:description,0.4
4836254499,Deathmatch Shooter,subgenre,roblox,1.0
4839802560,Roleplay & Avatar Sim,genre,roblox,1.0
4839802560,Town and City,genre,roblox,1.0
4839802560,roleplay_city,niche,keyword:name,0.9
4839802560,Life,subgenre,roblox,1.0
4850044287,Obby & Platformer,genre,roblox,1.0
4858558391,Puzzle,genre,roblox,1.0
4858558391,escape,niche,keyword:name,0.9
4858558391,Escape Room,subgenre,roblox,1.0
4908792642,leaderboards,feature,keyword:description,0.6
4908792642,Obby & Platformer,genre,roblox,1.0
4908792642,obby,niche,keyword:name,0.9
4908792642,racing_driving,niche,keyword:description,0.4
4924789901,Social,genre,roblox,1.0
4924789901,Town and City,genre,roblox,1.0
4924789901,hangout,niche,keyword:description,0.4
4925331346,base_building,feature,keyword:description,0.6
4925331346,private_servers,feature,keyword:description,0.6
4925331346,Simulation,genre,roblox,1.0
4925331346,racing_driving,niche,keyword:description,0.6
4925331346,roleplay_city,niche,keyword:description,0.4
4925331346,tycoon,niche,keyword:name,0.9
4925331346,Tycoon,subgenre,roblox,1.0
4931927012,Sports,genre,roblox,1.0
4931927012,Sports & Racing,genre,roblox,1.0
4931927012,sports,niche,keyword:name,0.9
4931927012,Sports,subgenre,roblox,1.0
4938220315,Strategy,genre,roblox,1.0
4938220315,Tower Defense,subgenre,roblox,1.0
4944984948,Adventure,genre,roblox,1.0
4944984948,Obby & Platformer,genre,roblox,1.0
4944984948,escape,niche,keyword:description,0.4
4944984948,obby,niche,keyword:name,0.9
4949420752,Sports,genre,roblox,1.0
4949420752,Sports & Racing,genre,roblox,1.0
4949420752,sports,niche,keyword:name,0.9
4949420752,Sports,subgenre,roblox,1.0
4983034985,base_building,feature,keyword:description,0.6
4983034985,Military,genre,roblox,1.0
4983034985,Strategy,genre,roblox,1.0
4983034985,shooter,niche,keyword:description,0.4
4987856151,base_building,feature,keyword:description,0.6
4987856151,Action,genre,roblox,1.0
4987856151,Town and City,genre,roblox,1.0
4987856151,racing_driving,niche,keyword:description,0.4
4987856151,Open World Action,subgenre,roblox,1.0
4991126644,codes,feature,keyword:description,0.6
4991126644,Action,genre,roblox,1.0
4991126644,Fighting,genre,roblox,1.0
4998493959,Adventure,genre,roblox,1.0
4998493959,Obby & Platformer,genre,roblox,1.0
4998493959,escape,niche,keyword:name,0.9
4998493959,obby,niche,keyword:name,0.9
5012222382,Fighting,genre,roblox,1.0
5012222382,Shooter,genre,roblox,1.0
5012222382,shooter,niche,keyword:description,0.6
5012222382,Deathmatch Shooter,subgenre,roblox,1.0
5026122481,luck_boost,feature,keyword:description,0.6
5026122481,Horror,genre,roblox,1.0
5026122481,Survival,genre,roblox,1.0
5026122481,survival,niche,keyword:description,0.4
5039839070,Survival,genre,roblox,1.0
5039839070,disaster,niche,keyword:description,0.4
5039839070,story,niche,keyword:description,0.4
5039839070,1 vs All,subgenre,roblox,1.0
5049569843,codes,feature,keyword:description,0.6
5049569843,Strategy,genre,roblox,1.0
5049569843,tower_defense,niche,keyword:name,0.9
5049569843,Tower Defense,subgenre,roblox,1.0
5091490171,codes,feature,keyword:description,0.6
5091490171,FPS,genre,roblox,1.0
5091490171,Shooter,genre,roblox,1.0
5091490171,incremental,niche,keyword:description,0.4
5091490171,shooter,niche,keyword:description,0.4
5091490171,Deathmatch Shooter,subgenre,roblox,1.0
5108158764,base_building,feature,keyword:description,0.6
5108158764,Simulation,genre,roblox,1.0
5108158764,Tycoon,subgenre,roblox,1.0
5117983607,Action,genre,roblox,1.0
5117983607,Fighting,genre,roblox,1.0
5117983607,Battlegrounds & Fighting,subgenre,roblox,1.0
5166944221,pvp,feature,keyword:description,0.6
5166944221,Action,genre,roblox,1.0
5166944221,gardening_farming,niche,keyword:description,0.4
5166944221,Battlegrounds & Fighting,subgenre,roblox,1.0
5174979552,Simulation,genre,roblox,1.0
5174979552,roleplay_city,niche,keyword:description,0.4
5174979552,simulator,niche,keyword:name,0.9
5203828273,Roleplay & Avatar Sim,genre,roblox,1.0
5203828273,dress_up,niche,keyword:name,0.9
5203828273,Dress Up,subgenre,roblox,1.0
5239362765,Comedy,genre,roblox,1.0
5239362765,Party & Casual,genre,roblox,1.0
5239362765,Minigame,subgenre,roblox,1.0
5247232141,codes,feature,keyword:description,0.6
5247232141,daily_rewards,feature,keyword:description,0.6
5247232141,Party & Casual,genre,roblox,1.0
5247232141,horror,niche,keyword:description,0.6
5247232141,simulator,niche,keyword:description,0.4
5247232141,survival,niche,keyword:description,0.4
5247232141,tycoon,niche,keyword:description,0.4
5247232141,Minigame,subgenre,roblox,1.0
5254920366,private_servers,feature,keyword:description,0.6
5254920366,Adventure,genre,roblox,1.0
5254920366,Comedy,genre,roblox,1.0
5254920366,gardening_farming,niche,keyword:description,0.4
5254920366,hangout,niche,keyword:description,0.4
5254920366,obby,niche,keyword:description,0.4
5254920366,roleplay_city,niche,keyword:description,0.4
5254920366,Scavenger Hunt,subgenre,roblox,1.0
5265857965,Action,genre,roblox,1.0
5265857965,anime_fighting,niche,keyword:name,0.9
5265857965,Battlegrounds & Fighting,subgenre,roblox,1.0
5283219861,Survival,genre,roblox,1.0
5283219861,escape,niche,keyword:description,0.4
5283219861,horror,niche,keyword:description,0.4
5283219861,survival,niche,keyword:description,0.4
5283219861,Escape,subgenre,roblox,1.0
5295169598,base_building,feature,keyword:description,0.6
5295169598,codes,feature,keyword:description,0.6
5295169598,Simulation,genre,roblox,1.0
5295169598,racing_driving,niche,keyword:description,0.6
5295169598,roleplay_city,niche,keyword:description,0.4
5295169598,tycoon,niche,keyword:name,0.9
5295169598,Tycoon,subgenre,roblox,1.0
5351168809,Comedy,genre,roblox,1.0
5351168809,Roleplay & Avatar Sim,genre,roblox,1.0
5351168809,roleplay_city,niche,keyword:description,0.6
5351168809,story,niche,keyword:description,0.4
5351168809,Morph Roleplay,subgenre,roblox,1.0
5361032378,luck_boost,feature,keyword:description,0.6
5361032378,Simulation,genre,roblox,1.0
5361032378,rng,niche,keyword:name,0.9
5361032378,Incremental Simulator,subgenre,roblox,1.0
5367389312,leaderboards,feature,keyword:description,0.6
5367389312,Entertainment,genre,roblox,1.0
5367389312,hangout,niche,keyword:description,0.4
5367389312,Music & Audio,subgenre,roblox,1.0
5385674359,Obby & Platformer,genre,roblox,1.0
5385674359,incremental,niche,keyword:description,0.4
5385674359,Runner,subgenre,roblox,1.0
5422546686,base_building,feature,keyword:description,0.6
5422546686,mutations,feature,keyword:description,0.6
5422546686,pets,feature,keyword:description,0.6
5422546686,Adventure,genre,roblox,1.0
5422546686,Roleplay & Avatar Sim,genre,roblox,1.0
5422546686,pet_collecting,niche,keyword:description,0.4
5422546686,racing_driving,niche,keyword:description,0.4
5422546686,roleplay_city,niche,keyword:description,0.4
5422546686,Pet Care,subgenre,roblox,1.0
5451143054,codes,feature,keyword:description,0.6
5451143054,Roleplay & Avatar Sim,genre,roblox,1.0
5451143054,dress_up,niche,keyword:description,0.6
5451143054,Dress Up,subgenre,roblox,1.0
5488708927,Obby & Platformer,genre,roblox,1.0
5508238359,Survival,genre,roblox,1.0
5508238359,1 vs All,subgenre,roblox,1.0
5550530788,Puzzle,genre,roblox,1.0
5569032992,limited_events,feature,keyword:description,0.6
5569032992,Survival,genre,roblox,1.0
5569032992,horror,niche,keyword:description,0.4
5569032992,survival,niche,keyword:description,0.4
5569032992,Escape,subgenre,roblox,1.0
5576955991,private_servers,feature,keyword:description,0.6
5576955991,Simulation,genre,roblox,1.0
5576955991,disaster,niche,keyword:description,0.4
5576955991,simulator,niche,keyword:name,0.9
5576955991,Physics Sim,subgenre,roblox,1.0
5578556129,limited_events,feature,keyword:description,0.6
5578556129,Strategy,genre,roblox,1.0
5578556129,anime_fighting,niche,keyword:name,0.9
5578556129,Tower Defense,subgenre,roblox,1.0
5580972377,daily_rewards,feature,keyword:description,0.6
5580972377,pvp,feature,keyword:description,0.6
5580972377,stealing,feature,keyword:description,0.6
5580972377,trading,feature,keyword:description,0.6
5580972377,Horror,genre,roblox,1.0
5580972377,Strategy,genre,roblox,1.0
5580972377,rng,niche,keyword:description,0.4
5580972377,shooter,niche,keyword:description,0.6
5595353122,base_building,feature,keyword:description,0.6
5595353122,RPG,genre,roblox,1.0
5595353122,survival,niche,keyword:description,0.4
5595353122,Open World & Survival RPG,subgenre,roblox,1.0
5620182793,limited_events,feature,keyword:description,0.6
5620182793,pvp,feature,keyword:description,0.6
5620182793,Obby & Platformer,genre,roblox,1.0
5620182793,obby,niche,keyword:name,0.9
5620182793,racing_driving,niche,keyword:description,0.6
5650396773,Adventure,genre,roblox,1.0
5666473198,Sports,genre,roblox,1.0
5666473198,Sports & Racing,genre,roblox,1.0
5666473198,sports,niche,keyword:name,0.9
5666473198,Sports,subgenre,roblox,1.0
5720553711,base_building,feature,keyword:description,0.6
5720553711,private_servers,feature,keyword:description,0.6
5720553711,Roleplay & Avatar Sim,genre,roblox,1.0
5720553711,Town and City,genre,roblox,1.0
5720553711,racing_driving,niche,keyword:description,0.6
5720553711,roleplay_city,niche,keyword:name,0.9
5720553711,Life,subgenre,roblox,1.0
5750914919,Adventure,genre,roblox,1.0
5750914919,Simulation,genre,roblox,1.0
5750914919,fishing,niche,keyword:name,0.9
5807622548,Adventure,genre,roblox,1.0
5807622548,Exploration,subgenre,roblox,1.0
5812546130,Simulation,genre,roblox,1.0
5812546130,racing_driving,niche,keyword:description,0.6
5812546130,roleplay_city,niche,keyword:description,0.4
5812546130,Vehicle Sim,subgenre,roblox,1.0
5829613337,base_building,feature,keyword:description,0.6
5829613337,Survival,genre,roblox,1.0
5829613337,disaster,niche,keyword:description,0.6
5829613337,survival,niche,keyword:description,0.6
5866227438,base_building,feature,keyword:name,0.9
5866227438,Simulation,genre,roblox,1.0
5866227438,Sandbox,subgenre,roblox,1.0
5887211857,stealing,feature,keyword:description,0.6
5887211857,Roleplay & Avatar Sim,genre,roblox,1.0
5887211857,racing_driving,niche,keyword:description,0.6
5887211857,roleplay_city,niche,keyword:name,0.9
5887211857,story,niche,keyword:description,0.4
5887211857,Life,subgenre,roblox,1.0
5905501282,Puzzle,genre,roblox,1.0
5905501282,Word,subgenre,roblox,1.0
5944821008,base_building,feature,keyword:description,0.6
5944821008,Simulation,genre,roblox,1.0
5944821008,racing_driving,niche,keyword:description,0.4
5944821008,simulator,niche,keyword:name,0.9
5944821008,Vehicle Sim,subgenre,roblox,1.0
5972059550,Simulation,genre,roblox,1.0
5972059550,simulator,niche,keyword:description,0.4
5972059550,Incremental Simulator,subgenre,roblox,1.0
5995470825,leaderboards,feature,keyword:description,0.6
5995470825,pvp,feature,keyword:description,0.6
5995470825,FPS,genre,roblox,1.0
5995470825,Shooter,genre,roblox,1.0
5995470825,shooter,niche,keyword:description,0.6
5995470825,Deathmatch Shooter,subgenre,roblox,1.0
6010232141,Simulation,genre,roblox,1.0
6010232141,Physics Sim,subgenre,roblox,1.0
6015491985,private_servers,feature,keyword:description,0.6
6015491985,Party & Casual,genre,roblox,1.0
6015491985,racing_driving,niche,keyword:name,0.9
6017624138,Social,genre,roblox,1.0
6026405541,base_building,feature,keyword:description,0.6
6026405541,daily_rewards,feature,keyword:description,0.6
6026405541,private_servers,feature,keyword:description,0.6
6026405541,trading,feature,keyword:description,0.6
6026405541,Horror,genre,roblox,1.0
6026405541,Survival,genre,roblox,1.0
6026405541,escape,niche,keyword:description,0.4
6026405541,1 vs All,subgenre,roblox,1.0
6035872082,codes,feature,keyword:description,0.6
6035872082,leaderboards,feature,keyword:description,0.6
6035872082,limited_events,feature,keyword:description,0.6
6035872082,pvp,feature,keyword:description,0.6
6035872082,FPS,genre,roblox,1.0
6035872082,Shooter,genre,roblox,1.0
6035872082,gardening_farming,niche,keyword:description,0.4
6035872082,shooter,niche,keyword:name,0.9
6035872082,Deathmatch Shooter,subgenre,roblox,1.0
6048923315,codes,feature,keyword:description,0.6
6048923315,RPG,genre,roblox,1.0
6048923315,anime_fighting,niche,keyword:description,0.4
6048923315,Action RPG,subgenre,roblox,1.0
6049736902,private_servers,feature,keyword:description,0.6
6049736902,Party & Casual,genre,roblox,1.0
6049736902,racing_driving,niche,keyword:name,0.9
6061766680,pvp,feature,keyword:description,0.6
6061766680,Action,genre,roblox,1.0
6061766680,anime_fighting,niche,keyword:description,0.6
6061766680,roleplay_city,niche,keyword:description,0.4
6061766680,Battlegrounds & Fighting,subgenre,roblox,1.0
6100103590,Survival,genre,roblox,1.0
6100103590,survival,niche,keyword:description,0.4
6113928308,Puzzle,genre,roblox,1.0
6113928308,escape,niche,keyword:name,0.9
6113928308,Escape Room,subgenre,roblox,1.0
6128091457,Simulation,genre,roblox,1.0
6136243726,Adventure,genre,roblox,1.0
6136243726,Simulation,genre,roblox,1.0
6136243726,escape,niche,keyword:description,0.4
6153964325,codes,feature,keyword:description,0.6
6153964325,Obby & Platformer,genre,roblox,1.0
6153964325,obby,niche,keyword:description,0.6
6153964325,rng,niche,keyword:description,0.6
6161049307,base_building,feature,keyword:description,0.6
6161049307,codes,feature,keyword:description,0.6
6161049307,Fighting,genre,roblox,1.0
6161049307,RPG,genre,roblox,1.0
6161049307,Action RPG,subgenre,roblox,1.0
6170143659,Survival,genre,roblox,1.0
6174994284,Roleplay & Avatar Sim,genre,roblox,1.0
6174994284,survival,niche,keyword:description,0.4
6174994284,Animal Sim,subgenre,roblox,1.0
6190071862,Military,genre,roblox,1.0
6190071862,Shooter,genre,roblox,1.0
6190071862,shooter,niche,keyword:description,0.4
6190071862,story,niche,keyword:description,0.4
6190071862,Deathmatch Shooter,subgenre,roblox,1.0
6215464786,Obby & Platformer,genre,roblox,1.0
6215464786,obby,niche,keyword:name,0.9
6215986499,codes,feature,keyword:description,0.6
6215986499,pvp,feature,keyword:description,0.6
6215986499,RPG,genre,roblox,1.0
6215986499,anime_fighting,niche,keyword:description,0.4
6215986499,shooter,niche,keyword:description,0.4
6215986499,Action RPG,subgenre,roblox,1.0
6275120808,Action,genre,roblox,1.0
6275120808,anime_fighting,niche,keyword:description,0.4
6275120808,Battlegrounds & Fighting,subgenre,roblox,1.0
6280758286,Roleplay & Avatar Sim,genre,roblox,1.0
6280758286,rng,niche,keyword:description,0.4
6280758286,roleplay_city,niche,keyword:description,0.6
6280758286,Life,subgenre,roblox,1.0
6324644175,codes,feature,keyword:description,0.6
6324644175,luck_boost,feature,keyword:description,0.6
6324644175,Survival,genre,roblox,1.0
6324644175,survival,niche,keyword:description,0.4
6325068386,Sports & Racing,genre,roblox,1.0
6325068386,anime_fighting,niche,keyword:description,0.6
6325068386,shooter,niche,keyword:name,0.9
6325068386,sports,niche,keyword:description,0.4
6325068386,Sports,subgenre,roblox,1.0
6329693946,base_building,feature,keyword:description,0.6
6329693946,Simulation,genre,roblox,1.0
6329693946,racing_driving,niche,keyword:description,0.4
6329693946,tycoon,niche,keyword:name,0.9
6329693946,Tycoon,subgenre,roblox,1.0
6331902150,limited_events,feature,keyword:description,0.6
6331902150,Survival,genre,roblox,1.0
6331902150,survival,niche,keyword:description,0.6
6331902150,1 vs All,subgenre,roblox,1.0
6336741296,codes,feature,keyword:description,0.6
6336741296,Simulation,genre,roblox,1.0
6336741296,anime_fighting,niche,keyword:name,0.9
6336741296,simulator,niche,keyword:description,0.4
6336741296,Vehicle Sim,subgenre,roblox,1.0
6353751159,base_building,feature,keyword:description,0.6
6353751159,pets,feature,keyword:name,0.9
6353751159,Roleplay & Avatar Sim,genre,roblox,1.0
6353751159,Town and City,genre,roblox,1.0
6353751159,pet_collecting,niche,keyword:name,0.9
6353751159,racing_driving,niche,keyword:description,0.4
6353751159,roleplay_city,niche,keyword:name,0.9
6353751159,Life,subgenre,roblox,1.0
6369934270,offline_earnings,feature,keyword:description,0.6
6369934270,Party & Casual,genre,roblox,1.0
6369934270,Childhood Game,subgenre,roblox,1.0
6375110339,base_building,feature,keyword:description,0.6
6375110339,Action,genre,roblox,1.0
6375110339,shooter,niche,keyword:description,0.4
6375110339,survival,niche,keyword:description,0.4
6375110339,tower_defense,niche,keyword:description,0.4
6375110339,Battlegrounds & Fighting,subgenre,roblox,1.0
6385532960,Action,genre,roblox,1.0
6385532960,Battlegrounds & Fighting,subgenre,roblox,1.0
6395392848,leaderboards,feature,keyword:description,0.6
6395392848,pvp,feature,keyword:description,0.6
6395392848,Sports & Racing,genre,roblox,1.0
6395392848,sports,niche,keyword:description,0.6
6395392848,Sports,subgenre,roblox,1.0
6413074235,Adventure,genre,roblox,1.0
6413074235,racing_driving,niche,keyword:description,0.6
6413074235,Exploration,subgenre,roblox,1.0
6417564879,Adventure,genre,roblox,1.0
6417564879,Horror,genre,roblox,1.0
6417564879,escape,niche,keyword:description,0.4
6417564879,story,niche,keyword:description,0.6
6417564879,Story,subgenre,roblox,1.0
6443367640,base_building,feature,keyword:description,0.6
6443367640,codes,feature,keyword:description,0.6
6443367640,leaderboards,feature,keyword:description,0.6
6443367640,pets,feature,keyword:description,0.6
6443367640,rebirth,feature,keyword:description,0.6
6443367640,Simulation,genre,roblox,1.0
6443367640,pet_collecting,niche,keyword:description,0.6
6443367640,simulator,niche,keyword:name,0.9
6443367640,Incremental Simulator,subgenre,roblox,1.0
6466404775,luck_boost,feature,keyword:description,0.6
6466404775,Simulation,genre,roblox,1.0
6466404775,anime_fighting,niche,keyword:description,0.4
6466404775,rng,niche,keyword:name,0.9
6466404775,Incremental Simulator,subgenre,roblox,1.0
6504986360,base_building,feature,keyword:description,0.6
6504986360,leaderboards,feature,keyword:description,0.6
6504986360,pets,feature,keyword:description,0.6
6504986360,Simulation,genre,roblox,1.0
6504986360,pet_collecting,niche,keyword:description,0.6
6504986360,simulator,niche,keyword:name,0.9
6504986360,Incremental Simulator,subgenre,roblox,1.0
6505338302,Sports & Racing,genre,roblox,1.0
6505338302,sports,niche,keyword:name,0.9
6505338302,Sports,subgenre,roblox,1.0
6521100398,base_building,feature,keyword:description,0.6
6521100398,Roleplay & Avatar Sim,genre,roblox,1.0
6521100398,dress_up,niche,keyword:description,0.4
6521100398,racing_driving,niche,keyword:description,0.6
6521100398,roleplay_city,niche,keyword:name,0.9
6521100398,Life,subgenre,roblox,1.0
6568417585,Survival,genre,roblox,1.0
6568417585,horror,niche,keyword:description,0.6
6568417585,Escape,subgenre,roblox,1.0
6583326485,pvp,feature,keyword:description,0.6
6583326485,Shooter,genre,roblox,1.0
6583326485,shooter,niche,keyword:description,0.6
6583326485,Deathmatch Shooter,subgenre,roblox,1.0
6619936488,pets,feature,keyword:description,0.6
6619936488,stealing,feature,keyword:description,0.6
6619936488,Roleplay & Avatar Sim,genre,roblox,1.0
6619936488,pet_collecting,niche,keyword:description,0.4
6619936488,racing_driving,niche,keyword:description,0.6
6619936488,roleplay_city,niche,keyword:description,0.4
6619936488,simulator,niche,keyword:description,0.4
6619936488,sports,niche,keyword:description,0.4
6619936488,Life,subgenre,roblox,1.0
6635513269,Survival,genre,roblox,1.0
6635513269,horror,niche,keyword:name,0.9
6682487255,auto_farm,feature,keyword:description,0.6
6682487255,base_building,feature,keyword:description,0.6
6682487255,leaderboards,feature,keyword:description,0.6
6682487255,luck_boost,feature,keyword:description,0.6
6682487255,pvp,feature,keyword:description,0.6
6682487255,Simulation,genre,roblox,1.0
6682487255,anime_fighting,niche,keyword:name,0.9
6682487255,rng,niche,keyword:description,0.6
6682487255,story,niche,keyword:description,0.6
6682487255,Incremental Simulator,subgenre,roblox,1.0
6701277882,limited_events,feature,keyword:description,0.6
6701277882,mutations,feature,keyword:description,0.6
6701277882,pets,feature,keyword:description,0.6
6701277882,Simulation,genre,roblox,1.0
6701277882,fishing,niche,keyword:description,0.6
6701277882,pet_collecting,niche,keyword:description,0.4
6701277882,simulator,niche,keyword:description,0.4
6701277882,Incremental Simulator,subgenre,roblox,1.0
6726637224,stealing,feature,keyword:description,0.6
6726637224,trading,feature,keyword:description,0.6
6726637224,Action,genre,roblox,1.0
6726637224,racing_driving,niche,keyword:description,0.6
6726637224,Open World Action,subgenre,roblox,1.0
6739698191,limited_events,feature,keyword:description,0.6
6739698191,Survival,genre,roblox,1.0
6739698191,escape,niche,keyword:description,0.6
6739698191,horror,niche,keyword:description,0.4
6739698191,survival,niche,keyword:description,0.4
6739698191,1 vs All,subgenre,roblox,1.0
6749060816,Roleplay & Avatar Sim,genre,roblox,1.0
6751447237,Simulation,genre,roblox,1.0
6751447237,hangout,niche,keyword:description,0.4
6751447237,racing_driving,niche,keyword:name,0.9
6751447237,Vehicle Sim,subgenre,roblox,1.0
6760085372,RPG,genre,roblox,1.0
6760085372,disaster,niche,keyword:description,0.4
6760085372,rng,niche,keyword:description,0.4
6760085372,Action RPG,subgenre,roblox,1.0
6765805766,codes,feature,keyword:description,0.6
6765805766,daily_rewards,feature,keyword:description,0.6
6765805766,Action,genre,roblox,1.0
6765805766,Open World Action,subgenre,roblox,1.0
6774320049,base_building,feature,keyword:description,0.6
6774320049,Roleplay & Avatar Sim,genre,roblox,1.0
6774320049,racing_driving,niche,keyword:description,0.4
6774320049,roleplay_city,niche,keyword:name,0.9
6774320049,story,niche,keyword:description,0.4
6774320049,Life,subgenre,roblox,1.0
6786784563,codes,feature,keyword:description,0.6
6786784563,Simulation,genre,roblox,1.0
6786784563,racing_driving,niche,keyword:name,0.9
6786784563,Vehicle Sim,subgenre,roblox,1.0
6925303818,Sports & Racing,genre,roblox,1.0
6925303818,anime_fighting,niche,keyword:description,0.6
6925303818,sports,niche,keyword:description,0.4
6925303818,Sports,subgenre,roblox,1.0
6931042565,Sports & Racing,genre,roblox,1.0
6931042565,sports,niche,keyword:name,0.9
6931042565,Sports,subgenre,roblox,1.0
6935083490,Simulation,genre,roblox,1.0
6935083490,Incremental Simulator,subgenre,roblox,1.0
6945584306,Sports & Racing,genre,roblox,1.0
6945584306,sports,niche,keyword:description,0.6
6945584306,Sports,subgenre,roblox,1.0
6983536246,Entertainment,genre,roblox,1.0
6983536246,Music & Audio,subgenre,roblox,1.0
6996253752,base_building,feature,keyword:description,0.6
6996253752,Action,genre,roblox,1.0
6996253752,anime_fighting,niche,keyword:description,0.4
6996253752,gardening_farming,niche,keyword:description,0.4
6996253752,racing_driving,niche,keyword:description,0.4
6996253752,roleplay_city,niche,keyword:description,0.6
6996253752,Open World Action,subgenre,roblox,1.0
7005891584,daily_rewards,feature,keyword:description,0.6
7005891584,offline_earnings,feature,keyword:description,0.6
7005891584,pets,feature,keyword:description,0.6
7005891584,Simulation,genre,roblox,1.0
7005891584,incremental,niche,keyword:name,0.9
7005891584,pet_collecting,niche,keyword:description,0.4
7005891584,racing_driving,niche,keyword:description,0.4
7005891584,Incremental Simulator,subgenre,roblox,1.0
7008097940,limited_events,feature,keyword:description,0.6
7008097940,Party & Casual,genre,roblox,1.0
7008097940,escape,niche,keyword:description,0.4
7008097940,survival,niche,keyword:description,0.4
7018190066,Adventure,genre,roblox,1.0
7018190066,Exploration,subgenre,roblox,1.0
7028566528,Sports & Racing,genre,roblox,1.0
7028566528,incremental,niche,keyword:description,0.4
7028566528,rng,niche,keyword:description,0.4
7028566528,sports,niche,keyword:name,0.9
7028566528,Sports,subgenre,roblox,1.0
7037673488,luck_boost,feature,keyword:description,0.6
7037673488,Simulation,genre,roblox,1.0
7037673488,rng,niche,keyword:name,0.9
7037673488,Incremental Simulator,subgenre,roblox,1.0
7058980030,base_building,feature,keyword:description,0.6
7058980030,Survival,genre,roblox,1.0
7058980030,survival,niche,keyword:name,0.9
7089588429,codes,feature,keyword:description,0.6
7089588429,limited_events,feature,keyword:description,0.6
7089588429,Simulation,genre,roblox,1.0
7089588429,racing_driving,niche,keyword:name,0.9
7089588429,roleplay_city,niche,keyword:description,0.6
7089588429,simulator,niche,keyword:name,0.9
7089588429,Vehicle Sim,subgenre,roblox,1.0
7091388561,Education,genre,roblox,1.0
7094518649,base_building,feature,keyword:description,0.6
7094518649,offline_earnings,feature,keyword:description,0.6
7094518649,Simulation,genre,roblox,1.0
7094518649,tycoon,niche,keyword:name,0.9
7094518649,Tycoon,subgenre,roblox,1.0
7101140819,codes,feature,keyword:description,0.6
7101140819,Action,genre,roblox,1.0
7101140819,Open World Action,subgenre,roblox,1.0
7108384194,base_building,feature,keyword:description,0.6
7108384194,leaderboards,feature,keyword:description,0.6
7108384194,luck_boost,feature,keyword:description,0.6
7108384194,pvp,feature,keyword:name,0.9
7108384194,trading,feature,keyword:description,0.6
7108384194,Action,genre,roblox,1.0
7108384194,shooter,niche,keyword:name,0.9
7108384194,Battlegrounds & Fighting,subgenre,roblox,1.0
7127084123,base_building,feature,keyword:description,0.6
7127084123,Simulation,genre,roblox,1.0
7127084123,racing_driving,niche,keyword:description,0.6
7127084123,tycoon,niche,keyword:name,0.9
7127084123,Tycoon,subgenre,roblox,1.0
7155018773,pvp,feature,keyword:description,0.6
7155018773,Action,genre,roblox,1.0
7155018773,Battlegrounds & Fighting,subgenre,roblox,1.0
7178032757,auto_farm,feature,keyword:description,0.6
7178032757,codes,feature,keyword:description,0.6
7178032757,leaderboards,feature,keyword:description,0.6
7178032757,pets,feature,keyword:description,0.6
7178032757,rebirth,feature,keyword:name,0.9
7178032757,Simulation,genre,roblox,1.0
7178032757,incremental,niche,keyword:description,0.4
7178032757,pet_collecting,niche,keyword:description,0.6
7178032757,Incremental Simulator,subgenre,roblox,1.0
7194739190,Obby & Platformer,genre,roblox,1.0
7194739190,obby,niche,keyword:description,0.6
7208219743,base_building,feature,keyword:description,0.6
7208219743,Action,genre,roblox,1.0
7208219743,survival,niche,keyword:description,0.6
7208219743,Open World Action,subgenre,roblox,1.0
7219654364,pvp,feature,keyword:name,0.9
7219654364,Action,genre,roblox,1.0
7219654364,Battlegrounds & Fighting,subgenre,roblox,1.0
7264587281,leaderboards,feature,keyword:description,0.6
7264587281,pvp,feature,keyword:name,0.9
7264587281,trading,feature,keyword:description,0.6
7264587281,Shooter,genre,roblox,1.0
7264587281,shooter,niche,keyword:name,0.9
7264587281,Deathmatch Shooter,subgenre,roblox,1.0
7265339759,Shooter,genre,roblox,1.0
7265339759,shooter,niche,keyword:description,0.6
7265339759,Deathmatch Shooter,subgenre,roblox,1.0
7274244096,base_building,feature,keyword:description,0.6
7274244096,Roleplay & Avatar Sim,genre,roblox,1.0
7274244096,roleplay_city,niche,keyword:name,0.9
7274244096,Morph Roleplay,subgenre,roblox,1.0
7307246329,Party & Casual,genre,roblox,1.0
7307246329,survival,niche,keyword:description,0.4
7307246329,Childhood Game,subgenre,roblox,1.0
7326934954,base_building,feature,keyword:description,0.6
7326934954,Survival,genre,roblox,1.0
7326934954,survival,niche,keyword:name,0.9
7332711118,pets,feature,keyword:description,0.6
7332711118,rebirth,feature,keyword:description,0.6
7332711118,Simulation,genre,roblox,1.0
7332711118,brainrot,niche,keyword:name,0.9
7332711118,pet_collecting,niche,keyword:description,0.6
7332711118,simulator,niche,keyword:description,0.4
7332711118,Incremental Simulator,subgenre,roblox,1.0
7350402084,base_building,feature,keyword:description,0.6
7350402084,Simulation,genre,roblox,1.0
7350402084,Sandbox,subgenre,roblox,1.0
7359962123,RPG,genre,roblox,1.0
7359962123,Turn-based RPG,subgenre,roblox,1.0
7364297396,private_servers,feature,keyword:description,0.6
7364297396,Obby & Platformer,genre,roblox,1.0
7364297396,obby,niche,keyword:name,0.9
7372152033,Sports & Racing,genre,roblox,1.0
7372152033,sports,niche,keyword:name,0.9
7372152033,Sports,subgenre,roblox,1.0
7395930870,offline_earnings,feature,keyword:description,0.6
7395930870,Simulation,genre,roblox,1.0
7395930870,Tycoon,subgenre,roblox,1.0
7398552394,Adventure,genre,roblox,1.0
7398552394,racing_driving,niche,keyword:description,0.6
7398552394,survival,niche,keyword:description,0.6
7398552394,Exploration,subgenre,roblox,1.0
7411615879,Roleplay & Avatar Sim,genre,roblox,1.0
7411615879,dress_up,niche,keyword:description,0.6
7411615879,roleplay_city,niche,keyword:name,0.9
7411615879,Dress Up,subgenre,roblox,1.0
7414497778,Action,genre,roblox,1.0
7414497778,Battlegrounds & Fighting,subgenre,roblox,1.0
7428819247,Action,genre,roblox,1.0
7428819247,racing_driving,niche,keyword:description,0.6
7428819247,shooter,niche,keyword:description,0.6
7428819247,Open World Action,subgenre,roblox,1.0
7434179990,base_building,feature,keyword:name,0.9
7434179990,Survival,genre,roblox,1.0
7434179990,survival,niche,keyword:name,0.9
7436755782,offline_earnings,feature,keyword:description,0.6
7436755782,Simulation,genre,roblox,1.0
7436755782,gardening_farming,niche,keyword:name,0.9
7436755782,Tycoon,subgenre,roblox,1.0
7450497506,pvp,feature,keyword:description,0.6
7450497506,Action,genre,roblox,1.0
7450497506,story,niche,keyword:description,0.4
7450497506,Open World Action,subgenre,roblox,1.0
7474367816,base_building,feature,keyword:description,0.6
7474367816,Simulation,genre,roblox,1.0
7474367816,Incremental Simulator,subgenre,roblox,1.0
7488668004,Adventure,genre,roblox,1.0
7488668004,survival,niche,keyword:description,0.4
7497471789,luck_boost,feature,keyword:description,0.6
7497471789,Survival,genre,roblox,1.0
7497471789,story,niche,keyword:description,0.4
7554119808,base_building,feature,keyword:description,0.6
7554119808,Shopping,genre,roblox,1.0
7554119808,Avatar Shopping,subgenre,roblox,1.0
7585140258,stealing,feature,keyword:description,0.6
7585140258,Action,genre,roblox,1.0
7585140258,shooter,niche,keyword:description,0.4
7585140258,Open World Action,subgenre,roblox,1.0
7592844193,codes,feature,keyword:description,0.6
7592844193,Party & Casual,genre,roblox,1.0
7592844193,survival,niche,keyword:description,0.4
7592844193,Quiz,subgenre,roblox,1.0
7613921865,Strategy,genre,roblox,1.0
7613921865,anime_fighting,niche,keyword:name,0.9
7613921865,Tower Defense,subgenre,roblox,1.0
7623259179,codes,feature,keyword:description,0.6
7623259179,Obby & Platformer,genre,roblox,1.0
7629331599,offline_earnings,feature,keyword:description,0.6
7629331599,Simulation,genre,roblox,1.0
7633926880,pvp,feature,keyword:description,0.6
7633926880,Shooter,genre,roblox,1.0
7633926880,shooter,niche,keyword:description,0.6
7633926880,Deathmatch Shooter,subgenre,roblox,1.0
7665084235,base_building,feature,keyword:description,0.6
7665084235,limited_events,feature,keyword:description,0.6
7665084235,offline_earnings,feature,keyword:description,0.6
7665084235,pvp,feature,keyword:description,0.6
7665084235,Simulation,genre,roblox,1.0
7665084235,tycoon,niche,keyword:name,0.9
7665084235,Tycoon,subgenre,roblox,1.0
7671049560,base_building,feature,keyword:description,0.6
7671049560,RPG,genre,roblox,1.0
7671049560,anime_fighting,niche,keyword:description,0.4
7671049560,Action RPG,subgenre,roblox,1.0
7673659635,Simulation,genre,roblox,1.0
7673659635,racing_driving,niche,keyword:description,0.6
7673659635,Vehicle Sim,subgenre,roblox,1.0
7685678300,Strategy,genre,roblox,1.0
7703614594,base_building,feature,keyword:description,0.6
7703614594,leaderboards,feature,keyword:description,0.6
7703614594,Strategy,genre,roblox,1.0
7703614594,gardening_farming,niche,keyword:name,0.9
7703614594,survival,niche,keyword:description,0.6
7703614594,tower_defense,niche,keyword:name,0.9
7703614594,Tower Defense,subgenre,roblox,1.0
7706951053,base_building,feature,keyword:description,0.6
7706951053,Party & Casual,genre,roblox,1.0
7706951053,hangout,niche,keyword:description,0.4
7706951053,Minigame,subgenre,roblox,1.0
7709344486,rebirth,feature,keyword:description,0.6
7709344486,stealing,feature,keyword:name,0.9
7709344486,Simulation,genre,roblox,1.0
7709344486,brainrot,niche,keyword:name,0.9
7709344486,steal_a,niche,keyword:name,0.9
7709344486,Tycoon,subgenre,roblox,1.0
7720654467,luck_boost,feature,keyword:description,0.6
7720654467,Obby & Platformer,genre,roblox,1.0
7720654467,gardening_farming,niche,keyword:description,0.4
7720654467,obby,niche,keyword:name,0.9
7720654467,racing_driving,niche,keyword:description,0.4
7738524573,base_building,feature,keyword:description,0.6
7738524573,codes,feature,keyword:description,0.6
7738524573,limited_events,feature,keyword:description,0.6
7738524573,pvp,feature,keyword:description,0.6
7738524573,trading,feature,keyword:description,0.6
7738524573,Strategy,genre,roblox,1.0
7738524573,tower_defense,niche,keyword:name,0.9
7738524573,Tower Defense,subgenre,roblox,1.0
7750955984,codes,feature,keyword:description,0.6
7750955984,limited_events,feature,keyword:description,0.6
7750955984,private_servers,feature,keyword:description,0.6
7750955984,RPG,genre,roblox,1.0
7750955984,Action RPG,subgenre,roblox,1.0
7761516673,pvp,feature,keyword:description,0.6
7761516673,Action,genre,roblox,1.0
7761516673,anime_fighting,niche,keyword:description,0.6
7761516673,hangout,niche,keyword:description,0.6
7761516673,roleplay_city,niche,keyword:description,0.6
7761516673,Battlegrounds & Fighting,subgenre,roblox,1.0
7780633647,Simulation,genre,roblox,1.0
7780633647,racing_driving,niche,keyword:description,0.4
7780633647,Vehicle Sim,subgenre,roblox,1.0
7787359931,Roleplay & Avatar Sim,genre,roblox,1.0
7787359931,racing_driving,niche,keyword:description,0.6
7787359931,Life,subgenre,roblox,1.0
7822444776,base_building,feature,keyword:name,0.9
7822444776,mutations,feature,keyword:description,0.6
7822444776,offline_earnings,feature,keyword:description,0.6
7822444776,Simulation,genre,roblox,1.0
7822444776,survival,niche,keyword:description,0.4
7822444776,Sandbox,subgenre,roblox,1.0
7843413523,codes,feature,keyword:description,0.6
7843413523,private_servers,feature,keyword:description,0.6
7843413523,Simulation,genre,roblox,1.0
7848204961,Roleplay & Avatar Sim,genre,roblox,1.0
7848204961,roleplay_city,niche,keyword:name,0.9
7848204961,Life,subgenre,roblox,1.0
7856039629,pvp,feature,keyword:name,0.9
7856039629,Action,genre,roblox,1.0
7856039629,gardening_farming,niche,keyword:description,0.4
7856039629,shooter,niche,keyword:description,0.4
7856039629,Battlegrounds & Fighting,subgenre,roblox,1.0
7877723741,Obby & Platformer,genre,roblox,1.0
7877723741,Runner,subgenre,roblox,1.0
7882785167,daily_rewards,feature,keyword:description,0.6
7882785167,Shooter,genre,roblox,1.0
7882785167,PvE Shooter,subgenre,roblox,1.0
7882829745,codes,feature,keyword:description,0.6
7882829745,pvp,feature,keyword:description,0.6
7882829745,Simulation,genre,roblox,1.0
7882829745,anime_fighting,niche,keyword:name,0.9
7882829745,incremental,niche,keyword:description,0.4
7882829745,Incremental Simulator,subgenre,roblox,1.0
7883776681,limited_events,feature,keyword:name,0.9
7883776681,Sports & Racing,genre,roblox,1.0
7883776681,shooter,niche,keyword:name,0.9
7883776681,sports,niche,keyword:description,0.4
7883776681,Sports,subgenre,roblox,1.0
7884563721,leaderboards,feature,keyword:description,0.6
7884563721,pvp,feature,keyword:description,0.6
7884563721,Sports & Racing,genre,roblox,1.0
7884563721,hangout,niche,keyword:description,0.6
7884563721,sports,niche,keyword:name,0.9
7884563721,Sports,subgenre,roblox,1.0
7917550094,Social,genre,roblox,1.0
7934320560,Strategy,genre,roblox,1.0
7934320560,survival,niche,keyword:description,0.4
7934320560,tower_defense,niche,keyword:name,0.9
7934320560,Tower Defense,subgenre,roblox,1.0
7935634976,pvp,feature,keyword:description,0.6
7935634976,Shooter,genre,roblox,1.0
7948426536,limited_events,feature,keyword:description,0.6
7948426536,Obby & Platformer,genre,roblox,1.0
7948426536,Tower Obby,subgenre,roblox,1.0
7960300951,base_building,feature,keyword:description,0.6
7960300951,Action,genre,roblox,1.0
7960300951,Battlegrounds & Fighting,subgenre,roblox,1.0
7970033072,pvp,feature,keyword:description,0.6
7970033072,RPG,genre,roblox,1.0
7970033072,story,niche,keyword:description,0.4
7970033072,Action RPG,subgenre,roblox,1.0
7983308985,codes,feature,keyword:description,0.6
7983308985,daily_rewards,feature,keyword:description,0.6
7983308985,Puzzle,genre,roblox,1.0
7983308985,Word,subgenre,roblox,1.0
7996365376,pvp,feature,keyword:description,0.6
7996365376,Shooter,genre,roblox,1.0
7996365376,Deathmatch Shooter,subgenre,roblox,1.0
8005378926,base_building,feature,keyword:description,0.6
8005378926,private_servers,feature,keyword:description,0.6
8005378926,Shopping,genre,roblox,1.0
8005378926,dress_up,niche,keyword:description,0.6
8005378926,hangout,niche,keyword:description,0.4
8005378926,Avatar Shopping,subgenre,roblox,1.0
8058628992,Roleplay & Avatar Sim,genre,roblox,1.0
8058628992,roleplay_city,niche,keyword:name,0.9
8058628992,Morph Roleplay,subgenre,roblox,1.0
8080493298,base_building,feature,keyword:description,0.6
8080493298,Puzzle,genre,roblox,1.0
8160348242,Action,genre,roblox,1.0
8160348242,Battlegrounds & Fighting,subgenre,roblox,1.0
8178086002,Survival,genre,roblox,1.0
8178086002,escape,niche,keyword:description,0.4
8178086002,horror,niche,keyword:description,0.6
8178086002,survival,niche,keyword:description,0.6
8181391950,Sports & Racing,genre,roblox,1.0
8181391950,Sports,subgenre,roblox,1.0
8214054500,base_building,feature,keyword:name,0.9
8214054500,offline_earnings,feature,keyword:description,0.6
8214054500,Simulation,genre,roblox,1.0
8214054500,racing_driving,niche,keyword:name,0.9
8214054500,Sandbox,subgenre,roblox,1.0
8237105425,Adventure,genre,roblox,1.0
8237105425,escape,niche,keyword:description,0.4
8237105425,horror,niche,keyword:description,0.6
8237105425,story,niche,keyword:description,0.4
8237105425,Story,subgenre,roblox,1.0
8246907060,codes,feature,keyword:description,0.6
8246907060,pvp,feature,keyword:description,0.6
8246907060,stealing,feature,keyword:description,0.6
8246907060,Simulation,genre,roblox,1.0
8246907060,survival,niche,keyword:description,0.4
8246907060,Incremental Simulator,subgenre,roblox,1.0
8269273068,Sports & Racing,genre,roblox,1.0
8269273068,incremental,niche,keyword:description,0.6
8269273068,racing_driving,niche,keyword:name,0.9
8269273068,Racing,subgenre,roblox,1.0
8307114974,base_building,feature,keyword:description,0.6
8307114974,limited_events,feature,keyword:description,0.6
8307114974,Shooter,genre,roblox,1.0
8307114974,shooter,niche,keyword:description,0.4
8307114974,Deathmatch Shooter,subgenre,roblox,1.0
8316902627,Simulation,genre,roblox,1.0
8316902627,brainrot,niche,keyword:name,0.9
8316902627,gardening_farming,niche,keyword:description,0.4
8316902627,Tycoon,subgenre,roblox,1.0
8342498724,Simulation,genre,roblox,1.0
8342498724,fishing,niche,keyword:name,0.9
8356066619,pvp,feature,keyword:description,0.6
8356066619,Strategy,genre,roblox,1.0
8356066619,anime_fighting,niche,keyword:name,0.9
8356066619,Tower Defense,subgenre,roblox,1.0
8401518398,Obby & Platformer,genre,roblox,1.0
8401518398,obby,niche,keyword:name,0.9
8401518398,racing_driving,niche,keyword:description,0.4
8497987845,codes,feature,keyword:description,0.6
8497987845,luck_boost,feature,keyword:description,0.6
8497987845,Simulation,genre,roblox,1.0
8497987845,anime_fighting,niche,keyword:name,0.9
8497987845,rng,niche,keyword:name,0.9
8497987845,Idle,subgenre,roblox,1.0
8503596762,Adventure,genre,roblox,1.0
8503596762,Exploration,subgenre,roblox,1.0
8520148363,base_building,feature,keyword:description,0.6
8520148363,codes,feature,keyword:description,0.6
8520148363,Simulation,genre,roblox,1.0
8520148363,Incremental Simulator,subgenre,roblox,1.0
8524572339,Action,genre,roblox,1.0
8524572339,Open World Action,subgenre,roblox,1.0
8539298853,Survival,genre,roblox,1.0
8539298853,horror,niche,keyword:name,0.9
8618660961,codes,feature,keyword:description,0.6
8618660961,Simulation,genre,roblox,1.0
8618660961,racing_driving,niche,keyword:name,0.9
8618660961,roleplay_city,niche,keyword:description,0.6
8618660961,Vehicle Sim,subgenre,roblox,1.0
8659262047,Obby & Platformer,genre,roblox,1.0
8659262047,racing_driving,niche,keyword:name,0.9
8659262047,sports,niche,keyword:description,0.4
8719555347,limited_events,feature,keyword:description,0.6
8719555347,Simulation,genre,roblox,1.0
8719555347,racing_driving,niche,keyword:description,0.6
8719555347,roleplay_city,niche,keyword:description,0.4
8719555347,Vehicle Sim,subgenre,roblox,1.0
8752324161,base_building,feature,keyword:name,0.9
8752324161,Simulation,genre,roblox,1.0
8752324161,Sandbox,subgenre,roblox,1.0
8791358380,base_building,feature,keyword:description,0.6
8791358380,offline_earnings,feature,keyword:description,0.6
8791358380,stealing,feature,keyword:name,0.9
8791358380,trading,feature,keyword:description,0.6
8791358380,Simulation,genre,roblox,1.0
8791358380,steal_a,niche,keyword:name,0.9
8791358380,Tycoon,subgenre,roblox,1.0
8795154789,Shooter,genre,roblox,1.0
8795154789,shooter,niche,keyword:name,0.9
8795154789,Deathmatch Shooter,subgenre,roblox,1.0
8813969120,base_building,feature,keyword:description,0.6
8813969120,codes,feature,keyword:description,0.6
8813969120,leaderboards,feature,keyword:description,0.6
8813969120,Simulation,genre,roblox,1.0
8813969120,racing_driving,niche,keyword:description,0.6
8813969120,Vehicle Sim,subgenre,roblox,1.0
8829204428,auto_farm,feature,keyword:description,0.6
8829204428,base_building,feature,keyword:description,0.6
8829204428,codes,feature,keyword:description,0.6
8829204428,leaderboards,feature,keyword:description,0.6
8829204428,offline_earnings,feature,keyword:description,0.6
8829204428,pvp,feature,keyword:description,0.6
8829204428,rebirth,feature,keyword:description,0.6
8829204428,Simulation,genre,roblox,1.0
8829204428,rng,niche,keyword:name,0.9
8829204428,simulator,niche,keyword:name,0.9
8829204428,Incremental Simulator,subgenre,roblox,1.0
8841437826,offline_earnings,feature,keyword:description,0.6
8841437826,Simulation,genre,roblox,1.0
8841437826,pet_collecting,niche,keyword:description,0.4
8841437826,Tycoon,subgenre,roblox,1.0
8851542818,Puzzle,genre,roblox,1.0
8851542818,escape,niche,keyword:description,0.4
8946565814,base_building,feature,keyword:description,0.6
8946565814,pvp,feature,keyword:description,0.6
8946565814,Strategy,genre,roblox,1.0
8946565814,anime_fighting,niche,keyword:name,0.9
8946565814,story,niche,keyword:description,0.4
8946565814,Tower Defense,subgenre,roblox,1.0
8964956538,codes,feature,keyword:description,0.6
8964956538,pvp,feature,keyword:description,0.6
8964956538,Action,genre,roblox,1.0
8964956538,racing_driving,niche,keyword:description,0.4
8964956538,Battlegrounds & Fighting,subgenre,roblox,1.0
9031167776,Strategy,genre,roblox,1.0
9031167776,tower_defense,niche,keyword:description,0.6
9031167776,Tower Defense,subgenre,roblox,1.0
9051406594,pvp,feature,keyword:description,0.6
9051406594,Action,genre,roblox,1.0
9051406594,anime_fighting,niche,keyword:description,0.4
9051406594,Battlegrounds & Fighting,subgenre,roblox,1.0
9073513091,limited_events,feature,keyword:name,0.9
9073513091,pets,feature,keyword:description,0.6
9073513091,RPG,genre,roblox,1.0
9073513091,anime_fighting,niche,keyword:name,0.9
9073513091,obby,niche,keyword:description,0.4
9073513091,pet_collecting,niche,keyword:description,0.4
9073513091,survival,niche,keyword:description,0.4
9073513091,Action RPG,subgenre,roblox,1.0
9076692567,Shopping,genre,roblox,1.0
9076692567,Avatar Shopping,subgenre,roblox,1.0
9098570654,base_building,feature,keyword:description,0.6
9098570654,Survival,genre,roblox,1.0
9098570654,escape,niche,keyword:description,0.4
9098570654,survival,niche,keyword:name,0.9
9112256336,base_building,feature,keyword:description,0.6
9112256336,stealing,feature,keyword:description,0.6
9112256336,Action,genre,roblox,1.0
9141743926,pets,feature,keyword:description,0.6
9141743926,pvp,feature,keyword:description,0.6
9141743926,Adventure,genre,roblox,1.0
9141743926,pet_collecting,niche,keyword:description,0.6
9145063979,Survival,genre,roblox,1.0
9145063979,escape,niche,keyword:name,0.9
9145063979,Escape,subgenre,roblox,1.0
9150731899,daily_rewards,feature,keyword:description,0.6
9150731899,Roleplay & Avatar Sim,genre,roblox,1.0
9150731899,roleplay_city,niche,keyword:name,0.9
9150731899,story,niche,keyword:description,0.4
9150731899,Life,subgenre,roblox,1.0
9162763535,pvp,feature,keyword:description,0.6
9162763535,Action,genre,roblox,1.0
9162763535,anime_fighting,niche,keyword:description,0.4
9162763535,Battlegrounds & Fighting,subgenre,roblox,1.0
9167377564,base_building,feature,keyword:description,0.6
9167377564,Survival,genre,roblox,1.0
9167377564,survival,niche,keyword:description,0.6
9199655655,Action,genre,roblox,1.0
9199655655,Battlegrounds & Fighting,subgenre,roblox,1.0
9209811415,Shopping,genre,roblox,1.0
9209811415,Avatar Shopping,subgenre,roblox,1.0
9221949930,limited_events,feature,keyword:description,0.6
9221949930,Entertainment,genre,roblox,1.0
9221949930,hangout,niche,keyword:description,0.4
9221949930,Music & Audio,subgenre,roblox,1.0
9229146348,daily_rewards,feature,keyword:description,0.6
9229146348,Survival,genre,roblox,1.0
9229146348,horror,niche,keyword:description,0.4
9229146348,survival,niche,keyword:description,0.4
9294074907,daily_rewards,feature,keyword:description,0.6
9294074907,limited_events,feature,keyword:description,0.6
9294074907,Shooter,genre,roblox,1.0
9294074907,gardening_farming,niche,keyword:description,0.4
9294074907,incremental,niche,keyword:name,0.9
9294074907,rng,niche,keyword:description,0.4
9294074907,shooter,niche,keyword:name,0.9
9294074907,Deathmatch Shooter,subgenre,roblox,1.0
9294646427,Obby & Platformer,genre,roblox,1.0
9294646427,Runner,subgenre,roblox,1.0
9296042754,base_building,feature,keyword:description,0.6
9296042754,pvp,feature,keyword:description,0.6
9296042754,stealing,feature,keyword:description,0.6
9296042754,Action,genre,roblox,1.0
9296042754,escape,niche,keyword:name,0.9
9296042754,racing_driving,niche,keyword:description,0.4
9296042754,shooter,niche,keyword:description,0.6
9296042754,Open World Action,subgenre,roblox,1.0
9296252245,Obby & Platformer,genre,roblox,1.0
9296252245,anime_fighting,niche,keyword:description,0.4
9296252245,rng,niche,keyword:name,0.9
9296252245,Tower Obby,subgenre,roblox,1.0
9312646406,Survival,genre,roblox,1.0
9312646406,disaster,niche,keyword:description,0.4
9312646406,survival,niche,keyword:description,0.4
9317784977,auto_farm,feature,keyword:description,0.6
9317784977,leaderboards,feature,keyword:description,0.6
9317784977,Action,genre,roblox,1.0
9317784977,shooter,niche,keyword:description,0.4
9317784977,Battlegrounds & Fighting,subgenre,roblox,1.0
9348272796,leaderboards,feature,keyword:description,0.6
9348272796,Survival,genre,roblox,1.0
9348272796,shooter,niche,keyword:description,0.4
9348272796,survival,niche,keyword:name,0.9
9362896961,base_building,feature,keyword:description,0.6
9362896961,Simulation,genre,roblox,1.0
9362896961,anime_fighting,niche,keyword:name,0.9
9362896961,Incremental Simulator,subgenre,roblox,1.0
9363735110,base_building,feature,keyword:description,0.6
9363735110,luck_boost,feature,keyword:description,0.6
9363735110,Simulation,genre,roblox,1.0
9363735110,brainrot,niche,keyword:name,0.9
9363735110,disaster,niche,keyword:name,0.9
9363735110,escape,niche,keyword:name,0.9
9363735110,lucky_block,niche,keyword:description,0.4
9363735110,rng,niche,keyword:description,0.4
9363735110,Tycoon,subgenre,roblox,1.0
9382839773,codes,feature,keyword:description,0.6
9382839773,RPG,genre,roblox,1.0
9382839773,Action RPG,subgenre,roblox,1.0
9384605736,private_servers,feature,keyword:description,0.6
9384605736,Party & Casual,genre,roblox,1.0
9384605736,Minigame,subgenre,roblox,1.0
9442472087,leaderboards,feature,keyword:description,0.6
9442472087,Survival,genre,roblox,1.0
9442472087,escape,niche,keyword:name,0.9
9442472087,horror,niche,keyword:name,0.9
9442472087,survival,niche,keyword:description,0.4
9442472087,Escape,subgenre,roblox,1.0
9449993534,Party & Casual,genre,roblox,1.0
9472441390,stealing,feature,keyword:name,0.9
9472441390,Survival,genre,roblox,1.0
9472441390,Escape,subgenre,roblox,1.0
9480281767,Strategy,genre,roblox,1.0
9480281767,Board & Card Games,subgenre,roblox,1.0
9481391333,codes,feature,keyword:description,0.6
9481391333,leaderboards,feature,keyword:description,0.6
9481391333,pvp,feature,keyword:name,0.9
9481391333,Action,genre,roblox,1.0
9481391333,gardening_farming,niche,keyword:description,0.4
9481391333,shooter,niche,keyword:description,0.6
9481391333,Battlegrounds & Fighting,subgenre,roblox,1.0
9485131494,leaderboards,feature,keyword:description,0.6
9485131494,offline_earnings,feature,keyword:description,0.6
9485131494,Simulation,genre,roblox,1.0
9485131494,gardening_farming,niche,keyword:description,0.4
9485131494,incremental,niche,keyword:description,0.6
9485131494,obby,niche,keyword:description,0.6
9485131494,racing_driving,niche,keyword:description,0.6
9485131494,simulator,niche,keyword:description,0.6
9485131494,Incremental Simulator,subgenre,roblox,1.0
9490116046,base_building,feature,keyword:name,0.9
9490116046,Simulation,genre,roblox,1.0
9490116046,Sandbox,subgenre,roblox,1.0
9491545867,base_building,feature,keyword:description,0.6
9491545867,limited_events,feature,keyword:description,0.6
9491545867,luck_boost,feature,keyword:description,0.6
9491545867,rebirth,feature,keyword:description,0.6
9491545867,Simulation,genre,roblox,1.0
9491545867,brainrot,niche,keyword:name,0.9
9491545867,pet_collecting,niche,keyword:description,0.6
9491545867,Incremental Simulator,subgenre,roblox,1.0
9506013695,pvp,feature,keyword:name,0.9
9506013695,trading,feature,keyword:description,0.6
9506013695,Action,genre,roblox,1.0
9506013695,gardening_farming,niche,keyword:description,0.6
9506013695,Battlegrounds & Fighting,subgenre,roblox,1.0
9511454418,pvp,feature,keyword:description,0.6
9511454418,Shooter,genre,roblox,1.0
9511454418,anime_fighting,niche,keyword:name,0.9
9511454418,shooter,niche,keyword:description,0.4
9511454418,Deathmatch Shooter,subgenre,roblox,1.0
9520692022,auto_farm,feature,keyword:description,0.6
9520692022,codes,feature,keyword:description,0.6
9520692022,limited_events,feature,keyword:description,0.6
9520692022,pets,feature,keyword:description,0.6
9520692022,Puzzle,genre,roblox,1.0
9520692022,pet_collecting,niche,keyword:description,0.6
9520692022,Escape Room,subgenre,roblox,1.0
9534705677,auto_farm,feature,keyword:description,0.6
9534705677,Shooter,genre,roblox,1.0
9534705677,shooter,niche,keyword:name,0.9
9534705677,Deathmatch Shooter,subgenre,roblox,1.0
9549278601,Obby & Platformer,genre,roblox,1.0
9549278601,Tower Obby,subgenre,roblox,1.0
9551044479,limited_events,feature,keyword:description,0.6
9551044479,Survival,genre,roblox,1.0
9551044479,survival,niche,keyword:description,0.4
9561553764,pvp,feature,keyword:name,0.9
9561553764,trading,feature,keyword:description,0.6
9561553764,Shooter,genre,roblox,1.0
9561553764,Deathmatch Shooter,subgenre,roblox,1.0
9582986239,base_building,feature,keyword:description,0.6
9582986239,offline_earnings,feature,keyword:description,0.6
9582986239,rebirth,feature,keyword:description,0.6
9582986239,Simulation,genre,roblox,1.0
9582986239,anime_fighting,niche,keyword:name,0.9
9582986239,fishing,niche,keyword:description,0.4
9582986239,rng,niche,keyword:name,0.9
9582986239,Tycoon,subgenre,roblox,1.0
9584852943,Simulation,genre,roblox,1.0
9584852943,escape,niche,keyword:name,0.9
9584852943,hangout,niche,keyword:description,0.4
9584852943,racing_driving,niche,keyword:description,0.4
9584852943,Incremental Simulator,subgenre,roblox,1.0
9584946743,codes,feature,keyword:description,0.6
9584946743,leaderboards,feature,keyword:description,0.6
9584946743,Simulation,genre,roblox,1.0
9584946743,incremental,niche,keyword:name,0.9
9584946743,Incremental Simulator,subgenre,roblox,1.0
9592387369,Obby & Platformer,genre,roblox,1.0
9592387369,obby,niche,keyword:name,0.9
9592387369,Classic Obby,subgenre,roblox,1.0
9641502068,leaderboards,feature,keyword:description,0.6
9641502068,pvp,feature,keyword:name,0.9
9641502068,trading,feature,keyword:description,0.6
9641502068,Shooter,genre,roblox,1.0
9641502068,shooter,niche,keyword:description,0.4
9641502068,Deathmatch Shooter,subgenre,roblox,1.0
9656201728,daily_rewards,feature,keyword:description,0.6
9656201728,RPG,genre,roblox,1.0
9656201728,hangout,niche,keyword:description,0.4
9662130710,codes,feature,keyword:description,0.6
9662130710,Action,genre,roblox,1.0
9662130710,rng,niche,keyword:description,0.6
9662130710,Battlegrounds & Fighting,subgenre,roblox,1.0
9671745030,Entertainment,genre,roblox,1.0
9671745030,Showcase & Hub,subgenre,roblox,1.0
9702840627,Puzzle,genre,roblox,1.0
9702840627,racing_driving,niche,keyword:description,0.4
9702840627,Word,subgenre,roblox,1.0
9705384247,base_building,feature,keyword:description,0.6
9705384247,pvp,feature,keyword:name,0.9
9705384247,Shooter,genre,roblox,1.0
9705384247,survival,niche,keyword:description,0.6
9705384247,Battle Royale,subgenre,roblox,1.0
9735583968,Roleplay & Avatar Sim,genre,roblox,1.0
9735583968,Morph Roleplay,subgenre,roblox,1.0
9741874508,pvp,feature,keyword:name,0.9
9741874508,Action,genre,roblox,1.0
9741874508,Battlegrounds & Fighting,subgenre,roblox,1.0
9751615286,Action,genre,roblox,1.0
9751615286,brainrot,niche,keyword:description,0.4
9751615286,Battlegrounds & Fighting,subgenre,roblox,1.0
9753458401,Shopping,genre,roblox,1.0
9753458401,dress_up,niche,keyword:description,0.6
9753458401,Avatar Shopping,subgenre,roblox,1.0
9780429221,base_building,feature,keyword:description,0.6
9780429221,Survival,genre,roblox,1.0
9788139379,base_building,feature,keyword:description,0.6
9788139379,codes,feature,keyword:description,0.6
9788139379,Survival,genre,roblox,1.0
9788139379,survival,niche,keyword:description,0.4
9788139379,1 vs All,subgenre,roblox,1.0
9792947201,codes,feature,keyword:description,0.6
9792947201,luck_boost,feature,keyword:description,0.6
9792947201,Simulation,genre,roblox,1.0
9792947201,rng,niche,keyword:name,0.9
9792947201,Incremental Simulator,subgenre,roblox,1.0
9793308933,offline_earnings,feature,keyword:description,0.6
9793308933,Simulation,genre,roblox,1.0
9793308933,brainrot,niche,keyword:name,0.9
9793308933,escape,niche,keyword:description,0.4
9793308933,Tycoon,subgenre,roblox,1.0
9796643263,base_building,feature,keyword:description,0.6
9796643263,Shopping,genre,roblox,1.0
9796643263,Avatar Shopping,subgenre,roblox,1.0
9796898051,Adventure,genre,roblox,1.0
9796898051,Exploration,subgenre,roblox,1.0
9803970239,Action,genre,roblox,1.0
9803970239,Battlegrounds & Fighting,subgenre,roblox,1.0
9807649116,Simulation,genre,roblox,1.0
9807649116,simulator,niche,keyword:name,0.9
9826885587,codes,feature,keyword:description,0.6
9826885587,pets,feature,keyword:description,0.6
9826885587,pvp,feature,keyword:description,0.6
9826885587,trading,feature,keyword:name,0.9
9826885587,Adventure,genre,roblox,1.0
9826885587,pet_collecting,niche,keyword:description,0.4
9830725726,Obby & Platformer,genre,roblox,1.0
9830725726,obby,niche,keyword:name,0.9
9830725726,racing_driving,niche,keyword:description,0.4
9837612476,auto_farm,feature,keyword:description,0.6
9837612476,base_building,feature,keyword:description,0.6
9837612476,Simulation,genre,roblox,1.0
9837612476,Tycoon,subgenre,roblox,1.0
9855761734,auto_farm,feature,keyword:description,0.6
9855761734,Roleplay & Avatar Sim,genre,roblox,1.0
9855761734,gardening_farming,niche,keyword:description,0.4
9855761734,roleplay_city,niche,keyword:name,0.9
9855761734,Life,subgenre,roblox,1.0
9865931248,Puzzle,genre,roblox,1.0
9865931248,Word,subgenre,roblox,1.0
9872734936,Simulation,genre,roblox,1.0
9872734936,racing_driving,niche,keyword:description,0.6
9872734936,Vehicle Sim,subgenre,roblox,1.0
9877481048,pvp,feature,keyword:name,0.9
9877481048,Action,genre,roblox,1.0
9877481048,anime_fighting,niche,keyword:description,0.4
9877481048,Open World Action,subgenre,roblox,1.0
9880286438,codes,feature,keyword:description,0.6
9880286438,RPG,genre,roblox,1.0
9880286438,Action RPG,subgenre,roblox,1.0
9885372266,Adventure,genre,roblox,1.0
9885372266,horror,niche,keyword:description,0.6
9885372266,survival,niche,keyword:description,0.4
9885372266,Exploration,subgenre,roblox,1.0
9891331827,codes,feature,keyword:description,0.6
9891331827,offline_earnings,feature,keyword:description,0.6
9891331827,pvp,feature,keyword:description,0.6
9891331827,RPG,genre,roblox,1.0
9891331827,anime_fighting,niche,keyword:description,0.6
9891331827,rng,niche,keyword:description,0.6
9891331827,Action RPG,subgenre,roblox,1.0
9898409899,Adventure,genre,roblox,1.0
9898409899,simulator,niche,keyword:name,0.9
9898409899,survival,niche,keyword:description,0.4
9898409899,Exploration,subgenre,roblox,1.0
9908641400,private_servers,feature,keyword:description,0.6
9908641400,Sports & Racing,genre,roblox,1.0
9908641400,sports,niche,keyword:name,0.9
9908641400,Sports,subgenre,roblox,1.0
9910245722,base_building,feature,keyword:description,0.6
9910245722,RPG,genre,roblox,1.0
9910245722,Action RPG,subgenre,roblox,1.0
9931749389,limited_events,feature,keyword:name,0.9
9931749389,RPG,genre,roblox,1.0
9931749389,Action RPG,subgenre,roblox,1.0
9940812243,base_building,feature,keyword:description,0.6
9940812243,codes,feature,keyword:description,0.6
9940812243,luck_boost,feature,keyword:description,0.6
9940812243,pvp,feature,keyword:description,0.6
9940812243,Strategy,genre,roblox,1.0
9940812243,anime_fighting,niche,keyword:name,0.9
9940812243,rng,niche,keyword:name,0.9
9940812243,Tower Defense,subgenre,roblox,1.0
9943273705,pvp,feature,keyword:description,0.6
9943273705,Entertainment,genre,roblox,1.0
9948575164,base_building,feature,keyword:description,0.6
9948575164,Puzzle,genre,roblox,1.0
9948575164,Match & Merge,subgenre,roblox,1.0
9950184599,codes,feature,keyword:description,0.6
9950184599,Simulation,genre,roblox,1.0
9950184599,racing_driving,niche,keyword:description,0.6
9950184599,Vehicle Sim,subgenre,roblox,1.0
9957338123,Obby & Platformer,genre,roblox,1.0
9957338123,obby,niche,keyword:description,0.6
9957338123,racing_driving,niche,keyword:description,0.4
9965411707,luck_boost,feature,keyword:description,0.6
9965411707,rebirth,feature,keyword:description,0.6
9965411707,Simulation,genre,roblox,1.0
9965411707,incremental,niche,keyword:name,0.9
9965411707,rng,niche,keyword:description,0.4
9965411707,Incremental Simulator,subgenre,roblox,1.0
9970645639,base_building,feature,keyword:description,0.6
9970645639,offline_earnings,feature,keyword:description,0.6
9970645639,Simulation,genre,roblox,1.0
9970645639,gardening_farming,niche,keyword:description,0.4
9970645639,Tycoon,subgenre,roblox,1.0
9996384072,base_building,feature,keyword:description,0.6
9996384072,trading,feature,keyword:description,0.6
9996384072,Simulation,genre,roblox,1.0
9996384072,fishing,niche,keyword:description,0.4
9996384072,Tycoon,subgenre,roblox,1.0
10004244222,luck_boost,feature,keyword:name,0.9
10004244222,Simulation,genre,roblox,1.0
10004244222,brainrot,niche,keyword:description,0.6
10004244222,disaster,niche,keyword:description,0.4
10004244222,lucky_block,niche,keyword:name,0.9
10004244222,rng,niche,keyword:description,0.4
10004244222,survival,niche,keyword:description,0.4
10004244222,Tycoon,subgenre,roblox,1.0
10010371086,Entertainment,genre,roblox,1.0
10013279162,Party & Casual,genre,roblox,1.0
10013279162,Coloring & Drawing,subgenre,roblox,1.0
10031505426,codes,feature,keyword:description,0.6
10031505426,Shooter,genre,roblox,1.0
10031505426,shooter,niche,keyword:name,0.9
10031505426,Deathmatch Shooter,subgenre,roblox,1.0
10031562156,Survival,genre,roblox,1.0
10031562156,horror,niche,keyword:name,0.9
10035204815,pets,feature,keyword:name,0.9
10035204815,Simulation,genre,roblox,1.0
10035204815,pet_collecting,niche,keyword:name,0.9
10035204815,Tycoon,subgenre,roblox,1.0
10039889230,daily_rewards,feature,keyword:description,0.6
10039889230,Simulation,genre,roblox,1.0
10039889230,fishing,niche,keyword:name,0.9
10039889230,Incremental Simulator,subgenre,roblox,1.0
10057343903,Simulation,genre,roblox,1.0
10057343903,Incremental Simulator,subgenre,roblox,1.0
10057403337,leaderboards,feature,keyword:description,0.6
10057403337,Shooter,genre,roblox,1.0
10057403337,shooter,niche,keyword:description,0.4
10057403337,Deathmatch Shooter,subgenre,roblox,1.0
10061124506,leaderboards,feature,keyword:description,0.6
10061124506,Obby & Platformer,genre,roblox,1.0
10061124506,racing_driving,niche,keyword:name,0.9
10066618669,Shopping,genre,roblox,1.0
10066618669,dress_up,niche,keyword:description,0.6
10066618669,hangout,niche,keyword:description,0.6
10066618669,Avatar Shopping,subgenre,roblox,1.0
10090256806,daily_rewards,feature,keyword:description,0.6
10090256806,pvp,feature,keyword:description,0.6
10090256806,Shooter,genre,roblox,1.0
10090256806,shooter,niche,keyword:description,0.4
10090256806,Deathmatch Shooter,subgenre,roblox,1.0
10096155511,Shooter,genre,roblox,1.0
10096155511,shooter,niche,keyword:description,0.4
10096155511,Deathmatch Shooter,subgenre,roblox,1.0
10116272705,base_building,feature,keyword:description,0.6
10116272705,Strategy,genre,roblox,1.0
10116272705,anime_fighting,niche,keyword:name,0.9
10116272705,Tower Defense,subgenre,roblox,1.0
10123059921,Survival,genre,roblox,1.0
10123059921,horror,niche,keyword:description,0.6
10123059921,survival,niche,keyword:description,0.6
10124403207,base_building,feature,keyword:description,0.6
10124403207,codes,feature,keyword:name,0.9
10124403207,Sports & Racing,genre,roblox,1.0
10124403207,rng,niche,keyword:description,0.4
10124403207,shooter,niche,keyword:description,0.4
10124403207,sports,niche,keyword:name,0.9
10124403207,Sports,subgenre,roblox,1.0
10124421343,leaderboards,feature,keyword:description,0.6
10124421343,Obby & Platformer,genre,roblox,1.0
10124421343,obby,niche,keyword:name,0.9
10124421343,racing_driving,niche,keyword:description,0.6
10127797448,base_building,feature,keyword:description,0.6
10127797448,Obby & Platformer,genre,roblox,1.0
10127797448,dress_up,niche,keyword:name,0.9
10127797448,Tower Obby,subgenre,roblox,1.0
10131390815,codes,feature,keyword:description,0.6
10131390815,luck_boost,feature,keyword:description,0.6
10131390815,Simulation,genre,roblox,1.0
10131390815,Incremental Simulator,subgenre,roblox,1.0
10138624079,base_building,feature,keyword:description,0.6
10138624079,Survival,genre,roblox,1.0
10138624079,survival,niche,keyword:name,0.9
10141042381,base_building,feature,keyword:description,0.6
10141042381,limited_events,feature,keyword:name,0.9
10141042381,luck_boost,feature,keyword:description,0.6
10141042381,offline_earnings,feature,keyword:description,0.6
10141042381,pvp,feature,keyword:description,0.6
10141042381,trading,feature,keyword:description,0.6
10141042381,Simulation,genre,roblox,1.0
10141042381,rng,niche,keyword:description,0.4
10141042381,simulator,niche,keyword:description,0.6
10141042381,Incremental Simulator,subgenre,roblox,1.0
10144280947,rebirth,feature,keyword:description,0.6
10144280947,Simulation,genre,roblox,1.0
10144280947,escape,niche,keyword:name,0.9
10144280947,Incremental Simulator,subgenre,roblox,1.0
10144587520,leaderboards,feature,keyword:description,0.6
10144587520,offline_earnings,feature,keyword:description,0.6
10144587520,Simulation,genre,roblox,1.0
10144587520,anime_fighting,niche,keyword:name,0.9
10144587520,gardening_farming,niche,keyword:name,0.9
10144587520,Tycoon,subgenre,roblox,1.0
10148749921,Survival,genre,roblox,1.0
10148749921,horror,niche,keyword:description,0.4
10152905521,Simulation,genre,roblox,1.0
10152905521,Incremental Simulator,subgenre,roblox,1.0
10153098880,luck_boost,feature,keyword:description,0.6
10153098880,pvp,feature,keyword:description,0.6
10153098880,Simulation,genre,roblox,1.0
10153098880,rng,niche,keyword:name,0.9
10153098880,Incremental Simulator,subgenre,roblox,1.0
10155360168,Sports & Racing,genre,roblox,1.0
10155360168,shooter,niche,keyword:description,0.6
10155360168,sports,niche,keyword:name,0.9
10155360168,Sports,subgenre,roblox,1.0
10158471028,codes,feature,keyword:description,0.6
10158471028,daily_rewards,feature,keyword:description,0.6
10158471028,luck_boost,feature,keyword:description,0.6
10158471028,offline_earnings,feature,keyword:description,0.6
10158471028,pvp,feature,keyword:description,0.6
10158471028,trading,feature,keyword:description,0.6
10158471028,RPG,genre,roblox,1.0
10158471028,Action RPG,subgenre,roblox,1.0
10171934713,offline_earnings,feature,keyword:description,0.6
10171934713,rebirth,feature,keyword:description,0.6
10171934713,Simulation,genre,roblox,1.0
10171934713,Incremental Simulator,subgenre,roblox,1.0
10173311467,Simulation,genre,roblox,1.0
10173311467,racing_driving,niche,keyword:description,0.6
10173311467,Vehicle Sim,subgenre,roblox,1.0
10175155684,Entertainment,genre,roblox,1.0
10181310479,Action,genre,roblox,1.0
10181310479,Battlegrounds & Fighting,subgenre,roblox,1.0
10187294555,luck_boost,feature,keyword:description,0.6
10187294555,Simulation,genre,roblox,1.0
10187294555,Incremental Simulator,subgenre,roblox,1.0
10189903609,pets,feature,keyword:description,0.6
10189903609,Puzzle,genre,roblox,1.0
10189903609,pet_collecting,niche,keyword:description,0.4
10189903609,Word,subgenre,roblox,1.0
10195997258,luck_boost,feature,keyword:name,0.9
10195997258,stealing,feature,keyword:description,0.6
10195997258,Simulation,genre,roblox,1.0
10195997258,escape,niche,keyword:description,0.4
10195997258,fishing,niche,keyword:description,0.4
10195997258,steal_a,niche,keyword:description,0.4
10195997258,Tycoon,subgenre,roblox,1.0
10199301628,base_building,feature,keyword:description,0.6
10199301628,codes,feature,keyword:description,0.6
10199301628,offline_earnings,feature,keyword:description,0.6
10199301628,stealing,feature,keyword:description,0.6
10199301628,Simulation,genre,roblox,1.0
10199301628,Tycoon,subgenre,roblox,1.0
10200395747,offline_earnings,feature,keyword:description,0.6
10200395747,stealing,feature,keyword:description,0.6
10200395747,Simulation,genre,roblox,1.0
10200395747,gardening_farming,niche,keyword:name,0.9
10200395747,Tycoon,subgenre,roblox,1.0
10202515720,Action,genre,roblox,1.0
10202515720,simulator,niche,keyword:name,0.9
10202515720,Battlegrounds & Fighting,subgenre,roblox,1.0
10209534490,base_building,feature,keyword:description,0.6
10209534490,luck_boost,feature,keyword:description,0.6
10209534490,rebirth,feature,keyword:description,0.6
10209534490,Simulation,genre,roblox,1.0
10209534490,gardening_farming,niche,keyword:name,0.9
10209534490,lucky_block,niche,keyword:description,0.4
10209534490,obby,niche,keyword:description,0.4
10209534490,pet_collecting,niche,keyword:description,0.6
10209534490,Tycoon,subgenre,roblox,1.0
10212081143,base_building,feature,keyword:name,0.9
10212081143,offline_earnings,feature,keyword:description,0.6
10212081143,Simulation,genre,roblox,1.0
10212081143,escape,niche,keyword:description,0.4
10212081143,racing_driving,niche,keyword:description,0.6
10212081143,Tycoon,subgenre,roblox,1.0
10219827882,base_building,feature,keyword:description,0.6
10219827882,Simulation,genre,roblox,1.0
10219827882,Incremental Simulator,subgenre,roblox,1.0
10222476236,base_building,feature,keyword:description,0.6
10222476236,leaderboards,feature,keyword:description,0.6
10222476236,Roleplay & Avatar Sim,genre,roblox,1.0
10222476236,dress_up,niche,keyword:description,0.6
10222476236,Dress Up,subgenre,roblox,1.0
10226261982,base_building,feature,keyword:description,0.6
10226261982,daily_rewards,feature,keyword:description,0.6
10226261982,luck_boost,feature,keyword:description,0.6
10226261982,offline_earnings,feature,keyword:description,0.6
10226261982,rebirth,feature,keyword:description,0.6
10226261982,Simulation,genre,roblox,1.0
10226261982,anime_fighting,niche,keyword:name,0.9
10226261982,brainrot,niche,keyword:description,0.6
10226261982,gardening_farming,niche,keyword:description,0.6
10226261982,incremental,niche,keyword:description,0.4
10226261982,lucky_block,niche,keyword:description,0.4
10226261982,rng,niche,keyword:name,0.9
10226261982,simulator,niche,keyword:description,0.6
10226261982,survival,niche,keyword:description,0.4
10226261982,Tycoon,subgenre,roblox,1.0
10226701629,leaderboards,feature,keyword:description,0.6
10226701629,Adventure,genre,roblox,1.0
10226701629,racing_driving,niche,keyword:description,0.4
10226701629,Scavenger Hunt,subgenre,roblox,1.0
10230942274,Action,genre,roblox,1.0
10230942274,anime_fighting,niche,keyword:description,0.4
10230942274,gardening_farming,niche,keyword:description,0.4
10230942274,Battlegrounds & Fighting,subgenre,roblox,1.0
10231502419,Strategy,genre,roblox,1.0
10231502419,survival,niche,keyword:description,0.4
10231502419,tower_defense,niche,keyword:name,0.9
10231502419,Tower Defense,subgenre,roblox,1.0
10232686472,Survival,genre,roblox,1.0
10236023188,trading,feature,keyword:description,0.6
10236023188,Obby & Platformer,genre,roblox,1.0
10236023188,hangout,niche,keyword:description,0.4
10236023188,obby,niche,keyword:description,0.6
10236023188,Tower Obby,subgenre,roblox,1.0
10236805062,base_building,feature,keyword:description,0.6
10236805062,leaderboards,feature,keyword:description,0.6
10236805062,pvp,feature,keyword:description,0.6
10236805062,Strategy,genre,roblox,1.0
10241783978,codes,feature,keyword:description,0.6
10241783978,leaderboards,feature,keyword:description,0.6
10241783978,rebirth,feature,keyword:description,0.6
10241783978,trading,feature,keyword:description,0.6
10241783978,Simulation,genre,roblox,1.0
10241783978,anime_fighting,niche,keyword:description,0.4
10241783978,simulator,niche,keyword:description,0.4
10241783978,Incremental Simulator,subgenre,roblox,1.0
10244001346,base_building,feature,keyword:description,0.6
10244001346,Survival,genre,roblox,1.0
10244001346,escape,niche,keyword:name,0.9
10244001346,survival,niche,keyword:description,0.4
10246108265,base_building,feature,keyword:description,0.6
10246108265,pvp,feature,keyword:description,0.6
10246108265,Strategy,genre,roblox,1.0
10249209189,base_building,feature,keyword:description,0.6
10249209189,Simulation,genre,roblox,1.0
10249209189,Tycoon,subgenre,roblox,1.0
10253235584,base_building,feature,keyword:name,0.9
10253235584,offline_earnings,feature,keyword:description,0.6
10253235584,Strategy,genre,roblox,1.0
10253235584,rng,niche,keyword:name,0.9
10253235584,Tower Defense,subgenre,roblox,1.0
10254680421,codes,feature,keyword:description,0.6
10254680421,daily_rewards,feature,keyword:description,0.6
10254680421,leaderboards,feature,keyword:description,0.6
10254680421,Sports & Racing,genre,roblox,1.0
10254680421,sports,niche,keyword:name,0.9
10254680421,Sports,subgenre,roblox,1.0
10255788071,codes,feature,keyword:description,0.6
10255788071,pvp,feature,keyword:name,0.9
10255788071,Action,genre,roblox,1.0
10255788071,Battlegrounds & Fighting,subgenre,roblox,1.0
10258991999,Action,genre,roblox,1.0
10258991999,Battlegrounds & Fighting,subgenre,roblox,1.0
10261267004,mutations,feature,keyword:description,0.6
10261267004,Simulation,genre,roblox,1.0
10261267004,racing_driving,niche,keyword:description,0.4
10261267004,tycoon,niche,keyword:description,0.4
10261267004,Tycoon,subgenre,roblox,1.0
10263732883,leaderboards,feature,keyword:description,0.6
10263732883,Simulation,genre,roblox,1.0
10263732883,tycoon,niche,keyword:name,0.9
10263732883,Tycoon,subgenre,roblox,1.0
10267638347,base_building,feature,keyword:description,0.6
10267638347,Shopping,genre,roblox,1.0
10267638347,dress_up,niche,keyword:description,0.6
10267638347,hangout,niche,keyword:description,0.4
10267638347,Avatar Shopping,subgenre,roblox,1.0
10268960646,base_building,feature,keyword:description,0.6
10268960646,Simulation,genre,roblox,1.0
10268960646,racing_driving,niche,keyword:description,0.4
10268960646,Vehicle Sim,subgenre,roblox,1.0
10269820836,Social,genre,roblox,1.0
10269820836,hangout,niche,keyword:description,0.4
10271723279,leaderboards,feature,keyword:description,0.6
10271723279,Sports & Racing,genre,roblox,1.0
10271723279,Sports,subgenre,roblox,1.0
10278774552,leaderboards,feature,keyword:description,0.6
10278774552,Party & Casual,genre,roblox,1.0
10278774552,survival,niche,keyword:description,0.6
10282097014,base_building,feature,keyword:description,0.6
10282097014,pets,feature,keyword:name,0.9
10282097014,Simulation,genre,roblox,1.0
10282097014,pet_collecting,niche,keyword:name,0.9
10282097014,tycoon,niche,keyword:name,0.9
10282097014,Tycoon,subgenre,roblox,1.0
10286150288,base_building,feature,keyword:description,0.6
10286150288,Simulation,genre,roblox,1.0
10286150288,racing_driving,niche,keyword:description,0.6
10286150288,Tycoon,subgenre,roblox,1.0
10289201563,Party & Casual,genre,roblox,1.0
10289201563,survival,niche,keyword:description,0.6
10289201563,Childhood Game,subgenre,roblox,1.0
10298144467,base_building,feature,keyword:description,0.6
10298144467,mutations,feature,keyword:description,0.6
10298144467,pvp,feature,keyword:description,0.6
10298144467,Simulation,genre,roblox,1.0
10298144467,anime_fighting,niche,keyword:name,0.9
10298144467,incremental,niche,keyword:description,0.4
10298144467,rng,niche,keyword:name,0.9
10298144467,simulator,niche,keyword:description,0.4
10298144467,survival,niche,keyword:description,0.4
10298144467,Tycoon,subgenre,roblox,1.0
10299762956,base_building,feature,keyword:description,0.6
10299762956,Simulation,genre,roblox,1.0
10299762956,Tycoon,subgenre,roblox,1.0
10302179427,Puzzle,genre,roblox,1.0
10308844888,Obby & Platformer,genre,roblox,1.0
10308844888,obby,niche,keyword:description,0.6
10308844888,racing_driving,niche,keyword:description,0.4
10309128556,Shooter,genre,roblox,1.0
10309128556,shooter,niche,keyword:description,0.4
10309128556,PvE Shooter,subgenre,roblox,1.0
10310563053,Party & Casual,genre,roblox,1.0
10310999762,base_building,feature,keyword:description,0.6
10310999762,Simulation,genre,roblox,1.0
10310999762,brainrot,niche,keyword:description,0.6
10310999762,Incremental Simulator,subgenre,roblox,1.0
10313654312,Entertainment,genre,roblox,1.0
10313654312,Music & Audio,subgenre,roblox,1.0
10321202755,codes,feature,keyword:description,0.6
10321202755,leaderboards,feature,keyword:description,0.6
10321202755,pvp,feature,keyword:description,0.6
10321202755,Simulation,genre,roblox,1.0
10321202755,anime_fighting,niche,keyword:name,0.9
10321202755,simulator,niche,keyword:name,0.9
10321202755,Incremental Simulator,subgenre,roblox,1.0
10324001605,daily_rewards,feature,keyword:description,0.6
10324001605,offline_earnings,feature,keyword:description,0.6
10324001605,Simulation,genre,roblox,1.0
10324001605,gardening_farming,niche,keyword:description,0.6
10324001605,Tycoon,subgenre,roblox,1.0
10329489265,Party & Casual,genre,roblox,1.0
10329489265,survival,niche,keyword:description,0.6
10329489265,Childhood Game,subgenre,roblox,1.0
10336278580,base_building,feature,keyword:description,0.6
10336278580,codes,feature,keyword:description,0.6
10336278580,offline_earnings,feature,keyword:description,0.6
10336278580,Simulation,genre,roblox,1.0
10336278580,Incremental Simulator,subgenre,roblox,1.0
10338952197,codes,feature,keyword:description,0.6
10338952197,offline_earnings,feature,keyword:description,0.6
10338952197,pvp,feature,keyword:description,0.6
10338952197,rebirth,feature,keyword:description,0.6
10338952197,Simulation,genre,roblox,1.0
10338952197,anime_fighting,niche,keyword:description,0.4
10338952197,pet_collecting,niche,keyword:description,0.6
10338952197,Tycoon,subgenre,roblox,1.0
10370802481,codes,feature,keyword:description,0.6
10370802481,leaderboards,feature,keyword:description,0.6
10370802481,pvp,feature,keyword:description,0.6
10370802481,Sports & Racing,genre,roblox,1.0
10370802481,shooter,niche,keyword:description,0.4
10370802481,sports,niche,keyword:description,0.6
10370802481,Sports,subgenre,roblox,1.0
10371406677,pets,feature,keyword:description,0.6
10371406677,rebirth,feature,keyword:description,0.6
10371406677,Simulation,genre,roblox,1.0
10371406677,pet_collecting,niche,keyword:name,0.9
10371406677,racing_driving,niche,keyword:name,0.9
10371406677,simulator,niche,keyword:description,0.4
10371406677,Tycoon,subgenre,roblox,1.0
10376944238,base_building,feature,keyword:name,0.9
10376944238,offline_earnings,feature,keyword:description,0.6
10376944238,Simulation,genre,roblox,1.0
10376944238,horror,niche,keyword:name,0.9
10376944238,Tycoon,subgenre,roblox,1.0
10380743712,daily_rewards,feature,keyword:description,0.6
10380743712,Puzzle,genre,roblox,1.0
10380743712,Word,subgenre,roblox,1.0
10387635049,base_building,feature,keyword:description,0.6
10387635049,offline_earnings,feature,keyword:description,0.6
10387635049,Simulation,genre,roblox,1.0
10387635049,gardening_farming,niche,keyword:name,0.9
10387635049,incremental,niche,keyword:description,0.4
10387635049,pet_collecting,niche,keyword:description,0.6
10387635049,racing_driving,niche,keyword:name,0.9
10387635049,rng,niche,keyword:description,0.4
10387635049,Tycoon,subgenre,roblox,1.0
10389762549,codes,feature,keyword:description,0.6
10389762549,luck_boost,feature,keyword:description,0.6
10389762549,Simulation,genre,roblox,1.0
10389762549,rng,niche,keyword:name,0.9
10389762549,Incremental Simulator,subgenre,roblox,1.0
10390151142,Simulation,genre,roblox,1.0
10391036163,Survival,genre,roblox,1.0
10391036163,horror,niche,keyword:description,0.6
10391036163,incremental,niche,keyword:description,0.4
10393438342,leaderboards,feature,keyword:description,0.6
10393438342,Strategy,genre,roblox,1.0
10393438342,tower_defense,niche,keyword:name,0.9
10393438342,Tower Defense,subgenre,roblox,1.0
10394064134,Roleplay & Avatar Sim,genre,roblox,1.0
10394064134,roleplay_city,niche,keyword:name,0.9
10398947938,base_building,feature,keyword:description,0.6
10398947938,codes,feature,keyword:description,0.6
10398947938,Action,genre,roblox,1.0
10398947938,Open World Action,subgenre,roblox,1.0
10399125962,Party & Casual,genre,roblox,1.0
10399125962,obby,niche,keyword:description,0.4
10399125962,racing_driving,niche,keyword:description,0.4
10399125962,simulator,niche,keyword:description,0.4
10399125962,survival,niche,keyword:description,0.4
10399125962,tycoon,niche,keyword:description,0.4
10399136326,Action,genre,roblox,1.0
10399136326,anime_fighting,niche,keyword:name,0.9
10399136326,gardening_farming,niche,keyword:description,0.4
10399136326,Battlegrounds & Fighting,subgenre,roblox,1.0
10399524075,base_building,feature,keyword:name,0.9
10399524075,offline_earnings,feature,keyword:description,0.6
10399524075,Simulation,genre,roblox,1.0
10399524075,rng,niche,keyword:description,0.4
10399524075,Incremental Simulator,subgenre,roblox,1.0
10403820097,Party & Casual,genre,roblox,1.0
10403820097,survival,niche,keyword:description,0.4
10404519332,offline_earnings,feature,keyword:description,0.6
10404519332,Simulation,genre,roblox,1.0
10404519332,Tycoon,subgenre,roblox,1.0
10410945205,base_building,feature,keyword:description,0.6
10410945205,offline_earnings,feature,keyword:description,0.6
10410945205,rebirth,feature,keyword:description,0.6
10410945205,Simulation,genre,roblox,1.0
10410945205,Incremental Simulator,subgenre,roblox,1.0
10415694629,Obby & Platformer,genre,roblox,1.0
10415694629,obby,niche,keyword:name,0.9
10415845204,base_building,feature,keyword:description,0.6
10415845204,pets,feature,keyword:description,0.6
10415845204,rebirth,feature,keyword:description,0.6
10415845204,Simulation,genre,roblox,1.0
10415845204,incremental,niche,keyword:name,0.9
10415845204,pet_collecting,niche,keyword:description,0.6
10415845204,simulator,niche,keyword:name,0.9
10415845204,Incremental Simulator,subgenre,roblox,1.0
10418117926,leaderboards,feature,keyword:description,0.6
10418117926,Simulation,genre,roblox,1.0
10421901778,pets,feature,keyword:description,0.6
10421901778,rebirth,feature,keyword:description,0.6
10421901778,Puzzle,genre,roblox,1.0
10421901778,incremental,niche,keyword:description,0.4
10421901778,pet_collecting,niche,keyword:description,0.4
10422038064,limited_events,feature,keyword:description,0.6
10422038064,luck_boost,feature,keyword:name,0.9
10422038064,Simulation,genre,roblox,1.0
10422038064,brainrot,niche,keyword:description,0.6
10422038064,lucky_block,niche,keyword:name,0.9
10422038064,Tycoon,subgenre,roblox,1.0
10424107160,base_building,feature,keyword:description,0.6
10424107160,codes,feature,keyword:description,0.6
10424107160,leaderboards,feature,keyword:description,0.6
10424107160,pets,feature,keyword:description,0.6
10424107160,Strategy,genre,roblox,1.0
10424107160,horror,niche,keyword:name,0.9
10424107160,pet_collecting,niche,keyword:description,0.6
10424107160,survival,niche,keyword:name,0.9
10424107160,Tower Defense,subgenre,roblox,1.0
10426768719,base_building,feature,keyword:description,0.6
10426768719,leaderboards,feature,keyword:description,0.6
10426768719,Puzzle,genre,roblox,1.0
10426768719,racing_driving,niche,keyword:description,0.4
10428543942,Survival,genre,roblox,1.0
10428543942,disaster,niche,keyword:description,0.4
10428543942,escape,niche,keyword:description,0.4
10428543942,survival,niche,keyword:description,0.4
10428543942,1 vs All,subgenre,roblox,1.0
10430019389,base_building,feature,keyword:description,0.6
10430019389,stealing,feature,keyword:description,0.6
10430019389,Simulation,genre,roblox,1.0
10430019389,anime_fighting,niche,keyword:name,0.9
10430019389,Incremental Simulator,subgenre,roblox,1.0
10431718987,base_building,feature,keyword:description,0.6
10431718987,codes,feature,keyword:description,0.6
10431718987,offline_earnings,feature,keyword:description,0.6
10431718987,Simulation,genre,roblox,1.0
10431718987,Tycoon,subgenre,roblox,1.0
10436530264,base_building,feature,keyword:name,0.9
10436530264,Simulation,genre,roblox,1.0
10436530264,rng,niche,keyword:description,0.4
10436530264,Tycoon,subgenre,roblox,1.0
10439568447,Survival,genre,roblox,1.0
10439568447,horror,niche,keyword:description,0.4
10439568447,survival,niche,keyword:description,0.6
10440833423,Simulation,genre,roblox,1.0
10440833423,Tycoon,subgenre,roblox,1.0
10445832507,offline_earnings,feature,keyword:description,0.6
10445832507,Simulation,genre,roblox,1.0
10445832507,pet_collecting,niche,keyword:description,0.4
10445832507,Incremental Simulator,subgenre,roblox,1.0
10452740285,base_building,feature,keyword:name,0.9
10452740285,offline_earnings,feature,keyword:description,0.6
10452740285,Simulation,genre,roblox,1.0
10452740285,shooter,niche,keyword:name,0.9
10452740285,Incremental Simulator,subgenre,roblox,1.0
10455462279,Survival,genre,roblox,1.0
10455462279,horror,niche,keyword:description,0.4
10455462279,survival,niche,keyword:name,0.9
10455741150,codes,feature,keyword:description,0.6
10455741150,limited_events,feature,keyword:description,0.6
10455741150,pvp,feature,keyword:description,0.6
10455741150,Survival,genre,roblox,1.0
10458789587,base_building,feature,keyword:name,0.9
10458789587,leaderboards,feature,keyword:description,0.6
10458789587,Simulation,genre,roblox,1.0
10460801145,Obby & Platformer,genre,roblox,1.0
10460801145,Tower Obby,subgenre,roblox,1.0
10463578886,pvp,feature,keyword:description,0.6
10463578886,Strategy,genre,roblox,1.0
10463578886,survival,niche,keyword:description,0.4
10463578886,tower_defense,niche,keyword:name,0.9
10463578886,Tower Defense,subgenre,roblox,1.0
10466601694,offline_earnings,feature,keyword:description,0.6
10466601694,Simulation,genre,roblox,1.0
10466601694,tycoon,niche,keyword:name,0.9
10466601694,Tycoon,subgenre,roblox,1.0
10471583973,base_building,feature,keyword:description,0.6
10471583973,Simulation,genre,roblox,1.0
10471583973,tycoon,niche,keyword:name,0.9
10471583973,Tycoon,subgenre,roblox,1.0
10475794799,Simulation,genre,roblox,1.0
10475794799,Tycoon,subgenre,roblox,1.0
10481791182,luck_boost,feature,keyword:description,0.6
10481791182,Sports & Racing,genre,roblox,1.0
10481791182,sports,niche,keyword:description,0.4
10481791182,Sports,subgenre,roblox,1.0
10485201326,codes,feature,keyword:description,0.6
10485201326,pets,feature,keyword:description,0.6
10485201326,Simulation,genre,roblox,1.0
10485201326,pet_collecting,niche,keyword:description,0.6
10485201326,Incremental Simulator,subgenre,roblox,1.0
10501944811,leaderboards,feature,keyword:description,0.6
10501944811,offline_earnings,feature,keyword:description,0.6
10501944811,Simulation,genre,roblox,1.0
10501944811,anime_fighting,niche,keyword:name,0.9
10501944811,rng,niche,keyword:description,0.4
10501944811,Tycoon,subgenre,roblox,1.0
10502841145,codes,feature,keyword:description,0.6
10502841145,leaderboards,feature,keyword:description,0.6
10502841145,Simulation,genre,roblox,1.0
10502841145,anime_fighting,niche,keyword:name,0.9
10502841145,simulator,niche,keyword:name,0.9
10502841145,Incremental Simulator,subgenre,roblox,1.0
10503838245,luck_boost,feature,keyword:description,0.6
10503838245,mutations,feature,keyword:description,0.6
10503838245,pets,feature,keyword:description,0.6
10503838245,rebirth,feature,keyword:description,0.6
10503838245,Simulation,genre,roblox,1.0
10503838245,lucky_block,niche,keyword:description,0.4
10503838245,pet_collecting,niche,keyword:description,0.6
10503838245,Incremental Simulator,subgenre,roblox,1.0
10504918958,Action,genre,roblox,1.0
10504918958,anime_fighting,niche,keyword:description,0.4
10504918958,Battlegrounds & Fighting,subgenre,roblox,1.0
10508386614,codes,feature,keyword:description,0.6
10508386614,RPG,genre,roblox,1.0
10508386614,anime_fighting,niche,keyword:description,0.4
10508386614,Action RPG,subgenre,roblox,1.0
10512942223,RPG,genre,roblox,1.0
10512942223,anime_fighting,niche,keyword:name,0.9
10512942223,Action RPG,subgenre,roblox,1.0
10514223296,base_building,feature,keyword:description,0.6
10514223296,Simulation,genre,roblox,1.0
10514223296,simulator,niche,keyword:description,0.4
10514223296,tycoon,niche,keyword:description,0.4
10514223296,Incremental Simulator,subgenre,roblox,1.0
10514280922,base_building,feature,keyword:description,0.6
10514280922,luck_boost,feature,keyword:description,0.6
10514280922,offline_earnings,feature,keyword:description,0.6
10514280922,Simulation,genre,roblox,1.0
10514280922,gardening_farming,niche,keyword:description,0.6
10514280922,rng,niche,keyword:name,0.9
10514280922,Tycoon,subgenre,roblox,1.0
10520829450,Party & Casual,genre,roblox,1.0
10521797740,leaderboards,feature,keyword:description,0.6
10521797740,Party & Casual,genre,roblox,1.0
10521797740,Minigame,subgenre,roblox,1.0
10524813259,Simulation,genre,roblox,1.0
10524813259,rng,niche,keyword:name,0.9
10524813259,Incremental Simulator,subgenre,roblox,1.0
10526463655,pvp,feature,keyword:name,0.9
10526463655,Sports & Racing,genre,roblox,1.0
10526463655,Sports,subgenre,roblox,1.0
10526853622,Simulation,genre,roblox,1.0
10526853622,fishing,niche,keyword:name,0.9
10526853622,Incremental Simulator,subgenre,roblox,1.0
10529067596,Simulation,genre,roblox,1.0
10529067596,sports,niche,keyword:name,0.9
10529067596,Incremental Simulator,subgenre,roblox,1.0
10529769390,codes,feature,keyword:description,0.6
10529769390,Strategy,genre,roblox,1.0
10529769390,survival,niche,keyword:description,0.4
10529769390,tower_defense,niche,keyword:name,0.9
10529769390,Tower Defense,subgenre,roblox,1.0
10532995815,luck_boost,feature,keyword:description,0.6
10532995815,Simulation,genre,roblox,1.0
10532995815,gardening_farming,niche,keyword:description,0.4
10532995815,Incremental Simulator,subgenre,roblox,1.0
10533638982,luck_boost,feature,keyword:description,0.6
10533638982,Simulation,genre,roblox,1.0
10533638982,simulator,niche,keyword:description,0.4
10533638982,Incremental Simulator,subgenre,roblox,1.0
10534873486,auto_farm,feature,keyword:description,0.6
10534873486,codes,feature,keyword:description,0.6
10534873486,offline_earnings,feature,keyword:description,0.6
10534873486,private_servers,feature,keyword:description,0.6
10534873486,Simulation,genre,roblox,1.0
10534873486,gardening_farming,niche,keyword:description,0.4
10534873486,Incremental Simulator,subgenre,roblox,1.0
10539411000,Adventure,genre,roblox,1.0
10539411000,Story,subgenre,roblox,1.0
10541331578,RPG,genre,roblox,1.0
10541331578,Action RPG,subgenre,roblox,1.0
10550257968,base_building,feature,keyword:description,0.6
10550257968,pets,feature,keyword:description,0.6
10550257968,stealing,feature,keyword:name,0.9
10550257968,Simulation,genre,roblox,1.0
10550257968,pet_collecting,niche,keyword:description,0.6
10550257968,steal_a,niche,keyword:name,0.9
10550257968,Tycoon,subgenre,roblox,1.0
10552240401,luck_boost,feature,keyword:description,0.6
10552240401,mutations,feature,keyword:description,0.6
10552240401,pvp,feature,keyword:description,0.6
10552240401,Simulation,genre,roblox,1.0
10552240401,anime_fighting,niche,keyword:name,0.9
10552240401,incremental,niche,keyword:description,0.4
10552240401,rng,niche,keyword:name,0.9
10552240401,simulator,niche,keyword:description,0.4
10552240401,survival,niche,keyword:description,0.4
10552240401,Incremental Simulator,subgenre,roblox,1.0
10552540426,private_servers,feature,keyword:description,0.6
10552540426,Simulation,genre,roblox,1.0
10552540426,gardening_farming,niche,keyword:name,0.9
10552540426,Incremental Simulator,subgenre,roblox,1.0
10553704684,base_building,feature,keyword:description,0.6
10553704684,daily_rewards,feature,keyword:description,0.6
10553704684,pets,feature,keyword:description,0.6
10553704684,Simulation,genre,roblox,1.0
10553704684,pet_collecting,niche,keyword:description,0.4
10553704684,Tycoon,subgenre,roblox,1.0
10561166339,base_building,feature,keyword:description,0.6
10561166339,codes,feature,keyword:description,0.6
10561166339,offline_earnings,feature,keyword:description,0.6
10561166339,Simulation,genre,roblox,1.0
10561166339,rng,niche,keyword:description,0.4
10561166339,Incremental Simulator,subgenre,roblox,1.0
10561309674,Entertainment,genre,roblox,1.0
10561309674,Showcase & Hub,subgenre,roblox,1.0
10563114921,base_building,feature,keyword:description,0.6
10563114921,mutations,feature,keyword:description,0.6
10563114921,pets,feature,keyword:description,0.6
10563114921,stealing,feature,keyword:name,0.9
10563114921,Simulation,genre,roblox,1.0
10563114921,pet_collecting,niche,keyword:description,0.6
10563114921,Tycoon,subgenre,roblox,1.0
10565445771,Adventure,genre,roblox,1.0
10565445771,Story,subgenre,roblox,1.0
10566677406,base_building,feature,keyword:description,0.6
10566677406,trading,feature,keyword:description,0.6
10566677406,Roleplay & Avatar Sim,genre,roblox,1.0
10566677406,gardening_farming,niche,keyword:description,0.4
10566677406,Life,subgenre,roblox,1.0
10569930060,Entertainment,genre,roblox,1.0
10569930060,Showcase & Hub,subgenre,roblox,1.0
10572887321,codes,feature,keyword:description,0.6
10572887321,pvp,feature,keyword:name,0.9
10572887321,Action,genre,roblox,1.0
10572887321,anime_fighting,niche,keyword:description,0.4
10572887321,racing_driving,niche,keyword:name,0.9
10572887321,Battlegrounds & Fighting,subgenre,roblox,1.0
10576739951,Survival,genre,roblox,1.0
10576739951,survival,niche,keyword:description,0.4
10576739951,1 vs All,subgenre,roblox,1.0
10577588270,leaderboards,feature,keyword:description,0.6
10577588270,pets,feature,keyword:description,0.6
10577588270,rebirth,feature,keyword:description,0.6
10577588270,Simulation,genre,roblox,1.0
10577588270,pet_collecting,niche,keyword:description,0.6
10577588270,Incremental Simulator,subgenre,roblox,1.0
10577682617,base_building,feature,keyword:name,0.9
10577682617,Simulation,genre,roblox,1.0
10577682617,obby,niche,keyword:name,0.9
10577682617,Tycoon,subgenre,roblox,1.0
10579389074,Party & Casual,genre,roblox,1.0
10579389074,escape,niche,keyword:description,0.6
10579389074,Minigame,subgenre,roblox,1.0
10589388621,base_building,feature,keyword:description,0.6
10589388621,codes,feature,keyword:description,0.6
10589388621,offline_earnings,feature,keyword:description,0.6
10589388621,trading,feature,keyword:description,0.6
10589388621,Simulation,genre,roblox,1.0
10589388621,racing_driving,niche,keyword:name,0.9
10589388621,tycoon,niche,keyword:description,0.4
10589388621,Tycoon,subgenre,roblox,1.0
10589881655,Shopping,genre,roblox,1.0
10589881655,dress_up,niche,keyword:name,0.9
10589881655,Avatar Shopping,subgenre,roblox,1.0
10597001332,Puzzle,genre,roblox,1.0
10597001332,anime_fighting,niche,keyword:description,0.4
10597001332,brainrot,niche,keyword:description,0.4
10598688389,mutations,feature,keyword:description,0.6
10598688389,Action,genre,roblox,1.0
10598688389,escape,niche,keyword:description,0.4
10598688389,Open World Action,subgenre,roblox,1.0
10601155553,Sports & Racing,genre,roblox,1.0
10601155553,Sports,subgenre,roblox,1.0
10603011269,auto_farm,feature,keyword:description,0.6
10603011269,base_building,feature,keyword:description,0.6
10603011269,codes,feature,keyword:description,0.6
10603011269,offline_earnings,feature,keyword:description,0.6
10603011269,pets,feature,keyword:description,0.6
10603011269,pvp,feature,keyword:description,0.6
10603011269,Simulation,genre,roblox,1.0
10603011269,anime_fighting,niche,keyword:description,0.4
10603011269,incremental,niche,keyword:description,0.4
10603011269,pet_collecting,niche,keyword:description,0.6
10603011269,simulator,niche,keyword:description,0.4
10603011269,tycoon,niche,keyword:description,0.4
10603011269,Incremental Simulator,subgenre,roblox,1.0
10608856704,rebirth,feature,keyword:description,0.6
10608856704,Simulation,genre,roblox,1.0
10608856704,Incremental Simulator,subgenre,roblox,1.0
10612017628,luck_boost,feature,keyword:name,0.9
10612017628,offline_earnings,feature,keyword:description,0.6
10612017628,Simulation,genre,roblox,1.0
10612017628,brainrot,niche,keyword:description,0.6
10612017628,lucky_block,niche,keyword:name,0.9
10612017628,racing_driving,niche,keyword:description,0.4
10612017628,Tycoon,subgenre,roblox,1.0
10624691669,codes,feature,keyword:description,0.6
10624691669,Puzzle,genre,roblox,1.0
10624691669,escape,niche,keyword:description,0.4
10624691669,Escape Room,subgenre,roblox,1.0
10626746750,base_building,feature,keyword:description,0.6
10626746750,trading,feature,keyword:description,0.6
10626746750,Simulation,genre,roblox,1.0
10626746750,disaster,niche,keyword:description,0.4
10626746750,gardening_farming,niche,keyword:description,0.4
10626746750,simulator,niche,keyword:name,0.9
10626746750,Sandbox,subgenre,roblox,1.0
10628006421,daily_rewards,feature,keyword:description,0.6
10628006421,Puzzle,genre,roblox,1.0
10628223804,offline_earnings,feature,keyword:description,0.6
10628223804,Social,genre,roblox,1.0
10628526114,base_building,feature,keyword:description,0.6
10628526114,codes,feature,keyword:description,0.6
10628526114,leaderboards,feature,keyword:description,0.6
10628526114,luck_boost,feature,keyword:description,0.6
10628526114,pets,feature,keyword:description,0.6
10628526114,Simulation,genre,roblox,1.0
10628526114,pet_collecting,niche,keyword:description,0.6
10628526114,simulator,niche,keyword:description,0.4
10628526114,Incremental Simulator,subgenre,roblox,1.0
10630800860,Party & Casual,genre,roblox,1.0
10631775021,pets,feature,keyword:description,0.6
10631775021,Simulation,genre,roblox,1.0
10631775021,pet_collecting,niche,keyword:description,0.4
10631775021,rng,niche,keyword:description,0.4
10631775021,Incremental Simulator,subgenre,roblox,1.0
10634461028,Simulation,genre,roblox,1.0
10634461028,racing_driving,niche,keyword:name,0.9
10634461028,simulator,niche,keyword:description,0.6
10634461028,Vehicle Sim,subgenre,roblox,1.0
10635348596,Action,genre,roblox,1.0
10636331438,codes,feature,keyword:description,0.6
10636331438,offline_earnings,feature,keyword:description,0.6
10636331438,Simulation,genre,roblox,1.0
10636331438,fishing,niche,keyword:description,0.4
10636331438,rng,niche,keyword:name,0.9
10636331438,Tycoon,subgenre,roblox,1.0
10637759898,Party & Casual,genre,roblox,1.0
10637759898,Minigame,subgenre,roblox,1.0
10641300771,Puzzle,genre,roblox,1.0
10641300771,racing_driving,niche,keyword:description,0.4
10642548584,Obby & Platformer,genre,roblox,1.0
10642548584,obby,niche,keyword:name,0.9
10642548584,Classic Obby,subgenre,roblox,1.0
10642702105,codes,feature,keyword:description,0.6
10642702105,RPG,genre,roblox,1.0
10642702105,Action RPG,subgenre,roblox,1.0
10643795368,leaderboards,feature,keyword:description,0.6
10643795368,stealing,feature,keyword:description,0.6
10643795368,Simulation,genre,roblox,1.0
10643795368,incremental,niche,keyword:name,0.9
10643795368,Incremental Simulator,subgenre,roblox,1.0
10643877552,base_building,feature,keyword:name,0.9
10643877552,Sports & Racing,genre,roblox,1.0
10643877552,rng,niche,keyword:description,0.4
10643877552,sports,niche,keyword:name,0.9
10643877552,Sports,subgenre,roblox,1.0
10648640958,base_building,feature,keyword:description,0.6
10648640958,leaderboards,feature,keyword:description,0.6
10648640958,pvp,feature,keyword:description,0.6
10648640958,trading,feature,keyword:description,0.6
10648640958,Shooter,genre,roblox,1.0
10648640958,shooter,niche,keyword:name,0.9
10648640958,Deathmatch Shooter,subgenre,roblox,1.0
10648820673,codes,feature,keyword:description,0.6
10648820673,Simulation,genre,roblox,1.0
10648820673,simulator,niche,keyword:description,0.4
10648820673,Tycoon,subgenre,roblox,1.0
10649255304,base_building,feature,keyword:description,0.6
10649255304,offline_earnings,feature,keyword:description,0.6
10649255304,Simulation,genre,roblox,1.0
10649255304,pet_collecting,niche,keyword:description,0.6
10649255304,Tycoon,subgenre,roblox,1.0
10665420648,Survival,genre,roblox,1.0
10665420648,story,niche,keyword:description,0.6
10665420648,Escape,subgenre,roblox,1.0
10667006841,leaderboards,feature,keyword:description,0.6
10667006841,pvp,feature,keyword:description,0.6
10667006841,Party & Casual,genre,roblox,1.0
10667006841,anime_fighting,niche,keyword:name,0.9
10667006841,obby,niche,keyword:description,0.4
10667006841,racing_driving,niche,keyword:description,0.4
10667006841,simulator,niche,keyword:description,0.4
10667006841,survival,niche,keyword:description,0.4
10667006841,tycoon,niche,keyword:description,0.4
10667357873,codes,feature,keyword:description,0.6
10667357873,luck_boost,feature,keyword:description,0.6
10667357873,offline_earnings,feature,keyword:description,0.6
10667357873,Simulation,genre,roblox,1.0
10667357873,racing_driving,niche,keyword:name,0.9
10667357873,Incremental Simulator,subgenre,roblox,1.0
10667860714,offline_earnings,feature,keyword:description,0.6
10667860714,Simulation,genre,roblox,1.0
10667860714,rng,niche,keyword:description,0.4
10667860714,Incremental Simulator,subgenre,roblox,1.0
10673920146,codes,feature,keyword:description,0.6
10673920146,leaderboards,feature,keyword:description,0.6
10673920146,luck_boost,feature,keyword:description,0.6
10673920146,Survival,genre,roblox,1.0
10673920146,shooter,niche,keyword:description,0.6
10673920146,survival,niche,keyword:name,0.9
10675117523,Simulation,genre,roblox,1.0
10675117523,anime_fighting,niche,keyword:name,0.9
10675117523,incremental,niche,keyword:description,0.4
10675117523,simulator,niche,keyword:description,0.4
10675117523,Incremental Simulator,subgenre,roblox,1.0
10677698797,Action,genre,roblox,1.0
10677698797,simulator,niche,keyword:description,0.4
10677698797,Battlegrounds & Fighting,subgenre,roblox,1.0
10681914462,leaderboards,feature,keyword:description,0.6
10681914462,Simulation,genre,roblox,1.0
10681914462,escape,niche,keyword:name,0.9
10681914462,racing_driving,niche,keyword:description,0.4
10681914462,Incremental Simulator,subgenre,roblox,1.0
10684750879,codes,feature,keyword:description,0.6
10684750879,Simulation,genre,roblox,1.0
10684750879,Incremental Simulator,subgenre,roblox,1.0
10685282333,auto_farm,feature,keyword:description,0.6
10685282333,pvp,feature,keyword:description,0.6
10685282333,trading,feature,keyword:description,0.6
10685282333,Party & Casual,genre,roblox,1.0
10690360998,offline_earnings,feature,keyword:description,0.6
10690360998,stealing,feature,keyword:description,0.6
10690360998,Simulation,genre,roblox,1.0
10690360998,escape,niche,keyword:description,0.4
10690360998,pet_collecting,niche,keyword:description,0.6
10690360998,Tycoon,subgenre,roblox,1.0
10690942083,Survival,genre,roblox,1.0
10690942083,survival,niche,keyword:description,0.4
10690942083,1 vs All,subgenre,roblox,1.0
10696894951,base_building,feature,keyword:description,0.6
10696894951,Survival,genre,roblox,1.0
10696894951,escape,niche,keyword:description,0.4
10696894951,survival,niche,keyword:name,0.9
10696894951,1 vs All,subgenre,roblox,1.0
10698216738,base_building,feature,keyword:description,0.6
10698216738,pvp,feature,keyword:description,0.6
10698216738,Simulation,genre,roblox,1.0
10698216738,tycoon,niche,keyword:name,0.9
10698216738,Tycoon,subgenre,roblox,1.0
10699057921,leaderboards,feature,keyword:description,0.6
10699057921,limited_events,feature,keyword:description,0.6
10699057921,pvp,feature,keyword:description,0.6
10699057921,Puzzle,genre,roblox,1.0
10699057921,racing_driving,niche,keyword:description,0.6
10699057921,Word,subgenre,roblox,1.0
10700618962,base_building,feature,keyword:description,0.6
10700618962,codes,feature,keyword:description,0.6
10700618962,leaderboards,feature,keyword:description,0.6
10700618962,offline_earnings,feature,keyword:description,0.6
10700618962,Simulation,genre,roblox,1.0
10700618962,gardening_farming,niche,keyword:name,0.9
10700618962,Tycoon,subgenre,roblox,1.0
10701628624,Survival,genre,roblox,1.0
10701628624,survival,niche,keyword:description,0.4
10708913337,base_building,feature,keyword:description,0.6
10708913337,leaderboards,feature,keyword:description,0.6
10708913337,luck_boost,feature,keyword:description,0.6
10708913337,mutations,feature,keyword:description,0.6
10708913337,offline_earnings,feature,keyword:description,0.6
10708913337,Simulation,genre,roblox,1.0
10708913337,anime_fighting,niche,keyword:name,0.9
10708913337,rng,niche,keyword:description,0.4
10708913337,Incremental Simulator,subgenre,roblox,1.0
10714746778,base_building,feature,keyword:name,0.9
10714746778,Simulation,genre,roblox,1.0
10714746778,Sandbox,subgenre,roblox,1.0
10717002748,codes,feature,keyword:description,0.6
10717002748,rebirth,feature,keyword:description,0.6
10717002748,Simulation,genre,roblox,1.0
10717002748,shooter,niche,keyword:name,0.9
10717002748,Incremental Simulator,subgenre,roblox,1.0
10717199977,base_building,feature,keyword:description,0.6
10717199977,Survival,genre,roblox,1.0
10717199977,survival,niche,keyword:description,0.4
10724269636,base_building,feature,keyword:description,0.6
10724269636,offline_earnings,feature,keyword:description,0.6
10724269636,pets,feature,keyword:name,0.9
10724269636,pvp,feature,keyword:description,0.6
10724269636,Simulation,genre,roblox,1.0
10724269636,pet_collecting,niche,keyword:name,0.9
10724269636,Tycoon,subgenre,roblox,1.0
10730414817,codes,feature,keyword:description,0.6
10730414817,pets,feature,keyword:description,0.6
10730414817,Simulation,genre,roblox,1.0
10730414817,anime_fighting,niche,keyword:name,0.9
10730414817,pet_collecting,niche,keyword:description,0.4
10730414817,Incremental Simulator,subgenre,roblox,1.0
10732236937,daily_rewards,feature,keyword:description,0.6
10732236937,limited_events,feature,keyword:name,0.9
10732236937,Action,genre,roblox,1.0
10732236937,Battlegrounds & Fighting,subgenre,roblox,1.0
10733110573,pvp,feature,keyword:description,0.6
10733110573,Shooter,genre,roblox,1.0
10733110573,shooter,niche,keyword:name,0.9
10737656087,Action,genre,roblox,1.0
10737656087,anime_fighting,niche,keyword:description,0.4
10737656087,racing_driving,niche,keyword:description,0.4
10737656087,roleplay_city,niche,keyword:description,0.4
10737656087,Open World Action,subgenre,roblox,1.0
10737986845,base_building,feature,keyword:name,0.9
10737986845,offline_earnings,feature,keyword:description,0.6
10737986845,Strategy,genre,roblox,1.0
10737986845,survival,niche,keyword:description,0.6
10737986845,Tower Defense,subgenre,roblox,1.0
10739044772,Simulation,genre,roblox,1.0
10739044772,Tycoon,subgenre,roblox,1.0
10739112966,Sports & Racing,genre,roblox,1.0
10739112966,sports,niche,keyword:name,0.9
10739112966,Sports,subgenre,roblox,1.0
10740316645,mutations,feature,keyword:description,0.6
10740316645,Simulation,genre,roblox,1.0
10740316645,anime_fighting,niche,keyword:name,0.9
10740316645,Tycoon,subgenre,roblox,1.0
10741302505,luck_boost,feature,keyword:description,0.6
10741302505,rebirth,feature,keyword:description,0.6
10741302505,Simulation,genre,roblox,1.0
10741302505,Incremental Simulator,subgenre,roblox,1.0
10741514942,leaderboards,feature,keyword:description,0.6
10741514942,Simulation,genre,roblox,1.0
10741514942,disaster,niche,keyword:description,0.4
10741514942,racing_driving,niche,keyword:description,0.4
10741514942,rng,niche,keyword:description,0.4
10741514942,simulator,niche,keyword:description,0.4
10741514942,Incremental Simulator,subgenre,roblox,1.0
10741654282,base_building,feature,keyword:name,0.9
10741654282,Simulation,genre,roblox,1.0
10741654282,racing_driving,niche,keyword:description,0.6
10741654282,survival,niche,keyword:description,0.4
10741654282,Sandbox,subgenre,roblox,1.0
10741792653,codes,feature,keyword:description,0.6
10741792653,pvp,feature,keyword:description,0.6
10741792653,Survival,genre,roblox,1.0
10741792653,survival,niche,keyword:name,0.9
10742937135,Survival,genre,roblox,1.0
10742937135,escape,niche,keyword:description,0.6
10742937135,horror,niche,keyword:description,0.6
10742937135,survival,niche,keyword:name,0.9
10742937135,1 vs All,subgenre,roblox,1.0
10743048214,base_building,feature,keyword:description,0.6
10743048214,RPG,genre,roblox,1.0
10743048214,Turn-based RPG,subgenre,roblox,1.0
10744310825,base_building,feature,keyword:description,0.6
10744310825,Simulation,genre,roblox,1.0
10744310825,Tycoon,subgenre,roblox,1.0
10748543623,base_building,feature,keyword:description,0.6
10748543623,daily_rewards,feature,keyword:description,0.6
10748543623,limited_events,feature,keyword:description,0.6
10748543623,luck_boost,feature,keyword:description,0.6
10748543623,pvp,feature,keyword:description,0.6
10748543623,rebirth,feature,keyword:description,0.6
10748543623,trading,feature,keyword:description,0.6
10748543623,Simulation,genre,roblox,1.0
10748543623,rng,niche,keyword:description,0.4
10748543623,simulator,niche,keyword:description,0.4
10748543623,Incremental Simulator,subgenre,roblox,1.0
10752833252,codes,feature,keyword:description,0.6
10752833252,stealing,feature,keyword:name,0.9
10752833252,Adventure,genre,roblox,1.0
10752833252,escape,niche,keyword:name,0.9
10752833252,Scavenger Hunt,subgenre,roblox,1.0
10753487407,Puzzle,genre,roblox,1.0
10753487407,Escape Room,subgenre,roblox,1.0
10753751277,base_building,feature,keyword:description,0.6
10753751277,pets,feature,keyword:description,0.6
10753751277,stealing,feature,keyword:name,0.9
10753751277,Simulation,genre,roblox,1.0
10753751277,pet_collecting,niche,keyword:description,0.4
10753751277,Tycoon,subgenre,roblox,1.0
10756011174,Simulation,genre,roblox,1.0
10756011174,gardening_farming,niche,keyword:description,0.4
10756011174,hangout,niche,keyword:description,0.4
10756011174,story,niche,keyword:description,0.4
10756011174,Incremental Simulator,subgenre,roblox,1.0
10756780270,daily_rewards,feature,keyword:description,0.6
10756780270,leaderboards,feature,keyword:description,0.6
10756780270,Puzzle,genre,roblox,1.0
10756780270,Word,subgenre,roblox,1.0
10757498504,base_building,feature,keyword:description,0.6
10757498504,mutations,feature,keyword:description,0.6
10757498504,stealing,feature,keyword:name,0.9
10757498504,Simulation,genre,roblox,1.0
10757498504,anime_fighting,niche,keyword:name,0.9
10757498504,pet_collecting,niche,keyword:description,0.6
10757498504,Incremental Simulator,subgenre,roblox,1.0
10757704931,pets,feature,keyword:description,0.6
10757704931,rebirth,feature,keyword:description,0.6
10757704931,Simulation,genre,roblox,1.0
10757704931,pet_collecting,niche,keyword:description,0.6
10757704931,shooter,niche,keyword:description,0.4
10757704931,Incremental Simulator,subgenre,roblox,1.0
10758397570,base_building,feature,keyword:description,0.6
10758397570,stealing,feature,keyword:name,0.9
10758397570,Simulation,genre,roblox,1.0
10758397570,pet_collecting,niche,keyword:description,0.6
10758397570,Tycoon,subgenre,roblox,1.0
10759337137,base_building,feature,keyword:description,0.6
10759337137,Survival,genre,roblox,1.0
10759337137,shooter,niche,keyword:description,0.4
10759430423,codes,feature,keyword:description,0.6
10759430423,offline_earnings,feature,keyword:description,0.6
10759430423,pets,feature,keyword:description,0.6
10759430423,rebirth,feature,keyword:description,0.6
10759430423,Simulation,genre,roblox,1.0
10759430423,pet_collecting,niche,keyword:description,0.6
10759430423,Incremental Simulator,subgenre,roblox,1.0
10759478428,base_building,feature,keyword:description,0.6
10759478428,mutations,feature,keyword:description,0.6
10759478428,stealing,feature,keyword:name,0.9
10759478428,Simulation,genre,roblox,1.0
10759478428,anime_fighting,niche,keyword:name,0.9
10759478428,pet_collecting,niche,keyword:name,0.9
10759478428,Tycoon,subgenre,roblox,1.0
10759518799,Survival,genre,roblox,1.0
10759518799,horror,niche,keyword:description,0.4
10759518799,survival,niche,keyword:description,0.6
10759594563,base_building,feature,keyword:description,0.6
10759594563,Party & Casual,genre,roblox,1.0
10759594563,anime_fighting,niche,keyword:name,0.9
10759594563,Minigame,subgenre,roblox,1.0
10759638075,pets,feature,keyword:name,0.9
10759638075,Simulation,genre,roblox,1.0
10759638075,pet_collecting,niche,keyword:name,0.9
10759638075,Incremental Simulator,subgenre,roblox,1.0
10761143648,stealing,feature,keyword:name,0.9
10761143648,Simulation,genre,roblox,1.0
10761143648,racing_driving,niche,keyword:name,0.9
10761143648,Tycoon,subgenre,roblox,1.0
10761200080,Simulation,genre,roblox,1.0
10761200080,gardening_farming,niche,keyword:description,0.4
10761200080,story,niche,keyword:description,0.4
10761200080,Incremental Simulator,subgenre,roblox,1.0
10761375938,base_building,feature,keyword:description,0.6
10761375938,luck_boost,feature,keyword:description,0.6
10761375938,offline_earnings,feature,keyword:description,0.6
10761375938,Simulation,genre,roblox,1.0
10761375938,rng,niche,keyword:description,0.6
10761375938,survival,niche,keyword:description,0.4
10761375938,Tycoon,subgenre,roblox,1.0
10761687472,Survival,genre,roblox,1.0
10761687472,escape,niche,keyword:description,0.4
10761687472,Escape,subgenre,roblox,1.0
10762388019,Obby & Platformer,genre,roblox,1.0
10762388019,obby,niche,keyword:name,0.9
10762636904,Strategy,genre,roblox,1.0
10762636904,tower_defense,niche,keyword:name,0.9
10762636904,Tower Defense,subgenre,roblox,1.0
10762757054,Survival,genre,roblox,1.0
10762757054,1 vs All,subgenre,roblox,1.0
10762798338,pets,feature,keyword:description,0.6
10762798338,Strategy,genre,roblox,1.0
10762798338,pet_collecting,niche,keyword:description,0.4
10763764817,base_building,feature,keyword:description,0.6
10763764817,Simulation,genre,roblox,1.0
10763764817,pet_collecting,niche,keyword:name,0.9
10763764817,Tycoon,subgenre,roblox,1.0
10764297006,pvp,feature,keyword:description,0.6
10764297006,Strategy,genre,roblox,1.0
10764297006,simulator,niche,keyword:description,0.4
10764300350,Sports & Racing,genre,roblox,1.0
10764300350,sports,niche,keyword:name,0.9
10764300350,Sports,subgenre,roblox,1.0
10764385875,codes,feature,keyword:description,0.6
10764385875,daily_rewards,feature,keyword:description,0.6
10764385875,leaderboards,feature,keyword:description,0.6
10764385875,Puzzle,genre,roblox,1.0
10764404786,base_building,feature,keyword:description,0.6
10764404786,luck_boost,feature,keyword:description,0.6
10764404786,offline_earnings,feature,keyword:description,0.6
10764404786,Simulation,genre,roblox,1.0
10764404786,Tycoon,subgenre,roblox,1.0
10764412489,Obby & Platformer,genre,roblox,1.0
10764412489,obby,niche,keyword:name,0.9
10764415267,stealing,feature,keyword:description,0.6
10764415267,Simulation,genre,roblox,1.0
10764415267,pet_collecting,niche,keyword:description,0.4
10764415267,Tycoon,subgenre,roblox,1.0
10764479526,leaderboards,feature,keyword:description,0.6
10764479526,Simulation,genre,roblox,1.0
10764479526,Incremental Simulator,subgenre,roblox,1.0
10764533320,base_building,feature,keyword:description,0.6
10764533320,leaderboards,feature,keyword:description,0.6
10764533320,pvp,feature,keyword:description,0.6
10764533320,Party & Casual,genre,roblox,1.0
10764533320,rng,niche,keyword:name,0.9
10764533320,Minigame,subgenre,roblox,1.0
10764613327,base_building,feature,keyword:description,0.6
10764613327,Entertainment,genre,roblox,1.0
10764613327,Music & Audio,subgenre,roblox,1.0
10764627709,Action,genre,roblox,1.0
10764627709,Battlegrounds & Fighting,subgenre,roblox,1.0
10764640833,private_servers,feature,keyword:description,0.6
10764640833,Sports & Racing,genre,roblox,1.0
10764640833,incremental,niche,keyword:description,0.6
10764640833,racing_driving,niche,keyword:description,0.4
10764640833,Racing,subgenre,roblox,1.0
10764706572,Party & Casual,genre,roblox,1.0
10764794065,daily_rewards,feature,keyword:description,0.6
10764794065,Party & Casual,genre,roblox,1.0
10764794065,obby,niche,keyword:description,0.4
10764794065,survival,niche,keyword:description,0.6
10764839604,base_building,feature,keyword:description,0.6
10764839604,pets,feature,keyword:description,0.6
10764839604,stealing,feature,keyword:description,0.6
10764839604,Simulation,genre,roblox,1.0
10764839604,pet_collecting,niche,keyword:description,0.6
10764839604,Tycoon,subgenre,roblox,1.0
10764887435,offline_earnings,feature,keyword:description,0.6
10764887435,Social,genre,roblox,1.0
10764897725,base_building,feature,keyword:description,0.6
10764897725,offline_earnings,feature,keyword:description,0.6
10764897725,rebirth,feature,keyword:description,0.6
10764897725,Simulation,genre,roblox,1.0
10764897725,pet_collecting,niche,keyword:name,0.9
10764897725,Tycoon,subgenre,roblox,1.0
10764967952,base_building,feature,keyword:description,0.6
10764967952,luck_boost,feature,keyword:description,0.6
10764967952,offline_earnings,feature,keyword:description,0.6
10764967952,Simulation,genre,roblox,1.0
10764967952,survival,niche,keyword:description,0.4
10764967952,tycoon,niche,keyword:name,0.9
10764967952,Tycoon,subgenre,roblox,1.0
10764980068,Simulation,genre,roblox,1.0
10764980068,rng,niche,keyword:name,0.9
10764980068,Incremental Simulator,subgenre,roblox,1.0
10765012427,base_building,feature,keyword:name,0.9
10765012427,Simulation,genre,roblox,1.0
10765012427,Incremental Simulator,subgenre,roblox,1.0
10765013362,offline_earnings,feature,keyword:description,0.6
10765013362,pets,feature,keyword:description,0.6
10765013362,Simulation,genre,roblox,1.0
10765013362,pet_collecting,niche,keyword:name,0.9
10765013362,Tycoon,subgenre,roblox,1.0
10765032875,base_building,feature,keyword:description,0.6
10765032875,offline_earnings,feature,keyword:description,0.6
10765032875,pets,feature,keyword:description,0.6
10765032875,Simulation,genre,roblox,1.0
10765032875,pet_collecting,niche,keyword:description,0.6
10765032875,Tycoon,subgenre,roblox,1.0
10765067592,Simulation,genre,roblox,1.0
10765067592,incremental,niche,keyword:name,0.9
10765067592,rng,niche,keyword:description,0.4
10765067592,Incremental Simulator,subgenre,roblox,1.0
10765091041,base_building,feature,keyword:description,0.6
10765091041,offline_earnings,feature,keyword:description,0.6
10765091041,pets,feature,keyword:description,0.6
10765091041,rebirth,feature,keyword:description,0.6
10765091041,Simulation,genre,roblox,1.0
10765091041,pet_collecting,niche,keyword:description,0.6
10765091041,simulator,niche,keyword:description,0.4
10765091041,Tycoon,subgenre,roblox,1.0
10765153945,base_building,feature,keyword:description,0.6
10765153945,stealing,feature,keyword:name,0.9
10765153945,Simulation,genre,roblox,1.0
10765153945,escape,niche,keyword:description,0.4
10765153945,racing_driving,niche,keyword:name,0.9
10765153945,steal_a,niche,keyword:name,0.9
10765153945,Tycoon,subgenre,roblox,1.0
10765167636,base_building,feature,keyword:description,0.6
10765167636,codes,feature,keyword:description,0.6
10765167636,daily_rewards,feature,keyword:description,0.6
10765167636,Simulation,genre,roblox,1.0
10765167636,rng,niche,keyword:description,0.4
10765167636,tycoon,niche,keyword:name,0.9
10765167636,Tycoon,subgenre,roblox,1.0
10765279487,offline_earnings,feature,keyword:description,0.6
10765279487,pets,feature,keyword:description,0.6
10765279487,rebirth,feature,keyword:description,0.6
10765279487,Simulation,genre,roblox,1.0
10765279487,pet_collecting,niche,keyword:description,0.4
10765279487,simulator,niche,keyword:description,0.4
10765279487,Tycoon,subgenre,roblox,1.0
10765288803,base_building,feature,keyword:description,0.6
10765288803,stealing,feature,keyword:name,0.9
10765288803,Simulation,genre,roblox,1.0
10765288803,escape,niche,keyword:description,0.4
10765288803,pet_collecting,niche,keyword:description,0.6
10765288803,Tycoon,subgenre,roblox,1.0
10765298801,pets,feature,keyword:description,0.6
10765298801,rebirth,feature,keyword:description,0.6
10765298801,Simulation,genre,roblox,1.0
10765298801,pet_collecting,niche,keyword:description,0.4
10765298801,Incremental Simulator,subgenre,roblox,1.0
10765563835,Survival,genre,roblox,1.0
10765563835,shooter,niche,keyword:name,0.9
10765563835,1 vs All,subgenre,roblox,1.0
10765579304,base_building,feature,keyword:description,0.6
10765579304,codes,feature,keyword:description,0.6
10765579304,leaderboards,feature,keyword:description,0.6
10765579304,Simulation,genre,roblox,1.0
10765582175,Survival,genre,roblox,1.0
10765582175,escape,niche,keyword:description,0.4
10765582175,horror,niche,keyword:description,0.6
10765582175,survival,niche,keyword:description,0.6
10765582175,Escape,subgenre,roblox,1.0
10765629147,base_building,feature,keyword:description,0.6
10765629147,offline_earnings,feature,keyword:description,0.6
10765629147,Simulation,genre,roblox,1.0
10765629147,Tycoon,subgenre,roblox,1.0
10765686447,base_building,feature,keyword:description,0.6
10765686447,stealing,feature,keyword:name,0.9
10765686447,Simulation,genre,roblox,1.0
10765686447,pet_collecting,niche,keyword:description,0.6
10765686447,Tycoon,subgenre,roblox,1.0
10765708310,mutations,feature,keyword:description,0.6
10765708310,Simulation,genre,roblox,1.0
10765708310,Tycoon,subgenre,roblox,1.0
10765718108,Puzzle,genre,roblox,1.0
10765718108,Escape Room,subgenre,roblox,1.0
10765748731,leaderboards,feature,keyword:description,0.6
10765748731,Party & Casual,genre,roblox,1.0
10765748731,Minigame,subgenre,roblox,1.0
10765751583,base_building,feature,keyword:description,0.6
10765751583,Simulation,genre,roblox,1.0
10765751583,Vehicle Sim,subgenre,roblox,1.0
10765764482,Puzzle,genre,roblox,1.0
10765764482,story,niche,keyword:name,0.9
10765834825,base_building,feature,keyword:description,0.6
10765834825,pvp,feature,keyword:description,0.6
10765834825,Strategy,genre,roblox,1.0
10765902945,leaderboards,feature,keyword:description,0.6
10765902945,Simulation,genre,roblox,1.0
10765902945,anime_fighting,niche,keyword:name,0.9
10765902945,simulator,niche,keyword:name,0.9
10765902945,Incremental Simulator,subgenre,roblox,1.0
10765906597,luck_boost,feature,keyword:name,0.9
10765906597,Simulation,genre,roblox,1.0
10765906597,escape,niche,keyword:description,0.4
10765906597,sports,niche,keyword:description,0.6
10765906597,Incremental Simulator,subgenre,roblox,1.0
10765927544,Roleplay & Avatar Sim,genre,roblox,1.0
10765927544,roleplay_city,niche,keyword:name,0.9
10765927544,Life,subgenre,roblox,1.0
10765950109,base_building,feature,keyword:description,0.6
10765950109,stealing,feature,keyword:name,0.9
10765950109,Simulation,genre,roblox,1.0
10765950109,escape,niche,keyword:description,0.4
10765950109,pet_collecting,niche,keyword:description,0.6
10765950109,steal_a,niche,keyword:name,0.9
10765950109,Tycoon,subgenre,roblox,1.0
10765951887,Simulation,genre,roblox,1.0
10765951887,simulator,niche,keyword:description,0.4
10765951887,Sandbox,subgenre,roblox,1.0
10766008884,pets,feature,keyword:description,0.6
10766008884,rebirth,feature,keyword:description,0.6
10766008884,stealing,feature,keyword:name,0.9
10766008884,Simulation,genre,roblox,1.0
10766008884,pet_collecting,niche,keyword:name,0.9
10766008884,simulator,niche,keyword:description,0.4
10766008884,Tycoon,subgenre,roblox,1.0
10766009412,Survival,genre,roblox,1.0
10766009412,horror,niche,keyword:name,0.9
10766009412,Escape,subgenre,roblox,1.0
10766056678,mutations,feature,keyword:description,0.6
10766056678,pets,feature,keyword:description,0.6
10766056678,stealing,feature,keyword:name,0.9
10766056678,Simulation,genre,roblox,1.0
10766056678,pet_collecting,niche,keyword:description,0.6
10766056678,Tycoon,subgenre,roblox,1.0
10766057873,base_building,feature,keyword:description,0.6
10766057873,Adventure,genre,roblox,1.0
10766057873,racing_driving,niche,keyword:name,0.9
10766135603,offline_earnings,feature,keyword:description,0.6
10766135603,rebirth,feature,keyword:description,0.6
10766135603,Simulation,genre,roblox,1.0
10766135603,Incremental Simulator,subgenre,roblox,1.0
10766138478,base_building,feature,keyword:description,0.6
10766138478,offline_earnings,feature,keyword:description,0.6
10766138478,rebirth,feature,keyword:description,0.6
10766138478,Simulation,genre,roblox,1.0
10766138478,pet_collecting,niche,keyword:name,0.9
10766138478,Tycoon,subgenre,roblox,1.0
10766142497,base_building,feature,keyword:description,0.6
10766142497,daily_rewards,feature,keyword:description,0.6
10766142497,Simulation,genre,roblox,1.0
10766142497,racing_driving,niche,keyword:name,0.9
10766142497,Vehicle Sim,subgenre,roblox,1.0
10766222230,base_building,feature,keyword:description,0.6
10766222230,leaderboards,feature,keyword:description,0.6
10766222230,pvp,feature,keyword:description,0.6
10766222230,Shooter,genre,roblox,1.0
10766222230,escape,niche,keyword:description,0.4
10766222230,gardening_farming,niche,keyword:description,0.4
10766222230,shooter,niche,keyword:description,0.4
10766222230,Deathmatch Shooter,subgenre,roblox,1.0
10766240516,mutations,feature,keyword:description,0.6
10766240516,rebirth,feature,keyword:description,0.6
10766240516,pet_collecting,niche,keyword:name,0.9
10766240516,shooter,niche,keyword:description,0.6
10766257839,luck_boost,feature,keyword:description,0.6
10766257839,Simulation,genre,roblox,1.0
10766257839,racing_driving,niche,keyword:description,0.6
10766257839,simulator,niche,keyword:description,0.4
10766257839,Incremental Simulator,subgenre,roblox,1.0
10766309747,Simulation,genre,roblox,1.0
10766309747,simulator,niche,keyword:description,0.4
10766309747,Incremental Simulator,subgenre,roblox,1.0
10766349481,Adventure,genre,roblox,1.0
10766349481,simulator,niche,keyword:description,0.4
10766349481,story,niche,keyword:description,0.4
10766349481,Story,subgenre,roblox,1.0
10766364164,base_building,feature,keyword:description,0.6
10766364164,pvp,feature,keyword:description,0.6
10766364164,Party & Casual,genre,roblox,1.0
10766364164,racing_driving,niche,keyword:description,0.4
10766390665,leaderboards,feature,keyword:description,0.6
10766390665,pvp,feature,keyword:description,0.6
10766390665,Party & Casual,genre,roblox,1.0
10766390665,shooter,niche,keyword:description,0.4
10766395909,Survival,genre,roblox,1.0
10766399546,Survival,genre,roblox,1.0
10766399546,Escape,subgenre,roblox,1.0
10766420770,base_building,feature,keyword:description,0.6
10766420770,codes,feature,keyword:description,0.6
10766420770,offline_earnings,feature,keyword:description,0.6
10766420770,pets,feature,keyword:description,0.6
10766420770,Simulation,genre,roblox,1.0
10766420770,gardening_farming,niche,keyword:name,0.9
10766420770,pet_collecting,niche,keyword:description,0.4
10766420770,Tycoon,subgenre,roblox,1.0
10766440903,Simulation,genre,roblox,1.0
10766440903,rng,niche,keyword:description,0.4
10766440903,Incremental Simulator,subgenre,roblox,1.0
10766494202,base_building,feature,keyword:description,0.6
10766494202,private_servers,feature,keyword:description,0.6
10766494202,Simulation,genre,roblox,1.0
10766494202,Sandbox,subgenre,roblox,1.0
10766502612,Survival,genre,roblox,1.0
10766502612,escape,niche,keyword:description,0.4
10766506199,Survival,genre,roblox,1.0
10766687030,limited_events,feature,keyword:description,0.6
10766687030,Simulation,genre,roblox,1.0
10766687030,Vehicle Sim,subgenre,roblox,1.0
10766721625,base_building,feature,keyword:description,0.6
10766721625,offline_earnings,feature,keyword:description,0.6
10766721625,Simulation,genre,roblox,1.0
10766721625,gardening_farming,niche,keyword:description,0.6
10766721625,pet_collecting,niche,keyword:name,0.9
10766721625,Tycoon,subgenre,roblox,1.0
10766725034,Action,genre,roblox,1.0
10766725034,Battlegrounds & Fighting,subgenre,roblox,1.0
10766773917,base_building,feature,keyword:description,0.6
10766773917,Simulation,genre,roblox,1.0
10766773917,Sandbox,subgenre,roblox,1.0
10766812776,base_building,feature,keyword:description,0.6
10766812776,Simulation,genre,roblox,1.0
10766812776,Vehicle Sim,subgenre,roblox,1.0
10767012496,base_building,feature,keyword:description,0.6
10767012496,leaderboards,feature,keyword:description,0.6
10767012496,pvp,feature,keyword:description,0.6
10767012496,Sports & Racing,genre,roblox,1.0
10767012496,racing_driving,niche,keyword:description,0.6
10767012496,sports,niche,keyword:name,0.9
10767012496,Sports,subgenre,roblox,1.0
10767183467,Simulation,genre,roblox,1.0
10767183467,Incremental Simulator,subgenre,roblox,1.0
10767240772,Simulation,genre,roblox,1.0
10767240772,Incremental Simulator,subgenre,roblox,1.0
10767408330,Simulation,genre,roblox,1.0
10767408330,escape,niche,keyword:description,0.6
10767408330,story,niche,keyword:description,0.4
10767408330,Incremental Simulator,subgenre,roblox,1.0
10767545737,Simulation,genre,roblox,1.0
10767545737,Incremental Simulator,subgenre,roblox,1.0
10767582899,base_building,feature,keyword:name,0.9
10767582899,leaderboards,feature,keyword:description,0.6
10767582899,Simulation,genre,roblox,1.0
10767582899,Tycoon,subgenre,roblox,1.0
10767628417,Simulation,genre,roblox,1.0
10767628417,rng,niche,keyword:description,0.4
10767628417,Tycoon,subgenre,roblox,1.0
10767634248,daily_rewards,feature,keyword:description,0.6
10767634248,leaderboards,feature,keyword:description,0.6
10767634248,pvp,feature,keyword:description,0.6
10767634248,Simulation,genre,roblox,1.0
10767634248,racing_driving,niche,keyword:description,0.6
10767634248,simulator,niche,keyword:name,0.9
10767657583,base_building,feature,keyword:description,0.6
10767657583,Puzzle,genre,roblox,1.0
10767657583,Escape Room,subgenre,roblox,1.0
10767824942,leaderboards,feature,keyword:description,0.6
10767824942,pets,feature,keyword:description,0.6
10767824942,rebirth,feature,keyword:description,0.6
10767824942,Simulation,genre,roblox,1.0
10767824942,pet_collecting,niche,keyword:description,0.6
10767824942,Incremental Simulator,subgenre,roblox,1.0
10767825538,Survival,genre,roblox,1.0
10767825538,horror,niche,keyword:description,0.4
10767858548,Simulation,genre,roblox,1.0
10767858548,Tycoon,subgenre,roblox,1.0
10767922762,base_building,feature,keyword:description,0.6
10767922762,Roleplay & Avatar Sim,genre,roblox,1.0
10767922762,dress_up,niche,keyword:description,0.6
10767922762,gardening_farming,niche,keyword:description,0.4
10767922762,Dress Up,subgenre,roblox,1.0
10767957681,Simulation,genre,roblox,1.0
10767957681,tycoon,niche,keyword:name,0.9
10767957681,Tycoon,subgenre,roblox,1.0
10768176407,base_building,feature,keyword:description,0.6
10768176407,codes,feature,keyword:description,0.6
10768176407,Simulation,genre,roblox,1.0
10768176407,sports,niche,keyword:description,0.4
10768176407,Physics Sim,subgenre,roblox,1.0
10768373808,simulator,niche,keyword:description,0.4
10768462078,base_building,feature,keyword:description,0.6
10768462078,pvp,feature,keyword:description,0.6
10768462078,RPG,genre,roblox,1.0
10768462078,Turn-based RPG,subgenre,roblox,1.0
10768565603,Simulation,genre,roblox,1.0
10768565603,racing_driving,niche,keyword:description,0.6
10768565603,rng,niche,keyword:description,0.4
10768565603,Idle,subgenre,roblox,1.0
10768944292,stealing,feature,keyword:description,0.6
10768944292,Simulation,genre,roblox,1.0
10768944292,gardening_farming,niche,keyword:name,0.9
10768944292,pet_collecting,niche,keyword:description,0.6
10768944292,Tycoon,subgenre,roblox,1.0
10769066324,pvp,feature,keyword:description,0.6
10769066324,trading,feature,keyword:description,0.6
10769066324,Sports & Racing,genre,roblox,1.0
10769066324,racing_driving,niche,keyword:description,0.6
10769066324,sports,niche,keyword:description,0.4
