ts,universe_id,source,list_id,rank,player_count
2026-10-08T06:00:24Z,3508322461,explore,top-trending,1,65014
2026-10-08T06:00:24Z,10764627709,explore,top-trending,2,53242
2026-10-08T06:00:24Z,383310974,explore,top-trending,3,125026
2026-10-08T06:00:24Z,2440500124,explore,top-trending,4,20338
2026-10-08T06:00:24Z,7326934954,explore,top-trending,5,121079
2026-10-08T06:00:24Z,9534705677,explore,top-trending,6,15383
2026-10-08T06:00:24Z,5569032992,explore,top-trending,7,70404
2026-10-08T06:00:24Z,10685282333,explore,top-trending,8,21280
2026-10-08T06:00:24Z,6931042565,explore,top-trending,9,29133
2026-10-08T06:00:24Z,3647333358,explore,top-trending,10,26270
2026-10-08T06:00:24Z,10765288803,explore,top-trending,11,88032
2026-10-08T06:00:24Z,10768565603,explore,top-trending,12,5735
2026-10-08T06:00:24Z,10512942223,explore,top-trending,13,22171
2026-10-08T06:00:24Z,10765298801,explore,top-trending,14,22216
2026-10-08T06:00:24Z,7398552394,explore,top-trending,15,4534
2026-10-08T06:00:24Z,10665420648,explore,top-trending,16,6191
2026-10-08T06:00:24Z,10765012427,explore,top-trending,17,9281
2026-10-08T06:00:24Z,10767634248,explore,top-trending,18,13109
2026-10-08T06:00:24Z,10767922762,explore,top-trending,19,4577
2026-10-08T06:00:24Z,10765582175,explore,top-trending,20,10674
2026-10-08T06:00:24Z,10764613327,explore,top-trending,21,2122
2026-10-08T06:00:24Z,10756011174,explore,top-trending,22,8998
2026-10-08T06:00:24Z,4983034985,explore,top-trending,23,5260
2026-10-08T06:00:24Z,10766056678,explore,top-trending,24,19029
2026-10-08T06:00:24Z,10767012496,explore,top-trending,25,2450
2026-10-08T06:00:24Z,10766506199,explore,top-trending,26,8643
2026-10-08T06:00:24Z,10673920146,explore,top-trending,27,6696
2026-10-08T06:00:24Z,10436530264,explore,top-trending,28,16834
2026-10-08T06:00:24Z,10630800860,explore,top-trending,29,6077
2026-10-08T06:00:24Z,10759518799,explore,top-trending,30,2279
2026-10-08T06:00:24Z,10766390665,explore,top-trending,31,1375
2026-10-08T06:00:24Z,10744310825,explore,top-trending,32,8325
2026-10-08T06:00:24Z,3317771874,explore,top-trending,33,50474
2026-10-08T06:00:24Z,601130232,explore,top-trending,34,23539
2026-10-08T06:00:24Z,10766687030,explore,top-trending,35,1966
2026-10-08T06:00:24Z,5578556129,explore,top-trending,36,22234
2026-10-08T06:00:24Z,10526463655,explore,top-trending,37,3178
2026-10-08T06:00:24Z,4342047058,explore,top-trending,38,7899
2026-10-08T06:00:24Z,10667357873,explore,top-trending,39,5909
2026-10-08T06:00:24Z,648454481,explore,top-trending,40,14606
2026-10-08T06:00:24Z,10282097014,explore,top-trending,41,13448
2026-10-08T06:00:24Z,9891331827,explore,top-trending,42,3867
2026-10-08T06:00:24Z,113491250,explore,top-trending,43,1736
2026-10-08T06:00:24Z,10768176407,explore,top-trending,44,3652
2026-10-08T06:00:24Z,10767408330,explore,top-trending,45,21469
2026-10-08T06:00:24Z,10764297006,explore,top-trending,46,2365
2026-10-08T06:00:24Z,10766142497,explore,top-trending,47,1361
2026-10-08T06:00:24Z,10766395909,explore,top-trending,48,4506
2026-10-08T06:00:24Z,10765686447,explore,top-trending,49,9403
2026-10-08T06:00:24Z,1526814825,explore,top-trending,50,4560
2026-10-08T06:00:24Z,10765751583,explore,top-trending,51,1582
2026-10-08T06:00:24Z,10765951887,explore,top-trending,52,1047
2026-10-08T06:00:24Z,10766721625,explore,top-trending,53,11253
2026-10-08T06:00:24Z,7089588429,explore,top-trending,54,26729
2026-10-08T06:00:24Z,10230942274,explore,top-trending,55,4382
2026-10-08T06:00:24Z,10550257968,explore,top-trending,56,7226
2026-10-08T06:00:24Z,10767582899,explore,top-trending,57,2931
2026-10-08T06:00:24Z,10766812776,explore,top-trending,58,1778
2026-10-08T06:00:24Z,8813969120,explore,top-trending,59,3829
2026-10-08T06:00:24Z,10765067592,explore,top-trending,60,3959
2026-10-08T06:00:24Z,3541611379,explore,top-trending,61,3182
2026-10-08T06:00:24Z,10765563835,explore,top-trending,62,996
2026-10-08T06:00:24Z,10636331438,explore,top-trending,63,6871
2026-10-08T06:00:24Z,10700618962,explore,top-trending,64,7342
2026-10-08T06:00:24Z,10766502612,explore,top-trending,65,1519
2026-10-08T06:00:24Z,10740316645,explore,top-trending,66,6466
2026-10-08T06:00:24Z,10597001332,explore,top-trending,67,5004
2026-10-08T06:00:24Z,10764897725,explore,top-trending,68,12843
2026-10-08T06:00:24Z,10766008884,explore,top-trending,69,4645
2026-10-08T06:00:24Z,10561166339,explore,top-trending,70,6223
2026-10-08T06:00:24Z,10765748731,explore,top-trending,71,1000
2026-10-08T06:00:24Z,10762757054,explore,top-trending,72,3926
2026-10-08T06:00:24Z,5026122481,explore,top-trending,73,2010
2026-10-08T06:00:24Z,10766240516,explore,top-trending,74,4654
2026-10-08T06:00:24Z,10767138232,explore,top-trending,75,2020
2026-10-08T06:00:24Z,10741514942,explore,top-trending,76,3432
2026-10-08T06:00:24Z,10732236937,explore,top-trending,77,6680
2026-10-08T06:00:24Z,10742937135,explore,top-trending,78,2309
2026-10-08T06:00:24Z,8178086002,explore,top-trending,79,10601
2026-10-08T06:00:24Z,10766222230,explore,top-trending,80,763
2026-10-08T06:00:24Z,5580972377,explore,top-trending,81,1778
2026-10-08T06:00:24Z,2765784373,explore,top-trending,82,2091
2026-10-08T06:00:24Z,6635513269,explore,top-trending,83,2529
2026-10-08T06:00:24Z,10767240772,explore,top-trending,84,3730
2026-10-08T06:00:24Z,2711375305,explore,top-trending,85,38028
2026-10-08T06:00:24Z,5750914919,explore,top-trending,86,48924
2026-10-08T06:00:24Z,7633926880,explore,top-trending,87,5821
2026-10-08T06:00:24Z,10708913337,explore,top-trending,88,55197
2026-10-08T06:00:24Z,6945584306,explore,top-trending,89,4711
2026-10-08T06:00:24Z,9855761734,explore,top-trending,90,6619
2026-10-08T06:00:24Z,10764640833,explore,top-trending,91,1781
2026-10-08T06:00:24Z,7028566528,explore,top-trending,92,5765
2026-10-08T06:00:24Z,2992873140,explore,top-trending,93,1796
2026-10-08T06:00:24Z,6583326485,explore,top-trending,94,1922
2026-10-08T06:00:24Z,16680835,explore,top-trending,95,2244
2026-10-08T06:00:24Z,10768565603,explore,up-and-coming,1,5909
2026-10-08T06:00:24Z,10764627709,explore,up-and-coming,2,53395
2026-10-08T06:00:24Z,10767634248,explore,up-and-coming,3,13109
2026-10-08T06:00:24Z,10767922762,explore,up-and-coming,4,4577
2026-10-08T06:00:24Z,10512942223,explore,up-and-coming,5,22171
2026-10-08T06:00:24Z,10768176407,explore,up-and-coming,6,3652
2026-10-08T06:00:24Z,10765582175,explore,up-and-coming,7,10674
2026-10-08T06:00:24Z,10765288803,explore,up-and-coming,8,88032
2026-10-08T06:00:24Z,10766056678,explore,up-and-coming,9,19029
2026-10-08T06:00:24Z,10765298801,explore,up-and-coming,10,22219
2026-10-08T06:00:24Z,10282097014,explore,up-and-coming,11,13448
2026-10-08T06:00:24Z,10766142497,explore,up-and-coming,12,1361
2026-10-08T06:00:24Z,10766812776,explore,up-and-coming,13,1742
2026-10-08T06:00:24Z,10767408330,explore,up-and-coming,14,21490
2026-10-08T06:00:24Z,10766390665,explore,up-and-coming,15,1359
2026-10-08T06:00:24Z,10765951887,explore,up-and-coming,16,1047
2026-10-08T06:00:24Z,10767582899,explore,up-and-coming,17,2931
2026-10-08T06:00:24Z,10765748731,explore,up-and-coming,18,1000
2026-10-08T06:00:24Z,10766240516,explore,up-and-coming,19,4758
2026-10-08T06:00:24Z,10767138232,explore,up-and-coming,20,2020
2026-10-08T06:00:24Z,10767012496,explore,up-and-coming,21,2450
2026-10-08T06:00:24Z,10766502612,explore,up-and-coming,22,1519
2026-10-08T06:00:24Z,10765563835,explore,up-and-coming,23,996
2026-10-08T06:00:24Z,10766395909,explore,up-and-coming,24,4506
2026-10-08T06:00:24Z,10765686447,explore,up-and-coming,25,9403
2026-10-08T06:00:24Z,10765067592,explore,up-and-coming,26,3959
2026-10-08T06:00:24Z,10766506199,explore,up-and-coming,27,8643
2026-10-08T06:00:24Z,10766222230,explore,up-and-coming,28,763
2026-10-08T06:00:24Z,10767825538,explore,up-and-coming,29,11951
2026-10-08T06:00:24Z,10766721625,explore,up-and-coming,30,11253
2026-10-08T06:00:24Z,10767628417,explore,up-and-coming,31,2889
2026-10-08T06:00:24Z,10766687030,explore,up-and-coming,32,1934
2026-10-08T06:00:24Z,10597001332,explore,up-and-coming,33,5004
2026-10-08T06:00:24Z,10767657583,explore,up-and-coming,34,578
2026-10-08T06:00:24Z,10767858548,explore,up-and-coming,35,1056
2026-10-08T06:00:24Z,10769066324,explore,up-and-coming,36,621
2026-10-08T06:00:24Z,10767826343,explore,up-and-coming,37,1098
2026-10-08T06:00:24Z,10766008884,explore,up-and-coming,38,4645
2026-10-08T06:00:24Z,10765153945,explore,up-and-coming,39,6256
2026-10-08T06:00:24Z,10765950109,explore,up-and-coming,40,2415
2026-10-08T06:00:24Z,10767912502,explore,up-and-coming,41,555
2026-10-08T06:00:24Z,10765906597,explore,up-and-coming,42,4211
2026-10-08T06:00:24Z,10764989090,explore,up-and-coming,43,834
2026-10-08T06:00:24Z,10767240772,explore,up-and-coming,44,3730
2026-10-08T06:00:24Z,10675117523,explore,up-and-coming,45,12818
2026-10-08T06:00:24Z,10768202113,explore,up-and-coming,46,2849
2026-10-08T06:00:24Z,10767566226,explore,up-and-coming,47,4724
2026-10-08T06:00:24Z,10764980068,explore,up-and-coming,48,1719
2026-10-08T06:00:24Z,10767957681,explore,up-and-coming,49,1077
2026-10-08T06:00:24Z,10765637643,explore,up-and-coming,50,4994
2026-10-08T06:00:24Z,10766725034,explore,up-and-coming,51,3611
2026-10-08T06:00:24Z,10768468695,explore,up-and-coming,52,410
2026-10-08T06:00:24Z,10766773917,explore,up-and-coming,53,1102
2026-10-08T06:00:24Z,10757704931,explore,up-and-coming,54,3470
2026-10-08T06:00:24Z,10766364164,explore,up-and-coming,55,986
2026-10-08T06:00:24Z,10039889230,explore,up-and-coming,56,7637
2026-10-08T06:00:24Z,10766309747,explore,up-and-coming,57,7786
2026-10-08T06:00:24Z,10766009412,explore,up-and-coming,58,454
2026-10-08T06:00:24Z,10767545737,explore,up-and-coming,59,516
2026-10-08T06:00:24Z,10765764482,explore,up-and-coming,60,909
2026-10-08T06:00:24Z,10765091041,explore,up-and-coming,61,2847
2026-10-08T06:00:24Z,10563114921,explore,top-playing-now,1,1184394
2026-10-08T06:00:24Z,1686885941,explore,top-playing-now,2,177527
2026-10-08T06:00:24Z,383310974,explore,top-playing-now,3,125026
2026-10-08T06:00:24Z,994732206,explore,top-playing-now,4,122049
2026-10-08T06:00:24Z,7326934954,explore,top-playing-now,5,120365
2026-10-08T06:00:24Z,66654135,explore,top-playing-now,6,90741
2026-10-08T06:00:24Z,10765288803,explore,top-playing-now,7,85869
2026-10-08T06:00:24Z,7709344486,explore,top-playing-now,8,82180
2026-10-08T06:00:24Z,10035204815,explore,top-playing-now,9,73280
2026-10-08T06:00:24Z,6701277882,explore,top-playing-now,10,72234
2026-10-08T06:00:24Z,5569032992,explore,top-playing-now,11,70950
2026-10-08T06:00:24Z,6035872082,explore,top-playing-now,12,67207
2026-10-08T06:00:24Z,3508322461,explore,top-playing-now,13,65014
2026-10-08T06:00:24Z,10708913337,explore,top-playing-now,14,55197
2026-10-08T06:00:24Z,10764627709,explore,top-playing-now,15,53242
2026-10-08T06:00:24Z,5595353122,explore,top-playing-now,16,50950
2026-10-08T06:00:24Z,3317771874,explore,top-playing-now,17,50358
2026-10-08T06:00:24Z,5750914919,explore,top-playing-now,18,48972
2026-10-08T06:00:24Z,6739698191,explore,top-playing-now,19,44087
2026-10-08T06:00:24Z,9584852943,explore,top-playing-now,20,41088
2026-10-08T06:00:24Z,2711375305,explore,top-playing-now,21,38371
2026-10-08T06:00:24Z,3808081382,explore,top-playing-now,22,32065
2026-10-08T06:00:24Z,5361032378,explore,top-playing-now,23,31658
2026-10-08T06:00:24Z,6331902150,explore,top-playing-now,24,30104
2026-10-08T06:00:24Z,6931042565,explore,top-playing-now,25,29133
2026-10-08T06:00:24Z,10684750879,explore,top-playing-now,26,28739
2026-10-08T06:00:24Z,7089588429,explore,top-playing-now,27,26729
2026-10-08T06:00:24Z,3647333358,explore,top-playing-now,28,26270
2026-10-08T06:00:24Z,5203828273,explore,top-playing-now,29,24375
2026-10-08T06:00:24Z,601130232,explore,top-playing-now,30,23539
2026-10-08T06:00:24Z,10155360168,explore,top-playing-now,31,23358
2026-10-08T06:00:24Z,5578556129,explore,top-playing-now,32,22234
2026-10-08T06:00:24Z,10765298801,explore,top-playing-now,33,22219
2026-10-08T06:00:24Z,10512942223,explore,top-playing-now,34,22171
2026-10-08T06:00:24Z,10767408330,explore,top-playing-now,35,21490
2026-10-08T06:00:24Z,10685282333,explore,top-playing-now,36,21410
2026-10-08T06:00:24Z,6765805766,explore,top-playing-now,37,21328
2026-10-08T06:00:24Z,7219654364,explore,top-playing-now,38,21154
2026-10-08T06:00:24Z,2440500124,explore,top-playing-now,39,20338
2026-10-08T06:00:24Z,2668101271,explore,top-playing-now,40,19760
2026-10-08T06:00:24Z,703124385,explore,top-playing-now,41,19686
2026-10-08T06:00:24Z,10766056678,explore,top-playing-now,42,19029
2026-10-08T06:00:24Z,10148749921,explore,top-playing-now,43,18334
2026-10-08T06:00:24Z,10436530264,explore,top-playing-now,44,16834
2026-10-08T06:00:24Z,10753751277,explore,top-playing-now,45,15601
2026-10-08T06:00:24Z,9534705677,explore,top-playing-now,46,15383
2026-10-08T06:00:24Z,7436755782,explore,top-playing-now,47,15084
2026-10-08T06:00:24Z,7265977477,explore,top-playing-now,48,14660
2026-10-08T06:00:24Z,648454481,explore,top-playing-now,49,14606
2026-10-08T06:00:24Z,1202096104,explore,top-playing-now,50,14339
2026-10-08T06:00:24Z,10258991999,explore,top-playing-now,51,14333
2026-10-08T06:00:24Z,10741654282,explore,top-playing-now,52,14254
2026-10-08T06:00:24Z,3240075297,explore,top-playing-now,53,13510
2026-10-08T06:00:24Z,10282097014,explore,top-playing-now,54,13448
2026-10-08T06:00:24Z,9774451882,explore,top-playing-now,55,13240
2026-10-08T06:00:24Z,5995470825,explore,top-playing-now,56,13207
2026-10-08T06:00:24Z,10767634248,explore,top-playing-now,57,13124
2026-10-08T06:00:24Z,2619619496,explore,top-playing-now,58,13092
2026-10-08T06:00:24Z,10764897725,explore,top-playing-now,59,12843
2026-10-08T06:00:24Z,10675117523,explore,top-playing-now,60,12818
2026-10-08T06:00:24Z,6176333237,explore,top-playing-now,61,12542
2026-10-08T06:00:24Z,9978329815,explore,top-playing-now,62,12378
2026-10-08T06:00:24Z,6521100398,explore,top-playing-now,63,12168
2026-10-08T06:00:24Z,10767825538,explore,top-playing-now,64,11951
2026-10-08T06:00:24Z,10004244222,explore,top-playing-now,65,11803
2026-10-08T06:00:24Z,578392296,explore,top-playing-now,66,11428
2026-10-08T06:00:24Z,10766721625,explore,top-playing-now,67,11253
2026-10-08T06:00:24Z,9167377564,explore,top-playing-now,68,11193
2026-10-08T06:00:24Z,10502841145,explore,top-playing-now,69,11069
2026-10-08T06:00:24Z,10430019389,explore,top-playing-now,70,10739
2026-10-08T06:00:24Z,1831550657,explore,top-playing-now,71,10678
2026-10-08T06:00:24Z,7554119808,explore,top-playing-now,72,10678
2026-10-08T06:00:24Z,4658598196,explore,top-playing-now,73,10654
2026-10-08T06:00:24Z,10765582175,explore,top-playing-now,74,10652
2026-10-08T06:00:24Z,8178086002,explore,top-playing-now,75,10601
2026-10-08T06:00:24Z,4839802560,explore,top-playing-now,76,10432
2026-10-08T06:00:24Z,4777817887,explore,top-playing-now,77,10238
2026-10-08T06:00:24Z,10261267004,explore,top-playing-now,78,10193
2026-10-08T06:00:24Z,2936053166,explore,top-playing-now,79,9822
2026-10-08T06:00:24Z,10717002748,explore,top-playing-now,80,9745
2026-10-08T06:00:24Z,7018190066,explore,top-playing-now,81,9739
2026-10-08T06:00:24Z,9796898051,explore,top-playing-now,82,9418
2026-10-08T06:00:24Z,10765686447,explore,top-playing-now,83,9403
2026-10-08T06:00:24Z,10765012427,explore,top-playing-now,84,9281
2026-10-08T06:00:24Z,9825259729,explore,top-playing-now,85,9037
2026-10-08T06:00:24Z,9294074907,explore,top-playing-now,86,9002
2026-10-08T06:00:24Z,10756011174,explore,top-playing-now,87,8998
2026-10-08T06:00:24Z,10399136326,explore,top-playing-now,88,8943
2026-10-08T06:00:24Z,88070565,explore,top-playing-now,89,8873
2026-10-08T06:00:24Z,10460801145,explore,top-playing-now,90,8802
2026-10-08T06:00:24Z,47545,explore,top-playing-now,91,8658
2026-10-08T06:00:24Z,10766506199,explore,top-playing-now,92,8643
2026-10-08T06:00:24Z,10766349481,explore,top-playing-now,93,8618
2026-10-08T06:00:24Z,10649255304,explore,top-playing-now,94,8546
2026-10-08T06:00:24Z,1000233041,explore,top-playing-now,95,8535
2026-10-08T06:00:24Z,10539411000,explore,top-playing-now,96,8495
2026-10-08T06:00:24Z,10768316438,explore,top-playing-now,97,8456
2026-10-08T06:00:24Z,4730278139,explore,top-playing-now,98,8331
2026-10-08T06:00:24Z,10744310825,explore,top-playing-now,99,8325
2026-10-08T06:00:24Z,3359505957,explore,fun-with-friends,1,2785
2026-10-08T06:00:24Z,6949043989,explore,fun-with-friends,2,1434
2026-10-08T06:00:24Z,6385532960,explore,fun-with-friends,3,3090
2026-10-08T06:00:24Z,4991126644,explore,fun-with-friends,4,694
2026-10-08T06:00:24Z,10415694629,explore,fun-with-friends,5,3337
2026-10-08T06:00:24Z,1000233041,explore,fun-with-friends,6,8535
2026-10-08T06:00:24Z,6619936488,explore,fun-with-friends,7,1336
2026-10-08T06:00:24Z,10737656087,explore,fun-with-friends,8,4743
2026-10-08T06:00:24Z,6726637224,explore,fun-with-friends,9,1500
2026-10-08T06:00:24Z,5580972377,explore,fun-with-friends,10,1773
2026-10-08T06:00:24Z,10742937135,explore,fun-with-friends,11,2309
2026-10-08T06:00:24Z,1008451066,explore,fun-with-friends,12,2078
2026-10-08T06:00:24Z,10762757054,explore,fun-with-friends,13,3926
2026-10-08T06:00:24Z,10759638075,explore,fun-with-friends,14,4527
2026-10-08T06:00:24Z,10765167636,explore,fun-with-friends,15,4673
2026-10-08T06:00:24Z,7414497778,explore,fun-with-friends,16,971
2026-10-08T06:00:24Z,7178032757,explore,fun-with-friends,17,4866
2026-10-08T06:00:24Z,6701277882,explore,fun-with-friends,18,72234
2026-10-08T06:00:24Z,9908641400,explore,fun-with-friends,19,2071
2026-10-08T06:00:24Z,10766390665,explore,fun-with-friends,20,1375
2026-10-08T06:00:24Z,9885372266,explore,fun-with-friends,21,2527
2026-10-08T06:00:24Z,1494262959,explore,fun-with-friends,22,1174
2026-10-08T06:00:24Z,6739698191,explore,fun-with-friends,23,44200
2026-10-08T06:00:24Z,1686885941,explore,fun-with-friends,24,177527
2026-10-08T06:00:24Z,6945584306,explore,fun-with-friends,25,4624
2026-10-08T06:00:24Z,66654135,explore,fun-with-friends,26,90741
2026-10-08T06:00:24Z,7108384194,explore,fun-with-friends,27,5188
2026-10-08T06:00:24Z,2668101271,explore,fun-with-friends,28,19852
2026-10-08T06:00:24Z,1946714362,explore,fun-with-friends,29,1091
2026-10-08T06:00:24Z,4839802560,explore,fun-with-friends,30,10432
2026-10-08T06:00:24Z,7554119808,explore,fun-with-friends,31,10585
2026-10-08T06:00:24Z,1278035280,explore,fun-with-friends,32,2631
2026-10-08T06:00:24Z,10764627709,explore,fun-with-friends,33,53395
2026-10-08T06:00:24Z,10764613327,explore,fun-with-friends,34,2122
2026-10-08T06:00:24Z,7208219743,explore,fun-with-friends,35,780
2026-10-08T06:00:24Z,3990106548,explore,fun-with-friends,36,4245
2026-10-08T06:00:24Z,6925303818,explore,fun-with-friends,37,530
2026-10-08T06:00:24Z,372226183,explore,fun-with-friends,38,6749
2026-10-08T06:00:24Z,4676287985,explore,fun-with-friends,39,451
2026-10-08T06:00:24Z,892043755,explore,fun-with-friends,40,2178
2026-10-08T06:00:24Z,4582358979,explore,fun-with-friends,41,1418
2026-10-08T06:00:24Z,4348829796,explore,fun-with-friends,42,4048
2026-10-08T06:00:24Z,7629331599,explore,fun-with-friends,43,4344
2026-10-08T06:00:24Z,10189903609,explore,fun-with-friends,44,3821
2026-10-08T06:00:24Z,4983034985,explore,fun-with-friends,45,5260
2026-10-08T06:00:24Z,6765805766,explore,fun-with-friends,46,21146
2026-10-08T06:00:24Z,6749060816,explore,fun-with-friends,47,3496
2026-10-08T06:00:24Z,4987856151,explore,fun-with-friends,48,7053
2026-10-08T06:00:24Z,1526814825,explore,fun-with-friends,49,4560
2026-10-08T06:00:24Z,10153098880,explore,fun-with-friends,50,1611
2026-10-08T06:00:24Z,5829613337,explore,fun-with-friends,51,1588
2026-10-08T06:00:24Z,10171934713,explore,fun-with-friends,52,1280
2026-10-08T06:00:24Z,2711375305,explore,fun-with-friends,53,38371
2026-10-08T06:00:24Z,110181652,explore,fun-with-friends,54,1269
2026-10-08T06:00:24Z,6275120808,explore,fun-with-friends,55,604
2026-10-08T06:00:24Z,6521100398,explore,fun-with-friends,56,12168
2026-10-08T06:00:24Z,1312971993,explore,fun-with-friends,57,1524
2026-10-08T06:00:24Z,10762388019,explore,fun-with-friends,58,3464
2026-10-08T06:00:24Z,1709917610,explore,fun-with-friends,59,935
2026-10-08T06:00:24Z,1831550657,explore,fun-with-friends,60,10675
2026-10-08T06:00:24Z,5039839070,explore,fun-with-friends,61,4102
2026-10-08T06:00:24Z,4568630521,explore,fun-with-friends,62,2577
2026-10-08T06:00:24Z,3508322461,explore,fun-with-friends,63,65014
2026-10-08T06:00:24Z,10765582175,explore,fun-with-friends,64,10674
2026-10-08T06:00:24Z,3240075297,explore,fun-with-friends,65,13510
2026-10-08T06:00:24Z,7856039629,explore,fun-with-friends,66,3171
2026-10-08T06:00:24Z,2471084,explore,fun-with-friends,67,4221
2026-10-08T06:00:24Z,10765927544,explore,fun-with-friends,68,588
2026-10-08T06:00:24Z,4181957649,explore,fun-with-friends,69,1607
2026-10-08T06:00:24Z,10126644530,explore,fun-with-friends,70,6812
2026-10-08T06:00:24Z,6504986360,explore,fun-with-friends,71,6735
2026-10-08T06:00:24Z,7219654364,explore,fun-with-friends,72,20338
2026-10-08T06:00:24Z,3808081382,explore,fun-with-friends,73,32065
2026-10-08T06:00:24Z,245662005,explore,fun-with-friends,74,4016
2026-10-08T06:00:24Z,10526853622,explore,fun-with-friends,75,6811
2026-10-08T06:00:24Z,1087859240,explore,fun-with-friends,76,935
2026-10-08T06:00:24Z,7970033072,explore,fun-with-friends,77,843
2026-10-08T06:00:24Z,10533638982,explore,fun-with-friends,78,1605
2026-10-08T06:00:24Z,210851291,explore,fun-with-friends,79,6690
2026-10-08T06:00:24Z,10195997258,explore,fun-with-friends,80,1763
2026-10-08T06:00:24Z,10504918958,explore,fun-with-friends,81,1409
2026-10-08T06:00:24Z,6331902150,explore,fun-with-friends,82,30104
2026-10-08T06:00:24Z,10261267004,explore,fun-with-friends,83,10224
2026-10-08T06:00:24Z,4777817887,explore,fun-with-friends,84,10247
2026-10-08T06:00:24Z,10155360168,explore,fun-with-friends,85,23358
2026-10-08T06:00:24Z,5569032992,explore,top-revisited,1,70404
2026-10-08T06:00:24Z,6945584306,explore,top-revisited,2,4624
2026-10-08T06:00:24Z,1946714362,explore,top-revisited,3,1108
2026-10-08T06:00:24Z,1087859240,explore,top-revisited,4,935
2026-10-08T06:00:24Z,5599532653,explore,top-revisited,5,487
2026-10-08T06:00:24Z,5578556129,explore,top-revisited,6,22234
2026-10-08T06:00:24Z,3541611379,explore,top-revisited,7,3182
2026-10-08T06:00:24Z,3508322461,explore,top-revisited,8,65014
2026-10-08T06:00:24Z,10737656087,explore,top-revisited,9,4743
2026-10-08T06:00:24Z,10422038064,explore,top-revisited,10,1036
2026-10-08T06:00:24Z,4150150482,explore,top-revisited,11,516
2026-10-08T06:00:24Z,8824087733,explore,top-revisited,12,46
2026-10-08T06:00:24Z,6190071862,explore,top-revisited,13,1276
2026-10-08T06:00:24Z,10762636904,explore,top-revisited,14,1738
2026-10-08T06:00:24Z,4260784961,explore,top-revisited,15,11
2026-10-08T06:00:24Z,6385532960,explore,top-revisited,16,3078
2026-10-08T06:00:24Z,5750914919,explore,top-revisited,17,48924
2026-10-08T06:00:24Z,3936365689,explore,top-revisited,18,1317
2026-10-08T06:00:24Z,3359505957,explore,top-revisited,19,2785
2026-10-08T06:00:24Z,10502841145,explore,top-revisited,20,11069
2026-10-08T06:00:24Z,5039839070,explore,top-revisited,21,4102
2026-10-08T06:00:24Z,4743794878,explore,top-revisited,22,230
2026-10-08T06:00:24Z,7882785167,explore,top-revisited,23,1229
2026-10-08T06:00:24Z,114967577,explore,top-revisited,24,463
2026-10-08T06:00:24Z,5361032378,explore,top-revisited,25,31658
2026-10-08T06:00:24Z,3747388906,explore,top-revisited,26,541
2026-10-08T06:00:24Z,8333899831,explore,top-revisited,27,160
2026-10-08T06:00:24Z,9865604662,explore,top-revisited,28,14
2026-10-08T06:00:24Z,6925303818,explore,top-revisited,29,530
2026-10-08T06:00:24Z,578392296,explore,top-revisited,30,11428
2026-10-08T06:00:24Z,9931749389,explore,top-revisited,31,5026
2026-10-08T06:00:24Z,648454481,explore,top-revisited,32,14489
2026-10-08T06:00:24Z,10563114921,explore,top-revisited,33,1184394
2026-10-08T06:00:24Z,10767183467,explore,top-revisited,34,662
2026-10-08T06:00:24Z,8524572339,explore,top-revisited,35,1887
2026-10-08T06:00:24Z,5488708927,explore,top-revisited,36,134
2026-10-08T06:00:24Z,2682938349,explore,top-revisited,37,1887
2026-10-08T06:00:24Z,6504986360,explore,top-revisited,38,6735
2026-10-08T06:00:24Z,3837114739,explore,top-revisited,39,335
2026-10-08T06:00:24Z,10765927544,explore,top-revisited,40,588
2026-10-08T06:00:24Z,9031167776,explore,top-revisited,41,96
2026-10-08T06:00:24Z,9046580625,explore,top-revisited,42,60
2026-10-08T06:00:24Z,2765784373,explore,top-revisited,43,2091
2026-10-08T06:00:24Z,6331902150,explore,top-revisited,44,30104
2026-10-08T06:00:24Z,994732206,explore,top-revisited,45,122553
2026-10-08T06:00:24Z,9948575164,explore,top-revisited,46,1450
2026-10-08T06:00:24Z,383310974,explore,top-revisited,47,125026
2026-10-08T06:00:24Z,10764333084,explore,top-revisited,48,257
2026-10-08T06:00:24Z,3913007563,explore,top-revisited,49,1449
2026-10-08T06:00:24Z,3478678937,explore,top-revisited,50,137
2026-10-08T06:00:24Z,1831550657,explore,top-revisited,51,10675
2026-10-08T06:00:24Z,5315312115,explore,top-revisited,52,276
2026-10-08T06:00:24Z,9965411707,explore,top-revisited,53,3079
2026-10-08T06:00:24Z,1374118848,explore,top-revisited,54,396
2026-10-08T06:00:24Z,2640407187,explore,top-revisited,55,3224
2026-10-08T06:00:24Z,10452420697,explore,top-revisited,56,40
2026-10-08T06:00:24Z,7178032757,explore,top-revisited,57,4866
2026-10-08T06:00:24Z,10090818841,explore,top-revisited,58,269
2026-10-08T06:00:24Z,3289847355,explore,top-revisited,59,152
2026-10-08T06:00:24Z,1531130248,explore,top-revisited,60,1158
2026-10-08T06:00:24Z,7350402084,explore,top-revisited,61,241
2026-10-08T06:00:24Z,9940489814,explore,top-revisited,62,77
2026-10-08T06:00:24Z,3047037061,explore,top-revisited,63,1034
2026-10-08T06:00:24Z,6395392848,explore,top-revisited,64,513
2026-10-08T06:00:24Z,6280758286,explore,top-revisited,65,786
2026-10-08T06:00:24Z,6682487255,explore,top-revisited,66,5051
2026-10-08T06:00:24Z,3634139746,explore,top-revisited,67,494
2026-10-08T06:00:24Z,10428543942,explore,top-revisited,68,243
2026-10-08T06:00:24Z,9229146348,explore,top-revisited,69,273
2026-10-08T06:00:24Z,3808081382,explore,top-revisited,70,32065
2026-10-08T06:00:24Z,9362896961,explore,top-revisited,71,3411
2026-10-08T06:00:24Z,4938220315,explore,top-revisited,72,842
2026-10-08T06:00:24Z,6931042565,explore,top-revisited,73,29133
2026-10-08T06:00:24Z,6035872082,explore,top-revisited,74,67207
2026-10-08T06:00:24Z,4342047058,explore,top-revisited,75,7753
2026-10-08T06:00:24Z,10491385664,explore,top-revisited,76,212
2026-10-08T06:00:24Z,10638048650,explore,top-revisited,77,395
2026-10-08T06:00:24Z,1316421563,explore,top-revisited,78,160
2026-10-08T06:00:24Z,7444113888,explore,top-revisited,79,42
2026-10-08T06:00:24Z,1494262959,explore,top-revisited,80,1188
2026-10-08T06:00:24Z,6765805766,explore,top-revisited,81,21328
2026-10-08T06:00:24Z,2440500124,explore,top-revisited,82,20340
2026-10-08T06:00:24Z,123956318,explore,top-revisited,83,395
2026-10-08T06:00:24Z,9219838330,explore,top-revisited,84,285
2026-10-08T06:00:24Z,10764627709,explore,top-revisited,85,53242
2026-10-08T06:00:24Z,7219654364,explore,top-revisited,86,21154
2026-10-08T06:00:24Z,10245012052,explore,top-revisited,87,184
2026-10-08T06:00:24Z,10563114921,explore,top-earning,1,1202064
2026-10-08T06:00:24Z,994732206,explore,top-earning,2,122553
2026-10-08T06:00:24Z,5595353122,explore,top-earning,3,50891
2026-10-08T06:00:24Z,6035872082,explore,top-earning,4,67207
2026-10-08T06:00:24Z,383310974,explore,top-earning,5,125026
2026-10-08T06:00:24Z,4777817887,explore,top-earning,6,10238
2026-10-08T06:00:24Z,5750914919,explore,top-earning,7,48924
2026-10-08T06:00:24Z,5569032992,explore,top-earning,8,70950
2026-10-08T06:00:24Z,3508322461,explore,top-earning,9,65014
2026-10-08T06:00:24Z,3317771874,explore,top-earning,10,50358
2026-10-08T06:00:24Z,10765012427,explore,top-earning,11,9281
2026-10-08T06:00:24Z,9534705677,explore,top-earning,12,15383
2026-10-08T06:00:24Z,648454481,explore,top-earning,13,14606
2026-10-08T06:00:24Z,66654135,explore,top-earning,14,90741
2026-10-08T06:00:24Z,10684750879,explore,top-earning,15,28739
2026-10-08T06:00:24Z,10035204815,explore,top-earning,16,73280
2026-10-08T06:00:24Z,578392296,explore,top-earning,17,11472
2026-10-08T06:00:24Z,6931042565,explore,top-earning,18,29042
2026-10-08T06:00:24Z,1176784616,explore,top-earning,19,6638
2026-10-08T06:00:24Z,2440500124,explore,top-earning,20,20338
2026-10-08T06:00:24Z,4750561026,explore,top-earning,21,4504
2026-10-08T06:00:24Z,10708913337,explore,top-earning,22,55197
2026-10-08T06:00:24Z,10732236937,explore,top-earning,23,6744
2026-10-08T06:00:24Z,3541611379,explore,top-earning,24,3182
2026-10-08T06:00:24Z,5995470825,explore,top-earning,25,13207
2026-10-08T06:00:24Z,6331902150,explore,top-earning,26,30104
2026-10-08T06:00:24Z,10258991999,explore,top-earning,27,14333
2026-10-08T06:00:24Z,2619619496,explore,top-earning,28,13010
2026-10-08T06:00:24Z,10764627709,explore,top-earning,29,53395
2026-10-08T06:00:24Z,7326934954,explore,top-earning,30,121079
2026-10-08T06:00:24Z,10436530264,explore,top-earning,31,16834
2026-10-08T06:00:24Z,9931749389,explore,top-earning,32,4938
2026-10-08T06:00:24Z,9837612476,explore,top-earning,33,6448
2026-10-08T06:00:24Z,1831550657,explore,top-earning,34,10678
2026-10-08T06:00:24Z,9584852943,explore,top-earning,35,41088
2026-10-08T06:00:24Z,1016936714,explore,top-earning,36,4096
2026-10-08T06:00:24Z,10685282333,explore,top-earning,37,21280
2026-10-08T06:00:24Z,9891331827,explore,top-earning,38,3792
2026-10-08T06:00:24Z,1686885941,explore,top-earning,39,177527
2026-10-08T06:00:24Z,903807016,explore,top-earning,40,2901
2026-10-08T06:00:24Z,88070565,explore,top-earning,41,8867
2026-10-08T06:00:24Z,1235188606,explore,top-earning,42,5511
2026-10-08T06:00:24Z,7264587281,explore,top-earning,43,2021
2026-10-08T06:00:24Z,5203828273,explore,top-earning,44,24375
2026-10-08T06:00:24Z,7633926880,explore,top-earning,45,5820
2026-10-08T06:00:24Z,10643795368,explore,top-earning,46,3803
2026-10-08T06:00:24Z,3808081382,explore,top-earning,47,32065
2026-10-08T06:00:24Z,10756011174,explore,top-earning,48,8998
2026-10-08T06:00:24Z,1946714362,explore,top-earning,49,1108
2026-10-08T06:00:24Z,10148749921,explore,top-earning,50,18334
2026-10-08T06:00:24Z,7709344486,explore,top-earning,51,81556
2026-10-08T06:00:24Z,10173311467,explore,top-earning,52,5988
2026-10-08T06:00:24Z,4658598196,explore,top-earning,53,10654
2026-10-08T06:00:24Z,5578556129,explore,top-earning,54,22234
2026-10-08T06:00:24Z,6682487255,explore,top-earning,55,5051
2026-10-08T06:00:24Z,10261267004,explore,top-earning,56,10193
2026-10-08T06:00:24Z,3990106548,explore,top-earning,57,4276
2026-10-08T06:00:24Z,10741792653,explore,top-earning,58,1945
2026-10-08T06:00:24Z,10700618962,explore,top-earning,59,7342
2026-10-08T06:00:24Z,5361032378,explore,top-earning,60,31658
2026-10-08T06:00:24Z,3183403065,explore,top-earning,61,1742
2026-10-08T06:00:24Z,10667357873,explore,top-earning,62,5909
2026-10-08T06:00:24Z,7585140258,explore,top-earning,63,7308
2026-10-08T06:00:24Z,1526814825,explore,top-earning,64,4541
2026-10-08T06:00:24Z,1516533665,explore,top-earning,65,6574
2026-10-08T06:00:24Z,601130232,explore,top-earning,66,23539
2026-10-08T06:00:24Z,10765298801,explore,top-earning,67,22219
2026-10-08T06:00:24Z,6749060816,explore,top-earning,68,3496
2026-10-08T06:00:24Z,6945584306,explore,top-earning,69,4624
2026-10-08T06:00:24Z,10512942223,explore,top-earning,70,22171
2026-10-08T06:00:24Z,4991126644,explore,top-earning,71,694
2026-10-08T06:00:24Z,10636331438,explore,top-earning,72,6871
2026-10-08T06:00:24Z,9641502068,explore,top-earning,73,6380
2026-10-08T06:00:24Z,10155360168,explore,top-earning,74,23438
2026-10-08T06:00:24Z,3936365689,explore,top-earning,75,1318
2026-10-08T06:00:24Z,9855761734,explore,top-earning,76,6569
2026-10-08T06:00:24Z,6760085372,explore,top-earning,77,4438
2026-10-08T06:00:24Z,3647333358,explore,top-earning,78,26270
2026-10-08T06:00:24Z,10624691669,explore,top-earning,79,5736
2026-10-08T06:00:24Z,321778215,explore,top-earning,80,4823
2026-10-08T06:00:24Z,371263894,explore,top-earning,81,3091
2026-10-08T06:00:24Z,10039889230,explore,top-earning,82,7637
2026-10-08T06:00:24Z,7008097940,explore,top-earning,83,7249
2026-10-08T06:00:24Z,7028566528,explore,top-earning,84,5765
2026-10-08T06:00:24Z,245662005,explore,top-earning,85,4016
2026-10-08T06:00:24Z,10759638075,explore,top-earning,86,4527
2026-10-08T06:00:24Z,7265339759,explore,top-earning,87,519
2026-10-08T06:00:24Z,1390601379,explore,top-earning,88,1273
2026-10-08T06:00:24Z,10675117523,explore,top-earning,89,12818
2026-10-08T06:00:24Z,10552240401,explore,top-earning,90,3888
2026-10-08T06:00:24Z,10282097014,explore,top-earning,91,13448
2026-10-08T06:00:24Z,7395930870,explore,top-earning,92,7134
2026-10-08T06:00:24Z,6385532960,explore,top-earning,93,3078
2026-10-08T06:00:24Z,6701277882,explore,top-earning,94,72265
2026-10-08T06:00:24Z,8524572339,explore,top-earning,95,1887
2026-10-08T06:00:24Z,9582986239,explore,top-earning,96,3042
2026-10-08T06:00:24Z,10717002748,explore,top-earning,97,9740
2026-10-08T06:00:24Z,3110388936,explore,top-earning,98,1886
2026-10-08T06:00:24Z,10765288803,explore,top-earning,99,85869
2026-10-08T06:00:24Z,10321202755,explore,top-earning,100,6142
2026-10-08T06:00:24Z,6325068386,explore,top-earning,101,8067
2026-10-08T06:00:24Z,10748543623,explore,top-earning,102,3354
2026-10-08T06:00:24Z,10532995815,explore,top-earning,103,4907
2026-10-08T06:00:24Z,113491250,explore,top-earning,104,1736
2026-10-08T06:00:24Z,10740316645,explore,top-earning,105,6468
2026-10-08T06:00:24Z,7970033072,explore,top-earning,106,843
2026-10-08T06:00:24Z,1202096104,explore,top-earning,107,14264
2026-10-08T06:00:24Z,6504986360,explore,top-earning,108,6735
2026-10-08T06:00:24Z,7219654364,explore,top-earning,109,21154
2026-10-08T06:00:24Z,9872734936,explore,top-earning,110,4718
2026-10-08T06:00:24Z,2527789729,explore,top-earning,111,1558
2026-10-08T06:00:24Z,2682938349,explore,top-earning,112,1887
2026-10-08T06:00:24Z,184199275,explore,top-earning,113,5622
2026-10-08T06:00:24Z,9051406594,explore,top-earning,114,5348
2026-10-08T06:00:24Z,10246108265,explore,top-earning,115,2205
2026-10-08T06:00:24Z,9910245722,explore,top-earning,116,2679
2026-10-08T06:00:24Z,9656201728,explore,top-earning,117,1375
2026-10-08T06:00:24Z,985731078,explore,top-earning,118,1411
2026-10-08T06:00:24Z,10200395747,explore,top-earning,119,2562
2026-10-08T06:00:24Z,5166944221,explore,top-earning,120,3564
2026-10-08T06:00:24Z,9880286438,explore,top-earning,121,6056
2026-10-08T06:00:24Z,1278035280,explore,top-earning,122,2631
2026-10-08T06:00:24Z,9796898051,explore,top-earning,123,9418
2026-10-08T06:00:24Z,10231502419,explore,top-earning,124,2495
2026-10-08T06:00:24Z,7089588429,explore,top-earning,125,26729
2026-10-08T06:00:24Z,9551044479,explore,top-earning,126,2438
2026-10-08T06:00:24Z,2380077519,explore,top-earning,127,3711
2026-10-08T06:00:24Z,8520148363,explore,top-earning,128,2633
2026-10-08T06:00:24Z,10737656087,explore,top-earning,129,4743
2026-10-08T06:00:24Z,10529769390,explore,top-earning,130,6355
2026-10-08T06:00:24Z,10759337137,explore,top-earning,131,5149
2026-10-08T06:00:24Z,1494262959,explore,top-earning,132,1174
2026-10-08T06:00:24Z,6765805766,explore,top-earning,133,21328
2026-10-08T06:00:24Z,2992873140,explore,top-earning,134,1796
2026-10-08T06:00:24Z,10526853622,explore,top-earning,135,6878
2026-10-08T06:00:24Z,10440833423,explore,top-earning,136,2302
2026-10-08T06:00:24Z,10648555380,explore,top-earning,137,226
2026-10-08T06:00:24Z,10431718987,explore,top-earning,138,2035
2026-10-08T06:00:24Z,7436755782,explore,top-earning,139,15084
2026-10-08T06:00:24Z,10541331578,explore,top-earning,140,952
2026-10-08T06:00:24Z,1525626450,explore,top-earning,141,2121
2026-10-08T06:00:24Z,7883776681,explore,top-earning,142,4071
2026-10-08T06:00:24Z,10552540426,explore,top-earning,143,1197
2026-10-08T06:00:24Z,9970645639,explore,top-earning,144,6251
2026-10-08T06:00:24Z,7094518649,explore,top-earning,145,5501
2026-10-08T06:00:24Z,2251388500,explore,top-earning,146,1082
2026-10-08T06:00:24Z,10742937135,explore,top-earning,147,2296
2026-10-08T06:00:24Z,1054526971,explore,top-earning,148,2653
2026-10-08T06:00:24Z,10765582175,explore,top-earning,149,10674
2026-10-08T06:00:24Z,8640389608,explore,top-earning,150,273
2026-10-08T06:00:24Z,2309918273,explore,top-earning,151,866
2026-10-08T06:00:24Z,1268927906,explore,top-earning,152,5169
2026-10-08T06:00:24Z,850110028,explore,top-earning,153,2043
2026-10-08T06:00:24Z,1008451066,explore,top-earning,154,2106
2026-10-08T06:00:24Z,10116272705,explore,top-earning,155,7148
2026-10-08T06:00:24Z,210851291,explore,top-earning,156,6629
2026-10-08T06:00:24Z,10550257968,explore,top-earning,157,7226
2026-10-08T06:00:24Z,10741654282,explore,top-earning,158,11857
2026-10-08T06:00:24Z,4987856151,explore,top-earning,159,7053
2026-10-08T06:00:24Z,7673659635,explore,top-earning,160,1008
2026-10-08T06:00:24Z,1782832995,explore,top-earning,161,731
2026-10-08T06:00:24Z,10415845204,explore,top-earning,162,2062
2026-10-08T06:00:24Z,5026122481,explore,top-earning,163,2010
2026-10-08T06:00:24Z,10766812776,explore,top-earning,164,1778
2026-10-08T06:00:24Z,7613921865,explore,top-earning,165,6632
2026-10-08T06:00:24Z,4568630521,explore,top-earning,166,2577
2026-10-08T06:00:24Z,10230942274,explore,top-earning,167,4382
2026-10-08T06:00:24Z,10764887435,explore,top-earning,168,803
2026-10-08T06:00:24Z,4931927012,explore,top-earning,169,2030
2026-10-08T06:00:24Z,10765950109,explore,top-earning,170,2418
2026-10-08T06:00:24Z,9561553764,explore,top-earning,171,6815
2026-10-08T06:00:24Z,1802741133,explore,top-earning,172,2451
2026-10-08T06:00:24Z,10399136326,explore,top-earning,173,8907
2026-10-08T06:00:24Z,10430019389,explore,top-earning,174,10739
2026-10-08T06:00:24Z,3164075108,explore,top-earning,175,1809
2026-10-08T06:00:24Z,6215986499,explore,top-earning,176,556
2026-10-08T06:00:24Z,2788648141,explore,top-earning,177,1403
2026-10-08T06:00:24Z,10504918958,explore,top-earning,178,1409
2026-10-08T06:00:24Z,5422546686,explore,top-earning,179,1224
2026-10-08T06:00:24Z,10577588270,explore,top-earning,180,2097
2026-10-08T06:00:24Z,10634461028,explore,top-earning,181,4002
2026-10-08T06:00:24Z,3747388906,explore,top-earning,182,541
2026-10-08T06:00:24Z,1451439645,explore,top-earning,183,4398
2026-10-08T06:00:24Z,8829204428,explore,top-earning,184,1229
2026-10-08T06:00:24Z,10765013362,explore,top-earning,185,5921
2026-10-08T06:00:24Z,4730278139,explore,top-earning,186,8285
2026-10-08T06:00:24Z,6061766680,explore,top-earning,187,2287
2026-10-08T06:00:24Z,10075660664,explore,top-earning,188,253
2026-10-08T06:00:24Z,10766008884,explore,top-earning,189,4645
2026-10-08T06:00:24Z,10533638982,explore,top-earning,190,1621
2026-10-08T06:00:24Z,10753751277,explore,top-earning,191,15601
2026-10-08T06:00:24Z,7629331599,explore,top-earning,192,4336
2026-10-08T06:00:24Z,10424107160,explore,top-earning,193,2384
2026-10-08T06:00:24Z,4983034985,explore,top-earning,194,5260
2026-10-08T06:00:24Z,10765579304,explore,top-earning,195,854
2026-10-08T06:00:24Z,7934320560,explore,top-earning,196,1835
2026-10-08T06:00:24Z,10765167636,explore,top-earning,197,4673
2026-10-08T06:00:24Z,703124385,explore,top-earning,198,19686
2026-10-08T06:00:24Z,10765902945,explore,top-earning,199,4473
2026-10-08T06:00:24Z,1742264997,explore,top-earning,200,863
2026-10-08T06:00:24Z,4793836769,explore,top-earning,201,2580
2026-10-08T06:00:24Z,9788139379,explore,top-earning,202,1530
2026-10-08T06:00:24Z,8618660961,explore,top-earning,203,677
2026-10-08T06:00:24Z,10673920146,explore,top-earning,204,6573
2026-10-08T06:00:24Z,10765708310,explore,top-earning,205,696
2026-10-08T06:00:24Z,10566677406,explore,top-earning,206,2696
2026-10-08T06:00:24Z,9885372266,explore,top-earning,207,2490
2026-10-08T06:00:24Z,5650396773,explore,top-earning,208,7208
2026-10-08T06:00:24Z,65241,explore,top-earning,209,4857
2026-10-08T06:00:24Z,10765091041,explore,top-earning,210,2847
2026-10-08T06:00:24Z,10762175328,explore,top-earning,211,199
2026-10-08T06:00:24Z,9662130710,explore,top-earning,212,1167
2026-10-08T06:00:24Z,9940812243,explore,top-earning,213,2599
2026-10-08T06:00:24Z,6161049307,explore,top-earning,214,1426
2026-10-08T06:00:24Z,10031505426,explore,top-earning,215,2582
2026-10-08T06:00:24Z,10762636904,explore,top-earning,216,1738
2026-10-08T06:00:24Z,4420562665,explore,top-earning,217,4821
2026-10-08T06:00:24Z,4457060041,explore,top-earning,218,397
2026-10-08T06:00:24Z,31970568,explore,top-earning,219,1860
2026-10-08T06:00:24Z,10502841145,explore,top-earning,220,11068
2026-10-08T06:00:24Z,10004244222,explore,top-earning,221,11421
2026-10-08T06:00:24Z,6739698191,explore,top-earning,222,44087
2026-10-08T06:00:24Z,3405618667,explore,top-earning,223,1488
2026-10-08T06:00:24Z,6048923315,explore,top-earning,224,777
2026-10-08T06:00:24Z,2862098693,explore,top-earning,225,1334
2026-10-08T06:00:24Z,10404519332,explore,top-earning,226,1065
2026-10-08T06:00:24Z,10762388019,explore,top-earning,227,3420
2026-10-08T06:00:24Z,10031562156,explore,top-earning,228,4158
2026-10-08T06:00:24Z,4938220315,explore,top-earning,229,842
2026-10-08T06:00:24Z,4348829796,explore,top-earning,230,4048
2026-10-08T06:00:24Z,10298144467,explore,top-earning,231,1910
2026-10-08T06:00:24Z,10389762549,explore,top-earning,232,594
2026-10-08T06:00:24Z,10199301628,explore,top-earning,233,4441
2026-10-08T06:00:24Z,9324081218,explore,top-earning,234,95
2026-10-08T06:00:24Z,10765067592,explore,top-earning,235,3959
2026-10-08T06:00:24Z,9312646406,explore,top-earning,236,963
2026-10-08T06:00:24Z,2783797267,explore,top-earning,237,4726
2026-10-08T06:00:24Z,9826885587,explore,top-earning,238,3950
2026-10-08T06:00:24Z,3730079862,explore,top-earning,239,2428
2026-10-08T06:00:24Z,4201418016,explore,top-earning,240,368
2026-10-08T06:00:24Z,4342047058,explore,top-earning,241,7753
2026-10-08T06:00:24Z,9950184599,explore,top-earning,242,608
2026-10-08T06:00:24Z,6726637224,explore,top-earning,243,1500
2026-10-08T06:00:24Z,7359962123,explore,top-earning,244,2064
2026-10-08T06:00:24Z,3634139746,explore,top-earning,245,494
2026-10-08T06:00:24Z,6100103590,explore,top-earning,246,403
2026-10-08T06:00:24Z,10739044772,explore,top-earning,247,1839
2026-10-08T06:00:24Z,10765751583,explore,top-earning,248,1582
2026-10-08T06:00:24Z,9362896961,explore,top-earning,249,3411
2026-10-08T06:00:24Z,73885730,explore,top-earning,250,3583
2026-10-08T06:00:24Z,10767582899,explore,top-earning,251,2931
2026-10-08T06:00:24Z,10475794799,explore,top-earning,252,3518
2026-10-08T06:00:24Z,47545,explore,top-earning,253,8673
2026-10-08T06:00:24Z,10501944811,explore,top-earning,254,1282
2026-10-08T06:00:24Z,6336741296,explore,top-earning,255,1293
2026-10-08T06:00:24Z,274816972,explore,top-earning,256,1484
2026-10-08T06:00:24Z,1511883870,explore,top-earning,257,1808
2026-10-08T06:00:24Z,2471084,explore,top-earning,258,4221
2026-10-08T06:00:24Z,7018190066,explore,top-earning,259,9739
2026-10-08T06:00:24Z,1271059807,explore,top-earning,260,1005
2026-10-08T06:00:24Z,10141042381,explore,top-earning,261,477
2026-10-08T06:00:24Z,6174994284,explore,top-earning,262,1601
2026-10-08T06:00:24Z,9317784977,explore,top-earning,263,768
2026-10-08T06:00:24Z,10648640958,explore,top-earning,264,1639
2026-10-08T06:00:24Z,6375110339,explore,top-earning,265,931
2026-10-08T06:00:24Z,10144587520,explore,top-earning,266,4695
2026-10-08T06:00:24Z,10336278580,explore,top-earning,267,1686
2026-10-08T06:00:24Z,10309128556,explore,top-earning,268,504
2026-10-08T06:00:24Z,10761884278,explore,top-earning,269,78
2026-10-08T06:00:24Z,10764883692,explore,top-earning,270,715
2026-10-08T06:00:24Z,10452740285,explore,top-earning,271,1693
2026-10-08T06:00:24Z,10195997258,explore,top-earning,272,1763
2026-10-08T06:00:24Z,10761200080,explore,top-earning,273,668
2026-10-08T06:00:24Z,2139712082,explore,top-earning,274,532
2026-10-08T06:00:24Z,10124403207,explore,top-earning,275,333
2026-10-08T06:00:24Z,10263732883,explore,top-earning,276,998
2026-10-08T06:00:24Z,7703614594,explore,top-earning,277,3371
2026-10-08T06:00:24Z,9382839773,explore,top-earning,278,1552
2026-10-08T06:00:24Z,5108158764,explore,top-earning,279,520
2026-10-08T06:00:24Z,9073513091,explore,top-earning,280,1338
2026-10-08T06:00:24Z,110181652,explore,top-earning,281,1262
2026-10-08T06:00:24Z,10338952197,explore,top-earning,282,3837
2026-10-08T06:00:24Z,3419284255,explore,top-earning,283,1655
2026-10-08T06:00:24Z,10249209189,explore,top-earning,284,655
2026-10-08T06:00:24Z,3837114739,explore,top-earning,285,335
2026-10-08T06:00:24Z,9167377564,explore,top-earning,286,11193
2026-10-08T06:00:24Z,10268960646,explore,top-earning,287,1097
2026-10-08T06:00:24Z,10593319486,explore,top-earning,288,796
2026-10-08T06:00:24Z,4673599750,explore,top-earning,289,2457
2026-10-08T06:00:24Z,10761687472,explore,top-earning,290,3183
2026-10-08T06:00:24Z,8719555347,explore,top-earning,291,6861
2026-10-08T06:00:24Z,10764404786,explore,top-earning,292,1709
2026-10-08T06:00:24Z,7450497506,explore,top-earning,293,1516
2026-10-08T06:00:24Z,2350840700,explore,top-earning,294,447
2026-10-08T06:00:24Z,7738524573,explore,top-earning,295,998
2026-10-08T06:00:24Z,9511454418,explore,top-earning,296,758
2026-10-08T06:00:24Z,3012965062,explore,top-earning,297,1856
2026-10-08T06:00:24Z,7665084235,explore,top-earning,298,239
2026-10-08T06:00:24Z,892043755,explore,top-earning,299,2178
2026-10-08T06:00:24Z,21164849,explore,top-earning,300,2204
2026-10-08T06:00:24Z,10730414817,explore,top-earning,301,597
2026-10-08T06:00:24Z,10439568447,explore,top-earning,302,1688
2026-10-08T06:00:24Z,10768462078,explore,top-earning,303,1429
2026-10-08T06:00:24Z,10393438342,explore,top-earning,304,2769
2026-10-08T06:00:24Z,10761143648,explore,top-earning,305,990
2026-10-08T06:00:24Z,3457700596,explore,top-earning,306,1862
2026-10-08T06:00:24Z,9965411707,explore,top-earning,307,3079
2026-10-08T06:00:24Z,7178032757,explore,top-earning,308,4866
2026-10-08T06:00:24Z,8356066619,explore,top-earning,309,1935
2026-10-08T06:00:24Z,7750955984,explore,top-earning,310,800
2026-10-08T06:00:24Z,10153098880,explore,top-earning,311,1611
2026-10-08T06:00:24Z,6324644175,explore,top-earning,312,2850
2026-10-08T06:00:24Z,358276974,explore,top-earning,313,1803
2026-10-08T06:00:24Z,10310999762,explore,top-earning,314,5118
2026-10-08T06:00:24Z,9442472087,explore,top-earning,315,363
2026-10-08T06:00:24Z,10589388621,explore,top-earning,316,308
2026-10-08T06:00:24Z,10209534490,explore,top-earning,317,2158
2026-10-08T06:00:24Z,10759594563,explore,top-earning,318,1364
2026-10-08T06:00:24Z,6786784563,explore,top-earning,319,747
2026-10-08T06:00:24Z,6466404775,explore,top-earning,320,2805
2026-10-08T06:00:24Z,10759430423,explore,top-earning,321,2531
2026-10-08T06:00:24Z,2936053166,explore,top-earning,322,9822
2026-10-08T06:00:24Z,9978329815,explore,top-earning,323,12378
2026-10-08T06:00:24Z,10765190004,explore,top-earning,324,3873
2026-10-08T06:00:24Z,10665420648,explore,top-earning,325,6079
2026-10-08T06:00:24Z,10764533320,explore,top-earning,326,1948
2026-10-08T06:00:24Z,7761516673,explore,top-earning,327,340
2026-10-08T06:00:24Z,10212081143,explore,top-earning,328,405
2026-10-08T06:00:24Z,10572887321,explore,top-earning,329,1758
2026-10-08T06:00:24Z,98839997,explore,top-earning,330,184
2026-10-08T06:00:24Z,10471583973,explore,top-earning,331,1615
2026-10-08T06:00:24Z,5829613337,explore,top-earning,332,1588
2026-10-08T06:00:24Z,372226183,explore,top-earning,333,6877
2026-10-08T06:00:24Z,7101140819,explore,top-earning,334,430
2026-10-08T06:00:24Z,10631775021,explore,top-earning,335,1806
2026-10-08T06:00:24Z,6026405541,explore,top-earning,336,674
2026-10-08T06:00:24Z,4079077350,explore,top-earning,337,488
2026-10-08T06:00:24Z,3808223175,explore,top-earning,338,657
2026-10-08T06:00:24Z,911750776,explore,top-earning,339,2242
2026-10-08T06:00:24Z,10764479526,explore,top-earning,340,4589
2026-10-08T06:00:24Z,10326559245,explore,top-earning,341,590
2026-10-08T06:00:24Z,10561166339,explore,top-earning,342,6339
2026-10-08T06:00:24Z,10628526114,explore,top-earning,343,1739
2026-10-08T06:00:24Z,10508386614,explore,top-earning,344,348
2026-10-08T06:00:24Z,10485201326,explore,top-earning,345,1429
2026-10-08T06:00:24Z,9584946743,explore,top-earning,346,2856
2026-10-08T06:00:24Z,10667860714,explore,top-earning,347,305
2026-10-08T06:00:24Z,10514223296,explore,top-earning,348,953
2026-10-08T06:00:24Z,10524813259,explore,top-earning,349,1771
2026-10-08T06:00:24Z,10767240772,explore,top-earning,350,3730
2026-10-08T06:00:24Z,10762757054,explore,top-earning,351,3966
2026-10-08T06:00:24Z,9908641400,explore,top-earning,352,2071
2026-10-08T06:00:24Z,10445832507,explore,top-earning,353,490
2026-10-08T06:00:24Z,2668101271,explore,top-earning,354,19852
2026-10-08T06:00:24Z,10766494202,explore,top-earning,355,249
2026-10-08T06:00:24Z,10138624079,explore,top-earning,356,3798
2026-10-08T06:00:24Z,6329693946,explore,top-earning,357,726
2026-10-08T06:00:24Z,10766056678,explore,top-earning,358,19029
2026-10-08T06:00:24Z,10463578886,explore,top-earning,359,642
2026-10-08T06:00:24Z,9067401541,explore,top-earning,360,336
2026-10-08T06:00:24Z,4582358979,explore,top-earning,361,1428
2026-10-08T06:00:24Z,10648820673,explore,top-earning,362,6102
2026-10-08T06:00:24Z,10759478428,explore,top-earning,363,2602
2026-10-08T06:00:24Z,10539411000,explore,top-earning,364,8495
2026-10-08T06:00:24Z,7414497778,explore,top-earning,365,971
2026-10-08T06:00:24Z,10603011269,explore,top-earning,366,1131
2026-10-08T06:00:24Z,9098570654,explore,top-earning,367,5220
2026-10-08T06:00:24Z,4778845442,explore,top-earning,368,2473
2026-10-08T06:00:24Z,3512256796,explore,top-earning,369,1458
2026-10-08T06:00:24Z,10765686447,explore,top-earning,370,9403
2026-10-08T06:00:24Z,2822776643,explore,top-earning,371,2707
2026-10-08T06:00:24Z,8841437826,explore,top-earning,372,1232
2026-10-08T06:00:24Z,9150731899,explore,top-earning,373,921
2026-10-08T06:00:24Z,98929893,explore,top-earning,374,856
2026-10-08T06:00:24Z,8964956538,explore,top-earning,375,1354
2026-10-08T06:00:24Z,8946565814,explore,top-earning,376,2163
2026-10-08T06:00:24Z,1720936166,explore,top-earning,377,1905
2026-10-08T06:00:24Z,9348272796,explore,top-earning,378,4566
2026-10-08T06:00:24Z,6170143659,explore,top-earning,379,2434
2026-10-08T06:00:24Z,1165835263,explore,top-earning,380,181
2026-10-08T06:00:24Z,1087859240,explore,top-earning,381,935
2026-10-08T06:00:24Z,1531130248,explore,top-earning,382,1158
2026-10-08T06:00:24Z,10761375938,explore,top-earning,383,1385
2026-10-08T06:00:24Z,10226261982,explore,top-earning,384,3877
2026-10-08T06:00:24Z,10455462279,explore,top-earning,385,1382
2026-10-08T06:00:24Z,10764967952,explore,top-earning,386,298
2026-10-08T06:00:24Z,2324662457,explore,top-earning,387,1524
2026-10-08T06:00:24Z,1709917610,explore,top-earning,388,915
2026-10-08T06:00:24Z,6770632849,explore,top-earning,389,420
2026-10-08T06:00:24Z,7108384194,explore,top-earning,390,5188
2026-10-08T06:00:24Z,7488668004,explore,top-earning,391,5295
2026-10-08T06:00:24Z,10619854384,explore,top-earning,392,641
2026-10-08T06:00:24Z,4785982047,explore,top-earning,393,661
2026-10-08T06:00:24Z,10764897725,explore,top-earning,394,12831
2026-10-08T06:00:24Z,10764297006,explore,top-earning,395,2381
2026-10-08T06:00:24Z,10398947938,explore,top-earning,396,435
2026-10-08T06:00:24Z,10410945205,explore,top-earning,397,1835
2026-10-08T06:00:24Z,10626746750,explore,top-earning,398,349
2026-10-08T06:00:24Z,6619936488,explore,top-earning,399,1382
2026-10-08T06:00:24Z,8360491918,explore,top-earning,400,516
2026-10-08T06:00:24Z,3258251641,explore,top-earning,401,251
2026-10-08T06:00:24Z,2092410051,explore,top-earning,402,898
2026-10-08T06:00:24Z,2640407187,explore,top-earning,403,3224
2026-10-08T06:00:24Z,8497987845,explore,top-earning,404,1023
2026-10-08T06:00:24Z,10698216738,explore,top-earning,405,2134
2026-10-08T06:00:24Z,10187294555,explore,top-earning,406,1407
2026-10-08T06:00:24Z,10529067596,explore,top-earning,407,1122
2026-10-08T06:00:24Z,3170483284,explore,top-earning,408,193
2026-10-08T06:00:24Z,10074335448,explore,top-earning,409,447
2026-10-08T06:00:24Z,10324001605,explore,top-earning,410,2045
2026-10-08T06:00:24Z,10612017628,explore,top-earning,411,2443
2026-10-08T06:00:24Z,1312971993,explore,top-earning,412,1524
2026-10-08T06:00:24Z,10681914462,explore,top-earning,413,7091
2026-10-08T06:00:24Z,1001911915,explore,top-earning,414,671
2026-10-08T06:00:24Z,6275120808,explore,top-earning,415,604
2026-10-08T06:00:24Z,1775919872,explore,top-earning,416,389
2026-10-08T06:00:24Z,5972059550,explore,top-earning,417,1392
2026-10-08T06:00:24Z,10766257839,explore,top-earning,418,620
2026-10-08T06:00:24Z,10503838245,explore,top-earning,419,300
2026-10-08T06:00:24Z,7671049560,explore,top-earning,420,1001
2026-10-08T06:00:24Z,10415694629,explore,top-earning,421,3337
2026-10-08T06:00:24Z,9162763535,explore,top-earning,422,945
2026-10-08T06:00:24Z,10522766429,explore,top-earning,423,164
2026-10-08T06:00:24Z,8246907060,explore,top-earning,424,700
2026-10-08T06:00:24Z,1393178180,explore,top-earning,425,177
2026-10-08T06:00:24Z,9112256336,explore,top-earning,426,537
2026-10-08T06:00:24Z,9996384072,explore,top-earning,427,879
2026-10-08T06:00:24Z,10556383571,explore,top-earning,428,878
2026-10-08T06:00:24Z,10590260635,explore,top-earning,429,1353
2026-10-08T06:00:24Z,10767408330,explore,top-earning,430,21469
2026-10-08T06:00:24Z,10299762956,explore,top-earning,431,561
2026-10-08T06:00:24Z,10425789398,explore,top-earning,432,417
2026-10-08T06:00:24Z,10765279487,explore,top-earning,433,945
2026-10-08T06:00:24Z,8198412649,explore,top-earning,434,650
2026-10-08T06:00:24Z,6272727021,explore,top-earning,435,1466
2026-10-08T06:00:24Z,9141743926,explore,top-earning,436,2584
2026-10-08T06:00:24Z,7882785167,explore,top-earning,437,1229
2026-10-08T06:00:24Z,5576955991,explore,top-earning,438,659
2026-10-08T06:00:24Z,2644656496,explore,top-earning,439,737
2026-10-08T06:00:24Z,7274244096,explore,top-earning,440,2838
2026-10-08T06:00:24Z,10759518799,explore,top-earning,441,2279
2026-10-08T06:00:24Z,9751615286,explore,top-earning,442,208
2026-10-08T06:00:24Z,10514280922,explore,top-earning,443,563
2026-10-08T06:00:24Z,3168615253,explore,top-earning,444,579
2026-10-08T06:00:24Z,8269273068,explore,top-earning,445,303
2026-10-08T06:00:24Z,10223976219,explore,top-earning,446,2447
2026-10-08T06:00:24Z,10171934713,explore,top-earning,447,1280
2026-10-08T06:00:24Z,10466601694,explore,top-earning,448,568
2026-10-08T06:00:24Z,97314177,explore,top-earning,449,658
2026-10-08T06:00:24Z,1198533421,explore,top-earning,450,572
2026-10-08T06:00:24Z,9219838330,explore,top-earning,451,296
2026-10-08T06:00:24Z,5091490171,explore,top-earning,452,867
2026-10-08T06:00:24Z,3365661357,explore,top-earning,453,397
2026-10-08T06:00:24Z,3308103880,explore,top-earning,454,3099
2026-10-08T06:00:24Z,10741302505,explore,top-earning,455,1289
2026-10-08T06:00:24Z,10399524075,explore,top-earning,456,272
2026-10-08T06:00:24Z,6069634717,explore,top-earning,457,1156
2026-10-08T06:00:24Z,9949288829,explore,top-earning,458,513
2026-10-08T06:00:24Z,16680835,explore,top-earning,459,2235
2026-10-08T06:00:24Z,10764332301,explore,top-earning,460,396
2026-10-08T06:00:24Z,10757704931,explore,top-earning,461,3512
2026-10-08T06:00:24Z,10765799968,explore,top-earning,462,336
2026-10-08T06:00:24Z,10404293465,explore,top-earning,463,122
2026-10-08T06:00:24Z,4666414595,explore,top-earning,464,264
2026-10-08T06:00:24Z,1958807588,explore,top-earning,465,161
2026-10-08T06:00:24Z,10411998017,explore,top-earning,466,991
2026-10-08T06:00:24Z,10241783978,explore,top-earning,467,329
2026-10-08T06:00:24Z,10144280947,explore,top-earning,468,3415
2026-10-08T06:00:24Z,10642702105,explore,top-earning,469,420
2026-10-08T06:00:24Z,6443367640,explore,top-earning,470,4638
2026-10-08T06:00:24Z,3240075297,explore,top-earning,471,13472
2026-10-08T06:00:24Z,7843413523,explore,top-earning,472,1105
2026-10-08T06:00:24Z,1946714362,explore,top-paid-access,1,1108
2026-10-08T06:00:24Z,3747388906,explore,top-paid-access,2,541
2026-10-08T06:00:24Z,2350840700,explore,top-paid-access,3,447
2026-10-08T06:00:24Z,10766694698,explore,top-paid-access,4,6
2026-10-08T06:00:24Z,10582993047,explore,top-paid-access,5,34
2026-10-08T06:00:24Z,1087859240,explore,top-paid-access,6,935
2026-10-08T06:00:24Z,9549894418,explore,top-paid-access,7,79
2026-10-08T06:00:24Z,5851294352,explore,top-paid-access,8,219
2026-10-08T06:00:24Z,9320646231,explore,top-paid-access,9,55
2026-10-08T06:00:24Z,10425789398,explore,top-paid-access,10,417
2026-10-08T06:00:24Z,6942586315,explore,top-paid-access,11,4
2026-10-08T06:00:24Z,10007567876,explore,top-paid-access,12,36
2026-10-08T06:00:24Z,5383076404,explore,top-paid-access,13,18
2026-10-08T06:00:24Z,10452420697,explore,top-paid-access,14,43
2026-10-08T06:00:24Z,10440909815,explore,top-paid-access,15,24
2026-10-08T06:00:24Z,5497606909,explore,top-paid-access,16,217
2026-10-08T06:00:24Z,2254119010,explore,top-paid-access,17,79
2026-10-08T06:00:24Z,5286749994,explore,top-paid-access,18,112
2026-10-08T06:00:24Z,7587104675,explore,top-paid-access,19,24
2026-10-08T06:00:24Z,10282569694,explore,top-paid-access,20,4
2026-10-08T06:00:24Z,659118871,explore,top-paid-access,21,9
2026-10-08T06:00:24Z,7949002987,explore,top-paid-access,22,18
2026-10-08T06:00:24Z,5316084314,explore,top-paid-access,23,72
2026-10-08T06:00:24Z,5841858050,explore,top-paid-access,24,44
2026-10-08T06:00:24Z,10684538441,explore,top-paid-access,25,7
2026-10-08T06:00:24Z,7448488942,explore,top-paid-access,26,6
2026-10-08T06:00:24Z,2416015385,explore,top-paid-access,27,37
2026-10-08T06:00:24Z,10253700254,explore,top-paid-access,28,7
2026-10-08T06:00:24Z,1467077046,explore,top-paid-access,29,1
2026-10-08T06:00:24Z,10743170026,explore,top-paid-access,30,12
2026-10-08T06:00:24Z,4064537489,explore,top-paid-access,31,2
2026-10-08T06:00:24Z,8527834040,explore,top-paid-access,32,3
2026-10-08T06:00:24Z,4289890765,explore,top-paid-access,33,37
2026-10-08T06:00:24Z,4373521124,explore,top-paid-access,34,21
2026-10-08T06:00:24Z,8214342832,explore,top-paid-access,35,5
2026-10-08T06:00:24Z,324740367,explore,top-paid-access,36,50
2026-10-08T06:00:24Z,85651869,explore,top-paid-access,37,12
2026-10-08T06:00:24Z,4171073930,explore,top-paid-access,38,
2026-10-08T06:00:24Z,4905293690,explore,top-paid-access,39,1
2026-10-08T06:00:24Z,3219540889,explore,top-paid-access,40,3
2026-10-08T06:00:24Z,10009533319,explore,top-paid-access,41,12
2026-10-08T06:00:24Z,5364600678,explore,top-paid-access,42,10
2026-10-08T06:00:24Z,1147796911,explore,top-paid-access,43,8
2026-10-08T06:00:24Z,1579747797,explore,top-paid-access,44,10
2026-10-08T06:00:24Z,6497846997,explore,top-paid-access,45,2
2026-10-08T06:00:24Z,10764693801,explore,top-paid-access,46,1
2026-10-08T06:00:24Z,6820035296,explore,top-paid-access,47,
2026-10-08T06:00:24Z,242453665,explore,top-paid-access,48,5
2026-10-08T06:00:24Z,7273185020,explore,top-paid-access,49,
2026-10-08T06:00:24Z,5721900060,explore,top-paid-access,50,
2026-10-08T06:00:24Z,3696887823,explore,top-paid-access,51,
2026-10-08T06:00:24Z,152631806,explore,top-paid-access,52,1
2026-10-08T06:00:24Z,2929752024,explore,top-paid-access,53,5
2026-10-08T06:00:24Z,2535080489,explore,top-paid-access,54,
2026-10-08T06:00:24Z,1663370770,explore,top-paid-access,55,24
2026-10-08T06:00:24Z,3229518631,explore,top-paid-access,56,
2026-10-08T06:00:24Z,10485072019,explore,top-paid-access,57,
2026-10-08T06:00:24Z,7674516670,explore,top-paid-access,58,
2026-10-08T06:00:24Z,10475919483,explore,top-paid-access,59,
2026-10-08T06:00:24Z,1250803741,explore,top-paid-access,60,3
2026-10-08T06:00:24Z,7134571356,explore,top-paid-access,61,
2026-10-08T06:00:24Z,1184233856,explore,top-paid-access,62,4
2026-10-08T06:00:24Z,2610672811,explore,top-paid-access,63,
2026-10-08T06:00:24Z,5553771095,explore,top-paid-access,64,
2026-10-08T06:00:24Z,3827656431,explore,top-paid-access,65,
2026-10-08T06:00:24Z,3211189518,explore,top-paid-access,66,1
2026-10-08T06:00:24Z,5210666193,explore,top-paid-access,67,10
2026-10-08T06:00:24Z,3087415864,explore,top-paid-access,68,
2026-10-08T06:00:24Z,9578166823,explore,top-paid-access,69,
2026-10-08T06:00:24Z,3700393331,explore,top-paid-access,70,13
2026-10-08T06:00:24Z,9571642997,explore,top-paid-access,71,
2026-10-08T06:00:24Z,10209534490,explore,top-rated,1,2158
2026-10-08T06:00:24Z,7028566528,explore,top-rated,2,5765
2026-10-08T06:00:24Z,4785982047,explore,top-rated,3,679
2026-10-08T06:00:24Z,10249209189,explore,top-rated,4,653
2026-10-08T06:00:24Z,10708913337,explore,top-rated,5,55197
2026-10-08T06:00:24Z,5800312217,explore,top-rated,6,193
2026-10-08T06:00:24Z,7703614594,explore,top-rated,7,3371
2026-10-08T06:00:24Z,7703544118,explore,top-rated,8,299
2026-10-08T06:00:24Z,7798947148,explore,top-rated,9,634
2026-10-08T06:00:24Z,10144280947,explore,top-rated,10,3415
2026-10-08T06:00:24Z,7848646653,explore,top-rated,11,316
2026-10-08T06:00:24Z,9091133975,explore,top-rated,12,2744
2026-10-08T06:00:24Z,3608732146,explore,top-rated,13,83
2026-10-08T06:00:24Z,5578556129,explore,top-rated,14,22234
2026-10-08T06:00:24Z,2644656496,explore,top-rated,15,736
2026-10-08T06:00:24Z,10081194651,explore,top-rated,16,497
2026-10-08T06:00:24Z,10368005384,explore,top-rated,17,464
2026-10-08T06:00:24Z,2655311011,explore,top-rated,18,310
2026-10-08T06:00:24Z,10039338037,explore,top-rated,19,204
2026-10-08T06:00:24Z,7640282930,explore,top-rated,20,58
2026-10-08T06:00:24Z,5595353122,explore,top-rated,21,50950
2026-10-08T06:00:24Z,9362896961,explore,top-rated,22,3411
2026-10-08T06:00:24Z,9970645639,explore,top-rated,23,6251
2026-10-08T06:00:24Z,6594435384,explore,top-rated,24,505
2026-10-08T06:00:24Z,9145063979,explore,top-rated,25,7323
2026-10-08T06:00:24Z,10253446435,explore,top-rated,26,760
2026-10-08T06:00:24Z,6925369391,explore,top-rated,27,162
2026-10-08T06:00:24Z,10561352230,explore,top-rated,28,914
2026-10-08T06:00:24Z,6925303818,explore,top-rated,29,530
2026-10-08T06:00:24Z,9168386959,explore,top-rated,30,84
2026-10-08T06:00:24Z,9584852943,explore,top-rated,31,41088
2026-10-08T06:00:24Z,8786713187,explore,top-rated,32,596
2026-10-08T06:00:24Z,4795326392,explore,top-rated,33,427
2026-10-08T06:00:24Z,10440833423,explore,top-rated,34,2302
2026-10-08T06:00:24Z,10067258922,explore,top-rated,35,2470
2026-10-08T06:00:24Z,9792947201,explore,top-rated,36,341
2026-10-08T06:00:24Z,4793836769,explore,top-rated,37,2580
2026-10-08T06:00:24Z,7629884826,explore,top-rated,38,124
2026-10-08T06:00:24Z,8937254139,explore,top-rated,39,1518
2026-10-08T06:00:24Z,7474367816,explore,top-rated,40,3281
2026-10-08T06:00:24Z,9910245722,explore,top-rated,41,2679
2026-10-08T06:00:24Z,9155036056,explore,top-rated,42,746
2026-10-08T06:00:24Z,6052033819,explore,top-rated,43,173
2026-10-08T06:00:24Z,10376944238,explore,top-rated,44,2100
2026-10-08T06:00:24Z,3808223175,explore,top-rated,45,657
2026-10-08T06:00:24Z,9893515490,explore,top-rated,46,198
2026-10-08T06:00:24Z,8214054500,explore,top-rated,47,494
2026-10-08T06:00:24Z,6325068386,explore,top-rated,48,8067
2026-10-08T06:00:24Z,6945584306,explore,top-rated,49,4624
2026-10-08T06:00:24Z,6720585148,explore,top-rated,50,52
2026-10-08T06:00:24Z,9141743926,explore,top-rated,51,2584
2026-10-08T06:00:24Z,8659262047,explore,top-rated,52,852
2026-10-08T06:00:24Z,10336278580,explore,top-rated,53,1698
2026-10-08T06:00:24Z,7074860883,explore,top-rated,54,257
2026-10-08T06:00:24Z,7332711118,explore,top-rated,55,1585
2026-10-08T06:00:24Z,8572854650,explore,top-rated,56,304
2026-10-08T06:00:24Z,9051406594,explore,top-rated,57,5348
2026-10-08T06:00:24Z,8283159479,explore,top-rated,58,53
2026-10-08T06:00:24Z,7618444254,explore,top-rated,59,69
2026-10-08T06:00:24Z,9382839773,explore,top-rated,60,1552
2026-10-08T06:00:24Z,9167377564,explore,top-rated,61,11263
2026-10-08T06:00:24Z,9619492068,explore,top-rated,62,108
2026-10-08T06:00:24Z,7332812970,explore,top-rated,63,164
2026-10-08T06:00:24Z,9754968779,explore,top-rated,64,213
2026-10-08T06:00:24Z,10173311467,explore,top-rated,65,5988
2026-10-08T06:00:24Z,4518160318,explore,top-rated,66,2146
2026-10-08T06:00:24Z,9384605736,explore,top-rated,67,490
2026-10-08T06:00:24Z,5166944221,explore,top-rated,68,3564
2026-10-08T06:00:24Z,9294646427,explore,top-rated,69,696
2026-10-08T06:00:24Z,5972059550,explore,top-rated,70,1392
2026-10-08T06:00:24Z,6216468795,explore,top-rated,71,107
2026-10-08T06:00:24Z,9793308933,explore,top-rated,72,646
2026-10-08T06:00:24Z,5295169598,explore,top-rated,73,314
2026-10-08T06:00:24Z,9485131494,explore,top-rated,74,893
2026-10-08T06:00:24Z,5866227438,explore,top-rated,75,1052
2026-10-08T06:00:24Z,6161049307,explore,top-rated,76,1426
2026-10-08T06:00:24Z,8218591943,explore,top-rated,77,34
2026-10-08T06:00:24Z,10338952197,explore,top-rated,78,3837
2026-10-08T06:00:24Z,6935083490,explore,top-rated,79,615
2026-10-08T06:00:24Z,3476371299,explore,top-rated,80,273
2026-10-08T06:00:24Z,3608594708,explore,top-rated,81,877
2026-10-08T06:00:24Z,3655030699,explore,top-rated,82,59
2026-10-08T06:00:24Z,3494556606,explore,top-rated,83,271
2026-10-08T06:00:24Z,6682487255,explore,top-rated,84,5056
2026-10-08T06:00:24Z,10253235584,explore,top-rated,85,1228
2026-10-08T06:00:24Z,9837612476,explore,top-rated,86,6391
2026-10-08T06:00:24Z,10452740285,explore,top-rated,87,1693
2026-10-08T06:00:24Z,9929086116,explore,top-rated,88,193
2026-10-08T06:00:24Z,6215986499,explore,top-rated,89,556
2026-10-08T06:00:24Z,7076793942,explore,top-rated,90,137
2026-10-08T06:00:24Z,10516888336,explore,top-rated,91,559
2026-10-08T06:00:24Z,10168229420,explore,top-rated,92,203
2026-10-08T06:00:24Z,7373459570,explore,top-rated,93,1087
2026-10-08T06:00:24Z,9784883402,explore,top-rated,94,103
2026-10-08T06:00:24Z,10219827882,explore,top-rated,95,360
2026-10-08T06:00:24Z,10051853469,explore,top-rated,96,333
2026-10-08T06:00:24Z,601130232,explore,top-rated,97,23539
2026-10-08T06:00:24Z,5170731021,explore,top-rated,98,434
2026-10-08T06:00:24Z,7113705633,explore,top-rated,99,167
2026-10-08T06:00:24Z,9186719164,explore,top-rated,100,1253
2026-10-08T06:00:24Z,10563114921,explore,most-popular,1,1184394
2026-10-08T06:00:24Z,6035872082,explore,most-popular,2,67207
2026-10-08T06:00:24Z,3508322461,explore,most-popular,3,65014
2026-10-08T06:00:24Z,66654135,explore,most-popular,4,91511
2026-10-08T06:00:24Z,10764627709,explore,most-popular,5,53395
2026-10-08T06:00:24Z,994732206,explore,most-popular,6,122049
2026-10-08T06:00:24Z,2711375305,explore,most-popular,7,38371
2026-10-08T06:00:24Z,383310974,explore,most-popular,8,125026
2026-10-08T06:00:24Z,10035204815,explore,most-popular,9,73280
2026-10-08T06:00:24Z,1686885941,explore,most-popular,10,177527
2026-10-08T06:00:24Z,2440500124,explore,most-popular,11,20338
2026-10-08T06:00:24Z,9534705677,explore,most-popular,12,15383
2026-10-08T06:00:24Z,9584852943,explore,most-popular,13,41079
2026-10-08T06:00:24Z,3808081382,explore,most-popular,14,32065
2026-10-08T06:00:24Z,5595353122,explore,most-popular,15,50891
2026-10-08T06:00:24Z,7326934954,explore,most-popular,16,120365
2026-10-08T06:00:24Z,703124385,explore,most-popular,17,19478
2026-10-08T06:00:24Z,10685282333,explore,most-popular,18,21280
2026-10-08T06:00:24Z,5569032992,explore,most-popular,19,70404
2026-10-08T06:00:24Z,7709344486,explore,most-popular,20,82180
2026-10-08T06:00:24Z,6931042565,explore,most-popular,21,29042
2026-10-08T06:00:24Z,10155360168,explore,most-popular,22,23438
2026-10-08T06:00:24Z,5750914919,explore,most-popular,23,48924
2026-10-08T06:00:24Z,6331902150,explore,most-popular,24,30104
2026-10-08T06:00:24Z,5203828273,explore,most-popular,25,24375
2026-10-08T06:00:24Z,3647333358,explore,most-popular,26,26270
2026-10-08T06:00:24Z,4777817887,explore,most-popular,27,10247
2026-10-08T06:00:24Z,10624691669,explore,most-popular,28,5736
2026-10-08T06:00:24Z,10765288803,explore,most-popular,29,85869
2026-10-08T06:00:24Z,7633926880,explore,most-popular,30,5821
2026-10-08T06:00:24Z,10634461028,explore,most-popular,31,4002
2026-10-08T06:00:24Z,10684750879,explore,most-popular,32,28602
2026-10-08T06:00:24Z,4750561026,explore,most-popular,33,4504
2026-10-08T06:00:24Z,5995470825,explore,most-popular,34,13207
2026-10-08T06:00:24Z,10764613327,explore,most-popular,35,2122
2026-10-08T06:00:24Z,10665420648,explore,most-popular,36,6079
2026-10-08T06:00:24Z,2619619496,explore,most-popular,37,13010
2026-10-08T06:00:24Z,10258991999,explore,most-popular,38,14333
2026-10-08T06:00:24Z,10512942223,explore,most-popular,39,22029
2026-10-08T06:00:24Z,10765012427,explore,most-popular,40,9311
2026-10-08T06:00:24Z,10756011174,explore,most-popular,41,8998
2026-10-08T06:00:24Z,6739698191,explore,most-popular,42,44087
2026-10-08T06:00:24Z,10173311467,explore,most-popular,43,5988
2026-10-08T06:00:24Z,10765298801,explore,most-popular,44,22219
2026-10-08T06:00:24Z,10708913337,explore,most-popular,45,54782
2026-10-08T06:00:24Z,7219654364,explore,most-popular,46,20338
2026-10-08T06:00:24Z,10673920146,explore,most-popular,47,6573
2026-10-08T06:00:24Z,10762388019,explore,most-popular,48,3464
2026-10-08T06:00:24Z,7398552394,explore,most-popular,49,4493
2026-10-08T06:00:24Z,10148749921,explore,most-popular,50,18334
2026-10-08T06:00:24Z,10766056678,explore,most-popular,51,19029
2026-10-08T06:00:24Z,10090256806,explore,most-popular,52,1676
2026-10-08T06:00:24Z,9294074907,explore,most-popular,53,8950
2026-10-08T06:00:24Z,10759518799,explore,most-popular,54,2279
2026-10-08T06:00:24Z,10767012496,explore,most-popular,55,2450
2026-10-08T06:00:24Z,2668101271,explore,most-popular,56,19760
2026-10-08T06:00:24Z,1202096104,explore,most-popular,57,14264
2026-10-08T06:00:24Z,9641502068,explore,most-popular,58,6380
2026-10-08T06:00:24Z,1176784616,explore,most-popular,59,6638
2026-10-08T06:00:24Z,10766687030,explore,most-popular,60,1934
2026-10-08T06:00:24Z,111958650,explore,most-popular,61,2017
2026-10-08T06:00:24Z,10765582175,explore,most-popular,62,10674
2026-10-08T06:00:24Z,7395930870,explore,most-popular,63,7134
2026-10-08T06:00:24Z,10766506199,explore,most-popular,64,8643
2026-10-08T06:00:24Z,578392296,explore,most-popular,65,11472
2026-10-08T06:00:24Z,10436530264,explore,most-popular,66,16834
2026-10-08T06:00:24Z,10526463655,explore,most-popular,67,3129
2026-10-08T06:00:24Z,10766390665,explore,most-popular,68,1375
2026-10-08T06:00:24Z,10744310825,explore,most-popular,69,8280
2026-10-08T06:00:24Z,4983034985,explore,most-popular,70,5260
2026-10-08T06:00:24Z,6325068386,explore,most-popular,71,8067
2026-10-08T06:00:24Z,210851291,explore,most-popular,72,6629
2026-10-08T06:00:24Z,1516533665,explore,most-popular,73,6574
2026-10-08T06:00:24Z,10765751583,explore,most-popular,74,1582
2026-10-08T06:00:24Z,10764640833,explore,most-popular,75,1798
2026-10-08T06:00:24Z,6945584306,explore,most-popular,76,4624
2026-10-08T06:00:24Z,10761687472,explore,most-popular,77,3265
2026-10-08T06:00:24Z,7585140258,explore,most-popular,78,7226
2026-10-08T06:00:24Z,88070565,explore,most-popular,79,8867
2026-10-08T06:00:24Z,10741654282,explore,most-popular,80,14254
2026-10-08T06:00:24Z,245662005,explore,most-popular,81,4016
2026-10-08T06:00:24Z,9891331827,explore,most-popular,82,3792
2026-10-08T06:00:24Z,113491250,explore,most-popular,83,1736
2026-10-08T06:00:24Z,9561553764,explore,most-popular,84,6749
2026-10-08T06:00:24Z,65241,explore,most-popular,85,4857
2026-10-08T06:00:24Z,10765951887,explore,most-popular,86,1047
2026-10-08T06:00:24Z,4730278139,explore,most-popular,87,8331
2026-10-08T06:00:24Z,601130232,explore,most-popular,88,23539
2026-10-08T06:00:24Z,10765686447,explore,most-popular,89,9403
2026-10-08T06:00:24Z,9837612476,explore,most-popular,90,6448
2026-10-08T06:00:24Z,1016936714,explore,most-popular,91,4096
2026-10-08T06:00:24Z,3317771874,explore,most-popular,92,50358
2026-10-08T06:00:24Z,10282097014,explore,most-popular,93,13448
2026-10-08T06:00:24Z,1831550657,explore,most-popular,94,10675
2026-10-08T06:00:24Z,10415694629,explore,most-popular,95,3337
2026-10-08T06:00:24Z,372226183,explore,most-popular,96,6749
2026-10-08T06:00:24Z,9931749389,explore,most-popular,97,4938
2026-10-08T06:00:24Z,10667357873,explore,most-popular,98,5875
2026-10-08T06:00:24Z,5578556129,explore,most-popular,99,22234
2026-10-08T06:00:24Z,10766442514,explore,try-build-games,1,1
2026-10-08T06:00:24Z,10766357013,explore,try-build-games,2,12
2026-10-08T06:00:24Z,10612995138,explore,try-build-games,3,7
2026-10-08T06:00:24Z,6919822640,explore,trending-music-experiences,1,135
2026-10-08T06:00:24Z,6596003198,explore,trending-music-experiences,2,131
2026-10-08T06:00:24Z,6983536246,explore,trending-music-experiences,3,344
2026-10-08T06:00:24Z,7307246329,explore,trending-music-experiences,4,258
2026-10-08T06:00:24Z,6957393054,explore,trending-music-experiences,5,8
2026-10-08T06:00:24Z,1917762467,explore,trending-music-experiences,6,10
2026-10-08T06:00:24Z,7430288939,explore,trending-music-experiences,7,117
2026-10-08T06:00:24Z,7893515528,explore,trending-music-experiences,8,88
2026-10-08T06:00:24Z,7113599041,explore,trending-music-experiences,9,116
2026-10-08T06:00:24Z,7411615879,explore,trending-music-experiences,10,328
2026-10-08T06:00:24Z,3232838484,explore,trending-music-experiences,11,222
2026-10-08T06:00:24Z,8058628992,explore,trending-music-experiences,12,251
2026-10-08T06:00:24Z,6273901846,explore,trending-music-experiences,13,19
2026-10-08T06:00:24Z,6970074970,explore,trending-music-experiences,14,20
2026-10-08T06:00:24Z,648454481,explore,trending-in-rpg,1,14489
2026-10-08T06:00:24Z,9891331827,explore,trending-in-rpg,2,3867
2026-10-08T06:00:24Z,1946714362,explore,trending-in-rpg,3,1108
2026-10-08T06:00:24Z,3110388936,explore,trending-in-rpg,4,1886
2026-10-08T06:00:24Z,6161049307,explore,trending-in-rpg,5,1426
2026-10-08T06:00:24Z,9073513091,explore,trending-in-rpg,6,1338
2026-10-08T06:00:24Z,2309918273,explore,trending-in-rpg,7,866
2026-10-08T06:00:24Z,10768462078,explore,trending-in-rpg,8,1429
2026-10-08T06:00:24Z,10743048214,explore,trending-in-rpg,9,2863
2026-10-08T06:00:24Z,1782832995,explore,trending-in-rpg,10,731
2026-10-08T06:00:24Z,7671049560,explore,trending-in-rpg,11,1001
2026-10-08T06:00:24Z,3419284255,explore,trending-in-rpg,12,1655
2026-10-08T06:00:24Z,3756501373,explore,trending-in-rpg,13,1473
2026-10-08T06:00:24Z,380704901,explore,trending-in-rpg,14,472
2026-10-08T06:00:24Z,994732206,explore,trending-in-rpg,15,122553
2026-10-08T06:00:24Z,5595353122,explore,trending-in-rpg,16,50950
2026-10-08T06:00:24Z,1016936714,explore,trending-in-rpg,17,4096
2026-10-08T06:00:24Z,4658598196,explore,trending-in-rpg,18,10605
2026-10-08T06:00:24Z,9931749389,explore,trending-in-rpg,19,4938
2026-10-08T06:00:24Z,1235188606,explore,trending-in-rpg,20,5492
2026-10-08T06:00:24Z,6760085372,explore,trending-in-rpg,21,4438
2026-10-08T06:00:24Z,9880286438,explore,trending-in-rpg,22,6012
2026-10-08T06:00:24Z,1451439645,explore,trending-in-rpg,23,4334
2026-10-08T06:00:24Z,7359962123,explore,trending-in-rpg,24,2064
2026-10-08T06:00:24Z,9910245722,explore,trending-in-rpg,25,2679
2026-10-08T06:00:24Z,9656201728,explore,trending-in-rpg,26,1372
2026-10-08T06:00:24Z,1511883870,explore,trending-in-rpg,27,1782
2026-10-08T06:00:24Z,3164075108,explore,trending-in-rpg,28,1809
2026-10-08T06:00:24Z,7970033072,explore,trending-in-rpg,29,843
2026-10-08T06:00:24Z,6931042565,explore,trending-in-sports-and-racing,1,29133
2026-10-08T06:00:24Z,10767012496,explore,trending-in-sports-and-racing,2,2534
2026-10-08T06:00:24Z,10526463655,explore,trending-in-sports-and-racing,3,3129
2026-10-08T06:00:24Z,10739112966,explore,trending-in-sports-and-racing,4,3122
2026-10-08T06:00:24Z,10643877552,explore,trending-in-sports-and-racing,5,1264
2026-10-08T06:00:24Z,10481791182,explore,trending-in-sports-and-racing,6,978
2026-10-08T06:00:24Z,6925303818,explore,trending-in-sports-and-racing,7,530
2026-10-08T06:00:24Z,10271723279,explore,trending-in-sports-and-racing,8,513
2026-10-08T06:00:24Z,1198533421,explore,trending-in-sports-and-racing,9,572
2026-10-08T06:00:24Z,1719305066,explore,trending-in-sports-and-racing,10,333
2026-10-08T06:00:24Z,4743794878,explore,trending-in-sports-and-racing,11,230
2026-10-08T06:00:24Z,7462622504,explore,trending-in-sports-and-racing,12,120
2026-10-08T06:00:24Z,10155360168,explore,trending-in-sports-and-racing,13,23438
2026-10-08T06:00:24Z,6945584306,explore,trending-in-sports-and-racing,14,4711
2026-10-08T06:00:24Z,6325068386,explore,trending-in-sports-and-racing,15,8067
2026-10-08T06:00:24Z,4949420752,explore,trending-in-sports-and-racing,16,7384
2026-10-08T06:00:24Z,10764640833,explore,trending-in-sports-and-racing,17,1781
2026-10-08T06:00:24Z,7028566528,explore,trending-in-sports-and-racing,18,5765
2026-10-08T06:00:24Z,7883776681,explore,trending-in-sports-and-racing,19,4071
2026-10-08T06:00:24Z,10601155553,explore,trending-in-sports-and-racing,20,1545
2026-10-08T06:00:24Z,4293374620,explore,trending-in-sports-and-racing,21,4611
2026-10-08T06:00:24Z,10370802481,explore,trending-in-sports-and-racing,22,679
2026-10-08T06:00:24Z,184199275,explore,trending-in-sports-and-racing,23,5622
2026-10-08T06:00:24Z,2153167977,explore,trending-in-sports-and-racing,24,609
2026-10-08T06:00:24Z,4931927012,explore,trending-in-sports-and-racing,25,2037
2026-10-08T06:00:24Z,5666473198,explore,trending-in-sports-and-racing,26,1710
2026-10-08T06:00:24Z,9908641400,explore,trending-in-sports-and-racing,27,2071
2026-10-08T06:00:24Z,8181391950,explore,trending-in-sports-and-racing,28,809
2026-10-08T06:00:24Z,10254680421,explore,trending-in-sports-and-racing,29,2205
2026-10-08T06:00:24Z,10764300350,explore,trending-in-sports-and-racing,30,1067
2026-10-08T06:00:24Z,9534705677,explore,trending-in-shooter,1,15383
2026-10-08T06:00:24Z,4342047058,explore,trending-in-shooter,2,7753
2026-10-08T06:00:24Z,113491250,explore,trending-in-shooter,3,1738
2026-10-08T06:00:24Z,10766222230,explore,trending-in-shooter,4,763
2026-10-08T06:00:24Z,10767826343,explore,trending-in-shooter,5,1098
2026-10-08T06:00:24Z,4836254499,explore,trending-in-shooter,6,891
2026-10-08T06:00:24Z,6035872082,explore,trending-in-shooter,7,67207
2026-10-08T06:00:24Z,7633926880,explore,trending-in-shooter,8,5821
2026-10-08T06:00:24Z,4750561026,explore,trending-in-shooter,9,4504
2026-10-08T06:00:24Z,5995470825,explore,trending-in-shooter,10,13207
2026-10-08T06:00:24Z,9641502068,explore,trending-in-shooter,11,6398
2026-10-08T06:00:24Z,10090256806,explore,trending-in-shooter,12,1676
2026-10-08T06:00:24Z,9294074907,explore,trending-in-shooter,13,8950
2026-10-08T06:00:24Z,111958650,explore,trending-in-shooter,14,2017
2026-10-08T06:00:24Z,9561553764,explore,trending-in-shooter,15,6815
2026-10-08T06:00:24Z,3730079862,explore,trending-in-shooter,16,2428
2026-10-08T06:00:24Z,1281592938,explore,trending-in-shooter,17,1948
2026-10-08T06:00:24Z,6583326485,explore,trending-in-shooter,18,1922
2026-10-08T06:00:24Z,7264587281,explore,trending-in-shooter,19,2021
2026-10-08T06:00:24Z,16680835,explore,trending-in-shooter,20,2244
2026-10-08T06:00:24Z,7935634976,explore,trending-in-shooter,21,1380
2026-10-08T06:00:24Z,10031505426,explore,trending-in-shooter,22,2567
2026-10-08T06:00:24Z,10057403337,explore,trending-in-shooter,23,7800
2026-10-08T06:00:24Z,6190071862,explore,trending-in-shooter,24,1272
2026-10-08T06:00:24Z,7265339759,explore,trending-in-shooter,25,519
2026-10-08T06:00:24Z,8795154789,explore,trending-in-shooter,26,1151
2026-10-08T06:00:24Z,115797356,explore,trending-in-shooter,27,306
2026-10-08T06:00:24Z,5421899973,explore,trending-in-shooter,28,1013
2026-10-08T06:00:24Z,10733110573,explore,trending-in-shooter,29,480
2026-10-08T06:00:24Z,3508322461,explore,trending-in-action,1,65014
2026-10-08T06:00:24Z,10764627709,explore,trending-in-action,2,53395
2026-10-08T06:00:24Z,10230942274,explore,trending-in-action,3,4382
2026-10-08T06:00:24Z,10732236937,explore,trending-in-action,4,6744
2026-10-08T06:00:24Z,2765784373,explore,trending-in-action,5,2111
2026-10-08T06:00:24Z,10635348596,explore,trending-in-action,6,2913
2026-10-08T06:00:24Z,3808081382,explore,trending-in-action,7,32065
2026-10-08T06:00:24Z,4777817887,explore,trending-in-action,8,10247
2026-10-08T06:00:24Z,2619619496,explore,trending-in-action,9,13010
2026-10-08T06:00:24Z,10258991999,explore,trending-in-action,10,14333
2026-10-08T06:00:24Z,7219654364,explore,trending-in-action,11,21154
2026-10-08T06:00:24Z,578392296,explore,trending-in-action,12,11428
2026-10-08T06:00:24Z,245662005,explore,trending-in-action,13,4016
2026-10-08T06:00:24Z,4730278139,explore,trending-in-action,14,8331
2026-10-08T06:00:24Z,7585140258,explore,trending-in-action,15,7226
2026-10-08T06:00:24Z,1054526971,explore,trending-in-action,16,2653
2026-10-08T06:00:24Z,9051406594,explore,trending-in-action,17,5348
2026-10-08T06:00:24Z,10399136326,explore,trending-in-action,18,8907
2026-10-08T06:00:24Z,4568630521,explore,trending-in-action,19,2631
2026-10-08T06:00:24Z,73885730,explore,trending-in-action,20,3614
2026-10-08T06:00:24Z,10677698797,explore,trending-in-action,21,1279
2026-10-08T06:00:24Z,4348829796,explore,trending-in-action,22,4048
2026-10-08T06:00:24Z,358276974,explore,trending-in-action,23,1803
2026-10-08T06:00:24Z,2404080894,explore,trending-in-action,24,1433
2026-10-08T06:00:24Z,2380077519,explore,trending-in-action,25,3752
2026-10-08T06:00:24Z,7414497778,explore,trending-in-action,26,971
2026-10-08T06:00:24Z,5166944221,explore,trending-in-action,27,3564
2026-10-08T06:00:24Z,4987856151,explore,trending-in-action,28,7053
2026-10-08T06:00:24Z,4181957649,explore,trending-in-action,29,1625
2026-10-08T06:00:24Z,7398552394,explore,trending-in-adventure,1,4534
2026-10-08T06:00:24Z,10752833252,explore,trending-in-adventure,2,1287
2026-10-08T06:00:24Z,7488668004,explore,trending-in-adventure,3,5295
2026-10-08T06:00:24Z,5807622548,explore,trending-in-adventure,4,1522
2026-10-08T06:00:24Z,10766349481,explore,trending-in-adventure,5,8647
2026-10-08T06:00:24Z,4462613685,explore,trending-in-adventure,6,2880
2026-10-08T06:00:24Z,10766057873,explore,trending-in-adventure,7,373
2026-10-08T06:00:24Z,6417564879,explore,trending-in-adventure,8,815
2026-10-08T06:00:24Z,4807308814,explore,trending-in-adventure,9,1872
2026-10-08T06:00:24Z,5254920366,explore,trending-in-adventure,10,2582
2026-10-08T06:00:24Z,4221956550,explore,trending-in-adventure,11,742
2026-10-08T06:00:24Z,10226701629,explore,trending-in-adventure,12,736
2026-10-08T06:00:24Z,3761186887,explore,trending-in-adventure,13,523
2026-10-08T06:00:24Z,10565445771,explore,trending-in-adventure,14,223
2026-10-08T06:00:24Z,5096440156,explore,trending-in-adventure,15,1511
2026-10-08T06:00:24Z,7940293048,explore,trending-in-adventure,16,228
2026-10-08T06:00:24Z,7018190066,explore,trending-in-adventure,17,9647
2026-10-08T06:00:24Z,9796898051,explore,trending-in-adventure,18,9418
2026-10-08T06:00:24Z,10539411000,explore,trending-in-adventure,19,8495
2026-10-08T06:00:24Z,5650396773,explore,trending-in-adventure,20,7253
2026-10-08T06:00:24Z,9885372266,explore,trending-in-adventure,21,2490
2026-10-08T06:00:24Z,3085257211,explore,trending-in-adventure,22,2732
2026-10-08T06:00:24Z,972475338,explore,trending-in-adventure,23,2974
2026-10-08T06:00:24Z,9826885587,explore,trending-in-adventure,24,3950
2026-10-08T06:00:24Z,6413074235,explore,trending-in-adventure,25,436
2026-10-08T06:00:24Z,8237105425,explore,trending-in-adventure,26,742
2026-10-08T06:00:24Z,2643072291,explore,trending-in-adventure,27,690
2026-10-08T06:00:24Z,1318971886,explore,trending-in-adventure,28,1381
2026-10-08T06:00:24Z,10335443723,explore,trending-in-adventure,29,3989
2026-10-08T06:00:24Z,10764613327,explore,trending-in-entertainment,1,2122
2026-10-08T06:00:24Z,10175155684,explore,trending-in-entertainment,2,729
2026-10-08T06:00:24Z,10010371086,explore,trending-in-entertainment,3,570
2026-10-08T06:00:24Z,10561309674,explore,trending-in-entertainment,4,381
2026-10-08T06:00:24Z,10313654312,explore,trending-in-entertainment,5,846
2026-10-08T06:00:24Z,1953956112,explore,trending-in-entertainment,6,198
2026-10-08T06:00:24Z,3349588628,explore,trending-in-entertainment,7,107
2026-10-08T06:00:24Z,6983536246,explore,trending-in-entertainment,8,344
2026-10-08T06:00:24Z,10148419081,explore,trending-in-entertainment,9,180
2026-10-08T06:00:24Z,7175500329,explore,trending-in-entertainment,10,182
2026-10-08T06:00:24Z,9845995128,explore,trending-in-entertainment,11,151
2026-10-08T06:00:24Z,9221949930,explore,trending-in-entertainment,12,268
2026-10-08T06:00:24Z,10569930060,explore,trending-in-entertainment,13,196
2026-10-08T06:00:24Z,2938948258,explore,trending-in-entertainment,14,67
2026-10-08T06:00:24Z,9671745030,explore,trending-in-entertainment,15,147
2026-10-08T06:00:24Z,10506354213,explore,trending-in-entertainment,16,96
2026-10-08T06:00:24Z,9943273705,explore,trending-in-entertainment,17,698
2026-10-08T06:00:24Z,9372077571,explore,trending-in-entertainment,18,71
2026-10-08T06:00:24Z,8916086418,explore,trending-in-entertainment,19,96
2026-10-08T06:00:24Z,2227097851,explore,trending-in-entertainment,20,156
2026-10-08T06:00:24Z,1784051919,explore,trending-in-entertainment,21,172
2026-10-08T06:00:24Z,4723764956,explore,trending-in-entertainment,22,4182
2026-10-08T06:00:24Z,4165164803,explore,trending-in-entertainment,23,1967
2026-10-08T06:00:24Z,5367389312,explore,trending-in-entertainment,24,1544
2026-10-08T06:00:24Z,9800616505,explore,trending-in-entertainment,25,256
2026-10-08T06:00:24Z,10766456501,explore,trending-in-entertainment,26,147
2026-10-08T06:00:24Z,6357377403,explore,trending-in-entertainment,27,80
2026-10-08T06:00:24Z,8401518398,explore,trending-in-obby-and-platformer,1,3504
2026-10-08T06:00:24Z,10764221401,explore,trending-in-obby-and-platformer,2,6216
2026-10-08T06:00:24Z,4908792642,explore,trending-in-obby-and-platformer,3,501
2026-10-08T06:00:24Z,5620182793,explore,trending-in-obby-and-platformer,4,321
2026-10-08T06:00:24Z,10308844888,explore,trending-in-obby-and-platformer,5,1434
2026-10-08T06:00:24Z,703124385,explore,trending-in-obby-and-platformer,6,19478
2026-10-08T06:00:24Z,10762388019,explore,trending-in-obby-and-platformer,7,3464
2026-10-08T06:00:24Z,10415694629,explore,trending-in-obby-and-platformer,8,3337
2026-10-08T06:00:24Z,9592387369,explore,trending-in-obby-and-platformer,9,2478
2026-10-08T06:00:24Z,4850044287,explore,trending-in-obby-and-platformer,10,3425
2026-10-08T06:00:24Z,10460801145,explore,trending-in-obby-and-platformer,11,8791
2026-10-08T06:00:24Z,3310460039,explore,trending-in-obby-and-platformer,12,6722
2026-10-08T06:00:24Z,5385674359,explore,trending-in-obby-and-platformer,13,896
2026-10-08T06:00:24Z,10223976219,explore,trending-in-obby-and-platformer,14,2447
2026-10-08T06:00:24Z,9957338123,explore,trending-in-obby-and-platformer,15,1883
2026-10-08T06:00:24Z,10764412489,explore,trending-in-obby-and-platformer,16,2439
2026-10-08T06:00:24Z,10124421343,explore,trending-in-obby-and-platformer,17,782
2026-10-08T06:00:24Z,10236023188,explore,trending-in-obby-and-platformer,18,1120
2026-10-08T06:00:24Z,3264581003,explore,trending-in-obby-and-platformer,19,524
2026-10-08T06:00:24Z,7364297396,explore,trending-in-obby-and-platformer,20,799
2026-10-08T06:00:24Z,1921509404,explore,trending-in-obby-and-platformer,21,1428
2026-10-08T06:00:24Z,7720654467,explore,trending-in-obby-and-platformer,22,2692
2026-10-08T06:00:24Z,7877723741,explore,trending-in-obby-and-platformer,23,569
2026-10-08T06:00:24Z,7948426536,explore,trending-in-obby-and-platformer,24,2900
2026-10-08T06:00:24Z,10061124506,explore,trending-in-obby-and-platformer,25,719
2026-10-08T06:00:24Z,9878210988,explore,trending-in-obby-and-platformer,26,55
2026-10-08T06:00:24Z,9296252245,explore,trending-in-obby-and-platformer,27,3166
2026-10-08T06:00:24Z,6215464786,explore,trending-in-obby-and-platformer,28,708
2026-10-08T06:00:24Z,10110316965,explore,trending-in-obby-and-platformer,29,929
2026-10-08T06:00:24Z,10685282333,explore,trending-in-party-and-casual,1,21410
2026-10-08T06:00:24Z,10630800860,explore,trending-in-party-and-casual,2,6077
2026-10-08T06:00:24Z,10766390665,explore,trending-in-party-and-casual,3,1375
2026-10-08T06:00:24Z,10597001332,explore,trending-in-party-and-casual,4,5004
2026-10-08T06:00:24Z,10765748731,explore,trending-in-party-and-casual,5,984
2026-10-08T06:00:24Z,10766364164,explore,trending-in-party-and-casual,6,986
2026-10-08T06:00:24Z,10764706572,explore,trending-in-party-and-casual,7,1069
2026-10-08T06:00:24Z,10278774552,explore,trending-in-party-and-casual,8,3477
2026-10-08T06:00:24Z,10496189928,explore,trending-in-party-and-casual,9,1720
2026-10-08T06:00:24Z,4049246711,explore,trending-in-party-and-casual,10,5915
2026-10-08T06:00:24Z,7008097940,explore,trending-in-party-and-casual,11,7308
2026-10-08T06:00:24Z,2936053166,explore,trending-in-party-and-casual,12,9822
2026-10-08T06:00:24Z,10399125962,explore,trending-in-party-and-casual,13,1822
2026-10-08T06:00:24Z,10759594563,explore,trending-in-party-and-casual,14,1364
2026-10-08T06:00:24Z,10289201563,explore,trending-in-party-and-casual,15,2047
2026-10-08T06:00:24Z,10667006841,explore,trending-in-party-and-casual,16,2680
2026-10-08T06:00:24Z,110181652,explore,trending-in-party-and-casual,17,1262
2026-10-08T06:00:24Z,9825259729,explore,trending-in-party-and-casual,18,8970
2026-10-08T06:00:24Z,10521797740,explore,trending-in-party-and-casual,19,2845
2026-10-08T06:00:24Z,6049736902,explore,trending-in-party-and-casual,20,2518
2026-10-08T06:00:24Z,10764533320,explore,trending-in-party-and-casual,21,1948
2026-10-08T06:00:24Z,10403820097,explore,trending-in-party-and-casual,22,1538
2026-10-08T06:00:24Z,1709917610,explore,trending-in-party-and-casual,23,915
2026-10-08T06:00:24Z,9449993534,explore,trending-in-party-and-casual,24,2106
2026-10-08T06:00:24Z,5239362765,explore,trending-in-party-and-casual,25,2106
2026-10-08T06:00:24Z,6369934270,explore,trending-in-party-and-casual,26,1020
2026-10-08T06:00:24Z,10637759898,explore,trending-in-party-and-casual,27,1284
2026-10-08T06:00:24Z,10310563053,explore,trending-in-party-and-casual,28,1553
2026-10-08T06:00:24Z,10421901778,explore,trending-in-puzzle,1,4097
2026-10-08T06:00:24Z,4170977322,explore,trending-in-puzzle,2,1690
2026-10-08T06:00:24Z,9865931248,explore,trending-in-puzzle,3,773
2026-10-08T06:00:24Z,10756780270,explore,trending-in-puzzle,4,2147
2026-10-08T06:00:24Z,4858558391,explore,trending-in-puzzle,5,611
2026-10-08T06:00:24Z,10426768719,explore,trending-in-puzzle,6,225
2026-10-08T06:00:24Z,10302179427,explore,trending-in-puzzle,7,729
2026-10-08T06:00:24Z,9520692022,explore,trending-in-puzzle,8,1804
2026-10-08T06:00:24Z,6113928308,explore,trending-in-puzzle,9,518
2026-10-08T06:00:24Z,8851542818,explore,trending-in-puzzle,10,508
2026-10-08T06:00:24Z,10649457157,explore,trending-in-puzzle,11,194
2026-10-08T06:00:24Z,10641300771,explore,trending-in-puzzle,12,1281
2026-10-08T06:00:24Z,9702840627,explore,trending-in-puzzle,13,143
2026-10-08T06:00:24Z,10764385875,explore,trending-in-puzzle,14,255
2026-10-08T06:00:24Z,9546331833,explore,trending-in-puzzle,15,660
2026-10-08T06:00:24Z,5156590883,explore,trending-in-puzzle,16,125
2026-10-08T06:00:24Z,10624691669,explore,trending-in-puzzle,17,5736
2026-10-08T06:00:24Z,10189903609,explore,trending-in-puzzle,18,3681
2026-10-08T06:00:24Z,3047037061,explore,trending-in-puzzle,19,1034
2026-10-08T06:00:24Z,10753487407,explore,trending-in-puzzle,20,1695
2026-10-08T06:00:24Z,10765764482,explore,trending-in-puzzle,21,895
2026-10-08T06:00:24Z,9948575164,explore,trending-in-puzzle,22,1450
2026-10-08T06:00:24Z,7983308985,explore,trending-in-puzzle,23,508
2026-10-08T06:00:24Z,10628006421,explore,trending-in-puzzle,24,765
2026-10-08T06:00:24Z,8080493298,explore,trending-in-puzzle,25,1024
2026-10-08T06:00:24Z,10380743712,explore,trending-in-puzzle,26,2397
2026-10-08T06:00:24Z,10765718108,explore,trending-in-puzzle,27,333
2026-10-08T06:00:24Z,10699057921,explore,trending-in-puzzle,28,295
2026-10-08T06:00:24Z,10765574547,explore,trending-in-puzzle,29,550
2026-10-08T06:00:24Z,383310974,explore,trending-in-roleplay-and-avatar-sim,1,125026
2026-10-08T06:00:24Z,10767922762,explore,trending-in-roleplay-and-avatar-sim,2,4545
2026-10-08T06:00:24Z,6521100398,explore,trending-in-roleplay-and-avatar-sim,3,12168
2026-10-08T06:00:24Z,10222476236,explore,trending-in-roleplay-and-avatar-sim,4,4424
2026-10-08T06:00:24Z,2527789729,explore,trending-in-roleplay-and-avatar-sim,5,1558
2026-10-08T06:00:24Z,547524060,explore,trending-in-roleplay-and-avatar-sim,6,3347
2026-10-08T06:00:24Z,10765927544,explore,trending-in-roleplay-and-avatar-sim,7,588
2026-10-08T06:00:24Z,5599532653,explore,trending-in-roleplay-and-avatar-sim,8,502
2026-10-08T06:00:24Z,1686885941,explore,trending-in-roleplay-and-avatar-sim,9,177527
2026-10-08T06:00:24Z,5203828273,explore,trending-in-roleplay-and-avatar-sim,10,24430
2026-10-08T06:00:24Z,1831550657,explore,trending-in-roleplay-and-avatar-sim,11,10675
2026-10-08T06:00:24Z,88070565,explore,trending-in-roleplay-and-avatar-sim,12,8873
2026-10-08T06:00:24Z,903807016,explore,trending-in-roleplay-and-avatar-sim,13,2885
2026-10-08T06:00:24Z,9855761734,explore,trending-in-roleplay-and-avatar-sim,14,6619
2026-10-08T06:00:24Z,321778215,explore,trending-in-roleplay-and-avatar-sim,15,4823
2026-10-08T06:00:24Z,3240075297,explore,trending-in-roleplay-and-avatar-sim,16,13472
2026-10-08T06:00:24Z,371263894,explore,trending-in-roleplay-and-avatar-sim,17,3021
2026-10-08T06:00:24Z,2992873140,explore,trending-in-roleplay-and-avatar-sim,18,1796
2026-10-08T06:00:24Z,6749060816,explore,trending-in-roleplay-and-avatar-sim,19,3496
2026-10-08T06:00:24Z,4839802560,explore,trending-in-roleplay-and-avatar-sim,20,10432
2026-10-08T06:00:24Z,47545,explore,trending-in-roleplay-and-avatar-sim,21,8673
2026-10-08T06:00:24Z,10566677406,explore,trending-in-roleplay-and-avatar-sim,22,2696
2026-10-08T06:00:24Z,6774320049,explore,trending-in-roleplay-and-avatar-sim,23,5389
2026-10-08T06:00:24Z,1278035280,explore,trending-in-roleplay-and-avatar-sim,24,2631
2026-10-08T06:00:24Z,3308103880,explore,trending-in-roleplay-and-avatar-sim,25,3099
2026-10-08T06:00:24Z,7274244096,explore,trending-in-roleplay-and-avatar-sim,26,2826
2026-10-08T06:00:24Z,1742264997,explore,trending-in-roleplay-and-avatar-sim,27,863
2026-10-08T06:00:24Z,1852226622,explore,trending-in-roleplay-and-avatar-sim,28,6100
2026-10-08T06:00:24Z,6280758286,explore,trending-in-roleplay-and-avatar-sim,29,786
2026-10-08T06:00:24Z,10589881655,explore,trending-in-shopping,1,3185
2026-10-08T06:00:24Z,9753458401,explore,trending-in-shopping,2,452
2026-10-08T06:00:24Z,10066618669,explore,trending-in-shopping,3,852
2026-10-08T06:00:24Z,9098253051,explore,trending-in-shopping,4,379
2026-10-08T06:00:24Z,7000924848,explore,trending-in-shopping,5,320
2026-10-08T06:00:24Z,10751153610,explore,trending-in-shopping,6,29
2026-10-08T06:00:24Z,10267638347,explore,trending-in-shopping,7,1074
2026-10-08T06:00:24Z,9796643263,explore,trending-in-shopping,8,546
2026-10-08T06:00:24Z,10205184118,explore,trending-in-shopping,9,123
2026-10-08T06:00:24Z,9459951439,explore,trending-in-shopping,10,146
2026-10-08T06:00:24Z,2652888345,explore,trending-in-shopping,11,1480
2026-10-08T06:00:24Z,6091537736,explore,trending-in-shopping,12,41
2026-10-08T06:00:24Z,8005378926,explore,trending-in-shopping,13,368
2026-10-08T06:00:24Z,1651278324,explore,trending-in-shopping,14,73
2026-10-08T06:00:24Z,10677679844,explore,trending-in-shopping,15,16
2026-10-08T06:00:24Z,10480491636,explore,trending-in-shopping,16,67
2026-10-08T06:00:24Z,10139318212,explore,trending-in-shopping,17,40
2026-10-08T06:00:24Z,9209811415,explore,trending-in-shopping,18,285
2026-10-08T06:00:24Z,7710406091,explore,trending-in-shopping,19,7
2026-10-08T06:00:24Z,10764570523,explore,trending-in-shopping,20,11
2026-10-08T06:00:24Z,8975063538,explore,trending-in-shopping,21,63
2026-10-08T06:00:24Z,10188861194,explore,trending-in-shopping,22,198
2026-10-08T06:00:24Z,10204429578,explore,trending-in-shopping,23,40
2026-10-08T06:00:24Z,2711375305,explore,trending-in-shopping,24,38371
2026-10-08T06:00:24Z,7554119808,explore,trending-in-shopping,25,10585
2026-10-08T06:00:24Z,2065706268,explore,trending-in-shopping,26,277
2026-10-08T06:00:24Z,9076692567,explore,trending-in-shopping,27,514
2026-10-08T06:00:24Z,10764431809,explore,trending-in-shopping,28,59
2026-10-08T06:00:24Z,9848302960,explore,trending-in-shopping,29,50
2026-10-08T06:00:24Z,10765288803,explore,trending-in-simulation,1,88032
2026-10-08T06:00:24Z,10768565603,explore,trending-in-simulation,2,5735
2026-10-08T06:00:24Z,10765298801,explore,trending-in-simulation,3,22219
2026-10-08T06:00:24Z,10765012427,explore,trending-in-simulation,4,9281
2026-10-08T06:00:24Z,10767634248,explore,trending-in-simulation,5,13109
2026-10-08T06:00:24Z,10756011174,explore,trending-in-simulation,6,9046
2026-10-08T06:00:24Z,10766056678,explore,trending-in-simulation,7,19029
2026-10-08T06:00:24Z,10436530264,explore,trending-in-simulation,8,16834
2026-10-08T06:00:24Z,10744310825,explore,trending-in-simulation,9,8325
2026-10-08T06:00:24Z,3317771874,explore,trending-in-simulation,10,50358
2026-10-08T06:00:24Z,601130232,explore,trending-in-simulation,11,23539
2026-10-08T06:00:24Z,10766687030,explore,trending-in-simulation,12,1966
2026-10-08T06:00:24Z,10667357873,explore,trending-in-simulation,13,5875
2026-10-08T06:00:24Z,10282097014,explore,trending-in-simulation,14,13466
2026-10-08T06:00:24Z,10767408330,explore,trending-in-simulation,15,21469
2026-10-08T06:00:24Z,10766142497,explore,trending-in-simulation,16,1330
2026-10-08T06:00:24Z,10765686447,explore,trending-in-simulation,17,9403
2026-10-08T06:00:24Z,1526814825,explore,trending-in-simulation,18,4541
2026-10-08T06:00:24Z,10765751583,explore,trending-in-simulation,19,1582
2026-10-08T06:00:24Z,10766721625,explore,trending-in-simulation,20,11253
2026-10-08T06:00:24Z,7089588429,explore,trending-in-simulation,21,26729
2026-10-08T06:00:24Z,10550257968,explore,trending-in-simulation,22,7329
2026-10-08T06:00:24Z,10767582899,explore,trending-in-simulation,23,2931
2026-10-08T06:00:24Z,10766812776,explore,trending-in-simulation,24,1742
2026-10-08T06:00:24Z,8813969120,explore,trending-in-simulation,25,3829
2026-10-08T06:00:24Z,10765067592,explore,trending-in-simulation,26,3959
2026-10-08T06:00:24Z,10636331438,explore,trending-in-simulation,27,6871
2026-10-08T06:00:24Z,10700618962,explore,trending-in-simulation,28,7342
2026-10-08T06:00:24Z,10740316645,explore,trending-in-simulation,29,6466
2026-10-08T06:00:24Z,10764897725,explore,trending-in-simulation,30,12843
2026-10-08T06:00:24Z,10766008884,explore,trending-in-simulation,31,4645
2026-10-08T06:00:24Z,10561166339,explore,trending-in-simulation,32,6339
2026-10-08T06:00:24Z,10766240516,explore,trending-in-simulation,33,4758
2026-10-08T06:00:24Z,10767138232,explore,trending-in-simulation,34,2017
2026-10-08T06:00:24Z,10741514942,explore,trending-in-simulation,35,3432
2026-10-08T06:00:24Z,10767240772,explore,trending-in-simulation,36,3730
2026-10-08T06:00:24Z,10563114921,explore,trending-in-simulation,37,1184394
2026-10-08T06:00:24Z,9584852943,explore,trending-in-simulation,38,41088
2026-10-08T06:00:24Z,10035204815,explore,trending-in-simulation,39,73720
2026-10-08T06:00:24Z,5750914919,explore,trending-in-simulation,40,48972
2026-10-08T06:00:24Z,7709344486,explore,trending-in-simulation,41,81556
2026-10-08T06:00:24Z,10684750879,explore,trending-in-simulation,42,28739
2026-10-08T06:00:24Z,10634461028,explore,trending-in-simulation,43,3947
2026-10-08T06:00:24Z,10708913337,explore,trending-in-simulation,44,55197
2026-10-08T06:00:24Z,2668101271,explore,trending-in-simulation,45,19760
2026-10-08T06:00:24Z,10173311467,explore,trending-in-simulation,46,5988
2026-10-08T06:00:24Z,1202096104,explore,trending-in-simulation,47,14264
2026-10-08T06:00:24Z,7395930870,explore,trending-in-simulation,48,7145
2026-10-08T06:00:24Z,210851291,explore,trending-in-simulation,49,6629
2026-10-08T06:00:24Z,5361032378,explore,trending-in-simulation,50,31658
2026-10-08T06:00:24Z,10741654282,explore,trending-in-simulation,51,11857
2026-10-08T06:00:24Z,9837612476,explore,trending-in-simulation,52,6448
2026-10-08T06:00:24Z,2851381018,explore,trending-in-simulation,53,4212
2026-10-08T06:00:24Z,10261267004,explore,trending-in-simulation,54,10193
2026-10-08T06:00:24Z,7436755782,explore,trending-in-simulation,55,15084
2026-10-08T06:00:24Z,10717002748,explore,trending-in-simulation,56,9745
2026-10-08T06:00:24Z,2471084,explore,trending-in-simulation,57,4221
2026-10-08T06:00:24Z,21164849,explore,trending-in-simulation,58,2204
2026-10-08T06:00:24Z,7094518649,explore,trending-in-simulation,59,5501
2026-10-08T06:00:24Z,10763764817,explore,trending-in-simulation,60,6116
2026-10-08T06:00:24Z,8719555347,explore,trending-in-simulation,61,6861
2026-10-08T06:00:24Z,9872734936,explore,trending-in-simulation,62,4718
2026-10-08T06:00:24Z,10681914462,explore,trending-in-simulation,63,7091
2026-10-08T06:00:24Z,79301772,explore,trending-in-simulation,64,2705
2026-10-08T06:00:24Z,4983034985,explore,trending-in-strategy,1,5260
2026-10-08T06:00:24Z,5578556129,explore,trending-in-strategy,2,22234
2026-10-08T06:00:24Z,10764297006,explore,trending-in-strategy,3,2381
2026-10-08T06:00:24Z,3541611379,explore,trending-in-strategy,4,3182
2026-10-08T06:00:24Z,5580972377,explore,trending-in-strategy,5,1773
2026-10-08T06:00:24Z,10246108265,explore,trending-in-strategy,6,2205
2026-10-08T06:00:24Z,10424107160,explore,trending-in-strategy,7,2384
2026-10-08T06:00:24Z,10757247806,explore,trending-in-strategy,8,1013
2026-10-08T06:00:24Z,10737986845,explore,trending-in-strategy,9,5460
2026-10-08T06:00:24Z,1531130248,explore,trending-in-strategy,10,1158
2026-10-08T06:00:24Z,10765834825,explore,trending-in-strategy,11,278
2026-10-08T06:00:24Z,4778845442,explore,trending-in-strategy,12,2473
2026-10-08T06:00:24Z,10236805062,explore,trending-in-strategy,13,314
2026-10-08T06:00:24Z,10762636904,explore,trending-in-strategy,14,1738
2026-10-08T06:00:24Z,10116272705,explore,trending-in-strategy,15,7124
2026-10-08T06:00:24Z,2283649692,explore,trending-in-strategy,16,358
2026-10-08T06:00:24Z,4938220315,explore,trending-in-strategy,17,848
2026-10-08T06:00:24Z,1176784616,explore,trending-in-strategy,18,6638
2026-10-08T06:00:24Z,7613921865,explore,trending-in-strategy,19,6596
2026-10-08T06:00:24Z,7685678300,explore,trending-in-strategy,20,1160
2026-10-08T06:00:24Z,9480281767,explore,trending-in-strategy,21,3639
2026-10-08T06:00:24Z,10529769390,explore,trending-in-strategy,22,6355
2026-10-08T06:00:24Z,10393438342,explore,trending-in-strategy,23,2769
2026-10-08T06:00:24Z,2621511041,explore,trending-in-strategy,24,1690
2026-10-08T06:00:24Z,3183403065,explore,trending-in-strategy,25,1742
2026-10-08T06:00:24Z,918677693,explore,trending-in-strategy,26,571
2026-10-08T06:00:24Z,7703614594,explore,trending-in-strategy,27,3371
2026-10-08T06:00:24Z,3913007563,explore,trending-in-strategy,28,1437
2026-10-08T06:00:24Z,3267012194,explore,trending-in-strategy,29,846
2026-10-08T06:00:24Z,7738524573,explore,trending-in-strategy,30,963
2026-10-08T06:00:24Z,2440500124,explore,trending-in-survival,1,20338
2026-10-08T06:00:24Z,7326934954,explore,trending-in-survival,2,121079
2026-10-08T06:00:24Z,5569032992,explore,trending-in-survival,3,70404
2026-10-08T06:00:24Z,3647333358,explore,trending-in-survival,4,26270
2026-10-08T06:00:24Z,10665420648,explore,trending-in-survival,5,6079
2026-10-08T06:00:24Z,10765582175,explore,trending-in-survival,6,10674
2026-10-08T06:00:24Z,10766506199,explore,trending-in-survival,7,8643
2026-10-08T06:00:24Z,10673920146,explore,trending-in-survival,8,6573
2026-10-08T06:00:24Z,10759518799,explore,trending-in-survival,9,2279
2026-10-08T06:00:24Z,10766395909,explore,trending-in-survival,10,4506
2026-10-08T06:00:24Z,10765563835,explore,trending-in-survival,11,976
2026-10-08T06:00:24Z,10762757054,explore,trending-in-survival,12,3926
2026-10-08T06:00:24Z,5026122481,explore,trending-in-survival,13,2010
2026-10-08T06:00:24Z,10742937135,explore,trending-in-survival,14,2309
2026-10-08T06:00:24Z,8178086002,explore,trending-in-survival,15,10601
2026-10-08T06:00:24Z,6635513269,explore,trending-in-survival,16,2529
2026-10-08T06:00:24Z,66654135,explore,trending-in-survival,17,91511
2026-10-08T06:00:24Z,6331902150,explore,trending-in-survival,18,30104
2026-10-08T06:00:24Z,6739698191,explore,trending-in-survival,19,44200
2026-10-08T06:00:24Z,10148749921,explore,trending-in-survival,20,18334
2026-10-08T06:00:24Z,1516533665,explore,trending-in-survival,21,6498
2026-10-08T06:00:24Z,372226183,explore,trending-in-survival,22,6749
2026-10-08T06:00:24Z,65241,explore,trending-in-survival,23,4857
2026-10-08T06:00:24Z,5039839070,explore,trending-in-survival,24,4102
2026-10-08T06:00:24Z,10761687472,explore,trending-in-survival,25,3265
2026-10-08T06:00:24Z,6324644175,explore,trending-in-survival,26,2850
2026-10-08T06:00:24Z,9167377564,explore,trending-in-survival,27,11263
2026-10-08T06:00:24Z,6170143659,explore,trending-in-survival,28,2384
2026-10-08T06:00:24Z,10759337137,explore,trending-in-survival,29,5149
2026-10-08T06:00:24Z,383310974,explore,more-when-you-subscribe,1,125026
2026-10-08T06:00:24Z,3317771874,explore,more-when-you-subscribe,2,50358
2026-10-08T06:00:24Z,6765805766,explore,more-when-you-subscribe,3,21328
2026-10-08T06:00:24Z,1176784616,explore,more-when-you-subscribe,4,6638
2026-10-08T06:00:24Z,3647333358,explore,more-when-you-subscribe,5,26270
2026-10-08T06:00:24Z,7094518649,explore,more-when-you-subscribe,6,5501
2026-10-08T06:00:24Z,4582358979,explore,more-when-you-subscribe,7,1418
2026-10-08T06:00:24Z,3936365689,explore,more-when-you-subscribe,8,1317
2026-10-08T06:00:24Z,2380077519,explore,more-when-you-subscribe,9,3711
2026-10-08T06:00:24Z,4793836769,explore,more-when-you-subscribe,10,2580
2026-10-08T06:00:24Z,4839802560,explore,more-when-you-subscribe,11,10432
2026-10-08T06:00:24Z,648454481,explore,more-when-you-subscribe,12,14606
2026-10-08T06:00:24Z,5995470825,explore,more-when-you-subscribe,13,13207
2026-10-08T06:00:24Z,88070565,explore,more-when-you-subscribe,14,8867
2026-10-08T06:00:24Z,321778215,explore,more-when-you-subscribe,15,4868
2026-10-08T06:00:24Z,184199275,explore,more-when-you-subscribe,16,5433
2026-10-08T06:00:24Z,10541331578,explore,more-when-you-subscribe,17,939
2026-10-08T06:00:24Z,850110028,explore,more-when-you-subscribe,18,2043
2026-10-08T06:00:24Z,245662005,explore,more-when-you-subscribe,19,4009
2026-10-08T06:00:24Z,3170483284,explore,more-when-you-subscribe,20,193
2026-10-08T06:00:24Z,7474367816,explore,more-when-you-subscribe,21,3281
2026-10-08T06:00:24Z,3734304510,explore,more-when-you-subscribe,22,1122
2026-10-08T06:00:24Z,1001911915,explore,more-when-you-subscribe,23,660
2026-10-08T06:00:24Z,2139712082,explore,more-when-you-subscribe,24,532
2026-10-08T06:00:24Z,1852226622,explore,more-when-you-subscribe,25,6100
2026-10-08T06:00:24Z,1742264997,explore,more-when-you-subscribe,26,863
2026-10-08T06:00:24Z,4795326392,explore,more-when-you-subscribe,27,427
2026-10-08T06:00:24Z,6996253752,explore,more-when-you-subscribe,28,298
2026-10-08T06:00:24Z,7848204961,explore,more-when-you-subscribe,29,102
2026-10-08T06:00:24Z,3164075108,explore,more-when-you-subscribe,30,1790
2026-10-08T06:00:24Z,3317679266,explore,more-when-you-subscribe,31,2220
2026-10-08T06:00:24Z,8640389608,explore,more-when-you-subscribe,32,273
2026-10-08T06:00:24Z,5897329101,explore,more-when-you-subscribe,33,47
2026-10-08T06:00:24Z,2239430935,explore,more-when-you-subscribe,34,604
2026-10-08T06:00:24Z,5497606909,explore,more-when-you-subscribe,35,217
2026-10-08T06:00:24Z,7428819247,explore,more-when-you-subscribe,36,396
2026-10-08T06:00:24Z,2491559356,explore,more-when-you-subscribe,37,609
2026-10-08T06:00:24Z,7884563721,explore,more-when-you-subscribe,38,339
2026-10-08T06:00:24Z,605887098,explore,more-when-you-subscribe,39,1453
2026-10-08T06:00:24Z,6726637224,explore,more-when-you-subscribe,40,1500
2026-10-08T06:00:24Z,1180269832,explore,more-when-you-subscribe,41,386
2026-10-08T06:00:24Z,8316902627,explore,more-when-you-subscribe,42,1805
2026-10-08T06:00:24Z,1147304238,explore,more-when-you-subscribe,43,405
2026-10-08T06:00:24Z,3666294218,explore,more-when-you-subscribe,44,528
2026-10-08T06:00:24Z,848145103,explore,more-when-you-subscribe,45,104
2026-10-08T06:00:24Z,110181652,explore,more-when-you-subscribe,46,1269
2026-10-08T06:00:24Z,833209132,explore,more-when-you-subscribe,47,371
2026-10-08T06:00:24Z,3204175584,explore,more-when-you-subscribe,48,1419
2026-10-08T06:00:24Z,4154513353,explore,more-when-you-subscribe,49,743
2026-10-08T06:00:24Z,2860485766,explore,more-when-you-subscribe,50,78
2026-10-08T06:00:24Z,8974153311,explore,more-when-you-subscribe,51,98
2026-10-08T06:00:24Z,5944821008,explore,more-when-you-subscribe,52,608
2026-10-08T06:00:24Z,2865535599,explore,more-when-you-subscribe,53,105
2026-10-08T06:00:24Z,5049569843,explore,more-when-you-subscribe,54,348
2026-10-08T06:00:24Z,1527252839,explore,more-when-you-subscribe,55,186
2026-10-08T06:00:24Z,274816972,explore,more-when-you-subscribe,56,1484
2026-10-08T06:00:24Z,5812546130,explore,more-when-you-subscribe,57,266
2026-10-08T06:00:24Z,5720553711,explore,more-when-you-subscribe,58,4597
2026-10-08T06:00:24Z,10648555380,explore,more-when-you-subscribe,59,226
2026-10-08T06:00:24Z,4518160318,explore,more-when-you-subscribe,60,2118
2026-10-08T06:00:24Z,5827120940,explore,more-when-you-subscribe,61,384
2026-10-08T06:00:24Z,2711375305,explore,more-when-you-subscribe,62,38371
2026-10-08T06:00:24Z,7229464493,explore,more-when-you-subscribe,63,131
2026-10-08T06:00:24Z,4263576532,explore,more-when-you-subscribe,64,496
2026-10-08T06:00:24Z,10593671708,explore,more-when-you-subscribe,65,156
2026-10-08T06:00:24Z,7160901012,explore,more-when-you-subscribe,66,35
2026-10-08T06:00:24Z,7617886606,explore,more-when-you-subscribe,67,113
2026-10-08T06:00:24Z,4996628751,explore,more-when-you-subscribe,68,199
2026-10-08T06:00:24Z,5048990623,explore,more-when-you-subscribe,69,65
2026-10-08T06:00:24Z,5753515186,explore,more-when-you-subscribe,70,118
2026-10-08T06:00:24Z,10037019232,explore,more-when-you-subscribe,71,71
2026-10-08T06:00:24Z,4086773669,explore,more-when-you-subscribe,72,121
2026-10-08T06:00:24Z,5012222382,explore,more-when-you-subscribe,73,361
2026-10-08T06:00:24Z,3107874866,explore,more-when-you-subscribe,74,43
2026-10-08T06:00:24Z,2366560560,explore,more-when-you-subscribe,75,717
2026-10-08T06:00:24Z,5713659018,explore,more-when-you-subscribe,76,22
2026-10-08T06:00:24Z,7706951053,explore,more-when-you-subscribe,77,347
2026-10-08T06:00:24Z,124283622,explore,more-when-you-subscribe,78,250
2026-10-08T06:00:24Z,2131410080,explore,more-when-you-subscribe,79,105
2026-10-08T06:00:24Z,204387960,explore,more-when-you-subscribe,80,46
2026-10-08T06:00:24Z,10231678265,explore,more-when-you-subscribe,81,106
2026-10-08T06:00:24Z,4851783408,explore,more-when-you-subscribe,82,131
2026-10-08T06:00:24Z,5247232141,explore,more-when-you-subscribe,83,811
2026-10-08T06:00:24Z,5113572498,explore,more-when-you-subscribe,84,41
2026-10-08T06:00:24Z,6940206974,explore,more-when-you-subscribe,85,1544
2026-10-08T06:00:24Z,7002376067,explore,more-when-you-subscribe,86,76
2026-10-08T06:00:24Z,4293374620,explore,more-when-you-subscribe,87,4611
2026-10-08T06:00:24Z,1499870257,explore,more-when-you-subscribe,88,206
2026-10-08T06:00:24Z,1325411718,explore,more-when-you-subscribe,89,785
2026-10-08T06:00:24Z,7429689898,explore,more-when-you-subscribe,90,330
2026-10-08T06:00:24Z,1093311378,explore,learning-and-explore,1,1
2026-10-08T06:00:24Z,9762578530,explore,learning-and-explore,2,14
2026-10-08T06:00:24Z,6506790141,explore,learning-and-explore,3,
2026-10-08T06:00:24Z,112845193,explore,learning-and-explore,4,
2026-10-08T06:00:24Z,455701239,explore,learning-and-explore,5,3
2026-10-08T06:00:24Z,3645313968,explore,learning-and-explore,6,27
2026-10-08T06:00:24Z,5354625397,explore,learning-and-explore,7,121
2026-10-08T06:00:24Z,3081555258,explore,learning-and-explore,8,47
2026-10-08T06:00:24Z,3914607290,explore,learning-and-explore,9,1
2026-10-08T06:00:24Z,4055567612,explore,learning-and-explore,10,1
2026-10-08T06:00:24Z,5905501282,explore,learning-and-explore,11,84
2026-10-08T06:00:24Z,2251388500,explore,learning-and-explore,12,1082
2026-10-08T06:00:24Z,2463274810,explore,learning-and-explore,13,4
2026-10-08T06:00:24Z,3801657309,explore,learning-and-explore,14,9
2026-10-08T06:00:24Z,10060481733,explore,learning-and-explore,15,17
2026-10-08T06:00:24Z,6409446943,explore,learning-and-explore,16,25
2026-10-08T06:00:24Z,6906503978,explore,learning-and-explore,17,
2026-10-08T06:00:24Z,7091388561,explore,learning-and-explore,18,162
2026-10-08T06:00:24Z,5042430067,explore,learning-and-explore,19,10
2026-10-08T06:00:24Z,21164849,explore,learning-and-explore,20,2185
2026-10-08T06:00:24Z,4145952225,explore,learning-and-explore,21,
2026-10-08T06:00:24Z,2308115211,explore,learning-and-explore,22,1
2026-10-08T06:00:24Z,3951147015,explore,learning-and-explore,23,735
2026-10-08T06:00:24Z,3929033413,explore,learning-and-explore,24,2
2026-10-08T06:00:24Z,2501141430,explore,learning-and-explore,25,4
2026-10-08T06:00:24Z,2137105308,explore,learning-and-explore,26,318
2026-10-08T06:00:24Z,537069295,explore,learning-and-explore,27,
2026-10-08T06:00:24Z,2208244398,explore,learning-and-explore,28,11
2026-10-08T06:00:24Z,3616579578,explore,learning-and-explore,29,8
2026-10-08T06:00:24Z,5518318131,explore,learning-and-explore,30,1
2026-10-08T06:00:24Z,6252201542,explore,learning-and-explore,31,12
2026-10-08T06:00:24Z,6657534906,explore,learning-and-explore,32,28
2026-10-08T06:00:24Z,2817076516,explore,learning-and-explore,33,2
2026-10-08T06:00:24Z,6938969105,explore,learning-and-explore,34,14
2026-10-08T06:00:24Z,6015491985,explore,learning-and-explore,35,1869
2026-10-08T06:00:24Z,3536173216,explore,learning-and-explore,36,52
2026-10-08T06:00:24Z,3627275994,explore,learning-and-explore,37,14
2026-10-08T06:00:24Z,210851291,explore,learning-and-explore,38,6629
2026-10-08T06:00:24Z,5988568657,explore,learning-and-explore,39,22
2026-10-08T06:00:24Z,2025565382,explore,learning-and-explore,40,1
2026-10-08T06:00:24Z,6794845242,explore,learning-and-explore,41,3
2026-10-08T06:00:24Z,5091615162,explore,learning-and-explore,42,
2026-10-08T06:00:24Z,4034530348,explore,learning-and-explore,43,34
2026-10-08T06:00:24Z,79301772,explore,learning-and-explore,44,2705
2026-10-08T06:00:24Z,114070244,explore,learning-and-explore,45,213
2026-10-08T06:00:24Z,9906165155,explore,learning-and-explore,46,
2026-10-08T06:00:24Z,97706693,explore,learning-and-explore,47,5
2026-10-08T06:00:24Z,6711224984,explore,learning-and-explore,48,1
2026-10-08T06:00:24Z,5174979552,explore,learning-and-explore,49,344
2026-10-08T06:00:24Z,1375027828,explore,learning-and-explore,50,37
2026-10-08T06:00:24Z,969351457,explore,learning-and-explore,51,4
2026-10-08T06:00:24Z,4408288935,explore,learning-and-explore,52,355
2026-10-08T06:00:24Z,3934229151,explore,learning-and-explore,53,22
2026-10-08T06:00:24Z,4380922749,explore,learning-and-explore,54,
2026-10-08T06:00:24Z,2533027421,explore,learning-and-explore,55,1
2026-10-08T06:00:24Z,953622098,explore,learning-and-explore,56,69
2026-10-08T06:00:24Z,1217298587,explore,learning-and-explore,57,22
2026-10-08T06:00:24Z,2283649692,explore,learning-and-explore,58,358
2026-10-08T06:00:24Z,7709344486,search,brainrot,1,81556
2026-10-08T06:00:24Z,7332711118,search,brainrot,2,1585
2026-10-08T06:00:24Z,9513686983,search,brainrot,3,1620
2026-10-08T06:00:24Z,9491545867,search,brainrot,4,6059
2026-10-08T06:00:24Z,10757504146,search,brainrot,5,1063
2026-10-08T06:00:24Z,10130637063,search,brainrot,6,1449
2026-10-08T06:00:24Z,8916375040,search,brainrot,7,137
2026-10-08T06:00:24Z,9871986464,search,brainrot,8,77
2026-10-08T06:00:24Z,9963622286,search,brainrot,9,2213
2026-10-08T06:00:24Z,10522965485,search,brainrot,10,324
2026-10-08T06:00:24Z,9998576154,search,brainrot,11,1146
2026-10-08T06:00:24Z,9793308933,search,brainrot,12,646
2026-10-08T06:00:24Z,9363735110,search,brainrot,13,2568
2026-10-08T06:00:24Z,10183029417,search,brainrot,14,303
2026-10-08T06:00:24Z,9753814298,search,brainrot,15,336
2026-10-08T06:00:24Z,9822400644,search,brainrot,16,109
2026-10-08T06:00:24Z,9701569269,search,brainrot,17,159
2026-10-08T06:00:24Z,7835102410,search,brainrot,18,117
2026-10-08T06:00:24Z,10004244222,search,brainrot,19,11803
2026-10-08T06:00:24Z,9813375035,search,brainrot,20,143
2026-10-08T06:00:24Z,10588238046,search,brainrot,21,174
2026-10-08T06:00:24Z,9312830998,search,brainrot,22,117
2026-10-08T06:00:24Z,7893515528,search,brainrot,23,88
2026-10-08T06:00:24Z,9758688665,search,brainrot,24,1135
2026-10-08T06:00:24Z,9875383684,search,brainrot,25,415
2026-10-08T06:00:24Z,10156435104,search,brainrot,26,1008
2026-10-08T06:00:24Z,10335507006,search,brainrot,27,716
2026-10-08T06:00:24Z,10122742965,search,brainrot,28,336
2026-10-08T06:00:24Z,10065013948,search,brainrot,29,1664
2026-10-08T06:00:24Z,10004760418,search,brainrot,30,754
2026-10-08T06:00:24Z,9975893742,search,brainrot,31,204
2026-10-08T06:00:24Z,8316902627,search,brainrot,32,1805
2026-10-08T06:00:24Z,9649298941,search,brainrot,33,339
2026-10-08T06:00:24Z,9790538284,search,brainrot,34,30
2026-10-08T06:00:24Z,10023404565,search,brainrot,35,56
2026-10-08T06:00:24Z,8722889197,search,brainrot,36,193
2026-10-08T06:00:24Z,10765158636,search,brainrot,37,518
2026-10-08T06:00:24Z,8353463684,search,brainrot,38,15
2026-10-08T06:00:24Z,9803714961,search,brainrot,39,106
2026-10-08T06:00:24Z,9083680687,search,brainrot,40,65
2026-10-08T06:00:24Z,9528783772,search,brainrot,41,79
2026-10-08T06:00:24Z,9918678725,search,brainrot,42,74
2026-10-08T06:00:24Z,9800909176,search,brainrot,43,607
2026-10-08T06:00:24Z,9615626364,search,brainrot,44,19
2026-10-08T06:00:24Z,9497278040,search,brainrot,45,199
2026-10-08T06:00:24Z,8238748429,search,brainrot,46,102
2026-10-08T06:00:24Z,9643304628,search,brainrot,47,77
2026-10-08T06:00:24Z,7742376157,search,brainrot,48,243
2026-10-08T06:00:24Z,9875490438,search,brainrot,49,23
2026-10-08T06:00:24Z,9832907106,search,brainrot,50,142
2026-10-08T06:00:24Z,10234614974,search,brainrot,51,120
2026-10-08T06:00:24Z,10318149231,search,brainrot,52,14
2026-10-08T06:00:24Z,9968798691,search,brainrot,53,91
2026-10-08T06:00:24Z,10406853972,search,brainrot,54,371
2026-10-08T06:00:24Z,10003868811,search,brainrot,55,152
2026-10-08T06:00:24Z,10067868611,search,brainrot,56,281
2026-10-08T06:00:24Z,9484779066,search,brainrot,57,25
2026-10-08T06:00:24Z,10756631918,search,brainrot,58,406
2026-10-08T06:00:24Z,9704343971,search,brainrot,59,124
2026-10-08T06:00:24Z,9671940985,search,brainrot,60,637
2026-10-08T06:00:24Z,10271341023,search,brainrot,61,20
2026-10-08T06:00:24Z,9934614409,search,brainrot,62,299
2026-10-08T06:00:24Z,9953328866,search,brainrot,63,505
2026-10-08T06:00:24Z,10107805924,search,brainrot,64,280
2026-10-08T06:00:24Z,9757776682,search,brainrot,65,113
2026-10-08T06:00:24Z,9570888371,search,brainrot,66,41
2026-10-08T06:00:24Z,10052184484,search,brainrot,67,280
2026-10-08T06:00:24Z,9965497270,search,brainrot,68,31
2026-10-08T06:00:24Z,9871940535,search,brainrot,69,105
2026-10-08T06:00:24Z,9679625425,search,brainrot,70,49
2026-10-08T06:00:24Z,8807109250,search,brainrot,71,320
2026-10-08T06:00:24Z,9808514624,search,brainrot,72,117
2026-10-08T06:00:24Z,7674469859,search,brainrot,73,166
2026-10-08T06:00:24Z,7143545906,search,brainrot,74,1550
2026-10-08T06:00:24Z,10237577635,search,brainrot,75,11
2026-10-08T06:00:24Z,10247712813,search,brainrot,76,173
2026-10-08T06:00:24Z,8957522683,search,brainrot,77,165
2026-10-08T06:00:24Z,8834587397,search,brainrot,78,159
2026-10-08T06:00:24Z,10138988383,search,brainrot,79,143
2026-10-08T06:00:24Z,10558159857,search,brainrot,80,91
2026-10-08T13:25:58Z,3508322461,explore,top-trending,1,117509
2026-10-08T13:25:58Z,10764627709,explore,top-trending,2,76544
2026-10-08T13:25:58Z,383310974,explore,top-trending,3,174196
2026-10-08T13:25:58Z,2440500124,explore,top-trending,4,46494
2026-10-08T13:25:58Z,7326934954,explore,top-trending,5,213375
2026-10-08T13:25:58Z,9534705677,explore,top-trending,6,23121
2026-10-08T13:25:58Z,5569032992,explore,top-trending,7,114306
2026-10-08T13:25:58Z,10685282333,explore,top-trending,8,38417
2026-10-08T13:25:58Z,6931042565,explore,top-trending,9,49421
2026-10-08T13:25:58Z,5750914919,explore,top-trending,10,69242
2026-10-08T13:25:58Z,3647333358,explore,top-trending,11,44185
2026-10-08T13:25:58Z,10768565603,explore,top-trending,12,7828
2026-10-08T13:25:58Z,10765288803,explore,top-trending,13,129711
2026-10-08T13:25:58Z,10512942223,explore,top-trending,14,52944
2026-10-08T13:25:58Z,10665420648,explore,top-trending,15,8757
2026-10-08T13:25:58Z,10765298801,explore,top-trending,16,36118
2026-10-08T13:25:58Z,7398552394,explore,top-trending,17,12151
2026-10-08T13:25:58Z,10765012427,explore,top-trending,18,16456
2026-10-08T13:25:58Z,10765582175,explore,top-trending,19,14551
2026-10-08T13:25:58Z,10767634248,explore,top-trending,20,23381
2026-10-08T13:25:58Z,10767922762,explore,top-trending,21,7613
2026-10-08T13:25:58Z,10764613327,explore,top-trending,22,2872
2026-10-08T13:25:58Z,10756011174,explore,top-trending,23,15410
2026-10-08T13:25:58Z,10767012496,explore,top-trending,24,6498
2026-10-08T13:25:58Z,10766506199,explore,top-trending,25,15843
2026-10-08T13:25:58Z,10673920146,explore,top-trending,26,11312
2026-10-08T13:25:58Z,10766056678,explore,top-trending,27,27902
2026-10-08T13:25:58Z,4983034985,explore,top-trending,28,15585
2026-10-08T13:25:58Z,10436530264,explore,top-trending,29,20897
2026-10-08T13:25:58Z,10759518799,explore,top-trending,30,3909
2026-10-08T13:25:58Z,10766390665,explore,top-trending,31,5767
2026-10-08T13:25:58Z,10630800860,explore,top-trending,32,10933
2026-10-08T13:25:58Z,10767408330,explore,top-trending,33,27464
2026-10-08T13:25:58Z,3317771874,explore,top-trending,34,52056
2026-10-08T13:25:58Z,10744310825,explore,top-trending,35,23475
2026-10-08T13:25:58Z,601130232,explore,top-trending,36,26647
2026-10-08T13:25:58Z,10282097014,explore,top-trending,37,19704
2026-10-08T13:25:58Z,10766687030,explore,top-trending,38,4305
2026-10-08T13:25:58Z,5578556129,explore,top-trending,39,23944
2026-10-08T13:25:58Z,9891331827,explore,top-trending,40,5170
2026-10-08T13:25:58Z,113491250,explore,top-trending,41,2147
2026-10-08T13:25:58Z,10526463655,explore,top-trending,42,4889
2026-10-08T13:25:58Z,4342047058,explore,top-trending,43,15329
2026-10-08T13:25:58Z,648454481,explore,top-trending,44,15166
2026-10-08T13:25:58Z,10766395909,explore,top-trending,45,7259
2026-10-08T13:25:58Z,10667357873,explore,top-trending,46,6834
2026-10-08T13:25:58Z,10768176407,explore,top-trending,47,7038
2026-10-08T13:25:58Z,10764297006,explore,top-trending,48,6676
2026-10-08T13:25:58Z,10597001332,explore,top-trending,49,3543
2026-10-08T13:25:58Z,10766142497,explore,top-trending,50,3411
2026-10-08T13:25:58Z,7028566528,explore,top-trending,51,6600
2026-10-08T13:25:58Z,1526814825,explore,top-trending,52,9654
2026-10-08T13:25:58Z,10765686447,explore,top-trending,53,13564
2026-10-08T13:25:58Z,10764640833,explore,top-trending,54,4413
2026-10-08T13:25:58Z,10765951887,explore,top-trending,55,1863
2026-10-08T13:25:58Z,10765751583,explore,top-trending,56,7714
2026-10-08T13:25:58Z,10766721625,explore,top-trending,57,15828
2026-10-08T13:25:58Z,7089588429,explore,top-trending,58,33933
2026-10-08T13:25:58Z,10230942274,explore,top-trending,59,8824
2026-10-08T13:25:58Z,10766812776,explore,top-trending,60,3181
2026-10-08T13:25:58Z,10550257968,explore,top-trending,61,13371
2026-10-08T13:25:58Z,10767582899,explore,top-trending,62,6992
2026-10-08T13:25:58Z,8813969120,explore,top-trending,63,5284
2026-10-08T13:25:58Z,10742937135,explore,top-trending,64,4549
2026-10-08T13:25:58Z,10765067592,explore,top-trending,65,5632
2026-10-08T13:25:58Z,10636331438,explore,top-trending,66,8612
2026-10-08T13:25:58Z,10766502612,explore,top-trending,67,1491
2026-10-08T13:25:58Z,3541611379,explore,top-trending,68,5719
2026-10-08T13:25:58Z,10765563835,explore,top-trending,69,2163
2026-10-08T13:25:58Z,10700618962,explore,top-trending,70,9309
2026-10-08T13:25:58Z,10766222230,explore,top-trending,71,591
2026-10-08T13:25:58Z,10740316645,explore,top-trending,72,9107
2026-10-08T13:25:58Z,10767240772,explore,top-trending,73,10047
2026-10-08T13:25:58Z,10764897725,explore,top-trending,74,23300
2026-10-08T13:25:58Z,5026122481,explore,top-trending,75,2493
2026-10-08T13:25:58Z,6635513269,explore,top-trending,76,4418
2026-10-08T13:25:58Z,10561166339,explore,top-trending,77,10819
2026-10-08T13:25:58Z,10766008884,explore,top-trending,78,6251
2026-10-08T13:25:58Z,10765748731,explore,top-trending,79,1841
2026-10-08T13:25:58Z,10762757054,explore,top-trending,80,6046
2026-10-08T13:25:58Z,10732236937,explore,top-trending,81,8661
2026-10-08T13:25:58Z,5580972377,explore,top-trending,82,1913
2026-10-08T13:25:58Z,10766240516,explore,top-trending,83,8370
2026-10-08T13:25:58Z,10767138232,explore,top-trending,84,8089
2026-10-08T13:25:58Z,10741514942,explore,top-trending,85,4185
2026-10-08T13:25:58Z,2765784373,explore,top-trending,86,2735
2026-10-08T13:25:58Z,8178086002,explore,top-trending,87,14599
2026-10-08T13:25:58Z,10575295323,explore,top-trending,88,5473
2026-10-08T13:25:58Z,10635348596,explore,top-trending,89,2961
2026-10-08T13:25:58Z,2783797267,explore,top-trending,90,7307
2026-10-08T13:25:58Z,10036955953,explore,top-trending,91,8088
2026-10-08T13:25:58Z,10766364164,explore,top-trending,92,1172
2026-10-08T13:25:58Z,10766309747,explore,top-trending,93,4548
2026-10-08T13:25:58Z,184199275,explore,top-trending,94,2511
2026-10-08T13:25:58Z,10768565603,explore,up-and-coming,1,7828
2026-10-08T13:25:58Z,10764627709,explore,up-and-coming,2,76544
2026-10-08T13:25:58Z,10767922762,explore,up-and-coming,3,7674
2026-10-08T13:25:58Z,10767634248,explore,up-and-coming,4,23444
2026-10-08T13:25:58Z,10512942223,explore,up-and-coming,5,52944
2026-10-08T13:25:58Z,10765582175,explore,up-and-coming,6,14551
2026-10-08T13:25:58Z,10768176407,explore,up-and-coming,7,7038
2026-10-08T13:25:58Z,10765288803,explore,up-and-coming,8,129711
2026-10-08T13:25:58Z,10766056678,explore,up-and-coming,9,27902
2026-10-08T13:25:58Z,10765298801,explore,up-and-coming,10,36118
2026-10-08T13:25:58Z,10767408330,explore,up-and-coming,11,27338
2026-10-08T13:25:58Z,10282097014,explore,up-and-coming,12,19704
2026-10-08T13:25:58Z,10766812776,explore,up-and-coming,13,3195
2026-10-08T13:25:58Z,10766142497,explore,up-and-coming,14,3411
2026-10-08T13:25:58Z,10597001332,explore,up-and-coming,15,3543
2026-10-08T13:25:58Z,10766390665,explore,up-and-coming,16,5738
2026-10-08T13:25:58Z,10766395909,explore,up-and-coming,17,7259
2026-10-08T13:25:58Z,10765951887,explore,up-and-coming,18,1863
2026-10-08T13:25:58Z,10767582899,explore,up-and-coming,19,6992
2026-10-08T13:25:58Z,10766222230,explore,up-and-coming,20,553
2026-10-08T13:25:58Z,10767012496,explore,up-and-coming,21,6498
2026-10-08T13:25:58Z,10765748731,explore,up-and-coming,22,1841
2026-10-08T13:25:58Z,10767138232,explore,up-and-coming,23,8089
2026-10-08T13:25:58Z,10766502612,explore,up-and-coming,24,1565
2026-10-08T13:25:58Z,10766240516,explore,up-and-coming,25,8370
2026-10-08T13:25:58Z,10765563835,explore,up-and-coming,26,2163
2026-10-08T13:25:58Z,10766506199,explore,up-and-coming,27,15843
2026-10-08T13:25:58Z,10765686447,explore,up-and-coming,28,13415
2026-10-08T13:25:58Z,10765067592,explore,up-and-coming,29,5632
2026-10-08T13:25:58Z,10766721625,explore,up-and-coming,30,15828
2026-10-08T13:25:58Z,10767628417,explore,up-and-coming,31,3109
2026-10-08T13:25:58Z,10767825538,explore,up-and-coming,32,65061
2026-10-08T13:25:58Z,10766687030,explore,up-and-coming,33,4305
2026-10-08T13:25:58Z,10767240772,explore,up-and-coming,34,10047
2026-10-08T13:25:58Z,10769066324,explore,up-and-coming,35,2236
2026-10-08T13:25:58Z,10765906597,explore,up-and-coming,36,2441
2026-10-08T13:25:58Z,10767657583,explore,up-and-coming,37,603
2026-10-08T13:25:58Z,10767826343,explore,up-and-coming,38,2491
2026-10-08T13:25:58Z,10767858548,explore,up-and-coming,39,1625
2026-10-08T13:25:58Z,10768202113,explore,up-and-coming,40,3945
2026-10-08T13:25:58Z,10766008884,explore,up-and-coming,41,6251
2026-10-08T13:25:58Z,10765153945,explore,up-and-coming,42,9084
2026-10-08T13:25:58Z,10765950109,explore,up-and-coming,43,4350
2026-10-08T13:25:58Z,10766004084,explore,up-and-coming,44,2500
2026-10-08T13:25:58Z,10675117523,explore,up-and-coming,45,13438
2026-10-08T13:25:58Z,10766309747,explore,up-and-coming,46,4548
2026-10-08T13:25:58Z,10764989090,explore,up-and-coming,47,1592
2026-10-08T13:25:58Z,10767912502,explore,up-and-coming,48,1256
2026-10-08T13:25:58Z,10764980068,explore,up-and-coming,49,2385
2026-10-08T13:25:58Z,10767566226,explore,up-and-coming,50,15250
2026-10-08T13:25:58Z,10757704931,explore,up-and-coming,51,4896
2026-10-08T13:25:58Z,10766725034,explore,up-and-coming,52,6595
2026-10-08T13:25:58Z,10768468695,explore,up-and-coming,53,1149
2026-10-08T13:25:58Z,10767957681,explore,up-and-coming,54,1761
2026-10-08T13:25:58Z,10765637643,explore,up-and-coming,55,7180
2026-10-08T13:25:58Z,10039889230,explore,up-and-coming,56,9387
2026-10-08T13:25:58Z,10766773917,explore,up-and-coming,57,2577
2026-10-08T13:25:58Z,10766364164,explore,up-and-coming,58,1122
2026-10-08T13:25:58Z,10766009412,explore,up-and-coming,59,1235
2026-10-08T13:25:58Z,10765764482,explore,up-and-coming,60,2080
2026-10-08T13:25:58Z,10765091041,explore,up-and-coming,61,8754
2026-10-08T13:25:58Z,10563114921,explore,top-playing-now,1,1591889
2026-10-08T13:25:58Z,1686885941,explore,top-playing-now,2,310102
2026-10-08T13:25:58Z,7326934954,explore,top-playing-now,3,213375
2026-10-08T13:25:58Z,994732206,explore,top-playing-now,4,203369
2026-10-08T13:25:58Z,383310974,explore,top-playing-now,5,172657
2026-10-08T13:25:58Z,66654135,explore,top-playing-now,6,164064
2026-10-08T13:25:58Z,6035872082,explore,top-playing-now,7,161306
2026-10-08T13:25:58Z,10765288803,explore,top-playing-now,8,129711
2026-10-08T13:25:58Z,3508322461,explore,top-playing-now,9,117509
2026-10-08T13:25:58Z,5569032992,explore,top-playing-now,10,114761
2026-10-08T13:25:58Z,10035204815,explore,top-playing-now,11,106101
2026-10-08T13:25:58Z,9584852943,explore,top-playing-now,12,95211
2026-10-08T13:25:58Z,7709344486,explore,top-playing-now,13,93591
2026-10-08T13:25:58Z,6701277882,explore,top-playing-now,14,80742
2026-10-08T13:25:58Z,10764627709,explore,top-playing-now,15,76544
2026-10-08T13:25:58Z,6739698191,explore,top-playing-now,16,69653
2026-10-08T13:25:58Z,5750914919,explore,top-playing-now,17,68877
2026-10-08T13:25:58Z,5595353122,explore,top-playing-now,18,66048
2026-10-08T13:25:58Z,10767825538,explore,top-playing-now,19,65061
2026-10-08T13:25:58Z,10708913337,explore,top-playing-now,20,59927
2026-10-08T13:25:58Z,6331902150,explore,top-playing-now,21,53265
2026-10-08T13:25:58Z,10512942223,explore,top-playing-now,22,52944
2026-10-08T13:25:58Z,3808081382,explore,top-playing-now,23,52860
2026-10-08T13:25:58Z,2711375305,explore,top-playing-now,24,52541
2026-10-08T13:25:58Z,3317771874,explore,top-playing-now,25,52116
2026-10-08T13:25:58Z,6931042565,explore,top-playing-now,26,49421
2026-10-08T13:25:58Z,2440500124,explore,top-playing-now,27,46494
2026-10-08T13:25:58Z,3647333358,explore,top-playing-now,28,44348
2026-10-08T13:25:58Z,5203828273,explore,top-playing-now,29,43656
2026-10-08T13:25:58Z,10684750879,explore,top-playing-now,30,40534
2026-10-08T13:25:58Z,10155360168,explore,top-playing-now,31,39910
2026-10-08T13:25:58Z,703124385,explore,top-playing-now,32,38610
2026-10-08T13:25:58Z,10685282333,explore,top-playing-now,33,38417
2026-10-08T13:25:58Z,2668101271,explore,top-playing-now,34,36538
2026-10-08T13:25:58Z,10765298801,explore,top-playing-now,35,36045
2026-10-08T13:25:58Z,7089588429,explore,top-playing-now,36,33933
2026-10-08T13:25:58Z,5361032378,explore,top-playing-now,37,33123
2026-10-08T13:25:58Z,7265977477,explore,top-playing-now,38,31868
2026-10-08T13:25:58Z,10148749921,explore,top-playing-now,39,31709
2026-10-08T13:25:58Z,10765785152,explore,top-playing-now,40,28517
2026-10-08T13:25:58Z,10766056678,explore,top-playing-now,41,27780
2026-10-08T13:25:58Z,10767408330,explore,top-playing-now,42,27464
2026-10-08T13:25:58Z,601130232,explore,top-playing-now,43,26692
2026-10-08T13:25:58Z,9491545867,explore,top-playing-now,44,25656
2026-10-08T13:25:58Z,6765805766,explore,top-playing-now,45,25294
2026-10-08T13:25:58Z,1202096104,explore,top-playing-now,46,24913
2026-10-08T13:25:58Z,5578556129,explore,top-playing-now,47,23944
2026-10-08T13:25:58Z,10767634248,explore,top-playing-now,48,23444
2026-10-08T13:25:58Z,10744310825,explore,top-playing-now,49,23322
2026-10-08T13:25:58Z,10764897725,explore,top-playing-now,50,23300
2026-10-08T13:25:58Z,9534705677,explore,top-playing-now,51,23121
2026-10-08T13:25:58Z,2619619496,explore,top-playing-now,52,22327
2026-10-08T13:25:58Z,10258991999,explore,top-playing-now,53,21772
2026-10-08T13:25:58Z,88070565,explore,top-playing-now,54,21746
2026-10-08T13:25:58Z,10753751277,explore,top-playing-now,55,21233
2026-10-08T13:25:58Z,3240075297,explore,top-playing-now,56,21159
2026-10-08T13:25:58Z,5995470825,explore,top-playing-now,57,20692
2026-10-08T13:25:58Z,6521100398,explore,top-playing-now,58,20475
2026-10-08T13:25:58Z,10436530264,explore,top-playing-now,59,20460
2026-10-08T13:25:58Z,7436755782,explore,top-playing-now,60,19972
2026-10-08T13:25:58Z,10282097014,explore,top-playing-now,61,19704
2026-10-08T13:25:58Z,4839802560,explore,top-playing-now,62,19120
2026-10-08T13:25:58Z,10649255304,explore,top-playing-now,63,18989
2026-10-08T13:25:58Z,7219654364,explore,top-playing-now,64,17887
2026-10-08T13:25:58Z,4949420752,explore,top-playing-now,65,17879
2026-10-08T13:25:58Z,4777817887,explore,top-playing-now,66,17609
2026-10-08T13:25:58Z,10399136326,explore,top-playing-now,67,17512
2026-10-08T13:25:58Z,1451869528,explore,top-playing-now,68,17345
2026-10-08T13:25:58Z,4049246711,explore,top-playing-now,69,17300
2026-10-08T13:25:58Z,9978329815,explore,top-playing-now,70,17189
2026-10-08T13:25:58Z,9167377564,explore,top-playing-now,71,16990
2026-10-08T13:25:58Z,10765012427,explore,top-playing-now,72,16508
2026-10-08T13:25:58Z,10764479526,explore,top-playing-now,73,16495
2026-10-08T13:25:58Z,2936053166,explore,top-playing-now,74,16279
2026-10-08T13:25:58Z,9294074907,explore,top-playing-now,75,16178
2026-10-08T13:25:58Z,1831550657,explore,top-playing-now,76,15961
2026-10-08T13:25:58Z,10766506199,explore,top-playing-now,77,15843
2026-10-08T13:25:58Z,10766721625,explore,top-playing-now,78,15828
2026-10-08T13:25:58Z,4983034985,explore,top-playing-now,79,15639
2026-10-08T13:25:58Z,10756011174,explore,top-playing-now,80,15533
2026-10-08T13:25:58Z,4342047058,explore,top-playing-now,81,15329
2026-10-08T13:25:58Z,10767566226,explore,top-playing-now,82,15299
2026-10-08T13:25:58Z,648454481,explore,top-playing-now,83,15176
2026-10-08T13:25:58Z,10741654282,explore,top-playing-now,84,15170
2026-10-08T13:25:58Z,10460801145,explore,top-playing-now,85,14979
2026-10-08T13:25:58Z,7554119808,explore,top-playing-now,86,14974
2026-10-08T13:25:58Z,10371406677,explore,top-playing-now,87,14811
2026-10-08T13:25:58Z,10765582175,explore,top-playing-now,88,14551
2026-10-08T13:25:58Z,10767824942,explore,top-playing-now,89,14540
2026-10-08T13:25:58Z,10004244222,explore,top-playing-now,90,14498
2026-10-08T13:25:58Z,7633926880,explore,top-playing-now,91,14493
2026-10-08T13:25:58Z,8178086002,explore,top-playing-now,92,14421
2026-10-08T13:25:58Z,10030829154,explore,top-playing-now,93,14352
2026-10-08T13:25:58Z,6176333237,explore,top-playing-now,94,14020
2026-10-08T13:25:58Z,9825259729,explore,top-playing-now,95,13827
2026-10-08T13:25:58Z,10768399922,explore,top-playing-now,96,13784
2026-10-08T13:25:58Z,10675117523,explore,top-playing-now,97,13431
2026-10-08T13:25:58Z,10765686447,explore,top-playing-now,98,13415
2026-10-08T13:25:58Z,210851291,explore,top-playing-now,99,13233
2026-10-08T13:25:58Z,3359505957,explore,fun-with-friends,1,3005
2026-10-08T13:25:58Z,6949043989,explore,fun-with-friends,2,2702
2026-10-08T13:25:58Z,6385532960,explore,fun-with-friends,3,3115
2026-10-08T13:25:58Z,4991126644,explore,fun-with-friends,4,850
2026-10-08T13:25:58Z,10415694629,explore,fun-with-friends,5,4822
2026-10-08T13:25:58Z,1000233041,explore,fun-with-friends,6,10263
2026-10-08T13:25:58Z,6619936488,explore,fun-with-friends,7,2674
2026-10-08T13:25:58Z,10737656087,explore,fun-with-friends,8,1481
2026-10-08T13:25:58Z,6726637224,explore,fun-with-friends,9,1607
2026-10-08T13:25:58Z,5580972377,explore,fun-with-friends,10,1913
2026-10-08T13:25:58Z,10742937135,explore,fun-with-friends,11,4549
2026-10-08T13:25:58Z,1008451066,explore,fun-with-friends,12,1783
2026-10-08T13:25:58Z,10762757054,explore,fun-with-friends,13,6005
2026-10-08T13:25:58Z,10759638075,explore,fun-with-friends,14,5056
2026-10-08T13:25:58Z,10765167636,explore,fun-with-friends,15,4539
2026-10-08T13:25:58Z,7414497778,explore,fun-with-friends,16,2446
2026-10-08T13:25:58Z,7178032757,explore,fun-with-friends,17,5209
2026-10-08T13:25:58Z,6701277882,explore,fun-with-friends,18,80519
2026-10-08T13:25:58Z,9908641400,explore,fun-with-friends,19,793
2026-10-08T13:25:58Z,10766390665,explore,fun-with-friends,20,5738
2026-10-08T13:25:58Z,9885372266,explore,fun-with-friends,21,2591
2026-10-08T13:25:58Z,1494262959,explore,fun-with-friends,22,1664
2026-10-08T13:25:58Z,6739698191,explore,fun-with-friends,23,69728
2026-10-08T13:25:58Z,1686885941,explore,fun-with-friends,24,308926
2026-10-08T13:25:58Z,6945584306,explore,fun-with-friends,25,6576
2026-10-08T13:25:58Z,66654135,explore,fun-with-friends,26,164064
2026-10-08T13:25:58Z,7108384194,explore,fun-with-friends,27,10295
2026-10-08T13:25:58Z,2668101271,explore,fun-with-friends,28,36643
2026-10-08T13:25:58Z,1946714362,explore,fun-with-friends,29,1256
2026-10-08T13:25:58Z,4839802560,explore,fun-with-friends,30,19120
2026-10-08T13:25:58Z,7554119808,explore,fun-with-friends,31,14974
2026-10-08T13:25:58Z,1278035280,explore,fun-with-friends,32,4165
2026-10-08T13:25:58Z,10764627709,explore,fun-with-friends,33,76984
2026-10-08T13:25:58Z,10764613327,explore,fun-with-friends,34,2925
2026-10-08T13:25:58Z,7208219743,explore,fun-with-friends,35,680
2026-10-08T13:25:58Z,3990106548,explore,fun-with-friends,36,2822
2026-10-08T13:25:58Z,6925303818,explore,fun-with-friends,37,785
2026-10-08T13:25:58Z,372226183,explore,fun-with-friends,38,11128
2026-10-08T13:25:58Z,4676287985,explore,fun-with-friends,39,915
2026-10-08T13:25:58Z,892043755,explore,fun-with-friends,40,2265
2026-10-08T13:25:58Z,4582358979,explore,fun-with-friends,41,1716
2026-10-08T13:25:58Z,4348829796,explore,fun-with-friends,42,9112
2026-10-08T13:25:58Z,7629331599,explore,fun-with-friends,43,5160
2026-10-08T13:25:58Z,10189903609,explore,fun-with-friends,44,4316
2026-10-08T13:25:58Z,4983034985,explore,fun-with-friends,45,15585
2026-10-08T13:25:58Z,6765805766,explore,fun-with-friends,46,25294
2026-10-08T13:25:58Z,6749060816,explore,fun-with-friends,47,5643
2026-10-08T13:25:58Z,4987856151,explore,fun-with-friends,48,12840
2026-10-08T13:25:58Z,1526814825,explore,fun-with-friends,49,9654
2026-10-08T13:25:58Z,10153098880,explore,fun-with-friends,50,1961
2026-10-08T13:25:58Z,5829613337,explore,fun-with-friends,51,2436
2026-10-08T13:25:58Z,10171934713,explore,fun-with-friends,52,1300
2026-10-08T13:25:58Z,2711375305,explore,fun-with-friends,53,52541
2026-10-08T13:25:58Z,110181652,explore,fun-with-friends,54,1502
2026-10-08T13:25:58Z,6275120808,explore,fun-with-friends,55,891
2026-10-08T13:25:58Z,6521100398,explore,fun-with-friends,56,20270
2026-10-08T13:25:58Z,1312971993,explore,fun-with-friends,57,1523
2026-10-08T13:25:58Z,10762388019,explore,fun-with-friends,58,6747
2026-10-08T13:25:58Z,1709917610,explore,fun-with-friends,59,1333
2026-10-08T13:25:58Z,1831550657,explore,fun-with-friends,60,15961
2026-10-08T13:25:58Z,5039839070,explore,fun-with-friends,61,3858
2026-10-08T13:25:58Z,4568630521,explore,fun-with-friends,62,3940
2026-10-08T13:25:58Z,3508322461,explore,fun-with-friends,63,117509
2026-10-08T13:25:58Z,10765582175,explore,fun-with-friends,64,14551
2026-10-08T13:25:58Z,3240075297,explore,fun-with-friends,65,20849
2026-10-08T13:25:58Z,7856039629,explore,fun-with-friends,66,6182
2026-10-08T13:25:58Z,2471084,explore,fun-with-friends,67,6818
2026-10-08T13:25:58Z,10765927544,explore,fun-with-friends,68,1541
2026-10-08T13:25:58Z,4181957649,explore,fun-with-friends,69,2563
2026-10-08T13:25:58Z,10126644530,explore,fun-with-friends,70,10333
2026-10-08T13:25:58Z,6504986360,explore,fun-with-friends,71,6950
2026-10-08T13:25:58Z,7219654364,explore,fun-with-friends,72,17559
2026-10-08T13:25:58Z,3808081382,explore,fun-with-friends,73,52417
2026-10-08T13:25:58Z,245662005,explore,fun-with-friends,74,5757
2026-10-08T13:25:58Z,10526853622,explore,fun-with-friends,75,8037
2026-10-08T13:25:58Z,1087859240,explore,fun-with-friends,76,909
2026-10-08T13:25:58Z,7970033072,explore,fun-with-friends,77,1086
2026-10-08T13:25:58Z,10533638982,explore,fun-with-friends,78,2509
2026-10-08T13:25:58Z,210851291,explore,fun-with-friends,79,13233
2026-10-08T13:25:58Z,10195997258,explore,fun-with-friends,80,2195
2026-10-08T13:25:58Z,10504918958,explore,fun-with-friends,81,2106
2026-10-08T13:25:58Z,6331902150,explore,fun-with-friends,82,53265
2026-10-08T13:25:58Z,10261267004,explore,fun-with-friends,83,11689
2026-10-08T13:25:58Z,4777817887,explore,fun-with-friends,84,17602
2026-10-08T13:25:58Z,10155360168,explore,fun-with-friends,85,39910
2026-10-08T13:25:58Z,5569032992,explore,top-revisited,1,114761
2026-10-08T13:25:58Z,6945584306,explore,top-revisited,2,6576
2026-10-08T13:25:58Z,1946714362,explore,top-revisited,3,1256
2026-10-08T13:25:58Z,1087859240,explore,top-revisited,4,909
2026-10-08T13:25:58Z,5599532653,explore,top-revisited,5,1014
2026-10-08T13:25:58Z,5578556129,explore,top-revisited,6,23951
2026-10-08T13:25:58Z,3541611379,explore,top-revisited,7,5719
2026-10-08T13:25:58Z,3508322461,explore,top-revisited,8,117509
2026-10-08T13:25:58Z,10737656087,explore,top-revisited,9,1481
2026-10-08T13:25:58Z,10422038064,explore,top-revisited,10,1372
2026-10-08T13:25:58Z,4150150482,explore,top-revisited,11,730
2026-10-08T13:25:58Z,8824087733,explore,top-revisited,12,271
2026-10-08T13:25:58Z,6190071862,explore,top-revisited,13,1776
2026-10-08T13:25:58Z,10762636904,explore,top-revisited,14,3386
2026-10-08T13:25:58Z,4260784961,explore,top-revisited,15,44
2026-10-08T13:25:58Z,6385532960,explore,top-revisited,16,3115
2026-10-08T13:25:58Z,5750914919,explore,top-revisited,17,68877
2026-10-08T13:25:58Z,3936365689,explore,top-revisited,18,1259
2026-10-08T13:25:58Z,3359505957,explore,top-revisited,19,3008
2026-10-08T13:25:58Z,10502841145,explore,top-revisited,20,11348
2026-10-08T13:25:58Z,5039839070,explore,top-revisited,21,3858
2026-10-08T13:25:58Z,4743794878,explore,top-revisited,22,1242
2026-10-08T13:25:58Z,7882785167,explore,top-revisited,23,2133
2026-10-08T13:25:58Z,114967577,explore,top-revisited,24,505
2026-10-08T13:25:58Z,5361032378,explore,top-revisited,25,33066
2026-10-08T13:25:58Z,3747388906,explore,top-revisited,26,828
2026-10-08T13:25:58Z,8333899831,explore,top-revisited,27,309
2026-10-08T13:25:58Z,9865604662,explore,top-revisited,28,51
2026-10-08T13:25:58Z,6925303818,explore,top-revisited,29,782
2026-10-08T13:25:58Z,578392296,explore,top-revisited,30,11582
2026-10-08T13:25:58Z,9931749389,explore,top-revisited,31,6138
2026-10-08T13:25:58Z,648454481,explore,top-revisited,32,15166
2026-10-08T13:25:58Z,10563114921,explore,top-revisited,33,1591889
2026-10-08T13:25:58Z,8524572339,explore,top-revisited,34,1992
2026-10-08T13:25:58Z,5488708927,explore,top-revisited,35,303
2026-10-08T13:25:58Z,2682938349,explore,top-revisited,36,3442
2026-10-08T13:25:58Z,6504986360,explore,top-revisited,37,6950
2026-10-08T13:25:58Z,3837114739,explore,top-revisited,38,586
2026-10-08T13:25:58Z,10765927544,explore,top-revisited,39,1541
2026-10-08T13:25:58Z,9031167776,explore,top-revisited,40,237
2026-10-08T13:25:58Z,9046580625,explore,top-revisited,41,125
2026-10-08T13:25:58Z,2765784373,explore,top-revisited,42,2735
2026-10-08T13:25:58Z,6331902150,explore,top-revisited,43,53265
2026-10-08T13:25:58Z,994732206,explore,top-revisited,44,203369
2026-10-08T13:25:58Z,9948575164,explore,top-revisited,45,1784
2026-10-08T13:25:58Z,383310974,explore,top-revisited,46,174196
2026-10-08T13:25:58Z,10764333084,explore,top-revisited,47,300
2026-10-08T13:25:58Z,3913007563,explore,top-revisited,48,2473
2026-10-08T13:25:58Z,3478678937,explore,top-revisited,49,201
2026-10-08T13:25:58Z,1831550657,explore,top-revisited,50,15961
2026-10-08T13:25:58Z,5315312115,explore,top-revisited,51,119
2026-10-08T13:25:58Z,9965411707,explore,top-revisited,52,3728
2026-10-08T13:25:58Z,1374118848,explore,top-revisited,53,394
2026-10-08T13:25:58Z,2640407187,explore,top-revisited,54,5763
2026-10-08T13:25:58Z,10452420697,explore,top-revisited,55,84
2026-10-08T13:25:58Z,7178032757,explore,top-revisited,56,5209
2026-10-08T13:25:58Z,10090818841,explore,top-revisited,57,398
2026-10-08T13:25:58Z,3289847355,explore,top-revisited,58,337
2026-10-08T13:25:58Z,1531130248,explore,top-revisited,59,2047
2026-10-08T13:25:58Z,7350402084,explore,top-revisited,60,433
2026-10-08T13:25:58Z,9940489814,explore,top-revisited,61,156
2026-10-08T13:25:58Z,3047037061,explore,top-revisited,62,2003
2026-10-08T13:25:58Z,6280758286,explore,top-revisited,63,1765
2026-10-08T13:25:58Z,6682487255,explore,top-revisited,64,5371
2026-10-08T13:25:58Z,3634139746,explore,top-revisited,65,339
2026-10-08T13:25:58Z,10428543942,explore,top-revisited,66,256
2026-10-08T13:25:58Z,9229146348,explore,top-revisited,67,442
2026-10-08T13:25:58Z,3808081382,explore,top-revisited,68,52417
2026-10-08T13:25:58Z,9362896961,explore,top-revisited,69,3222
2026-10-08T13:25:58Z,4938220315,explore,top-revisited,70,1740
2026-10-08T13:25:58Z,6931042565,explore,top-revisited,71,49112
2026-10-08T13:25:58Z,6035872082,explore,top-revisited,72,162347
2026-10-08T13:25:58Z,4342047058,explore,top-revisited,73,15394
2026-10-08T13:25:58Z,10491385664,explore,top-revisited,74,61
2026-10-08T13:25:58Z,10638048650,explore,top-revisited,75,866
2026-10-08T13:25:58Z,1316421563,explore,top-revisited,76,237
2026-10-08T13:25:58Z,7444113888,explore,top-revisited,77,55
2026-10-08T13:25:58Z,1494262959,explore,top-revisited,78,1664
2026-10-08T13:25:58Z,6765805766,explore,top-revisited,79,25294
2026-10-08T13:25:58Z,2440500124,explore,top-revisited,80,46016
2026-10-08T13:25:58Z,123956318,explore,top-revisited,81,319
2026-10-08T13:25:58Z,9219838330,explore,top-revisited,82,393
2026-10-08T13:25:58Z,10764627709,explore,top-revisited,83,76544
2026-10-08T13:25:58Z,7219654364,explore,top-revisited,84,17559
2026-10-08T13:25:58Z,10245012052,explore,top-revisited,85,335
2026-10-08T13:25:58Z,10563114921,explore,top-earning,1,1591889
2026-10-08T13:25:58Z,994732206,explore,top-earning,2,203369
2026-10-08T13:25:58Z,5595353122,explore,top-earning,3,66300
2026-10-08T13:25:58Z,6035872082,explore,top-earning,4,162347
2026-10-08T13:25:58Z,383310974,explore,top-earning,5,172657
2026-10-08T13:25:58Z,4777817887,explore,top-earning,6,17609
2026-10-08T13:25:58Z,5750914919,explore,top-earning,7,69242
2026-10-08T13:25:58Z,5569032992,explore,top-earning,8,114761
2026-10-08T13:25:58Z,3508322461,explore,top-earning,9,117509
2026-10-08T13:25:58Z,3317771874,explore,top-earning,10,52056
2026-10-08T13:25:58Z,10765012427,explore,top-earning,11,16456
2026-10-08T13:25:58Z,9534705677,explore,top-earning,12,23049
2026-10-08T13:25:58Z,648454481,explore,top-earning,13,15166
2026-10-08T13:25:58Z,66654135,explore,top-earning,14,164064
2026-10-08T13:25:58Z,10684750879,explore,top-earning,15,40725
2026-10-08T13:25:58Z,10035204815,explore,top-earning,16,106101
2026-10-08T13:25:58Z,578392296,explore,top-earning,17,11582
2026-10-08T13:25:58Z,6931042565,explore,top-earning,18,49421
2026-10-08T13:25:58Z,1176784616,explore,top-earning,19,11737
2026-10-08T13:25:58Z,2440500124,explore,top-earning,20,46494
2026-10-08T13:25:58Z,4750561026,explore,top-earning,21,7870
2026-10-08T13:25:58Z,10708913337,explore,top-earning,22,59927
2026-10-08T13:25:58Z,10732236937,explore,top-earning,23,8719
2026-10-08T13:25:58Z,3541611379,explore,top-earning,24,5719
2026-10-08T13:25:58Z,5995470825,explore,top-earning,25,20844
2026-10-08T13:25:58Z,6331902150,explore,top-earning,26,53265
2026-10-08T13:25:58Z,10258991999,explore,top-earning,27,21772
2026-10-08T13:25:58Z,2619619496,explore,top-earning,28,22327
2026-10-08T13:25:58Z,10764627709,explore,top-earning,29,76544
2026-10-08T13:25:58Z,7326934954,explore,top-earning,30,213375
2026-10-08T13:25:58Z,10436530264,explore,top-earning,31,20460
2026-10-08T13:25:58Z,9931749389,explore,top-earning,32,6138
2026-10-08T13:25:58Z,9837612476,explore,top-earning,33,8370
2026-10-08T13:25:58Z,1831550657,explore,top-earning,34,15961
2026-10-08T13:25:58Z,9584852943,explore,top-earning,35,95211
2026-10-08T13:25:58Z,1016936714,explore,top-earning,36,9708
2026-10-08T13:25:58Z,10685282333,explore,top-earning,37,38417
2026-10-08T13:25:58Z,9891331827,explore,top-earning,38,5170
2026-10-08T13:25:58Z,1686885941,explore,top-earning,39,308926
2026-10-08T13:25:58Z,903807016,explore,top-earning,40,3924
2026-10-08T13:25:58Z,88070565,explore,top-earning,41,21746
2026-10-08T13:25:58Z,1235188606,explore,top-earning,42,5992
2026-10-08T13:25:58Z,7264587281,explore,top-earning,43,2262
2026-10-08T13:25:58Z,5203828273,explore,top-earning,44,43656
2026-10-08T13:25:58Z,7633926880,explore,top-earning,45,14493
2026-10-08T13:25:58Z,10643795368,explore,top-earning,46,4211
2026-10-08T13:25:58Z,3808081382,explore,top-earning,47,52860
2026-10-08T13:25:58Z,10756011174,explore,top-earning,48,15533
2026-10-08T13:25:58Z,1946714362,explore,top-earning,49,1256
2026-10-08T13:25:58Z,10148749921,explore,top-earning,50,31790
2026-10-08T13:25:58Z,7709344486,explore,top-earning,51,93572
2026-10-08T13:25:58Z,10173311467,explore,top-earning,52,8625
2026-10-08T13:25:58Z,4658598196,explore,top-earning,53,12530
2026-10-08T13:25:58Z,5578556129,explore,top-earning,54,23944
2026-10-08T13:25:58Z,6682487255,explore,top-earning,55,5371
2026-10-08T13:25:58Z,10261267004,explore,top-earning,56,11689
2026-10-08T13:25:58Z,3990106548,explore,top-earning,57,2813
2026-10-08T13:25:58Z,10741792653,explore,top-earning,58,2253
2026-10-08T13:25:58Z,10700618962,explore,top-earning,59,9306
2026-10-08T13:25:58Z,5361032378,explore,top-earning,60,33066
2026-10-08T13:25:58Z,3183403065,explore,top-earning,61,2359
2026-10-08T13:25:58Z,10667357873,explore,top-earning,62,6818
2026-10-08T13:25:58Z,7585140258,explore,top-earning,63,9967
2026-10-08T13:25:58Z,1526814825,explore,top-earning,64,9654
2026-10-08T13:25:58Z,1516533665,explore,top-earning,65,11137
2026-10-08T13:25:58Z,601130232,explore,top-earning,66,26647
2026-10-08T13:25:58Z,10765298801,explore,top-earning,67,36118
2026-10-08T13:25:58Z,6749060816,explore,top-earning,68,5643
2026-10-08T13:25:58Z,6945584306,explore,top-earning,69,6576
2026-10-08T13:25:58Z,10512942223,explore,top-earning,70,52944
2026-10-08T13:25:58Z,4991126644,explore,top-earning,71,850
2026-10-08T13:25:58Z,10636331438,explore,top-earning,72,8612
2026-10-08T13:25:58Z,9641502068,explore,top-earning,73,12034
2026-10-08T13:25:58Z,10155360168,explore,top-earning,74,39910
2026-10-08T13:25:58Z,3936365689,explore,top-earning,75,1259
2026-10-08T13:25:58Z,9855761734,explore,top-earning,76,12777
2026-10-08T13:25:58Z,6760085372,explore,top-earning,77,4944
2026-10-08T13:25:58Z,3647333358,explore,top-earning,78,44185
2026-10-08T13:25:58Z,10624691669,explore,top-earning,79,8597
2026-10-08T13:25:58Z,321778215,explore,top-earning,80,5932
2026-10-08T13:25:58Z,371263894,explore,top-earning,81,3613
2026-10-08T13:25:58Z,10039889230,explore,top-earning,82,9387
2026-10-08T13:25:58Z,7008097940,explore,top-earning,83,10590
2026-10-08T13:25:58Z,7028566528,explore,top-earning,84,6600
2026-10-08T13:25:58Z,245662005,explore,top-earning,85,5757
2026-10-08T13:25:58Z,10759638075,explore,top-earning,86,5055
2026-10-08T13:25:58Z,7265339759,explore,top-earning,87,826
2026-10-08T13:25:58Z,1390601379,explore,top-earning,88,1429
2026-10-08T13:25:58Z,10675117523,explore,top-earning,89,13431
2026-10-08T13:25:58Z,10552240401,explore,top-earning,90,4172
2026-10-08T13:25:58Z,10282097014,explore,top-earning,91,19704
2026-10-08T13:25:58Z,7395930870,explore,top-earning,92,10775
2026-10-08T13:25:58Z,6385532960,explore,top-earning,93,3115
2026-10-08T13:25:58Z,6701277882,explore,top-earning,94,80742
2026-10-08T13:25:58Z,8524572339,explore,top-earning,95,1992
2026-10-08T13:25:58Z,9582986239,explore,top-earning,96,3231
2026-10-08T13:25:58Z,10717002748,explore,top-earning,97,8519
2026-10-08T13:25:58Z,3110388936,explore,top-earning,98,2137
2026-10-08T13:25:58Z,10765288803,explore,top-earning,99,129711
2026-10-08T13:25:58Z,10321202755,explore,top-earning,100,6498
2026-10-08T13:25:58Z,6325068386,explore,top-earning,101,13050
2026-10-08T13:25:58Z,10748543623,explore,top-earning,102,3811
2026-10-08T13:25:58Z,10532995815,explore,top-earning,103,5422
2026-10-08T13:25:58Z,113491250,explore,top-earning,104,2147
2026-10-08T13:25:58Z,10740316645,explore,top-earning,105,9129
2026-10-08T13:25:58Z,7970033072,explore,top-earning,106,1102
2026-10-08T13:25:58Z,1202096104,explore,top-earning,107,24913
2026-10-08T13:25:58Z,6504986360,explore,top-earning,108,6911
2026-10-08T13:25:58Z,7219654364,explore,top-earning,109,17887
2026-10-08T13:25:58Z,9872734936,explore,top-earning,110,10506
2026-10-08T13:25:58Z,2527789729,explore,top-earning,111,2610
2026-10-08T13:25:58Z,2682938349,explore,top-earning,112,3442
2026-10-08T13:25:58Z,184199275,explore,top-earning,113,2511
2026-10-08T13:25:58Z,9051406594,explore,top-earning,114,7721
2026-10-08T13:25:58Z,10246108265,explore,top-earning,115,3358
2026-10-08T13:25:58Z,9910245722,explore,top-earning,116,4148
2026-10-08T13:25:58Z,9656201728,explore,top-earning,117,1521
2026-10-08T13:25:58Z,985731078,explore,top-earning,118,1628
2026-10-08T13:25:58Z,10200395747,explore,top-earning,119,3104
2026-10-08T13:25:58Z,5166944221,explore,top-earning,120,5210
2026-10-08T13:25:58Z,9880286438,explore,top-earning,121,6941
2026-10-08T13:25:58Z,1278035280,explore,top-earning,122,4236
2026-10-08T13:25:58Z,9796898051,explore,top-earning,123,12327
2026-10-08T13:25:58Z,10231502419,explore,top-earning,124,2805
2026-10-08T13:25:58Z,7089588429,explore,top-earning,125,33933
2026-10-08T13:25:58Z,9551044479,explore,top-earning,126,3144
2026-10-08T13:25:58Z,2380077519,explore,top-earning,127,6789
2026-10-08T13:25:58Z,8520148363,explore,top-earning,128,3838
2026-10-08T13:25:58Z,10737656087,explore,top-earning,129,1481
2026-10-08T13:25:58Z,10529769390,explore,top-earning,130,8447
2026-10-08T13:25:58Z,10759337137,explore,top-earning,131,6353
2026-10-08T13:25:58Z,1494262959,explore,top-earning,132,1631
2026-10-08T13:25:58Z,6765805766,explore,top-earning,133,25294
2026-10-08T13:25:58Z,2992873140,explore,top-earning,134,11179
2026-10-08T13:25:58Z,10526853622,explore,top-earning,135,8037
2026-10-08T13:25:58Z,10440833423,explore,top-earning,136,2847
2026-10-08T13:25:58Z,10648555380,explore,top-earning,137,320
2026-10-08T13:25:58Z,10431718987,explore,top-earning,138,2823
2026-10-08T13:25:58Z,7436755782,explore,top-earning,139,19938
2026-10-08T13:25:58Z,10541331578,explore,top-earning,140,1478
2026-10-08T13:25:58Z,1525626450,explore,top-earning,141,2791
2026-10-08T13:25:58Z,7883776681,explore,top-earning,142,6777
2026-10-08T13:25:58Z,10552540426,explore,top-earning,143,1526
2026-10-08T13:25:58Z,9970645639,explore,top-earning,144,7294
2026-10-08T13:25:58Z,7094518649,explore,top-earning,145,8341
2026-10-08T13:25:58Z,2251388500,explore,top-earning,146,1750
2026-10-08T13:25:58Z,10742937135,explore,top-earning,147,4549
2026-10-08T13:25:58Z,1054526971,explore,top-earning,148,4772
2026-10-08T13:25:58Z,10765582175,explore,top-earning,149,14551
2026-10-08T13:25:58Z,8640389608,explore,top-earning,150,370
2026-10-08T13:25:58Z,2309918273,explore,top-earning,151,977
2026-10-08T13:25:58Z,1268927906,explore,top-earning,152,8678
2026-10-08T13:25:58Z,850110028,explore,top-earning,153,1844
2026-10-08T13:25:58Z,1008451066,explore,top-earning,154,1836
2026-10-08T13:25:58Z,10116272705,explore,top-earning,155,7519
2026-10-08T13:25:58Z,210851291,explore,top-earning,156,13322
2026-10-08T13:25:58Z,10550257968,explore,top-earning,157,13371
2026-10-08T13:25:58Z,10741654282,explore,top-earning,158,15007
2026-10-08T13:25:58Z,4987856151,explore,top-earning,159,12888
2026-10-08T13:25:58Z,7673659635,explore,top-earning,160,2083
2026-10-08T13:25:58Z,1782832995,explore,top-earning,161,1195
2026-10-08T13:25:58Z,10415845204,explore,top-earning,162,2630
2026-10-08T13:25:58Z,5026122481,explore,top-earning,163,2544
2026-10-08T13:25:58Z,10766812776,explore,top-earning,164,3195
2026-10-08T13:25:58Z,7613921865,explore,top-earning,165,7005
2026-10-08T13:25:58Z,4568630521,explore,top-earning,166,3940
2026-10-08T13:25:58Z,10230942274,explore,top-earning,167,8824
2026-10-08T13:25:58Z,10764887435,explore,top-earning,168,1280
2026-10-08T13:25:58Z,4931927012,explore,top-earning,169,2355
2026-10-08T13:25:58Z,10765950109,explore,top-earning,170,4384
2026-10-08T13:25:58Z,9561553764,explore,top-earning,171,11934
2026-10-08T13:25:58Z,1802741133,explore,top-earning,172,3205
2026-10-08T13:25:58Z,10399136326,explore,top-earning,173,17519
2026-10-08T13:25:58Z,10430019389,explore,top-earning,174,11437
2026-10-08T13:25:58Z,3164075108,explore,top-earning,175,2366
2026-10-08T13:25:58Z,6215986499,explore,top-earning,176,554
2026-10-08T13:25:58Z,2788648141,explore,top-earning,177,2037
2026-10-08T13:25:58Z,10504918958,explore,top-earning,178,2106
2026-10-08T13:25:58Z,5422546686,explore,top-earning,179,1792
2026-10-08T13:25:58Z,10577588270,explore,top-earning,180,2555
2026-10-08T13:25:58Z,10634461028,explore,top-earning,181,10575
2026-10-08T13:25:58Z,3747388906,explore,top-earning,182,828
2026-10-08T13:25:58Z,1451439645,explore,top-earning,183,6754
2026-10-08T13:25:58Z,8829204428,explore,top-earning,184,1662
2026-10-08T13:25:58Z,10765013362,explore,top-earning,185,7351
2026-10-08T13:25:58Z,4730278139,explore,top-earning,186,11086
2026-10-08T13:25:58Z,6061766680,explore,top-earning,187,1973
2026-10-08T13:25:58Z,10075660664,explore,top-earning,188,362
2026-10-08T13:25:58Z,10766008884,explore,top-earning,189,6251
2026-10-08T13:25:58Z,10533638982,explore,top-earning,190,2497
2026-10-08T13:25:58Z,10753751277,explore,top-earning,191,20849
2026-10-08T13:25:58Z,7629331599,explore,top-earning,192,5160
2026-10-08T13:25:58Z,10424107160,explore,top-earning,193,4061
2026-10-08T13:25:58Z,4983034985,explore,top-earning,194,15585
2026-10-08T13:25:58Z,10765579304,explore,top-earning,195,952
2026-10-08T13:25:58Z,7934320560,explore,top-earning,196,1814
2026-10-08T13:25:58Z,10765167636,explore,top-earning,197,4561
2026-10-08T13:25:58Z,703124385,explore,top-earning,198,38610
2026-10-08T13:25:58Z,10765902945,explore,top-earning,199,4499
2026-10-08T13:25:58Z,1742264997,explore,top-earning,200,1564
2026-10-08T13:25:58Z,4793836769,explore,top-earning,201,3359
2026-10-08T13:25:58Z,9788139379,explore,top-earning,202,2423
2026-10-08T13:25:58Z,8618660961,explore,top-earning,203,1437
2026-10-08T13:25:58Z,10673920146,explore,top-earning,204,11312
2026-10-08T13:25:58Z,10765708310,explore,top-earning,205,758
2026-10-08T13:25:58Z,10566677406,explore,top-earning,206,3025
2026-10-08T13:25:58Z,9885372266,explore,top-earning,207,2601
2026-10-08T13:25:58Z,5650396773,explore,top-earning,208,11882
2026-10-08T13:25:58Z,65241,explore,top-earning,209,5815
2026-10-08T13:25:58Z,10765091041,explore,top-earning,210,8754
2026-10-08T13:25:58Z,10762175328,explore,top-earning,211,268
2026-10-08T13:25:58Z,9662130710,explore,top-earning,212,8734
2026-10-08T13:25:58Z,9940812243,explore,top-earning,213,2797
2026-10-08T13:25:58Z,6161049307,explore,top-earning,214,2187
2026-10-08T13:25:58Z,10031505426,explore,top-earning,215,4092
2026-10-08T13:25:58Z,10762636904,explore,top-earning,216,3386
2026-10-08T13:25:58Z,4420562665,explore,top-earning,217,5652
2026-10-08T13:25:58Z,4457060041,explore,top-earning,218,1820
2026-10-08T13:25:58Z,31970568,explore,top-earning,219,2990
2026-10-08T13:25:58Z,10502841145,explore,top-earning,220,11348
2026-10-08T13:25:58Z,10004244222,explore,top-earning,221,14498
2026-10-08T13:25:58Z,6739698191,explore,top-earning,222,69728
2026-10-08T13:25:58Z,3405618667,explore,top-earning,223,2187
2026-10-08T13:25:58Z,6048923315,explore,top-earning,224,931
2026-10-08T13:25:58Z,2862098693,explore,top-earning,225,1944
2026-10-08T13:25:58Z,10404519332,explore,top-earning,226,1436
2026-10-08T13:25:58Z,10762388019,explore,top-earning,227,6747
2026-10-08T13:25:58Z,10031562156,explore,top-earning,228,3365
2026-10-08T13:25:58Z,4938220315,explore,top-earning,229,1740
2026-10-08T13:25:58Z,4348829796,explore,top-earning,230,9112
2026-10-08T13:25:58Z,10298144467,explore,top-earning,231,2049
2026-10-08T13:25:58Z,10389762549,explore,top-earning,232,2000
2026-10-08T13:25:58Z,10199301628,explore,top-earning,233,10666
2026-10-08T13:25:58Z,9324081218,explore,top-earning,234,107
2026-10-08T13:25:58Z,10765067592,explore,top-earning,235,5632
2026-10-08T13:25:58Z,9312646406,explore,top-earning,236,2232
2026-10-08T13:25:58Z,2783797267,explore,top-earning,237,7307
2026-10-08T13:25:58Z,9826885587,explore,top-earning,238,4800
2026-10-08T13:25:58Z,3730079862,explore,top-earning,239,4691
2026-10-08T13:25:58Z,4201418016,explore,top-earning,240,485
2026-10-08T13:25:58Z,4342047058,explore,top-earning,241,15329
2026-10-08T13:25:58Z,9950184599,explore,top-earning,242,1120
2026-10-08T13:25:58Z,6726637224,explore,top-earning,243,1634
2026-10-08T13:25:58Z,7359962123,explore,top-earning,244,2203
2026-10-08T13:25:58Z,3634139746,explore,top-earning,245,339
2026-10-08T13:25:58Z,6100103590,explore,top-earning,246,731
2026-10-08T13:25:58Z,10739044772,explore,top-earning,247,2584
2026-10-08T13:25:58Z,10765751583,explore,top-earning,248,7688
2026-10-08T13:25:58Z,9362896961,explore,top-earning,249,3232
2026-10-08T13:25:58Z,73885730,explore,top-earning,250,5432
2026-10-08T13:25:58Z,10767582899,explore,top-earning,251,6992
2026-10-08T13:25:58Z,10475794799,explore,top-earning,252,3993
2026-10-08T13:25:58Z,47545,explore,top-earning,253,7896
2026-10-08T13:25:58Z,10501944811,explore,top-earning,254,1402
2026-10-08T13:25:58Z,6336741296,explore,top-earning,255,3660
2026-10-08T13:25:58Z,274816972,explore,top-earning,256,2640
2026-10-08T13:25:58Z,1511883870,explore,top-earning,257,2189
2026-10-08T13:25:58Z,2471084,explore,top-earning,258,6818
2026-10-08T13:25:58Z,7018190066,explore,top-earning,259,12677
2026-10-08T13:25:58Z,1271059807,explore,top-earning,260,814
2026-10-08T13:25:58Z,10141042381,explore,top-earning,261,677
2026-10-08T13:25:58Z,6174994284,explore,top-earning,262,3319
2026-10-08T13:25:58Z,9317784977,explore,top-earning,263,1725
2026-10-08T13:25:58Z,10648640958,explore,top-earning,264,1623
2026-10-08T13:25:58Z,6375110339,explore,top-earning,265,2025
2026-10-08T13:25:58Z,10144587520,explore,top-earning,266,5840
2026-10-08T13:25:58Z,10336278580,explore,top-earning,267,2526
2026-10-08T13:25:58Z,10309128556,explore,top-earning,268,543
2026-10-08T13:25:58Z,10761884278,explore,top-earning,269,81
2026-10-08T13:25:58Z,10764883692,explore,top-earning,270,802
2026-10-08T13:25:58Z,10452740285,explore,top-earning,271,2396
2026-10-08T13:25:58Z,10195997258,explore,top-earning,272,2192
2026-10-08T13:25:58Z,10761200080,explore,top-earning,273,895
2026-10-08T13:25:58Z,2139712082,explore,top-earning,274,526
2026-10-08T13:25:58Z,10124403207,explore,top-earning,275,122
2026-10-08T13:25:58Z,10263732883,explore,top-earning,276,1696
2026-10-08T13:25:58Z,7703614594,explore,top-earning,277,4773
2026-10-08T13:25:58Z,9382839773,explore,top-earning,278,1947
2026-10-08T13:25:58Z,5108158764,explore,top-earning,279,779
2026-10-08T13:25:58Z,9073513091,explore,top-earning,280,1594
2026-10-08T13:25:58Z,110181652,explore,top-earning,281,1502
2026-10-08T13:25:58Z,10338952197,explore,top-earning,282,4358
2026-10-08T13:25:58Z,3419284255,explore,top-earning,283,1934
2026-10-08T13:25:58Z,10249209189,explore,top-earning,284,1246
2026-10-08T13:25:58Z,3837114739,explore,top-earning,285,586
2026-10-08T13:25:58Z,9167377564,explore,top-earning,286,16990
2026-10-08T13:25:58Z,10268960646,explore,top-earning,287,1676
2026-10-08T13:25:58Z,10593319486,explore,top-earning,288,2771
2026-10-08T13:25:58Z,4673599750,explore,top-earning,289,3930
2026-10-08T13:25:58Z,10761687472,explore,top-earning,290,4591
2026-10-08T13:25:58Z,8719555347,explore,top-earning,291,13046
2026-10-08T13:25:58Z,10764404786,explore,top-earning,292,2137
2026-10-08T13:25:58Z,7450497506,explore,top-earning,293,2486
2026-10-08T13:25:58Z,2350840700,explore,top-earning,294,1097
2026-10-08T13:25:58Z,7738524573,explore,top-earning,295,1567
2026-10-08T13:25:58Z,9511454418,explore,top-earning,296,377
2026-10-08T13:25:58Z,3012965062,explore,top-earning,297,3011
2026-10-08T13:25:58Z,7665084235,explore,top-earning,298,400
2026-10-08T13:25:58Z,892043755,explore,top-earning,299,2265
2026-10-08T13:25:58Z,21164849,explore,top-earning,300,4866
2026-10-08T13:25:58Z,10730414817,explore,top-earning,301,709
2026-10-08T13:25:58Z,10439568447,explore,top-earning,302,2957
2026-10-08T13:25:58Z,10768462078,explore,top-earning,303,2102
2026-10-08T13:25:58Z,10393438342,explore,top-earning,304,4032
2026-10-08T13:25:58Z,10761143648,explore,top-earning,305,2166
2026-10-08T13:25:58Z,3457700596,explore,top-earning,306,2207
2026-10-08T13:25:58Z,9965411707,explore,top-earning,307,3728
2026-10-08T13:25:58Z,7178032757,explore,top-earning,308,5209
2026-10-08T13:25:58Z,8356066619,explore,top-earning,309,1842
2026-10-08T13:25:58Z,7750955984,explore,top-earning,310,1104
2026-10-08T13:25:58Z,10153098880,explore,top-earning,311,1961
2026-10-08T13:25:58Z,6324644175,explore,top-earning,312,3448
2026-10-08T13:25:58Z,358276974,explore,top-earning,313,2594
2026-10-08T13:25:58Z,10310999762,explore,top-earning,314,5701
2026-10-08T13:25:58Z,9442472087,explore,top-earning,315,458
2026-10-08T13:25:58Z,10589388621,explore,top-earning,316,413
2026-10-08T13:25:58Z,10209534490,explore,top-earning,317,2962
2026-10-08T13:25:58Z,10759594563,explore,top-earning,318,2001
2026-10-08T13:25:58Z,6786784563,explore,top-earning,319,841
2026-10-08T13:25:58Z,6466404775,explore,top-earning,320,3028
2026-10-08T13:25:58Z,10759430423,explore,top-earning,321,3419
2026-10-08T13:25:58Z,2936053166,explore,top-earning,322,16279
2026-10-08T13:25:58Z,9978329815,explore,top-earning,323,17189
2026-10-08T13:25:58Z,10765190004,explore,top-earning,324,5589
2026-10-08T13:25:58Z,10665420648,explore,top-earning,325,8870
2026-10-08T13:25:58Z,10764533320,explore,top-earning,326,4057
2026-10-08T13:25:58Z,7761516673,explore,top-earning,327,2127
2026-10-08T13:25:58Z,10212081143,explore,top-earning,328,5632
2026-10-08T13:25:58Z,10572887321,explore,top-earning,329,2652
2026-10-08T13:25:58Z,98839997,explore,top-earning,330,197
2026-10-08T13:25:58Z,10471583973,explore,top-earning,331,1721
2026-10-08T13:25:58Z,5829613337,explore,top-earning,332,2436
2026-10-08T13:25:58Z,372226183,explore,top-earning,333,11128
2026-10-08T13:25:58Z,7101140819,explore,top-earning,334,792
2026-10-08T13:25:58Z,10631775021,explore,top-earning,335,2266
2026-10-08T13:25:58Z,6026405541,explore,top-earning,336,579
2026-10-08T13:25:58Z,4079077350,explore,top-earning,337,835
2026-10-08T13:25:58Z,3808223175,explore,top-earning,338,1031
2026-10-08T13:25:58Z,911750776,explore,top-earning,339,3511
2026-10-08T13:25:58Z,10764479526,explore,top-earning,340,16759
2026-10-08T13:25:58Z,10326559245,explore,top-earning,341,637
2026-10-08T13:25:58Z,10561166339,explore,top-earning,342,10811
2026-10-08T13:25:58Z,10628526114,explore,top-earning,343,3065
2026-10-08T13:25:58Z,10508386614,explore,top-earning,344,282
2026-10-08T13:25:58Z,10485201326,explore,top-earning,345,1813
2026-10-08T13:25:58Z,9584946743,explore,top-earning,346,3279
2026-10-08T13:25:58Z,10667860714,explore,top-earning,347,325
2026-10-08T13:25:58Z,10514223296,explore,top-earning,348,1560
2026-10-08T13:25:58Z,10524813259,explore,top-earning,349,1883
2026-10-08T13:25:58Z,10767240772,explore,top-earning,350,10047
2026-10-08T13:25:58Z,10762757054,explore,top-earning,351,6046
2026-10-08T13:25:58Z,9908641400,explore,top-earning,352,841
2026-10-08T13:25:58Z,10445832507,explore,top-earning,353,1350
2026-10-08T13:25:58Z,2668101271,explore,top-earning,354,36643
2026-10-08T13:25:58Z,10766494202,explore,top-earning,355,333
2026-10-08T13:25:58Z,10138624079,explore,top-earning,356,6848
2026-10-08T13:25:58Z,6329693946,explore,top-earning,357,1295
2026-10-08T13:25:58Z,10766056678,explore,top-earning,358,27780
2026-10-08T13:25:58Z,10463578886,explore,top-earning,359,722
2026-10-08T13:25:58Z,9067401541,explore,top-earning,360,439
2026-10-08T13:25:58Z,4582358979,explore,top-earning,361,1716
2026-10-08T13:25:58Z,10648820673,explore,top-earning,362,9612
2026-10-08T13:25:58Z,10759478428,explore,top-earning,363,3649
2026-10-08T13:25:58Z,10539411000,explore,top-earning,364,11652
2026-10-08T13:25:58Z,7414497778,explore,top-earning,365,2446
2026-10-08T13:25:58Z,10603011269,explore,top-earning,366,1248
2026-10-08T13:25:58Z,9098570654,explore,top-earning,367,6874
2026-10-08T13:25:58Z,4778845442,explore,top-earning,368,3916
2026-10-08T13:25:58Z,3512256796,explore,top-earning,369,1795
2026-10-08T13:25:58Z,10765686447,explore,top-earning,370,13564
2026-10-08T13:25:58Z,2822776643,explore,top-earning,371,4506
2026-10-08T13:25:58Z,8841437826,explore,top-earning,372,1615
2026-10-08T13:25:58Z,9150731899,explore,top-earning,373,1801
2026-10-08T13:25:58Z,98929893,explore,top-earning,374,1024
2026-10-08T13:25:58Z,8964956538,explore,top-earning,375,2052
2026-10-08T13:25:58Z,8946565814,explore,top-earning,376,2151
2026-10-08T13:25:58Z,1720936166,explore,top-earning,377,2271
2026-10-08T13:25:58Z,9348272796,explore,top-earning,378,6550
2026-10-08T13:25:58Z,6170143659,explore,top-earning,379,3287
2026-10-08T13:25:58Z,1165835263,explore,top-earning,380,286
2026-10-08T13:25:58Z,1087859240,explore,top-earning,381,909
2026-10-08T13:25:58Z,1531130248,explore,top-earning,382,2047
2026-10-08T13:25:58Z,10761375938,explore,top-earning,383,2802
2026-10-08T13:25:58Z,10226261982,explore,top-earning,384,4282
2026-10-08T13:25:58Z,10455462279,explore,top-earning,385,2703
2026-10-08T13:25:58Z,10764967952,explore,top-earning,386,630
2026-10-08T13:25:58Z,2324662457,explore,top-earning,387,1555
2026-10-08T13:25:58Z,1709917610,explore,top-earning,388,1349
2026-10-08T13:25:58Z,6770632849,explore,top-earning,389,576
2026-10-08T13:25:58Z,7108384194,explore,top-earning,390,10296
2026-10-08T13:25:58Z,7488668004,explore,top-earning,391,7842
2026-10-08T13:25:58Z,10619854384,explore,top-earning,392,964
2026-10-08T13:25:58Z,4785982047,explore,top-earning,393,995
2026-10-08T13:25:58Z,10764897725,explore,top-earning,394,23300
2026-10-08T13:25:58Z,10764297006,explore,top-earning,395,6681
2026-10-08T13:25:58Z,10398947938,explore,top-earning,396,641
2026-10-08T13:25:58Z,10410945205,explore,top-earning,397,2750
2026-10-08T13:25:58Z,10626746750,explore,top-earning,398,353
2026-10-08T13:25:58Z,6619936488,explore,top-earning,399,2674
2026-10-08T13:25:58Z,8360491918,explore,top-earning,400,1235
2026-10-08T13:25:58Z,3258251641,explore,top-earning,401,286
2026-10-08T13:25:58Z,2092410051,explore,top-earning,402,1265
2026-10-08T13:25:58Z,2640407187,explore,top-earning,403,5758
2026-10-08T13:25:58Z,8497987845,explore,top-earning,404,1100
2026-10-08T13:25:58Z,10698216738,explore,top-earning,405,4371
2026-10-08T13:25:58Z,10187294555,explore,top-earning,406,2165
2026-10-08T13:25:58Z,10529067596,explore,top-earning,407,1470
2026-10-08T13:25:58Z,3170483284,explore,top-earning,408,534
2026-10-08T13:25:58Z,10074335448,explore,top-earning,409,753
2026-10-08T13:25:58Z,10324001605,explore,top-earning,410,2716
2026-10-08T13:25:58Z,10612017628,explore,top-earning,411,6993
2026-10-08T13:25:58Z,1312971993,explore,top-earning,412,1534
2026-10-08T13:25:58Z,10681914462,explore,top-earning,413,11428
2026-10-08T13:25:58Z,1001911915,explore,top-earning,414,1344
2026-10-08T13:25:58Z,6275120808,explore,top-earning,415,915
2026-10-08T13:25:58Z,1775919872,explore,top-earning,416,528
2026-10-08T13:25:58Z,5972059550,explore,top-earning,417,1721
2026-10-08T13:25:58Z,10766257839,explore,top-earning,418,1537
2026-10-08T13:25:58Z,10503838245,explore,top-earning,419,329
2026-10-08T13:25:58Z,7671049560,explore,top-earning,420,1733
2026-10-08T13:25:58Z,10415694629,explore,top-earning,421,4822
2026-10-08T13:25:58Z,9162763535,explore,top-earning,422,1436
2026-10-08T13:25:58Z,10522766429,explore,top-earning,423,257
2026-10-08T13:25:58Z,8246907060,explore,top-earning,424,987
2026-10-08T13:25:58Z,1393178180,explore,top-earning,425,1269
2026-10-08T13:25:58Z,9112256336,explore,top-earning,426,261
2026-10-08T13:25:58Z,9996384072,explore,top-earning,427,1182
2026-10-08T13:25:58Z,10556383571,explore,top-earning,428,1382
2026-10-08T13:25:58Z,10590260635,explore,top-earning,429,2147
2026-10-08T13:25:58Z,10767408330,explore,top-earning,430,27464
2026-10-08T13:25:58Z,10299762956,explore,top-earning,431,1139
2026-10-08T13:25:58Z,10425789398,explore,top-earning,432,509
2026-10-08T13:25:58Z,10765279487,explore,top-earning,433,1640
2026-10-08T13:25:58Z,8198412649,explore,top-earning,434,1146
2026-10-08T13:25:58Z,6272727021,explore,top-earning,435,1801
2026-10-08T13:25:58Z,9141743926,explore,top-earning,436,2676
2026-10-08T13:25:58Z,7882785167,explore,top-earning,437,2133
2026-10-08T13:25:58Z,5576955991,explore,top-earning,438,1448
2026-10-08T13:25:58Z,2644656496,explore,top-earning,439,1017
2026-10-08T13:25:58Z,7274244096,explore,top-earning,440,5023
2026-10-08T13:25:58Z,10759518799,explore,top-earning,441,3909
2026-10-08T13:25:58Z,9751615286,explore,top-earning,442,413
2026-10-08T13:25:58Z,10514280922,explore,top-earning,443,633
2026-10-08T13:25:58Z,3168615253,explore,top-earning,444,978
2026-10-08T13:25:58Z,8269273068,explore,top-earning,445,417
2026-10-08T13:25:58Z,10223976219,explore,top-earning,446,3215
2026-10-08T13:25:58Z,10171934713,explore,top-earning,447,1301
2026-10-08T13:25:58Z,10466601694,explore,top-earning,448,825
2026-10-08T13:25:58Z,97314177,explore,top-earning,449,1223
2026-10-08T13:25:58Z,1198533421,explore,top-earning,450,820
2026-10-08T13:25:58Z,9219838330,explore,top-earning,451,393
2026-10-08T13:25:58Z,5091490171,explore,top-earning,452,1246
2026-10-08T13:25:58Z,3365661357,explore,top-earning,453,622
2026-10-08T13:25:58Z,3308103880,explore,top-earning,454,5611
2026-10-08T13:25:58Z,10741302505,explore,top-earning,455,3016
2026-10-08T13:25:58Z,10399524075,explore,top-earning,456,794
2026-10-08T13:25:58Z,6069634717,explore,top-earning,457,1758
2026-10-08T13:25:58Z,9949288829,explore,top-earning,458,952
2026-10-08T13:25:58Z,16680835,explore,top-earning,459,2712
2026-10-08T13:25:58Z,10764332301,explore,top-earning,460,421
2026-10-08T13:25:58Z,10757704931,explore,top-earning,461,4896
2026-10-08T13:25:58Z,10765799968,explore,top-earning,462,343
2026-10-08T13:25:58Z,10404293465,explore,top-earning,463,191
2026-10-08T13:25:58Z,4666414595,explore,top-earning,464,198
2026-10-08T13:25:58Z,1958807588,explore,top-earning,465,95
2026-10-08T13:25:58Z,10411998017,explore,top-earning,466,1128
2026-10-08T13:25:58Z,10241783978,explore,top-earning,467,320
2026-10-08T13:25:58Z,10144280947,explore,top-earning,468,6686
2026-10-08T13:25:58Z,10642702105,explore,top-earning,469,441
2026-10-08T13:25:58Z,6443367640,explore,top-earning,470,6362
2026-10-08T13:25:58Z,3240075297,explore,top-earning,471,21159
2026-10-08T13:25:58Z,7843413523,explore,top-earning,472,1302
2026-10-08T13:25:58Z,1946714362,explore,top-paid-access,1,1256
2026-10-08T13:25:58Z,3747388906,explore,top-paid-access,2,828
2026-10-08T13:25:58Z,2350840700,explore,top-paid-access,3,1096
2026-10-08T13:25:58Z,10766694698,explore,top-paid-access,4,25
2026-10-08T13:25:58Z,10582993047,explore,top-paid-access,5,41
2026-10-08T13:25:58Z,1087859240,explore,top-paid-access,6,909
2026-10-08T13:25:58Z,9549894418,explore,top-paid-access,7,156
2026-10-08T13:25:58Z,5851294352,explore,top-paid-access,8,248
2026-10-08T13:25:58Z,9320646231,explore,top-paid-access,9,46
2026-10-08T13:25:58Z,10425789398,explore,top-paid-access,10,503
2026-10-08T13:25:58Z,6942586315,explore,top-paid-access,11,8
2026-10-08T13:25:58Z,10007567876,explore,top-paid-access,12,27
2026-10-08T13:25:58Z,5383076404,explore,top-paid-access,13,62
2026-10-08T13:25:58Z,10452420697,explore,top-paid-access,14,84
2026-10-08T13:25:58Z,10440909815,explore,top-paid-access,15,42
2026-10-08T13:25:58Z,5497606909,explore,top-paid-access,16,145
2026-10-08T13:25:58Z,2254119010,explore,top-paid-access,17,92
2026-10-08T13:25:58Z,5286749994,explore,top-paid-access,18,121
2026-10-08T13:25:58Z,7587104675,explore,top-paid-access,19,62
2026-10-08T13:25:58Z,10282569694,explore,top-paid-access,20,17
2026-10-08T13:25:58Z,659118871,explore,top-paid-access,21,31
2026-10-08T13:25:58Z,7949002987,explore,top-paid-access,22,60
2026-10-08T13:25:58Z,5316084314,explore,top-paid-access,23,44
2026-10-08T13:25:58Z,5841858050,explore,top-paid-access,24,129
2026-10-08T13:25:58Z,10684538441,explore,top-paid-access,25,1
2026-10-08T13:25:58Z,7448488942,explore,top-paid-access,26,18
2026-10-08T13:25:58Z,2416015385,explore,top-paid-access,27,44
2026-10-08T13:25:58Z,10253700254,explore,top-paid-access,28,4
2026-10-08T13:25:58Z,1467077046,explore,top-paid-access,29,
2026-10-08T13:25:58Z,10743170026,explore,top-paid-access,30,6
2026-10-08T13:25:58Z,4064537489,explore,top-paid-access,31,4
2026-10-08T13:25:58Z,8527834040,explore,top-paid-access,32,2
2026-10-08T13:25:58Z,4289890765,explore,top-paid-access,33,38
2026-10-08T13:25:58Z,4373521124,explore,top-paid-access,34,14
2026-10-08T13:25:58Z,8214342832,explore,top-paid-access,35,3
2026-10-08T13:25:58Z,324740367,explore,top-paid-access,36,63
2026-10-08T13:25:58Z,85651869,explore,top-paid-access,37,22
2026-10-08T13:25:58Z,4171073930,explore,top-paid-access,38,2
2026-10-08T13:25:58Z,4905293690,explore,top-paid-access,39,2
2026-10-08T13:25:58Z,3219540889,explore,top-paid-access,40,1
2026-10-08T13:25:58Z,10009533319,explore,top-paid-access,41,9
2026-10-08T13:25:58Z,5364600678,explore,top-paid-access,42,6
2026-10-08T13:25:58Z,1147796911,explore,top-paid-access,43,19
2026-10-08T13:25:58Z,1579747797,explore,top-paid-access,44,5
2026-10-08T13:25:58Z,6497846997,explore,top-paid-access,45,8
2026-10-08T13:25:58Z,10764693801,explore,top-paid-access,46,2
2026-10-08T13:25:58Z,6820035296,explore,top-paid-access,47,
2026-10-08T13:25:58Z,242453665,explore,top-paid-access,48,4
2026-10-08T13:25:58Z,7273185020,explore,top-paid-access,49,1
2026-10-08T13:25:58Z,5721900060,explore,top-paid-access,50,
2026-10-08T13:25:58Z,3696887823,explore,top-paid-access,51,4
2026-10-08T13:25:58Z,152631806,explore,top-paid-access,52,3
2026-10-08T13:25:58Z,2929752024,explore,top-paid-access,53,4
2026-10-08T13:25:58Z,2535080489,explore,top-paid-access,54,2
2026-10-08T13:25:58Z,1663370770,explore,top-paid-access,55,19
2026-10-08T13:25:58Z,3229518631,explore,top-paid-access,56,
2026-10-08T13:25:58Z,10485072019,explore,top-paid-access,57,
2026-10-08T13:25:58Z,7674516670,explore,top-paid-access,58,
2026-10-08T13:25:58Z,10475919483,explore,top-paid-access,59,
2026-10-08T13:25:58Z,1250803741,explore,top-paid-access,60,3
2026-10-08T13:25:58Z,7134571356,explore,top-paid-access,61,
2026-10-08T13:25:58Z,1184233856,explore,top-paid-access,62,6
2026-10-08T13:25:58Z,2610672811,explore,top-paid-access,63,
2026-10-08T13:25:58Z,5553771095,explore,top-paid-access,64,1
2026-10-08T13:25:58Z,3827656431,explore,top-paid-access,65,1
2026-10-08T13:25:58Z,3211189518,explore,top-paid-access,66,2
2026-10-08T13:25:58Z,5210666193,explore,top-paid-access,67,27
2026-10-08T13:25:58Z,3087415864,explore,top-paid-access,68,
2026-10-08T13:25:58Z,9578166823,explore,top-paid-access,69,1
2026-10-08T13:25:58Z,3700393331,explore,top-paid-access,70,27
2026-10-08T13:25:58Z,9571642997,explore,top-paid-access,71,
2026-10-08T13:25:58Z,10209534490,explore,top-rated,1,2962
2026-10-08T13:25:58Z,7028566528,explore,top-rated,2,6600
2026-10-08T13:25:58Z,4785982047,explore,top-rated,3,995
2026-10-08T13:25:58Z,10249209189,explore,top-rated,4,1246
2026-10-08T13:25:58Z,10708913337,explore,top-rated,5,59984
2026-10-08T13:25:58Z,5800312217,explore,top-rated,6,257
2026-10-08T13:25:58Z,7703614594,explore,top-rated,7,4737
2026-10-08T13:25:58Z,7703544118,explore,top-rated,8,393
2026-10-08T13:25:58Z,7798947148,explore,top-rated,9,693
2026-10-08T13:25:58Z,10144280947,explore,top-rated,10,6686
2026-10-08T13:25:58Z,7848646653,explore,top-rated,11,440
2026-10-08T13:25:58Z,9091133975,explore,top-rated,12,3560
2026-10-08T13:25:58Z,3608732146,explore,top-rated,13,120
2026-10-08T13:25:58Z,5578556129,explore,top-rated,14,23951
2026-10-08T13:25:58Z,2644656496,explore,top-rated,15,1017
2026-10-08T13:25:58Z,10081194651,explore,top-rated,16,630
2026-10-08T13:25:58Z,10368005384,explore,top-rated,17,679
2026-10-08T13:25:58Z,2655311011,explore,top-rated,18,330
2026-10-08T13:25:58Z,10039338037,explore,top-rated,19,303
2026-10-08T13:25:58Z,7640282930,explore,top-rated,20,61
2026-10-08T13:25:58Z,5595353122,explore,top-rated,21,66048
2026-10-08T13:25:58Z,9362896961,explore,top-rated,22,3232
2026-10-08T13:25:58Z,9970645639,explore,top-rated,23,7303
2026-10-08T13:25:58Z,6594435384,explore,top-rated,24,592
2026-10-08T13:25:58Z,9145063979,explore,top-rated,25,5507
2026-10-08T13:25:58Z,10253446435,explore,top-rated,26,1075
2026-10-08T13:25:58Z,6925369391,explore,top-rated,27,253
2026-10-08T13:25:58Z,10561352230,explore,top-rated,28,1392
2026-10-08T13:25:58Z,6925303818,explore,top-rated,29,782
2026-10-08T13:25:58Z,9168386959,explore,top-rated,30,133
2026-10-08T13:25:58Z,9584852943,explore,top-rated,31,95211
2026-10-08T13:25:58Z,8786713187,explore,top-rated,32,863
2026-10-08T13:25:58Z,4795326392,explore,top-rated,33,609
2026-10-08T13:25:58Z,10440833423,explore,top-rated,34,2836
2026-10-08T13:25:58Z,10067258922,explore,top-rated,35,3234
2026-10-08T13:25:58Z,9792947201,explore,top-rated,36,438
2026-10-08T13:25:58Z,4793836769,explore,top-rated,37,3359
2026-10-08T13:25:58Z,7629884826,explore,top-rated,38,126
2026-10-08T13:25:58Z,8937254139,explore,top-rated,39,3448
2026-10-08T13:25:58Z,7474367816,explore,top-rated,40,4913
2026-10-08T13:25:58Z,9910245722,explore,top-rated,41,4148
2026-10-08T13:25:58Z,9155036056,explore,top-rated,42,1197
2026-10-08T13:25:58Z,6052033819,explore,top-rated,43,214
2026-10-08T13:25:58Z,10376944238,explore,top-rated,44,3432
2026-10-08T13:25:58Z,3808223175,explore,top-rated,45,1036
2026-10-08T13:25:58Z,9893515490,explore,top-rated,46,309
2026-10-08T13:25:58Z,8214054500,explore,top-rated,47,828
2026-10-08T13:25:58Z,6325068386,explore,top-rated,48,13050
2026-10-08T13:25:58Z,6945584306,explore,top-rated,49,6576
2026-10-08T13:25:58Z,6720585148,explore,top-rated,50,95
2026-10-08T13:25:58Z,9141743926,explore,top-rated,51,2676
2026-10-08T13:25:58Z,8659262047,explore,top-rated,52,1184
2026-10-08T13:25:58Z,10336278580,explore,top-rated,53,2501
2026-10-08T13:25:58Z,7074860883,explore,top-rated,54,317
2026-10-08T13:25:58Z,7332711118,explore,top-rated,55,1937
2026-10-08T13:25:58Z,8572854650,explore,top-rated,56,575
2026-10-08T13:25:58Z,9051406594,explore,top-rated,57,7721
2026-10-08T13:25:58Z,8283159479,explore,top-rated,58,81
2026-10-08T13:25:58Z,7618444254,explore,top-rated,59,114
2026-10-08T13:25:58Z,9382839773,explore,top-rated,60,1947
2026-10-08T13:25:58Z,9167377564,explore,top-rated,61,16990
2026-10-08T13:25:58Z,9619492068,explore,top-rated,62,117
2026-10-08T13:25:58Z,7332812970,explore,top-rated,63,235
2026-10-08T13:25:58Z,9754968779,explore,top-rated,64,365
2026-10-08T13:25:58Z,10173311467,explore,top-rated,65,8625
2026-10-08T13:25:58Z,4518160318,explore,top-rated,66,4150
2026-10-08T13:25:58Z,9384605736,explore,top-rated,67,893
2026-10-08T13:25:58Z,5166944221,explore,top-rated,68,5447
2026-10-08T13:25:58Z,9294646427,explore,top-rated,69,1230
2026-10-08T13:25:58Z,5972059550,explore,top-rated,70,1721
2026-10-08T13:25:58Z,6216468795,explore,top-rated,71,242
2026-10-08T13:25:58Z,9793308933,explore,top-rated,72,1009
2026-10-08T13:25:58Z,5295169598,explore,top-rated,73,449
2026-10-08T13:25:58Z,9485131494,explore,top-rated,74,1588
2026-10-08T13:25:58Z,5866227438,explore,top-rated,75,1461
2026-10-08T13:25:58Z,6161049307,explore,top-rated,76,2187
2026-10-08T13:25:58Z,8218591943,explore,top-rated,77,57
2026-10-08T13:25:58Z,10338952197,explore,top-rated,78,4358
2026-10-08T13:25:58Z,6935083490,explore,top-rated,79,696
2026-10-08T13:25:58Z,3476371299,explore,top-rated,80,493
2026-10-08T13:25:58Z,3608594708,explore,top-rated,81,1290
2026-10-08T13:25:58Z,3655030699,explore,top-rated,82,88
2026-10-08T13:25:58Z,3494556606,explore,top-rated,83,334
2026-10-08T13:25:58Z,6682487255,explore,top-rated,84,5385
2026-10-08T13:25:58Z,10253235584,explore,top-rated,85,1586
2026-10-08T13:25:58Z,9837612476,explore,top-rated,86,8370
2026-10-08T13:25:58Z,10452740285,explore,top-rated,87,2423
2026-10-08T13:25:58Z,9929086116,explore,top-rated,88,378
2026-10-08T13:25:58Z,6215986499,explore,top-rated,89,554
2026-10-08T13:25:58Z,7076793942,explore,top-rated,90,255
2026-10-08T13:25:58Z,10516888336,explore,top-rated,91,897
2026-10-08T13:25:58Z,10168229420,explore,top-rated,92,328
2026-10-08T13:25:58Z,7373459570,explore,top-rated,93,1706
2026-10-08T13:25:58Z,9784883402,explore,top-rated,94,141
2026-10-08T13:25:58Z,10219827882,explore,top-rated,95,323
2026-10-08T13:25:58Z,10051853469,explore,top-rated,96,441
2026-10-08T13:25:58Z,601130232,explore,top-rated,97,26647
2026-10-08T13:25:58Z,5170731021,explore,top-rated,98,641
2026-10-08T13:25:58Z,7113705633,explore,top-rated,99,167
2026-10-08T13:25:58Z,9186719164,explore,top-rated,100,1648
2026-10-08T13:25:58Z,10563114921,explore,most-popular,1,1606663
2026-10-08T13:25:58Z,6035872082,explore,most-popular,2,162347
2026-10-08T13:25:58Z,3508322461,explore,most-popular,3,117509
2026-10-08T13:25:58Z,66654135,explore,most-popular,4,164064
2026-10-08T13:25:58Z,10764627709,explore,most-popular,5,76544
2026-10-08T13:25:58Z,994732206,explore,most-popular,6,203369
2026-10-08T13:25:58Z,2711375305,explore,most-popular,7,52541
2026-10-08T13:25:58Z,383310974,explore,most-popular,8,172657
2026-10-08T13:25:58Z,10035204815,explore,most-popular,9,106101
2026-10-08T13:25:58Z,1686885941,explore,most-popular,10,310102
2026-10-08T13:25:58Z,2440500124,explore,most-popular,11,46494
2026-10-08T13:25:58Z,9534705677,explore,most-popular,12,23049
2026-10-08T13:25:58Z,9584852943,explore,most-popular,13,95428
2026-10-08T13:25:58Z,3808081382,explore,most-popular,14,52417
2026-10-08T13:25:58Z,5595353122,explore,most-popular,15,66300
2026-10-08T13:25:58Z,7326934954,explore,most-popular,16,213375
2026-10-08T13:25:58Z,703124385,explore,most-popular,17,38610
2026-10-08T13:25:58Z,10685282333,explore,most-popular,18,38417
2026-10-08T13:25:58Z,5569032992,explore,most-popular,19,114761
2026-10-08T13:25:58Z,7709344486,explore,most-popular,20,93591
2026-10-08T13:25:58Z,6931042565,explore,most-popular,21,49421
2026-10-08T13:25:58Z,10155360168,explore,most-popular,22,39910
2026-10-08T13:25:58Z,5750914919,explore,most-popular,23,69242
2026-10-08T13:25:58Z,6331902150,explore,most-popular,24,53265
2026-10-08T13:25:58Z,5203828273,explore,most-popular,25,43656
2026-10-08T13:25:58Z,3647333358,explore,most-popular,26,44348
2026-10-08T13:25:58Z,4777817887,explore,most-popular,27,17609
2026-10-08T13:25:58Z,10624691669,explore,most-popular,28,8597
2026-10-08T13:25:58Z,10765288803,explore,most-popular,29,129711
2026-10-08T13:25:58Z,7633926880,explore,most-popular,30,14493
2026-10-08T13:25:58Z,10634461028,explore,most-popular,31,10450
2026-10-08T13:25:58Z,10684750879,explore,most-popular,32,40534
2026-10-08T13:25:58Z,4750561026,explore,most-popular,33,7870
2026-10-08T13:25:58Z,5995470825,explore,most-popular,34,20844
2026-10-08T13:25:58Z,10764613327,explore,most-popular,35,2925
2026-10-08T13:25:58Z,10665420648,explore,most-popular,36,8870
2026-10-08T13:25:58Z,2619619496,explore,most-popular,37,22327
2026-10-08T13:25:58Z,10258991999,explore,most-popular,38,21772
2026-10-08T13:25:58Z,10512942223,explore,most-popular,39,52885
2026-10-08T13:25:58Z,10765012427,explore,most-popular,40,16456
2026-10-08T13:25:58Z,10756011174,explore,most-popular,41,15410
2026-10-08T13:25:58Z,6739698191,explore,most-popular,42,69728
2026-10-08T13:25:58Z,10173311467,explore,most-popular,43,8625
2026-10-08T13:25:58Z,10765298801,explore,most-popular,44,36118
2026-10-08T13:25:58Z,10708913337,explore,most-popular,45,59927
2026-10-08T13:25:58Z,7219654364,explore,most-popular,46,17559
2026-10-08T13:25:58Z,10673920146,explore,most-popular,47,11312
2026-10-08T13:25:58Z,10762388019,explore,most-popular,48,6747
2026-10-08T13:25:58Z,7398552394,explore,most-popular,49,12151
2026-10-08T13:25:58Z,10148749921,explore,most-popular,50,31790
2026-10-08T13:25:58Z,10766056678,explore,most-popular,51,27780
2026-10-08T13:25:58Z,10090256806,explore,most-popular,52,3000
2026-10-08T13:25:58Z,9294074907,explore,most-popular,53,16178
2026-10-08T13:25:58Z,10759518799,explore,most-popular,54,3909
2026-10-08T13:25:58Z,10767012496,explore,most-popular,55,6498
2026-10-08T13:25:58Z,2668101271,explore,most-popular,56,36538
2026-10-08T13:25:58Z,1202096104,explore,most-popular,57,24913
2026-10-08T13:25:58Z,9641502068,explore,most-popular,58,12034
2026-10-08T13:25:58Z,1176784616,explore,most-popular,59,11737
2026-10-08T13:25:58Z,10766687030,explore,most-popular,60,4305
2026-10-08T13:25:58Z,111958650,explore,most-popular,61,2557
2026-10-08T13:25:58Z,10765582175,explore,most-popular,62,14551
2026-10-08T13:25:58Z,7395930870,explore,most-popular,63,10775
2026-10-08T13:25:58Z,10766506199,explore,most-popular,64,15843
2026-10-08T13:25:58Z,578392296,explore,most-popular,65,11582
2026-10-08T13:25:58Z,10436530264,explore,most-popular,66,20460
2026-10-08T13:25:58Z,10526463655,explore,most-popular,67,4889
2026-10-08T13:25:58Z,10766390665,explore,most-popular,68,5767
2026-10-08T13:25:58Z,10744310825,explore,most-popular,69,23322
2026-10-08T13:25:58Z,4983034985,explore,most-popular,70,15585
2026-10-08T13:25:58Z,6325068386,explore,most-popular,71,13050
2026-10-08T13:25:58Z,210851291,explore,most-popular,72,13233
2026-10-08T13:25:58Z,1516533665,explore,most-popular,73,11137
2026-10-08T13:25:58Z,10765751583,explore,most-popular,74,7714
2026-10-08T13:25:58Z,10764640833,explore,most-popular,75,4413
2026-10-08T13:25:58Z,6945584306,explore,most-popular,76,6576
2026-10-08T13:25:58Z,10761687472,explore,most-popular,77,4534
2026-10-08T13:25:58Z,7585140258,explore,most-popular,78,9967
2026-10-08T13:25:58Z,88070565,explore,most-popular,79,21746
2026-10-08T13:25:58Z,10741654282,explore,most-popular,80,15170
2026-10-08T13:25:58Z,245662005,explore,most-popular,81,5834
2026-10-08T13:25:58Z,9891331827,explore,most-popular,82,5170
2026-10-08T13:25:58Z,113491250,explore,most-popular,83,2147
2026-10-08T13:25:58Z,9561553764,explore,most-popular,84,11809
2026-10-08T13:25:58Z,65241,explore,most-popular,85,5779
2026-10-08T13:25:58Z,10765951887,explore,most-popular,86,1846
2026-10-08T13:25:58Z,4730278139,explore,most-popular,87,11172
2026-10-08T13:25:58Z,601130232,explore,most-popular,88,26647
2026-10-08T13:25:58Z,10765686447,explore,most-popular,89,13415
2026-10-08T13:25:58Z,9837612476,explore,most-popular,90,8370
2026-10-08T13:25:58Z,1016936714,explore,most-popular,91,9689
2026-10-08T13:25:58Z,3317771874,explore,most-popular,92,52056
2026-10-08T13:25:58Z,10282097014,explore,most-popular,93,19704
2026-10-08T13:25:58Z,1831550657,explore,most-popular,94,15961
2026-10-08T13:25:58Z,10415694629,explore,most-popular,95,4822
2026-10-08T13:25:58Z,372226183,explore,most-popular,96,11128
2026-10-08T13:25:58Z,9931749389,explore,most-popular,97,6138
2026-10-08T13:25:58Z,10667357873,explore,most-popular,98,6834
2026-10-08T13:25:58Z,5578556129,explore,most-popular,99,23951
2026-10-08T13:25:58Z,6919822640,explore,trending-music-experiences,1,185
2026-10-08T13:25:58Z,6596003198,explore,trending-music-experiences,2,236
2026-10-08T13:25:58Z,6983536246,explore,trending-music-experiences,3,507
2026-10-08T13:25:58Z,7307246329,explore,trending-music-experiences,4,362
2026-10-08T13:25:58Z,6957393054,explore,trending-music-experiences,5,58
2026-10-08T13:25:58Z,1917762467,explore,trending-music-experiences,6,27
2026-10-08T13:25:58Z,7430288939,explore,trending-music-experiences,7,79
2026-10-08T13:25:58Z,7893515528,explore,trending-music-experiences,8,92
2026-10-08T13:25:58Z,7113599041,explore,trending-music-experiences,9,207
2026-10-08T13:25:58Z,7411615879,explore,trending-music-experiences,10,459
2026-10-08T13:25:58Z,3232838484,explore,trending-music-experiences,11,410
2026-10-08T13:25:58Z,8058628992,explore,trending-music-experiences,12,500
2026-10-08T13:25:58Z,6273901846,explore,trending-music-experiences,13,66
2026-10-08T13:25:58Z,6970074970,explore,trending-music-experiences,14,34
2026-10-08T13:25:58Z,9891331827,explore,trending-in-rpg,1,5170
2026-10-08T13:25:58Z,648454481,explore,trending-in-rpg,2,15176
2026-10-08T13:25:58Z,1946714362,explore,trending-in-rpg,3,1256
2026-10-08T13:25:58Z,3110388936,explore,trending-in-rpg,4,2137
2026-10-08T13:25:58Z,6161049307,explore,trending-in-rpg,5,2187
2026-10-08T13:25:58Z,2309918273,explore,trending-in-rpg,6,977
2026-10-08T13:25:58Z,9073513091,explore,trending-in-rpg,7,1588
2026-10-08T13:25:58Z,10743048214,explore,trending-in-rpg,8,3273
2026-10-08T13:25:58Z,1782832995,explore,trending-in-rpg,9,1195
2026-10-08T13:25:58Z,7458874788,explore,trending-in-rpg,10,1304
2026-10-08T13:25:58Z,7671049560,explore,trending-in-rpg,11,1751
2026-10-08T13:25:58Z,3419284255,explore,trending-in-rpg,12,1956
2026-10-08T13:25:58Z,10768462078,explore,trending-in-rpg,13,2102
2026-10-08T13:25:58Z,3756501373,explore,trending-in-rpg,14,2520
2026-10-08T13:25:58Z,994732206,explore,trending-in-rpg,15,203369
2026-10-08T13:25:58Z,5595353122,explore,trending-in-rpg,16,66300
2026-10-08T13:25:58Z,1016936714,explore,trending-in-rpg,17,9689
2026-10-08T13:25:58Z,4658598196,explore,trending-in-rpg,18,12516
2026-10-08T13:25:58Z,9931749389,explore,trending-in-rpg,19,6138
2026-10-08T13:25:58Z,1235188606,explore,trending-in-rpg,20,5992
2026-10-08T13:25:58Z,6760085372,explore,trending-in-rpg,21,4944
2026-10-08T13:25:58Z,9880286438,explore,trending-in-rpg,22,6941
2026-10-08T13:25:58Z,1451439645,explore,trending-in-rpg,23,6797
2026-10-08T13:25:58Z,7359962123,explore,trending-in-rpg,24,2230
2026-10-08T13:25:58Z,9910245722,explore,trending-in-rpg,25,4148
2026-10-08T13:25:58Z,1511883870,explore,trending-in-rpg,26,2224
2026-10-08T13:25:58Z,9656201728,explore,trending-in-rpg,27,1521
2026-10-08T13:25:58Z,3164075108,explore,trending-in-rpg,28,2366
2026-10-08T13:25:58Z,7970033072,explore,trending-in-rpg,29,1086
2026-10-08T13:25:58Z,6931042565,explore,trending-in-sports-and-racing,1,49112
2026-10-08T13:25:58Z,10767012496,explore,trending-in-sports-and-racing,2,6498
2026-10-08T13:25:58Z,6945584306,explore,trending-in-sports-and-racing,3,6616
2026-10-08T13:25:58Z,10526463655,explore,trending-in-sports-and-racing,4,4889
2026-10-08T13:25:58Z,7028566528,explore,trending-in-sports-and-racing,5,6600
2026-10-08T13:25:58Z,10764640833,explore,trending-in-sports-and-racing,6,4432
2026-10-08T13:25:58Z,184199275,explore,trending-in-sports-and-racing,7,2511
2026-10-08T13:25:58Z,10739112966,explore,trending-in-sports-and-racing,8,6738
2026-10-08T13:25:58Z,10643877552,explore,trending-in-sports-and-racing,9,1892
2026-10-08T13:25:58Z,4931927012,explore,trending-in-sports-and-racing,10,2391
2026-10-08T13:25:58Z,9908641400,explore,trending-in-sports-and-racing,11,793
2026-10-08T13:25:58Z,8181391950,explore,trending-in-sports-and-racing,12,1585
2026-10-08T13:25:58Z,10481791182,explore,trending-in-sports-and-racing,13,1991
2026-10-08T13:25:58Z,6925303818,explore,trending-in-sports-and-racing,14,782
2026-10-08T13:25:58Z,10271723279,explore,trending-in-sports-and-racing,15,785
2026-10-08T13:25:58Z,1198533421,explore,trending-in-sports-and-racing,16,827
2026-10-08T13:25:58Z,1719305066,explore,trending-in-sports-and-racing,17,682
2026-10-08T13:25:58Z,4743794878,explore,trending-in-sports-and-racing,18,1243
2026-10-08T13:25:58Z,7462622504,explore,trending-in-sports-and-racing,19,333
2026-10-08T13:25:58Z,10155360168,explore,trending-in-sports-and-racing,20,39910
2026-10-08T13:25:58Z,6325068386,explore,trending-in-sports-and-racing,21,13050
2026-10-08T13:25:58Z,4949420752,explore,trending-in-sports-and-racing,22,17617
2026-10-08T13:25:58Z,10601155553,explore,trending-in-sports-and-racing,23,3209
2026-10-08T13:25:58Z,7883776681,explore,trending-in-sports-and-racing,24,6837
2026-10-08T13:25:58Z,4293374620,explore,trending-in-sports-and-racing,25,9827
2026-10-08T13:25:58Z,10370802481,explore,trending-in-sports-and-racing,26,1503
2026-10-08T13:25:58Z,2153167977,explore,trending-in-sports-and-racing,27,1385
2026-10-08T13:25:58Z,5666473198,explore,trending-in-sports-and-racing,28,3958
2026-10-08T13:25:58Z,10254680421,explore,trending-in-sports-and-racing,29,4266
2026-10-08T13:25:58Z,10764300350,explore,trending-in-sports-and-racing,30,1671
2026-10-08T13:25:58Z,9534705677,explore,trending-in-shooter,1,23049
2026-10-08T13:25:58Z,10090256806,explore,trending-in-shooter,2,3000
2026-10-08T13:25:58Z,113491250,explore,trending-in-shooter,3,2147
2026-10-08T13:25:58Z,4342047058,explore,trending-in-shooter,4,15329
2026-10-08T13:25:58Z,1281592938,explore,trending-in-shooter,5,3502
2026-10-08T13:25:58Z,10766222230,explore,trending-in-shooter,6,591
2026-10-08T13:25:58Z,6583326485,explore,trending-in-shooter,7,4075
2026-10-08T13:25:58Z,16680835,explore,trending-in-shooter,8,2681
2026-10-08T13:25:58Z,7265339759,explore,trending-in-shooter,9,853
2026-10-08T13:25:58Z,10767826343,explore,trending-in-shooter,10,2491
2026-10-08T13:25:58Z,4836254499,explore,trending-in-shooter,11,1765
2026-10-08T13:25:58Z,6035872082,explore,trending-in-shooter,12,162347
2026-10-08T13:25:58Z,7633926880,explore,trending-in-shooter,13,14493
2026-10-08T13:25:58Z,4750561026,explore,trending-in-shooter,14,7870
2026-10-08T13:25:58Z,5995470825,explore,trending-in-shooter,15,20844
2026-10-08T13:25:58Z,9641502068,explore,trending-in-shooter,16,12034
2026-10-08T13:25:58Z,9294074907,explore,trending-in-shooter,17,16457
2026-10-08T13:25:58Z,111958650,explore,trending-in-shooter,18,2557
2026-10-08T13:25:58Z,9561553764,explore,trending-in-shooter,19,11934
2026-10-08T13:25:58Z,3730079862,explore,trending-in-shooter,20,4678
2026-10-08T13:25:58Z,7264587281,explore,trending-in-shooter,21,2305
2026-10-08T13:25:58Z,10057403337,explore,trending-in-shooter,22,10703
2026-10-08T13:25:58Z,10031505426,explore,trending-in-shooter,23,4023
2026-10-08T13:25:58Z,7935634976,explore,trending-in-shooter,24,2762
2026-10-08T13:25:58Z,6190071862,explore,trending-in-shooter,25,1776
2026-10-08T13:25:58Z,8795154789,explore,trending-in-shooter,26,2237
2026-10-08T13:25:58Z,5421899973,explore,trending-in-shooter,27,1577
2026-10-08T13:25:58Z,115797356,explore,trending-in-shooter,28,879
2026-10-08T13:25:58Z,10733110573,explore,trending-in-shooter,29,910
2026-10-08T13:25:58Z,3508322461,explore,trending-in-action,1,117509
2026-10-08T13:25:58Z,10764627709,explore,trending-in-action,2,76544
2026-10-08T13:25:58Z,7219654364,explore,trending-in-action,3,17559
2026-10-08T13:25:58Z,10230942274,explore,trending-in-action,4,8824
2026-10-08T13:25:58Z,2380077519,explore,trending-in-action,5,6789
2026-10-08T13:25:58Z,10732236937,explore,trending-in-action,6,8661
2026-10-08T13:25:58Z,4987856151,explore,trending-in-action,7,12888
2026-10-08T13:25:58Z,2765784373,explore,trending-in-action,8,2735
2026-10-08T13:25:58Z,10635348596,explore,trending-in-action,9,2961
2026-10-08T13:25:58Z,10575295323,explore,trending-in-action,10,5473
2026-10-08T13:25:58Z,3808081382,explore,trending-in-action,11,52860
2026-10-08T13:25:58Z,4777817887,explore,trending-in-action,12,17602
2026-10-08T13:25:58Z,2619619496,explore,trending-in-action,13,22291
2026-10-08T13:25:58Z,10258991999,explore,trending-in-action,14,21772
2026-10-08T13:25:58Z,578392296,explore,trending-in-action,15,11582
2026-10-08T13:25:58Z,245662005,explore,trending-in-action,16,5834
2026-10-08T13:25:58Z,7585140258,explore,trending-in-action,17,9967
2026-10-08T13:25:58Z,4730278139,explore,trending-in-action,18,11086
2026-10-08T13:25:58Z,9051406594,explore,trending-in-action,19,7721
2026-10-08T13:25:58Z,1054526971,explore,trending-in-action,20,4772
2026-10-08T13:25:58Z,10399136326,explore,trending-in-action,21,17519
2026-10-08T13:25:58Z,73885730,explore,trending-in-action,22,5498
2026-10-08T13:25:58Z,4568630521,explore,trending-in-action,23,3940
2026-10-08T13:25:58Z,10677698797,explore,trending-in-action,24,2454
2026-10-08T13:25:58Z,4348829796,explore,trending-in-action,25,9124
2026-10-08T13:25:58Z,2404080894,explore,trending-in-action,26,2065
2026-10-08T13:25:58Z,358276974,explore,trending-in-action,27,2594
2026-10-08T13:25:58Z,7414497778,explore,trending-in-action,28,2452
2026-10-08T13:25:58Z,5166944221,explore,trending-in-action,29,5210
2026-10-08T13:25:58Z,7398552394,explore,trending-in-adventure,1,12151
2026-10-08T13:25:58Z,7018190066,explore,trending-in-adventure,2,12677
2026-10-08T13:25:58Z,5650396773,explore,trending-in-adventure,3,11882
2026-10-08T13:25:58Z,10752833252,explore,trending-in-adventure,4,1131
2026-10-08T13:25:58Z,3085257211,explore,trending-in-adventure,5,5230
2026-10-08T13:25:58Z,7488668004,explore,trending-in-adventure,6,7842
2026-10-08T13:25:58Z,5807622548,explore,trending-in-adventure,7,3038
2026-10-08T13:25:58Z,10766349481,explore,trending-in-adventure,8,6225
2026-10-08T13:25:58Z,10335443723,explore,trending-in-adventure,9,1057
2026-10-08T13:25:58Z,4462613685,explore,trending-in-adventure,10,3800
2026-10-08T13:25:58Z,9826885587,explore,trending-in-adventure,11,4800
2026-10-08T13:25:58Z,10766057873,explore,trending-in-adventure,12,567
2026-10-08T13:25:58Z,4807308814,explore,trending-in-adventure,13,2550
2026-10-08T13:25:58Z,1318971886,explore,trending-in-adventure,14,1916
2026-10-08T13:25:58Z,6417564879,explore,trending-in-adventure,15,1972
2026-10-08T13:25:58Z,5254920366,explore,trending-in-adventure,16,3534
2026-10-08T13:25:58Z,4221956550,explore,trending-in-adventure,17,1182
2026-10-08T13:25:58Z,10226701629,explore,trending-in-adventure,18,1031
2026-10-08T13:25:58Z,5096440156,explore,trending-in-adventure,19,1428
2026-10-08T13:25:58Z,3761186887,explore,trending-in-adventure,20,419
2026-10-08T13:25:58Z,9522015993,explore,trending-in-adventure,21,1369
2026-10-08T13:25:58Z,9796898051,explore,trending-in-adventure,22,12327
2026-10-08T13:25:58Z,10539411000,explore,trending-in-adventure,23,11652
2026-10-08T13:25:58Z,9885372266,explore,trending-in-adventure,24,2601
2026-10-08T13:25:58Z,972475338,explore,trending-in-adventure,25,4672
2026-10-08T13:25:58Z,6413074235,explore,trending-in-adventure,26,1284
2026-10-08T13:25:58Z,2643072291,explore,trending-in-adventure,27,1112
2026-10-08T13:25:58Z,8237105425,explore,trending-in-adventure,28,1362
2026-10-08T13:25:58Z,10764613327,explore,trending-in-entertainment,1,2925
2026-10-08T13:25:58Z,4165164803,explore,trending-in-entertainment,2,4128
2026-10-08T13:25:58Z,10175155684,explore,trending-in-entertainment,3,1377
2026-10-08T13:25:58Z,10010371086,explore,trending-in-entertainment,4,1319
2026-10-08T13:25:58Z,10561309674,explore,trending-in-entertainment,5,612
2026-10-08T13:25:58Z,1953956112,explore,trending-in-entertainment,6,316
2026-10-08T13:25:58Z,10313654312,explore,trending-in-entertainment,7,1431
2026-10-08T13:25:58Z,3349588628,explore,trending-in-entertainment,8,243
2026-10-08T13:25:58Z,6983536246,explore,trending-in-entertainment,9,507
2026-10-08T13:25:58Z,10148419081,explore,trending-in-entertainment,10,306
2026-10-08T13:25:58Z,7175500329,explore,trending-in-entertainment,11,251
2026-10-08T13:25:58Z,9845995128,explore,trending-in-entertainment,12,656
2026-10-08T13:25:58Z,9800616505,explore,trending-in-entertainment,13,168
2026-10-08T13:25:58Z,9221949930,explore,trending-in-entertainment,14,421
2026-10-08T13:25:58Z,10569930060,explore,trending-in-entertainment,15,320
2026-10-08T13:25:58Z,2938948258,explore,trending-in-entertainment,16,120
2026-10-08T13:25:58Z,9943273705,explore,trending-in-entertainment,17,1079
2026-10-08T13:25:58Z,10506354213,explore,trending-in-entertainment,18,124
2026-10-08T13:25:58Z,9671745030,explore,trending-in-entertainment,19,187
2026-10-08T13:25:58Z,9372077571,explore,trending-in-entertainment,20,110
2026-10-08T13:25:58Z,8916086418,explore,trending-in-entertainment,21,355
2026-10-08T13:25:58Z,2227097851,explore,trending-in-entertainment,22,251
2026-10-08T13:25:58Z,1784051919,explore,trending-in-entertainment,23,282
2026-10-08T13:25:58Z,6357377403,explore,trending-in-entertainment,24,146
2026-10-08T13:25:58Z,4723764956,explore,trending-in-entertainment,25,8021
2026-10-08T13:25:58Z,5367389312,explore,trending-in-entertainment,26,2352
2026-10-08T13:25:58Z,10766456501,explore,trending-in-entertainment,27,260
2026-10-08T13:25:58Z,10415694629,explore,trending-in-obby-and-platformer,1,4822
2026-10-08T13:25:58Z,4850044287,explore,trending-in-obby-and-platformer,2,3469
2026-10-08T13:25:58Z,10460801145,explore,trending-in-obby-and-platformer,3,14985
2026-10-08T13:25:58Z,8401518398,explore,trending-in-obby-and-platformer,4,4364
2026-10-08T13:25:58Z,10764221401,explore,trending-in-obby-and-platformer,5,11563
2026-10-08T13:25:58Z,9774451882,explore,trending-in-obby-and-platformer,6,3548
2026-10-08T13:25:58Z,4908792642,explore,trending-in-obby-and-platformer,7,933
2026-10-08T13:25:58Z,7877723741,explore,trending-in-obby-and-platformer,8,1334
2026-10-08T13:25:58Z,5620182793,explore,trending-in-obby-and-platformer,9,629
2026-10-08T13:25:58Z,6215464786,explore,trending-in-obby-and-platformer,10,1160
2026-10-08T13:25:58Z,83858907,explore,trending-in-obby-and-platformer,11,723
2026-10-08T13:25:58Z,703124385,explore,trending-in-obby-and-platformer,12,38610
2026-10-08T13:25:58Z,10762388019,explore,trending-in-obby-and-platformer,13,6747
2026-10-08T13:25:58Z,9592387369,explore,trending-in-obby-and-platformer,14,5081
2026-10-08T13:25:58Z,3310460039,explore,trending-in-obby-and-platformer,15,11909
2026-10-08T13:25:58Z,5385674359,explore,trending-in-obby-and-platformer,16,1951
2026-10-08T13:25:58Z,10223976219,explore,trending-in-obby-and-platformer,17,3283
2026-10-08T13:25:58Z,10236023188,explore,trending-in-obby-and-platformer,18,1755
2026-10-08T13:25:58Z,9957338123,explore,trending-in-obby-and-platformer,19,3839
2026-10-08T13:25:58Z,10124421343,explore,trending-in-obby-and-platformer,20,1368
2026-10-08T13:25:58Z,7720654467,explore,trending-in-obby-and-platformer,21,3683
2026-10-08T13:25:58Z,10764412489,explore,trending-in-obby-and-platformer,22,3311
2026-10-08T13:25:58Z,7364297396,explore,trending-in-obby-and-platformer,23,1212
2026-10-08T13:25:58Z,3264581003,explore,trending-in-obby-and-platformer,24,945
2026-10-08T13:25:58Z,7948426536,explore,trending-in-obby-and-platformer,25,6291
2026-10-08T13:25:58Z,10061124506,explore,trending-in-obby-and-platformer,26,1398
2026-10-08T13:25:58Z,1921509404,explore,trending-in-obby-and-platformer,27,2794
2026-10-08T13:25:58Z,9878210988,explore,trending-in-obby-and-platformer,28,216
2026-10-08T13:25:58Z,9296252245,explore,trending-in-obby-and-platformer,29,5537
2026-10-08T13:25:58Z,10685282333,explore,trending-in-party-and-casual,1,38447
2026-10-08T13:25:58Z,10766390665,explore,trending-in-party-and-casual,2,5738
2026-10-08T13:25:58Z,10630800860,explore,trending-in-party-and-casual,3,10933
2026-10-08T13:25:58Z,10597001332,explore,trending-in-party-and-casual,4,3543
2026-10-08T13:25:58Z,10765748731,explore,trending-in-party-and-casual,5,1845
2026-10-08T13:25:58Z,10766364164,explore,trending-in-party-and-casual,6,1172
2026-10-08T13:25:58Z,6049736902,explore,trending-in-party-and-casual,7,5951
2026-10-08T13:25:58Z,10764706572,explore,trending-in-party-and-casual,8,2019
2026-10-08T13:25:58Z,10403820097,explore,trending-in-party-and-casual,9,3597
2026-10-08T13:25:58Z,10278774552,explore,trending-in-party-and-casual,10,5124
2026-10-08T13:25:58Z,4049246711,explore,trending-in-party-and-casual,11,17300
2026-10-08T13:25:58Z,7008097940,explore,trending-in-party-and-casual,12,10800
2026-10-08T13:25:58Z,2936053166,explore,trending-in-party-and-casual,13,16149
2026-10-08T13:25:58Z,10399125962,explore,trending-in-party-and-casual,14,3156
2026-10-08T13:25:58Z,9825259729,explore,trending-in-party-and-casual,15,13812
2026-10-08T13:25:58Z,10667006841,explore,trending-in-party-and-casual,16,3267
2026-10-08T13:25:58Z,10759594563,explore,trending-in-party-and-casual,17,2024
2026-10-08T13:25:58Z,10289201563,explore,trending-in-party-and-casual,18,4039
2026-10-08T13:25:58Z,110181652,explore,trending-in-party-and-casual,19,1502
2026-10-08T13:25:58Z,10521797740,explore,trending-in-party-and-casual,20,3719
2026-10-08T13:25:58Z,9119782663,explore,trending-in-party-and-casual,21,2317
2026-10-08T13:25:58Z,10764533320,explore,trending-in-party-and-casual,22,4057
2026-10-08T13:25:58Z,9449993534,explore,trending-in-party-and-casual,23,2256
2026-10-08T13:25:58Z,10637759898,explore,trending-in-party-and-casual,24,1455
2026-10-08T13:25:58Z,1709917610,explore,trending-in-party-and-casual,25,1349
2026-10-08T13:25:58Z,5239362765,explore,trending-in-party-and-casual,26,3203
2026-10-08T13:25:58Z,6369934270,explore,trending-in-party-and-casual,27,3936
2026-10-08T13:25:58Z,1836146838,explore,trending-in-party-and-casual,28,1324
2026-10-08T13:25:58Z,10189903609,explore,trending-in-puzzle,1,4316
2026-10-08T13:25:58Z,10421901778,explore,trending-in-puzzle,2,5446
2026-10-08T13:25:58Z,9865931248,explore,trending-in-puzzle,3,3395
2026-10-08T13:25:58Z,7983308985,explore,trending-in-puzzle,4,685
2026-10-08T13:25:58Z,10756780270,explore,trending-in-puzzle,5,3420
2026-10-08T13:25:58Z,4858558391,explore,trending-in-puzzle,6,793
2026-10-08T13:25:58Z,10426768719,explore,trending-in-puzzle,7,284
2026-10-08T13:25:58Z,4170977322,explore,trending-in-puzzle,8,2488
2026-10-08T13:25:58Z,10380743712,explore,trending-in-puzzle,9,348
2026-10-08T13:25:58Z,10302179427,explore,trending-in-puzzle,10,1141
2026-10-08T13:25:58Z,9520692022,explore,trending-in-puzzle,11,3493
2026-10-08T13:25:58Z,6113928308,explore,trending-in-puzzle,12,1395
2026-10-08T13:25:58Z,8080493298,explore,trending-in-puzzle,13,1871
2026-10-08T13:25:58Z,10649457157,explore,trending-in-puzzle,14,252
2026-10-08T13:25:58Z,8851542818,explore,trending-in-puzzle,15,777
2026-10-08T13:25:58Z,10641300771,explore,trending-in-puzzle,16,1399
2026-10-08T13:25:58Z,10764385875,explore,trending-in-puzzle,17,370
2026-10-08T13:25:58Z,9546331833,explore,trending-in-puzzle,18,1245
2026-10-08T13:25:58Z,9702840627,explore,trending-in-puzzle,19,223
2026-10-08T13:25:58Z,5156590883,explore,trending-in-puzzle,20,189
2026-10-08T13:25:58Z,1258866324,explore,trending-in-puzzle,21,127
2026-10-08T13:25:58Z,10624691669,explore,trending-in-puzzle,22,8597
2026-10-08T13:25:58Z,10753487407,explore,trending-in-puzzle,23,1482
2026-10-08T13:25:58Z,3047037061,explore,trending-in-puzzle,24,2003
2026-10-08T13:25:58Z,10765764482,explore,trending-in-puzzle,25,2080
2026-10-08T13:25:58Z,9948575164,explore,trending-in-puzzle,26,1812
2026-10-08T13:25:58Z,10628006421,explore,trending-in-puzzle,27,807
2026-10-08T13:25:58Z,10765718108,explore,trending-in-puzzle,28,319
2026-10-08T13:25:58Z,10699057921,explore,trending-in-puzzle,29,151
2026-10-08T13:25:58Z,383310974,explore,trending-in-roleplay-and-avatar-sim,1,174196
2026-10-08T13:25:58Z,10767922762,explore,trending-in-roleplay-and-avatar-sim,2,7674
2026-10-08T13:25:58Z,9855761734,explore,trending-in-roleplay-and-avatar-sim,3,12813
2026-10-08T13:25:58Z,2992873140,explore,trending-in-roleplay-and-avatar-sim,4,11179
2026-10-08T13:25:58Z,6521100398,explore,trending-in-roleplay-and-avatar-sim,5,20475
2026-10-08T13:25:58Z,10222476236,explore,trending-in-roleplay-and-avatar-sim,6,7086
2026-10-08T13:25:58Z,6774320049,explore,trending-in-roleplay-and-avatar-sim,7,9995
2026-10-08T13:25:58Z,2527789729,explore,trending-in-roleplay-and-avatar-sim,8,2610
2026-10-08T13:25:58Z,547524060,explore,trending-in-roleplay-and-avatar-sim,9,6827
2026-10-08T13:25:58Z,10765927544,explore,trending-in-roleplay-and-avatar-sim,10,1541
2026-10-08T13:25:58Z,5599532653,explore,trending-in-roleplay-and-avatar-sim,11,1014
2026-10-08T13:25:58Z,10320417842,explore,trending-in-roleplay-and-avatar-sim,12,2025
2026-10-08T13:25:58Z,1686885941,explore,trending-in-roleplay-and-avatar-sim,13,308926
2026-10-08T13:25:58Z,5203828273,explore,trending-in-roleplay-and-avatar-sim,14,43656
2026-10-08T13:25:58Z,88070565,explore,trending-in-roleplay-and-avatar-sim,15,21529
2026-10-08T13:25:58Z,1831550657,explore,trending-in-roleplay-and-avatar-sim,16,15961
2026-10-08T13:25:58Z,903807016,explore,trending-in-roleplay-and-avatar-sim,17,3924
2026-10-08T13:25:58Z,321778215,explore,trending-in-roleplay-and-avatar-sim,18,5932
2026-10-08T13:25:58Z,3240075297,explore,trending-in-roleplay-and-avatar-sim,19,21159
2026-10-08T13:25:58Z,371263894,explore,trending-in-roleplay-and-avatar-sim,20,3613
2026-10-08T13:25:58Z,4839802560,explore,trending-in-roleplay-and-avatar-sim,21,19120
2026-10-08T13:25:58Z,6749060816,explore,trending-in-roleplay-and-avatar-sim,22,5635
2026-10-08T13:25:58Z,47545,explore,trending-in-roleplay-and-avatar-sim,23,7896
2026-10-08T13:25:58Z,10566677406,explore,trending-in-roleplay-and-avatar-sim,24,3025
2026-10-08T13:25:58Z,1278035280,explore,trending-in-roleplay-and-avatar-sim,25,4165
2026-10-08T13:25:58Z,3308103880,explore,trending-in-roleplay-and-avatar-sim,26,5611
2026-10-08T13:25:58Z,7274244096,explore,trending-in-roleplay-and-avatar-sim,27,5023
2026-10-08T13:25:58Z,1742264997,explore,trending-in-roleplay-and-avatar-sim,28,1517
2026-10-08T13:25:58Z,1852226622,explore,trending-in-roleplay-and-avatar-sim,29,10605
2026-10-08T13:25:58Z,2711375305,explore,trending-in-shopping,1,52541
2026-10-08T13:25:58Z,10589881655,explore,trending-in-shopping,2,3676
2026-10-08T13:25:58Z,2065706268,explore,trending-in-shopping,3,371
2026-10-08T13:25:58Z,9076692567,explore,trending-in-shopping,4,485
2026-10-08T13:25:58Z,9753458401,explore,trending-in-shopping,5,818
2026-10-08T13:25:58Z,10066618669,explore,trending-in-shopping,6,1440
2026-10-08T13:25:58Z,9098253051,explore,trending-in-shopping,7,280
2026-10-08T13:25:58Z,7000924848,explore,trending-in-shopping,8,525
2026-10-08T13:25:58Z,10751153610,explore,trending-in-shopping,9,47
2026-10-08T13:25:58Z,10764431809,explore,trending-in-shopping,10,24
2026-10-08T13:25:58Z,9459951439,explore,trending-in-shopping,11,177
2026-10-08T13:25:58Z,10205184118,explore,trending-in-shopping,12,243
2026-10-08T13:25:58Z,9796643263,explore,trending-in-shopping,13,879
2026-10-08T13:25:58Z,10267638347,explore,trending-in-shopping,14,1507
2026-10-08T13:25:58Z,6091537736,explore,trending-in-shopping,15,16
2026-10-08T13:25:58Z,2652888345,explore,trending-in-shopping,16,2380
2026-10-08T13:25:58Z,8005378926,explore,trending-in-shopping,17,570
2026-10-08T13:25:58Z,1651278324,explore,trending-in-shopping,18,146
2026-10-08T13:25:58Z,10480491636,explore,trending-in-shopping,19,25
2026-10-08T13:25:58Z,10677679844,explore,trending-in-shopping,20,13
2026-10-08T13:25:58Z,9209811415,explore,trending-in-shopping,21,172
2026-10-08T13:25:58Z,9848302960,explore,trending-in-shopping,22,104
2026-10-08T13:25:58Z,10139318212,explore,trending-in-shopping,23,96
2026-10-08T13:25:58Z,10764570523,explore,trending-in-shopping,24,26
2026-10-08T13:25:58Z,7710406091,explore,trending-in-shopping,25,14
2026-10-08T13:25:58Z,8975063538,explore,trending-in-shopping,26,81
2026-10-08T13:25:58Z,10188861194,explore,trending-in-shopping,27,201
2026-10-08T13:25:58Z,8232894618,explore,trending-in-shopping,28,31
2026-10-08T13:25:58Z,7554119808,explore,trending-in-shopping,29,14974
2026-10-08T13:25:58Z,5750914919,explore,trending-in-simulation,1,69242
2026-10-08T13:25:58Z,10768565603,explore,trending-in-simulation,2,7851
2026-10-08T13:25:58Z,10765288803,explore,trending-in-simulation,3,129711
2026-10-08T13:25:58Z,10765298801,explore,trending-in-simulation,4,36118
2026-10-08T13:25:58Z,10765012427,explore,trending-in-simulation,5,16456
2026-10-08T13:25:58Z,10767634248,explore,trending-in-simulation,6,23444
2026-10-08T13:25:58Z,10708913337,explore,trending-in-simulation,7,59927
2026-10-08T13:25:58Z,10173311467,explore,trending-in-simulation,8,8625
2026-10-08T13:25:58Z,10756011174,explore,trending-in-simulation,9,15533
2026-10-08T13:25:58Z,10766056678,explore,trending-in-simulation,10,27780
2026-10-08T13:25:58Z,10436530264,explore,trending-in-simulation,11,20460
2026-10-08T13:25:58Z,10744310825,explore,trending-in-simulation,12,23322
2026-10-08T13:25:58Z,3317771874,explore,trending-in-simulation,13,52116
2026-10-08T13:25:58Z,10767408330,explore,trending-in-simulation,14,27464
2026-10-08T13:25:58Z,601130232,explore,trending-in-simulation,15,26692
2026-10-08T13:25:58Z,10766687030,explore,trending-in-simulation,16,4305
2026-10-08T13:25:58Z,10282097014,explore,trending-in-simulation,17,19704
2026-10-08T13:25:58Z,10667357873,explore,trending-in-simulation,18,6834
2026-10-08T13:25:58Z,10766142497,explore,trending-in-simulation,19,3411
2026-10-08T13:25:58Z,1526814825,explore,trending-in-simulation,20,9654
2026-10-08T13:25:58Z,10765686447,explore,trending-in-simulation,21,13415
2026-10-08T13:25:58Z,10765751583,explore,trending-in-simulation,22,7688
2026-10-08T13:25:58Z,10766721625,explore,trending-in-simulation,23,15828
2026-10-08T13:25:58Z,7089588429,explore,trending-in-simulation,24,33933
2026-10-08T13:25:58Z,10766812776,explore,trending-in-simulation,25,3195
2026-10-08T13:25:58Z,10550257968,explore,trending-in-simulation,26,13879
2026-10-08T13:25:58Z,10767582899,explore,trending-in-simulation,27,6992
2026-10-08T13:25:58Z,8813969120,explore,trending-in-simulation,28,5228
2026-10-08T13:25:58Z,10765067592,explore,trending-in-simulation,29,5632
2026-10-08T13:25:58Z,10636331438,explore,trending-in-simulation,30,8612
2026-10-08T13:25:58Z,10700618962,explore,trending-in-simulation,31,9306
2026-10-08T13:25:58Z,10740316645,explore,trending-in-simulation,32,9129
2026-10-08T13:25:58Z,10764897725,explore,trending-in-simulation,33,23300
2026-10-08T13:25:58Z,10767240772,explore,trending-in-simulation,34,10047
2026-10-08T13:25:58Z,10766008884,explore,trending-in-simulation,35,6251
2026-10-08T13:25:58Z,10561166339,explore,trending-in-simulation,36,10811
2026-10-08T13:25:58Z,10766240516,explore,trending-in-simulation,37,8395
2026-10-08T13:25:58Z,10741514942,explore,trending-in-simulation,38,4133
2026-10-08T13:25:58Z,10767138232,explore,trending-in-simulation,39,8089
2026-10-08T13:25:58Z,2783797267,explore,trending-in-simulation,40,7319
2026-10-08T13:25:58Z,10563114921,explore,trending-in-simulation,41,1606663
2026-10-08T13:25:58Z,9584852943,explore,trending-in-simulation,42,95428
2026-10-08T13:25:58Z,10035204815,explore,trending-in-simulation,43,105892
2026-10-08T13:25:58Z,7709344486,explore,trending-in-simulation,44,93591
2026-10-08T13:25:58Z,10684750879,explore,trending-in-simulation,45,40725
2026-10-08T13:25:58Z,10634461028,explore,trending-in-simulation,46,10450
2026-10-08T13:25:58Z,2668101271,explore,trending-in-simulation,47,36643
2026-10-08T13:25:58Z,1202096104,explore,trending-in-simulation,48,24913
2026-10-08T13:25:58Z,7395930870,explore,trending-in-simulation,49,10749
2026-10-08T13:25:58Z,210851291,explore,trending-in-simulation,50,13233
2026-10-08T13:25:58Z,5361032378,explore,trending-in-simulation,51,33066
2026-10-08T13:25:58Z,10741654282,explore,trending-in-simulation,52,15170
2026-10-08T13:25:58Z,9837612476,explore,trending-in-simulation,53,8370
2026-10-08T13:25:58Z,10717002748,explore,trending-in-simulation,54,8519
2026-10-08T13:25:58Z,2851381018,explore,trending-in-simulation,55,7805
2026-10-08T13:25:58Z,10261267004,explore,trending-in-simulation,56,11689
2026-10-08T13:25:58Z,7436755782,explore,trending-in-simulation,57,19972
2026-10-08T13:25:58Z,2471084,explore,trending-in-simulation,58,6818
2026-10-08T13:25:58Z,21164849,explore,trending-in-simulation,59,4866
2026-10-08T13:25:58Z,7094518649,explore,trending-in-simulation,60,8341
2026-10-08T13:25:58Z,9872734936,explore,trending-in-simulation,61,10506
2026-10-08T13:25:58Z,8719555347,explore,trending-in-simulation,62,13046
2026-10-08T13:25:58Z,10763764817,explore,trending-in-simulation,63,9327
2026-10-08T13:25:58Z,10681914462,explore,trending-in-simulation,64,11428
2026-10-08T13:25:58Z,4983034985,explore,trending-in-strategy,1,15639
2026-10-08T13:25:58Z,5578556129,explore,trending-in-strategy,2,23951
2026-10-08T13:25:58Z,10764297006,explore,trending-in-strategy,3,6681
2026-10-08T13:25:58Z,3541611379,explore,trending-in-strategy,4,5767
2026-10-08T13:25:58Z,5580972377,explore,trending-in-strategy,5,1945
2026-10-08T13:25:58Z,9480281767,explore,trending-in-strategy,6,1931
2026-10-08T13:25:58Z,10246108265,explore,trending-in-strategy,7,3358
2026-10-08T13:25:58Z,10424107160,explore,trending-in-strategy,8,4027
2026-10-08T13:25:58Z,10737986845,explore,trending-in-strategy,9,7712
2026-10-08T13:25:58Z,1531130248,explore,trending-in-strategy,10,2036
2026-10-08T13:25:58Z,10757247806,explore,trending-in-strategy,11,3131
2026-10-08T13:25:58Z,10765834825,explore,trending-in-strategy,12,684
2026-10-08T13:25:58Z,4778845442,explore,trending-in-strategy,13,3916
2026-10-08T13:25:58Z,10236805062,explore,trending-in-strategy,14,658
2026-10-08T13:25:58Z,10116272705,explore,trending-in-strategy,15,7519
2026-10-08T13:25:58Z,4938220315,explore,trending-in-strategy,16,1740
2026-10-08T13:25:58Z,10762636904,explore,trending-in-strategy,17,3386
2026-10-08T13:25:58Z,2283649692,explore,trending-in-strategy,18,705
2026-10-08T13:25:58Z,3913007563,explore,trending-in-strategy,19,2476
2026-10-08T13:25:58Z,1176784616,explore,trending-in-strategy,20,11737
2026-10-08T13:25:58Z,7613921865,explore,trending-in-strategy,21,7024
2026-10-08T13:25:58Z,7685678300,explore,trending-in-strategy,22,4163
2026-10-08T13:25:58Z,10529769390,explore,trending-in-strategy,23,8447
2026-10-08T13:25:58Z,2621511041,explore,trending-in-strategy,24,1945
2026-10-08T13:25:58Z,3183403065,explore,trending-in-strategy,25,2359
2026-10-08T13:25:58Z,10393438342,explore,trending-in-strategy,26,4032
2026-10-08T13:25:58Z,918677693,explore,trending-in-strategy,27,1083
2026-10-08T13:25:58Z,3267012194,explore,trending-in-strategy,28,507
2026-10-08T13:25:58Z,7703614594,explore,trending-in-strategy,29,4737
2026-10-08T13:25:58Z,7823137182,explore,trending-in-strategy,30,880
2026-10-08T13:25:58Z,2440500124,explore,trending-in-survival,1,46494
2026-10-08T13:25:58Z,7326934954,explore,trending-in-survival,2,213375
2026-10-08T13:25:58Z,5569032992,explore,trending-in-survival,3,114761
2026-10-08T13:25:58Z,3647333358,explore,trending-in-survival,4,44185
2026-10-08T13:25:58Z,10665420648,explore,trending-in-survival,5,8870
2026-10-08T13:25:58Z,10765582175,explore,trending-in-survival,6,14551
2026-10-08T13:25:58Z,10766506199,explore,trending-in-survival,7,15843
2026-10-08T13:25:58Z,10673920146,explore,trending-in-survival,8,11312
2026-10-08T13:25:58Z,10759518799,explore,trending-in-survival,9,3909
2026-10-08T13:25:58Z,10766395909,explore,trending-in-survival,10,7259
2026-10-08T13:25:58Z,10742937135,explore,trending-in-survival,11,4549
2026-10-08T13:25:58Z,10765563835,explore,trending-in-survival,12,2157
2026-10-08T13:25:58Z,5026122481,explore,trending-in-survival,13,2544
2026-10-08T13:25:58Z,6635513269,explore,trending-in-survival,14,4418
2026-10-08T13:25:58Z,10762757054,explore,trending-in-survival,15,6046
2026-10-08T13:25:58Z,8178086002,explore,trending-in-survival,16,14599
2026-10-08T13:25:58Z,66654135,explore,trending-in-survival,17,164064
2026-10-08T13:25:58Z,6331902150,explore,trending-in-survival,18,53265
2026-10-08T13:25:58Z,6739698191,explore,trending-in-survival,19,69728
2026-10-08T13:25:58Z,10148749921,explore,trending-in-survival,20,31709
2026-10-08T13:25:58Z,1516533665,explore,trending-in-survival,21,11035
2026-10-08T13:25:58Z,372226183,explore,trending-in-survival,22,11128
2026-10-08T13:25:58Z,65241,explore,trending-in-survival,23,5779
2026-10-08T13:25:58Z,10761687472,explore,trending-in-survival,24,4534
2026-10-08T13:25:58Z,5039839070,explore,trending-in-survival,25,3917
2026-10-08T13:25:58Z,6324644175,explore,trending-in-survival,26,3448
2026-10-08T13:25:58Z,10759337137,explore,trending-in-survival,27,6396
2026-10-08T13:25:58Z,9167377564,explore,trending-in-survival,28,17259
2026-10-08T13:25:58Z,6170143659,explore,trending-in-survival,29,3287
2026-10-08T13:25:58Z,383310974,explore,more-when-you-subscribe,1,174196
2026-10-08T13:25:58Z,3317771874,explore,more-when-you-subscribe,2,52056
2026-10-08T13:25:58Z,6765805766,explore,more-when-you-subscribe,3,25294
2026-10-08T13:25:58Z,1176784616,explore,more-when-you-subscribe,4,11647
2026-10-08T13:25:58Z,3647333358,explore,more-when-you-subscribe,5,44185
2026-10-08T13:25:58Z,7094518649,explore,more-when-you-subscribe,6,8341
2026-10-08T13:25:58Z,4582358979,explore,more-when-you-subscribe,7,1716
2026-10-08T13:25:58Z,3936365689,explore,more-when-you-subscribe,8,1272
2026-10-08T13:25:58Z,2380077519,explore,more-when-you-subscribe,9,6787
2026-10-08T13:25:58Z,4793836769,explore,more-when-you-subscribe,10,3359
2026-10-08T13:25:58Z,4839802560,explore,more-when-you-subscribe,11,19120
2026-10-08T13:25:58Z,648454481,explore,more-when-you-subscribe,12,15176
2026-10-08T13:25:58Z,5995470825,explore,more-when-you-subscribe,13,20844
2026-10-08T13:25:58Z,88070565,explore,more-when-you-subscribe,14,21746
2026-10-08T13:25:58Z,321778215,explore,more-when-you-subscribe,15,5932
2026-10-08T13:25:58Z,184199275,explore,more-when-you-subscribe,16,2511
2026-10-08T13:25:58Z,10541331578,explore,more-when-you-subscribe,17,1478
2026-10-08T13:25:58Z,850110028,explore,more-when-you-subscribe,18,1804
2026-10-08T13:25:58Z,245662005,explore,more-when-you-subscribe,19,5834
2026-10-08T13:25:58Z,3170483284,explore,more-when-you-subscribe,20,534
2026-10-08T13:25:58Z,7474367816,explore,more-when-you-subscribe,21,4937
2026-10-08T13:25:58Z,3734304510,explore,more-when-you-subscribe,22,681
2026-10-08T13:25:58Z,1001911915,explore,more-when-you-subscribe,23,1344
2026-10-08T13:25:58Z,2139712082,explore,more-when-you-subscribe,24,526
2026-10-08T13:25:58Z,1852226622,explore,more-when-you-subscribe,25,10605
2026-10-08T13:25:58Z,1742264997,explore,more-when-you-subscribe,26,1517
2026-10-08T13:25:58Z,4795326392,explore,more-when-you-subscribe,27,609
2026-10-08T13:25:58Z,6996253752,explore,more-when-you-subscribe,28,106
2026-10-08T13:25:58Z,7848204961,explore,more-when-you-subscribe,29,225
2026-10-08T13:25:58Z,3164075108,explore,more-when-you-subscribe,30,2366
2026-10-08T13:25:58Z,3317679266,explore,more-when-you-subscribe,31,2977
2026-10-08T13:25:58Z,8640389608,explore,more-when-you-subscribe,32,365
2026-10-08T13:25:58Z,5897329101,explore,more-when-you-subscribe,33,63
2026-10-08T13:25:58Z,2239430935,explore,more-when-you-subscribe,34,956
2026-10-08T13:25:58Z,5497606909,explore,more-when-you-subscribe,35,147
2026-10-08T13:25:58Z,7428819247,explore,more-when-you-subscribe,36,486
2026-10-08T13:25:58Z,2491559356,explore,more-when-you-subscribe,37,949
2026-10-08T13:25:58Z,7884563721,explore,more-when-you-subscribe,38,269
2026-10-08T13:25:58Z,605887098,explore,more-when-you-subscribe,39,2479
2026-10-08T13:25:58Z,6726637224,explore,more-when-you-subscribe,40,1607
2026-10-08T13:25:58Z,1180269832,explore,more-when-you-subscribe,41,472
2026-10-08T13:25:58Z,8316902627,explore,more-when-you-subscribe,42,2542
2026-10-08T13:25:58Z,1147304238,explore,more-when-you-subscribe,43,509
2026-10-08T13:25:58Z,3666294218,explore,more-when-you-subscribe,44,819
2026-10-08T13:25:58Z,848145103,explore,more-when-you-subscribe,45,165
2026-10-08T13:25:58Z,110181652,explore,more-when-you-subscribe,46,1502
2026-10-08T13:25:58Z,833209132,explore,more-when-you-subscribe,47,430
2026-10-08T13:25:58Z,3204175584,explore,more-when-you-subscribe,48,2597
2026-10-08T13:25:58Z,4154513353,explore,more-when-you-subscribe,49,931
2026-10-08T13:25:58Z,2860485766,explore,more-when-you-subscribe,50,104
2026-10-08T13:25:58Z,8974153311,explore,more-when-you-subscribe,51,168
2026-10-08T13:25:58Z,5944821008,explore,more-when-you-subscribe,52,1254
2026-10-08T13:25:58Z,2865535599,explore,more-when-you-subscribe,53,198
2026-10-08T13:25:58Z,5049569843,explore,more-when-you-subscribe,54,594
2026-10-08T13:25:58Z,1527252839,explore,more-when-you-subscribe,55,425
2026-10-08T13:25:58Z,274816972,explore,more-when-you-subscribe,56,2640
2026-10-08T13:25:58Z,5812546130,explore,more-when-you-subscribe,57,435
2026-10-08T13:25:58Z,5720553711,explore,more-when-you-subscribe,58,6400
2026-10-08T13:25:58Z,10648555380,explore,more-when-you-subscribe,59,320
2026-10-08T13:25:58Z,4518160318,explore,more-when-you-subscribe,60,4150
2026-10-08T13:25:58Z,5827120940,explore,more-when-you-subscribe,61,450
2026-10-08T13:25:58Z,2711375305,explore,more-when-you-subscribe,62,52755
2026-10-08T13:25:58Z,7229464493,explore,more-when-you-subscribe,63,144
2026-10-08T13:25:58Z,4263576532,explore,more-when-you-subscribe,64,511
2026-10-08T13:25:58Z,10593671708,explore,more-when-you-subscribe,65,172
2026-10-08T13:25:58Z,7160901012,explore,more-when-you-subscribe,66,75
2026-10-08T13:25:58Z,7617886606,explore,more-when-you-subscribe,67,69
2026-10-08T13:25:58Z,4996628751,explore,more-when-you-subscribe,68,560
2026-10-08T13:25:58Z,5048990623,explore,more-when-you-subscribe,69,163
2026-10-08T13:25:58Z,5753515186,explore,more-when-you-subscribe,70,293
2026-10-08T13:25:58Z,10037019232,explore,more-when-you-subscribe,71,109
2026-10-08T13:25:58Z,4086773669,explore,more-when-you-subscribe,72,211
2026-10-08T13:25:58Z,5012222382,explore,more-when-you-subscribe,73,568
2026-10-08T13:25:58Z,3107874866,explore,more-when-you-subscribe,74,87
2026-10-08T13:25:58Z,2366560560,explore,more-when-you-subscribe,75,1599
2026-10-08T13:25:58Z,5713659018,explore,more-when-you-subscribe,76,50
2026-10-08T13:25:58Z,7706951053,explore,more-when-you-subscribe,77,504
2026-10-08T13:25:58Z,124283622,explore,more-when-you-subscribe,78,368
2026-10-08T13:25:58Z,2131410080,explore,more-when-you-subscribe,79,151
2026-10-08T13:25:58Z,204387960,explore,more-when-you-subscribe,80,58
2026-10-08T13:25:58Z,10231678265,explore,more-when-you-subscribe,81,89
2026-10-08T13:25:58Z,4851783408,explore,more-when-you-subscribe,82,312
2026-10-08T13:25:58Z,5247232141,explore,more-when-you-subscribe,83,1298
2026-10-08T13:25:58Z,5113572498,explore,more-when-you-subscribe,84,19
2026-10-08T13:25:58Z,6940206974,explore,more-when-you-subscribe,85,5496
2026-10-08T13:25:58Z,7002376067,explore,more-when-you-subscribe,86,161
2026-10-08T13:25:58Z,4293374620,explore,more-when-you-subscribe,87,9827
2026-10-08T13:25:58Z,1499870257,explore,more-when-you-subscribe,88,259
2026-10-08T13:25:58Z,1325411718,explore,more-when-you-subscribe,89,1427
2026-10-08T13:25:58Z,7429689898,explore,more-when-you-subscribe,90,976
2026-10-08T13:25:58Z,97706693,explore,learning-and-explore,1,11
2026-10-08T13:25:58Z,5354625397,explore,learning-and-explore,2,221
2026-10-08T13:25:58Z,3627275994,explore,learning-and-explore,3,58
2026-10-08T13:25:58Z,1375027828,explore,learning-and-explore,4,60
2026-10-08T13:25:58Z,6409446943,explore,learning-and-explore,5,23
2026-10-08T13:25:58Z,1093311378,explore,learning-and-explore,6,3
2026-10-08T13:25:58Z,5905501282,explore,learning-and-explore,7,85
2026-10-08T13:25:58Z,6657534906,explore,learning-and-explore,8,52
2026-10-08T13:25:58Z,3616579578,explore,learning-and-explore,9,13
2026-10-08T13:25:58Z,2501141430,explore,learning-and-explore,10,17
2026-10-08T13:25:58Z,3081555258,explore,learning-and-explore,11,44
2026-10-08T13:25:58Z,5518318131,explore,learning-and-explore,12,7
2026-10-08T13:25:58Z,9906165155,explore,learning-and-explore,13,
2026-10-08T13:25:58Z,5174979552,explore,learning-and-explore,14,673
2026-10-08T13:25:58Z,3645313968,explore,learning-and-explore,15,41
2026-10-08T13:25:58Z,6794845242,explore,learning-and-explore,16,3
2026-10-08T13:25:58Z,969351457,explore,learning-and-explore,17,9
2026-10-08T13:25:58Z,2208244398,explore,learning-and-explore,18,8
2026-10-08T13:25:58Z,21164849,explore,learning-and-explore,19,4866
2026-10-08T13:25:58Z,953622098,explore,learning-and-explore,20,57
2026-10-08T13:25:58Z,2137105308,explore,learning-and-explore,21,253
2026-10-08T13:25:58Z,6711224984,explore,learning-and-explore,22,3
2026-10-08T13:25:58Z,3801657309,explore,learning-and-explore,23,8
2026-10-08T13:25:58Z,537069295,explore,learning-and-explore,24,1
2026-10-08T13:25:58Z,4408288935,explore,learning-and-explore,25,597
2026-10-08T13:25:58Z,3914607290,explore,learning-and-explore,26,4
2026-10-08T13:25:58Z,7091388561,explore,learning-and-explore,27,388
2026-10-08T13:25:58Z,4034530348,explore,learning-and-explore,28,57
2026-10-08T13:25:58Z,114070244,explore,learning-and-explore,29,425
2026-10-08T13:25:58Z,3536173216,explore,learning-and-explore,30,85
2026-10-08T13:25:58Z,4380922749,explore,learning-and-explore,31,1
2026-10-08T13:25:58Z,6906503978,explore,learning-and-explore,32,3
2026-10-08T13:25:58Z,2025565382,explore,learning-and-explore,33,1
2026-10-08T13:25:58Z,6506790141,explore,learning-and-explore,34,
2026-10-08T13:25:58Z,112845193,explore,learning-and-explore,35,6
2026-10-08T13:25:58Z,9762578530,explore,learning-and-explore,36,18
2026-10-08T13:25:58Z,5988568657,explore,learning-and-explore,37,41
2026-10-08T13:25:58Z,6938969105,explore,learning-and-explore,38,26
2026-10-08T13:25:58Z,1217298587,explore,learning-and-explore,39,31
2026-10-08T13:25:58Z,2817076516,explore,learning-and-explore,40,5
2026-10-08T13:25:58Z,6252201542,explore,learning-and-explore,41,18
2026-10-08T13:25:58Z,2308115211,explore,learning-and-explore,42,
2026-10-08T13:25:58Z,455701239,explore,learning-and-explore,43,7
2026-10-08T13:25:58Z,2251388500,explore,learning-and-explore,44,1775
2026-10-08T13:25:58Z,2283649692,explore,learning-and-explore,45,705
2026-10-08T13:25:58Z,3929033413,explore,learning-and-explore,46,5
2026-10-08T13:25:58Z,5042430067,explore,learning-and-explore,47,25
2026-10-08T13:25:58Z,3934229151,explore,learning-and-explore,48,48
2026-10-08T13:25:58Z,3951147015,explore,learning-and-explore,49,1353
2026-10-08T13:25:58Z,2463274810,explore,learning-and-explore,50,9
2026-10-08T13:25:58Z,79301772,explore,learning-and-explore,51,5272
2026-10-08T13:25:58Z,210851291,explore,learning-and-explore,52,13233
2026-10-08T13:25:58Z,5091615162,explore,learning-and-explore,53,1
2026-10-08T13:25:58Z,4145952225,explore,learning-and-explore,54,1
2026-10-08T13:25:58Z,10060481733,explore,learning-and-explore,55,13
2026-10-08T13:25:58Z,2533027421,explore,learning-and-explore,56,
2026-10-08T13:25:58Z,4055567612,explore,learning-and-explore,57,
2026-10-08T13:25:58Z,6015491985,explore,learning-and-explore,58,3316
2026-10-08T19:26:48Z,3508322461,explore,top-trending,1,124848
2026-10-08T19:26:48Z,10764627709,explore,top-trending,2,94437
2026-10-08T19:26:48Z,383310974,explore,top-trending,3,196455
2026-10-08T19:26:48Z,2440500124,explore,top-trending,4,46746
2026-10-08T19:26:48Z,7326934954,explore,top-trending,5,161195
2026-10-08T19:26:48Z,9534705677,explore,top-trending,6,14998
2026-10-08T19:26:48Z,5569032992,explore,top-trending,7,112926
2026-10-08T19:26:48Z,10685282333,explore,top-trending,8,26888
2026-10-08T19:26:48Z,6931042565,explore,top-trending,9,38149
2026-10-08T19:26:48Z,5750914919,explore,top-trending,10,59251
2026-10-08T19:26:48Z,10512942223,explore,top-trending,11,35377
2026-10-08T19:26:48Z,3647333358,explore,top-trending,12,27635
2026-10-08T19:26:48Z,10765288803,explore,top-trending,13,52945
2026-10-08T19:26:48Z,10665420648,explore,top-trending,14,9222
2026-10-08T19:26:48Z,10765582175,explore,top-trending,15,10576
2026-10-08T19:26:48Z,10768565603,explore,top-trending,16,8333
2026-10-08T19:26:48Z,10765298801,explore,top-trending,17,27330
2026-10-08T19:26:48Z,10767634248,explore,top-trending,18,15619
2026-10-08T19:26:48Z,10767408330,explore,top-trending,19,35145
2026-10-08T19:26:48Z,10708913337,explore,top-trending,20,53903
2026-10-08T19:26:48Z,7398552394,explore,top-trending,21,11799
2026-10-08T19:26:48Z,10673920146,explore,top-trending,22,14567
2026-10-08T19:26:48Z,10765012427,explore,top-trending,23,14038
2026-10-08T19:26:48Z,10766506199,explore,top-trending,24,15794
2026-10-08T19:26:48Z,10756011174,explore,top-trending,25,16720
2026-10-08T19:26:48Z,10767922762,explore,top-trending,26,7822
2026-10-08T19:26:48Z,10766390665,explore,top-trending,27,9604
2026-10-08T19:26:48Z,10767012496,explore,top-trending,28,13069
2026-10-08T19:26:48Z,10766056678,explore,top-trending,29,16725
2026-10-08T19:26:48Z,9825259729,explore,top-trending,30,8915
2026-10-08T19:26:48Z,10597001332,explore,top-trending,31,3319
2026-10-08T19:26:48Z,10282097014,explore,top-trending,32,21451
2026-10-08T19:26:48Z,10436530264,explore,top-trending,33,16702
2026-10-08T19:26:48Z,7265977477,explore,top-trending,34,31325
2026-10-08T19:26:48Z,10764613327,explore,top-trending,35,4816
2026-10-08T19:26:48Z,10766395909,explore,top-trending,36,7821
2026-10-08T19:26:48Z,10759518799,explore,top-trending,37,4970
2026-10-08T19:26:48Z,10036955953,explore,top-trending,38,4810
2026-10-08T19:26:48Z,601130232,explore,top-trending,39,26351
2026-10-08T19:26:48Z,3317771874,explore,top-trending,40,49345
2026-10-08T19:26:48Z,9891331827,explore,top-trending,41,5424
2026-10-08T19:26:48Z,4342047058,explore,top-trending,42,8302
2026-10-08T19:26:48Z,5578556129,explore,top-trending,43,22543
2026-10-08T19:26:48Z,10768176407,explore,top-trending,44,5373
2026-10-08T19:26:48Z,113491250,explore,top-trending,45,2861
2026-10-08T19:26:48Z,10744310825,explore,top-trending,46,17773
2026-10-08T19:26:48Z,648454481,explore,top-trending,47,15901
2026-10-08T19:26:48Z,10766687030,explore,top-trending,48,3961
2026-10-08T19:26:48Z,10767240772,explore,top-trending,49,12635
2026-10-08T19:26:48Z,10526463655,explore,top-trending,50,3702
2026-10-08T19:26:48Z,10742937135,explore,top-trending,51,7581
2026-10-08T19:26:48Z,10667357873,explore,top-trending,52,7564
2026-10-08T19:26:48Z,10765751583,explore,top-trending,53,9329
2026-10-08T19:26:48Z,10765785152,explore,top-trending,54,24915
2026-10-08T19:26:48Z,10766142497,explore,top-trending,55,4804
2026-10-08T19:26:48Z,7028566528,explore,top-trending,56,7089
2026-10-08T19:26:48Z,6049736902,explore,top-trending,57,6091
2026-10-08T19:26:48Z,7089588429,explore,top-trending,58,2484
2026-10-08T19:26:48Z,10630800860,explore,top-trending,59,8209
2026-10-08T19:26:48Z,10767138232,explore,top-trending,60,11329
2026-10-08T19:26:48Z,9978329815,explore,top-trending,61,11132
2026-10-08T19:26:48Z,10766721625,explore,top-trending,62,9255
2026-10-08T19:26:48Z,10766812776,explore,top-trending,63,6070
2026-10-08T19:26:48Z,10765951887,explore,top-trending,64,2150
2026-10-08T19:26:48Z,10764897725,explore,top-trending,65,14377
2026-10-08T19:26:48Z,10230942274,explore,top-trending,66,6907
2026-10-08T19:26:48Z,10765686447,explore,top-trending,67,9731
2026-10-08T19:26:48Z,10767582899,explore,top-trending,68,6953
2026-10-08T19:26:48Z,10636331438,explore,top-trending,69,6808
2026-10-08T19:26:48Z,10767825538,explore,top-trending,70,61494
2026-10-08T19:26:48Z,10550257968,explore,top-trending,71,8984
2026-10-08T19:26:48Z,10575295323,explore,top-trending,72,6090
2026-10-08T19:26:48Z,10740316645,explore,top-trending,73,10499
2026-10-08T19:26:48Z,3541611379,explore,top-trending,74,5212
2026-10-08T19:26:48Z,10766222230,explore,top-trending,75,755
2026-10-08T19:26:48Z,10765067592,explore,top-trending,76,6487
2026-10-08T19:26:48Z,6635513269,explore,top-trending,77,6080
2026-10-08T19:26:48Z,10766502612,explore,top-trending,78,2255
2026-10-08T19:26:48Z,10766309747,explore,top-trending,79,4107
2026-10-08T19:26:48Z,8813969120,explore,top-trending,80,4260
2026-10-08T19:26:48Z,10700618962,explore,top-trending,81,9996
2026-10-08T19:26:48Z,10212081143,explore,top-trending,82,7561
2026-10-08T19:26:48Z,10768023539,explore,top-trending,83,20973
2026-10-08T19:26:48Z,10766240516,explore,top-trending,84,5028
2026-10-08T19:26:48Z,10561166339,explore,top-trending,85,5609
2026-10-08T19:26:48Z,10732236937,explore,top-trending,86,8509
2026-10-08T19:26:48Z,2765784373,explore,top-trending,87,2955
2026-10-08T19:26:48Z,5026122481,explore,top-trending,88,3376
2026-10-08T19:26:48Z,2711375305,explore,top-trending,89,60983
2026-10-08T19:26:48Z,6945584306,explore,top-trending,90,10528
2026-10-08T19:26:48Z,4983034985,explore,top-trending,91,16698
2026-10-08T19:26:48Z,10090256806,explore,top-trending,92,3433
2026-10-08T19:26:48Z,1526814825,explore,top-trending,93,9093
2026-10-08T19:26:48Z,9855761734,explore,top-trending,94,11346
2026-10-08T19:26:48Z,4987856151,explore,top-trending,95,12177
2026-10-08T19:26:48Z,6583326485,explore,top-trending,96,2760
2026-10-08T19:26:48Z,10764627709,explore,up-and-coming,1,94437
2026-10-08T19:26:48Z,10512942223,explore,up-and-coming,2,35377
2026-10-08T19:26:48Z,10767634248,explore,up-and-coming,3,15619
2026-10-08T19:26:48Z,10767922762,explore,up-and-coming,4,7822
2026-10-08T19:26:48Z,10768565603,explore,up-and-coming,5,8254
2026-10-08T19:26:48Z,10765582175,explore,up-and-coming,6,10745
2026-10-08T19:26:48Z,10767408330,explore,up-and-coming,7,35145
2026-10-08T19:26:48Z,10768176407,explore,up-and-coming,8,5373
2026-10-08T19:26:48Z,10597001332,explore,up-and-coming,9,3319
2026-10-08T19:26:48Z,10282097014,explore,up-and-coming,10,21451
2026-10-08T19:26:48Z,10765288803,explore,up-and-coming,11,53513
2026-10-08T19:26:48Z,10767138232,explore,up-and-coming,12,11329
2026-10-08T19:26:48Z,10765785152,explore,up-and-coming,13,24915
2026-10-08T19:26:48Z,10766395909,explore,up-and-coming,14,7845
2026-10-08T19:26:48Z,10766056678,explore,up-and-coming,15,16725
2026-10-08T19:26:48Z,10766390665,explore,up-and-coming,16,9570
2026-10-08T19:26:48Z,10765298801,explore,up-and-coming,17,27330
2026-10-08T19:26:48Z,10767240772,explore,up-and-coming,18,12741
2026-10-08T19:26:48Z,10766812776,explore,up-and-coming,19,5994
2026-10-08T19:26:48Z,10767825538,explore,up-and-coming,20,61494
2026-10-08T19:26:48Z,10766142497,explore,up-and-coming,21,4804
2026-10-08T19:26:48Z,10766222230,explore,up-and-coming,22,755
2026-10-08T19:26:48Z,10767582899,explore,up-and-coming,23,6953
2026-10-08T19:26:48Z,10766240516,explore,up-and-coming,24,5028
2026-10-08T19:26:48Z,10767012496,explore,up-and-coming,25,13069
2026-10-08T19:26:48Z,10766502612,explore,up-and-coming,26,2255
2026-10-08T19:26:48Z,10766506199,explore,up-and-coming,27,15794
2026-10-08T19:26:48Z,10765951887,explore,up-and-coming,28,2150
2026-10-08T19:26:48Z,10766349481,explore,up-and-coming,29,9049
2026-10-08T19:26:48Z,10768944292,explore,up-and-coming,30,4056
2026-10-08T19:26:48Z,10765067592,explore,up-and-coming,31,6487
2026-10-08T19:26:48Z,10765906597,explore,up-and-coming,32,2347
2026-10-08T19:26:48Z,10765748731,explore,up-and-coming,33,2055
2026-10-08T19:26:48Z,10766004084,explore,up-and-coming,34,2465
2026-10-08T19:26:48Z,10768023539,explore,up-and-coming,35,20973
2026-10-08T19:26:48Z,10766309747,explore,up-and-coming,36,4107
2026-10-08T19:26:48Z,10766721625,explore,up-and-coming,37,9255
2026-10-08T19:26:48Z,10767628417,explore,up-and-coming,38,3174
2026-10-08T19:26:48Z,10765563835,explore,up-and-coming,39,2144
2026-10-08T19:26:48Z,10768202113,explore,up-and-coming,40,5301
2026-10-08T19:26:48Z,10766687030,explore,up-and-coming,41,3961
2026-10-08T19:26:48Z,10767826343,explore,up-and-coming,42,2055
2026-10-08T19:26:48Z,10765541201,explore,up-and-coming,43,12357
2026-10-08T19:26:48Z,10757704931,explore,up-and-coming,44,5337
2026-10-08T19:26:48Z,10765686447,explore,up-and-coming,45,9731
2026-10-08T19:26:48Z,10768172922,explore,up-and-coming,46,3786
2026-10-08T19:26:48Z,10514321384,explore,up-and-coming,47,2141
2026-10-08T19:26:48Z,10212081143,explore,up-and-coming,48,7561
2026-10-08T19:26:48Z,10767657583,explore,up-and-coming,49,924
2026-10-08T19:26:48Z,10769066324,explore,up-and-coming,50,3096
2026-10-08T19:26:48Z,10765950109,explore,up-and-coming,51,4162
2026-10-08T19:26:48Z,10767755908,explore,up-and-coming,52,3873
2026-10-08T19:26:48Z,10767824942,explore,up-and-coming,53,10520
2026-10-08T19:26:48Z,10768468695,explore,up-and-coming,54,1584
2026-10-08T19:26:48Z,10767094794,explore,up-and-coming,55,1560
2026-10-08T19:26:48Z,10039889230,explore,up-and-coming,56,3736
2026-10-08T19:26:48Z,10765153945,explore,up-and-coming,57,5592
2026-10-08T19:26:48Z,10675117523,explore,up-and-coming,58,13121
2026-10-08T19:26:48Z,10604313373,explore,up-and-coming,59,3258
2026-10-08T19:26:48Z,10767566226,explore,up-and-coming,60,12189
2026-10-08T19:26:48Z,10764415267,explore,up-and-coming,61,7657
2026-10-08T19:26:48Z,10767780358,explore,up-and-coming,62,2988
2026-10-08T19:26:48Z,10766008884,explore,up-and-coming,63,4805
2026-10-08T19:26:48Z,10767545737,explore,up-and-coming,64,726
2026-10-08T19:26:48Z,10766725034,explore,up-and-coming,65,4575
2026-10-08T19:26:48Z,10765091041,explore,up-and-coming,66,8467
2026-10-08T19:26:48Z,10766364164,explore,up-and-coming,67,1439
2026-10-08T19:26:48Z,10766773917,explore,up-and-coming,68,2127
2026-10-08T19:26:48Z,10765764482,explore,up-and-coming,69,2837
2026-10-08T19:26:48Z,10563114921,explore,top-playing-now,1,1037960
2026-10-08T19:26:48Z,1686885941,explore,top-playing-now,2,307649
2026-10-08T19:26:48Z,66654135,explore,top-playing-now,3,196480
2026-10-08T19:26:48Z,383310974,explore,top-playing-now,4,196455
2026-10-08T19:26:48Z,7326934954,explore,top-playing-now,5,161195
2026-10-08T19:26:48Z,994732206,explore,top-playing-now,6,159664
2026-10-08T19:26:48Z,9584852943,explore,top-playing-now,7,128099
2026-10-08T19:26:48Z,3508322461,explore,top-playing-now,8,124848
2026-10-08T19:26:48Z,6035872082,explore,top-playing-now,9,115993
2026-10-08T19:26:48Z,5569032992,explore,top-playing-now,10,112867
2026-10-08T19:26:48Z,10764627709,explore,top-playing-now,11,94797
2026-10-08T19:26:48Z,7709344486,explore,top-playing-now,12,90749
2026-10-08T19:26:48Z,6701277882,explore,top-playing-now,13,72585
2026-10-08T19:26:48Z,5595353122,explore,top-playing-now,14,67869
2026-10-08T19:26:48Z,10767825538,explore,top-playing-now,15,61024
2026-10-08T19:26:48Z,2711375305,explore,top-playing-now,16,60983
2026-10-08T19:26:48Z,5750914919,explore,top-playing-now,17,59251
2026-10-08T19:26:48Z,7219654364,explore,top-playing-now,18,56247
2026-10-08T19:26:48Z,10035204815,explore,top-playing-now,19,55378
2026-10-08T19:26:48Z,10708913337,explore,top-playing-now,20,53903
2026-10-08T19:26:48Z,10765288803,explore,top-playing-now,21,53513
2026-10-08T19:26:48Z,6331902150,explore,top-playing-now,22,52002
2026-10-08T19:26:48Z,5203828273,explore,top-playing-now,23,51267
2026-10-08T19:26:48Z,3317771874,explore,top-playing-now,24,49345
2026-10-08T19:26:48Z,2440500124,explore,top-playing-now,25,46746
2026-10-08T19:26:48Z,10155360168,explore,top-playing-now,26,45112
2026-10-08T19:26:48Z,3808081382,explore,top-playing-now,27,41372
2026-10-08T19:26:48Z,3240075297,explore,top-playing-now,28,38233
2026-10-08T19:26:48Z,6931042565,explore,top-playing-now,29,38102
2026-10-08T19:26:48Z,10512942223,explore,top-playing-now,30,35377
2026-10-08T19:26:48Z,10767408330,explore,top-playing-now,31,35145
2026-10-08T19:26:48Z,703124385,explore,top-playing-now,32,33510
2026-10-08T19:26:48Z,5361032378,explore,top-playing-now,33,31858
2026-10-08T19:26:48Z,7265977477,explore,top-playing-now,34,31325
2026-10-08T19:26:48Z,6739698191,explore,top-playing-now,35,29923
2026-10-08T19:26:48Z,88070565,explore,top-playing-now,36,29356
2026-10-08T19:26:48Z,3647333358,explore,top-playing-now,37,27439
2026-10-08T19:26:48Z,10765298801,explore,top-playing-now,38,27330
2026-10-08T19:26:48Z,10685282333,explore,top-playing-now,39,26888
2026-10-08T19:26:48Z,4839802560,explore,top-playing-now,40,26607
2026-10-08T19:26:48Z,10148749921,explore,top-playing-now,41,26375
2026-10-08T19:26:48Z,601130232,explore,top-playing-now,42,26351
2026-10-08T19:26:48Z,6765805766,explore,top-playing-now,43,25788
2026-10-08T19:26:48Z,10684750879,explore,top-playing-now,44,25140
2026-10-08T19:26:48Z,10765785152,explore,top-playing-now,45,24877
2026-10-08T19:26:48Z,4949420752,explore,top-playing-now,46,23643
2026-10-08T19:26:48Z,2668101271,explore,top-playing-now,47,23592
2026-10-08T19:26:48Z,6521100398,explore,top-playing-now,48,22963
2026-10-08T19:26:48Z,5578556129,explore,top-playing-now,49,22543
2026-10-08T19:26:48Z,1202096104,explore,top-playing-now,50,21627
2026-10-08T19:26:48Z,10282097014,explore,top-playing-now,51,21451
2026-10-08T19:26:48Z,10768023539,explore,top-playing-now,52,20934
2026-10-08T19:26:48Z,10764479526,explore,top-playing-now,53,19785
2026-10-08T19:26:48Z,1451869528,explore,top-playing-now,54,19191
2026-10-08T19:26:48Z,2157233282,explore,top-playing-now,55,18662
2026-10-08T19:26:48Z,372226183,explore,top-playing-now,56,18389
2026-10-08T19:26:48Z,4777817887,explore,top-playing-now,57,18307
2026-10-08T19:26:48Z,2619619496,explore,top-playing-now,58,17999
2026-10-08T19:26:48Z,5995470825,explore,top-playing-now,59,17797
2026-10-08T19:26:48Z,10744310825,explore,top-playing-now,60,17773
2026-10-08T19:26:48Z,10258991999,explore,top-playing-now,61,17356
2026-10-08T19:26:48Z,4049246711,explore,top-playing-now,62,16892
2026-10-08T19:26:48Z,10766056678,explore,top-playing-now,63,16830
2026-10-08T19:26:48Z,10756011174,explore,top-playing-now,64,16720
2026-10-08T19:26:48Z,4983034985,explore,top-playing-now,65,16698
2026-10-08T19:26:48Z,1831550657,explore,top-playing-now,66,16693
2026-10-08T19:26:48Z,10436530264,explore,top-playing-now,67,16640
2026-10-08T19:26:48Z,1516533665,explore,top-playing-now,68,16497
2026-10-08T19:26:48Z,648454481,explore,top-playing-now,69,15901
2026-10-08T19:26:48Z,10766506199,explore,top-playing-now,70,15794
2026-10-08T19:26:48Z,10767634248,explore,top-playing-now,71,15753
2026-10-08T19:26:48Z,2936053166,explore,top-playing-now,72,15344
2026-10-08T19:26:48Z,9534705677,explore,top-playing-now,73,14998
2026-10-08T19:26:48Z,10649255304,explore,top-playing-now,74,14919
2026-10-08T19:26:48Z,10673920146,explore,top-playing-now,75,14625
2026-10-08T19:26:48Z,10399136326,explore,top-playing-now,76,14479
2026-10-08T19:26:48Z,10764897725,explore,top-playing-now,77,14377
2026-10-08T19:26:48Z,6325068386,explore,top-playing-now,78,14346
2026-10-08T19:26:48Z,578392296,explore,top-playing-now,79,14124
2026-10-08T19:26:48Z,10765012427,explore,top-playing-now,80,14038
2026-10-08T19:26:48Z,10261267004,explore,top-playing-now,81,13392
2026-10-08T19:26:48Z,10638886777,explore,top-playing-now,82,13311
2026-10-08T19:26:48Z,10675117523,explore,top-playing-now,83,13121
2026-10-08T19:26:48Z,10767012496,explore,top-playing-now,84,13069
2026-10-08T19:26:48Z,7436755782,explore,top-playing-now,85,13065
2026-10-08T19:26:48Z,7554119808,explore,top-playing-now,86,13046
2026-10-08T19:26:48Z,7633926880,explore,top-playing-now,87,12986
2026-10-08T19:26:48Z,10753751277,explore,top-playing-now,88,12970
2026-10-08T19:26:48Z,10768425253,explore,top-playing-now,89,12935
2026-10-08T19:26:48Z,10767240772,explore,top-playing-now,90,12741
2026-10-08T19:26:48Z,4658598196,explore,top-playing-now,91,12696
2026-10-08T19:26:48Z,9167377564,explore,top-playing-now,92,12677
2026-10-08T19:26:48Z,4293374620,explore,top-playing-now,93,12453
2026-10-08T19:26:48Z,10765541201,explore,top-playing-now,94,12279
2026-10-08T19:26:48Z,6774320049,explore,top-playing-now,95,12241
2026-10-08T19:26:48Z,10767566226,explore,top-playing-now,96,12189
2026-10-08T19:26:48Z,10473810300,explore,top-playing-now,97,12087
2026-10-08T19:26:48Z,10030829154,explore,top-playing-now,98,12003
2026-10-08T19:26:48Z,3359505957,explore,fun-with-friends,1,3001
2026-10-08T19:26:48Z,6949043989,explore,fun-with-friends,2,385
2026-10-08T19:26:48Z,6385532960,explore,fun-with-friends,3,3047
2026-10-08T19:26:48Z,4991126644,explore,fun-with-friends,4,1605
2026-10-08T19:26:48Z,10415694629,explore,fun-with-friends,5,6476
2026-10-08T19:26:48Z,1000233041,explore,fun-with-friends,6,7158
2026-10-08T19:26:48Z,6619936488,explore,fun-with-friends,7,1735
2026-10-08T19:26:48Z,10737656087,explore,fun-with-friends,8,4956
2026-10-08T19:26:48Z,5580972377,explore,fun-with-friends,9,2323
2026-10-08T19:26:48Z,10742937135,explore,fun-with-friends,10,7558
2026-10-08T19:26:48Z,1008451066,explore,fun-with-friends,11,2704
2026-10-08T19:26:48Z,10762757054,explore,fun-with-friends,12,3753
2026-10-08T19:26:48Z,10765167636,explore,fun-with-friends,13,5489
2026-10-08T19:26:48Z,10759638075,explore,fun-with-friends,14,5975
2026-10-08T19:26:48Z,7178032757,explore,fun-with-friends,15,4996
2026-10-08T19:26:48Z,9908641400,explore,fun-with-friends,16,2764
2026-10-08T19:26:48Z,10766390665,explore,fun-with-friends,17,9570
2026-10-08T19:26:48Z,9885372266,explore,fun-with-friends,18,3065
2026-10-08T19:26:48Z,7414497778,explore,fun-with-friends,19,2603
2026-10-08T19:26:48Z,1494262959,explore,fun-with-friends,20,1770
2026-10-08T19:26:48Z,6739698191,explore,fun-with-friends,21,29730
2026-10-08T19:26:48Z,6945584306,explore,fun-with-friends,22,10528
2026-10-08T19:26:48Z,1686885941,explore,fun-with-friends,23,308747
2026-10-08T19:26:48Z,4582358979,explore,fun-with-friends,24,1666
2026-10-08T19:26:48Z,1278035280,explore,fun-with-friends,25,5668
2026-10-08T19:26:48Z,66654135,explore,fun-with-friends,26,195924
2026-10-08T19:26:48Z,6701277882,explore,fun-with-friends,27,72415
2026-10-08T19:26:48Z,6174994284,explore,fun-with-friends,28,3285
2026-10-08T19:26:48Z,2668101271,explore,fun-with-friends,29,23382
2026-10-08T19:26:48Z,7108384194,explore,fun-with-friends,30,9567
2026-10-08T19:26:48Z,7208219743,explore,fun-with-friends,31,1116
2026-10-08T19:26:48Z,4839802560,explore,fun-with-friends,32,26541
2026-10-08T19:26:48Z,892043755,explore,fun-with-friends,33,2031
2026-10-08T19:26:48Z,6765805766,explore,fun-with-friends,34,25788
2026-10-08T19:26:48Z,1946714362,explore,fun-with-friends,35,2739
2026-10-08T19:26:48Z,3990106548,explore,fun-with-friends,36,4364
2026-10-08T19:26:48Z,7554119808,explore,fun-with-friends,37,13046
2026-10-08T19:26:48Z,372226183,explore,fun-with-friends,38,18389
2026-10-08T19:26:48Z,10764627709,explore,fun-with-friends,39,94437
2026-10-08T19:26:48Z,6925303818,explore,fun-with-friends,40,1281
2026-10-08T19:26:48Z,4676287985,explore,fun-with-friends,41,608
2026-10-08T19:26:48Z,10764613327,explore,fun-with-friends,42,4816
2026-10-08T19:26:48Z,4348829796,explore,fun-with-friends,43,8434
2026-10-08T19:26:48Z,7629331599,explore,fun-with-friends,44,3950
2026-10-08T19:26:48Z,10189903609,explore,fun-with-friends,45,3886
2026-10-08T19:26:48Z,4983034985,explore,fun-with-friends,46,16414
2026-10-08T19:26:48Z,4987856151,explore,fun-with-friends,47,12153
2026-10-08T19:26:48Z,5039839070,explore,fun-with-friends,48,8671
2026-10-08T19:26:48Z,6749060816,explore,fun-with-friends,49,4775
2026-10-08T19:26:48Z,10171934713,explore,fun-with-friends,50,1332
2026-10-08T19:26:48Z,6275120808,explore,fun-with-friends,51,1352
2026-10-08T19:26:48Z,10153098880,explore,fun-with-friends,52,1927
2026-10-08T19:26:48Z,1526814825,explore,fun-with-friends,53,9010
2026-10-08T19:26:48Z,5829613337,explore,fun-with-friends,54,2562
2026-10-08T19:26:48Z,10765190004,explore,fun-with-friends,55,4476
2026-10-08T19:26:48Z,1709917610,explore,fun-with-friends,56,1303
2026-10-08T19:26:48Z,2711375305,explore,fun-with-friends,57,60983
2026-10-08T19:26:48Z,10762388019,explore,fun-with-friends,58,5672
2026-10-08T19:26:48Z,1831550657,explore,fun-with-friends,59,16693
2026-10-08T19:26:48Z,6521100398,explore,fun-with-friends,60,22951
2026-10-08T19:26:48Z,110181652,explore,fun-with-friends,61,1918
2026-10-08T19:26:48Z,10765582175,explore,fun-with-friends,62,10576
2026-10-08T19:26:48Z,10126644530,explore,fun-with-friends,63,1756
2026-10-08T19:26:48Z,4568630521,explore,fun-with-friends,64,4196
2026-10-08T19:26:48Z,3240075297,explore,fun-with-friends,65,38233
2026-10-08T19:26:48Z,7856039629,explore,fun-with-friends,66,5620
2026-10-08T19:26:48Z,3508322461,explore,fun-with-friends,67,124848
2026-10-08T19:26:48Z,6504986360,explore,fun-with-friends,68,6979
2026-10-08T19:26:48Z,2471084,explore,fun-with-friends,69,5948
2026-10-08T19:26:48Z,7970033072,explore,fun-with-friends,70,970
2026-10-08T19:26:48Z,7219654364,explore,fun-with-friends,71,56554
2026-10-08T19:26:48Z,245662005,explore,fun-with-friends,72,6559
2026-10-08T19:26:48Z,3808081382,explore,fun-with-friends,73,41372
2026-10-08T19:26:48Z,4181957649,explore,fun-with-friends,74,2236
2026-10-08T19:26:48Z,10765927544,explore,fun-with-friends,75,1160
2026-10-08T19:26:48Z,10504918958,explore,fun-with-friends,76,1570
2026-10-08T19:26:48Z,10526853622,explore,fun-with-friends,77,8080
2026-10-08T19:26:48Z,9582986239,explore,fun-with-friends,78,3235
2026-10-08T19:26:48Z,210851291,explore,fun-with-friends,79,11429
2026-10-08T19:26:48Z,10261267004,explore,fun-with-friends,80,13392
2026-10-08T19:26:48Z,10533638982,explore,fun-with-friends,81,1264
2026-10-08T19:26:48Z,6331902150,explore,fun-with-friends,82,52048
2026-10-08T19:26:48Z,1087859240,explore,fun-with-friends,83,1003
2026-10-08T19:26:48Z,4777817887,explore,fun-with-friends,84,18307
2026-10-08T19:26:48Z,1312971993,explore,fun-with-friends,85,1497
2026-10-08T19:26:48Z,65241,explore,fun-with-friends,86,6026
2026-10-08T19:26:48Z,5569032992,explore,top-revisited,1,112926
2026-10-08T19:26:48Z,5599532653,explore,top-revisited,2,804
2026-10-08T19:26:48Z,6945584306,explore,top-revisited,3,10528
2026-10-08T19:26:48Z,1946714362,explore,top-revisited,4,2739
2026-10-08T19:26:48Z,1087859240,explore,top-revisited,5,962
2026-10-08T19:26:48Z,5039839070,explore,top-revisited,6,8529
2026-10-08T19:26:48Z,5578556129,explore,top-revisited,7,22543
2026-10-08T19:26:48Z,3508322461,explore,top-revisited,8,124848
2026-10-08T19:26:48Z,4150150482,explore,top-revisited,9,853
2026-10-08T19:26:48Z,10422038064,explore,top-revisited,10,301
2026-10-08T19:26:48Z,8824087733,explore,top-revisited,11,353
2026-10-08T19:26:48Z,7613921865,explore,top-revisited,12,6386
2026-10-08T19:26:48Z,10502841145,explore,top-revisited,13,11109
2026-10-08T19:26:48Z,3541611379,explore,top-revisited,14,5212
2026-10-08T19:26:48Z,6190071862,explore,top-revisited,15,1754
2026-10-08T19:26:48Z,9219838330,explore,top-revisited,16,254
2026-10-08T19:26:48Z,3359505957,explore,top-revisited,17,3001
2026-10-08T19:26:48Z,4743794878,explore,top-revisited,18,1997
2026-10-08T19:26:48Z,6385532960,explore,top-revisited,19,3056
2026-10-08T19:26:48Z,5361032378,explore,top-revisited,20,31858
2026-10-08T19:26:48Z,10737656087,explore,top-revisited,21,4948
2026-10-08T19:26:48Z,9865604662,explore,top-revisited,22,271
2026-10-08T19:26:48Z,7882785167,explore,top-revisited,23,1980
2026-10-08T19:26:48Z,5750914919,explore,top-revisited,24,59251
2026-10-08T19:26:48Z,8333899831,explore,top-revisited,25,245
2026-10-08T19:26:48Z,3747388906,explore,top-revisited,26,977
2026-10-08T19:26:48Z,114967577,explore,top-revisited,27,868
2026-10-08T19:26:48Z,4260784961,explore,top-revisited,28,1093
2026-10-08T19:26:48Z,10762636904,explore,top-revisited,29,2331
2026-10-08T19:26:48Z,10563114921,explore,top-revisited,30,1037960
2026-10-08T19:26:48Z,5488708927,explore,top-revisited,31,325
2026-10-08T19:26:48Z,9931749389,explore,top-revisited,32,5904
2026-10-08T19:26:48Z,578392296,explore,top-revisited,33,14124
2026-10-08T19:26:48Z,648454481,explore,top-revisited,34,15901
2026-10-08T19:26:48Z,8524572339,explore,top-revisited,35,3226
2026-10-08T19:26:48Z,6331902150,explore,top-revisited,36,52002
2026-10-08T19:26:48Z,3064619271,explore,top-revisited,37,439
2026-10-08T19:26:48Z,994732206,explore,top-revisited,38,159664
2026-10-08T19:26:48Z,4342047058,explore,top-revisited,39,8302
2026-10-08T19:26:48Z,9046580625,explore,top-revisited,40,55
2026-10-08T19:26:48Z,2682938349,explore,top-revisited,41,4725
2026-10-08T19:26:48Z,3936365689,explore,top-revisited,42,1630
2026-10-08T19:26:48Z,3837114739,explore,top-revisited,43,855
2026-10-08T19:26:48Z,1374118848,explore,top-revisited,44,686
2026-10-08T19:26:48Z,6504986360,explore,top-revisited,45,6979
2026-10-08T19:26:48Z,3913007563,explore,top-revisited,46,1991
2026-10-08T19:26:48Z,9948575164,explore,top-revisited,47,1601
2026-10-08T19:26:48Z,383310974,explore,top-revisited,48,196455
2026-10-08T19:26:48Z,2640407187,explore,top-revisited,49,1235
2026-10-08T19:26:48Z,6925303818,explore,top-revisited,50,1281
2026-10-08T19:26:48Z,10090818841,explore,top-revisited,51,177
2026-10-08T19:26:48Z,5315312115,explore,top-revisited,52,283
2026-10-08T19:26:48Z,3289847355,explore,top-revisited,53,309
2026-10-08T19:26:48Z,1831550657,explore,top-revisited,54,16756
2026-10-08T19:26:48Z,3478678937,explore,top-revisited,55,249
2026-10-08T19:26:48Z,2765784373,explore,top-revisited,56,2955
2026-10-08T19:26:48Z,9965411707,explore,top-revisited,57,3943
2026-10-08T19:26:48Z,10765927544,explore,top-revisited,58,1160
2026-10-08T19:26:48Z,7178032757,explore,top-revisited,59,5013
2026-10-08T19:26:48Z,10452420697,explore,top-revisited,60,120
2026-10-08T19:26:48Z,7350402084,explore,top-revisited,61,424
2026-10-08T19:26:48Z,3047037061,explore,top-revisited,62,1925
2026-10-08T19:26:48Z,10393438342,explore,top-revisited,63,2745
2026-10-08T19:26:48Z,6035872082,explore,top-revisited,64,115993
2026-10-08T19:26:48Z,3808081382,explore,top-revisited,65,41372
2026-10-08T19:26:48Z,9229146348,explore,top-revisited,66,473
2026-10-08T19:26:48Z,3634139746,explore,top-revisited,67,506
2026-10-08T19:26:48Z,10638048650,explore,top-revisited,68,864
2026-10-08T19:26:48Z,6280758286,explore,top-revisited,69,1259
2026-10-08T19:26:48Z,9362896961,explore,top-revisited,70,3356
2026-10-08T19:26:48Z,1531130248,explore,top-revisited,71,2630
2026-10-08T19:26:48Z,10491385664,explore,top-revisited,72,201
2026-10-08T19:26:48Z,10428543942,explore,top-revisited,73,469
2026-10-08T19:26:48Z,10764627709,explore,top-revisited,74,94437
2026-10-08T19:26:48Z,6931042565,explore,top-revisited,75,38149
2026-10-08T19:26:48Z,6682487255,explore,top-revisited,76,5173
2026-10-08T19:26:48Z,1316421563,explore,top-revisited,77,288
2026-10-08T19:26:48Z,4938220315,explore,top-revisited,78,1097
2026-10-08T19:26:48Z,1494262959,explore,top-revisited,79,1770
2026-10-08T19:26:48Z,6765805766,explore,top-revisited,80,25788
2026-10-08T19:26:48Z,5125369493,explore,top-revisited,81,4600
2026-10-08T19:26:48Z,7219654364,explore,top-revisited,82,56554
2026-10-08T19:26:48Z,1054526971,explore,top-revisited,83,4108
2026-10-08T19:26:48Z,7931158824,explore,top-revisited,84,422
2026-10-08T19:26:48Z,7444113888,explore,top-revisited,85,98
2026-10-08T19:26:48Z,10563114921,explore,top-earning,1,1037960
2026-10-08T19:26:48Z,994732206,explore,top-earning,2,159469
2026-10-08T19:26:48Z,383310974,explore,top-earning,3,196455
2026-10-08T19:26:48Z,6035872082,explore,top-earning,4,115993
2026-10-08T19:26:48Z,5595353122,explore,top-earning,5,67869
2026-10-08T19:26:48Z,4777817887,explore,top-earning,6,18446
2026-10-08T19:26:48Z,5569032992,explore,top-earning,7,112926
2026-10-08T19:26:48Z,5750914919,explore,top-earning,8,59251
2026-10-08T19:26:48Z,3508322461,explore,top-earning,9,124848
2026-10-08T19:26:48Z,3317771874,explore,top-earning,10,49345
2026-10-08T19:26:48Z,10765012427,explore,top-earning,11,14153
2026-10-08T19:26:48Z,9534705677,explore,top-earning,12,14998
2026-10-08T19:26:48Z,648454481,explore,top-earning,13,15913
2026-10-08T19:26:48Z,66654135,explore,top-earning,14,195924
2026-10-08T19:26:48Z,10684750879,explore,top-earning,15,25140
2026-10-08T19:26:48Z,6931042565,explore,top-earning,16,38149
2026-10-08T19:26:48Z,2440500124,explore,top-earning,17,46746
2026-10-08T19:26:48Z,10035204815,explore,top-earning,18,55378
2026-10-08T19:26:48Z,10708913337,explore,top-earning,19,53903
2026-10-08T19:26:48Z,1176784616,explore,top-earning,20,10795
2026-10-08T19:26:48Z,578392296,explore,top-earning,21,14147
2026-10-08T19:26:48Z,4750561026,explore,top-earning,22,8574
2026-10-08T19:26:48Z,10764627709,explore,top-earning,23,94437
2026-10-08T19:26:48Z,6331902150,explore,top-earning,24,52002
2026-10-08T19:26:48Z,3541611379,explore,top-earning,25,5212
2026-10-08T19:26:48Z,10732236937,explore,top-earning,26,8509
2026-10-08T19:26:48Z,5995470825,explore,top-earning,27,17797
2026-10-08T19:26:48Z,10258991999,explore,top-earning,28,17356
2026-10-08T19:26:48Z,2619619496,explore,top-earning,29,17999
2026-10-08T19:26:48Z,7326934954,explore,top-earning,30,160400
2026-10-08T19:26:48Z,10436530264,explore,top-earning,31,16702
2026-10-08T19:26:48Z,9891331827,explore,top-earning,32,5424
2026-10-08T19:26:48Z,9837612476,explore,top-earning,33,8041
2026-10-08T19:26:48Z,9931749389,explore,top-earning,34,5904
2026-10-08T19:26:48Z,1831550657,explore,top-earning,35,16693
2026-10-08T19:26:48Z,10685282333,explore,top-earning,36,26888
2026-10-08T19:26:48Z,1686885941,explore,top-earning,37,308747
2026-10-08T19:26:48Z,9584852943,explore,top-earning,38,126982
2026-10-08T19:26:48Z,1016936714,explore,top-earning,39,8409
2026-10-08T19:26:48Z,7633926880,explore,top-earning,40,12799
2026-10-08T19:26:48Z,88070565,explore,top-earning,41,29308
2026-10-08T19:26:48Z,1235188606,explore,top-earning,42,5249
2026-10-08T19:26:48Z,7264587281,explore,top-earning,43,3266
2026-10-08T19:26:48Z,903807016,explore,top-earning,44,6689
2026-10-08T19:26:48Z,5203828273,explore,top-earning,45,51267
2026-10-08T19:26:48Z,10173311467,explore,top-earning,46,11136
2026-10-08T19:26:48Z,1946714362,explore,top-earning,47,2739
2026-10-08T19:26:48Z,10643795368,explore,top-earning,48,4003
2026-10-08T19:26:48Z,3808081382,explore,top-earning,49,41372
2026-10-08T19:26:48Z,10148749921,explore,top-earning,50,26385
2026-10-08T19:26:48Z,7709344486,explore,top-earning,51,90749
2026-10-08T19:26:48Z,10756011174,explore,top-earning,52,16720
2026-10-08T19:26:48Z,10512942223,explore,top-earning,53,35377
2026-10-08T19:26:48Z,5578556129,explore,top-earning,54,22543
2026-10-08T19:26:48Z,4658598196,explore,top-earning,55,12696
2026-10-08T19:26:48Z,3990106548,explore,top-earning,56,4364
2026-10-08T19:26:48Z,6682487255,explore,top-earning,57,5173
2026-10-08T19:26:48Z,10700618962,explore,top-earning,58,9996
2026-10-08T19:26:48Z,10765298801,explore,top-earning,59,27330
2026-10-08T19:26:48Z,10261267004,explore,top-earning,60,13392
2026-10-08T19:26:48Z,3183403065,explore,top-earning,61,1842
2026-10-08T19:26:48Z,1516533665,explore,top-earning,62,16497
2026-10-08T19:26:48Z,10667357873,explore,top-earning,63,7564
2026-10-08T19:26:48Z,1526814825,explore,top-earning,64,9093
2026-10-08T19:26:48Z,5361032378,explore,top-earning,65,31858
2026-10-08T19:26:48Z,7585140258,explore,top-earning,66,11463
2026-10-08T19:26:48Z,10741792653,explore,top-earning,67,2431
2026-10-08T19:26:48Z,601130232,explore,top-earning,68,26351
2026-10-08T19:26:48Z,6749060816,explore,top-earning,69,4797
2026-10-08T19:26:48Z,3936365689,explore,top-earning,70,1630
2026-10-08T19:26:48Z,6945584306,explore,top-earning,71,10528
2026-10-08T19:26:48Z,9641502068,explore,top-earning,72,9549
2026-10-08T19:26:48Z,4991126644,explore,top-earning,73,1608
2026-10-08T19:26:48Z,10636331438,explore,top-earning,74,6808
2026-10-08T19:26:48Z,10282097014,explore,top-earning,75,21451
2026-10-08T19:26:48Z,9855761734,explore,top-earning,76,11346
2026-10-08T19:26:48Z,10155360168,explore,top-earning,77,45161
2026-10-08T19:26:48Z,10624691669,explore,top-earning,78,8573
2026-10-08T19:26:48Z,6760085372,explore,top-earning,79,5008
2026-10-08T19:26:48Z,10039889230,explore,top-earning,80,3736
2026-10-08T19:26:48Z,3647333358,explore,top-earning,81,27635
2026-10-08T19:26:48Z,7028566528,explore,top-earning,82,7089
2026-10-08T19:26:48Z,7265339759,explore,top-earning,83,821
2026-10-08T19:26:48Z,7008097940,explore,top-earning,84,10680
2026-10-08T19:26:48Z,371263894,explore,top-earning,85,5738
2026-10-08T19:26:48Z,321778215,explore,top-earning,86,7861
2026-10-08T19:26:48Z,10765288803,explore,top-earning,87,52945
2026-10-08T19:26:48Z,1390601379,explore,top-earning,88,1772
2026-10-08T19:26:48Z,245662005,explore,top-earning,89,6559
2026-10-08T19:26:48Z,6385532960,explore,top-earning,90,3047
2026-10-08T19:26:48Z,8524572339,explore,top-earning,91,3226
2026-10-08T19:26:48Z,10552240401,explore,top-earning,92,4094
2026-10-08T19:26:48Z,10748543623,explore,top-earning,93,3938
2026-10-08T19:26:48Z,10740316645,explore,top-earning,94,10605
2026-10-08T19:26:48Z,10759638075,explore,top-earning,95,5975
2026-10-08T19:26:48Z,10675117523,explore,top-earning,96,13100
2026-10-08T19:26:48Z,6701277882,explore,top-earning,97,72415
2026-10-08T19:26:48Z,7395930870,explore,top-earning,98,11106
2026-10-08T19:26:48Z,113491250,explore,top-earning,99,2843
2026-10-08T19:26:48Z,9582986239,explore,top-earning,100,3235
2026-10-08T19:26:48Z,10321202755,explore,top-earning,101,6457
2026-10-08T19:26:48Z,6504986360,explore,top-earning,102,6979
2026-10-08T19:26:48Z,2682938349,explore,top-earning,103,4725
2026-10-08T19:26:48Z,3110388936,explore,top-earning,104,2463
2026-10-08T19:26:48Z,184199275,explore,top-earning,105,7831
2026-10-08T19:26:48Z,10717002748,explore,top-earning,106,10417
2026-10-08T19:26:48Z,6325068386,explore,top-earning,107,14449
2026-10-08T19:26:48Z,10737656087,explore,top-earning,108,4956
2026-10-08T19:26:48Z,7219654364,explore,top-earning,109,56554
2026-10-08T19:26:48Z,9872734936,explore,top-earning,110,10738
2026-10-08T19:26:48Z,10766812776,explore,top-earning,111,5994
2026-10-08T19:26:48Z,10765582175,explore,top-earning,112,10576
2026-10-08T19:26:48Z,10532995815,explore,top-earning,113,4688
2026-10-08T19:26:48Z,10246108265,explore,top-earning,114,2618
2026-10-08T19:26:48Z,7970033072,explore,top-earning,115,970
2026-10-08T19:26:48Z,2527789729,explore,top-earning,116,2424
2026-10-08T19:26:48Z,1202096104,explore,top-earning,117,21627
2026-10-08T19:26:48Z,9051406594,explore,top-earning,118,5727
2026-10-08T19:26:48Z,9656201728,explore,top-earning,119,1345
2026-10-08T19:26:48Z,5166944221,explore,top-earning,120,4813
2026-10-08T19:26:48Z,10231502419,explore,top-earning,121,2899
2026-10-08T19:26:48Z,9880286438,explore,top-earning,122,6123
2026-10-08T19:26:48Z,8520148363,explore,top-earning,123,3317
2026-10-08T19:26:48Z,9551044479,explore,top-earning,124,3324
2026-10-08T19:26:48Z,1278035280,explore,top-earning,125,5668
2026-10-08T19:26:48Z,2380077519,explore,top-earning,126,7202
2026-10-08T19:26:48Z,985731078,explore,top-earning,127,1784
2026-10-08T19:26:48Z,9796898051,explore,top-earning,128,7499
2026-10-08T19:26:48Z,10529769390,explore,top-earning,129,6319
2026-10-08T19:26:48Z,6765805766,explore,top-earning,130,25788
2026-10-08T19:26:48Z,1494262959,explore,top-earning,131,1770
2026-10-08T19:26:48Z,10526853622,explore,top-earning,132,8080
2026-10-08T19:26:48Z,1525626450,explore,top-earning,133,4135
2026-10-08T19:26:48Z,2992873140,explore,top-earning,134,11263
2026-10-08T19:26:48Z,10541331578,explore,top-earning,135,1266
2026-10-08T19:26:48Z,7089588429,explore,top-earning,136,2484
2026-10-08T19:26:48Z,10200395747,explore,top-earning,137,2248
2026-10-08T19:26:48Z,9910245722,explore,top-earning,138,2663
2026-10-08T19:26:48Z,7436755782,explore,top-earning,139,13009
2026-10-08T19:26:48Z,10440833423,explore,top-earning,140,2015
2026-10-08T19:26:48Z,10648555380,explore,top-earning,141,208
2026-10-08T19:26:48Z,10431718987,explore,top-earning,142,2780
2026-10-08T19:26:48Z,10759337137,explore,top-earning,143,4891
2026-10-08T19:26:48Z,2309918273,explore,top-earning,144,1314
2026-10-08T19:26:48Z,7883776681,explore,top-earning,145,3730
2026-10-08T19:26:48Z,7613921865,explore,top-earning,146,6404
2026-10-08T19:26:48Z,8640389608,explore,top-earning,147,285
2026-10-08T19:26:48Z,1054526971,explore,top-earning,148,4108
2026-10-08T19:26:48Z,2251388500,explore,top-earning,149,1781
2026-10-08T19:26:48Z,850110028,explore,top-earning,150,3181
2026-10-08T19:26:48Z,10552540426,explore,top-earning,151,1703
2026-10-08T19:26:48Z,7094518649,explore,top-earning,152,7767
2026-10-08T19:26:48Z,9970645639,explore,top-earning,153,6175
2026-10-08T19:26:48Z,10116272705,explore,top-earning,154,7700
2026-10-08T19:26:48Z,1268927906,explore,top-earning,155,8182
2026-10-08T19:26:48Z,10742937135,explore,top-earning,156,7558
2026-10-08T19:26:48Z,10550257968,explore,top-earning,157,8984
2026-10-08T19:26:48Z,1008451066,explore,top-earning,158,2704
2026-10-08T19:26:48Z,10765950109,explore,top-earning,159,4224
2026-10-08T19:26:48Z,1782832995,explore,top-earning,160,1316
2026-10-08T19:26:48Z,210851291,explore,top-earning,161,11429
2026-10-08T19:26:48Z,4987856151,explore,top-earning,162,12153
2026-10-08T19:26:48Z,10764887435,explore,top-earning,163,1192
2026-10-08T19:26:48Z,4931927012,explore,top-earning,164,2814
2026-10-08T19:26:48Z,7673659635,explore,top-earning,165,3041
2026-10-08T19:26:48Z,5026122481,explore,top-earning,166,3358
2026-10-08T19:26:48Z,10230942274,explore,top-earning,167,6837
2026-10-08T19:26:48Z,10399136326,explore,top-earning,168,14398
2026-10-08T19:26:48Z,10741654282,explore,top-earning,169,8167
2026-10-08T19:26:48Z,4568630521,explore,top-earning,170,4196
2026-10-08T19:26:48Z,10673920146,explore,top-earning,171,14625
2026-10-08T19:26:48Z,10415845204,explore,top-earning,172,2505
2026-10-08T19:26:48Z,9561553764,explore,top-earning,173,9540
2026-10-08T19:26:48Z,10424107160,explore,top-earning,174,3070
2026-10-08T19:26:48Z,1802741133,explore,top-earning,175,2548
2026-10-08T19:26:48Z,1451439645,explore,top-earning,176,3929
2026-10-08T19:26:48Z,3164075108,explore,top-earning,177,2495
2026-10-08T19:26:48Z,5422546686,explore,top-earning,178,2091
2026-10-08T19:26:48Z,2788648141,explore,top-earning,179,1935
2026-10-08T19:26:48Z,3747388906,explore,top-earning,180,977
2026-10-08T19:26:48Z,10766008884,explore,top-earning,181,4746
2026-10-08T19:26:48Z,10430019389,explore,top-earning,182,10042
2026-10-08T19:26:48Z,8829204428,explore,top-earning,183,1810
2026-10-08T19:26:48Z,10765902945,explore,top-earning,184,4662
2026-10-08T19:26:48Z,10765013362,explore,top-earning,185,6409
2026-10-08T19:26:48Z,10634461028,explore,top-earning,186,10952
2026-10-08T19:26:48Z,6061766680,explore,top-earning,187,2902
2026-10-08T19:26:48Z,10504918958,explore,top-earning,188,1570
2026-10-08T19:26:48Z,4730278139,explore,top-earning,189,6011
2026-10-08T19:26:48Z,10577588270,explore,top-earning,190,2642
2026-10-08T19:26:48Z,4983034985,explore,top-earning,191,16414
2026-10-08T19:26:48Z,6215986499,explore,top-earning,192,644
2026-10-08T19:26:48Z,10075660664,explore,top-earning,193,265
2026-10-08T19:26:48Z,7629331599,explore,top-earning,194,3950
2026-10-08T19:26:48Z,10762175328,explore,top-earning,195,220
2026-10-08T19:26:48Z,10533638982,explore,top-earning,196,1249
2026-10-08T19:26:48Z,10765579304,explore,top-earning,197,1119
2026-10-08T19:26:48Z,8618660961,explore,top-earning,198,1351
2026-10-08T19:26:48Z,703124385,explore,top-earning,199,34128
2026-10-08T19:26:48Z,1742264997,explore,top-earning,200,1613
2026-10-08T19:26:48Z,9788139379,explore,top-earning,201,2294
2026-10-08T19:26:48Z,10753751277,explore,top-earning,202,12970
2026-10-08T19:26:48Z,10765167636,explore,top-earning,203,5489
2026-10-08T19:26:48Z,10767582899,explore,top-earning,204,6953
2026-10-08T19:26:48Z,4420562665,explore,top-earning,205,8371
2026-10-08T19:26:48Z,4793836769,explore,top-earning,206,2953
2026-10-08T19:26:48Z,7934320560,explore,top-earning,207,1874
2026-10-08T19:26:48Z,10566677406,explore,top-earning,208,3084
2026-10-08T19:26:48Z,65241,explore,top-earning,209,6026
2026-10-08T19:26:48Z,5650396773,explore,top-earning,210,9754
2026-10-08T19:26:48Z,9662130710,explore,top-earning,211,9617
2026-10-08T19:26:48Z,9940812243,explore,top-earning,212,2742
2026-10-08T19:26:48Z,6161049307,explore,top-earning,213,4082
2026-10-08T19:26:48Z,4457060041,explore,top-earning,214,1550
2026-10-08T19:26:48Z,10765708310,explore,top-earning,215,630
2026-10-08T19:26:48Z,9885372266,explore,top-earning,216,3094
2026-10-08T19:26:48Z,10031505426,explore,top-earning,217,2754
2026-10-08T19:26:48Z,10765067592,explore,top-earning,218,6487
2026-10-08T19:26:48Z,10762636904,explore,top-earning,219,2331
2026-10-08T19:26:48Z,31970568,explore,top-earning,220,3372
2026-10-08T19:26:48Z,6048923315,explore,top-earning,221,1019
2026-10-08T19:26:48Z,10502841145,explore,top-earning,222,11109
2026-10-08T19:26:48Z,6739698191,explore,top-earning,223,29730
2026-10-08T19:26:48Z,9324081218,explore,top-earning,224,146
2026-10-08T19:26:48Z,10031562156,explore,top-earning,225,4747
2026-10-08T19:26:48Z,10765751583,explore,top-earning,226,9110
2026-10-08T19:26:48Z,10004244222,explore,top-earning,227,8285
2026-10-08T19:26:48Z,2862098693,explore,top-earning,228,2342
2026-10-08T19:26:48Z,4938220315,explore,top-earning,229,1097
2026-10-08T19:26:48Z,4348829796,explore,top-earning,230,8434
2026-10-08T19:26:48Z,10762388019,explore,top-earning,231,5587
2026-10-08T19:26:48Z,3405618667,explore,top-earning,232,2622
2026-10-08T19:26:48Z,10765091041,explore,top-earning,233,8466
2026-10-08T19:26:48Z,10764883692,explore,top-earning,234,881
2026-10-08T19:26:48Z,4201418016,explore,top-earning,235,507
2026-10-08T19:26:48Z,9826885587,explore,top-earning,236,3397
2026-10-08T19:26:48Z,2783797267,explore,top-earning,237,9060
2026-10-08T19:26:48Z,3634139746,explore,top-earning,238,506
2026-10-08T19:26:48Z,10389762549,explore,top-earning,239,2071
2026-10-08T19:26:48Z,9312646406,explore,top-earning,240,2159
2026-10-08T19:26:48Z,10199301628,explore,top-earning,241,8633
2026-10-08T19:26:48Z,6726637224,explore,top-earning,242,2501
2026-10-08T19:26:48Z,10298144467,explore,top-earning,243,1950
2026-10-08T19:26:48Z,4342047058,explore,top-earning,244,8345
2026-10-08T19:26:48Z,2139712082,explore,top-earning,245,602
2026-10-08T19:26:48Z,6336741296,explore,top-earning,246,2789
2026-10-08T19:26:48Z,47545,explore,top-earning,247,7029
2026-10-08T19:26:48Z,9362896961,explore,top-earning,248,3356
2026-10-08T19:26:48Z,3730079862,explore,top-earning,249,4093
2026-10-08T19:26:48Z,7359962123,explore,top-earning,250,2502
2026-10-08T19:26:48Z,73885730,explore,top-earning,251,5684
2026-10-08T19:26:48Z,9950184599,explore,top-earning,252,1333
2026-10-08T19:26:48Z,10404519332,explore,top-earning,253,1300
2026-10-08T19:26:48Z,10124403207,explore,top-earning,254,413
2026-10-08T19:26:48Z,10263732883,explore,top-earning,255,1874
2026-10-08T19:26:48Z,7018190066,explore,top-earning,256,11793
2026-10-08T19:26:48Z,274816972,explore,top-earning,257,2258
2026-10-08T19:26:48Z,1511883870,explore,top-earning,258,2840
2026-10-08T19:26:48Z,10648640958,explore,top-earning,259,2281
2026-10-08T19:26:48Z,10593319486,explore,top-earning,260,1986
2026-10-08T19:26:48Z,2471084,explore,top-earning,261,5957
2026-10-08T19:26:48Z,10739044772,explore,top-earning,262,2276
2026-10-08T19:26:48Z,6100103590,explore,top-earning,263,565
2026-10-08T19:26:48Z,10475794799,explore,top-earning,264,2500
2026-10-08T19:26:48Z,10141042381,explore,top-earning,265,801
2026-10-08T19:26:48Z,6174994284,explore,top-earning,266,3285
2026-10-08T19:26:48Z,10501944811,explore,top-earning,267,1440
2026-10-08T19:26:48Z,1271059807,explore,top-earning,268,1399
2026-10-08T19:26:48Z,9073513091,explore,top-earning,269,1298
2026-10-08T19:26:48Z,10144587520,explore,top-earning,270,4115
2026-10-08T19:26:48Z,9317784977,explore,top-earning,271,994
2026-10-08T19:26:48Z,5108158764,explore,top-earning,272,830
2026-10-08T19:26:48Z,6272727021,explore,top-earning,273,1828
2026-10-08T19:26:48Z,10761884278,explore,top-earning,274,211
2026-10-08T19:26:48Z,10452740285,explore,top-earning,275,2032
2026-10-08T19:26:48Z,10309128556,explore,top-earning,276,636
2026-10-08T19:26:48Z,7703614594,explore,top-earning,277,3182
2026-10-08T19:26:48Z,6375110339,explore,top-earning,278,1770
2026-10-08T19:26:48Z,3837114739,explore,top-earning,279,855
2026-10-08T19:26:48Z,110181652,explore,top-earning,280,1918
2026-10-08T19:26:48Z,10268960646,explore,top-earning,281,1688
2026-10-08T19:26:48Z,9167377564,explore,top-earning,282,12652
2026-10-08T19:26:48Z,10338952197,explore,top-earning,283,3675
2026-10-08T19:26:48Z,3419284255,explore,top-earning,284,2343
2026-10-08T19:26:48Z,10761200080,explore,top-earning,285,1677
2026-10-08T19:26:48Z,10336278580,explore,top-earning,286,2216
2026-10-08T19:26:48Z,10768462078,explore,top-earning,287,2686
2026-10-08T19:26:48Z,10195997258,explore,top-earning,288,2071
2026-10-08T19:26:48Z,10393438342,explore,top-earning,289,2745
2026-10-08T19:26:48Z,10765190004,explore,top-earning,290,4476
2026-10-08T19:26:48Z,4673599750,explore,top-earning,291,1141
2026-10-08T19:26:48Z,10249209189,explore,top-earning,292,1059
2026-10-08T19:26:48Z,10730414817,explore,top-earning,293,813
2026-10-08T19:26:48Z,10153098880,explore,top-earning,294,1930
2026-10-08T19:26:48Z,8719555347,explore,top-earning,295,10787
2026-10-08T19:26:48Z,3012965062,explore,top-earning,296,3348
2026-10-08T19:26:48Z,7450497506,explore,top-earning,297,2367
2026-10-08T19:26:48Z,10761143648,explore,top-earning,298,1428
2026-10-08T19:26:48Z,7665084235,explore,top-earning,299,307
2026-10-08T19:26:48Z,2350840700,explore,top-earning,300,1180
2026-10-08T19:26:48Z,892043755,explore,top-earning,301,2006
2026-10-08T19:26:48Z,7738524573,explore,top-earning,302,1234
2026-10-08T19:26:48Z,10761687472,explore,top-earning,303,7313
2026-10-08T19:26:48Z,21164849,explore,top-earning,304,4226
2026-10-08T19:26:48Z,7178032757,explore,top-earning,305,5013
2026-10-08T19:26:48Z,10439568447,explore,top-earning,306,3148
2026-10-08T19:26:48Z,9382839773,explore,top-earning,307,1670
2026-10-08T19:26:48Z,6324644175,explore,top-earning,308,3808
2026-10-08T19:26:48Z,10310999762,explore,top-earning,309,3397
2026-10-08T19:26:48Z,3457700596,explore,top-earning,310,2239
2026-10-08T19:26:48Z,9978329815,explore,top-earning,311,11126
2026-10-08T19:26:48Z,10767240772,explore,top-earning,312,12635
2026-10-08T19:26:48Z,10759430423,explore,top-earning,313,2828
2026-10-08T19:26:48Z,10759594563,explore,top-earning,314,1993
2026-10-08T19:26:48Z,10561166339,explore,top-earning,315,5673
2026-10-08T19:26:48Z,10631775021,explore,top-earning,316,2261
2026-10-08T19:26:48Z,4079077350,explore,top-earning,317,677
2026-10-08T19:26:48Z,358276974,explore,top-earning,318,2833
2026-10-08T19:26:48Z,7750955984,explore,top-earning,319,786
2026-10-08T19:26:48Z,10766056678,explore,top-earning,320,16725
2026-10-08T19:26:48Z,9442472087,explore,top-earning,321,599
2026-10-08T19:26:48Z,9511454418,explore,top-earning,322,342
2026-10-08T19:26:48Z,9965411707,explore,top-earning,323,3943
2026-10-08T19:26:48Z,10764404786,explore,top-earning,324,1381
2026-10-08T19:26:48Z,10508386614,explore,top-earning,325,471
2026-10-08T19:26:48Z,10572887321,explore,top-earning,326,2478
2026-10-08T19:26:48Z,6466404775,explore,top-earning,327,3092
2026-10-08T19:26:48Z,98839997,explore,top-earning,328,246
2026-10-08T19:26:48Z,10209534490,explore,top-earning,329,3150
2026-10-08T19:26:48Z,7761516673,explore,top-earning,330,3043
2026-10-08T19:26:48Z,1531130248,explore,top-earning,331,2630
2026-10-08T19:26:48Z,10767408330,explore,top-earning,332,35125
2026-10-08T19:26:48Z,3808223175,explore,top-earning,333,1230
2026-10-08T19:26:48Z,2936053166,explore,top-earning,334,15344
2026-10-08T19:26:48Z,8356066619,explore,top-earning,335,1717
2026-10-08T19:26:48Z,10485201326,explore,top-earning,336,1847
2026-10-08T19:26:48Z,10764533320,explore,top-earning,337,4891
2026-10-08T19:26:48Z,10326559245,explore,top-earning,338,648
2026-10-08T19:26:48Z,10759478428,explore,top-earning,339,2798
2026-10-08T19:26:48Z,6786784563,explore,top-earning,340,1034
2026-10-08T19:26:48Z,6026405541,explore,top-earning,341,873
2026-10-08T19:26:48Z,8946565814,explore,top-earning,342,2211
2026-10-08T19:26:48Z,5829613337,explore,top-earning,343,2494
2026-10-08T19:26:48Z,10665420648,explore,top-earning,344,9222
2026-10-08T19:26:48Z,10471583973,explore,top-earning,345,2338
2026-10-08T19:26:48Z,911750776,explore,top-earning,346,3859
2026-10-08T19:26:48Z,10765686447,explore,top-earning,347,9731
2026-10-08T19:26:48Z,7101140819,explore,top-earning,348,633
2026-10-08T19:26:48Z,9067401541,explore,top-earning,349,427
2026-10-08T19:26:48Z,10556383571,explore,top-earning,350,1435
2026-10-08T19:26:48Z,10212081143,explore,top-earning,351,7561
2026-10-08T19:26:48Z,10764479526,explore,top-earning,352,19646
2026-10-08T19:26:48Z,3512256796,explore,top-earning,353,1630
2026-10-08T19:26:48Z,9908641400,explore,top-earning,354,2663
2026-10-08T19:26:48Z,6770632849,explore,top-earning,355,742
2026-10-08T19:26:48Z,10762757054,explore,top-earning,356,3773
2026-10-08T19:26:48Z,2822776643,explore,top-earning,357,3027
2026-10-08T19:26:48Z,7414497778,explore,top-earning,358,2603
2026-10-08T19:26:48Z,9584946743,explore,top-earning,359,3415
2026-10-08T19:26:48Z,10628526114,explore,top-earning,360,3280
2026-10-08T19:26:48Z,2668101271,explore,top-earning,361,23382
2026-10-08T19:26:48Z,10524813259,explore,top-earning,362,1865
2026-10-08T19:26:48Z,10226261982,explore,top-earning,363,3165
2026-10-08T19:26:48Z,10074335448,explore,top-earning,364,575
2026-10-08T19:26:48Z,10589388621,explore,top-earning,365,379
2026-10-08T19:26:48Z,10138624079,explore,top-earning,366,5063
2026-10-08T19:26:48Z,6329693946,explore,top-earning,367,1155
2026-10-08T19:26:48Z,10514223296,explore,top-earning,368,1529
2026-10-08T19:26:48Z,9348272796,explore,top-earning,369,4037
2026-10-08T19:26:48Z,7488668004,explore,top-earning,370,6187
2026-10-08T19:26:48Z,1720936166,explore,top-earning,371,1698
2026-10-08T19:26:48Z,1087859240,explore,top-earning,372,1003
2026-10-08T19:26:48Z,9098570654,explore,top-earning,373,5698
2026-10-08T19:26:48Z,9150731899,explore,top-earning,374,1697
2026-10-08T19:26:48Z,4582358979,explore,top-earning,375,1672
2026-10-08T19:26:48Z,10764297006,explore,top-earning,376,8058
2026-10-08T19:26:48Z,4778845442,explore,top-earning,377,2722
2026-10-08T19:26:48Z,2324662457,explore,top-earning,378,1592
2026-10-08T19:26:48Z,1165835263,explore,top-earning,379,395
2026-10-08T19:26:48Z,10463578886,explore,top-earning,380,771
2026-10-08T19:26:48Z,10445832507,explore,top-earning,381,2174
2026-10-08T19:26:48Z,10648820673,explore,top-earning,382,1887
2026-10-08T19:26:48Z,1775919872,explore,top-earning,383,479
2026-10-08T19:26:48Z,10425789398,explore,top-earning,384,654
2026-10-08T19:26:48Z,10765799968,explore,top-earning,385,414
2026-10-08T19:26:48Z,10539411000,explore,top-earning,386,8796
2026-10-08T19:26:48Z,372226183,explore,top-earning,387,18389
2026-10-08T19:26:48Z,8497987845,explore,top-earning,388,1138
2026-10-08T19:26:48Z,10415694629,explore,top-earning,389,6476
2026-10-08T19:26:48Z,8964956538,explore,top-earning,390,1403
2026-10-08T19:26:48Z,8841437826,explore,top-earning,391,1545
2026-10-08T19:26:48Z,7882785167,explore,top-earning,392,1980
2026-10-08T19:26:48Z,98929893,explore,top-earning,393,1517
2026-10-08T19:26:48Z,7108384194,explore,top-earning,394,9567
2026-10-08T19:26:48Z,1709917610,explore,top-earning,395,1303
2026-10-08T19:26:48Z,10324001605,explore,top-earning,396,2055
2026-10-08T19:26:48Z,4785982047,explore,top-earning,397,1145
2026-10-08T19:26:48Z,10455462279,explore,top-earning,398,2405
2026-10-08T19:26:48Z,10398947938,explore,top-earning,399,679
2026-10-08T19:26:48Z,10529067596,explore,top-earning,400,1473
2026-10-08T19:26:48Z,10766494202,explore,top-earning,401,441
2026-10-08T19:26:48Z,6170143659,explore,top-earning,402,3138
2026-10-08T19:26:48Z,10667860714,explore,top-earning,403,304
2026-10-08T19:26:48Z,2640407187,explore,top-earning,404,1235
2026-10-08T19:26:48Z,8360491918,explore,top-earning,405,164
2026-10-08T19:26:48Z,10757704931,explore,top-earning,406,5334
2026-10-08T19:26:48Z,10764897725,explore,top-earning,407,14377
2026-10-08T19:26:48Z,9112256336,explore,top-earning,408,678
2026-10-08T19:26:48Z,10619854384,explore,top-earning,409,894
2026-10-08T19:26:48Z,10759518799,explore,top-earning,410,4892
2026-10-08T19:26:48Z,5972059550,explore,top-earning,411,1444
2026-10-08T19:26:48Z,2092410051,explore,top-earning,412,1393
2026-10-08T19:26:48Z,9996384072,explore,top-earning,413,1316
2026-10-08T19:26:48Z,6619936488,explore,top-earning,414,1737
2026-10-08T19:26:48Z,10187294555,explore,top-earning,415,1361
2026-10-08T19:26:48Z,10761375938,explore,top-earning,416,2270
2026-10-08T19:26:48Z,10522766429,explore,top-earning,417,364
2026-10-08T19:26:48Z,10698216738,explore,top-earning,418,3319
2026-10-08T19:26:48Z,6275120808,explore,top-earning,419,1352
2026-10-08T19:26:48Z,1312971993,explore,top-earning,420,1497
2026-10-08T19:26:48Z,10590260635,explore,top-earning,421,1590
2026-10-08T19:26:48Z,10681914462,explore,top-earning,422,7982
2026-10-08T19:26:48Z,97314177,explore,top-earning,423,1278
2026-10-08T19:26:48Z,10764967952,explore,top-earning,424,954
2026-10-08T19:26:48Z,9162763535,explore,top-earning,425,1274
2026-10-08T19:26:48Z,3170483284,explore,top-earning,426,857
2026-10-08T19:26:48Z,10612017628,explore,top-earning,427,7699
2026-10-08T19:26:48Z,1393178180,explore,top-earning,428,1347
2026-10-08T19:26:48Z,10411998017,explore,top-earning,429,2504
2026-10-08T19:26:48Z,10766257839,explore,top-earning,430,1237
2026-10-08T19:26:48Z,7671049560,explore,top-earning,431,1871
2026-10-08T19:26:48Z,6069634717,explore,top-earning,432,1709
2026-10-08T19:26:48Z,10410945205,explore,top-earning,433,2216
2026-10-08T19:26:48Z,1001911915,explore,top-earning,434,1659
2026-10-08T19:26:48Z,9794842226,explore,top-earning,435,320
2026-10-08T19:26:48Z,10626746750,explore,top-earning,436,486
2026-10-08T19:26:48Z,10766721625,explore,top-earning,437,9255
2026-10-08T19:26:48Z,10223976219,explore,top-earning,438,2256
2026-10-08T19:26:48Z,7274244096,explore,top-earning,439,3676
2026-10-08T19:26:48Z,10603011269,explore,top-earning,440,1122
2026-10-08T19:26:48Z,5576955991,explore,top-earning,441,966
2026-10-08T19:26:48Z,2644656496,explore,top-earning,442,751
2026-10-08T19:26:48Z,9219838330,explore,top-earning,443,249
2026-10-08T19:26:48Z,3365661357,explore,top-earning,444,646
2026-10-08T19:26:48Z,6443367640,explore,top-earning,445,4563
2026-10-08T19:26:48Z,3168615253,explore,top-earning,446,1312
2026-10-08T19:26:48Z,1198533421,explore,top-earning,447,727
2026-10-08T19:26:48Z,10767826343,explore,top-earning,448,2055
2026-10-08T19:26:48Z,10299762956,explore,top-earning,449,908
2026-10-08T19:26:48Z,5091490171,explore,top-earning,450,1733
2026-10-08T19:26:48Z,8246907060,explore,top-earning,451,681
2026-10-08T19:26:48Z,3240075297,explore,top-earning,452,38233
2026-10-08T19:26:48Z,8198412649,explore,top-earning,453,1146
2026-10-08T19:26:48Z,10514280922,explore,top-earning,454,686
2026-10-08T19:26:48Z,10404293465,explore,top-earning,455,238
2026-10-08T19:26:48Z,16680835,explore,top-earning,456,2527
2026-10-08T19:26:48Z,3308103880,explore,top-earning,457,5556
2026-10-08T19:26:48Z,10171934713,explore,top-earning,458,1334
2026-10-08T19:26:48Z,10421154706,explore,top-earning,459,949
2026-10-08T19:26:48Z,10741302505,explore,top-earning,460,2617
2026-10-08T19:26:48Z,10765279487,explore,top-earning,461,1240
2026-10-08T19:26:48Z,3666294218,explore,top-earning,462,925
2026-10-08T19:26:48Z,10162859180,explore,top-earning,463,1516
2026-10-08T19:26:48Z,10290675105,explore,top-earning,464,520
2026-10-08T19:26:48Z,1958807588,explore,top-earning,465,162
2026-10-08T19:26:48Z,10767824942,explore,top-earning,466,10520
2026-10-08T19:26:48Z,9141743926,explore,top-earning,467,2501
2026-10-08T19:26:48Z,8269273068,explore,top-earning,468,342
2026-10-08T19:26:48Z,10241783978,explore,top-earning,469,474
2026-10-08T19:26:48Z,7398552394,explore,top-earning,470,11799
2026-10-08T19:26:48Z,9949288829,explore,top-earning,471,988
2026-10-08T19:26:48Z,10466601694,explore,top-earning,472,915
2026-10-08T19:26:48Z,1374118848,explore,top-earning,473,685
2026-10-08T19:26:48Z,4666414595,explore,top-earning,474,350
2026-10-08T19:26:48Z,10390151142,explore,top-earning,475,964
2026-10-08T19:26:48Z,1946714362,explore,top-paid-access,1,2739
2026-10-08T19:26:48Z,3747388906,explore,top-paid-access,2,977
2026-10-08T19:26:48Z,2350840700,explore,top-paid-access,3,1180
2026-10-08T19:26:48Z,10766694698,explore,top-paid-access,4,39
2026-10-08T19:26:48Z,10582993047,explore,top-paid-access,5,78
2026-10-08T19:26:48Z,1087859240,explore,top-paid-access,6,1003
2026-10-08T19:26:48Z,9549894418,explore,top-paid-access,7,134
2026-10-08T19:26:48Z,5851294352,explore,top-paid-access,8,460
2026-10-08T19:26:48Z,9320646231,explore,top-paid-access,9,78
2026-10-08T19:26:48Z,10425789398,explore,top-paid-access,10,655
2026-10-08T19:26:48Z,6942586315,explore,top-paid-access,11,7
2026-10-08T19:26:48Z,10007567876,explore,top-paid-access,12,54
2026-10-08T19:26:48Z,5383076404,explore,top-paid-access,13,83
2026-10-08T19:26:48Z,10452420697,explore,top-paid-access,14,117
2026-10-08T19:26:48Z,10440909815,explore,top-paid-access,15,46
2026-10-08T19:26:48Z,5497606909,explore,top-paid-access,16,224
2026-10-08T19:26:48Z,2254119010,explore,top-paid-access,17,139
2026-10-08T19:26:48Z,5286749994,explore,top-paid-access,18,262
2026-10-08T19:26:48Z,7587104675,explore,top-paid-access,19,39
2026-10-08T19:26:48Z,10282569694,explore,top-paid-access,20,23
2026-10-08T19:26:48Z,659118871,explore,top-paid-access,21,43
2026-10-08T19:26:48Z,7949002987,explore,top-paid-access,22,68
2026-10-08T19:26:48Z,5316084314,explore,top-paid-access,23,59
2026-10-08T19:26:48Z,5841858050,explore,top-paid-access,24,230
2026-10-08T19:26:48Z,10684538441,explore,top-paid-access,25,10
2026-10-08T19:26:48Z,7448488942,explore,top-paid-access,26,23
2026-10-08T19:26:48Z,2416015385,explore,top-paid-access,27,57
2026-10-08T19:26:48Z,10253700254,explore,top-paid-access,28,17
2026-10-08T19:26:48Z,1467077046,explore,top-paid-access,29,
2026-10-08T19:26:48Z,10743170026,explore,top-paid-access,30,24
2026-10-08T19:26:48Z,4064537489,explore,top-paid-access,31,11
2026-10-08T19:26:48Z,8527834040,explore,top-paid-access,32,
2026-10-08T19:26:48Z,4289890765,explore,top-paid-access,33,86
2026-10-08T19:26:48Z,4373521124,explore,top-paid-access,34,22
2026-10-08T19:26:48Z,8214342832,explore,top-paid-access,35,9
2026-10-08T19:26:48Z,324740367,explore,top-paid-access,36,104
2026-10-08T19:26:48Z,85651869,explore,top-paid-access,37,32
2026-10-08T19:26:48Z,4171073930,explore,top-paid-access,38,2
2026-10-08T19:26:48Z,4905293690,explore,top-paid-access,39,
2026-10-08T19:26:48Z,3219540889,explore,top-paid-access,40,12
2026-10-08T19:26:48Z,10009533319,explore,top-paid-access,41,23
2026-10-08T19:26:48Z,5364600678,explore,top-paid-access,42,16
2026-10-08T19:26:48Z,1147796911,explore,top-paid-access,43,14
2026-10-08T19:26:48Z,1579747797,explore,top-paid-access,44,11
2026-10-08T19:26:48Z,6497846997,explore,top-paid-access,45,12
2026-10-08T19:26:48Z,10764693801,explore,top-paid-access,46,1
2026-10-08T19:26:48Z,6820035296,explore,top-paid-access,47,1
2026-10-08T19:26:48Z,242453665,explore,top-paid-access,48,8
2026-10-08T19:26:48Z,7273185020,explore,top-paid-access,49,3
2026-10-08T19:26:48Z,5721900060,explore,top-paid-access,50,1
2026-10-08T19:26:48Z,3696887823,explore,top-paid-access,51,2
2026-10-08T19:26:48Z,152631806,explore,top-paid-access,52,7
2026-10-08T19:26:48Z,2929752024,explore,top-paid-access,53,8
2026-10-08T19:26:48Z,2535080489,explore,top-paid-access,54,3
2026-10-08T19:26:48Z,1663370770,explore,top-paid-access,55,13
2026-10-08T19:26:48Z,3229518631,explore,top-paid-access,56,
2026-10-08T19:26:48Z,10485072019,explore,top-paid-access,57,2
2026-10-08T19:26:48Z,7674516670,explore,top-paid-access,58,1
2026-10-08T19:26:48Z,10475919483,explore,top-paid-access,59,
2026-10-08T19:26:48Z,1250803741,explore,top-paid-access,60,3
2026-10-08T19:26:48Z,7134571356,explore,top-paid-access,61,
2026-10-08T19:26:48Z,1184233856,explore,top-paid-access,62,8
2026-10-08T19:26:48Z,2610672811,explore,top-paid-access,63,1
2026-10-08T19:26:48Z,5553771095,explore,top-paid-access,64,1
2026-10-08T19:26:48Z,3827656431,explore,top-paid-access,65,
2026-10-08T19:26:48Z,3211189518,explore,top-paid-access,66,
2026-10-08T19:26:48Z,5210666193,explore,top-paid-access,67,
2026-10-08T19:26:48Z,3087415864,explore,top-paid-access,68,
2026-10-08T19:26:48Z,9578166823,explore,top-paid-access,69,1
2026-10-08T19:26:48Z,3700393331,explore,top-paid-access,70,44
2026-10-08T19:26:48Z,9571642997,explore,top-paid-access,71,
2026-10-08T19:26:48Z,10209534490,explore,top-rated,1,3121
2026-10-08T19:26:48Z,7028566528,explore,top-rated,2,7089
2026-10-08T19:26:48Z,4785982047,explore,top-rated,3,1145
2026-10-08T19:26:48Z,10249209189,explore,top-rated,4,1059
2026-10-08T19:26:48Z,10708913337,explore,top-rated,5,53903
2026-10-08T19:26:48Z,5800312217,explore,top-rated,6,200
2026-10-08T19:26:48Z,7703614594,explore,top-rated,7,3182
2026-10-08T19:26:48Z,7703544118,explore,top-rated,8,320
2026-10-08T19:26:48Z,7798947148,explore,top-rated,9,574
2026-10-08T19:26:48Z,10144280947,explore,top-rated,10,7665
2026-10-08T19:26:48Z,7848646653,explore,top-rated,11,347
2026-10-08T19:26:48Z,9091133975,explore,top-rated,12,1478
2026-10-08T19:26:48Z,3608732146,explore,top-rated,13,113
2026-10-08T19:26:48Z,5578556129,explore,top-rated,14,22543
2026-10-08T19:26:48Z,2644656496,explore,top-rated,15,751
2026-10-08T19:26:48Z,10081194651,explore,top-rated,16,334
2026-10-08T19:26:48Z,10368005384,explore,top-rated,17,636
2026-10-08T19:26:48Z,2655311011,explore,top-rated,18,272
2026-10-08T19:26:48Z,10039338037,explore,top-rated,19,199
2026-10-08T19:26:48Z,7640282930,explore,top-rated,20,73
2026-10-08T19:26:48Z,5595353122,explore,top-rated,21,67869
2026-10-08T19:26:48Z,9362896961,explore,top-rated,22,3354
2026-10-08T19:26:48Z,9970645639,explore,top-rated,23,6175
2026-10-08T19:26:48Z,6594435384,explore,top-rated,24,620
2026-10-08T19:26:48Z,9145063979,explore,top-rated,25,3858
2026-10-08T19:26:48Z,10253446435,explore,top-rated,26,1063
2026-10-08T19:26:48Z,6925369391,explore,top-rated,27,178
2026-10-08T19:26:48Z,10561352230,explore,top-rated,28,779
2026-10-08T19:26:48Z,6925303818,explore,top-rated,29,1281
2026-10-08T19:26:48Z,9168386959,explore,top-rated,30,167
2026-10-08T19:26:48Z,9584852943,explore,top-rated,31,126982
2026-10-08T19:26:48Z,8786713187,explore,top-rated,32,825
2026-10-08T19:26:48Z,4795326392,explore,top-rated,33,521
2026-10-08T19:26:48Z,10440833423,explore,top-rated,34,2015
2026-10-08T19:26:48Z,10067258922,explore,top-rated,35,1228
2026-10-08T19:26:48Z,9792947201,explore,top-rated,36,365
2026-10-08T19:26:48Z,4793836769,explore,top-rated,37,2915
2026-10-08T19:26:48Z,7629884826,explore,top-rated,38,78
2026-10-08T19:26:48Z,8937254139,explore,top-rated,39,2619
2026-10-08T19:26:48Z,7474367816,explore,top-rated,40,3439
2026-10-08T19:26:48Z,9910245722,explore,top-rated,41,2675
2026-10-08T19:26:48Z,9155036056,explore,top-rated,42,800
2026-10-08T19:26:48Z,6052033819,explore,top-rated,43,272
2026-10-08T19:26:48Z,10376944238,explore,top-rated,44,3510
2026-10-08T19:26:48Z,3808223175,explore,top-rated,45,1266
2026-10-08T19:26:48Z,9893515490,explore,top-rated,46,150
2026-10-08T19:26:48Z,8214054500,explore,top-rated,47,342
2026-10-08T19:26:48Z,6325068386,explore,top-rated,48,14346
2026-10-08T19:26:48Z,6945584306,explore,top-rated,49,10528
2026-10-08T19:26:48Z,6720585148,explore,top-rated,50,88
2026-10-08T19:26:48Z,9141743926,explore,top-rated,51,2501
2026-10-08T19:26:48Z,8659262047,explore,top-rated,52,841
2026-10-08T19:26:48Z,10336278580,explore,top-rated,53,2212
2026-10-08T19:26:48Z,7074860883,explore,top-rated,54,223
2026-10-08T19:26:48Z,7332711118,explore,top-rated,55,1640
2026-10-08T19:26:48Z,8572854650,explore,top-rated,56,285
2026-10-08T19:26:48Z,9051406594,explore,top-rated,57,5674
2026-10-08T19:26:48Z,8283159479,explore,top-rated,58,47
2026-10-08T19:26:48Z,7618444254,explore,top-rated,59,68
2026-10-08T19:26:48Z,9382839773,explore,top-rated,60,1670
2026-10-08T19:26:48Z,9167377564,explore,top-rated,61,12677
2026-10-08T19:26:48Z,9619492068,explore,top-rated,62,6
2026-10-08T19:26:48Z,7332812970,explore,top-rated,63,110
2026-10-08T19:26:48Z,9754968779,explore,top-rated,64,155
2026-10-08T19:26:48Z,10173311467,explore,top-rated,65,11136
2026-10-08T19:26:48Z,4518160318,explore,top-rated,66,3693
2026-10-08T19:26:48Z,9384605736,explore,top-rated,67,903
2026-10-08T19:26:48Z,5166944221,explore,top-rated,68,4813
2026-10-08T19:26:48Z,9294646427,explore,top-rated,69,964
2026-10-08T19:26:48Z,5972059550,explore,top-rated,70,1444
2026-10-08T19:26:48Z,6216468795,explore,top-rated,71,210
2026-10-08T19:26:48Z,9793308933,explore,top-rated,72,755
2026-10-08T19:26:48Z,5295169598,explore,top-rated,73,425
2026-10-08T19:26:48Z,9485131494,explore,top-rated,74,729
2026-10-08T19:26:48Z,5866227438,explore,top-rated,75,826
2026-10-08T19:26:48Z,6161049307,explore,top-rated,76,4083
2026-10-08T19:26:48Z,8218591943,explore,top-rated,77,74
2026-10-08T19:26:48Z,10338952197,explore,top-rated,78,3636
2026-10-08T19:26:48Z,6935083490,explore,top-rated,79,678
2026-10-08T19:26:48Z,3476371299,explore,top-rated,80,434
2026-10-08T19:26:48Z,3608594708,explore,top-rated,81,789
2026-10-08T19:26:48Z,3655030699,explore,top-rated,82,86
2026-10-08T19:26:48Z,3494556606,explore,top-rated,83,313
2026-10-08T19:26:48Z,6682487255,explore,top-rated,84,5173
2026-10-08T19:26:48Z,10253235584,explore,top-rated,85,1527
2026-10-08T19:26:48Z,9837612476,explore,top-rated,86,8091
2026-10-08T19:26:48Z,10452740285,explore,top-rated,87,2026
2026-10-08T19:26:48Z,9929086116,explore,top-rated,88,107
2026-10-08T19:26:48Z,6215986499,explore,top-rated,89,632
2026-10-08T19:26:48Z,7076793942,explore,top-rated,90,333
2026-10-08T19:26:48Z,10516888336,explore,top-rated,91,1078
2026-10-08T19:26:48Z,10168229420,explore,top-rated,92,296
2026-10-08T19:26:48Z,7373459570,explore,top-rated,93,380
2026-10-08T19:26:48Z,9784883402,explore,top-rated,94,150
2026-10-08T19:26:48Z,10219827882,explore,top-rated,95,423
2026-10-08T19:26:48Z,10051853469,explore,top-rated,96,207
2026-10-08T19:26:48Z,601130232,explore,top-rated,97,26351
2026-10-08T19:26:48Z,5170731021,explore,top-rated,98,592
2026-10-08T19:26:48Z,7113705633,explore,top-rated,99,269
2026-10-08T19:26:48Z,9186719164,explore,top-rated,100,1327
2026-10-08T19:26:48Z,10563114921,explore,most-popular,1,1037960
2026-10-08T19:26:48Z,6035872082,explore,most-popular,2,115993
2026-10-08T19:26:48Z,3508322461,explore,most-popular,3,124848
2026-10-08T19:26:48Z,10764627709,explore,most-popular,4,94437
2026-10-08T19:26:48Z,66654135,explore,most-popular,5,195924
2026-10-08T19:26:48Z,994732206,explore,most-popular,6,159469
2026-10-08T19:26:48Z,2711375305,explore,most-popular,7,60983
2026-10-08T19:26:48Z,383310974,explore,most-popular,8,196455
2026-10-08T19:26:48Z,9584852943,explore,most-popular,9,126982
2026-10-08T19:26:48Z,1686885941,explore,most-popular,10,308747
2026-10-08T19:26:48Z,10035204815,explore,most-popular,11,55378
2026-10-08T19:26:48Z,3808081382,explore,most-popular,12,41372
2026-10-08T19:26:48Z,9534705677,explore,most-popular,13,14998
2026-10-08T19:26:48Z,7326934954,explore,most-popular,14,160400
2026-10-08T19:26:48Z,2440500124,explore,most-popular,15,46746
2026-10-08T19:26:48Z,5595353122,explore,most-popular,16,67755
2026-10-08T19:26:48Z,10685282333,explore,most-popular,17,26888
2026-10-08T19:26:48Z,703124385,explore,most-popular,18,33510
2026-10-08T19:26:48Z,5569032992,explore,most-popular,19,112926
2026-10-08T19:26:48Z,6931042565,explore,most-popular,20,38149
2026-10-08T19:26:48Z,10155360168,explore,most-popular,21,45112
2026-10-08T19:26:48Z,5750914919,explore,most-popular,22,59251
2026-10-08T19:26:48Z,5203828273,explore,most-popular,23,51267
2026-10-08T19:26:48Z,6331902150,explore,most-popular,24,52048
2026-10-08T19:26:48Z,7709344486,explore,most-popular,25,90749
2026-10-08T19:26:48Z,3647333358,explore,most-popular,26,27439
2026-10-08T19:26:48Z,7633926880,explore,most-popular,27,12799
2026-10-08T19:26:48Z,10765288803,explore,most-popular,28,52945
2026-10-08T19:26:48Z,4777817887,explore,most-popular,29,18307
2026-10-08T19:26:48Z,10624691669,explore,most-popular,30,8573
2026-10-08T19:26:48Z,10634461028,explore,most-popular,31,10952
2026-10-08T19:26:48Z,5995470825,explore,most-popular,32,17797
2026-10-08T19:26:48Z,10764613327,explore,most-popular,33,4816
2026-10-08T19:26:48Z,4750561026,explore,most-popular,34,8574
2026-10-08T19:26:48Z,10512942223,explore,most-popular,35,35213
2026-10-08T19:26:48Z,10665420648,explore,most-popular,36,9222
2026-10-08T19:26:48Z,2619619496,explore,most-popular,37,17868
2026-10-08T19:26:48Z,10684750879,explore,most-popular,38,25140
2026-10-08T19:26:48Z,10765012427,explore,most-popular,39,14153
2026-10-08T19:26:48Z,10765298801,explore,most-popular,40,27330
2026-10-08T19:26:48Z,10258991999,explore,most-popular,41,17491
2026-10-08T19:26:48Z,6739698191,explore,most-popular,42,29923
2026-10-08T19:26:48Z,7219654364,explore,most-popular,43,56554
2026-10-08T19:26:48Z,10708913337,explore,most-popular,44,53903
2026-10-08T19:26:48Z,10173311467,explore,most-popular,45,11212
2026-10-08T19:26:48Z,10767634248,explore,most-popular,46,15619
2026-10-08T19:26:48Z,10765582175,explore,most-popular,47,10576
2026-10-08T19:26:48Z,10090256806,explore,most-popular,48,3433
2026-10-08T19:26:48Z,10148749921,explore,most-popular,49,26385
2026-10-08T19:26:48Z,7398552394,explore,most-popular,50,11663
2026-10-08T19:26:48Z,10762388019,explore,most-popular,51,5672
2026-10-08T19:26:48Z,9641502068,explore,most-popular,52,9549
2026-10-08T19:26:48Z,10756011174,explore,most-popular,53,16720
2026-10-08T19:26:48Z,10673920146,explore,most-popular,54,14567
2026-10-08T19:26:48Z,10767012496,explore,most-popular,55,13069
2026-10-08T19:26:48Z,9294074907,explore,most-popular,56,10970
2026-10-08T19:26:48Z,10766056678,explore,most-popular,57,16725
2026-10-08T19:26:48Z,2668101271,explore,most-popular,58,23382
2026-10-08T19:26:48Z,10767922762,explore,most-popular,59,7822
2026-10-08T19:26:48Z,111958650,explore,most-popular,60,3010
2026-10-08T19:26:48Z,10766506199,explore,most-popular,61,15794
2026-10-08T19:26:48Z,1202096104,explore,most-popular,62,21627
2026-10-08T19:26:48Z,1176784616,explore,most-popular,63,10795
2026-10-08T19:26:48Z,10766390665,explore,most-popular,64,9570
2026-10-08T19:26:48Z,578392296,explore,most-popular,65,14147
2026-10-08T19:26:48Z,10759518799,explore,most-popular,66,4892
2026-10-08T19:26:48Z,7395930870,explore,most-popular,67,11106
2026-10-08T19:26:48Z,10436530264,explore,most-popular,68,16702
2026-10-08T19:26:48Z,10766687030,explore,most-popular,69,3961
2026-10-08T19:26:48Z,6325068386,explore,most-popular,70,14346
2026-10-08T19:26:48Z,4983034985,explore,most-popular,71,16414
2026-10-08T19:26:48Z,10526463655,explore,most-popular,72,3672
2026-10-08T19:26:48Z,210851291,explore,most-popular,73,11429
2026-10-08T19:26:48Z,10744310825,explore,most-popular,74,17773
2026-10-08T19:26:48Z,1516533665,explore,most-popular,75,16497
2026-10-08T19:26:48Z,6945584306,explore,most-popular,76,10528
2026-10-08T19:26:48Z,65241,explore,most-popular,77,6026
2026-10-08T19:26:48Z,10282097014,explore,most-popular,78,21451
2026-10-08T19:26:48Z,245662005,explore,most-popular,79,6547
2026-10-08T19:26:48Z,9891331827,explore,most-popular,80,5424
2026-10-08T19:26:48Z,113491250,explore,most-popular,81,2861
2026-10-08T19:26:48Z,88070565,explore,most-popular,82,29308
2026-10-08T19:26:48Z,10764640833,explore,most-popular,83,3024
2026-10-08T19:26:48Z,9561553764,explore,most-popular,84,9540
2026-10-08T19:26:48Z,10761687472,explore,most-popular,85,7313
2026-10-08T19:26:48Z,3317771874,explore,most-popular,86,49345
2026-10-08T19:26:48Z,601130232,explore,most-popular,87,26351
2026-10-08T19:26:48Z,4730278139,explore,most-popular,88,6011
2026-10-08T19:26:48Z,7585140258,explore,most-popular,89,11458
2026-10-08T19:26:48Z,5578556129,explore,most-popular,90,22543
2026-10-08T19:26:48Z,10765951887,explore,most-popular,91,2150
2026-10-08T19:26:48Z,4949420752,explore,most-popular,92,23643
2026-10-08T19:26:48Z,1831550657,explore,most-popular,93,16693
2026-10-08T19:26:48Z,1016936714,explore,most-popular,94,8409
2026-10-08T19:26:48Z,10667357873,explore,most-popular,95,7564
2026-10-08T19:26:48Z,9837612476,explore,most-popular,96,8041
2026-10-08T19:26:48Z,10767408330,explore,most-popular,97,35125
2026-10-08T19:26:48Z,372226183,explore,most-popular,98,18389
2026-10-08T19:26:48Z,6919822640,explore,trending-music-experiences,1,131
2026-10-08T19:26:48Z,6596003198,explore,trending-music-experiences,2,202
2026-10-08T19:26:48Z,6983536246,explore,trending-music-experiences,3,484
2026-10-08T19:26:48Z,7307246329,explore,trending-music-experiences,4,332
2026-10-08T19:26:48Z,6957393054,explore,trending-music-experiences,5,41
2026-10-08T19:26:48Z,1917762467,explore,trending-music-experiences,6,15
2026-10-08T19:26:48Z,7430288939,explore,trending-music-experiences,7,220
2026-10-08T19:26:48Z,7893515528,explore,trending-music-experiences,8,64
2026-10-08T19:26:48Z,7113599041,explore,trending-music-experiences,9,76
2026-10-08T19:26:48Z,7411615879,explore,trending-music-experiences,10,721
2026-10-08T19:26:48Z,3232838484,explore,trending-music-experiences,11,380
2026-10-08T19:26:48Z,8058628992,explore,trending-music-experiences,12,575
2026-10-08T19:26:48Z,6273901846,explore,trending-music-experiences,13,42
2026-10-08T19:26:48Z,6970074970,explore,trending-music-experiences,14,25
2026-10-08T19:26:48Z,9891331827,explore,trending-in-rpg,1,5424
2026-10-08T19:26:48Z,648454481,explore,trending-in-rpg,2,15913
2026-10-08T19:26:48Z,1946714362,explore,trending-in-rpg,3,2739
2026-10-08T19:26:48Z,6161049307,explore,trending-in-rpg,4,4083
2026-10-08T19:26:48Z,3110388936,explore,trending-in-rpg,5,2452
2026-10-08T19:26:48Z,2309918273,explore,trending-in-rpg,6,1303
2026-10-08T19:26:48Z,7458874788,explore,trending-in-rpg,7,469
2026-10-08T19:26:48Z,10743048214,explore,trending-in-rpg,8,3811
2026-10-08T19:26:48Z,10768462078,explore,trending-in-rpg,9,2686
2026-10-08T19:26:48Z,1782832995,explore,trending-in-rpg,10,1316
2026-10-08T19:26:48Z,3419284255,explore,trending-in-rpg,11,2341
2026-10-08T19:26:48Z,7671049560,explore,trending-in-rpg,12,1871
2026-10-08T19:26:48Z,380704901,explore,trending-in-rpg,13,622
2026-10-08T19:26:48Z,3756501373,explore,trending-in-rpg,14,1839
2026-10-08T19:26:48Z,994732206,explore,trending-in-rpg,15,159469
2026-10-08T19:26:48Z,5595353122,explore,trending-in-rpg,16,67755
2026-10-08T19:26:48Z,1016936714,explore,trending-in-rpg,17,8409
2026-10-08T19:26:48Z,4658598196,explore,trending-in-rpg,18,12620
2026-10-08T19:26:48Z,9931749389,explore,trending-in-rpg,19,5952
2026-10-08T19:26:48Z,1235188606,explore,trending-in-rpg,20,5173
2026-10-08T19:26:48Z,9880286438,explore,trending-in-rpg,21,6123
2026-10-08T19:26:48Z,1451439645,explore,trending-in-rpg,22,3929
2026-10-08T19:26:48Z,6760085372,explore,trending-in-rpg,23,5008
2026-10-08T19:26:48Z,7359962123,explore,trending-in-rpg,24,2502
2026-10-08T19:26:48Z,9910245722,explore,trending-in-rpg,25,2663
2026-10-08T19:26:48Z,1511883870,explore,trending-in-rpg,26,2811
2026-10-08T19:26:48Z,3164075108,explore,trending-in-rpg,27,2495
2026-10-08T19:26:48Z,9656201728,explore,trending-in-rpg,28,1342
2026-10-08T19:26:48Z,7970033072,explore,trending-in-rpg,29,970
2026-10-08T19:26:48Z,6931042565,explore,trending-in-sports-and-racing,1,38149
2026-10-08T19:26:48Z,10767012496,explore,trending-in-sports-and-racing,2,13069
2026-10-08T19:26:48Z,10526463655,explore,trending-in-sports-and-racing,3,3702
2026-10-08T19:26:48Z,7028566528,explore,trending-in-sports-and-racing,4,7089
2026-10-08T19:26:48Z,184199275,explore,trending-in-sports-and-racing,5,7831
2026-10-08T19:26:48Z,10739112966,explore,trending-in-sports-and-racing,6,7561
2026-10-08T19:26:48Z,9908641400,explore,trending-in-sports-and-racing,7,2764
2026-10-08T19:26:48Z,10643877552,explore,trending-in-sports-and-racing,8,1716
2026-10-08T19:26:48Z,8181391950,explore,trending-in-sports-and-racing,9,1357
2026-10-08T19:26:48Z,10481791182,explore,trending-in-sports-and-racing,10,1973
2026-10-08T19:26:48Z,6925303818,explore,trending-in-sports-and-racing,11,1281
2026-10-08T19:26:48Z,10225381467,explore,trending-in-sports-and-racing,12,1301
2026-10-08T19:26:48Z,1198533421,explore,trending-in-sports-and-racing,13,742
2026-10-08T19:26:48Z,10271723279,explore,trending-in-sports-and-racing,14,1084
2026-10-08T19:26:48Z,1719305066,explore,trending-in-sports-and-racing,15,736
2026-10-08T19:26:48Z,4743794878,explore,trending-in-sports-and-racing,16,2012
2026-10-08T19:26:48Z,10155360168,explore,trending-in-sports-and-racing,17,45161
2026-10-08T19:26:48Z,6945584306,explore,trending-in-sports-and-racing,18,10528
2026-10-08T19:26:48Z,6325068386,explore,trending-in-sports-and-racing,19,14346
2026-10-08T19:26:48Z,4949420752,explore,trending-in-sports-and-racing,20,23643
2026-10-08T19:26:48Z,7883776681,explore,trending-in-sports-and-racing,21,3730
2026-10-08T19:26:48Z,10601155553,explore,trending-in-sports-and-racing,22,4104
2026-10-08T19:26:48Z,10764640833,explore,trending-in-sports-and-racing,23,2918
2026-10-08T19:26:48Z,4293374620,explore,trending-in-sports-and-racing,24,12453
2026-10-08T19:26:48Z,10370802481,explore,trending-in-sports-and-racing,25,2735
2026-10-08T19:26:48Z,4931927012,explore,trending-in-sports-and-racing,26,2814
2026-10-08T19:26:48Z,2153167977,explore,trending-in-sports-and-racing,27,1090
2026-10-08T19:26:48Z,5666473198,explore,trending-in-sports-and-racing,28,7256
2026-10-08T19:26:48Z,10254680421,explore,trending-in-sports-and-racing,29,3650
2026-10-08T19:26:48Z,10764300350,explore,trending-in-sports-and-racing,30,1571
2026-10-08T19:26:48Z,9534705677,explore,trending-in-shooter,1,14998
2026-10-08T19:26:48Z,10090256806,explore,trending-in-shooter,2,3433
2026-10-08T19:26:48Z,4342047058,explore,trending-in-shooter,3,8345
2026-10-08T19:26:48Z,113491250,explore,trending-in-shooter,4,2843
2026-10-08T19:26:48Z,10766222230,explore,trending-in-shooter,5,755
2026-10-08T19:26:48Z,10767826343,explore,trending-in-shooter,6,2055
2026-10-08T19:26:48Z,7265339759,explore,trending-in-shooter,7,821
2026-10-08T19:26:48Z,4836254499,explore,trending-in-shooter,8,1680
2026-10-08T19:26:48Z,6035872082,explore,trending-in-shooter,9,115993
2026-10-08T19:26:48Z,7633926880,explore,trending-in-shooter,10,12799
2026-10-08T19:26:48Z,4750561026,explore,trending-in-shooter,11,8574
2026-10-08T19:26:48Z,5995470825,explore,trending-in-shooter,12,17797
2026-10-08T19:26:48Z,111958650,explore,trending-in-shooter,13,3010
2026-10-08T19:26:48Z,9641502068,explore,trending-in-shooter,14,9549
2026-10-08T19:26:48Z,9294074907,explore,trending-in-shooter,15,10970
2026-10-08T19:26:48Z,9561553764,explore,trending-in-shooter,16,9540
2026-10-08T19:26:48Z,3730079862,explore,trending-in-shooter,17,4093
2026-10-08T19:26:48Z,16680835,explore,trending-in-shooter,18,2527
2026-10-08T19:26:48Z,7264587281,explore,trending-in-shooter,19,3272
2026-10-08T19:26:48Z,6583326485,explore,trending-in-shooter,20,2760
2026-10-08T19:26:48Z,1281592938,explore,trending-in-shooter,21,3035
2026-10-08T19:26:48Z,10057403337,explore,trending-in-shooter,22,7892
2026-10-08T19:26:48Z,6190071862,explore,trending-in-shooter,23,1754
2026-10-08T19:26:48Z,10031505426,explore,trending-in-shooter,24,2727
2026-10-08T19:26:48Z,7935634976,explore,trending-in-shooter,25,2515
2026-10-08T19:26:48Z,5421899973,explore,trending-in-shooter,26,1295
2026-10-08T19:26:48Z,8795154789,explore,trending-in-shooter,27,1404
2026-10-08T19:26:48Z,115797356,explore,trending-in-shooter,28,971
2026-10-08T19:26:48Z,9511454418,explore,trending-in-shooter,29,333
2026-10-08T19:26:48Z,3508322461,explore,trending-in-action,1,124848
2026-10-08T19:26:48Z,10764627709,explore,trending-in-action,2,94437
2026-10-08T19:26:48Z,4987856151,explore,trending-in-action,3,12153
2026-10-08T19:26:48Z,10230942274,explore,trending-in-action,4,6837
2026-10-08T19:26:48Z,10575295323,explore,trending-in-action,5,6090
2026-10-08T19:26:48Z,10732236937,explore,trending-in-action,6,8509
2026-10-08T19:26:48Z,2765784373,explore,trending-in-action,7,2955
2026-10-08T19:26:48Z,10635348596,explore,trending-in-action,8,3325
2026-10-08T19:26:48Z,3808081382,explore,trending-in-action,9,41372
2026-10-08T19:26:48Z,2619619496,explore,trending-in-action,10,17999
2026-10-08T19:26:48Z,4777817887,explore,trending-in-action,11,18307
2026-10-08T19:26:48Z,7219654364,explore,trending-in-action,12,56554
2026-10-08T19:26:48Z,10258991999,explore,trending-in-action,13,17491
2026-10-08T19:26:48Z,578392296,explore,trending-in-action,14,14147
2026-10-08T19:26:48Z,245662005,explore,trending-in-action,15,6559
2026-10-08T19:26:48Z,7585140258,explore,trending-in-action,16,11458
2026-10-08T19:26:48Z,4730278139,explore,trending-in-action,17,6011
2026-10-08T19:26:48Z,1054526971,explore,trending-in-action,18,4108
2026-10-08T19:26:48Z,9051406594,explore,trending-in-action,19,5727
2026-10-08T19:26:48Z,10399136326,explore,trending-in-action,20,14479
2026-10-08T19:26:48Z,4568630521,explore,trending-in-action,21,4196
2026-10-08T19:26:48Z,73885730,explore,trending-in-action,22,5684
2026-10-08T19:26:48Z,10677698797,explore,trending-in-action,23,3403
2026-10-08T19:26:48Z,4348829796,explore,trending-in-action,24,8434
2026-10-08T19:26:48Z,2404080894,explore,trending-in-action,25,2197
2026-10-08T19:26:48Z,358276974,explore,trending-in-action,26,2833
2026-10-08T19:26:48Z,2380077519,explore,trending-in-action,27,7202
2026-10-08T19:26:48Z,7414497778,explore,trending-in-action,28,2544
2026-10-08T19:26:48Z,9662130710,explore,trending-in-action,29,9743
2026-10-08T19:26:48Z,7398552394,explore,trending-in-adventure,1,11663
2026-10-08T19:26:48Z,10766349481,explore,trending-in-adventure,2,9049
2026-10-08T19:26:48Z,10752833252,explore,trending-in-adventure,3,2060
2026-10-08T19:26:48Z,10335443723,explore,trending-in-adventure,4,1981
2026-10-08T19:26:48Z,7488668004,explore,trending-in-adventure,5,6236
2026-10-08T19:26:48Z,5807622548,explore,trending-in-adventure,6,1876
2026-10-08T19:26:48Z,4462613685,explore,trending-in-adventure,7,1044
2026-10-08T19:26:48Z,9826885587,explore,trending-in-adventure,8,3349
2026-10-08T19:26:48Z,4807308814,explore,trending-in-adventure,9,2147
2026-10-08T19:26:48Z,5096440156,explore,trending-in-adventure,10,1489
2026-10-08T19:26:48Z,1318971886,explore,trending-in-adventure,11,1684
2026-10-08T19:26:48Z,9522015993,explore,trending-in-adventure,12,1694
2026-10-08T19:26:48Z,10766057873,explore,trending-in-adventure,13,714
2026-10-08T19:26:48Z,4221956550,explore,trending-in-adventure,14,1324
2026-10-08T19:26:48Z,10751572992,explore,trending-in-adventure,15,6861
2026-10-08T19:26:48Z,3761186887,explore,trending-in-adventure,16,685
2026-10-08T19:26:48Z,5254920366,explore,trending-in-adventure,17,2407
2026-10-08T19:26:48Z,10226701629,explore,trending-in-adventure,18,1190
2026-10-08T19:26:48Z,7018190066,explore,trending-in-adventure,19,11793
2026-10-08T19:26:48Z,10539411000,explore,trending-in-adventure,20,8890
2026-10-08T19:26:48Z,9796898051,explore,trending-in-adventure,21,7499
2026-10-08T19:26:48Z,5650396773,explore,trending-in-adventure,22,9754
2026-10-08T19:26:48Z,9885372266,explore,trending-in-adventure,23,3065
2026-10-08T19:26:48Z,972475338,explore,trending-in-adventure,24,3707
2026-10-08T19:26:48Z,3085257211,explore,trending-in-adventure,25,4274
2026-10-08T19:26:48Z,8237105425,explore,trending-in-adventure,26,1285
2026-10-08T19:26:48Z,2643072291,explore,trending-in-adventure,27,1073
2026-10-08T19:26:48Z,6413074235,explore,trending-in-adventure,28,1108
2026-10-08T19:26:48Z,10764613327,explore,trending-in-entertainment,1,4816
2026-10-08T19:26:48Z,10175155684,explore,trending-in-entertainment,2,1150
2026-10-08T19:26:48Z,10010371086,explore,trending-in-entertainment,3,1621
2026-10-08T19:26:48Z,10561309674,explore,trending-in-entertainment,4,819
2026-10-08T19:26:48Z,1953956112,explore,trending-in-entertainment,5,330
2026-10-08T19:26:48Z,10313654312,explore,trending-in-entertainment,6,480
2026-10-08T19:26:48Z,9845995128,explore,trending-in-entertainment,7,240
2026-10-08T19:26:48Z,3349588628,explore,trending-in-entertainment,8,248
2026-10-08T19:26:48Z,7175500329,explore,trending-in-entertainment,9,188
2026-10-08T19:26:48Z,10148419081,explore,trending-in-entertainment,10,288
2026-10-08T19:26:48Z,6983536246,explore,trending-in-entertainment,11,484
2026-10-08T19:26:48Z,9221949930,explore,trending-in-entertainment,12,574
2026-10-08T19:26:48Z,10569930060,explore,trending-in-entertainment,13,344
2026-10-08T19:26:48Z,9943273705,explore,trending-in-entertainment,14,1069
2026-10-08T19:26:48Z,2938948258,explore,trending-in-entertainment,15,113
2026-10-08T19:26:48Z,10506354213,explore,trending-in-entertainment,16,142
2026-10-08T19:26:48Z,9671745030,explore,trending-in-entertainment,17,210
2026-10-08T19:26:48Z,2227097851,explore,trending-in-entertainment,18,193
2026-10-08T19:26:48Z,9372077571,explore,trending-in-entertainment,19,97
2026-10-08T19:26:48Z,8916086418,explore,trending-in-entertainment,20,200
2026-10-08T19:26:48Z,6357377403,explore,trending-in-entertainment,21,147
2026-10-08T19:26:48Z,1784051919,explore,trending-in-entertainment,22,273
2026-10-08T19:26:48Z,7452857402,explore,trending-in-entertainment,23,79
2026-10-08T19:26:48Z,4723764956,explore,trending-in-entertainment,24,9480
2026-10-08T19:26:48Z,5367389312,explore,trending-in-entertainment,25,2961
2026-10-08T19:26:48Z,4165164803,explore,trending-in-entertainment,26,4960
2026-10-08T19:26:48Z,9800616505,explore,trending-in-entertainment,27,269
2026-10-08T19:26:48Z,10766456501,explore,trending-in-entertainment,28,154
2026-10-08T19:26:48Z,9774451882,explore,trending-in-obby-and-platformer,1,1280
2026-10-08T19:26:48Z,8401518398,explore,trending-in-obby-and-platformer,2,3763
2026-10-08T19:26:48Z,10236023188,explore,trending-in-obby-and-platformer,3,1398
2026-10-08T19:26:48Z,10764221401,explore,trending-in-obby-and-platformer,4,11821
2026-10-08T19:26:48Z,1451869528,explore,trending-in-obby-and-platformer,5,19191
2026-10-08T19:26:48Z,9830725726,explore,trending-in-obby-and-platformer,6,4553
2026-10-08T19:26:48Z,2157233282,explore,trending-in-obby-and-platformer,7,18662
2026-10-08T19:26:48Z,7877723741,explore,trending-in-obby-and-platformer,8,1230
2026-10-08T19:26:48Z,4908792642,explore,trending-in-obby-and-platformer,9,1008
2026-10-08T19:26:48Z,8238863102,explore,trending-in-obby-and-platformer,10,1225
2026-10-08T19:26:48Z,83858907,explore,trending-in-obby-and-platformer,11,910
2026-10-08T19:26:48Z,6215464786,explore,trending-in-obby-and-platformer,12,1155
2026-10-08T19:26:48Z,1921509404,explore,trending-in-obby-and-platformer,13,2028
2026-10-08T19:26:48Z,703124385,explore,trending-in-obby-and-platformer,14,34128
2026-10-08T19:26:48Z,10762388019,explore,trending-in-obby-and-platformer,15,5672
2026-10-08T19:26:48Z,10415694629,explore,trending-in-obby-and-platformer,16,6476
2026-10-08T19:26:48Z,4850044287,explore,trending-in-obby-and-platformer,17,3467
2026-10-08T19:26:48Z,9592387369,explore,trending-in-obby-and-platformer,18,4136
2026-10-08T19:26:48Z,10460801145,explore,trending-in-obby-and-platformer,19,11407
2026-10-08T19:26:48Z,7720654467,explore,trending-in-obby-and-platformer,20,5342
2026-10-08T19:26:48Z,3310460039,explore,trending-in-obby-and-platformer,21,8009
2026-10-08T19:26:48Z,5385674359,explore,trending-in-obby-and-platformer,22,1728
2026-10-08T19:26:48Z,10223976219,explore,trending-in-obby-and-platformer,23,2256
2026-10-08T19:26:48Z,9957338123,explore,trending-in-obby-and-platformer,24,2641
2026-10-08T19:26:48Z,10764412489,explore,trending-in-obby-and-platformer,25,972
2026-10-08T19:26:48Z,3264581003,explore,trending-in-obby-and-platformer,26,954
2026-10-08T19:26:48Z,7948426536,explore,trending-in-obby-and-platformer,27,3997
2026-10-08T19:26:48Z,10124421343,explore,trending-in-obby-and-platformer,28,1450
2026-10-08T19:26:48Z,7364297396,explore,trending-in-obby-and-platformer,29,1525
2026-10-08T19:26:48Z,10685282333,explore,trending-in-party-and-casual,1,26888
2026-10-08T19:26:48Z,10766390665,explore,trending-in-party-and-casual,2,9570
2026-10-08T19:26:48Z,9825259729,explore,trending-in-party-and-casual,3,8915
2026-10-08T19:26:48Z,10597001332,explore,trending-in-party-and-casual,4,3319
2026-10-08T19:26:48Z,10765785152,explore,trending-in-party-and-casual,5,24877
2026-10-08T19:26:48Z,6049736902,explore,trending-in-party-and-casual,6,6091
2026-10-08T19:26:48Z,10630800860,explore,trending-in-party-and-casual,7,8209
2026-10-08T19:26:48Z,9119782663,explore,trending-in-party-and-casual,8,2146
2026-10-08T19:26:48Z,10765748731,explore,trending-in-party-and-casual,9,2058
2026-10-08T19:26:48Z,10766364164,explore,trending-in-party-and-casual,10,1439
2026-10-08T19:26:48Z,10767094794,explore,trending-in-party-and-casual,11,1560
2026-10-08T19:26:48Z,7646154613,explore,trending-in-party-and-casual,12,11776
2026-10-08T19:26:48Z,7008097940,explore,trending-in-party-and-casual,13,10680
2026-10-08T19:26:48Z,4049246711,explore,trending-in-party-and-casual,14,16892
2026-10-08T19:26:48Z,2936053166,explore,trending-in-party-and-casual,15,15344
2026-10-08T19:26:48Z,10667006841,explore,trending-in-party-and-casual,16,3081
2026-10-08T19:26:48Z,10399125962,explore,trending-in-party-and-casual,17,3580
2026-10-08T19:26:48Z,10759594563,explore,trending-in-party-and-casual,18,1993
2026-10-08T19:26:48Z,10289201563,explore,trending-in-party-and-casual,19,2853
2026-10-08T19:26:48Z,110181652,explore,trending-in-party-and-casual,20,1927
2026-10-08T19:26:48Z,10521797740,explore,trending-in-party-and-casual,21,4001
2026-10-08T19:26:48Z,9449993534,explore,trending-in-party-and-casual,22,3191
2026-10-08T19:26:48Z,7589856475,explore,trending-in-party-and-casual,23,1944
2026-10-08T19:26:48Z,10579389074,explore,trending-in-party-and-casual,24,2223
2026-10-08T19:26:48Z,10764533320,explore,trending-in-party-and-casual,25,4891
2026-10-08T19:26:48Z,5239362765,explore,trending-in-party-and-casual,26,3016
2026-10-08T19:26:48Z,1709917610,explore,trending-in-party-and-casual,27,1303
2026-10-08T19:26:48Z,7592844193,explore,trending-in-party-and-casual,28,2045
2026-10-08T19:26:48Z,10421901778,explore,trending-in-puzzle,1,6167
2026-10-08T19:26:48Z,9865931248,explore,trending-in-puzzle,2,1852
2026-10-08T19:26:48Z,7983308985,explore,trending-in-puzzle,3,553
2026-10-08T19:26:48Z,10756780270,explore,trending-in-puzzle,4,1792
2026-10-08T19:26:48Z,4858558391,explore,trending-in-puzzle,5,809
2026-10-08T19:26:48Z,10426768719,explore,trending-in-puzzle,6,369
2026-10-08T19:26:48Z,9520692022,explore,trending-in-puzzle,7,2956
2026-10-08T19:26:48Z,4170977322,explore,trending-in-puzzle,8,1818
2026-10-08T19:26:48Z,6113928308,explore,trending-in-puzzle,9,1861
2026-10-08T19:26:48Z,10302179427,explore,trending-in-puzzle,10,984
2026-10-08T19:26:48Z,8080493298,explore,trending-in-puzzle,11,1605
2026-10-08T19:26:48Z,10649457157,explore,trending-in-puzzle,12,292
2026-10-08T19:26:48Z,9843234816,explore,trending-in-puzzle,13,6858
2026-10-08T19:26:48Z,8705454731,explore,trending-in-puzzle,14,5279
2026-10-08T19:26:48Z,10641300771,explore,trending-in-puzzle,15,907
2026-10-08T19:26:48Z,8851542818,explore,trending-in-puzzle,16,5323
2026-10-08T19:26:48Z,9546331833,explore,trending-in-puzzle,17,136
2026-10-08T19:26:48Z,10764385875,explore,trending-in-puzzle,18,332
2026-10-08T19:26:48Z,9702840627,explore,trending-in-puzzle,19,181
2026-10-08T19:26:48Z,10624691669,explore,trending-in-puzzle,20,8573
2026-10-08T19:26:48Z,10189903609,explore,trending-in-puzzle,21,3886
2026-10-08T19:26:48Z,10753487407,explore,trending-in-puzzle,22,2034
2026-10-08T19:26:48Z,3047037061,explore,trending-in-puzzle,23,1952
2026-10-08T19:26:48Z,10765764482,explore,trending-in-puzzle,24,2837
2026-10-08T19:26:48Z,10380743712,explore,trending-in-puzzle,25,1223
2026-10-08T19:26:48Z,9948575164,explore,trending-in-puzzle,26,1639
2026-10-08T19:26:48Z,10628006421,explore,trending-in-puzzle,27,869
2026-10-08T19:26:48Z,10765718108,explore,trending-in-puzzle,28,364
2026-10-08T19:26:48Z,10699057921,explore,trending-in-puzzle,29,307
2026-10-08T19:26:48Z,383310974,explore,trending-in-roleplay-and-avatar-sim,1,196455
2026-10-08T19:26:48Z,10767922762,explore,trending-in-roleplay-and-avatar-sim,2,7822
2026-10-08T19:26:48Z,10768023539,explore,trending-in-roleplay-and-avatar-sim,3,20973
2026-10-08T19:26:48Z,6521100398,explore,trending-in-roleplay-and-avatar-sim,4,22951
2026-10-08T19:26:48Z,10222476236,explore,trending-in-roleplay-and-avatar-sim,5,6543
2026-10-08T19:26:48Z,547524060,explore,trending-in-roleplay-and-avatar-sim,6,7183
2026-10-08T19:26:48Z,2527789729,explore,trending-in-roleplay-and-avatar-sim,7,2424
2026-10-08T19:26:48Z,8156973419,explore,trending-in-roleplay-and-avatar-sim,8,1388
2026-10-08T19:26:48Z,10765927544,explore,trending-in-roleplay-and-avatar-sim,9,1160
2026-10-08T19:26:48Z,140733710,explore,trending-in-roleplay-and-avatar-sim,10,1588
2026-10-08T19:26:48Z,1686885941,explore,trending-in-roleplay-and-avatar-sim,11,308747
2026-10-08T19:26:48Z,5203828273,explore,trending-in-roleplay-and-avatar-sim,12,51267
2026-10-08T19:26:48Z,88070565,explore,trending-in-roleplay-and-avatar-sim,13,29308
2026-10-08T19:26:48Z,1831550657,explore,trending-in-roleplay-and-avatar-sim,14,16756
2026-10-08T19:26:48Z,903807016,explore,trending-in-roleplay-and-avatar-sim,15,6689
2026-10-08T19:26:48Z,321778215,explore,trending-in-roleplay-and-avatar-sim,16,7861
2026-10-08T19:26:48Z,9855761734,explore,trending-in-roleplay-and-avatar-sim,17,11346
2026-10-08T19:26:48Z,3240075297,explore,trending-in-roleplay-and-avatar-sim,18,38233
2026-10-08T19:26:48Z,47545,explore,trending-in-roleplay-and-avatar-sim,19,6908
2026-10-08T19:26:48Z,371263894,explore,trending-in-roleplay-and-avatar-sim,20,5738
2026-10-08T19:26:48Z,6749060816,explore,trending-in-roleplay-and-avatar-sim,21,4797
2026-10-08T19:26:48Z,4839802560,explore,trending-in-roleplay-and-avatar-sim,22,26607
2026-10-08T19:26:48Z,2992873140,explore,trending-in-roleplay-and-avatar-sim,23,11263
2026-10-08T19:26:48Z,10566677406,explore,trending-in-roleplay-and-avatar-sim,24,3084
2026-10-08T19:26:48Z,1278035280,explore,trending-in-roleplay-and-avatar-sim,25,5668
2026-10-08T19:26:48Z,7274244096,explore,trending-in-roleplay-and-avatar-sim,26,3692
2026-10-08T19:26:48Z,3308103880,explore,trending-in-roleplay-and-avatar-sim,27,5562
2026-10-08T19:26:48Z,6774320049,explore,trending-in-roleplay-and-avatar-sim,28,12241
2026-10-08T19:26:48Z,1852226622,explore,trending-in-roleplay-and-avatar-sim,29,10724
2026-10-08T19:26:48Z,1742264997,explore,trending-in-roleplay-and-avatar-sim,30,1613
2026-10-08T19:26:48Z,10589881655,explore,trending-in-shopping,1,3502
2026-10-08T19:26:48Z,9076692567,explore,trending-in-shopping,2,560
2026-10-08T19:26:48Z,2065706268,explore,trending-in-shopping,3,462
2026-10-08T19:26:48Z,9753458401,explore,trending-in-shopping,4,721
2026-10-08T19:26:48Z,10066618669,explore,trending-in-shopping,5,1797
2026-10-08T19:26:48Z,9098253051,explore,trending-in-shopping,6,235
2026-10-08T19:26:48Z,7000924848,explore,trending-in-shopping,7,340
2026-10-08T19:26:48Z,10764431809,explore,trending-in-shopping,8,81
2026-10-08T19:26:48Z,9459951439,explore,trending-in-shopping,9,197
2026-10-08T19:26:48Z,10205184118,explore,trending-in-shopping,10,214
2026-10-08T19:26:48Z,10751153610,explore,trending-in-shopping,11,50
2026-10-08T19:26:48Z,9796643263,explore,trending-in-shopping,12,332
2026-10-08T19:26:48Z,2652888345,explore,trending-in-shopping,13,1668
2026-10-08T19:26:48Z,10267638347,explore,trending-in-shopping,14,1019
2026-10-08T19:26:48Z,6091537736,explore,trending-in-shopping,15,25
2026-10-08T19:26:48Z,10480491636,explore,trending-in-shopping,16,57
2026-10-08T19:26:48Z,1651278324,explore,trending-in-shopping,17,113
2026-10-08T19:26:48Z,8005378926,explore,trending-in-shopping,18,874
2026-10-08T19:26:48Z,9209811415,explore,trending-in-shopping,19,453
2026-10-08T19:26:48Z,10677679844,explore,trending-in-shopping,20,17
2026-10-08T19:26:48Z,10764570523,explore,trending-in-shopping,21,37
2026-10-08T19:26:48Z,7710406091,explore,trending-in-shopping,22,31
2026-10-08T19:26:48Z,8232894618,explore,trending-in-shopping,23,31
2026-10-08T19:26:48Z,9848302960,explore,trending-in-shopping,24,104
2026-10-08T19:26:48Z,8975063538,explore,trending-in-shopping,25,72
2026-10-08T19:26:48Z,10188861194,explore,trending-in-shopping,26,172
2026-10-08T19:26:48Z,10204429578,explore,trending-in-shopping,27,55
2026-10-08T19:26:48Z,5339656333,explore,trending-in-shopping,28,36
2026-10-08T19:26:48Z,2711375305,explore,trending-in-shopping,29,60983
2026-10-08T19:26:48Z,7554119808,explore,trending-in-shopping,30,13046
2026-10-08T19:26:48Z,5750914919,explore,trending-in-simulation,1,59251
2026-10-08T19:26:48Z,10765288803,explore,trending-in-simulation,2,52945
2026-10-08T19:26:48Z,10768565603,explore,trending-in-simulation,3,8254
2026-10-08T19:26:48Z,10765298801,explore,trending-in-simulation,4,27161
2026-10-08T19:26:48Z,10767634248,explore,trending-in-simulation,5,15619
2026-10-08T19:26:48Z,10767408330,explore,trending-in-simulation,6,35125
2026-10-08T19:26:48Z,10708913337,explore,trending-in-simulation,7,53903
2026-10-08T19:26:48Z,10765012427,explore,trending-in-simulation,8,14153
2026-10-08T19:26:48Z,10756011174,explore,trending-in-simulation,9,16720
2026-10-08T19:26:48Z,10766056678,explore,trending-in-simulation,10,16725
2026-10-08T19:26:48Z,10282097014,explore,trending-in-simulation,11,21374
2026-10-08T19:26:48Z,10436530264,explore,trending-in-simulation,12,16640
2026-10-08T19:26:48Z,7265977477,explore,trending-in-simulation,13,31325
2026-10-08T19:26:48Z,601130232,explore,trending-in-simulation,14,26337
2026-10-08T19:26:48Z,3317771874,explore,trending-in-simulation,15,49636
2026-10-08T19:26:48Z,10744310825,explore,trending-in-simulation,16,17689
2026-10-08T19:26:48Z,10766687030,explore,trending-in-simulation,17,3961
2026-10-08T19:26:48Z,10767240772,explore,trending-in-simulation,18,12635
2026-10-08T19:26:48Z,10667357873,explore,trending-in-simulation,19,7589
2026-10-08T19:26:48Z,10765751583,explore,trending-in-simulation,20,9329
2026-10-08T19:26:48Z,10766142497,explore,trending-in-simulation,21,4864
2026-10-08T19:26:48Z,7089588429,explore,trending-in-simulation,22,2545
2026-10-08T19:26:48Z,10767138232,explore,trending-in-simulation,23,11329
2026-10-08T19:26:48Z,10766721625,explore,trending-in-simulation,24,9198
2026-10-08T19:26:48Z,10766812776,explore,trending-in-simulation,25,6070
2026-10-08T19:26:48Z,10764897725,explore,trending-in-simulation,26,14052
2026-10-08T19:26:48Z,10765686447,explore,trending-in-simulation,27,9731
2026-10-08T19:26:48Z,10767582899,explore,trending-in-simulation,28,6953
2026-10-08T19:26:48Z,10636331438,explore,trending-in-simulation,29,6777
2026-10-08T19:26:48Z,10550257968,explore,trending-in-simulation,30,8995
2026-10-08T19:26:48Z,10740316645,explore,trending-in-simulation,31,10499
2026-10-08T19:26:48Z,10765067592,explore,trending-in-simulation,32,6463
2026-10-08T19:26:48Z,10766309747,explore,trending-in-simulation,33,4172
2026-10-08T19:26:48Z,8813969120,explore,trending-in-simulation,34,4212
2026-10-08T19:26:48Z,10700618962,explore,trending-in-simulation,35,9940
2026-10-08T19:26:48Z,10212081143,explore,trending-in-simulation,36,7561
2026-10-08T19:26:48Z,10766240516,explore,trending-in-simulation,37,4964
2026-10-08T19:26:48Z,10561166339,explore,trending-in-simulation,38,5609
2026-10-08T19:26:48Z,10563114921,explore,trending-in-simulation,39,1037960
2026-10-08T19:26:48Z,9584852943,explore,trending-in-simulation,40,126982
2026-10-08T19:26:48Z,10035204815,explore,trending-in-simulation,41,53552
2026-10-08T19:26:48Z,7709344486,explore,trending-in-simulation,42,90272
2026-10-08T19:26:48Z,10684750879,explore,trending-in-simulation,43,25140
2026-10-08T19:26:48Z,10717002748,explore,trending-in-simulation,44,10417
2026-10-08T19:26:48Z,2668101271,explore,trending-in-simulation,45,23382
2026-10-08T19:26:48Z,1202096104,explore,trending-in-simulation,46,21595
2026-10-08T19:26:48Z,10173311467,explore,trending-in-simulation,47,11136
2026-10-08T19:26:48Z,10634461028,explore,trending-in-simulation,48,10952
2026-10-08T19:26:48Z,7395930870,explore,trending-in-simulation,49,11106
2026-10-08T19:26:48Z,210851291,explore,trending-in-simulation,50,11429
2026-10-08T19:26:48Z,5361032378,explore,trending-in-simulation,51,31858
2026-10-08T19:26:48Z,9837612476,explore,trending-in-simulation,52,8041
2026-10-08T19:26:48Z,10741654282,explore,trending-in-simulation,53,8167
2026-10-08T19:26:48Z,1526814825,explore,trending-in-simulation,54,9010
2026-10-08T19:26:48Z,10764479526,explore,trending-in-simulation,55,19785
2026-10-08T19:26:48Z,9872734936,explore,trending-in-simulation,56,10729
2026-10-08T19:26:48Z,10430019389,explore,trending-in-simulation,57,10042
2026-10-08T19:26:48Z,2851381018,explore,trending-in-simulation,58,5906
2026-10-08T19:26:48Z,10261267004,explore,trending-in-simulation,59,13434
2026-10-08T19:26:48Z,7436755782,explore,trending-in-simulation,60,13009
2026-10-08T19:26:48Z,2471084,explore,trending-in-simulation,61,5948
2026-10-08T19:26:48Z,10753751277,explore,trending-in-simulation,62,12970
2026-10-08T19:26:48Z,21164849,explore,trending-in-simulation,63,4226
2026-10-08T19:26:48Z,7094518649,explore,trending-in-simulation,64,7767
2026-10-08T19:26:48Z,10526853622,explore,trending-in-simulation,65,8099
2026-10-08T19:26:48Z,911750776,explore,trending-in-simulation,66,3863
2026-10-08T19:26:48Z,8719555347,explore,trending-in-simulation,67,10787
2026-10-08T19:26:48Z,10726092409,explore,trending-in-simulation,68,3077
2026-10-08T19:26:48Z,4983034985,explore,trending-in-strategy,1,16698
2026-10-08T19:26:48Z,5578556129,explore,trending-in-strategy,2,22543
2026-10-08T19:26:48Z,3541611379,explore,trending-in-strategy,3,5212
2026-10-08T19:26:48Z,5580972377,explore,trending-in-strategy,4,2323
2026-10-08T19:26:48Z,10246108265,explore,trending-in-strategy,5,2618
2026-10-08T19:26:48Z,10757247806,explore,trending-in-strategy,6,3264
2026-10-08T19:26:48Z,10737986845,explore,trending-in-strategy,7,3960
2026-10-08T19:26:48Z,10424107160,explore,trending-in-strategy,8,3014
2026-10-08T19:26:48Z,10116272705,explore,trending-in-strategy,9,7682
2026-10-08T19:26:48Z,4778845442,explore,trending-in-strategy,10,2724
2026-10-08T19:26:48Z,2283649692,explore,trending-in-strategy,11,942
2026-10-08T19:26:48Z,3267012194,explore,trending-in-strategy,12,773
2026-10-08T19:26:48Z,7703614594,explore,trending-in-strategy,13,3223
2026-10-08T19:26:48Z,10393438342,explore,trending-in-strategy,14,2745
2026-10-08T19:26:48Z,10762798338,explore,trending-in-strategy,15,3426
2026-10-08T19:26:48Z,10236805062,explore,trending-in-strategy,16,700
2026-10-08T19:26:48Z,1531130248,explore,trending-in-strategy,17,2630
2026-10-08T19:26:48Z,10762636904,explore,trending-in-strategy,18,2331
2026-10-08T19:26:48Z,8946565814,explore,trending-in-strategy,19,2211
2026-10-08T19:26:48Z,3913007563,explore,trending-in-strategy,20,1991
2026-10-08T19:26:48Z,1176784616,explore,trending-in-strategy,21,10795
2026-10-08T19:26:48Z,10764297006,explore,trending-in-strategy,22,7994
2026-10-08T19:26:48Z,7613921865,explore,trending-in-strategy,23,6386
2026-10-08T19:26:48Z,9480281767,explore,trending-in-strategy,24,4720
2026-10-08T19:26:48Z,7685678300,explore,trending-in-strategy,25,5123
2026-10-08T19:26:48Z,10529769390,explore,trending-in-strategy,26,6319
2026-10-08T19:26:48Z,2621511041,explore,trending-in-strategy,27,2126
2026-10-08T19:26:48Z,3183403065,explore,trending-in-strategy,28,1842
2026-10-08T19:26:48Z,10765834825,explore,trending-in-strategy,29,682
2026-10-08T19:26:48Z,918677693,explore,trending-in-strategy,30,1638
2026-10-08T19:26:48Z,2440500124,explore,trending-in-survival,1,46746
2026-10-08T19:26:48Z,7326934954,explore,trending-in-survival,2,160400
2026-10-08T19:26:48Z,5569032992,explore,trending-in-survival,3,112867
2026-10-08T19:26:48Z,3647333358,explore,trending-in-survival,4,27439
2026-10-08T19:26:48Z,10665420648,explore,trending-in-survival,5,9222
2026-10-08T19:26:48Z,10765582175,explore,trending-in-survival,6,10576
2026-10-08T19:26:48Z,10673920146,explore,trending-in-survival,7,14567
2026-10-08T19:26:48Z,10766506199,explore,trending-in-survival,8,15794
2026-10-08T19:26:48Z,10766395909,explore,trending-in-survival,9,7821
2026-10-08T19:26:48Z,10759518799,explore,trending-in-survival,10,4892
2026-10-08T19:26:48Z,10742937135,explore,trending-in-survival,11,7581
2026-10-08T19:26:48Z,10767825538,explore,trending-in-survival,12,61024
2026-10-08T19:26:48Z,6635513269,explore,trending-in-survival,13,6080
2026-10-08T19:26:48Z,5026122481,explore,trending-in-survival,14,3358
2026-10-08T19:26:48Z,66654135,explore,trending-in-survival,15,195924
2026-10-08T19:26:48Z,6331902150,explore,trending-in-survival,16,52048
2026-10-08T19:26:48Z,6739698191,explore,trending-in-survival,17,29923
2026-10-08T19:26:48Z,10148749921,explore,trending-in-survival,18,26385
2026-10-08T19:26:48Z,1516533665,explore,trending-in-survival,19,16497
2026-10-08T19:26:48Z,372226183,explore,trending-in-survival,20,18389
2026-10-08T19:26:48Z,10761687472,explore,trending-in-survival,21,7313
2026-10-08T19:26:48Z,65241,explore,trending-in-survival,22,6026
2026-10-08T19:26:48Z,5039839070,explore,trending-in-survival,23,8671
2026-10-08T19:26:48Z,6324644175,explore,trending-in-survival,24,3808
2026-10-08T19:26:48Z,10759337137,explore,trending-in-survival,25,4891
2026-10-08T19:26:48Z,9167377564,explore,trending-in-survival,26,12652
2026-10-08T19:26:48Z,10578398333,explore,trending-in-survival,27,8462
2026-10-08T19:26:48Z,10031562156,explore,trending-in-survival,28,4747
2026-10-08T19:26:48Z,383310974,explore,more-when-you-subscribe,1,199250
2026-10-08T19:26:48Z,3317771874,explore,more-when-you-subscribe,2,49345
2026-10-08T19:26:48Z,6765805766,explore,more-when-you-subscribe,3,25788
2026-10-08T19:26:48Z,1176784616,explore,more-when-you-subscribe,4,10795
2026-10-08T19:26:48Z,3647333358,explore,more-when-you-subscribe,5,27635
2026-10-08T19:26:48Z,7094518649,explore,more-when-you-subscribe,6,7767
2026-10-08T19:26:48Z,4582358979,explore,more-when-you-subscribe,7,1672
2026-10-08T19:26:48Z,3936365689,explore,more-when-you-subscribe,8,1630
2026-10-08T19:26:48Z,2380077519,explore,more-when-you-subscribe,9,7202
2026-10-08T19:26:48Z,4793836769,explore,more-when-you-subscribe,10,2915
2026-10-08T19:26:48Z,4839802560,explore,more-when-you-subscribe,11,26607
2026-10-08T19:26:48Z,648454481,explore,more-when-you-subscribe,12,15913
2026-10-08T19:26:48Z,5995470825,explore,more-when-you-subscribe,13,17797
2026-10-08T19:26:48Z,88070565,explore,more-when-you-subscribe,14,29308
2026-10-08T19:26:48Z,321778215,explore,more-when-you-subscribe,15,7861
2026-10-08T19:26:48Z,184199275,explore,more-when-you-subscribe,16,7831
2026-10-08T19:26:48Z,10541331578,explore,more-when-you-subscribe,17,1266
2026-10-08T19:26:48Z,850110028,explore,more-when-you-subscribe,18,3181
2026-10-08T19:26:48Z,245662005,explore,more-when-you-subscribe,19,6547
2026-10-08T19:26:48Z,3170483284,explore,more-when-you-subscribe,20,857
2026-10-08T19:26:48Z,7474367816,explore,more-when-you-subscribe,21,3439
2026-10-08T19:26:48Z,3734304510,explore,more-when-you-subscribe,22,1307
2026-10-08T19:26:48Z,1001911915,explore,more-when-you-subscribe,23,1659
2026-10-08T19:26:48Z,2139712082,explore,more-when-you-subscribe,24,602
2026-10-08T19:26:48Z,1852226622,explore,more-when-you-subscribe,25,10724
2026-10-08T19:26:48Z,1742264997,explore,more-when-you-subscribe,26,1613
2026-10-08T19:26:48Z,4795326392,explore,more-when-you-subscribe,27,521
2026-10-08T19:26:48Z,6996253752,explore,more-when-you-subscribe,28,331
2026-10-08T19:26:48Z,7848204961,explore,more-when-you-subscribe,29,556
2026-10-08T19:26:48Z,3164075108,explore,more-when-you-subscribe,30,2500
2026-10-08T19:26:48Z,3317679266,explore,more-when-you-subscribe,31,2467
2026-10-08T19:26:48Z,8640389608,explore,more-when-you-subscribe,32,285
2026-10-08T19:26:48Z,5897329101,explore,more-when-you-subscribe,33,82
2026-10-08T19:26:48Z,2239430935,explore,more-when-you-subscribe,34,1126
2026-10-08T19:26:48Z,5497606909,explore,more-when-you-subscribe,35,224
2026-10-08T19:26:48Z,7428819247,explore,more-when-you-subscribe,36,639
2026-10-08T19:26:48Z,2491559356,explore,more-when-you-subscribe,37,728
2026-10-08T19:26:48Z,7884563721,explore,more-when-you-subscribe,38,530
2026-10-08T19:26:48Z,605887098,explore,more-when-you-subscribe,39,2529
2026-10-08T19:26:48Z,6726637224,explore,more-when-you-subscribe,40,2501
2026-10-08T19:26:48Z,1180269832,explore,more-when-you-subscribe,41,642
2026-10-08T19:26:48Z,8316902627,explore,more-when-you-subscribe,42,1816
2026-10-08T19:26:48Z,1147304238,explore,more-when-you-subscribe,43,597
2026-10-08T19:26:48Z,3666294218,explore,more-when-you-subscribe,44,920
2026-10-08T19:26:48Z,848145103,explore,more-when-you-subscribe,45,111
2026-10-08T19:26:48Z,110181652,explore,more-when-you-subscribe,46,1927
2026-10-08T19:26:48Z,833209132,explore,more-when-you-subscribe,47,419
2026-10-08T19:26:48Z,3204175584,explore,more-when-you-subscribe,48,2291
2026-10-08T19:26:48Z,4154513353,explore,more-when-you-subscribe,49,792
2026-10-08T19:26:48Z,2860485766,explore,more-when-you-subscribe,50,86
2026-10-08T19:26:48Z,8974153311,explore,more-when-you-subscribe,51,215
2026-10-08T19:26:48Z,5944821008,explore,more-when-you-subscribe,52,1683
2026-10-08T19:26:48Z,2865535599,explore,more-when-you-subscribe,53,144
2026-10-08T19:26:48Z,5049569843,explore,more-when-you-subscribe,54,309
2026-10-08T19:26:48Z,1527252839,explore,more-when-you-subscribe,55,361
2026-10-08T19:26:48Z,274816972,explore,more-when-you-subscribe,56,2258
2026-10-08T19:26:48Z,5812546130,explore,more-when-you-subscribe,57,421
2026-10-08T19:26:48Z,5720553711,explore,more-when-you-subscribe,58,5609
2026-10-08T19:26:48Z,10648555380,explore,more-when-you-subscribe,59,208
2026-10-08T19:26:48Z,4518160318,explore,more-when-you-subscribe,60,3693
2026-10-08T19:26:48Z,5827120940,explore,more-when-you-subscribe,61,164
2026-10-08T19:26:48Z,2711375305,explore,more-when-you-subscribe,62,60983
2026-10-08T19:26:48Z,7229464493,explore,more-when-you-subscribe,63,144
2026-10-08T19:26:48Z,4263576532,explore,more-when-you-subscribe,64,957
2026-10-08T19:26:48Z,10593671708,explore,more-when-you-subscribe,65,140
2026-10-08T19:26:48Z,7160901012,explore,more-when-you-subscribe,66,73
2026-10-08T19:26:48Z,7617886606,explore,more-when-you-subscribe,67,203
2026-10-08T19:26:48Z,4996628751,explore,more-when-you-subscribe,68,95
2026-10-08T19:26:48Z,5048990623,explore,more-when-you-subscribe,69,118
2026-10-08T19:26:48Z,5753515186,explore,more-when-you-subscribe,70,411
2026-10-08T19:26:48Z,10037019232,explore,more-when-you-subscribe,71,106
2026-10-08T19:26:48Z,4086773669,explore,more-when-you-subscribe,72,169
2026-10-08T19:26:48Z,5012222382,explore,more-when-you-subscribe,73,548
2026-10-08T19:26:48Z,3107874866,explore,more-when-you-subscribe,74,98
2026-10-08T19:26:48Z,2366560560,explore,more-when-you-subscribe,75,1468
2026-10-08T19:26:48Z,5713659018,explore,more-when-you-subscribe,76,81
2026-10-08T19:26:48Z,7706951053,explore,more-when-you-subscribe,77,350
2026-10-08T19:26:48Z,124283622,explore,more-when-you-subscribe,78,643
2026-10-08T19:26:48Z,2131410080,explore,more-when-you-subscribe,79,205
2026-10-08T19:26:48Z,204387960,explore,more-when-you-subscribe,80,48
2026-10-08T19:26:48Z,10231678265,explore,more-when-you-subscribe,81,150
2026-10-08T19:26:48Z,4851783408,explore,more-when-you-subscribe,82,459
2026-10-08T19:26:48Z,5247232141,explore,more-when-you-subscribe,83,975
2026-10-08T19:26:48Z,5113572498,explore,more-when-you-subscribe,84,106
2026-10-08T19:26:48Z,6940206974,explore,more-when-you-subscribe,85,7539
2026-10-08T19:26:48Z,7002376067,explore,more-when-you-subscribe,86,120
2026-10-08T19:26:48Z,4293374620,explore,more-when-you-subscribe,87,12453
2026-10-08T19:26:48Z,1499870257,explore,more-when-you-subscribe,88,330
2026-10-08T19:26:48Z,1325411718,explore,more-when-you-subscribe,89,1085
2026-10-08T19:26:48Z,7429689898,explore,more-when-you-subscribe,90,349
2026-10-08T19:26:48Z,112845193,explore,learning-and-explore,1,
2026-10-08T19:26:48Z,7091388561,explore,learning-and-explore,2,367
2026-10-08T19:26:48Z,6938969105,explore,learning-and-explore,3,39
2026-10-08T19:26:48Z,2533027421,explore,learning-and-explore,4,
2026-10-08T19:26:48Z,969351457,explore,learning-and-explore,5,2
2026-10-08T19:26:48Z,79301772,explore,learning-and-explore,6,3615
2026-10-08T19:26:48Z,3616579578,explore,learning-and-explore,7,5
2026-10-08T19:26:48Z,97706693,explore,learning-and-explore,8,16
2026-10-08T19:26:48Z,6506790141,explore,learning-and-explore,9,
2026-10-08T19:26:48Z,3081555258,explore,learning-and-explore,10,65
2026-10-08T19:26:48Z,2283649692,explore,learning-and-explore,11,968
2026-10-08T19:26:48Z,5042430067,explore,learning-and-explore,12,20
2026-10-08T19:26:48Z,4380922749,explore,learning-and-explore,13,1
2026-10-08T19:26:48Z,21164849,explore,learning-and-explore,14,4226
2026-10-08T19:26:48Z,3801657309,explore,learning-and-explore,15,4
2026-10-08T19:26:48Z,6906503978,explore,learning-and-explore,16,4
2026-10-08T19:26:48Z,3934229151,explore,learning-and-explore,17,41
2026-10-08T19:26:48Z,953622098,explore,learning-and-explore,18,73
2026-10-08T19:26:48Z,3951147015,explore,learning-and-explore,19,1015
2026-10-08T19:26:48Z,3645313968,explore,learning-and-explore,20,43
2026-10-08T19:26:48Z,1217298587,explore,learning-and-explore,21,29
2026-10-08T19:26:48Z,2817076516,explore,learning-and-explore,22,3
2026-10-08T19:26:48Z,210851291,explore,learning-and-explore,23,11429
2026-10-08T19:26:48Z,537069295,explore,learning-and-explore,24,2
2026-10-08T19:26:48Z,6252201542,explore,learning-and-explore,25,25
2026-10-08T19:26:48Z,5988568657,explore,learning-and-explore,26,38
2026-10-08T19:26:48Z,5354625397,explore,learning-and-explore,27,209
2026-10-08T19:26:48Z,2501141430,explore,learning-and-explore,28,15
2026-10-08T19:26:48Z,1375027828,explore,learning-and-explore,29,48
2026-10-08T19:26:48Z,4408288935,explore,learning-and-explore,30,813
2026-10-08T19:26:48Z,2137105308,explore,learning-and-explore,31,491
2026-10-08T19:26:48Z,2463274810,explore,learning-and-explore,32,11
2026-10-08T19:26:48Z,2208244398,explore,learning-and-explore,33,6
2026-10-08T19:26:48Z,3929033413,explore,learning-and-explore,34,13
2026-10-08T19:26:48Z,6794845242,explore,learning-and-explore,35,2
2026-10-08T19:26:48Z,4145952225,explore,learning-and-explore,36,1
2026-10-08T19:26:48Z,455701239,explore,learning-and-explore,37,6
2026-10-08T19:26:48Z,3627275994,explore,learning-and-explore,38,50
2026-10-08T19:26:48Z,3536173216,explore,learning-and-explore,39,102
2026-10-08T19:26:48Z,5174979552,explore,learning-and-explore,40,511
2026-10-08T19:26:48Z,6409446943,explore,learning-and-explore,41,39
2026-10-08T19:26:48Z,2308115211,explore,learning-and-explore,42,
2026-10-08T19:26:48Z,5905501282,explore,learning-and-explore,43,162
2026-10-08T19:26:48Z,9906165155,explore,learning-and-explore,44,1
2026-10-08T19:26:48Z,3914607290,explore,learning-and-explore,45,7
2026-10-08T19:26:48Z,4034530348,explore,learning-and-explore,46,30
2026-10-08T19:26:48Z,6015491985,explore,learning-and-explore,47,1613
2026-10-08T19:26:48Z,10060481733,explore,learning-and-explore,48,17
2026-10-08T19:26:48Z,114070244,explore,learning-and-explore,49,472
2026-10-08T19:26:48Z,1093311378,explore,learning-and-explore,50,7
2026-10-08T19:26:48Z,5518318131,explore,learning-and-explore,51,6
2026-10-08T19:26:48Z,2251388500,explore,learning-and-explore,52,1781
2026-10-08T19:26:48Z,4055567612,explore,learning-and-explore,53,
2026-10-08T19:26:48Z,6711224984,explore,learning-and-explore,54,1
2026-10-08T19:26:48Z,9762578530,explore,learning-and-explore,55,21
2026-10-08T19:26:48Z,6657534906,explore,learning-and-explore,56,46
2026-10-08T19:26:48Z,5091615162,explore,learning-and-explore,57,
2026-10-08T19:26:48Z,2025565382,explore,learning-and-explore,58,2
