ts,universe_id,source,list_id,rank,player_count
2026-10-09T06:05:56Z,3508322461,explore,top-trending,1,81646
2026-10-09T06:05:56Z,10764627709,explore,top-trending,2,60060
2026-10-09T06:05:56Z,383310974,explore,top-trending,3,140596
2026-10-09T06:05:56Z,7326934954,explore,top-trending,4,166859
2026-10-09T06:05:56Z,2440500124,explore,top-trending,5,24811
2026-10-09T06:05:56Z,9534705677,explore,top-trending,6,18153
2026-10-09T06:05:56Z,5569032992,explore,top-trending,7,95255
2026-10-09T06:05:56Z,10685282333,explore,top-trending,8,28769
2026-10-09T06:05:56Z,6931042565,explore,top-trending,9,34722
2026-10-09T06:05:56Z,5750914919,explore,top-trending,10,55573
2026-10-09T06:05:56Z,10512942223,explore,top-trending,11,39274
2026-10-09T06:05:56Z,3647333358,explore,top-trending,12,32870
2026-10-09T06:05:56Z,7633926880,explore,top-trending,13,7137
2026-10-09T06:05:56Z,10765288803,explore,top-trending,14,125557
2026-10-09T06:05:56Z,10665420648,explore,top-trending,15,6610
2026-10-09T06:05:56Z,10766390665,explore,top-trending,16,1301
2026-10-09T06:05:56Z,10767408330,explore,top-trending,17,13196
2026-10-09T06:05:56Z,10765582175,explore,top-trending,18,9400
2026-10-09T06:05:56Z,10768565603,explore,top-trending,19,13947
2026-10-09T06:05:56Z,10767634248,explore,top-trending,20,17058
2026-10-09T06:05:56Z,10765298801,explore,top-trending,21,34897
2026-10-09T06:05:56Z,7398552394,explore,top-trending,22,5619
2026-10-09T06:05:56Z,10673920146,explore,top-trending,23,9031
2026-10-09T06:05:56Z,7265977477,explore,top-trending,24,3719
2026-10-09T06:05:56Z,10765785152,explore,top-trending,25,1365
2026-10-09T06:05:56Z,10767012496,explore,top-trending,26,3577
2026-10-09T06:05:56Z,10764613327,explore,top-trending,27,1908
2026-10-09T06:05:56Z,10766506199,explore,top-trending,28,12631
2026-10-09T06:05:56Z,10756011174,explore,top-trending,29,10052
2026-10-09T06:05:56Z,10765012427,explore,top-trending,30,11811
2026-10-09T06:05:56Z,10767922762,explore,top-trending,31,5066
2026-10-09T06:05:56Z,10766056678,explore,top-trending,32,22421
2026-10-09T06:05:56Z,10766395909,explore,top-trending,33,3587
2026-10-09T06:05:56Z,10282097014,explore,top-trending,34,12250
2026-10-09T06:05:56Z,4983034985,explore,top-trending,35,6338
2026-10-09T06:05:56Z,9825259729,explore,top-trending,36,7649
2026-10-09T06:05:56Z,10767240772,explore,top-trending,37,2633
2026-10-09T06:05:56Z,10759518799,explore,top-trending,38,3360
2026-10-09T06:05:56Z,10436530264,explore,top-trending,39,23803
2026-10-09T06:05:56Z,10744310825,explore,top-trending,40,13361
2026-10-09T06:05:56Z,601130232,explore,top-trending,41,24595
2026-10-09T06:05:56Z,9891331827,explore,top-trending,42,3473
2026-10-09T06:05:56Z,10765751583,explore,top-trending,43,2302
2026-10-09T06:05:56Z,10036955953,explore,top-trending,44,4684
2026-10-09T06:05:56Z,10768176407,explore,top-trending,45,4236
2026-10-09T06:05:56Z,5578556129,explore,top-trending,46,23583
2026-10-09T06:05:56Z,10597001332,explore,top-trending,47,1359
2026-10-09T06:05:56Z,3317771874,explore,top-trending,48,45508
2026-10-09T06:05:56Z,4342047058,explore,top-trending,49,7684
2026-10-09T06:05:56Z,6049736902,explore,top-trending,50,1355
2026-10-09T06:05:56Z,10766687030,explore,top-trending,51,2586
2026-10-09T06:05:56Z,10212081143,explore,top-trending,52,643
2026-10-09T06:05:56Z,10767138232,explore,top-trending,53,3565
2026-10-09T06:05:56Z,113491250,explore,top-trending,54,1876
2026-10-09T06:05:56Z,10766142497,explore,top-trending,55,1913
2026-10-09T06:05:56Z,648454481,explore,top-trending,56,15519
2026-10-09T06:05:56Z,10667357873,explore,top-trending,57,6819
2026-10-09T06:05:56Z,10526463655,explore,top-trending,58,4384
2026-10-09T06:05:56Z,10767825538,explore,top-trending,59,25267
2026-10-09T06:05:56Z,7028566528,explore,top-trending,60,5921
2026-10-09T06:05:56Z,1526814825,explore,top-trending,61,5350
2026-10-09T06:05:56Z,4987856151,explore,top-trending,62,5044
2026-10-09T06:05:56Z,9855761734,explore,top-trending,63,7824
2026-10-09T06:05:56Z,10766812776,explore,top-trending,64,2033
2026-10-09T06:05:56Z,7089588429,explore,top-trending,65,33715
2026-10-09T06:05:56Z,10630800860,explore,top-trending,66,9218
2026-10-09T06:05:56Z,10767582899,explore,top-trending,67,4268
2026-10-09T06:05:56Z,10764897725,explore,top-trending,68,14151
2026-10-09T06:05:56Z,10766721625,explore,top-trending,69,13620
2026-10-09T06:05:56Z,9978329815,explore,top-trending,70,16437
2026-10-09T06:05:56Z,6635513269,explore,top-trending,71,2920
2026-10-09T06:05:56Z,10230942274,explore,top-trending,72,6078
2026-10-09T06:05:56Z,10740316645,explore,top-trending,73,7520
2026-10-09T06:05:56Z,10765951887,explore,top-trending,74,1368
2026-10-09T06:05:56Z,10575295323,explore,top-trending,75,3939
2026-10-09T06:05:56Z,10768023539,explore,top-trending,76,10417
2026-10-09T06:05:56Z,10621093890,explore,top-trending,77,532
2026-10-09T06:05:56Z,10550257968,explore,top-trending,78,9557
2026-10-09T06:05:56Z,6583326485,explore,top-trending,79,2981
2026-10-09T06:05:56Z,3541611379,explore,top-trending,80,3704
2026-10-09T06:05:56Z,10765686447,explore,top-trending,81,12091
2026-10-09T06:05:56Z,10636331438,explore,top-trending,82,6934
2026-10-09T06:05:56Z,8813969120,explore,top-trending,83,4691
2026-10-09T06:05:56Z,10765067592,explore,top-trending,84,4285
2026-10-09T06:05:56Z,10247797619,explore,top-trending,85,1384
2026-10-09T06:05:56Z,10766502612,explore,top-trending,86,1963
2026-10-09T06:05:56Z,10700618962,explore,top-trending,87,7908
2026-10-09T06:05:56Z,10766240516,explore,top-trending,88,8669
2026-10-09T06:05:56Z,10766349481,explore,top-trending,89,1724
2026-10-09T06:05:56Z,2711375305,explore,top-trending,90,44070
2026-10-09T06:05:56Z,10742937135,explore,top-trending,91,2133
2026-10-09T06:05:56Z,10764297006,explore,top-trending,92,3719
2026-10-09T06:05:56Z,9662130710,explore,top-trending,93,1877
2026-10-09T06:05:56Z,2380077519,explore,top-trending,94,5117
2026-10-09T06:05:56Z,16680835,explore,top-trending,95,1578
2026-10-09T06:05:56Z,2992873140,explore,top-trending,96,2252
2026-10-09T06:05:56Z,10512942223,explore,up-and-coming,1,39401
2026-10-09T06:05:56Z,10765785152,explore,up-and-coming,2,1365
2026-10-09T06:05:56Z,10764627709,explore,up-and-coming,3,60060
2026-10-09T06:05:56Z,10767408330,explore,up-and-coming,4,13219
2026-10-09T06:05:56Z,10767634248,explore,up-and-coming,5,16987
2026-10-09T06:05:56Z,10767922762,explore,up-and-coming,6,5066
2026-10-09T06:05:56Z,10767138232,explore,up-and-coming,7,3483
2026-10-09T06:05:56Z,10766390665,explore,up-and-coming,8,1266
2026-10-09T06:05:56Z,10768565603,explore,up-and-coming,9,13854
2026-10-09T06:05:56Z,10768176407,explore,up-and-coming,10,4236
2026-10-09T06:05:56Z,10767240772,explore,up-and-coming,11,2711
2026-10-09T06:05:56Z,10282097014,explore,up-and-coming,12,12250
2026-10-09T06:05:56Z,10765288803,explore,up-and-coming,13,125557
2026-10-09T06:05:56Z,10767825538,explore,up-and-coming,14,26041
2026-10-09T06:05:56Z,10212081143,explore,up-and-coming,15,643
2026-10-09T06:05:56Z,10766395909,explore,up-and-coming,16,3538
2026-10-09T06:05:56Z,10597001332,explore,up-and-coming,17,1359
2026-10-09T06:05:56Z,10766056678,explore,up-and-coming,18,22421
2026-10-09T06:05:56Z,10766142497,explore,up-and-coming,19,1913
2026-10-09T06:05:56Z,10766812776,explore,up-and-coming,20,2033
2026-10-09T06:05:56Z,10765298801,explore,up-and-coming,21,34897
2026-10-09T06:05:56Z,10767012496,explore,up-and-coming,22,3577
2026-10-09T06:05:56Z,10767582899,explore,up-and-coming,23,4268
2026-10-09T06:05:56Z,10766349481,explore,up-and-coming,24,1724
2026-10-09T06:05:56Z,10766506199,explore,up-and-coming,25,12631
2026-10-09T06:05:56Z,10766240516,explore,up-and-coming,26,8573
2026-10-09T06:05:56Z,10514321384,explore,up-and-coming,27,407
2026-10-09T06:05:56Z,10768944292,explore,up-and-coming,28,3777
2026-10-09T06:05:56Z,10768023539,explore,up-and-coming,29,10425
2026-10-09T06:05:56Z,10765541201,explore,up-and-coming,30,2247
2026-10-09T06:05:56Z,10768026334,explore,up-and-coming,31,3280
2026-10-09T06:05:56Z,10768172922,explore,up-and-coming,32,2975
2026-10-09T06:05:56Z,10767755908,explore,up-and-coming,33,986
2026-10-09T06:05:56Z,10768425253,explore,up-and-coming,34,3574
2026-10-09T06:05:56Z,10767824942,explore,up-and-coming,35,7685
2026-10-09T06:05:56Z,10768202113,explore,up-and-coming,36,3290
2026-10-09T06:05:56Z,10766502612,explore,up-and-coming,37,1943
2026-10-09T06:05:56Z,10765951887,explore,up-and-coming,38,1365
2026-10-09T06:05:56Z,10768468695,explore,up-and-coming,39,818
2026-10-09T06:05:56Z,10766687030,explore,up-and-coming,40,2572
2026-10-09T06:05:56Z,10768866246,explore,up-and-coming,41,838
2026-10-09T06:05:56Z,10766222230,explore,up-and-coming,42,341
2026-10-09T06:05:56Z,10765067592,explore,up-and-coming,43,4273
2026-10-09T06:05:56Z,10766721625,explore,up-and-coming,44,13587
2026-10-09T06:05:56Z,10757704931,explore,up-and-coming,45,1969
2026-10-09T06:05:56Z,10767826343,explore,up-and-coming,46,2082
2026-10-09T06:05:56Z,10767566226,explore,up-and-coming,47,8869
2026-10-09T06:05:56Z,10764415267,explore,up-and-coming,48,3211
2026-10-09T06:05:56Z,10765563835,explore,up-and-coming,49,1601
2026-10-09T06:05:56Z,10765748731,explore,up-and-coming,50,1771
2026-10-09T06:05:56Z,10765950109,explore,up-and-coming,51,3249
2026-10-09T06:05:56Z,10766309747,explore,up-and-coming,52,3471
2026-10-09T06:05:56Z,10767628417,explore,up-and-coming,53,2883
2026-10-09T06:05:56Z,10765635650,explore,up-and-coming,54,3208
2026-10-09T06:05:56Z,10769066324,explore,up-and-coming,55,899
2026-10-09T06:05:56Z,10767094794,explore,up-and-coming,56,363
2026-10-09T06:05:56Z,10766812244,explore,up-and-coming,57,696
2026-10-09T06:05:56Z,10039889230,explore,up-and-coming,58,6906
2026-10-09T06:05:56Z,10767380385,explore,up-and-coming,59,7200
2026-10-09T06:05:56Z,10767957681,explore,up-and-coming,60,1370
2026-10-09T06:05:56Z,10767657583,explore,up-and-coming,61,804
2026-10-09T06:05:56Z,10768084263,explore,up-and-coming,62,1219
2026-10-09T06:05:56Z,10766257839,explore,up-and-coming,63,521
2026-10-09T06:05:56Z,10765491459,explore,up-and-coming,64,5640
2026-10-09T06:05:56Z,10765963762,explore,up-and-coming,65,1116
2026-10-09T06:05:56Z,10765091041,explore,up-and-coming,66,2912
2026-10-09T06:05:56Z,10675117523,explore,up-and-coming,67,12419
2026-10-09T06:05:56Z,10767858548,explore,up-and-coming,68,1413
2026-10-09T06:05:56Z,10765153945,explore,up-and-coming,69,7185
2026-10-09T06:05:56Z,10765906597,explore,up-and-coming,70,2549
2026-10-09T06:05:56Z,10767545737,explore,up-and-coming,71,519
2026-10-09T06:05:56Z,10765764482,explore,up-and-coming,72,1629
2026-10-09T06:05:56Z,10766008884,explore,up-and-coming,73,7841
2026-10-09T06:05:56Z,10766773917,explore,up-and-coming,74,1144
2026-10-09T06:05:56Z,10766364164,explore,up-and-coming,75,1252
2026-10-09T06:05:56Z,10563114921,explore,top-playing-now,1,1392295
2026-10-09T06:05:56Z,1686885941,explore,top-playing-now,2,224381
2026-10-09T06:05:56Z,7326934954,explore,top-playing-now,3,166859
2026-10-09T06:05:56Z,383310974,explore,top-playing-now,4,140596
2026-10-09T06:05:56Z,994732206,explore,top-playing-now,5,140397
2026-10-09T06:05:56Z,10765288803,explore,top-playing-now,6,125557
2026-10-09T06:05:56Z,66654135,explore,top-playing-now,7,103905
2026-10-09T06:05:56Z,6035872082,explore,top-playing-now,8,101274
2026-10-09T06:05:56Z,5569032992,explore,top-playing-now,9,95255
2026-10-09T06:05:56Z,10035204815,explore,top-playing-now,10,83825
2026-10-09T06:05:56Z,3508322461,explore,top-playing-now,11,81646
2026-10-09T06:05:56Z,7709344486,explore,top-playing-now,12,76617
2026-10-09T06:05:56Z,6701277882,explore,top-playing-now,13,74080
2026-10-09T06:05:56Z,10764627709,explore,top-playing-now,14,60060
2026-10-09T06:05:56Z,6739698191,explore,top-playing-now,15,56739
2026-10-09T06:05:56Z,5750914919,explore,top-playing-now,16,55532
2026-10-09T06:05:56Z,10708913337,explore,top-playing-now,17,54493
2026-10-09T06:05:56Z,5595353122,explore,top-playing-now,18,53465
2026-10-09T06:05:56Z,9584852943,explore,top-playing-now,19,46625
2026-10-09T06:05:56Z,3317771874,explore,top-playing-now,20,45676
2026-10-09T06:05:56Z,2711375305,explore,top-playing-now,21,43832
2026-10-09T06:05:56Z,3808081382,explore,top-playing-now,22,39709
2026-10-09T06:05:56Z,10512942223,explore,top-playing-now,23,39401
2026-10-09T06:05:56Z,10684750879,explore,top-playing-now,24,37124
2026-10-09T06:05:56Z,6331902150,explore,top-playing-now,25,37055
2026-10-09T06:05:56Z,10765298801,explore,top-playing-now,26,34971
2026-10-09T06:05:56Z,6931042565,explore,top-playing-now,27,34673
2026-10-09T06:05:56Z,7089588429,explore,top-playing-now,28,33715
2026-10-09T06:05:56Z,5361032378,explore,top-playing-now,29,33128
2026-10-09T06:05:56Z,3647333358,explore,top-playing-now,30,32920
2026-10-09T06:05:56Z,5203828273,explore,top-playing-now,31,29967
2026-10-09T06:05:56Z,10685282333,explore,top-playing-now,32,28769
2026-10-09T06:05:56Z,10155360168,explore,top-playing-now,33,27821
2026-10-09T06:05:56Z,2668101271,explore,top-playing-now,34,25851
2026-10-09T06:05:56Z,10767825538,explore,top-playing-now,35,25267
2026-10-09T06:05:56Z,2440500124,explore,top-playing-now,36,24811
2026-10-09T06:05:56Z,10148749921,explore,top-playing-now,37,24651
2026-10-09T06:05:56Z,601130232,explore,top-playing-now,38,24595
2026-10-09T06:05:56Z,10436530264,explore,top-playing-now,39,23893
2026-10-09T06:05:56Z,5578556129,explore,top-playing-now,40,23583
2026-10-09T06:05:56Z,10766056678,explore,top-playing-now,41,22421
2026-10-09T06:05:56Z,6765805766,explore,top-playing-now,42,21718
2026-10-09T06:05:56Z,2619619496,explore,top-playing-now,43,21484
2026-10-09T06:05:56Z,703124385,explore,top-playing-now,44,21344
2026-10-09T06:05:56Z,7219654364,explore,top-playing-now,45,20525
2026-10-09T06:05:56Z,9534705677,explore,top-playing-now,46,18197
2026-10-09T06:05:56Z,7436755782,explore,top-playing-now,47,17553
2026-10-09T06:05:56Z,1202096104,explore,top-playing-now,48,17453
2026-10-09T06:05:56Z,5995470825,explore,top-playing-now,49,17446
2026-10-09T06:05:56Z,10741654282,explore,top-playing-now,50,17277
2026-10-09T06:05:56Z,6176333237,explore,top-playing-now,51,17158
2026-10-09T06:05:56Z,10767634248,explore,top-playing-now,52,17058
2026-10-09T06:05:56Z,88070565,explore,top-playing-now,53,16970
2026-10-09T06:05:56Z,9167377564,explore,top-playing-now,54,16300
2026-10-09T06:05:56Z,10258991999,explore,top-playing-now,55,16259
2026-10-09T06:05:56Z,9978329815,explore,top-playing-now,56,16219
2026-10-09T06:05:56Z,3240075297,explore,top-playing-now,57,16096
2026-10-09T06:05:56Z,6521100398,explore,top-playing-now,58,15793
2026-10-09T06:05:56Z,10004244222,explore,top-playing-now,59,15626
2026-10-09T06:05:56Z,648454481,explore,top-playing-now,60,15422
2026-10-09T06:05:56Z,4839802560,explore,top-playing-now,61,14558
2026-10-09T06:05:56Z,10764897725,explore,top-playing-now,62,14151
2026-10-09T06:05:56Z,10768565603,explore,top-playing-now,63,13947
2026-10-09T06:05:56Z,10766721625,explore,top-playing-now,64,13620
2026-10-09T06:05:56Z,8178086002,explore,top-playing-now,65,13617
2026-10-09T06:05:56Z,7554119808,explore,top-playing-now,66,13442
2026-10-09T06:05:56Z,10744310825,explore,top-playing-now,67,13361
2026-10-09T06:05:56Z,10460801145,explore,top-playing-now,68,13262
2026-10-09T06:05:56Z,10767408330,explore,top-playing-now,69,13219
2026-10-09T06:05:56Z,9294074907,explore,top-playing-now,70,13057
2026-10-09T06:05:56Z,10766506199,explore,top-playing-now,71,12631
2026-10-09T06:05:56Z,4777817887,explore,top-playing-now,72,12630
2026-10-09T06:05:56Z,10681914462,explore,top-playing-now,73,12547
2026-10-09T06:05:56Z,10675117523,explore,top-playing-now,74,12419
2026-10-09T06:05:56Z,10282097014,explore,top-playing-now,75,12219
2026-10-09T06:05:56Z,578392296,explore,top-playing-now,76,12135
2026-10-09T06:05:56Z,9796898051,explore,top-playing-now,77,12128
2026-10-09T06:05:56Z,10765686447,explore,top-playing-now,78,12091
2026-10-09T06:05:56Z,10561166339,explore,top-playing-now,79,11902
2026-10-09T06:05:56Z,10765012427,explore,top-playing-now,80,11811
2026-10-09T06:05:56Z,1831550657,explore,top-playing-now,81,11554
2026-10-09T06:05:56Z,1000233041,explore,top-playing-now,82,11248
2026-10-09T06:05:56Z,4658598196,explore,top-playing-now,83,11181
2026-10-09T06:05:56Z,10261267004,explore,top-playing-now,84,10794
2026-10-09T06:05:56Z,10765490774,explore,top-playing-now,85,10780
2026-10-09T06:05:56Z,10767567751,explore,top-playing-now,86,10614
2026-10-09T06:05:56Z,10753751277,explore,top-playing-now,87,10592
2026-10-09T06:05:56Z,10768023539,explore,top-playing-now,88,10417
2026-10-09T06:05:56Z,10502841145,explore,top-playing-now,89,10398
2026-10-09T06:05:56Z,7018190066,explore,top-playing-now,90,10376
2026-10-09T06:05:56Z,10399136326,explore,top-playing-now,91,10258
2026-10-09T06:05:56Z,10756011174,explore,top-playing-now,92,10052
2026-10-09T06:05:56Z,4540138978,explore,top-playing-now,93,10037
2026-10-09T06:05:56Z,3310460039,explore,top-playing-now,94,9987
2026-10-09T06:05:56Z,4730278139,explore,top-playing-now,95,9943
2026-10-09T06:05:56Z,8719555347,explore,top-playing-now,96,9575
2026-10-09T06:05:56Z,10550257968,explore,top-playing-now,97,9557
2026-10-09T06:05:56Z,10765582175,explore,top-playing-now,98,9400
2026-10-09T06:05:56Z,4949420752,explore,top-playing-now,99,9129
2026-10-09T06:05:56Z,3359505957,explore,fun-with-friends,1,2859
2026-10-09T06:05:56Z,6949043989,explore,fun-with-friends,2,1757
2026-10-09T06:05:56Z,4991126644,explore,fun-with-friends,3,696
2026-10-09T06:05:56Z,10415694629,explore,fun-with-friends,4,3742
2026-10-09T06:05:56Z,1000233041,explore,fun-with-friends,5,11248
2026-10-09T06:05:56Z,6619936488,explore,fun-with-friends,6,1490
2026-10-09T06:05:56Z,10737656087,explore,fun-with-friends,7,4839
2026-10-09T06:05:56Z,5580972377,explore,fun-with-friends,8,2285
2026-10-09T06:05:56Z,10742937135,explore,fun-with-friends,9,2133
2026-10-09T06:05:56Z,1008451066,explore,fun-with-friends,10,2096
2026-10-09T06:05:56Z,10762757054,explore,fun-with-friends,11,4698
2026-10-09T06:05:56Z,10765167636,explore,fun-with-friends,12,2519
2026-10-09T06:05:56Z,10759638075,explore,fun-with-friends,13,5156
2026-10-09T06:05:56Z,7178032757,explore,fun-with-friends,14,4917
2026-10-09T06:05:56Z,9908641400,explore,fun-with-friends,15,2531
2026-10-09T06:05:56Z,10766390665,explore,fun-with-friends,16,1266
2026-10-09T06:05:56Z,9885372266,explore,fun-with-friends,17,2721
2026-10-09T06:05:56Z,7414497778,explore,fun-with-friends,18,1254
2026-10-09T06:05:56Z,1494262959,explore,fun-with-friends,19,1357
2026-10-09T06:05:56Z,6739698191,explore,fun-with-friends,20,56739
2026-10-09T06:05:56Z,6945584306,explore,fun-with-friends,21,5617
2026-10-09T06:05:56Z,1686885941,explore,fun-with-friends,22,224381
2026-10-09T06:05:56Z,4582358979,explore,fun-with-friends,23,1552
2026-10-09T06:05:56Z,1278035280,explore,fun-with-friends,24,3097
2026-10-09T06:05:56Z,66654135,explore,fun-with-friends,25,104712
2026-10-09T06:05:56Z,6701277882,explore,fun-with-friends,26,74080
2026-10-09T06:05:56Z,6174994284,explore,fun-with-friends,27,1703
2026-10-09T06:05:56Z,2668101271,explore,fun-with-friends,28,25667
2026-10-09T06:05:56Z,7108384194,explore,fun-with-friends,29,6419
2026-10-09T06:05:56Z,7208219743,explore,fun-with-friends,30,915
2026-10-09T06:05:56Z,4839802560,explore,fun-with-friends,31,14558
2026-10-09T06:05:56Z,892043755,explore,fun-with-friends,32,2183
2026-10-09T06:05:56Z,6765805766,explore,fun-with-friends,33,21732
2026-10-09T06:05:56Z,1946714362,explore,fun-with-friends,34,1276
2026-10-09T06:05:56Z,3990106548,explore,fun-with-friends,35,4732
2026-10-09T06:05:56Z,7554119808,explore,fun-with-friends,36,13525
2026-10-09T06:05:56Z,372226183,explore,fun-with-friends,37,7629
2026-10-09T06:05:56Z,10764627709,explore,fun-with-friends,38,59842
2026-10-09T06:05:56Z,6925303818,explore,fun-with-friends,39,494
2026-10-09T06:05:56Z,4676287985,explore,fun-with-friends,40,548
2026-10-09T06:05:56Z,10764613327,explore,fun-with-friends,41,1908
2026-10-09T06:05:56Z,4348829796,explore,fun-with-friends,42,5543
2026-10-09T06:05:56Z,7629331599,explore,fun-with-friends,43,4924
2026-10-09T06:05:56Z,10189903609,explore,fun-with-friends,44,4332
2026-10-09T06:05:56Z,4983034985,explore,fun-with-friends,45,6338
2026-10-09T06:05:56Z,4987856151,explore,fun-with-friends,46,5044
2026-10-09T06:05:56Z,5039839070,explore,fun-with-friends,47,4018
2026-10-09T06:05:56Z,6749060816,explore,fun-with-friends,48,4191
2026-10-09T06:05:56Z,10171934713,explore,fun-with-friends,49,1329
2026-10-09T06:05:56Z,6275120808,explore,fun-with-friends,50,853
2026-10-09T06:05:56Z,10153098880,explore,fun-with-friends,51,1729
2026-10-09T06:05:56Z,1526814825,explore,fun-with-friends,52,5350
2026-10-09T06:05:56Z,5829613337,explore,fun-with-friends,53,1929
2026-10-09T06:05:56Z,10765190004,explore,fun-with-friends,54,4375
2026-10-09T06:05:56Z,1709917610,explore,fun-with-friends,55,1167
2026-10-09T06:05:56Z,2711375305,explore,fun-with-friends,56,43832
2026-10-09T06:05:56Z,10762388019,explore,fun-with-friends,57,4766
2026-10-09T06:05:56Z,1831550657,explore,fun-with-friends,58,11711
2026-10-09T06:05:56Z,6521100398,explore,fun-with-friends,59,15775
2026-10-09T06:05:56Z,110181652,explore,fun-with-friends,60,1604
2026-10-09T06:05:56Z,10765582175,explore,fun-with-friends,61,9400
2026-10-09T06:05:56Z,10126644530,explore,fun-with-friends,62,7460
2026-10-09T06:05:56Z,4568630521,explore,fun-with-friends,63,3333
2026-10-09T06:05:56Z,3240075297,explore,fun-with-friends,64,16096
2026-10-09T06:05:56Z,7856039629,explore,fun-with-friends,65,3884
2026-10-09T06:05:56Z,3508322461,explore,fun-with-friends,66,81646
2026-10-09T06:05:56Z,6504986360,explore,fun-with-friends,67,6873
2026-10-09T06:05:56Z,2471084,explore,fun-with-friends,68,4945
2026-10-09T06:05:56Z,7970033072,explore,fun-with-friends,69,1029
2026-10-09T06:05:56Z,7219654364,explore,fun-with-friends,70,21237
2026-10-09T06:05:56Z,245662005,explore,fun-with-friends,71,4830
2026-10-09T06:05:56Z,3808081382,explore,fun-with-friends,72,39709
2026-10-09T06:05:56Z,4181957649,explore,fun-with-friends,73,1944
2026-10-09T06:05:56Z,10765927544,explore,fun-with-friends,74,667
2026-10-09T06:05:56Z,10504918958,explore,fun-with-friends,75,1418
2026-10-09T06:05:56Z,10526853622,explore,fun-with-friends,76,6514
2026-10-09T06:05:56Z,9582986239,explore,fun-with-friends,77,3066
2026-10-09T06:05:56Z,210851291,explore,fun-with-friends,78,8915
2026-10-09T06:05:56Z,10261267004,explore,fun-with-friends,79,10723
2026-10-09T06:05:56Z,10533638982,explore,fun-with-friends,80,1964
2026-10-09T06:05:56Z,6331902150,explore,fun-with-friends,81,37055
2026-10-09T06:05:56Z,1087859240,explore,fun-with-friends,82,1062
2026-10-09T06:05:56Z,4777817887,explore,fun-with-friends,83,12672
2026-10-09T06:05:56Z,1312971993,explore,fun-with-friends,84,1523
2026-10-09T06:05:56Z,65241,explore,fun-with-friends,85,5766
2026-10-09T06:05:56Z,5569032992,explore,top-revisited,1,95255
2026-10-09T06:05:56Z,5599532653,explore,top-revisited,2,472
2026-10-09T06:05:56Z,6945584306,explore,top-revisited,3,5617
2026-10-09T06:05:56Z,1946714362,explore,top-revisited,4,1283
2026-10-09T06:05:56Z,1087859240,explore,top-revisited,5,1058
2026-10-09T06:05:56Z,5039839070,explore,top-revisited,6,4038
2026-10-09T06:05:56Z,5578556129,explore,top-revisited,7,23543
2026-10-09T06:05:56Z,3508322461,explore,top-revisited,8,81646
2026-10-09T06:05:56Z,4150150482,explore,top-revisited,9,514
2026-10-09T06:05:56Z,10422038064,explore,top-revisited,10,1241
2026-10-09T06:05:56Z,8824087733,explore,top-revisited,11,80
2026-10-09T06:05:56Z,7613921865,explore,top-revisited,12,6265
2026-10-09T06:05:56Z,10502841145,explore,top-revisited,13,10398
2026-10-09T06:05:56Z,3541611379,explore,top-revisited,14,3655
2026-10-09T06:05:56Z,6190071862,explore,top-revisited,15,1515
2026-10-09T06:05:56Z,9219838330,explore,top-revisited,16,350
2026-10-09T06:05:56Z,3359505957,explore,top-revisited,17,2859
2026-10-09T06:05:56Z,4743794878,explore,top-revisited,18,266
2026-10-09T06:05:56Z,5361032378,explore,top-revisited,19,33128
2026-10-09T06:05:56Z,10737656087,explore,top-revisited,20,4839
2026-10-09T06:05:56Z,9865604662,explore,top-revisited,21,15
2026-10-09T06:05:56Z,7882785167,explore,top-revisited,22,1595
2026-10-09T06:05:56Z,5750914919,explore,top-revisited,23,55573
2026-10-09T06:05:56Z,8333899831,explore,top-revisited,24,206
2026-10-09T06:05:56Z,3747388906,explore,top-revisited,25,481
2026-10-09T06:05:56Z,114967577,explore,top-revisited,26,485
2026-10-09T06:05:56Z,4260784961,explore,top-revisited,27,30
2026-10-09T06:05:56Z,10762636904,explore,top-revisited,28,2646
2026-10-09T06:05:56Z,10563114921,explore,top-revisited,29,1392295
2026-10-09T06:05:56Z,5488708927,explore,top-revisited,30,184
2026-10-09T06:05:56Z,9931749389,explore,top-revisited,31,5126
2026-10-09T06:05:56Z,578392296,explore,top-revisited,32,12135
2026-10-09T06:05:56Z,648454481,explore,top-revisited,33,15519
2026-10-09T06:05:56Z,8524572339,explore,top-revisited,34,1952
2026-10-09T06:05:56Z,6331902150,explore,top-revisited,35,37472
2026-10-09T06:05:56Z,3064619271,explore,top-revisited,36,312
2026-10-09T06:05:56Z,994732206,explore,top-revisited,37,140397
2026-10-09T06:05:56Z,4342047058,explore,top-revisited,38,7581
2026-10-09T06:05:56Z,9046580625,explore,top-revisited,39,50
2026-10-09T06:05:56Z,2682938349,explore,top-revisited,40,2105
2026-10-09T06:05:56Z,3936365689,explore,top-revisited,41,1492
2026-10-09T06:05:56Z,3837114739,explore,top-revisited,42,368
2026-10-09T06:05:56Z,1374118848,explore,top-revisited,43,490
2026-10-09T06:05:56Z,6504986360,explore,top-revisited,44,6881
2026-10-09T06:05:56Z,3913007563,explore,top-revisited,45,1954
2026-10-09T06:05:56Z,9948575164,explore,top-revisited,46,1608
2026-10-09T06:05:56Z,383310974,explore,top-revisited,47,140596
2026-10-09T06:05:56Z,2640407187,explore,top-revisited,48,4408
2026-10-09T06:05:56Z,6925303818,explore,top-revisited,49,494
2026-10-09T06:05:56Z,10090818841,explore,top-revisited,50,290
2026-10-09T06:05:56Z,5315312115,explore,top-revisited,51,245
2026-10-09T06:05:56Z,3289847355,explore,top-revisited,52,236
2026-10-09T06:05:56Z,1831550657,explore,top-revisited,53,11711
2026-10-09T06:05:56Z,3478678937,explore,top-revisited,54,162
2026-10-09T06:05:56Z,2765784373,explore,top-revisited,55,2655
2026-10-09T06:05:56Z,9965411707,explore,top-revisited,56,3116
2026-10-09T06:05:56Z,10765927544,explore,top-revisited,57,667
2026-10-09T06:05:56Z,7178032757,explore,top-revisited,58,4917
2026-10-09T06:05:56Z,10452420697,explore,top-revisited,59,58
2026-10-09T06:05:56Z,7350402084,explore,top-revisited,60,290
2026-10-09T06:05:56Z,3047037061,explore,top-revisited,61,1186
2026-10-09T06:05:56Z,10393438342,explore,top-revisited,62,3327
2026-10-09T06:05:56Z,6035872082,explore,top-revisited,63,101274
2026-10-09T06:05:56Z,3808081382,explore,top-revisited,64,39371
2026-10-09T06:05:56Z,9229146348,explore,top-revisited,65,364
2026-10-09T06:05:56Z,3634139746,explore,top-revisited,66,588
2026-10-09T06:05:56Z,10638048650,explore,top-revisited,67,392
2026-10-09T06:05:56Z,6280758286,explore,top-revisited,68,833
2026-10-09T06:05:56Z,9362896961,explore,top-revisited,69,3271
2026-10-09T06:05:56Z,1531130248,explore,top-revisited,70,1666
2026-10-09T06:05:56Z,10491385664,explore,top-revisited,71,232
2026-10-09T06:05:56Z,10428543942,explore,top-revisited,72,283
2026-10-09T06:05:56Z,10764627709,explore,top-revisited,73,60060
2026-10-09T06:05:56Z,6931042565,explore,top-revisited,74,34722
2026-10-09T06:05:56Z,6682487255,explore,top-revisited,75,4855
2026-10-09T06:05:56Z,1316421563,explore,top-revisited,76,207
2026-10-09T06:05:56Z,4938220315,explore,top-revisited,77,1179
2026-10-09T06:05:56Z,1494262959,explore,top-revisited,78,1357
2026-10-09T06:05:56Z,6765805766,explore,top-revisited,79,21718
2026-10-09T06:05:56Z,5125369493,explore,top-revisited,80,2302
2026-10-09T06:05:56Z,7219654364,explore,top-revisited,81,21237
2026-10-09T06:05:56Z,1054526971,explore,top-revisited,82,3436
2026-10-09T06:05:56Z,7931158824,explore,top-revisited,83,142
2026-10-09T06:05:56Z,7444113888,explore,top-revisited,84,49
2026-10-09T06:05:56Z,10563114921,explore,top-earning,1,1392295
2026-10-09T06:05:56Z,994732206,explore,top-earning,2,140397
2026-10-09T06:05:56Z,383310974,explore,top-earning,3,140596
2026-10-09T06:05:56Z,6035872082,explore,top-earning,4,101274
2026-10-09T06:05:56Z,5595353122,explore,top-earning,5,53465
2026-10-09T06:05:56Z,4777817887,explore,top-earning,6,12672
2026-10-09T06:05:56Z,5569032992,explore,top-earning,7,95225
2026-10-09T06:05:56Z,5750914919,explore,top-earning,8,55532
2026-10-09T06:05:56Z,3508322461,explore,top-earning,9,81646
2026-10-09T06:05:56Z,3317771874,explore,top-earning,10,45676
2026-10-09T06:05:56Z,10765012427,explore,top-earning,11,11915
2026-10-09T06:05:56Z,9534705677,explore,top-earning,12,18197
2026-10-09T06:05:56Z,648454481,explore,top-earning,13,15519
2026-10-09T06:05:56Z,66654135,explore,top-earning,14,103905
2026-10-09T06:05:56Z,10684750879,explore,top-earning,15,37124
2026-10-09T06:05:56Z,6931042565,explore,top-earning,16,34722
2026-10-09T06:05:56Z,2440500124,explore,top-earning,17,24811
2026-10-09T06:05:56Z,10035204815,explore,top-earning,18,83485
2026-10-09T06:05:56Z,10708913337,explore,top-earning,19,54493
2026-10-09T06:05:56Z,1176784616,explore,top-earning,20,8605
2026-10-09T06:05:56Z,578392296,explore,top-earning,21,12135
2026-10-09T06:05:56Z,4750561026,explore,top-earning,22,5157
2026-10-09T06:05:56Z,10764627709,explore,top-earning,23,59842
2026-10-09T06:05:56Z,6331902150,explore,top-earning,24,37472
2026-10-09T06:05:56Z,3541611379,explore,top-earning,25,3655
2026-10-09T06:05:56Z,10732236937,explore,top-earning,26,7445
2026-10-09T06:05:56Z,5995470825,explore,top-earning,27,17446
2026-10-09T06:05:56Z,10258991999,explore,top-earning,28,16259
2026-10-09T06:05:56Z,2619619496,explore,top-earning,29,21486
2026-10-09T06:05:56Z,7326934954,explore,top-earning,30,167693
2026-10-09T06:05:56Z,10436530264,explore,top-earning,31,23803
2026-10-09T06:05:56Z,9891331827,explore,top-earning,32,3473
2026-10-09T06:05:56Z,9837612476,explore,top-earning,33,7171
2026-10-09T06:05:56Z,9931749389,explore,top-earning,34,5126
2026-10-09T06:05:56Z,1831550657,explore,top-earning,35,11711
2026-10-09T06:05:56Z,10685282333,explore,top-earning,36,28769
2026-10-09T06:05:56Z,1686885941,explore,top-earning,37,224381
2026-10-09T06:05:56Z,9584852943,explore,top-earning,38,46625
2026-10-09T06:05:56Z,1016936714,explore,top-earning,39,5229
2026-10-09T06:05:56Z,7633926880,explore,top-earning,40,7137
2026-10-09T06:05:56Z,88070565,explore,top-earning,41,16875
2026-10-09T06:05:56Z,1235188606,explore,top-earning,42,4874
2026-10-09T06:05:56Z,7264587281,explore,top-earning,43,2237
2026-10-09T06:05:56Z,903807016,explore,top-earning,44,3398
2026-10-09T06:05:56Z,5203828273,explore,top-earning,45,29967
2026-10-09T06:05:56Z,10173311467,explore,top-earning,46,6573
2026-10-09T06:05:56Z,1946714362,explore,top-earning,47,1283
2026-10-09T06:05:56Z,10643795368,explore,top-earning,48,4034
2026-10-09T06:05:56Z,3808081382,explore,top-earning,49,39709
2026-10-09T06:05:56Z,10148749921,explore,top-earning,50,24870
2026-10-09T06:05:56Z,7709344486,explore,top-earning,51,76617
2026-10-09T06:05:56Z,10756011174,explore,top-earning,52,10052
2026-10-09T06:05:56Z,10512942223,explore,top-earning,53,39274
2026-10-09T06:05:56Z,5578556129,explore,top-earning,54,23583
2026-10-09T06:05:56Z,4658598196,explore,top-earning,55,11181
2026-10-09T06:05:56Z,3990106548,explore,top-earning,56,4732
2026-10-09T06:05:56Z,6682487255,explore,top-earning,57,4855
2026-10-09T06:05:56Z,10700618962,explore,top-earning,58,7908
2026-10-09T06:05:56Z,10765298801,explore,top-earning,59,34897
2026-10-09T06:05:56Z,10261267004,explore,top-earning,60,10794
2026-10-09T06:05:56Z,3183403065,explore,top-earning,61,1836
2026-10-09T06:05:56Z,1516533665,explore,top-earning,62,7510
2026-10-09T06:05:56Z,10667357873,explore,top-earning,63,6819
2026-10-09T06:05:56Z,1526814825,explore,top-earning,64,5350
2026-10-09T06:05:56Z,5361032378,explore,top-earning,65,33128
2026-10-09T06:05:56Z,7585140258,explore,top-earning,66,8032
2026-10-09T06:05:56Z,10741792653,explore,top-earning,67,2154
2026-10-09T06:05:56Z,601130232,explore,top-earning,68,24595
2026-10-09T06:05:56Z,6749060816,explore,top-earning,69,4191
2026-10-09T06:05:56Z,3936365689,explore,top-earning,70,1492
2026-10-09T06:05:56Z,6945584306,explore,top-earning,71,5506
2026-10-09T06:05:56Z,9641502068,explore,top-earning,72,7992
2026-10-09T06:05:56Z,4991126644,explore,top-earning,73,696
2026-10-09T06:05:56Z,10636331438,explore,top-earning,74,6934
2026-10-09T06:05:56Z,10282097014,explore,top-earning,75,12219
2026-10-09T06:05:56Z,9855761734,explore,top-earning,76,7808
2026-10-09T06:05:56Z,10155360168,explore,top-earning,77,27821
2026-10-09T06:05:56Z,10624691669,explore,top-earning,78,7518
2026-10-09T06:05:56Z,6760085372,explore,top-earning,79,4379
2026-10-09T06:05:56Z,10039889230,explore,top-earning,80,6906
2026-10-09T06:05:56Z,3647333358,explore,top-earning,81,32920
2026-10-09T06:05:56Z,7028566528,explore,top-earning,82,5921
2026-10-09T06:05:56Z,7265339759,explore,top-earning,83,682
2026-10-09T06:05:56Z,7008097940,explore,top-earning,84,8131
2026-10-09T06:05:56Z,371263894,explore,top-earning,85,3456
2026-10-09T06:05:56Z,321778215,explore,top-earning,86,5136
2026-10-09T06:05:56Z,10765288803,explore,top-earning,87,125557
2026-10-09T06:05:56Z,1390601379,explore,top-earning,88,1460
2026-10-09T06:05:56Z,245662005,explore,top-earning,89,4830
2026-10-09T06:05:56Z,8524572339,explore,top-earning,90,1957
2026-10-09T06:05:56Z,10552240401,explore,top-earning,91,3846
2026-10-09T06:05:56Z,10748543623,explore,top-earning,92,2601
2026-10-09T06:05:56Z,10740316645,explore,top-earning,93,7520
2026-10-09T06:05:56Z,10759638075,explore,top-earning,94,5156
2026-10-09T06:05:56Z,10675117523,explore,top-earning,95,12419
2026-10-09T06:05:56Z,6701277882,explore,top-earning,96,74080
2026-10-09T06:05:56Z,7395930870,explore,top-earning,97,8598
2026-10-09T06:05:56Z,113491250,explore,top-earning,98,1876
2026-10-09T06:05:56Z,9582986239,explore,top-earning,99,3066
2026-10-09T06:05:56Z,10321202755,explore,top-earning,100,6115
2026-10-09T06:05:56Z,6504986360,explore,top-earning,101,6881
2026-10-09T06:05:56Z,2682938349,explore,top-earning,102,2063
2026-10-09T06:05:56Z,3110388936,explore,top-earning,103,1839
2026-10-09T06:05:56Z,184199275,explore,top-earning,104,7112
2026-10-09T06:05:56Z,10717002748,explore,top-earning,105,2510
2026-10-09T06:05:56Z,6325068386,explore,top-earning,106,8955
2026-10-09T06:05:56Z,10737656087,explore,top-earning,107,4993
2026-10-09T06:05:56Z,7219654364,explore,top-earning,108,21237
2026-10-09T06:05:56Z,9872734936,explore,top-earning,109,3997
2026-10-09T06:05:56Z,10766812776,explore,top-earning,110,2033
2026-10-09T06:05:56Z,10765582175,explore,top-earning,111,9400
2026-10-09T06:05:56Z,10532995815,explore,top-earning,112,4353
2026-10-09T06:05:56Z,10246108265,explore,top-earning,113,2951
2026-10-09T06:05:56Z,7970033072,explore,top-earning,114,1029
2026-10-09T06:05:56Z,2527789729,explore,top-earning,115,1953
2026-10-09T06:05:56Z,1202096104,explore,top-earning,116,17453
2026-10-09T06:05:56Z,9051406594,explore,top-earning,117,6973
2026-10-09T06:05:56Z,9656201728,explore,top-earning,118,1165
2026-10-09T06:05:56Z,5166944221,explore,top-earning,119,3997
2026-10-09T06:05:56Z,10231502419,explore,top-earning,120,2596
2026-10-09T06:05:56Z,9880286438,explore,top-earning,121,6545
2026-10-09T06:05:56Z,8520148363,explore,top-earning,122,3195
2026-10-09T06:05:56Z,9551044479,explore,top-earning,123,2430
2026-10-09T06:05:56Z,1278035280,explore,top-earning,124,3057
2026-10-09T06:05:56Z,2380077519,explore,top-earning,125,5117
2026-10-09T06:05:56Z,985731078,explore,top-earning,126,1388
2026-10-09T06:05:56Z,9796898051,explore,top-earning,127,12128
2026-10-09T06:05:56Z,10529769390,explore,top-earning,128,6923
2026-10-09T06:05:56Z,6765805766,explore,top-earning,129,21732
2026-10-09T06:05:56Z,1494262959,explore,top-earning,130,1357
2026-10-09T06:05:56Z,10526853622,explore,top-earning,131,6514
2026-10-09T06:05:56Z,1525626450,explore,top-earning,132,2943
2026-10-09T06:05:56Z,2992873140,explore,top-earning,133,2302
2026-10-09T06:05:56Z,10541331578,explore,top-earning,134,1173
2026-10-09T06:05:56Z,7089588429,explore,top-earning,135,33715
2026-10-09T06:05:56Z,10200395747,explore,top-earning,136,2873
2026-10-09T06:05:56Z,9910245722,explore,top-earning,137,3213
2026-10-09T06:05:56Z,7436755782,explore,top-earning,138,17553
2026-10-09T06:05:56Z,10440833423,explore,top-earning,139,2295
2026-10-09T06:05:56Z,10648555380,explore,top-earning,140,221
2026-10-09T06:05:56Z,10431718987,explore,top-earning,141,2492
2026-10-09T06:05:56Z,10759337137,explore,top-earning,142,4664
2026-10-09T06:05:56Z,2309918273,explore,top-earning,143,883
2026-10-09T06:05:56Z,7883776681,explore,top-earning,144,6144
2026-10-09T06:05:56Z,7613921865,explore,top-earning,145,6272
2026-10-09T06:05:56Z,8640389608,explore,top-earning,146,256
2026-10-09T06:05:56Z,1054526971,explore,top-earning,147,3407
2026-10-09T06:05:56Z,2251388500,explore,top-earning,148,1312
2026-10-09T06:05:56Z,850110028,explore,top-earning,149,2253
2026-10-09T06:05:56Z,10552540426,explore,top-earning,150,1070
2026-10-09T06:05:56Z,7094518649,explore,top-earning,151,6069
2026-10-09T06:05:56Z,9970645639,explore,top-earning,152,6505
2026-10-09T06:05:56Z,10116272705,explore,top-earning,153,7105
2026-10-09T06:05:56Z,1268927906,explore,top-earning,154,5531
2026-10-09T06:05:56Z,10742937135,explore,top-earning,155,2105
2026-10-09T06:05:56Z,10550257968,explore,top-earning,156,9557
2026-10-09T06:05:56Z,1008451066,explore,top-earning,157,2096
2026-10-09T06:05:56Z,10765950109,explore,top-earning,158,3256
2026-10-09T06:05:56Z,1782832995,explore,top-earning,159,1001
2026-10-09T06:05:56Z,210851291,explore,top-earning,160,8908
2026-10-09T06:05:56Z,4987856151,explore,top-earning,161,5081
2026-10-09T06:05:56Z,10764887435,explore,top-earning,162,1050
2026-10-09T06:05:56Z,4931927012,explore,top-earning,163,2744
2026-10-09T06:05:56Z,7673659635,explore,top-earning,164,1161
2026-10-09T06:05:56Z,5026122481,explore,top-earning,165,2719
2026-10-09T06:05:56Z,10230942274,explore,top-earning,166,6132
2026-10-09T06:05:56Z,10399136326,explore,top-earning,167,10258
2026-10-09T06:05:56Z,10741654282,explore,top-earning,168,17277
2026-10-09T06:05:56Z,4568630521,explore,top-earning,169,3333
2026-10-09T06:05:56Z,10673920146,explore,top-earning,170,9031
2026-10-09T06:05:56Z,10415845204,explore,top-earning,171,2285
2026-10-09T06:05:56Z,9561553764,explore,top-earning,172,8490
2026-10-09T06:05:56Z,10424107160,explore,top-earning,173,3407
2026-10-09T06:05:56Z,1802741133,explore,top-earning,174,2065
2026-10-09T06:05:56Z,1451439645,explore,top-earning,175,6176
2026-10-09T06:05:56Z,3164075108,explore,top-earning,176,1948
2026-10-09T06:05:56Z,5422546686,explore,top-earning,177,1298
2026-10-09T06:05:56Z,2788648141,explore,top-earning,178,1571
2026-10-09T06:05:56Z,3747388906,explore,top-earning,179,472
2026-10-09T06:05:56Z,10766008884,explore,top-earning,180,7841
2026-10-09T06:05:56Z,10430019389,explore,top-earning,181,4560
2026-10-09T06:05:56Z,8829204428,explore,top-earning,182,1374
2026-10-09T06:05:56Z,10765902945,explore,top-earning,183,4663
2026-10-09T06:05:56Z,10765013362,explore,top-earning,184,7763
2026-10-09T06:05:56Z,10634461028,explore,top-earning,185,4812
2026-10-09T06:05:56Z,6061766680,explore,top-earning,186,2786
2026-10-09T06:05:56Z,10504918958,explore,top-earning,187,1397
2026-10-09T06:05:56Z,4730278139,explore,top-earning,188,9943
2026-10-09T06:05:56Z,10577588270,explore,top-earning,189,2212
2026-10-09T06:05:56Z,4983034985,explore,top-earning,190,6338
2026-10-09T06:05:56Z,6215986499,explore,top-earning,191,550
2026-10-09T06:05:56Z,10075660664,explore,top-earning,192,296
2026-10-09T06:05:56Z,7629331599,explore,top-earning,193,4924
2026-10-09T06:05:56Z,10762175328,explore,top-earning,194,215
2026-10-09T06:05:56Z,10533638982,explore,top-earning,195,1964
2026-10-09T06:05:56Z,10765579304,explore,top-earning,196,824
2026-10-09T06:05:56Z,8618660961,explore,top-earning,197,905
2026-10-09T06:05:56Z,703124385,explore,top-earning,198,21344
2026-10-09T06:05:56Z,1742264997,explore,top-earning,199,999
2026-10-09T06:05:56Z,9788139379,explore,top-earning,200,2115
2026-10-09T06:05:56Z,10753751277,explore,top-earning,201,10592
2026-10-09T06:05:56Z,10765167636,explore,top-earning,202,2519
2026-10-09T06:05:56Z,10767582899,explore,top-earning,203,4268
2026-10-09T06:05:56Z,4420562665,explore,top-earning,204,6638
2026-10-09T06:05:56Z,4793836769,explore,top-earning,205,2970
2026-10-09T06:05:56Z,7934320560,explore,top-earning,206,1741
2026-10-09T06:05:56Z,10566677406,explore,top-earning,207,2963
2026-10-09T06:05:56Z,65241,explore,top-earning,208,5766
2026-10-09T06:05:56Z,5650396773,explore,top-earning,209,8248
2026-10-09T06:05:56Z,9662130710,explore,top-earning,210,1877
2026-10-09T06:05:56Z,9940812243,explore,top-earning,211,2598
2026-10-09T06:05:56Z,6161049307,explore,top-earning,212,4631
2026-10-09T06:05:56Z,4457060041,explore,top-earning,213,572
2026-10-09T06:05:56Z,10765708310,explore,top-earning,214,433
2026-10-09T06:05:56Z,9885372266,explore,top-earning,215,2721
2026-10-09T06:05:56Z,10031505426,explore,top-earning,216,3686
2026-10-09T06:05:56Z,10765067592,explore,top-earning,217,4273
2026-10-09T06:05:56Z,10762636904,explore,top-earning,218,2646
2026-10-09T06:05:56Z,31970568,explore,top-earning,219,2331
2026-10-09T06:05:56Z,6048923315,explore,top-earning,220,828
2026-10-09T06:05:56Z,10502841145,explore,top-earning,221,10398
2026-10-09T06:05:56Z,6739698191,explore,top-earning,222,56739
2026-10-09T06:05:56Z,9324081218,explore,top-earning,223,128
2026-10-09T06:05:56Z,10031562156,explore,top-earning,224,2706
2026-10-09T06:05:56Z,10765751583,explore,top-earning,225,2302
2026-10-09T06:05:56Z,10004244222,explore,top-earning,226,15626
2026-10-09T06:05:56Z,2862098693,explore,top-earning,227,1461
2026-10-09T06:05:56Z,4938220315,explore,top-earning,228,1172
2026-10-09T06:05:56Z,4348829796,explore,top-earning,229,5543
2026-10-09T06:05:56Z,10762388019,explore,top-earning,230,4766
2026-10-09T06:05:56Z,3405618667,explore,top-earning,231,1653
2026-10-09T06:05:56Z,10765091041,explore,top-earning,232,2912
2026-10-09T06:05:56Z,10764883692,explore,top-earning,233,759
2026-10-09T06:05:56Z,4201418016,explore,top-earning,234,431
2026-10-09T06:05:56Z,9826885587,explore,top-earning,235,4445
2026-10-09T06:05:56Z,2783797267,explore,top-earning,236,5826
2026-10-09T06:05:56Z,3634139746,explore,top-earning,237,588
2026-10-09T06:05:56Z,10389762549,explore,top-earning,238,1201
2026-10-09T06:05:56Z,9312646406,explore,top-earning,239,1434
2026-10-09T06:05:56Z,10199301628,explore,top-earning,240,6015
2026-10-09T06:05:56Z,6726637224,explore,top-earning,241,1680
2026-10-09T06:05:56Z,10298144467,explore,top-earning,242,1829
2026-10-09T06:05:56Z,4342047058,explore,top-earning,243,7581
2026-10-09T06:05:56Z,2139712082,explore,top-earning,244,454
2026-10-09T06:05:56Z,6336741296,explore,top-earning,245,1838
2026-10-09T06:05:56Z,47545,explore,top-earning,246,3930
2026-10-09T06:05:56Z,9362896961,explore,top-earning,247,3332
2026-10-09T06:05:56Z,3730079862,explore,top-earning,248,3237
2026-10-09T06:05:56Z,7359962123,explore,top-earning,249,2288
2026-10-09T06:05:56Z,73885730,explore,top-earning,250,4598
2026-10-09T06:05:56Z,9950184599,explore,top-earning,251,812
2026-10-09T06:05:56Z,10404519332,explore,top-earning,252,1342
2026-10-09T06:05:56Z,10124403207,explore,top-earning,253,359
2026-10-09T06:05:56Z,10263732883,explore,top-earning,254,1371
2026-10-09T06:05:56Z,7018190066,explore,top-earning,255,10376
2026-10-09T06:05:56Z,274816972,explore,top-earning,256,1681
2026-10-09T06:05:56Z,1511883870,explore,top-earning,257,2104
2026-10-09T06:05:56Z,10648640958,explore,top-earning,258,2161
2026-10-09T06:05:56Z,10593319486,explore,top-earning,259,1032
2026-10-09T06:05:56Z,2471084,explore,top-earning,260,4944
2026-10-09T06:05:56Z,10739044772,explore,top-earning,261,2388
2026-10-09T06:05:56Z,6100103590,explore,top-earning,262,576
2026-10-09T06:05:56Z,10475794799,explore,top-earning,263,3325
2026-10-09T06:05:56Z,10141042381,explore,top-earning,264,494
2026-10-09T06:05:56Z,6174994284,explore,top-earning,265,1674
2026-10-09T06:05:56Z,10501944811,explore,top-earning,266,1292
2026-10-09T06:05:56Z,1271059807,explore,top-earning,267,1085
2026-10-09T06:05:56Z,9073513091,explore,top-earning,268,1337
2026-10-09T06:05:56Z,10144587520,explore,top-earning,269,4548
2026-10-09T06:05:56Z,9317784977,explore,top-earning,270,1223
2026-10-09T06:05:56Z,5108158764,explore,top-earning,271,606
2026-10-09T06:05:56Z,6272727021,explore,top-earning,272,1723
2026-10-09T06:05:56Z,10761884278,explore,top-earning,273,83
2026-10-09T06:05:56Z,10452740285,explore,top-earning,274,2014
2026-10-09T06:05:56Z,10309128556,explore,top-earning,275,810
2026-10-09T06:05:56Z,7703614594,explore,top-earning,276,4055
2026-10-09T06:05:56Z,6375110339,explore,top-earning,277,1399
2026-10-09T06:05:56Z,3837114739,explore,top-earning,278,368
2026-10-09T06:05:56Z,110181652,explore,top-earning,279,1604
2026-10-09T06:05:56Z,10268960646,explore,top-earning,280,1294
2026-10-09T06:05:56Z,9167377564,explore,top-earning,281,16429
2026-10-09T06:05:56Z,10338952197,explore,top-earning,282,4329
2026-10-09T06:05:56Z,3419284255,explore,top-earning,283,1696
2026-10-09T06:05:56Z,10761200080,explore,top-earning,284,714
2026-10-09T06:05:56Z,10336278580,explore,top-earning,285,1890
2026-10-09T06:05:56Z,10768462078,explore,top-earning,286,1976
2026-10-09T06:05:56Z,10195997258,explore,top-earning,287,1794
2026-10-09T06:05:56Z,10393438342,explore,top-earning,288,3352
2026-10-09T06:05:56Z,10765190004,explore,top-earning,289,4375
2026-10-09T06:05:56Z,4673599750,explore,top-earning,290,3072
2026-10-09T06:05:56Z,10249209189,explore,top-earning,291,866
2026-10-09T06:05:56Z,10730414817,explore,top-earning,292,651
2026-10-09T06:05:56Z,10153098880,explore,top-earning,293,1703
2026-10-09T06:05:56Z,8719555347,explore,top-earning,294,9575
2026-10-09T06:05:56Z,3012965062,explore,top-earning,295,2822
2026-10-09T06:05:56Z,7450497506,explore,top-earning,296,1738
2026-10-09T06:05:56Z,10761143648,explore,top-earning,297,747
2026-10-09T06:05:56Z,7665084235,explore,top-earning,298,271
2026-10-09T06:05:56Z,2350840700,explore,top-earning,299,499
2026-10-09T06:05:56Z,892043755,explore,top-earning,300,2183
2026-10-09T06:05:56Z,7738524573,explore,top-earning,301,1245
2026-10-09T06:05:56Z,10761687472,explore,top-earning,302,2973
2026-10-09T06:05:56Z,21164849,explore,top-earning,303,2972
2026-10-09T06:05:56Z,7178032757,explore,top-earning,304,4917
2026-10-09T06:05:56Z,10439568447,explore,top-earning,305,2536
2026-10-09T06:05:56Z,9382839773,explore,top-earning,306,1507
2026-10-09T06:05:56Z,6324644175,explore,top-earning,307,3317
2026-10-09T06:05:56Z,10310999762,explore,top-earning,308,4420
2026-10-09T06:05:56Z,3457700596,explore,top-earning,309,2000
2026-10-09T06:05:56Z,9978329815,explore,top-earning,310,16219
2026-10-09T06:05:56Z,10767240772,explore,top-earning,311,2711
2026-10-09T06:05:56Z,10759430423,explore,top-earning,312,2856
2026-10-09T06:05:56Z,10759594563,explore,top-earning,313,1785
2026-10-09T06:05:56Z,10561166339,explore,top-earning,314,11396
2026-10-09T06:05:56Z,10631775021,explore,top-earning,315,2222
2026-10-09T06:05:56Z,4079077350,explore,top-earning,316,528
2026-10-09T06:05:56Z,358276974,explore,top-earning,317,2114
2026-10-09T06:05:56Z,7750955984,explore,top-earning,318,1021
2026-10-09T06:05:56Z,10766056678,explore,top-earning,319,22421
2026-10-09T06:05:56Z,9442472087,explore,top-earning,320,387
2026-10-09T06:05:56Z,9511454418,explore,top-earning,321,172
2026-10-09T06:05:56Z,9965411707,explore,top-earning,322,3116
2026-10-09T06:05:56Z,10764404786,explore,top-earning,323,1240
2026-10-09T06:05:56Z,10508386614,explore,top-earning,324,377
2026-10-09T06:05:56Z,10572887321,explore,top-earning,325,1769
2026-10-09T06:05:56Z,6466404775,explore,top-earning,326,3064
2026-10-09T06:05:56Z,98839997,explore,top-earning,327,247
2026-10-09T06:05:56Z,10209534490,explore,top-earning,328,2349
2026-10-09T06:05:56Z,7761516673,explore,top-earning,329,602
2026-10-09T06:05:56Z,1531130248,explore,top-earning,330,1666
2026-10-09T06:05:56Z,10767408330,explore,top-earning,331,13219
2026-10-09T06:05:56Z,3808223175,explore,top-earning,332,784
2026-10-09T06:05:56Z,2936053166,explore,top-earning,333,8767
2026-10-09T06:05:56Z,8356066619,explore,top-earning,334,1693
2026-10-09T06:05:56Z,10485201326,explore,top-earning,335,2106
2026-10-09T06:05:56Z,10764533320,explore,top-earning,336,2614
2026-10-09T06:05:56Z,10326559245,explore,top-earning,337,582
2026-10-09T06:05:56Z,10759478428,explore,top-earning,338,3041
2026-10-09T06:05:56Z,6786784563,explore,top-earning,339,1055
2026-10-09T06:05:56Z,6026405541,explore,top-earning,340,759
2026-10-09T06:05:56Z,8946565814,explore,top-earning,341,1914
2026-10-09T06:05:56Z,5829613337,explore,top-earning,342,1935
2026-10-09T06:05:56Z,10665420648,explore,top-earning,343,6610
2026-10-09T06:05:56Z,10471583973,explore,top-earning,344,1597
2026-10-09T06:05:56Z,911750776,explore,top-earning,345,1449
2026-10-09T06:05:56Z,10765686447,explore,top-earning,346,12174
2026-10-09T06:05:56Z,7101140819,explore,top-earning,347,496
2026-10-09T06:05:56Z,9067401541,explore,top-earning,348,391
2026-10-09T06:05:56Z,10556383571,explore,top-earning,349,1048
2026-10-09T06:05:56Z,10212081143,explore,top-earning,350,643
2026-10-09T06:05:56Z,10764479526,explore,top-earning,351,3371
2026-10-09T06:05:56Z,3512256796,explore,top-earning,352,1579
2026-10-09T06:05:56Z,9908641400,explore,top-earning,353,2460
2026-10-09T06:05:56Z,6770632849,explore,top-earning,354,446
2026-10-09T06:05:56Z,10762757054,explore,top-earning,355,4698
2026-10-09T06:05:56Z,2822776643,explore,top-earning,356,4340
2026-10-09T06:05:56Z,7414497778,explore,top-earning,357,1254
2026-10-09T06:05:56Z,9584946743,explore,top-earning,358,2772
2026-10-09T06:05:56Z,10628526114,explore,top-earning,359,2084
2026-10-09T06:05:56Z,2668101271,explore,top-earning,360,25851
2026-10-09T06:05:56Z,10524813259,explore,top-earning,361,1776
2026-10-09T06:05:56Z,10226261982,explore,top-earning,362,3698
2026-10-09T06:05:56Z,10074335448,explore,top-earning,363,442
2026-10-09T06:05:56Z,10589388621,explore,top-earning,364,367
2026-10-09T06:05:56Z,10138624079,explore,top-earning,365,6045
2026-10-09T06:05:56Z,6329693946,explore,top-earning,366,852
2026-10-09T06:05:56Z,10514223296,explore,top-earning,367,1449
2026-10-09T06:05:56Z,9348272796,explore,top-earning,368,5803
2026-10-09T06:05:56Z,7488668004,explore,top-earning,369,7021
2026-10-09T06:05:56Z,1720936166,explore,top-earning,370,2297
2026-10-09T06:05:56Z,1087859240,explore,top-earning,371,1058
2026-10-09T06:05:56Z,9098570654,explore,top-earning,372,6449
2026-10-09T06:05:56Z,9150731899,explore,top-earning,373,1164
2026-10-09T06:05:56Z,4582358979,explore,top-earning,374,1552
2026-10-09T06:05:56Z,10764297006,explore,top-earning,375,3703
2026-10-09T06:05:56Z,4778845442,explore,top-earning,376,3098
2026-10-09T06:05:56Z,2324662457,explore,top-earning,377,1322
2026-10-09T06:05:56Z,1165835263,explore,top-earning,378,244
2026-10-09T06:05:56Z,10463578886,explore,top-earning,379,675
2026-10-09T06:05:56Z,10445832507,explore,top-earning,380,619
2026-10-09T06:05:56Z,10648820673,explore,top-earning,381,7240
2026-10-09T06:05:56Z,1775919872,explore,top-earning,382,475
2026-10-09T06:05:56Z,10425789398,explore,top-earning,383,572
2026-10-09T06:05:56Z,10765799968,explore,top-earning,384,285
2026-10-09T06:05:56Z,10539411000,explore,top-earning,385,8639
2026-10-09T06:05:56Z,372226183,explore,top-earning,386,7629
2026-10-09T06:05:56Z,8497987845,explore,top-earning,387,1078
2026-10-09T06:05:56Z,10415694629,explore,top-earning,388,3714
2026-10-09T06:05:56Z,8964956538,explore,top-earning,389,1823
2026-10-09T06:05:56Z,8841437826,explore,top-earning,390,1401
2026-10-09T06:05:56Z,7882785167,explore,top-earning,391,1595
2026-10-09T06:05:56Z,98929893,explore,top-earning,392,896
2026-10-09T06:05:56Z,7108384194,explore,top-earning,393,6297
2026-10-09T06:05:56Z,1709917610,explore,top-earning,394,1167
2026-10-09T06:05:56Z,10324001605,explore,top-earning,395,2408
2026-10-09T06:05:56Z,4785982047,explore,top-earning,396,952
2026-10-09T06:05:56Z,10455462279,explore,top-earning,397,2080
2026-10-09T06:05:56Z,10398947938,explore,top-earning,398,543
2026-10-09T06:05:56Z,10529067596,explore,top-earning,399,1172
2026-10-09T06:05:56Z,10766494202,explore,top-earning,400,268
2026-10-09T06:05:56Z,6170143659,explore,top-earning,401,2760
2026-10-09T06:05:56Z,10667860714,explore,top-earning,402,308
2026-10-09T06:05:56Z,2640407187,explore,top-earning,403,4408
2026-10-09T06:05:56Z,8360491918,explore,top-earning,404,1328
2026-10-09T06:05:56Z,10757704931,explore,top-earning,405,1969
2026-10-09T06:05:56Z,10764897725,explore,top-earning,406,14151
2026-10-09T06:05:56Z,9112256336,explore,top-earning,407,545
2026-10-09T06:05:56Z,10619854384,explore,top-earning,408,704
2026-10-09T06:05:56Z,10759518799,explore,top-earning,409,3360
2026-10-09T06:05:56Z,5972059550,explore,top-earning,410,1296
2026-10-09T06:05:56Z,2092410051,explore,top-earning,411,989
2026-10-09T06:05:56Z,9996384072,explore,top-earning,412,1069
2026-10-09T06:05:56Z,6619936488,explore,top-earning,413,1490
2026-10-09T06:05:56Z,10187294555,explore,top-earning,414,1998
2026-10-09T06:05:56Z,10761375938,explore,top-earning,415,1704
2026-10-09T06:05:56Z,10522766429,explore,top-earning,416,188
2026-10-09T06:05:56Z,10698216738,explore,top-earning,417,3470
2026-10-09T06:05:56Z,6275120808,explore,top-earning,418,853
2026-10-09T06:05:56Z,1312971993,explore,top-earning,419,1523
2026-10-09T06:05:56Z,10590260635,explore,top-earning,420,1780
2026-10-09T06:05:56Z,10681914462,explore,top-earning,421,12547
2026-10-09T06:05:56Z,97314177,explore,top-earning,422,838
2026-10-09T06:05:56Z,10764967952,explore,top-earning,423,284
2026-10-09T06:05:56Z,9162763535,explore,top-earning,424,1216
2026-10-09T06:05:56Z,3170483284,explore,top-earning,425,211
2026-10-09T06:05:56Z,10612017628,explore,top-earning,426,2740
2026-10-09T06:05:56Z,1393178180,explore,top-earning,427,274
2026-10-09T06:05:56Z,10411998017,explore,top-earning,428,934
2026-10-09T06:05:56Z,10766257839,explore,top-earning,429,521
2026-10-09T06:05:56Z,7671049560,explore,top-earning,430,1457
2026-10-09T06:05:56Z,6069634717,explore,top-earning,431,1303
2026-10-09T06:05:56Z,10410945205,explore,top-earning,432,2108
2026-10-09T06:05:56Z,1001911915,explore,top-earning,433,727
2026-10-09T06:05:56Z,9794842226,explore,top-earning,434,329
2026-10-09T06:05:56Z,10626746750,explore,top-earning,435,381
2026-10-09T06:05:56Z,10766721625,explore,top-earning,436,13587
2026-10-09T06:05:56Z,10223976219,explore,top-earning,437,2972
2026-10-09T06:05:56Z,7274244096,explore,top-earning,438,3833
2026-10-09T06:05:56Z,10603011269,explore,top-earning,439,1141
2026-10-09T06:05:56Z,5576955991,explore,top-earning,440,868
2026-10-09T06:05:56Z,2644656496,explore,top-earning,441,819
2026-10-09T06:05:56Z,9219838330,explore,top-earning,442,350
2026-10-09T06:05:56Z,3365661357,explore,top-earning,443,499
2026-10-09T06:05:56Z,6443367640,explore,top-earning,444,6372
2026-10-09T06:05:56Z,3168615253,explore,top-earning,445,990
2026-10-09T06:05:56Z,1198533421,explore,top-earning,446,647
2026-10-09T06:05:56Z,10767826343,explore,top-earning,447,2082
2026-10-09T06:05:56Z,10299762956,explore,top-earning,448,656
2026-10-09T06:05:56Z,5091490171,explore,top-earning,449,1061
2026-10-09T06:05:56Z,8246907060,explore,top-earning,450,761
2026-10-09T06:05:56Z,3240075297,explore,top-earning,451,16045
2026-10-09T06:05:56Z,8198412649,explore,top-earning,452,691
2026-10-09T06:05:56Z,10514280922,explore,top-earning,453,587
2026-10-09T06:05:56Z,10404293465,explore,top-earning,454,157
2026-10-09T06:05:56Z,16680835,explore,top-earning,455,1578
2026-10-09T06:05:56Z,3308103880,explore,top-earning,456,4812
2026-10-09T06:05:56Z,10171934713,explore,top-earning,457,1329
2026-10-09T06:05:56Z,10421154706,explore,top-earning,458,783
2026-10-09T06:05:56Z,10741302505,explore,top-earning,459,2656
2026-10-09T06:05:56Z,10765279487,explore,top-earning,460,1439
2026-10-09T06:05:56Z,3666294218,explore,top-earning,461,594
2026-10-09T06:05:56Z,10162859180,explore,top-earning,462,2017
2026-10-09T06:05:56Z,10290675105,explore,top-earning,463,462
2026-10-09T06:05:56Z,1958807588,explore,top-earning,464,160
2026-10-09T06:05:56Z,10767824942,explore,top-earning,465,7729
2026-10-09T06:05:56Z,9141743926,explore,top-earning,466,2558
2026-10-09T06:05:56Z,8269273068,explore,top-earning,467,293
2026-10-09T06:05:56Z,10241783978,explore,top-earning,468,302
2026-10-09T06:05:56Z,7398552394,explore,top-earning,469,5686
2026-10-09T06:05:56Z,9949288829,explore,top-earning,470,700
2026-10-09T06:05:56Z,10466601694,explore,top-earning,471,631
2026-10-09T06:05:56Z,1374118848,explore,top-earning,472,490
2026-10-09T06:05:56Z,4666414595,explore,top-earning,473,243
2026-10-09T06:05:56Z,10390151142,explore,top-earning,474,598
2026-10-09T06:05:56Z,1946714362,explore,top-paid-access,1,1276
2026-10-09T06:05:56Z,3747388906,explore,top-paid-access,2,472
2026-10-09T06:05:56Z,2350840700,explore,top-paid-access,3,501
2026-10-09T06:05:56Z,10766694698,explore,top-paid-access,4,13
2026-10-09T06:05:56Z,10425789398,explore,top-paid-access,5,572
2026-10-09T06:05:56Z,1087859240,explore,top-paid-access,6,1058
2026-10-09T06:05:56Z,10582993047,explore,top-paid-access,7,39
2026-10-09T06:05:56Z,5851294352,explore,top-paid-access,8,262
2026-10-09T06:05:56Z,9549894418,explore,top-paid-access,9,86
2026-10-09T06:05:56Z,9320646231,explore,top-paid-access,10,56
2026-10-09T06:05:56Z,5383076404,explore,top-paid-access,11,21
2026-10-09T06:05:56Z,2254119010,explore,top-paid-access,12,75
2026-10-09T06:05:56Z,10452420697,explore,top-paid-access,13,58
2026-10-09T06:05:56Z,10007567876,explore,top-paid-access,14,43
2026-10-09T06:05:56Z,5497606909,explore,top-paid-access,15,186
2026-10-09T06:05:56Z,5286749994,explore,top-paid-access,16,100
2026-10-09T06:05:56Z,10440909815,explore,top-paid-access,17,20
2026-10-09T06:05:56Z,659118871,explore,top-paid-access,18,26
2026-10-09T06:05:56Z,6942586315,explore,top-paid-access,19,5
2026-10-09T06:05:56Z,7949002987,explore,top-paid-access,20,15
2026-10-09T06:05:56Z,10282569694,explore,top-paid-access,21,7
2026-10-09T06:05:56Z,7587104675,explore,top-paid-access,22,28
2026-10-09T06:05:56Z,5316084314,explore,top-paid-access,23,72
2026-10-09T06:05:56Z,5841858050,explore,top-paid-access,24,45
2026-10-09T06:05:56Z,10253700254,explore,top-paid-access,25,6
2026-10-09T06:05:56Z,10684538441,explore,top-paid-access,26,
2026-10-09T06:05:56Z,10743170026,explore,top-paid-access,27,8
2026-10-09T06:05:56Z,2416015385,explore,top-paid-access,28,36
2026-10-09T06:05:56Z,7448488942,explore,top-paid-access,29,11
2026-10-09T06:05:56Z,4289890765,explore,top-paid-access,30,47
2026-10-09T06:05:56Z,1467077046,explore,top-paid-access,31,
2026-10-09T06:05:56Z,8527834040,explore,top-paid-access,32,4
2026-10-09T06:05:56Z,85651869,explore,top-paid-access,33,24
2026-10-09T06:05:56Z,242453665,explore,top-paid-access,34,2
2026-10-09T06:05:56Z,10009533319,explore,top-paid-access,35,14
2026-10-09T06:05:56Z,4171073930,explore,top-paid-access,36,1
2026-10-09T06:05:56Z,4373521124,explore,top-paid-access,37,22
2026-10-09T06:05:56Z,4905293690,explore,top-paid-access,38,2
2026-10-09T06:05:56Z,8214342832,explore,top-paid-access,39,6
2026-10-09T06:05:56Z,324740367,explore,top-paid-access,40,48
2026-10-09T06:05:56Z,4064537489,explore,top-paid-access,41,3
2026-10-09T06:05:56Z,5364600678,explore,top-paid-access,42,2
2026-10-09T06:05:56Z,1147796911,explore,top-paid-access,43,13
2026-10-09T06:05:56Z,1579747797,explore,top-paid-access,44,12
2026-10-09T06:05:56Z,6497846997,explore,top-paid-access,45,15
2026-10-09T06:05:56Z,7273185020,explore,top-paid-access,46,1
2026-10-09T06:05:56Z,10764693801,explore,top-paid-access,47,1
2026-10-09T06:05:56Z,3219540889,explore,top-paid-access,48,9
2026-10-09T06:05:56Z,2535080489,explore,top-paid-access,49,
2026-10-09T06:05:56Z,6820035296,explore,top-paid-access,50,
2026-10-09T06:05:56Z,5721900060,explore,top-paid-access,51,
2026-10-09T06:05:56Z,2929752024,explore,top-paid-access,52,5
2026-10-09T06:05:56Z,3211189518,explore,top-paid-access,53,3
2026-10-09T06:05:56Z,3696887823,explore,top-paid-access,54,
2026-10-09T06:05:56Z,5553771095,explore,top-paid-access,55,2
2026-10-09T06:05:56Z,10485072019,explore,top-paid-access,56,
2026-10-09T06:05:56Z,10475919483,explore,top-paid-access,57,1
2026-10-09T06:05:56Z,7134571356,explore,top-paid-access,58,
2026-10-09T06:05:56Z,1250803741,explore,top-paid-access,59,5
2026-10-09T06:05:56Z,7674516670,explore,top-paid-access,60,
2026-10-09T06:05:56Z,3700393331,explore,top-paid-access,61,27
2026-10-09T06:05:56Z,152631806,explore,top-paid-access,62,4
2026-10-09T06:05:56Z,3827656431,explore,top-paid-access,63,
2026-10-09T06:05:56Z,1184233856,explore,top-paid-access,64,9
2026-10-09T06:05:56Z,10767752582,explore,top-paid-access,65,
2026-10-09T06:05:56Z,1663370770,explore,top-paid-access,66,21
2026-10-09T06:05:56Z,5210666193,explore,top-paid-access,67,15
2026-10-09T06:05:56Z,2610672811,explore,top-paid-access,68,
2026-10-09T06:05:56Z,9578166823,explore,top-paid-access,69,
2026-10-09T06:05:56Z,3087415864,explore,top-paid-access,70,
2026-10-09T06:05:56Z,9571642997,explore,top-paid-access,71,1
2026-10-09T06:05:56Z,10209534490,explore,top-rated,1,2316
2026-10-09T06:05:56Z,7028566528,explore,top-rated,2,5921
2026-10-09T06:05:56Z,4785982047,explore,top-rated,3,952
2026-10-09T06:05:56Z,10249209189,explore,top-rated,4,866
2026-10-09T06:05:56Z,10708913337,explore,top-rated,5,54375
2026-10-09T06:05:56Z,5800312217,explore,top-rated,6,229
2026-10-09T06:05:56Z,7703614594,explore,top-rated,7,4055
2026-10-09T06:05:56Z,7703544118,explore,top-rated,8,304
2026-10-09T06:05:56Z,7798947148,explore,top-rated,9,621
2026-10-09T06:05:56Z,10144280947,explore,top-rated,10,4083
2026-10-09T06:05:56Z,7848646653,explore,top-rated,11,336
2026-10-09T06:05:56Z,9091133975,explore,top-rated,12,2714
2026-10-09T06:05:56Z,3608732146,explore,top-rated,13,131
2026-10-09T06:05:56Z,5578556129,explore,top-rated,14,23583
2026-10-09T06:05:56Z,2644656496,explore,top-rated,15,814
2026-10-09T06:05:56Z,10081194651,explore,top-rated,16,612
2026-10-09T06:05:56Z,10368005384,explore,top-rated,17,590
2026-10-09T06:05:56Z,2655311011,explore,top-rated,18,351
2026-10-09T06:05:56Z,10039338037,explore,top-rated,19,206
2026-10-09T06:05:56Z,7640282930,explore,top-rated,20,89
2026-10-09T06:05:56Z,5595353122,explore,top-rated,21,53465
2026-10-09T06:05:56Z,6594435384,explore,top-rated,22,608
2026-10-09T06:05:56Z,9362896961,explore,top-rated,23,3332
2026-10-09T06:05:56Z,9970645639,explore,top-rated,24,6532
2026-10-09T06:05:56Z,8842956505,explore,top-rated,25,45
2026-10-09T06:05:56Z,9145063979,explore,top-rated,26,5313
2026-10-09T06:05:56Z,10253446435,explore,top-rated,27,923
2026-10-09T06:05:56Z,6925369391,explore,top-rated,28,189
2026-10-09T06:05:56Z,10561352230,explore,top-rated,29,1220
2026-10-09T06:05:56Z,6925303818,explore,top-rated,30,494
2026-10-09T06:05:56Z,9168386959,explore,top-rated,31,170
2026-10-09T06:05:56Z,9584852943,explore,top-rated,32,46625
2026-10-09T06:05:56Z,8786713187,explore,top-rated,33,629
2026-10-09T06:05:56Z,4795326392,explore,top-rated,34,954
2026-10-09T06:05:56Z,10440833423,explore,top-rated,35,2264
2026-10-09T06:05:56Z,10067258922,explore,top-rated,36,3345
2026-10-09T06:05:56Z,9792947201,explore,top-rated,37,364
2026-10-09T06:05:56Z,4793836769,explore,top-rated,38,2970
2026-10-09T06:05:56Z,7629884826,explore,top-rated,39,189
2026-10-09T06:05:56Z,8937254139,explore,top-rated,40,1247
2026-10-09T06:05:56Z,7474367816,explore,top-rated,41,4548
2026-10-09T06:05:56Z,9910245722,explore,top-rated,42,3206
2026-10-09T06:05:56Z,8191429227,explore,top-rated,43,49
2026-10-09T06:05:56Z,9155036056,explore,top-rated,44,1301
2026-10-09T06:05:56Z,6052033819,explore,top-rated,45,202
2026-10-09T06:05:56Z,10376944238,explore,top-rated,46,3165
2026-10-09T06:05:56Z,3808223175,explore,top-rated,47,781
2026-10-09T06:05:56Z,9893515490,explore,top-rated,48,260
2026-10-09T06:05:56Z,8214054500,explore,top-rated,49,665
2026-10-09T06:05:56Z,6325068386,explore,top-rated,50,8988
2026-10-09T06:05:56Z,6945584306,explore,top-rated,51,5617
2026-10-09T06:05:56Z,6720585148,explore,top-rated,52,69
2026-10-09T06:05:56Z,9141743926,explore,top-rated,53,2558
2026-10-09T06:05:56Z,8659262047,explore,top-rated,54,873
2026-10-09T06:05:56Z,10336278580,explore,top-rated,55,1890
2026-10-09T06:05:56Z,7074860883,explore,top-rated,56,240
2026-10-09T06:05:56Z,7332711118,explore,top-rated,57,1846
2026-10-09T06:05:56Z,8572854650,explore,top-rated,58,365
2026-10-09T06:05:56Z,9051406594,explore,top-rated,59,7003
2026-10-09T06:05:56Z,8283159479,explore,top-rated,60,60
2026-10-09T06:05:56Z,10123898404,explore,top-rated,61,90
2026-10-09T06:05:56Z,7618444254,explore,top-rated,62,73
2026-10-09T06:05:56Z,9382839773,explore,top-rated,63,1521
2026-10-09T06:05:56Z,9167377564,explore,top-rated,64,16300
2026-10-09T06:05:56Z,9619492068,explore,top-rated,65,159
2026-10-09T06:05:56Z,7332812970,explore,top-rated,66,184
2026-10-09T06:05:56Z,9754968779,explore,top-rated,67,267
2026-10-09T06:05:56Z,10173311467,explore,top-rated,68,6573
2026-10-09T06:05:56Z,4518160318,explore,top-rated,69,2367
2026-10-09T06:05:56Z,9384605736,explore,top-rated,70,572
2026-10-09T06:05:56Z,5166944221,explore,top-rated,71,3997
2026-10-09T06:05:56Z,5972059550,explore,top-rated,72,1272
2026-10-09T06:05:56Z,9294646427,explore,top-rated,73,854
2026-10-09T06:05:56Z,6216468795,explore,top-rated,74,228
2026-10-09T06:05:56Z,9793308933,explore,top-rated,75,811
2026-10-09T06:05:56Z,5295169598,explore,top-rated,76,350
2026-10-09T06:05:56Z,9485131494,explore,top-rated,77,1127
2026-10-09T06:05:56Z,5866227438,explore,top-rated,78,1602
2026-10-09T06:05:56Z,6161049307,explore,top-rated,79,4631
2026-10-09T06:05:56Z,10338952197,explore,top-rated,80,4329
2026-10-09T06:05:56Z,6935083490,explore,top-rated,81,716
2026-10-09T06:05:56Z,3476371299,explore,top-rated,82,367
2026-10-09T06:05:56Z,3608594708,explore,top-rated,83,1593
2026-10-09T06:05:56Z,3655030699,explore,top-rated,84,90
2026-10-09T06:05:56Z,3494556606,explore,top-rated,85,338
2026-10-09T06:05:56Z,6682487255,explore,top-rated,86,4855
2026-10-09T06:05:56Z,10253235584,explore,top-rated,87,1359
2026-10-09T06:05:56Z,10452740285,explore,top-rated,88,2014
2026-10-09T06:05:56Z,9837612476,explore,top-rated,89,7171
2026-10-09T06:05:56Z,9929086116,explore,top-rated,90,266
2026-10-09T06:05:56Z,7076793942,explore,top-rated,91,196
2026-10-09T06:05:56Z,6215986499,explore,top-rated,92,562
2026-10-09T06:05:56Z,10516888336,explore,top-rated,93,574
2026-10-09T06:05:56Z,7373459570,explore,top-rated,94,2036
2026-10-09T06:05:56Z,10168229420,explore,top-rated,95,292
2026-10-09T06:05:56Z,9784883402,explore,top-rated,96,103
2026-10-09T06:05:56Z,10219827882,explore,top-rated,97,453
2026-10-09T06:05:56Z,10051853469,explore,top-rated,98,416
2026-10-09T06:05:56Z,601130232,explore,top-rated,99,24595
2026-10-09T06:05:56Z,5170731021,explore,top-rated,100,443
2026-10-09T06:05:56Z,10563114921,explore,most-popular,1,1392295
2026-10-09T06:05:56Z,6035872082,explore,most-popular,2,101274
2026-10-09T06:05:56Z,3508322461,explore,most-popular,3,81229
2026-10-09T06:05:56Z,10764627709,explore,most-popular,4,60060
2026-10-09T06:05:56Z,66654135,explore,most-popular,5,103905
2026-10-09T06:05:56Z,994732206,explore,most-popular,6,140397
2026-10-09T06:05:56Z,2711375305,explore,most-popular,7,43832
2026-10-09T06:05:56Z,383310974,explore,most-popular,8,140596
2026-10-09T06:05:56Z,9584852943,explore,most-popular,9,46625
2026-10-09T06:05:56Z,1686885941,explore,most-popular,10,224381
2026-10-09T06:05:56Z,10035204815,explore,most-popular,11,83825
2026-10-09T06:05:56Z,3808081382,explore,most-popular,12,39371
2026-10-09T06:05:56Z,9534705677,explore,most-popular,13,18153
2026-10-09T06:05:56Z,7326934954,explore,most-popular,14,167693
2026-10-09T06:05:56Z,2440500124,explore,most-popular,15,24785
2026-10-09T06:05:56Z,5595353122,explore,most-popular,16,53595
2026-10-09T06:05:56Z,10685282333,explore,most-popular,17,28769
2026-10-09T06:05:56Z,703124385,explore,most-popular,18,21344
2026-10-09T06:05:56Z,5569032992,explore,most-popular,19,95225
2026-10-09T06:05:56Z,6931042565,explore,most-popular,20,34722
2026-10-09T06:05:56Z,10155360168,explore,most-popular,21,27821
2026-10-09T06:05:56Z,5750914919,explore,most-popular,22,55573
2026-10-09T06:05:56Z,5203828273,explore,most-popular,23,30132
2026-10-09T06:05:56Z,6331902150,explore,most-popular,24,37472
2026-10-09T06:05:56Z,7709344486,explore,most-popular,25,76617
2026-10-09T06:05:56Z,3647333358,explore,most-popular,26,32870
2026-10-09T06:05:56Z,7633926880,explore,most-popular,27,7055
2026-10-09T06:05:56Z,10765288803,explore,most-popular,28,125557
2026-10-09T06:05:56Z,4777817887,explore,most-popular,29,12630
2026-10-09T06:05:56Z,10624691669,explore,most-popular,30,7518
2026-10-09T06:05:56Z,10634461028,explore,most-popular,31,4812
2026-10-09T06:05:56Z,5995470825,explore,most-popular,32,17491
2026-10-09T06:05:56Z,10764613327,explore,most-popular,33,1908
2026-10-09T06:05:56Z,4750561026,explore,most-popular,34,5157
2026-10-09T06:05:56Z,10512942223,explore,most-popular,35,39274
2026-10-09T06:05:56Z,10665420648,explore,most-popular,36,6610
2026-10-09T06:05:56Z,2619619496,explore,most-popular,37,21484
2026-10-09T06:05:56Z,10684750879,explore,most-popular,38,37145
2026-10-09T06:05:56Z,10765012427,explore,most-popular,39,11811
2026-10-09T06:05:56Z,10765298801,explore,most-popular,40,34897
2026-10-09T06:05:56Z,10258991999,explore,most-popular,41,16259
2026-10-09T06:05:56Z,6739698191,explore,most-popular,42,56739
2026-10-09T06:05:56Z,7219654364,explore,most-popular,43,20525
2026-10-09T06:05:56Z,10708913337,explore,most-popular,44,54493
2026-10-09T06:05:56Z,10173311467,explore,most-popular,45,6573
2026-10-09T06:05:56Z,10767634248,explore,most-popular,46,16987
2026-10-09T06:05:56Z,10765582175,explore,most-popular,47,9400
2026-10-09T06:05:56Z,10090256806,explore,most-popular,48,1999
2026-10-09T06:05:56Z,10148749921,explore,most-popular,49,24651
2026-10-09T06:05:56Z,7398552394,explore,most-popular,50,5619
2026-10-09T06:05:56Z,10762388019,explore,most-popular,51,4766
2026-10-09T06:05:56Z,9641502068,explore,most-popular,52,7992
2026-10-09T06:05:56Z,10756011174,explore,most-popular,53,10052
2026-10-09T06:05:56Z,10673920146,explore,most-popular,54,9031
2026-10-09T06:05:56Z,10767012496,explore,most-popular,55,3646
2026-10-09T06:05:56Z,9294074907,explore,most-popular,56,13057
2026-10-09T06:05:56Z,10766056678,explore,most-popular,57,22421
2026-10-09T06:05:56Z,2668101271,explore,most-popular,58,25851
2026-10-09T06:05:56Z,10767922762,explore,most-popular,59,5066
2026-10-09T06:05:56Z,111958650,explore,most-popular,60,2381
2026-10-09T06:05:56Z,10766506199,explore,most-popular,61,12650
2026-10-09T06:05:56Z,1202096104,explore,most-popular,62,17453
2026-10-09T06:05:56Z,1176784616,explore,most-popular,63,8605
2026-10-09T06:05:56Z,10766390665,explore,most-popular,64,1301
2026-10-09T06:05:56Z,578392296,explore,most-popular,65,12135
2026-10-09T06:05:56Z,10759518799,explore,most-popular,66,3360
2026-10-09T06:05:56Z,7395930870,explore,most-popular,67,8554
2026-10-09T06:05:56Z,10436530264,explore,most-popular,68,23893
2026-10-09T06:05:56Z,10766687030,explore,most-popular,69,2572
2026-10-09T06:05:56Z,6325068386,explore,most-popular,70,8988
2026-10-09T06:05:56Z,4983034985,explore,most-popular,71,6338
2026-10-09T06:05:56Z,10526463655,explore,most-popular,72,4384
2026-10-09T06:05:56Z,210851291,explore,most-popular,73,8915
2026-10-09T06:05:56Z,10744310825,explore,most-popular,74,13361
2026-10-09T06:05:56Z,1516533665,explore,most-popular,75,7510
2026-10-09T06:05:56Z,6945584306,explore,most-popular,76,5617
2026-10-09T06:05:56Z,65241,explore,most-popular,77,5766
2026-10-09T06:05:56Z,10282097014,explore,most-popular,78,12219
2026-10-09T06:05:56Z,245662005,explore,most-popular,79,4830
2026-10-09T06:05:56Z,9891331827,explore,most-popular,80,3473
2026-10-09T06:05:56Z,113491250,explore,most-popular,81,1876
2026-10-09T06:05:56Z,88070565,explore,most-popular,82,16875
2026-10-09T06:05:56Z,10764640833,explore,most-popular,83,2433
2026-10-09T06:05:56Z,9561553764,explore,most-popular,84,8582
2026-10-09T06:05:56Z,10761687472,explore,most-popular,85,2973
2026-10-09T06:05:56Z,3317771874,explore,most-popular,86,45676
2026-10-09T06:05:56Z,601130232,explore,most-popular,87,24595
2026-10-09T06:05:56Z,4730278139,explore,most-popular,88,9805
2026-10-09T06:05:56Z,7585140258,explore,most-popular,89,8073
2026-10-09T06:05:56Z,5578556129,explore,most-popular,90,23583
2026-10-09T06:05:56Z,10765951887,explore,most-popular,91,1368
2026-10-09T06:05:56Z,4949420752,explore,most-popular,92,9129
2026-10-09T06:05:56Z,1831550657,explore,most-popular,93,11711
2026-10-09T06:05:56Z,1016936714,explore,most-popular,94,5229
2026-10-09T06:05:56Z,10667357873,explore,most-popular,95,6886
2026-10-09T06:05:56Z,9837612476,explore,most-popular,96,7096
2026-10-09T06:05:56Z,10767408330,explore,most-popular,97,13219
2026-10-09T06:05:56Z,372226183,explore,most-popular,98,7629
2026-10-09T06:05:56Z,10766357013,explore,try-build-games,1,6
2026-10-09T06:05:56Z,10766442514,explore,try-build-games,2,3
2026-10-09T06:05:56Z,10766760629,explore,try-build-games,3,2
2026-10-09T06:05:56Z,6919822640,explore,trending-music-experiences,1,146
2026-10-09T06:05:56Z,6983536246,explore,trending-music-experiences,2,458
2026-10-09T06:05:56Z,7307246329,explore,trending-music-experiences,3,350
2026-10-09T06:05:56Z,6596003198,explore,trending-music-experiences,4,191
2026-10-09T06:05:56Z,1917762467,explore,trending-music-experiences,5,16
2026-10-09T06:05:56Z,7430288939,explore,trending-music-experiences,6,125
2026-10-09T06:05:56Z,6957393054,explore,trending-music-experiences,7,11
2026-10-09T06:05:56Z,7893515528,explore,trending-music-experiences,8,101
2026-10-09T06:05:56Z,7113599041,explore,trending-music-experiences,9,122
2026-10-09T06:05:56Z,3232838484,explore,trending-music-experiences,10,255
2026-10-09T06:05:56Z,7411615879,explore,trending-music-experiences,11,447
2026-10-09T06:05:56Z,8058628992,explore,trending-music-experiences,12,313
2026-10-09T06:05:56Z,6273901846,explore,trending-music-experiences,13,44
2026-10-09T06:05:56Z,6970074970,explore,trending-music-experiences,14,26
2026-10-09T06:05:56Z,10512942223,explore,trending-in-rpg,1,39274
2026-10-09T06:05:56Z,9891331827,explore,trending-in-rpg,2,3507
2026-10-09T06:05:56Z,648454481,explore,trending-in-rpg,3,15422
2026-10-09T06:05:56Z,6161049307,explore,trending-in-rpg,4,4631
2026-10-09T06:05:56Z,1946714362,explore,trending-in-rpg,5,1283
2026-10-09T06:05:56Z,3110388936,explore,trending-in-rpg,6,1839
2026-10-09T06:05:56Z,10743048214,explore,trending-in-rpg,7,2506
2026-10-09T06:05:56Z,7458874788,explore,trending-in-rpg,8,329
2026-10-09T06:05:56Z,10768462078,explore,trending-in-rpg,9,1956
2026-10-09T06:05:56Z,1782832995,explore,trending-in-rpg,10,1001
2026-10-09T06:05:56Z,7671049560,explore,trending-in-rpg,11,1457
2026-10-09T06:05:56Z,3419284255,explore,trending-in-rpg,12,1696
2026-10-09T06:05:56Z,3756501373,explore,trending-in-rpg,13,2456
2026-10-09T06:05:56Z,380704901,explore,trending-in-rpg,14,571
2026-10-09T06:05:56Z,994732206,explore,trending-in-rpg,15,140397
2026-10-09T06:05:56Z,5595353122,explore,trending-in-rpg,16,53465
2026-10-09T06:05:56Z,1016936714,explore,trending-in-rpg,17,5229
2026-10-09T06:05:56Z,4658598196,explore,trending-in-rpg,18,11181
2026-10-09T06:05:56Z,9931749389,explore,trending-in-rpg,19,5126
2026-10-09T06:05:56Z,1235188606,explore,trending-in-rpg,20,4874
2026-10-09T06:05:56Z,1451439645,explore,trending-in-rpg,21,6176
2026-10-09T06:05:56Z,9880286438,explore,trending-in-rpg,22,6583
2026-10-09T06:05:56Z,6760085372,explore,trending-in-rpg,23,4379
2026-10-09T06:05:56Z,7359962123,explore,trending-in-rpg,24,2288
2026-10-09T06:05:56Z,9910245722,explore,trending-in-rpg,25,3213
2026-10-09T06:05:56Z,1511883870,explore,trending-in-rpg,26,2104
2026-10-09T06:05:56Z,3164075108,explore,trending-in-rpg,27,1948
2026-10-09T06:05:56Z,7970033072,explore,trending-in-rpg,28,1029
2026-10-09T06:05:56Z,9656201728,explore,trending-in-rpg,29,1165
2026-10-09T06:05:56Z,6931042565,explore,trending-in-sports-and-racing,1,34722
2026-10-09T06:05:56Z,10767012496,explore,trending-in-sports-and-racing,2,3646
2026-10-09T06:05:56Z,10526463655,explore,trending-in-sports-and-racing,3,4296
2026-10-09T06:05:56Z,7028566528,explore,trending-in-sports-and-racing,4,5921
2026-10-09T06:05:56Z,10739112966,explore,trending-in-sports-and-racing,5,3729
2026-10-09T06:05:56Z,184199275,explore,trending-in-sports-and-racing,6,7112
2026-10-09T06:05:56Z,10643877552,explore,trending-in-sports-and-racing,7,1659
2026-10-09T06:05:56Z,10481791182,explore,trending-in-sports-and-racing,8,1178
2026-10-09T06:05:56Z,6925303818,explore,trending-in-sports-and-racing,9,485
2026-10-09T06:05:56Z,10225381467,explore,trending-in-sports-and-racing,10,470
2026-10-09T06:05:56Z,1198533421,explore,trending-in-sports-and-racing,11,648
2026-10-09T06:05:56Z,9032167172,explore,trending-in-sports-and-racing,12,1667
2026-10-09T06:05:56Z,1719305066,explore,trending-in-sports-and-racing,13,424
2026-10-09T06:05:56Z,10271723279,explore,trending-in-sports-and-racing,14,654
2026-10-09T06:05:56Z,10155360168,explore,trending-in-sports-and-racing,15,27821
2026-10-09T06:05:56Z,6945584306,explore,trending-in-sports-and-racing,16,5617
2026-10-09T06:05:56Z,6325068386,explore,trending-in-sports-and-racing,17,8988
2026-10-09T06:05:56Z,4949420752,explore,trending-in-sports-and-racing,18,9129
2026-10-09T06:05:56Z,10601155553,explore,trending-in-sports-and-racing,19,2240
2026-10-09T06:05:56Z,7883776681,explore,trending-in-sports-and-racing,20,6032
2026-10-09T06:05:56Z,10764640833,explore,trending-in-sports-and-racing,21,2380
2026-10-09T06:05:56Z,4293374620,explore,trending-in-sports-and-racing,22,8241
2026-10-09T06:05:56Z,10370802481,explore,trending-in-sports-and-racing,23,737
2026-10-09T06:05:56Z,2153167977,explore,trending-in-sports-and-racing,24,876
2026-10-09T06:05:56Z,4931927012,explore,trending-in-sports-and-racing,25,2744
2026-10-09T06:05:56Z,5666473198,explore,trending-in-sports-and-racing,26,2004
2026-10-09T06:05:56Z,9908641400,explore,trending-in-sports-and-racing,27,2531
2026-10-09T06:05:56Z,8181391950,explore,trending-in-sports-and-racing,28,1058
2026-10-09T06:05:56Z,10254680421,explore,trending-in-sports-and-racing,29,3352
2026-10-09T06:05:56Z,10764300350,explore,trending-in-sports-and-racing,30,1181
2026-10-09T06:05:56Z,9534705677,explore,trending-in-shooter,1,18153
2026-10-09T06:05:56Z,7633926880,explore,trending-in-shooter,2,7055
2026-10-09T06:05:56Z,4342047058,explore,trending-in-shooter,3,7684
2026-10-09T06:05:56Z,113491250,explore,trending-in-shooter,4,1876
2026-10-09T06:05:56Z,6583326485,explore,trending-in-shooter,5,2989
2026-10-09T06:05:56Z,10766222230,explore,trending-in-shooter,6,341
2026-10-09T06:05:56Z,10767826343,explore,trending-in-shooter,7,2080
2026-10-09T06:05:56Z,4836254499,explore,trending-in-shooter,8,1061
2026-10-09T06:05:56Z,6035872082,explore,trending-in-shooter,9,101274
2026-10-09T06:05:56Z,4750561026,explore,trending-in-shooter,10,5157
2026-10-09T06:05:56Z,5995470825,explore,trending-in-shooter,11,17446
2026-10-09T06:05:56Z,111958650,explore,trending-in-shooter,12,2398
2026-10-09T06:05:56Z,9641502068,explore,trending-in-shooter,13,7992
2026-10-09T06:05:56Z,9294074907,explore,trending-in-shooter,14,13057
2026-10-09T06:05:56Z,10090256806,explore,trending-in-shooter,15,1999
2026-10-09T06:05:56Z,9561553764,explore,trending-in-shooter,16,8582
2026-10-09T06:05:56Z,3730079862,explore,trending-in-shooter,17,3237
2026-10-09T06:05:56Z,16680835,explore,trending-in-shooter,18,1596
2026-10-09T06:05:56Z,10057403337,explore,trending-in-shooter,19,7515
2026-10-09T06:05:56Z,1281592938,explore,trending-in-shooter,20,2384
2026-10-09T06:05:56Z,7264587281,explore,trending-in-shooter,21,2237
2026-10-09T06:05:56Z,7935634976,explore,trending-in-shooter,22,1538
2026-10-09T06:05:56Z,6190071862,explore,trending-in-shooter,23,1515
2026-10-09T06:05:56Z,10031505426,explore,trending-in-shooter,24,3685
2026-10-09T06:05:56Z,9210599831,explore,trending-in-shooter,25,641
2026-10-09T06:05:56Z,7265339759,explore,trending-in-shooter,26,682
2026-10-09T06:05:56Z,8795154789,explore,trending-in-shooter,27,1312
2026-10-09T06:05:56Z,5421899973,explore,trending-in-shooter,28,1238
2026-10-09T06:05:56Z,115797356,explore,trending-in-shooter,29,399
2026-10-09T06:05:56Z,3508322461,explore,trending-in-action,1,81646
2026-10-09T06:05:56Z,10764627709,explore,trending-in-action,2,60060
2026-10-09T06:05:56Z,4987856151,explore,trending-in-action,3,5081
2026-10-09T06:05:56Z,10230942274,explore,trending-in-action,4,6078
2026-10-09T06:05:56Z,10575295323,explore,trending-in-action,5,3932
2026-10-09T06:05:56Z,10732236937,explore,trending-in-action,6,7500
2026-10-09T06:05:56Z,3808081382,explore,trending-in-action,7,39709
2026-10-09T06:05:56Z,2619619496,explore,trending-in-action,8,21484
2026-10-09T06:05:56Z,4777817887,explore,trending-in-action,9,12672
2026-10-09T06:05:56Z,7219654364,explore,trending-in-action,10,20525
2026-10-09T06:05:56Z,10258991999,explore,trending-in-action,11,16259
2026-10-09T06:05:56Z,578392296,explore,trending-in-action,12,12135
2026-10-09T06:05:56Z,7585140258,explore,trending-in-action,13,8032
2026-10-09T06:05:56Z,245662005,explore,trending-in-action,14,4830
2026-10-09T06:05:56Z,4730278139,explore,trending-in-action,15,9805
2026-10-09T06:05:56Z,1054526971,explore,trending-in-action,16,3407
2026-10-09T06:05:56Z,9051406594,explore,trending-in-action,17,6973
2026-10-09T06:05:56Z,10399136326,explore,trending-in-action,18,10378
2026-10-09T06:05:56Z,9662130710,explore,trending-in-action,19,1877
2026-10-09T06:05:56Z,4568630521,explore,trending-in-action,20,3333
2026-10-09T06:05:56Z,10677698797,explore,trending-in-action,21,1563
2026-10-09T06:05:56Z,4348829796,explore,trending-in-action,22,5543
2026-10-09T06:05:56Z,73885730,explore,trending-in-action,23,4598
2026-10-09T06:05:56Z,2404080894,explore,trending-in-action,24,1816
2026-10-09T06:05:56Z,2380077519,explore,trending-in-action,25,5117
2026-10-09T06:05:56Z,358276974,explore,trending-in-action,26,2114
2026-10-09T06:05:56Z,7414497778,explore,trending-in-action,27,1267
2026-10-09T06:05:56Z,10635348596,explore,trending-in-action,28,2425
2026-10-09T06:05:56Z,2765784373,explore,trending-in-action,29,2638
2026-10-09T06:05:56Z,7398552394,explore,trending-in-adventure,1,5686
2026-10-09T06:05:56Z,10766349481,explore,trending-in-adventure,2,1724
2026-10-09T06:05:56Z,10514321384,explore,trending-in-adventure,3,407
2026-10-09T06:05:56Z,10604313373,explore,trending-in-adventure,4,2005
2026-10-09T06:05:56Z,10752833252,explore,trending-in-adventure,5,1516
2026-10-09T06:05:56Z,7488668004,explore,trending-in-adventure,6,7008
2026-10-09T06:05:56Z,5807622548,explore,trending-in-adventure,7,2463
2026-10-09T06:05:56Z,10550305160,explore,trending-in-adventure,8,109
2026-10-09T06:05:56Z,10335443723,explore,trending-in-adventure,9,468
2026-10-09T06:05:56Z,10751572992,explore,trending-in-adventure,10,434
2026-10-09T06:05:56Z,4462613685,explore,trending-in-adventure,11,2406
2026-10-09T06:05:56Z,9826885587,explore,trending-in-adventure,12,4413
2026-10-09T06:05:56Z,4807308814,explore,trending-in-adventure,13,1883
2026-10-09T06:05:56Z,5927446137,explore,trending-in-adventure,14,425
2026-10-09T06:05:56Z,5096440156,explore,trending-in-adventure,15,614
2026-10-09T06:05:56Z,8237105425,explore,trending-in-adventure,16,1144
2026-10-09T06:05:56Z,1318971886,explore,trending-in-adventure,17,1837
2026-10-09T06:05:56Z,10766057873,explore,trending-in-adventure,18,1001
2026-10-09T06:05:56Z,6413074235,explore,trending-in-adventure,19,724
2026-10-09T06:05:56Z,4221956550,explore,trending-in-adventure,20,765
2026-10-09T06:05:56Z,9522015993,explore,trending-in-adventure,21,926
2026-10-09T06:05:56Z,7018190066,explore,trending-in-adventure,22,10376
2026-10-09T06:05:56Z,10539411000,explore,trending-in-adventure,23,8592
2026-10-09T06:05:56Z,5650396773,explore,trending-in-adventure,24,8248
2026-10-09T06:05:56Z,9796898051,explore,trending-in-adventure,25,12128
2026-10-09T06:05:56Z,9885372266,explore,trending-in-adventure,26,2721
2026-10-09T06:05:56Z,972475338,explore,trending-in-adventure,27,2439
2026-10-09T06:05:56Z,3085257211,explore,trending-in-adventure,28,4008
2026-10-09T06:05:56Z,2643072291,explore,trending-in-adventure,29,660
2026-10-09T06:05:56Z,10764613327,explore,trending-in-entertainment,1,1908
2026-10-09T06:05:56Z,10010371086,explore,trending-in-entertainment,2,752
2026-10-09T06:05:56Z,10175155684,explore,trending-in-entertainment,3,951
2026-10-09T06:05:56Z,10561309674,explore,trending-in-entertainment,4,553
2026-10-09T06:05:56Z,1953956112,explore,trending-in-entertainment,5,223
2026-10-09T06:05:56Z,9845995128,explore,trending-in-entertainment,6,443
2026-10-09T06:05:56Z,10313654312,explore,trending-in-entertainment,7,867
2026-10-09T06:05:56Z,3349588628,explore,trending-in-entertainment,8,154
2026-10-09T06:05:56Z,7175500329,explore,trending-in-entertainment,9,103
2026-10-09T06:05:56Z,10148419081,explore,trending-in-entertainment,10,222
2026-10-09T06:05:56Z,6983536246,explore,trending-in-entertainment,11,458
2026-10-09T06:05:56Z,9800616505,explore,trending-in-entertainment,12,225
2026-10-09T06:05:56Z,9221949930,explore,trending-in-entertainment,13,353
2026-10-09T06:05:56Z,9943273705,explore,trending-in-entertainment,14,749
2026-10-09T06:05:56Z,10569930060,explore,trending-in-entertainment,15,244
2026-10-09T06:05:56Z,2938948258,explore,trending-in-entertainment,16,118
2026-10-09T06:05:56Z,10506354213,explore,trending-in-entertainment,17,114
2026-10-09T06:05:56Z,9671745030,explore,trending-in-entertainment,18,204
2026-10-09T06:05:56Z,6357377403,explore,trending-in-entertainment,19,114
2026-10-09T06:05:56Z,2227097851,explore,trending-in-entertainment,20,194
2026-10-09T06:05:56Z,8916086418,explore,trending-in-entertainment,21,100
2026-10-09T06:05:56Z,9372077571,explore,trending-in-entertainment,22,71
2026-10-09T06:05:56Z,7452857402,explore,trending-in-entertainment,23,142
2026-10-09T06:05:56Z,1784051919,explore,trending-in-entertainment,24,241
2026-10-09T06:05:56Z,4723764956,explore,trending-in-entertainment,25,6809
2026-10-09T06:05:56Z,4165164803,explore,trending-in-entertainment,26,2635
2026-10-09T06:05:56Z,5367389312,explore,trending-in-entertainment,27,1918
2026-10-09T06:05:56Z,10766456501,explore,trending-in-entertainment,28,190
2026-10-09T06:05:56Z,2157233282,explore,trending-in-obby-and-platformer,1,524
2026-10-09T06:05:56Z,7720654467,explore,trending-in-obby-and-platformer,2,2181
2026-10-09T06:05:56Z,1451869528,explore,trending-in-obby-and-platformer,3,1991
2026-10-09T06:05:56Z,8401518398,explore,trending-in-obby-and-platformer,4,2936
2026-10-09T06:05:56Z,10642548584,explore,trending-in-obby-and-platformer,5,642
2026-10-09T06:05:56Z,10764221401,explore,trending-in-obby-and-platformer,6,5524
2026-10-09T06:05:56Z,9830725726,explore,trending-in-obby-and-platformer,7,1487
2026-10-09T06:05:56Z,10167717554,explore,trending-in-obby-and-platformer,8,752
2026-10-09T06:05:56Z,9774451882,explore,trending-in-obby-and-platformer,9,1573
2026-10-09T06:05:56Z,10355262898,explore,trending-in-obby-and-platformer,10,323
2026-10-09T06:05:56Z,7877723741,explore,trending-in-obby-and-platformer,11,829
2026-10-09T06:05:56Z,8238863102,explore,trending-in-obby-and-platformer,12,1338
2026-10-09T06:05:56Z,703124385,explore,trending-in-obby-and-platformer,13,21344
2026-10-09T06:05:56Z,10762388019,explore,trending-in-obby-and-platformer,14,4766
2026-10-09T06:05:56Z,10415694629,explore,trending-in-obby-and-platformer,15,3742
2026-10-09T06:05:56Z,4850044287,explore,trending-in-obby-and-platformer,16,3912
2026-10-09T06:05:56Z,9592387369,explore,trending-in-obby-and-platformer,17,4005
2026-10-09T06:05:56Z,10460801145,explore,trending-in-obby-and-platformer,18,13245
2026-10-09T06:05:56Z,3310460039,explore,trending-in-obby-and-platformer,19,9893
2026-10-09T06:05:56Z,5385674359,explore,trending-in-obby-and-platformer,20,1239
2026-10-09T06:05:56Z,7948426536,explore,trending-in-obby-and-platformer,21,4131
2026-10-09T06:05:56Z,10236023188,explore,trending-in-obby-and-platformer,22,1537
2026-10-09T06:05:56Z,10223976219,explore,trending-in-obby-and-platformer,23,2925
2026-10-09T06:05:56Z,9957338123,explore,trending-in-obby-and-platformer,24,3073
2026-10-09T06:05:56Z,3264581003,explore,trending-in-obby-and-platformer,25,627
2026-10-09T06:05:56Z,10764412489,explore,trending-in-obby-and-platformer,26,2442
2026-10-09T06:05:56Z,9878210988,explore,trending-in-obby-and-platformer,27,139
2026-10-09T06:05:56Z,7364297396,explore,trending-in-obby-and-platformer,28,1063
2026-10-09T06:05:56Z,10124421343,explore,trending-in-obby-and-platformer,29,1446
2026-10-09T06:05:56Z,10685282333,explore,trending-in-party-and-casual,1,28769
2026-10-09T06:05:56Z,10766390665,explore,trending-in-party-and-casual,2,1266
2026-10-09T06:05:56Z,10765785152,explore,trending-in-party-and-casual,3,1397
2026-10-09T06:05:56Z,9825259729,explore,trending-in-party-and-casual,4,7649
2026-10-09T06:05:56Z,10597001332,explore,trending-in-party-and-casual,5,1359
2026-10-09T06:05:56Z,6049736902,explore,trending-in-party-and-casual,6,1373
2026-10-09T06:05:56Z,10630800860,explore,trending-in-party-and-casual,7,9218
2026-10-09T06:05:56Z,9119782663,explore,trending-in-party-and-casual,8,585
2026-10-09T06:05:56Z,10765748731,explore,trending-in-party-and-casual,9,1752
2026-10-09T06:05:56Z,7646154613,explore,trending-in-party-and-casual,10,1980
2026-10-09T06:05:56Z,10767094794,explore,trending-in-party-and-casual,11,350
2026-10-09T06:05:56Z,10766364164,explore,trending-in-party-and-casual,12,1325
2026-10-09T06:05:56Z,10765963762,explore,trending-in-party-and-casual,13,1164
2026-10-09T06:05:56Z,10486167794,explore,trending-in-party-and-casual,14,524
2026-10-09T06:05:56Z,10764989090,explore,trending-in-party-and-casual,15,1191
2026-10-09T06:05:56Z,7008097940,explore,trending-in-party-and-casual,16,8274
2026-10-09T06:05:56Z,4049246711,explore,trending-in-party-and-casual,17,8902
2026-10-09T06:05:56Z,2936053166,explore,trending-in-party-and-casual,18,8767
2026-10-09T06:05:56Z,10667006841,explore,trending-in-party-and-casual,19,1531
2026-10-09T06:05:56Z,10399125962,explore,trending-in-party-and-casual,20,2837
2026-10-09T06:05:56Z,10289201563,explore,trending-in-party-and-casual,21,2896
2026-10-09T06:05:56Z,10759594563,explore,trending-in-party-and-casual,22,1785
2026-10-09T06:05:56Z,110181652,explore,trending-in-party-and-casual,23,1604
2026-10-09T06:05:56Z,9449993534,explore,trending-in-party-and-casual,24,1468
2026-10-09T06:05:56Z,7589856475,explore,trending-in-party-and-casual,25,1054
2026-10-09T06:05:56Z,7592844193,explore,trending-in-party-and-casual,26,497
2026-10-09T06:05:56Z,10521797740,explore,trending-in-party-and-casual,27,2952
2026-10-09T06:05:56Z,10764533320,explore,trending-in-party-and-casual,28,2614
2026-10-09T06:05:56Z,10579389074,explore,trending-in-party-and-casual,29,1584
2026-10-09T06:05:56Z,9865931248,explore,trending-in-puzzle,1,1449
2026-10-09T06:05:56Z,8851542818,explore,trending-in-puzzle,2,4838
2026-10-09T06:05:56Z,10421901778,explore,trending-in-puzzle,3,5930
2026-10-09T06:05:56Z,4858558391,explore,trending-in-puzzle,4,736
2026-10-09T06:05:56Z,10426768719,explore,trending-in-puzzle,5,257
2026-10-09T06:05:56Z,8705454731,explore,trending-in-puzzle,6,433
2026-10-09T06:05:56Z,6113928308,explore,trending-in-puzzle,7,894
2026-10-09T06:05:56Z,10380743712,explore,trending-in-puzzle,8,955
2026-10-09T06:05:56Z,9520692022,explore,trending-in-puzzle,9,3025
2026-10-09T06:05:56Z,10756780270,explore,trending-in-puzzle,10,2616
2026-10-09T06:05:56Z,10302179427,explore,trending-in-puzzle,11,1442
2026-10-09T06:05:56Z,4170977322,explore,trending-in-puzzle,12,2700
2026-10-09T06:05:56Z,8080493298,explore,trending-in-puzzle,13,1380
2026-10-09T06:05:56Z,9843234816,explore,trending-in-puzzle,14,990
2026-10-09T06:05:56Z,10649457157,explore,trending-in-puzzle,15,199
2026-10-09T06:05:56Z,10458028403,explore,trending-in-puzzle,16,157
2026-10-09T06:05:56Z,10764385875,explore,trending-in-puzzle,17,292
2026-10-09T06:05:56Z,10163137378,explore,trending-in-puzzle,18,1535
2026-10-09T06:05:56Z,9857799026,explore,trending-in-puzzle,19,214
2026-10-09T06:05:56Z,10624691669,explore,trending-in-puzzle,20,7518
2026-10-09T06:05:56Z,10189903609,explore,trending-in-puzzle,21,4332
2026-10-09T06:05:56Z,3047037061,explore,trending-in-puzzle,22,1186
2026-10-09T06:05:56Z,10753487407,explore,trending-in-puzzle,23,1731
2026-10-09T06:05:56Z,10765764482,explore,trending-in-puzzle,24,1629
2026-10-09T06:05:56Z,9948575164,explore,trending-in-puzzle,25,1621
2026-10-09T06:05:56Z,7983308985,explore,trending-in-puzzle,26,442
2026-10-09T06:05:56Z,10628006421,explore,trending-in-puzzle,27,881
2026-10-09T06:05:56Z,10765718108,explore,trending-in-puzzle,28,264
2026-10-09T06:05:56Z,10699057921,explore,trending-in-puzzle,29,290
2026-10-09T06:05:56Z,383310974,explore,trending-in-roleplay-and-avatar-sim,1,140596
2026-10-09T06:05:56Z,10767922762,explore,trending-in-roleplay-and-avatar-sim,2,5066
2026-10-09T06:05:56Z,9855761734,explore,trending-in-roleplay-and-avatar-sim,3,7808
2026-10-09T06:05:56Z,10768023539,explore,trending-in-roleplay-and-avatar-sim,4,10417
2026-10-09T06:05:56Z,6521100398,explore,trending-in-roleplay-and-avatar-sim,5,15793
2026-10-09T06:05:56Z,547524060,explore,trending-in-roleplay-and-avatar-sim,6,3475
2026-10-09T06:05:56Z,2527789729,explore,trending-in-roleplay-and-avatar-sim,7,1949
2026-10-09T06:05:56Z,140733710,explore,trending-in-roleplay-and-avatar-sim,8,903
2026-10-09T06:05:56Z,10765927544,explore,trending-in-roleplay-and-avatar-sim,9,667
2026-10-09T06:05:56Z,1686885941,explore,trending-in-roleplay-and-avatar-sim,10,224381
2026-10-09T06:05:56Z,5203828273,explore,trending-in-roleplay-and-avatar-sim,11,29967
2026-10-09T06:05:56Z,88070565,explore,trending-in-roleplay-and-avatar-sim,12,16970
2026-10-09T06:05:56Z,1831550657,explore,trending-in-roleplay-and-avatar-sim,13,11711
2026-10-09T06:05:56Z,903807016,explore,trending-in-roleplay-and-avatar-sim,14,3398
2026-10-09T06:05:56Z,321778215,explore,trending-in-roleplay-and-avatar-sim,15,5136
2026-10-09T06:05:56Z,3240075297,explore,trending-in-roleplay-and-avatar-sim,16,16045
2026-10-09T06:05:56Z,371263894,explore,trending-in-roleplay-and-avatar-sim,17,3432
2026-10-09T06:05:56Z,47545,explore,trending-in-roleplay-and-avatar-sim,18,3930
2026-10-09T06:05:56Z,2992873140,explore,trending-in-roleplay-and-avatar-sim,19,2252
2026-10-09T06:05:56Z,6749060816,explore,trending-in-roleplay-and-avatar-sim,20,4188
2026-10-09T06:05:56Z,4839802560,explore,trending-in-roleplay-and-avatar-sim,21,14558
2026-10-09T06:05:56Z,10566677406,explore,trending-in-roleplay-and-avatar-sim,22,2963
2026-10-09T06:05:56Z,1278035280,explore,trending-in-roleplay-and-avatar-sim,23,3057
2026-10-09T06:05:56Z,7274244096,explore,trending-in-roleplay-and-avatar-sim,24,3791
2026-10-09T06:05:56Z,10222476236,explore,trending-in-roleplay-and-avatar-sim,25,6280
2026-10-09T06:05:56Z,6774320049,explore,trending-in-roleplay-and-avatar-sim,26,8192
2026-10-09T06:05:56Z,3308103880,explore,trending-in-roleplay-and-avatar-sim,27,4812
2026-10-09T06:05:56Z,1852226622,explore,trending-in-roleplay-and-avatar-sim,28,8164
2026-10-09T06:05:56Z,1742264997,explore,trending-in-roleplay-and-avatar-sim,29,999
2026-10-09T06:05:56Z,6280758286,explore,trending-in-roleplay-and-avatar-sim,30,833
2026-10-09T06:05:56Z,10589881655,explore,trending-in-shopping,1,1917
2026-10-09T06:05:56Z,9076692567,explore,trending-in-shopping,2,283
2026-10-09T06:05:56Z,2065706268,explore,trending-in-shopping,3,289
2026-10-09T06:05:56Z,9753458401,explore,trending-in-shopping,4,825
2026-10-09T06:05:56Z,10066618669,explore,trending-in-shopping,5,1035
2026-10-09T06:05:56Z,9098253051,explore,trending-in-shopping,6,352
2026-10-09T06:05:56Z,7000924848,explore,trending-in-shopping,7,408
2026-10-09T06:05:56Z,10764431809,explore,trending-in-shopping,8,37
2026-10-09T06:05:56Z,9459951439,explore,trending-in-shopping,9,194
2026-10-09T06:05:56Z,10205184118,explore,trending-in-shopping,10,166
2026-10-09T06:05:56Z,10751153610,explore,trending-in-shopping,11,35
2026-10-09T06:05:56Z,9796643263,explore,trending-in-shopping,12,838
2026-10-09T06:05:56Z,2652888345,explore,trending-in-shopping,13,2233
2026-10-09T06:05:56Z,10267638347,explore,trending-in-shopping,14,1781
2026-10-09T06:05:56Z,6091537736,explore,trending-in-shopping,15,54
2026-10-09T06:05:56Z,1651278324,explore,trending-in-shopping,16,88
2026-10-09T06:05:56Z,10480491636,explore,trending-in-shopping,17,14
2026-10-09T06:05:56Z,8005378926,explore,trending-in-shopping,18,492
2026-10-09T06:05:56Z,9848302960,explore,trending-in-shopping,19,83
2026-10-09T06:05:56Z,7710406091,explore,trending-in-shopping,20,12
2026-10-09T06:05:56Z,10764570523,explore,trending-in-shopping,21,36
2026-10-09T06:05:56Z,10677679844,explore,trending-in-shopping,22,8
2026-10-09T06:05:56Z,9209811415,explore,trending-in-shopping,23,355
2026-10-09T06:05:56Z,8232894618,explore,trending-in-shopping,24,16
2026-10-09T06:05:56Z,10743833188,explore,trending-in-shopping,25,17
2026-10-09T06:05:56Z,10204429578,explore,trending-in-shopping,26,39
2026-10-09T06:05:56Z,8975063538,explore,trending-in-shopping,27,80
2026-10-09T06:05:56Z,5339656333,explore,trending-in-shopping,28,28
2026-10-09T06:05:56Z,2711375305,explore,trending-in-shopping,29,44070
2026-10-09T06:05:56Z,7554119808,explore,trending-in-shopping,30,13442
2026-10-09T06:05:56Z,5750914919,explore,trending-in-simulation,1,55532
2026-10-09T06:05:56Z,10765288803,explore,trending-in-simulation,2,125557
2026-10-09T06:05:56Z,10767408330,explore,trending-in-simulation,3,13219
2026-10-09T06:05:56Z,10768565603,explore,trending-in-simulation,4,13854
2026-10-09T06:05:56Z,10767634248,explore,trending-in-simulation,5,16987
2026-10-09T06:05:56Z,10765298801,explore,trending-in-simulation,6,34897
2026-10-09T06:05:56Z,7265977477,explore,trending-in-simulation,7,3719
2026-10-09T06:05:56Z,10756011174,explore,trending-in-simulation,8,10052
2026-10-09T06:05:56Z,10765012427,explore,trending-in-simulation,9,11811
2026-10-09T06:05:56Z,10766056678,explore,trending-in-simulation,10,22421
2026-10-09T06:05:56Z,10282097014,explore,trending-in-simulation,11,12250
2026-10-09T06:05:56Z,10767240772,explore,trending-in-simulation,12,2633
2026-10-09T06:05:56Z,10436530264,explore,trending-in-simulation,13,23893
2026-10-09T06:05:56Z,10744310825,explore,trending-in-simulation,14,13361
2026-10-09T06:05:56Z,601130232,explore,trending-in-simulation,15,24595
2026-10-09T06:05:56Z,10765751583,explore,trending-in-simulation,16,2302
2026-10-09T06:05:56Z,10768176407,explore,trending-in-simulation,17,4236
2026-10-09T06:05:56Z,3317771874,explore,trending-in-simulation,18,45676
2026-10-09T06:05:56Z,10766687030,explore,trending-in-simulation,19,2572
2026-10-09T06:05:56Z,10212081143,explore,trending-in-simulation,20,643
2026-10-09T06:05:56Z,10767138232,explore,trending-in-simulation,21,3483
2026-10-09T06:05:56Z,10766142497,explore,trending-in-simulation,22,1913
2026-10-09T06:05:56Z,10667357873,explore,trending-in-simulation,23,6819
2026-10-09T06:05:56Z,1526814825,explore,trending-in-simulation,24,5350
2026-10-09T06:05:56Z,10766812776,explore,trending-in-simulation,25,2033
2026-10-09T06:05:56Z,7089588429,explore,trending-in-simulation,26,33715
2026-10-09T06:05:56Z,10767582899,explore,trending-in-simulation,27,4268
2026-10-09T06:05:56Z,10764897725,explore,trending-in-simulation,28,14151
2026-10-09T06:05:56Z,10766721625,explore,trending-in-simulation,29,13620
2026-10-09T06:05:56Z,10740316645,explore,trending-in-simulation,30,7520
2026-10-09T06:05:56Z,10765951887,explore,trending-in-simulation,31,1368
2026-10-09T06:05:56Z,10550257968,explore,trending-in-simulation,32,9454
2026-10-09T06:05:56Z,10765686447,explore,trending-in-simulation,33,12091
2026-10-09T06:05:56Z,10636331438,explore,trending-in-simulation,34,6874
2026-10-09T06:05:56Z,8813969120,explore,trending-in-simulation,35,4691
2026-10-09T06:05:56Z,10765067592,explore,trending-in-simulation,36,4273
2026-10-09T06:05:56Z,10700618962,explore,trending-in-simulation,37,7886
2026-10-09T06:05:56Z,10766240516,explore,trending-in-simulation,38,8573
2026-10-09T06:05:56Z,10563114921,explore,trending-in-simulation,39,1362492
2026-10-09T06:05:56Z,10035204815,explore,trending-in-simulation,40,83825
2026-10-09T06:05:56Z,9584852943,explore,trending-in-simulation,41,48001
2026-10-09T06:05:56Z,7709344486,explore,trending-in-simulation,42,76617
2026-10-09T06:05:56Z,10717002748,explore,trending-in-simulation,43,2510
2026-10-09T06:05:56Z,10684750879,explore,trending-in-simulation,44,37124
2026-10-09T06:05:56Z,10708913337,explore,trending-in-simulation,45,54493
2026-10-09T06:05:56Z,2668101271,explore,trending-in-simulation,46,25667
2026-10-09T06:05:56Z,10634461028,explore,trending-in-simulation,47,4812
2026-10-09T06:05:56Z,1202096104,explore,trending-in-simulation,48,17453
2026-10-09T06:05:56Z,10173311467,explore,trending-in-simulation,49,6573
2026-10-09T06:05:56Z,210851291,explore,trending-in-simulation,50,8915
2026-10-09T06:05:56Z,7395930870,explore,trending-in-simulation,51,8598
2026-10-09T06:05:56Z,5361032378,explore,trending-in-simulation,52,33128
2026-10-09T06:05:56Z,10764479526,explore,trending-in-simulation,53,3371
2026-10-09T06:05:56Z,9837612476,explore,trending-in-simulation,54,7171
2026-10-09T06:05:56Z,9872734936,explore,trending-in-simulation,55,3997
2026-10-09T06:05:56Z,10741654282,explore,trending-in-simulation,56,15434
2026-10-09T06:05:56Z,10430019389,explore,trending-in-simulation,57,4560
2026-10-09T06:05:56Z,2851381018,explore,trending-in-simulation,58,5958
2026-10-09T06:05:56Z,10261267004,explore,trending-in-simulation,59,10794
2026-10-09T06:05:56Z,7436755782,explore,trending-in-simulation,60,17553
2026-10-09T06:05:56Z,21164849,explore,trending-in-simulation,61,2972
2026-10-09T06:05:56Z,10753751277,explore,trending-in-simulation,62,10592
2026-10-09T06:05:56Z,2471084,explore,trending-in-simulation,63,4944
2026-10-09T06:05:56Z,8719555347,explore,trending-in-simulation,64,9575
2026-10-09T06:05:56Z,10726092409,explore,trending-in-simulation,65,1156
2026-10-09T06:05:56Z,10526853622,explore,trending-in-simulation,66,6514
2026-10-09T06:05:56Z,911750776,explore,trending-in-simulation,67,1449
2026-10-09T06:05:56Z,4983034985,explore,trending-in-strategy,1,6401
2026-10-09T06:05:56Z,5578556129,explore,trending-in-strategy,2,23583
2026-10-09T06:05:56Z,3541611379,explore,trending-in-strategy,3,3704
2026-10-09T06:05:56Z,10768172922,explore,trending-in-strategy,4,2975
2026-10-09T06:05:56Z,5580972377,explore,trending-in-strategy,5,2291
2026-10-09T06:05:56Z,10757247806,explore,trending-in-strategy,6,2017
2026-10-09T06:05:56Z,10246108265,explore,trending-in-strategy,7,2951
2026-10-09T06:05:56Z,10424107160,explore,trending-in-strategy,8,3422
2026-10-09T06:05:56Z,10116272705,explore,trending-in-strategy,9,7105
2026-10-09T06:05:56Z,10586204478,explore,trending-in-strategy,10,589
2026-10-09T06:05:56Z,10765834825,explore,trending-in-strategy,11,441
2026-10-09T06:05:56Z,1531130248,explore,trending-in-strategy,12,1666
2026-10-09T06:05:56Z,10737986845,explore,trending-in-strategy,13,6910
2026-10-09T06:05:56Z,10762636904,explore,trending-in-strategy,14,2646
2026-10-09T06:05:56Z,2283649692,explore,trending-in-strategy,15,554
2026-10-09T06:05:56Z,3913007563,explore,trending-in-strategy,16,1976
2026-10-09T06:05:56Z,10393438342,explore,trending-in-strategy,17,3352
2026-10-09T06:05:56Z,1176784616,explore,trending-in-strategy,18,8605
2026-10-09T06:05:56Z,10764297006,explore,trending-in-strategy,19,3703
2026-10-09T06:05:56Z,7685678300,explore,trending-in-strategy,20,1496
2026-10-09T06:05:56Z,9480281767,explore,trending-in-strategy,21,4058
2026-10-09T06:05:56Z,7613921865,explore,trending-in-strategy,22,6265
2026-10-09T06:05:56Z,10762798338,explore,trending-in-strategy,23,543
2026-10-09T06:05:56Z,10529769390,explore,trending-in-strategy,24,6923
2026-10-09T06:05:56Z,4778845442,explore,trending-in-strategy,25,3098
2026-10-09T06:05:56Z,3183403065,explore,trending-in-strategy,26,1836
2026-10-09T06:05:56Z,918677693,explore,trending-in-strategy,27,772
2026-10-09T06:05:56Z,2621511041,explore,trending-in-strategy,28,1928
2026-10-09T06:05:56Z,7703614594,explore,trending-in-strategy,29,4055
2026-10-09T06:05:56Z,3267012194,explore,trending-in-strategy,30,978
2026-10-09T06:05:56Z,7326934954,explore,trending-in-survival,1,166859
2026-10-09T06:05:56Z,2440500124,explore,trending-in-survival,2,24811
2026-10-09T06:05:56Z,5569032992,explore,trending-in-survival,3,95255
2026-10-09T06:05:56Z,3647333358,explore,trending-in-survival,4,32870
2026-10-09T06:05:56Z,10665420648,explore,trending-in-survival,5,6626
2026-10-09T06:05:56Z,10765582175,explore,trending-in-survival,6,9400
2026-10-09T06:05:56Z,10673920146,explore,trending-in-survival,7,9031
2026-10-09T06:05:56Z,10766506199,explore,trending-in-survival,8,12631
2026-10-09T06:05:56Z,10766395909,explore,trending-in-survival,9,3538
2026-10-09T06:05:56Z,10759518799,explore,trending-in-survival,10,3360
2026-10-09T06:05:56Z,10767825538,explore,trending-in-survival,11,25267
2026-10-09T06:05:56Z,6635513269,explore,trending-in-survival,12,2920
2026-10-09T06:05:56Z,10621093890,explore,trending-in-survival,13,532
2026-10-09T06:05:56Z,10247797619,explore,trending-in-survival,14,1384
2026-10-09T06:05:56Z,10766502612,explore,trending-in-survival,15,1943
2026-10-09T06:05:56Z,66654135,explore,trending-in-survival,16,103905
2026-10-09T06:05:56Z,6331902150,explore,trending-in-survival,17,37472
2026-10-09T06:05:56Z,6739698191,explore,trending-in-survival,18,56739
2026-10-09T06:05:56Z,10148749921,explore,trending-in-survival,19,24651
2026-10-09T06:05:56Z,10742937135,explore,trending-in-survival,20,2133
2026-10-09T06:05:56Z,1516533665,explore,trending-in-survival,21,7510
2026-10-09T06:05:56Z,10761687472,explore,trending-in-survival,22,2948
2026-10-09T06:05:56Z,372226183,explore,trending-in-survival,23,7629
2026-10-09T06:05:56Z,65241,explore,trending-in-survival,24,5714
2026-10-09T06:05:56Z,5039839070,explore,trending-in-survival,25,4018
2026-10-09T06:05:56Z,10578398333,explore,trending-in-survival,26,2402
2026-10-09T06:05:56Z,9167377564,explore,trending-in-survival,27,16300
2026-10-09T06:05:56Z,6324644175,explore,trending-in-survival,28,3219
2026-10-09T06:05:56Z,10759337137,explore,trending-in-survival,29,4664
2026-10-09T06:05:56Z,10031562156,explore,trending-in-survival,30,2706
2026-10-09T06:05:56Z,383310974,explore,more-when-you-subscribe,1,140596
2026-10-09T06:05:56Z,3317771874,explore,more-when-you-subscribe,2,45508
2026-10-09T06:05:56Z,6765805766,explore,more-when-you-subscribe,3,21732
2026-10-09T06:05:56Z,1176784616,explore,more-when-you-subscribe,4,8605
2026-10-09T06:05:56Z,3647333358,explore,more-when-you-subscribe,5,32920
2026-10-09T06:05:56Z,7094518649,explore,more-when-you-subscribe,6,6119
2026-10-09T06:05:56Z,4582358979,explore,more-when-you-subscribe,7,1552
2026-10-09T06:05:56Z,2380077519,explore,more-when-you-subscribe,8,5142
2026-10-09T06:05:56Z,3936365689,explore,more-when-you-subscribe,9,1520
2026-10-09T06:05:56Z,4793836769,explore,more-when-you-subscribe,10,2970
2026-10-09T06:05:56Z,4839802560,explore,more-when-you-subscribe,11,14518
2026-10-09T06:05:56Z,648454481,explore,more-when-you-subscribe,12,15519
2026-10-09T06:05:56Z,5995470825,explore,more-when-you-subscribe,13,17446
2026-10-09T06:05:56Z,88070565,explore,more-when-you-subscribe,14,16875
2026-10-09T06:05:56Z,321778215,explore,more-when-you-subscribe,15,5136
2026-10-09T06:05:56Z,184199275,explore,more-when-you-subscribe,16,7112
2026-10-09T06:05:56Z,10541331578,explore,more-when-you-subscribe,17,1173
2026-10-09T06:05:56Z,3170483284,explore,more-when-you-subscribe,18,211
2026-10-09T06:05:56Z,245662005,explore,more-when-you-subscribe,19,4830
2026-10-09T06:05:56Z,850110028,explore,more-when-you-subscribe,20,2253
2026-10-09T06:05:56Z,7474367816,explore,more-when-you-subscribe,21,4548
2026-10-09T06:05:56Z,3734304510,explore,more-when-you-subscribe,22,1204
2026-10-09T06:05:56Z,1001911915,explore,more-when-you-subscribe,23,727
2026-10-09T06:05:56Z,2139712082,explore,more-when-you-subscribe,24,454
2026-10-09T06:05:56Z,1852226622,explore,more-when-you-subscribe,25,8164
2026-10-09T06:05:56Z,4795326392,explore,more-when-you-subscribe,26,960
2026-10-09T06:05:56Z,1742264997,explore,more-when-you-subscribe,27,999
2026-10-09T06:05:56Z,7848204961,explore,more-when-you-subscribe,28,67
2026-10-09T06:05:56Z,3164075108,explore,more-when-you-subscribe,29,1948
2026-10-09T06:05:56Z,6996253752,explore,more-when-you-subscribe,30,323
2026-10-09T06:05:56Z,3262314006,explore,more-when-you-subscribe,31,610
2026-10-09T06:05:56Z,3317679266,explore,more-when-you-subscribe,32,2506
2026-10-09T06:05:56Z,8640389608,explore,more-when-you-subscribe,33,256
2026-10-09T06:05:56Z,5497606909,explore,more-when-you-subscribe,34,198
2026-10-09T06:05:56Z,7884563721,explore,more-when-you-subscribe,35,523
2026-10-09T06:05:56Z,605887098,explore,more-when-you-subscribe,36,1669
2026-10-09T06:05:56Z,833209132,explore,more-when-you-subscribe,37,441
2026-10-09T06:05:56Z,7428819247,explore,more-when-you-subscribe,38,350
2026-10-09T06:05:56Z,2491559356,explore,more-when-you-subscribe,39,733
2026-10-09T06:05:56Z,1180269832,explore,more-when-you-subscribe,40,423
2026-10-09T06:05:56Z,5897329101,explore,more-when-you-subscribe,41,43
2026-10-09T06:05:56Z,2239430935,explore,more-when-you-subscribe,42,621
2026-10-09T06:05:56Z,4518160318,explore,more-when-you-subscribe,43,2367
2026-10-09T06:05:56Z,6726637224,explore,more-when-you-subscribe,44,1680
2026-10-09T06:05:56Z,8316902627,explore,more-when-you-subscribe,45,2293
2026-10-09T06:05:56Z,1147304238,explore,more-when-you-subscribe,46,434
2026-10-09T06:05:56Z,848145103,explore,more-when-you-subscribe,47,134
2026-10-09T06:05:56Z,4154513353,explore,more-when-you-subscribe,48,891
2026-10-09T06:05:56Z,110181652,explore,more-when-you-subscribe,49,1604
2026-10-09T06:05:56Z,8974153311,explore,more-when-you-subscribe,50,104
2026-10-09T06:05:56Z,1527252839,explore,more-when-you-subscribe,51,257
2026-10-09T06:05:56Z,5812546130,explore,more-when-you-subscribe,52,361
2026-10-09T06:05:56Z,10648555380,explore,more-when-you-subscribe,53,229
2026-10-09T06:05:56Z,5049569843,explore,more-when-you-subscribe,54,446
2026-10-09T06:05:56Z,3204175584,explore,more-when-you-subscribe,55,2345
2026-10-09T06:05:56Z,2865535599,explore,more-when-you-subscribe,56,128
2026-10-09T06:05:56Z,3666294218,explore,more-when-you-subscribe,57,594
2026-10-09T06:05:56Z,274816972,explore,more-when-you-subscribe,58,1681
2026-10-09T06:05:56Z,5944821008,explore,more-when-you-subscribe,59,998
2026-10-09T06:05:56Z,2860485766,explore,more-when-you-subscribe,60,76
2026-10-09T06:05:56Z,5720553711,explore,more-when-you-subscribe,61,5620
2026-10-09T06:05:56Z,7229464493,explore,more-when-you-subscribe,62,156
2026-10-09T06:05:56Z,5827120940,explore,more-when-you-subscribe,63,421
2026-10-09T06:05:56Z,4263576532,explore,more-when-you-subscribe,64,729
2026-10-09T06:05:56Z,10231678265,explore,more-when-you-subscribe,65,156
2026-10-09T06:05:56Z,2711375305,explore,more-when-you-subscribe,66,44070
2026-10-09T06:05:56Z,5012222382,explore,more-when-you-subscribe,67,467
2026-10-09T06:05:56Z,5753515186,explore,more-when-you-subscribe,68,147
2026-10-09T06:05:56Z,5048990623,explore,more-when-you-subscribe,69,97
2026-10-09T06:05:56Z,5607392395,explore,more-when-you-subscribe,70,183
2026-10-09T06:05:56Z,10037019232,explore,more-when-you-subscribe,71,119
2026-10-09T06:05:56Z,7617886606,explore,more-when-you-subscribe,72,119
2026-10-09T06:05:56Z,2366560560,explore,more-when-you-subscribe,73,902
2026-10-09T06:05:56Z,2131410080,explore,more-when-you-subscribe,74,121
2026-10-09T06:05:56Z,4086773669,explore,more-when-you-subscribe,75,215
2026-10-09T06:05:56Z,7706951053,explore,more-when-you-subscribe,76,486
2026-10-09T06:05:56Z,5295169598,explore,more-when-you-subscribe,77,350
2026-10-09T06:05:56Z,3107874866,explore,more-when-you-subscribe,78,68
2026-10-09T06:05:56Z,5247232141,explore,more-when-you-subscribe,79,1158
2026-10-09T06:05:56Z,1325411718,explore,more-when-you-subscribe,80,1232
2026-10-09T06:05:56Z,5713659018,explore,more-when-you-subscribe,81,20
2026-10-09T06:05:56Z,6940206974,explore,more-when-you-subscribe,82,869
2026-10-09T06:05:56Z,6683166603,explore,more-when-you-subscribe,83,238
2026-10-09T06:05:56Z,9438247464,explore,more-when-you-subscribe,84,84
2026-10-09T06:05:56Z,204387960,explore,more-when-you-subscribe,85,56
2026-10-09T06:05:56Z,4293374620,explore,more-when-you-subscribe,86,8241
2026-10-09T06:05:56Z,7265977477,explore,more-when-you-subscribe,87,3719
2026-10-09T06:05:56Z,7002376067,explore,more-when-you-subscribe,88,118
2026-10-09T06:05:56Z,7429689898,explore,more-when-you-subscribe,89,787
2026-10-09T06:05:56Z,2138463428,explore,more-when-you-subscribe,90,149
2026-10-09T06:05:56Z,4777817887,explore,more-when-you-subscribe,91,12630
2026-10-09T06:05:56Z,5354625397,explore,learning-and-explore,1,140
2026-10-09T06:05:56Z,1093311378,explore,learning-and-explore,2,1
2026-10-09T06:05:56Z,1375027828,explore,learning-and-explore,3,47
2026-10-09T06:05:56Z,5518318131,explore,learning-and-explore,4,3
2026-10-09T06:05:56Z,9762578530,explore,learning-and-explore,5,28
2026-10-09T06:05:56Z,5091615162,explore,learning-and-explore,6,3
2026-10-09T06:05:56Z,3914607290,explore,learning-and-explore,7,4
2026-10-09T06:05:56Z,6906503978,explore,learning-and-explore,8,
2026-10-09T06:05:56Z,6794845242,explore,learning-and-explore,9,3
2026-10-09T06:05:56Z,97706693,explore,learning-and-explore,10,11
2026-10-09T06:05:56Z,2463274810,explore,learning-and-explore,11,6
2026-10-09T06:05:56Z,537069295,explore,learning-and-explore,12,1
2026-10-09T06:05:56Z,3951147015,explore,learning-and-explore,13,947
2026-10-09T06:05:56Z,6015491985,explore,learning-and-explore,14,2714
2026-10-09T06:05:56Z,3081555258,explore,learning-and-explore,15,35
2026-10-09T06:05:56Z,3801657309,explore,learning-and-explore,16,4
2026-10-09T06:05:56Z,4034530348,explore,learning-and-explore,17,42
2026-10-09T06:05:56Z,112845193,explore,learning-and-explore,18,
2026-10-09T06:05:56Z,969351457,explore,learning-and-explore,19,1
2026-10-09T06:05:56Z,2208244398,explore,learning-and-explore,20,8
2026-10-09T06:05:56Z,2137105308,explore,learning-and-explore,21,504
2026-10-09T06:05:56Z,10060481733,explore,learning-and-explore,22,14
2026-10-09T06:05:56Z,6657534906,explore,learning-and-explore,23,50
2026-10-09T06:05:56Z,953622098,explore,learning-and-explore,24,81
2026-10-09T06:05:56Z,6711224984,explore,learning-and-explore,25,3
2026-10-09T06:05:56Z,4380922749,explore,learning-and-explore,26,1
2026-10-09T06:05:56Z,210851291,explore,learning-and-explore,27,8915
2026-10-09T06:05:56Z,5042430067,explore,learning-and-explore,28,16
2026-10-09T06:05:56Z,79301772,explore,learning-and-explore,29,3855
2026-10-09T06:05:56Z,2025565382,explore,learning-and-explore,30,3
2026-10-09T06:05:56Z,455701239,explore,learning-and-explore,31,9
2026-10-09T06:05:56Z,2308115211,explore,learning-and-explore,32,1
2026-10-09T06:05:56Z,5174979552,explore,learning-and-explore,33,611
2026-10-09T06:05:56Z,3934229151,explore,learning-and-explore,34,26
2026-10-09T06:05:56Z,1217298587,explore,learning-and-explore,35,18
2026-10-09T06:05:56Z,6506790141,explore,learning-and-explore,36,
2026-10-09T06:05:56Z,2817076516,explore,learning-and-explore,37,5
2026-10-09T06:05:56Z,2283649692,explore,learning-and-explore,38,562
2026-10-09T06:05:56Z,2533027421,explore,learning-and-explore,39,1
2026-10-09T06:05:56Z,4145952225,explore,learning-and-explore,40,1
2026-10-09T06:05:56Z,2501141430,explore,learning-and-explore,41,12
2026-10-09T06:05:56Z,4055567612,explore,learning-and-explore,42,
2026-10-09T06:05:56Z,3929033413,explore,learning-and-explore,43,5
2026-10-09T06:05:56Z,3645313968,explore,learning-and-explore,44,35
2026-10-09T06:05:56Z,3616579578,explore,learning-and-explore,45,5
2026-10-09T06:05:56Z,5905501282,explore,learning-and-explore,46,130
2026-10-09T06:05:56Z,4408288935,explore,learning-and-explore,47,355
2026-10-09T06:05:56Z,21164849,explore,learning-and-explore,48,2953
2026-10-09T06:05:56Z,5988568657,explore,learning-and-explore,49,30
2026-10-09T06:05:56Z,9906165155,explore,learning-and-explore,50,2
2026-10-09T06:05:56Z,6252201542,explore,learning-and-explore,51,14
2026-10-09T06:05:56Z,7091388561,explore,learning-and-explore,52,299
2026-10-09T06:05:56Z,3536173216,explore,learning-and-explore,53,126
2026-10-09T06:05:56Z,6938969105,explore,learning-and-explore,54,22
2026-10-09T06:05:56Z,114070244,explore,learning-and-explore,55,290
2026-10-09T06:05:56Z,2251388500,explore,learning-and-explore,56,1312
2026-10-09T06:05:56Z,6409446943,explore,learning-and-explore,57,26
2026-10-09T06:05:56Z,3627275994,explore,learning-and-explore,58,41
